time_s,boundary_layer_height,boundary_layer_height_valid,friction_velocity,low_level_jet_height,low_level_jet_speed,low_level_jet_turning_from_geostrophic,low_level_jet_valid,obukhov_length,obukhov_length_valid,resolved_tke_vertical_integral,speed_maximum,stress_height_0_05,surface_bulk_richardson_maximum,surface_bulk_richardson_mean,surface_buoyancy_flux,surface_density,surface_drag_u_dynamic_flux,surface_drag_u_kinematic_flux,surface_drag_v_dynamic_flux,surface_drag_v_kinematic_flux,surface_neutral_fallback_fraction,surface_sensible_heat_flux,surface_stability_cap_fraction,surface_stability_parameter_maximum,surface_stability_parameter_mean,surface_temperature,surface_theta_dynamic_flux,surface_theta_kinematic_flux,theta_maximum,theta_minimum,u_absolute_maximum,v_absolute_maximum,w_absolute_maximum,w_variance_maximum
0.0,2,1,1.3857547,1,8,0,1,3745871.25,1,0,8,1.9,2.90785265e-05,1.17387692e-07,-1.77601339e-06,1.32231128,-2.53925562,-1.9203161,0,0,0.495200008,-0.0633953735,0,6.69616347e-05,1.69030372e-05,265,-6.30799768e-05,-4.77043322e-05,267.98999,264.950012,8,0,0,0
60.0,2.00721635,1,0.169236958,53,8.00001431,-4.08882457e-08,1,5512.44873,1,0.0155277392,8.41173267,1.90685553,0.000388140936,8.01186179e-05,-2.19827007e-06,1.32231128,-0.0378555208,-0.0286282972,-0.00113437255,-0.000857871026,0.0983999968,-0.0784679651,0,0.0008943461,0.000190729159,264.995833,-7.80775808e-05,-5.90462951e-05,267.990753,264.957642,8.41172791,0.035225831,0.0507179201,0.000175426991
120.0,2.04476215,1,0.0915745348,51,8.00003052,-2.69544216e-06,1,772.204468,1,0.061352618,8.69817257,1.94252404,0.00246621668,0.000634802447,-2.48617584e-06,1.32231128,-0.0110129062,-0.00832852814,-0.00129483209,-0.000979218865,0,-0.088744849,0,0.00570430188,0.00146365084,264.991667,-8.83033354e-05,-6.67795393e-05,267.990814,264.95932,8.69813538,0.147062808,0.152853668,0.00045753899
180.0,4.97156991,1,0.0656071007,53,8.00004101,-2.36326582e-06,1,236.154953,1,0.0824107975,9.14469242,4.72299142,0.373251349,0.00298176147,-2.98947907e-06,1.32231128,-0.00552330492,-0.00417700829,-0.00137388788,-0.00103900488,0,-0.106710427,4.99999987e-05,10,0.00756553188,264.9875,-0.000106179526,-8.02984359e-05,267.991211,264.966064,9.14463615,0.250811845,0.177188456,0.000710961816
240.0,12.0120592,1,0.258127183,51,8.00003624,-1.03809061e-05,1,3276.30444,1,5.82644653,11.8819065,11.4114563,4.06744337,0.00240517803,-1.31237211e-05,1.32231128,-0.087851584,-0.0664379001,-0.00667938543,-0.00505129574,7.50000036e-05,-0.468455523,0.000624999986,10,0.0118508069,264.983333,-0.000466124911,-0.00035250769,267.990967,264.973969,11.8623476,4.67341805,3.76036859,0.13954173
300.0,25.6754977,1,0.462440789,399,8.00002384,-3.12105399e-08,1,12563.5439,1,9.38152885,9.71579361,24.3917228,0.00476407213,4.96394168e-05,-1.96786914e-05,1.32231128,-0.282770187,-0.213845402,-0.00213473523,-0.00161439693,0.0019749999,-0.702437401,0,0.0110667776,0.000114404706,264.979167,-0.000698942691,-0.000528576493,267.990997,264.9758,9.71441269,2.89924216,2.41364503,0.244001999
360.0,34.0020474,1,0.435046047,399,8.00005722,-7.31374925e-08,1,9374.25488,1,11.0947628,9.07179451,32.301945,0.0124504967,7.05817874e-05,-2.19588164e-05,1.32231128,-0.250265092,-0.189263374,-0.00106073683,-0.000802183931,0.0019749999,-0.783827066,0,0.0293645877,0.000162744647,264.975,-0.000779927417,-0.000589821371,267.991333,264.971313,9.05785561,2.77746129,2.28414655,0.221667975
420.0,41.8404388,1,0.410328865,399,8.0000906,-1.5049946e-07,1,7291.40674,1,12.492919,9.86830425,39.7484169,0.0211406574,9.2527589e-05,-2.36878077e-05,1.32231128,-0.222621307,-0.168357715,-0.00266370201,-0.00201442884,0.00285000005,-0.845543981,0,0.0507928915,0.000213662483,264.970833,-0.000841337314,-0.000636262703,267.991333,264.966187,9.83356667,2.77181911,2.6430285,0.201592207
480.0,49.2504752,1,0.395211309,399,8.00012302,-2.62692879e-07,1,6037.61279,1,13.8009787,8.55852127,46.7879515,0.0264927298,0.000107986794,-2.55601171e-05,1.32231128,-0.206519142,-0.156180426,-0.00251359888,-0.00190091308,0.0019749999,-0.912376642,0,0.064426899,0.000249143835,264.966667,-0.000907837471,-0.00068655354,267.991547,264.960602,8.54843235,2.82599115,2.30140972,0.195562229
540.0,56.4464769,1,0.388992667,399,8.00015926,-4.10444613e-07,1,5238.92188,1,14.7703333,8.71735573,53.624153,0.0231340751,0.000122433063,-2.80880995e-05,1.32231128,-0.200041279,-0.151281536,-0.00422613788,-0.0031960234,0.00230000005,-1.0026139,0,0.0558300428,0.00028277206,264.9625,-0.000997625757,-0.000754456036,267.99176,264.953278,8.60500145,2.69306684,2.34008861,0.189192459
600.0,64.3287885,1,0.380477905,399,8.00019646,-5.96798657e-07,1,4557.31592,1,15.7949591,8.82282066,61.1123491,0.0744191632,0.000147445797,-3.02147619e-05,1.32231128,-0.191405267,-0.144750535,-0.00255602505,-0.00193299796,0.00344999996,-1.0785259,0,0.206273377,0.000342346466,264.958333,-0.00107316009,-0.000811578997,267.99176,264.949707,8.72451591,2.68742514,2.13783979,0.180763572
660.0,67.9759071,1,0.367105037,399,8.00023079,-8.1973019e-07,1,3922.39673,1,16.1684723,8.48754883,64.5771118,0.0283961222,0.000169360283,-3.15325815e-05,1.32231128,-0.178168699,-0.134740368,-0.00348257343,-0.00263370178,0.00359999994,-1.12556577,0,0.0693622008,0.000391440728,264.954167,-0.00111996592,-0.000846976007,267.991821,264.947083,8.45459652,2.65264416,2.34662676,0.179871216
720.0,71.4972243,1,0.360785097,399,8.0002737,-1.08433505e-06,1,3450.15625,1,16.9910126,8.51181984,67.9223631,1.05870521,0.000210911327,-3.40288316e-05,1.32231128,-0.172090456,-0.130143672,-0.0031799674,-0.00240485533,0.00319999992,-1.2146703,2.49999994e-05,10,0.000676557131,264.95,-0.00120862713,-0.000914026168,267.99176,264.942047,8.49767303,2.90560961,2.20175743,0.181210369
780.0,78.6037487,1,0.361993551,399,8.00030899,-1.38984353e-06,1,3175.6001,1,17.5668602,8.52090168,74.6735612,0.0566832125,0.000204624273,-3.73436415e-05,1.32231128,-0.173210546,-0.130990744,-0.00471770111,-0.00356776896,0.00329999998,-1.33299351,0,0.148987442,0.000473502005,264.945833,-0.00132636167,-0.00100306317,267.991943,264.935333,8.5187788,2.54542089,2.10013485,0.178510845
840.0,83.0975699,1,0.357162118,399,8.00034714,-1.73256933e-06,1,2894.48853,1,17.9620514,8.47005463,78.9426914,0.0541505329,0.000230424208,-3.9351773e-05,1.32231128,-0.168629691,-0.127526477,-0.00413372135,-0.00312613323,0.00414999994,-1.40467441,0,0.141319305,0.000534155057,264.941667,-0.00139768596,-0.00105700223,267.991943,264.928619,8.46168327,2.89464641,1.95532799,0.16358605
900.0,85.8922492,1,0.348641694,399,8.00039005,-2.11711699e-06,1,2578.07837,1,19.0739117,8.51348114,81.5976368,0.0456341393,0.000252215832,-4.10943176e-05,1.32231128,-0.160681501,-0.121515639,-0.00387861556,-0.00293320906,0.00455000019,-1.46687508,0,0.116367526,0.000583952875,264.9375,-0.00145957724,-0.00110380759,267.991974,264.924896,8.50323009,2.69003129,2.00350475,0.166925073
960.0,90.1081628,1,0.340924531,399,8.00043106,-2.5437937e-06,1,2344.40723,1,20.2217579,8.52644253,85.6027546,0.112382911,0.000283694535,-4.22553494e-05,1.32231128,-0.153612748,-0.116169885,-0.00492319558,-0.00372317433,0.00372499996,-1.50831854,0,0.356032878,0.000660680991,264.933333,-0.00150081445,-0.00113499328,267.991974,264.920593,8.51916027,2.95855951,2.12836456,0.166302785
1020.0,96.8468124,1,0.338169217,399,8.00047207,-3.01143677e-06,1,2173.03955,1,20.6690731,8.5653038,92.0044717,0.0610288009,0.000301228923,-4.44912475e-05,1.32231128,-0.151119247,-0.114284173,-0.0054480182,-0.00412007235,0.00435000006,-1.58812964,0,0.162426457,0.00069835555,264.929167,-0.00158022845,-0.00119505031,267.992249,264.909668,8.56473255,2.51375532,1.99878669,0.163780853
1080.0,101.504707,1,0.336751759,399,8.00051403,-3.52183747e-06,1,2050.0144,1,20.8250198,8.51732731,96.4294719,0.0438413732,0.000311731768,-4.65706944e-05,1.32231128,-0.149802446,-0.113288336,-0.00670465548,-0.00507040648,0.00417499989,-1.66235614,0,0.111270159,0.00072154362,264.925,-0.0016540857,-0.00125090498,267.99234,264.899139,8.5151329,3.08069468,1.9282124,0.151947588
1140.0,106.47579,1,0.333937168,399,8.0005579,-4.07783591e-06,1,1915.93921,1,21.7824707,8.4687109,101.152,0.0342245698,0.000325309025,-4.85906348e-05,1.32231128,-0.147334382,-0.111421861,-0.00599389523,-0.00453289272,0.00387499994,-1.73445845,0,0.0847743452,0.000752425229,264.920833,-0.00172582932,-0.00130516116,267.992371,264.90918,8.46283913,2.46758938,1.88468075,0.15509674
1200.0,112.932149,1,0.331689268,399,8.00060177,-4.68218968e-06,1,1813.53625,1,22.3393002,8.47682858,107.285541,0.20035398,0.000362208928,-5.03046431e-05,1.32231128,-0.145294711,-0.109879352,-0.00729543064,-0.00551718101,0.00374999992,-1.79564059,0,1.00108719,0.000857643725,264.916667,-0.00178670709,-0.00135120004,267.992401,264.901367,8.47548866,2.69188356,1.9253372,0.150697067
1260.0,112.556718,1,0.32365942,399,8.00064373,-5.33547336e-06,1,1665.78845,1,22.5114479,8.37861347,106.928882,0.0631075501,0.000387544831,-5.08844241e-05,1.32231128,-0.13833949,-0.104619458,-0.00705494313,-0.00533531187,0.00397500023,-1.81633627,0,0.168985769,0.000897962484,264.9125,-0.00180729979,-0.00136677327,267.992401,264.893616,8.36876488,2.62946582,2.07572985,0.146977276
1320.0,117.28117,1,0.322250366,399,8.00068378,-6.03626449e-06,1,1575.22034,1,23.3687801,8.40233326,111.417111,0.076470457,0.000416540861,-5.31103251e-05,1.32231128,-0.137170166,-0.103735156,-0.00632241648,-0.00478133745,0.00402500015,-1.89579034,0,0.213342786,0.000968114648,264.908333,-0.0018863586,-0.00142656174,267.992554,264.881378,8.40037727,2.60046577,1.87447274,0.152374849
1380.0,118.778649,1,0.322696626,399,8.00072479,-6.78334936e-06,1,1511.22375,1,25.0398483,8.63556099,112.839716,0.0566808358,0.000415920018,-5.55897204e-05,1.32231128,-0.137574598,-0.10404101,-0.00579034863,-0.00437896047,0.00417499989,-1.98429322,0,0.1489802,0.00096303341,264.904167,-0.00197442109,-0.0014931591,267.992523,264.888885,8.63438606,2.8918395,1.98358178,0.158339083
1440.0,120.842713,1,0.319352984,399,8.00076675,-7.57326325e-06,1,1436.31384,1,24.8952141,8.39362144,114.800577,0.104182802,0.000456820009,-5.66896269e-05,1.32231128,-0.134695977,-0.101864047,-0.00660218298,-0.00499291113,0.00442499993,-2.0235548,0,0.31987229,0.00106063439,264.9,-0.00201348728,-0.00152270298,267.992676,264.859558,8.39280701,3.10742569,1.8694762,0.154295474
1500.0,123.456851,1,0.31874153,399,8.00081062,-8.40374742e-06,1,1375.44421,1,24.2278175,8.61221027,117.284009,0.0567624569,0.000460963143,-5.88590192e-05,1.32231128,-0.1341791,-0.10147316,-0.00660850201,-0.00499769021,0.0047749998,-2.10099173,0,0.149229318,0.00106804306,264.895833,-0.00209053908,-0.00158097351,267.992676,264.873657,8.6093998,2.39161825,1.96786952,0.143577933
1560.0,121.641497,1,0.315515578,399,8.00085354,-9.27348719e-06,1,1302.24341,1,23.9627457,8.39888382,115.559422,0.0404896848,0.000482444331,-6.02990258e-05,1.32231128,-0.131401435,-0.0993725434,-0.00785795599,-0.00594259147,0.0036249999,-2.15239334,0,0.101877041,0.00111919304,264.891667,-0.00214168499,-0.00161965261,267.99292,264.860687,8.39484978,2.7696979,1.82133996,0.139528856
1620.0,123.860482,1,0.309268147,399,8.0008955,-1.01793657e-05,1,1212.87122,1,23.8306179,8.38931179,117.667458,0.0977507979,0.000525375362,-6.09720591e-05,1.32231128,-0.126265302,-0.0954883322,-0.00727722095,-0.00550341001,0.0046000001,-2.17641759,0,0.29312852,0.00122057041,264.8875,-0.00216558971,-0.00163773063,267.99292,264.862396,8.38809299,2.22696471,1.87637019,0.144575059
1680.0,124.498676,1,0.310272723,399,8.00093937,-1.11176569e-05,1,1168.66016,1,23.3926792,8.37834167,118.273742,0.0453176945,0.000536564505,-6.38972997e-05,1.32231128,-0.12698549,-0.0960329771,-0.00891160592,-0.00673941616,0.00425000023,-2.28083515,0,0.115463994,0.00124481763,264.883333,-0.0022694876,-0.00171630364,267.993103,264.858185,8.37824535,2.44077826,1.94698262,0.144879743
1740.0,127.379924,1,0.311658263,399,8.00098324,-1.20742197e-05,1,1133.18213,1,22.7315865,8.33502865,121.010928,0.268096805,0.000572437537,-6.67845816e-05,1.32231128,-0.128166169,-0.0969258696,-0.0083402805,-0.00630735047,0.00482500019,-2.3838973,0,2.57298732,0.00138247921,264.879167,-0.00237203715,-0.00179385685,267.993103,264.844849,8.32661629,2.22073364,1.707335,0.124904677
1800.0,130.351992,1,0.298044384,399,8.00102711,-1.30281205e-05,1,1035.41211,1,22.434248,8.32124043,123.834393,0.122667804,0.0006237817,-6.39248319e-05,1.32231128,-0.11713545,-0.0885838717,-0.00874598883,-0.00661416771,0.00520000001,-2.28181767,0,0.40505141,0.00145256368,264.875,-0.00227046525,-0.00171704299,267.993103,264.855835,8.31867123,2.29240108,2.0505271,0.123232298
1860.0,128.793736,1,0.302885771,399,8.00107098,-1.39589829e-05,1,1018.3219,1,22.9851189,8.37314129,122.354049,0.259442359,0.000627861999,-6.8216832e-05,1.32231128,-0.120989941,-0.0914988369,-0.0087864846,-0.00664479285,0.0047749998,-2.43502188,0,2.2229116,0.00149964809,264.870833,-0.00242290739,-0.00183232757,267.993103,264.842896,8.36905479,2.37270689,1.78985739,0.120298766
1920.0,127.512687,1,0.298250765,399,8.00111294,-1.48464469e-05,1,962.912109,1,23.3299942,8.28179932,121.137053,0.269319266,0.000672998256,-6.88807777e-05,1.32231128,-0.117273904,-0.0886885747,-0.0090717189,-0.0068605016,0.00620000018,-2.45872188,0,2.62947392,0.00163070834,264.866667,-0.00244648941,-0.00185016147,267.993103,264.833588,8.27723122,2.95467472,2.07776117,0.127796799
1980.0,127.119689,1,0.295080572,399,8.00115585,-1.56659717e-05,1,922.247803,1,23.5288982,8.36678982,120.763705,0.0850286186,0.000697742566,-6.96488933e-05,1.32231128,-0.11475189,-0.0867813006,-0.00940924138,-0.00711575383,0.00577499997,-2.48614001,0,0.243952453,0.00162987877,264.8625,-0.00247377111,-0.00187079329,267.9935,264.821564,8.36598301,2.63556027,1.7882545,0.123412892
2040.0,128.473193,1,0.294735163,399,8.00119877,-1.63854766e-05,1,889.014648,1,23.6724663,8.30195618,122.049533,0.168414757,0.000721376156,-7.19990712e-05,1.32231128,-0.114523754,-0.0866087675,-0.00888144039,-0.00671660341,0.0053249998,-2.57003069,0,0.691669345,0.00169073872,264.858333,-0.00255724438,-0.00193392008,267.9935,264.821075,8.30120754,2.52770567,1.75991488,0.119835936
2100.0,132.294613,1,0.29487282,399,8.00123978,-1.69933992e-05,1,863.845459,1,23.481308,8.2421217,125.679882,0.274920166,0.000782574702,-7.42007323e-05,1.32231128,-0.114669651,-0.0867191032,-0.00837300718,-0.0063320999,0.0048750001,-2.64861941,0,2.91596913,0.00189610117,264.854167,-0.00263544219,-0.00199305732,267.993561,264.819489,8.24133301,2.48656273,1.79524517,0.128152639
2160.0,136.474091,1,0.291278869,399,8.00128078,-1.75407149e-05,1,816.781372,1,23.3140564,8.2553854,129.650386,0.377115756,0.000794883177,-7.56416703e-05,1.32231128,-0.111823767,-0.0845668986,-0.00904962514,-0.00684379321,0.00469999993,-2.70005417,2.49999994e-05,10,0.00210897787,264.85,-0.00268662116,-0.00203176145,267.993744,264.819092,8.25537968,2.35630178,1.83682394,0.126721308
2220.0,137.36819,1,0.286256284,399,8.00131893,-1.81238247e-05,1,770.496277,1,22.9340725,8.36386299,130.49978,0.133919477,0.000821717549,-7.61087431e-05,1.32231128,-0.10801205,-0.0816842839,-0.00859772693,-0.00650204439,0.00517500006,-2.7167263,0,0.464048207,0.00191998424,264.845833,-0.00270321034,-0.00204430707,267.993866,264.804993,8.36372375,2.40299058,1.83204699,0.117957607
2280.0,135.055876,1,0.285102814,399,8.00135803,-1.8821067e-05,1,741.429871,1,22.5833073,8.2795639,128.303082,0.47274065,0.000890011608,-7.81401832e-05,1.32231128,-0.107045069,-0.080953002,-0.0096843522,-0.00732380664,0.00507500023,-2.78923941,2.49999994e-05,10,0.00234170374,264.841667,-0.00277536269,-0.00209887233,267.99411,264.776764,8.27874756,2.35436964,1.96899295,0.120080203
2340.0,139.315638,1,0.281778514,399,8.00139523,-1.9689156e-05,1,709.307739,1,22.3210945,8.2821579,132.349856,0.258214265,0.000906649278,-7.88549369e-05,1.32231128,-0.10455171,-0.0790673941,-0.00958741363,-0.00725049665,0.00567500014,-2.81475258,0,2.17933011,0.0021740899,264.8375,-0.00280074892,-0.00211807084,267.99411,264.795227,8.28095245,2.62241173,1.96270752,0.116396509
2400.0,138.925297,1,0.281443208,399,8.00143623,-2.07183566e-05,1,692.717285,1,22.0950298,8.24811745,131.979032,0.144590572,0.000920285529,-8.04556039e-05,1.32231128,-0.104333229,-0.0789021701,-0.00922927912,-0.00697965687,0.0048750001,-2.87188911,0,0.526067019,0.00214613997,264.833333,-0.00285760104,-0.00216106535,267.99411,264.790833,8.24629211,2.36407137,1.65917826,0.111933619
2460.0,140.971236,1,0.278754592,399,8.00147629,-2.17988363e-05,1,657.216858,1,22.1900063,8.24600601,133.922675,0.224898085,0.000954609131,-8.23943483e-05,1.32231128,-0.102260165,-0.0773344114,-0.0100110713,-0.00757088838,0.00617500022,-2.94109297,0,1.35526776,0.00225132587,264.829167,-0.0029264607,-0.00221314048,267.99411,264.788239,8.24590874,2.33329487,1.65418112,0.115412302
2520.0,139.68994,1,0.27926591,399,8.0015192,-2.28050831e-05,1,638.796326,1,21.8703346,8.29380894,132.705443,0.21200496,0.00100623607,-8.52376397e-05,1.32231128,-0.10247571,-0.0774974152,-0.0115659172,-0.0087467432,0.00765000004,-3.04258537,0,1.15224409,0.0023747657,264.825,-0.0030274482,-0.00228951243,267.994415,264.789429,8.29087448,2.43416429,1.63188648,0.112981737
2580.0,140.989296,1,0.278264076,399,8.00156212,-2.36445339e-05,1,622.738037,1,21.6251049,8.30137825,133.939831,0.189523652,0.00099063979,-8.64979957e-05,1.32231128,-0.101731382,-0.0769345164,-0.0115749361,-0.00875356421,0.0053249998,-3.08757424,0,0.881541491,0.00232201046,264.820833,-0.00307221315,-0.002323366,267.995422,264.784424,8.30031776,2.17851615,1.65553522,0.114482656
2640.0,146.065978,1,0.27850154,399,8.00160694,-2.43351951e-05,1,601.367065,1,21.6352501,8.3037014,138.762679,0.143018201,0.00105947338,-8.98014114e-05,1.32231128,-0.10196799,-0.077113457,-0.0110277785,-0.00833977479,0.0058749998,-3.20549059,0,0.516518354,0.00249629025,264.816667,-0.0031895428,-0.00241209683,267.996216,264.765045,8.30291557,2.36741877,1.82787323,0.114755675
2700.0,139.892877,1,0.276909262,399,8.00165272,-2.49862551e-05,1,582.516724,1,21.3807411,8.18196201,132.898233,0.16276893,0.00113449979,-9.1126356e-05,1.32231128,-0.100814462,-0.0762410983,-0.010817565,-0.00818080083,0.00537500018,-3.25278497,0,0.648472786,0.00267398753,264.8125,-0.00323660206,-0.00244768546,267.996979,264.75415,8.18143272,2.55379343,1.74865603,0.112391867
2760.0,138.092837,1,0.272938848,399,8.00170135,-2.57175016e-05,1,561.551514,1,20.8431778,8.27509975,131.188195,0.522569239,0.0011440072,-9.05203924e-05,1.32231128,-0.0977770016,-0.0739440098,-0.0119652804,-0.0090487618,0.00565000018,-3.23115492,2.49999994e-05,10,0.00289802789,264.808333,-0.00321507943,-0.00243140897,267.997528,264.767181,8.27366638,2.54415774,1.97623789,0.10652446
2820.0,143.409018,1,0.267069817,399,8.00174999,-2.66105762e-05,1,530.109558,1,20.3449039,8.21072388,136.238567,1.2646842,0.00125884532,-8.98356666e-05,1.32231128,-0.0935751647,-0.070766367,-0.0117946574,-0.00891972799,0.00557499984,-3.20671344,4.99999987e-05,10,0.00338981743,264.804167,-0.00319075957,-0.00241301698,267.997559,264.739075,8.20938301,2.33420849,1.65119386,0.10058035
2880.0,143.957039,1,0.264206618,399,8.00179958,-2.76440533e-05,1,509.096863,1,20.0863781,8.24850655,136.759187,0.17335625,0.00125241582,-9.05671404e-05,1.32231128,-0.0915946066,-0.0692685694,-0.01142269,-0.00863842759,0.00737500004,-3.23282361,0,0.731845975,0.00294197258,264.8,-0.00321673998,-0.00243266462,267.998474,264.751251,8.24849129,2.44587278,1.63370967,0.0988223627
2940.0,142.575081,1,0.266182899,399,8.00184536,-2.86425529e-05,1,499.453156,1,20.3023243,8.30239964,135.446327,0.447742254,0.00127164146,-9.44029744e-05,1.32231128,-0.0928103924,-0.0701880082,-0.012809216,-0.00968698971,0.00584999984,-3.36974525,2.49999994e-05,10,0.00322640105,264.795833,-0.00335298036,-0.00253569661,267.999573,264.758057,8.30052948,2.27385712,1.67852688,0.098966971
3000.0,145.915985,1,0.262733907,399,8.00189018,-2.95082082e-05,1,482.730103,1,20.3679848,8.2552309,138.620185,0.213344038,0.00132905494,-9.39256061e-05,1.32231128,-0.0904211774,-0.0683811605,-0.012477031,-0.00943577476,0.00567500014,-3.352705,0,1.17140019,0.00315066287,264.791667,-0.00333602494,-0.00252287416,268,264.749359,8.25294495,2.39791679,1.60638046,0.100993656
3060.0,151.093944,1,0.258951455,399,8.00193405,-3.03659854e-05,1,464.376984,1,20.8438492,8.26966381,143.539246,0.407641321,0.00140732073,-9.34812197e-05,1.32231128,-0.0878036544,-0.066401653,-0.0123555595,-0.00934391189,0.00609999988,-3.33684278,2.49999994e-05,10,0.00371404225,264.7875,-0.00332024158,-0.00251093786,268.00058,264.733765,8.26863575,2.50306606,1.47928929,0.101371206
3120.0,150.981882,1,0.261770934,399,8.00197983,-3.14921053e-05,1,459.351868,1,20.8000126,8.28836155,143.432788,0.403900892,0.00140448101,-9.76245065e-05,1.32231128,-0.089656502,-0.0678028688,-0.0131110903,-0.00991528295,0.00622500014,-3.48473859,4.99999987e-05,10,0.00384638133,264.783333,-0.00346740149,-0.00262222788,268.00058,264.735107,8.28734779,2.45429611,1.66842031,0.107233703
3180.0,152.303742,1,0.262949377,399,8.00202465,-3.29983923e-05,1,450.646118,1,20.4403706,8.30187798,144.688555,0.302153885,0.00141701929,-0.000100860423,1.32231128,-0.0904446021,-0.0683988705,-0.0133718336,-0.01011247,0.00639999984,-3.60024571,0,5.56363535,0.00345482631,264.779167,-0.00358233415,-0.00270914589,268.001312,264.734619,8.30120277,2.49455833,1.54668307,0.100038901
3240.0,151.933749,1,0.261603415,399,8.00206757,-3.47219466e-05,1,442.87738,1,19.9089031,8.32238197,144.337062,0.592960656,0.00141948578,-0.000101061742,1.32231128,-0.0894250944,-0.0676278695,-0.0138689177,-0.0104883909,0.00692499988,-3.60743189,4.99999987e-05,10,0.00376806804,264.775,-0.00358948437,-0.00271455315,268.00235,264.732819,8.31992245,2.60974598,1.79529548,0.0964771286
3300.0,147.985144,1,0.25847283,399,8.00211048,-3.64400876e-05,1,426.85675,1,19.3026714,8.22223091,140.585887,0.291577548,0.00148835033,-0.000101135243,1.32231128,-0.0872120932,-0.0659542829,-0.014079256,-0.0106474599,0.00557499984,-3.61005569,0,4.17106342,0.00358184008,264.770833,-0.0035920951,-0.00271652755,268.003113,264.72287,8.21870708,2.3373518,1.47750258,0.0958991945
3360.0,152.222224,1,0.253839821,399,8.00215435,-3.80534584e-05,1,406.981689,1,18.6218128,8.25271034,144.611113,0.178943977,0.00157640607,-0.000100471851,1.32231128,-0.0841167495,-0.0636134222,-0.0135597577,-0.010254588,0.00607499992,-3.58637547,0,0.7802127,0.0037159035,264.766667,-0.00356853288,-0.00269870856,268.003448,264.718048,8.25248528,2.24270678,1.57157993,0.0964477807
3420.0,151.01672,1,0.251930803,399,8.00219727,-3.96446885e-05,1,396.267792,1,18.2766075,8.20914555,143.465884,0.715770066,0.00164711499,-0.000100877667,1.32231128,-0.0826515183,-0.0625053421,-0.0145701794,-0.0110187214,0.00810000021,-3.60086131,2.49999994e-05,10,0.00412376178,264.7625,-0.00358294649,-0.00270960899,268.003448,264.707794,8.20834446,2.2550199,1.50917506,0.0920260325
3480.0,153.779858,1,0.251897842,399,8.00223923,-4.13311645e-05,1,386.388885,1,17.934454,8.19311714,146.090865,0.380379468,0.00166760979,-0.000103416241,1.32231128,-0.0826674923,-0.0625174195,-0.014351517,-0.0108533576,0.00702500017,-3.69147635,2.49999994e-05,10,0.0043005636,264.758333,-0.00367311086,-0.00277779601,268.003418,264.700714,8.19236946,2.55783343,1.54972661,0.0899145007
3540.0,150.395115,1,0.250650853,399,8.00228024,-4.31714652e-05,1,380.071991,1,17.6489487,8.2469368,142.875359,0.277438849,0.00168119429,-0.000103581369,1.32231128,-0.0818068534,-0.0618665628,-0.0144619886,-0.0109369019,0.00597500009,-3.69737101,0,3.06189084,0.00402428769,264.754167,-0.00367897609,-0.00278223143,268.003448,264.685913,8.24557495,2.54066992,1.4966433,0.087448068
3600.0,153.521841,1,0.249202907,399,8.0023222,-4.5172681e-05,1,371.112213,1,17.5849152,8.27185631,145.845749,0.414828897,0.00169802422,-0.000104254337,1.32231128,-0.080870688,-0.0611585863,-0.0142599363,-0.0107840998,0.00682500005,-3.72139263,2.49999994e-05,10,0.00421043485,264.75,-0.00370287825,-0.00280030747,268.003448,264.683167,8.27162933,2.30991149,1.74541068,0.0931681022
3660.0,151.792961,1,0.247929871,399,8.00236607,-4.72676766e-05,1,360.353973,1,17.1550236,8.19802761,144.203313,0.235919818,0.00172038248,-0.00010572977,1.32231128,-0.0799513981,-0.0604633726,-0.0146440137,-0.0110745588,0.00662499992,-3.77405858,0,1.56894243,0.00410304917,264.745833,-0.00375528214,-0.00283993804,268.003967,264.663208,8.19772911,2.5505712,1.47251701,0.0870632753
3720.0,153.712662,1,0.244033888,399,8.00240612,-4.93365842e-05,1,348.135803,1,17.1135998,8.17424011,146.027029,0.580473423,0.0019179302,-0.000104361847,1.32231128,-0.0773696974,-0.0585109554,-0.0146635054,-0.0110892989,0.00765000004,-3.72523022,7.50000036e-05,10,0.00529131247,264.741667,-0.00370669668,-0.00280319527,268.004852,264.672394,8.17377663,2.47013187,1.3873893,0.0861351788
3780.0,152.895657,1,0.244233489,399,8.00244999,-5.13080813e-05,1,342.242462,1,16.9745808,8.14451599,145.250874,0.377116352,0.00188676303,-0.000106419626,1.32231128,-0.0774906799,-0.0586024486,-0.0147172427,-0.0111299381,0.0064249998,-3.79868317,2.49999994e-05,10,0.00472786883,264.7375,-0.00377978431,-0.00285846787,268.005615,264.679413,8.14448166,2.36866403,1.39038599,0.0868873149
3840.0,153.525409,1,0.242223352,399,8.00249672,-5.32335544e-05,1,332.499329,1,16.9921722,8.20381069,145.849138,0.246330068,0.00184368785,-0.000106855594,1.32231128,-0.0760985017,-0.0575496107,-0.015103532,-0.0114220697,0.00672500022,-3.81424522,0,1.81737936,0.00435611792,264.733333,-0.00379526895,-0.00287017808,268.006836,264.662415,8.20341873,2.37618065,1.40250254,0.0838908628
3900.0,153.202436,1,0.241934553,399,8.0025425,-5.52905549e-05,1,327.725769,1,17.3483391,8.21294117,145.542315,0.418228656,0.00199757563,-0.000108024702,1.32231128,-0.075818792,-0.0573380813,-0.0155549226,-0.0117634349,0.00705000013,-3.85597706,2.49999994e-05,10,0.00506399712,264.729167,-0.00383679313,-0.00290158088,268.008148,264.650208,8.21279526,2.45350695,1.454041,0.0838450566
3960.0,155.715992,1,0.243120342,399,8.00258827,-5.77721366e-05,1,323.219055,1,17.769268,8.19684601,147.930193,0.693417549,0.00202277,-0.000111149355,1.32231128,-0.0765049309,-0.0578569733,-0.0159921683,-0.0120941028,0.00667499984,-3.96751237,0.000125000006,10,0.00606959546,264.725,-0.00394777348,-0.00298551004,268.009583,264.652557,8.19626045,2.54986525,1.46923041,0.0849497542
4020.0,154.115849,1,0.239750624,399,8.00263119,-6.08938572e-05,1,315.06073,1,17.9806118,8.16111565,146.410057,0.429390669,0.00203886,-0.000109351546,1.32231128,-0.0742560998,-0.0561562926,-0.0162199028,-0.0122663267,0.00829999987,-3.90333915,2.49999994e-05,10,0.00531246793,264.720833,-0.00388391945,-0.00293722027,268.010376,264.649841,8.16098213,2.45423698,1.50823236,0.0881190225
4080.0,155.98762,1,0.238310203,399,8.0026741,-6.44267566e-05,1,304.502533,1,17.9297085,8.20017529,148.188239,0.351154059,0.00213200971,-0.000111116096,1.32231128,-0.0733161494,-0.055445455,-0.0162544679,-0.0122924671,0.00862499978,-3.96632552,2.49999994e-05,10,0.00540550286,264.716667,-0.00394659257,-0.00298461691,268.010925,264.65448,8.20008278,2.4177413,1.4958781,0.087487042
4140.0,154.071451,1,0.241306305,399,8.00271988,-6.76571362e-05,1,304.291656,1,17.9429817,8.18115902,146.367878,0.567497492,0.00213202112,-0.000115439892,1.32231128,-0.0753090605,-0.0569525957,-0.0160314888,-0.012123839,0.00727500021,-4.1206646,9.99999975e-05,10,0.00597033929,264.7125,-0.00410016393,-0.00310075539,268.011322,264.641602,8.18061638,2.70271134,1.38458252,0.0869252905
4200.0,157.126394,1,0.242726609,399,8.00276375,-7.00061209e-05,1,301.816925,1,17.8835049,8.19739532,149.270074,0.493986696,0.00218832097,-0.000118453681,1.32231128,-0.0761236325,-0.0575686172,-0.0165671017,-0.0125288973,0.00689999992,-4.22824287,2.49999994e-05,10,0.00569028035,264.708333,-0.00420720689,-0.00318170688,268.011505,264.630707,8.19715691,2.43947554,1.40486979,0.0814034566
4260.0,157.97386,1,0.237752348,399,8.00280666,-7.15454953e-05,1,291.863434,1,18.3500786,8.18964481,150.075167,0.562342465,0.00217453623,-0.000115115763,1.32231128,-0.0731069446,-0.0552872419,-0.015563448,-0.0117698824,0.00882500038,-4.10909462,2.49999994e-05,10,0.00545080099,264.704167,-0.00408865139,-0.00309204916,268.011505,264.639954,8.18959999,2.4955225,1.45863771,0.08787781
4320.0,155.449458,1,0.24025102,399,8.00284386,-7.3026531e-05,1,290.431122,1,18.6209602,8.27852726,147.676985,0.86806041,0.0022873336,-0.000119369288,1.32231128,-0.0743999109,-0.0562650487,-0.0170319695,-0.0128804538,0.00879999995,-4.26092529,4.99999987e-05,10,0.0061699003,264.7,-0.00423972681,-0.00320630008,268.011505,264.59671,8.27760029,2.46662951,1.59521389,0.0878751129
4380.0,161.240523,1,0.241745174,399,8.0028801,-7.53846471e-05,1,290.995117,1,18.662138,8.21922016,153.178497,0.212525636,0.00227917032,-0.000121374578,1.32231128,-0.0755285323,-0.0571185723,-0.0163447354,-0.0123607321,0.00697499979,-4.33250523,0,1.15964472,0.00544860819,264.695833,-0.00431095064,-0.00326016336,268.011932,264.636108,8.21917343,2.68642712,1.4542346,0.0828839764
4440.0,159.356773,1,0.24083443,399,8.00291061,-7.88589969e-05,1,284.044861,1,18.3878498,8.1979599,151.388934,1.07923532,0.00239190971,-0.000122944417,1.32231128,-0.0747072026,-0.0564974397,-0.0173510797,-0.0131217819,0.00762500009,-4.38854122,9.99999975e-05,10,0.00662090397,264.691667,-0.00436670752,-0.00330232945,268.011932,264.620422,8.19551468,2.31050563,1.80687797,0.0792079493
4500.0,157.778397,1,0.237912223,399,8.00294685,-8.28303673e-05,1,274.133789,1,17.8941689,8.21197319,149.889477,0.312327981,0.00226632855,-0.000122808284,1.32231128,-0.0729955509,-0.0552030019,-0.0165389758,-0.0125076268,0.00842500012,-4.38368177,0,7.96293688,0.00556156039,264.6875,-0.00436187256,-0.00329867308,268.011932,264.608673,8.2118206,2.67637801,1.51183915,0.07918109
4560.0,160.164153,1,0.234774232,399,8.002985,-8.64269459e-05,1,266.150269,1,17.6343002,8.24417591,152.155945,0.592323124,0.00247363024,-0.000121552643,1.32231128,-0.0708898306,-0.0536105484,-0.0169341974,-0.0128065133,0.00639999984,-4.33886099,9.99999975e-05,10,0.00688982708,264.683333,-0.00431727478,-0.00326494593,268.013123,264.632568,8.24286079,3.0166626,1.45354342,0.0806020275
4620.0,162.075377,1,0.233455956,399,8.00302792,-8.92324897e-05,1,260.938507,1,17.5441647,8.16684723,153.971608,0.317180306,0.00246862601,-0.000121903642,1.32231128,-0.0700785369,-0.0529970042,-0.0168173388,-0.0127181392,0.00847500004,-4.35139036,0,9.91188431,0.0061611929,264.679167,-0.00432974147,-0.00327437394,268.014618,264.592499,8.16654778,2.65934443,1.47769451,0.0794326887
4680.0,165.721754,1,0.233256474,399,8.00306988,-9.15112396e-05,1,257.820496,1,17.2319775,8.24338913,157.435667,0.755519509,0.00247652596,-0.000123061924,1.32231128,-0.0697579011,-0.0527545214,-0.0176048335,-0.0133136827,0.00792500004,-4.392735,2.49999994e-05,10,0.00617042556,264.675,-0.00437088078,-0.00330548547,268.015533,264.586334,8.24337578,2.5612843,1.34126461,0.0776529238
4740.0,165.012419,1,0.229200512,399,8.00311089,-9.38796002e-05,1,248.559998,1,16.5588551,8.20131874,156.761798,0.826973915,0.00264735101,-0.000121103163,1.32231128,-0.0672553182,-0.0508619398,-0.0173805393,-0.01314406,0.00727500021,-4.32281685,0.000125000006,10,0.00748411845,264.670833,-0.00430131052,-0.00325287296,268.016205,264.589111,8.20097733,2.68891716,1.48074102,0.0742768794
4800.0,159.81095,1,0.229130954,399,8.00314808,-9.68515596e-05,1,246.721771,1,16.1977806,8.20145607,151.820403,0.93986094,0.00268702162,-0.000121894409,1.32231128,-0.0670712143,-0.0507227108,-0.0179153029,-0.0135484766,0.00822500046,-4.35106087,2.49999994e-05,10,0.00673569413,264.666667,-0.00432941364,-0.00327412598,268.016815,264.571655,8.19939995,2.61030674,1.43625104,0.0738684237
4860.0,161.405395,1,0.229311466,399,8.00318623,-0.000100464902,1,243.965302,1,16.240036,8.22100735,153.335126,0.4974159,0.00265807239,-0.000123563237,1.32231128,-0.0672560856,-0.0508625209,-0.0176445432,-0.0133437142,0.00730000017,-4.41063023,7.50000036e-05,10,0.00714662764,264.6625,-0.00438868674,-0.00331895123,268.016693,264.570587,8.22019291,2.52095795,1.3757441,0.0762526244
4920.0,166.552422,1,0.226434007,399,8.00322151,-0.00010429028,1,237.884476,1,16.0102692,8.14701557,158.224801,0.439587504,0.00279878196,-0.000122010963,1.32231128,-0.0653673038,-0.0494341254,-0.0179913063,-0.0136059541,0.00852499995,-4.35522127,7.50000036e-05,10,0.00753774354,264.658333,-0.00433355337,-0.00327725662,268.017944,264.541382,8.14652443,2.5333817,1.45201874,0.0703423247
4980.0,165.323182,1,0.224699795,399,8.0032568,-0.000107819782,1,232.658768,1,15.9738522,8.23721313,157.057023,0.449795365,0.00272457046,-0.000121906996,1.32231128,-0.0641884208,-0.0485425964,-0.018363297,-0.0138872722,0.00755000021,-4.35151005,4.99999987e-05,10,0.00698985578,264.654167,-0.00432986068,-0.00327446405,268.019989,264.56546,8.23719406,2.54699326,1.34236467,0.0745963007
5040.0,166.587086,1,0.225646809,399,8.00329113,-0.000110863024,1,232.01503,1,15.959342,8.15126038,158.257731,0.895215154,0.00279236864,-0.000123797377,1.32231128,-0.0646603331,-0.0488994792,-0.0187623594,-0.0141890636,0.0081249997,-4.41898823,9.99999975e-05,10,0.00758396089,264.65,-0.00439700298,-0.00332524045,268.021759,264.55838,8.15122318,2.37106609,1.65305614,0.0731871575
5100.0,165.351034,1,0.225844234,399,8.00332642,-0.000113525784,1,229.906357,1,15.8041296,8.15328026,157.083483,0.438989937,0.00279654702,-0.000125261038,1.32231128,-0.0648115352,-0.049013827,-0.0186636969,-0.0141144507,0.00807499979,-4.47123384,4.99999987e-05,10,0.00732526788,264.645833,-0.00444898894,-0.00336455484,268.022614,264.566498,8.15308952,2.63304186,1.54375875,0.0739927217
5160.0,167.506062,1,0.225330368,399,8.00336266,-0.000116013762,1,226.845123,1,15.9691172,8.15985107,159.130759,8.11899662,0.00311147352,-0.000126086845,1.32231128,-0.0644461364,-0.0487374924,-0.0188230183,-0.0142349377,0.00655000005,-4.50071049,9.99999975e-05,10,0.00829917844,264.641667,-0.00447831908,-0.00338673592,268.023499,264.570648,8.15953159,2.92606449,1.54209566,0.0749386847
5220.0,165.598809,1,0.224917531,399,8.0034008,-0.000118556454,1,222.282898,1,16.1068134,8.16264153,157.318869,1.98581409,0.00288124476,-0.000127968728,1.32231128,-0.064029783,-0.0484226234,-0.0193611085,-0.0146418689,0.00779999979,-4.5678854,7.50000036e-05,10,0.00754284905,264.6375,-0.00454515964,-0.00343728415,268.023743,264.551392,8.16252327,2.37438893,1.53525424,0.0726775602
5280.0,168.444086,1,0.225371927,399,8.00343895,-0.00012140497,1,220.630875,1,16.1855011,8.24777222,160.021882,2.3623414,0.00300968625,-0.000129709893,1.32231128,-0.0641551986,-0.0485174693,-0.0198757742,-0.0150310853,0.00752499979,-4.63003731,4.99999987e-05,10,0.00781282224,264.633333,-0.00460700225,-0.00348405284,268.023956,264.559235,8.24633312,2.67513084,1.63082051,0.0759014785
5340.0,166.534212,1,0.226498783,399,8.00347614,-0.000124729515,1,221.406891,1,16.2674541,8.20318794,158.207502,1.16075015,0.00298210443,-0.000131203822,1.32231128,-0.064628467,-0.0488753803,-0.0206153896,-0.0155904209,0.00762500009,-4.68336344,7.50000036e-05,10,0.00790070649,264.629167,-0.00466006296,-0.00352418004,268.024109,264.538269,8.20307064,2.78238845,1.46947145,0.080113329
5400.0,167.653807,1,0.224880546,399,8.00350952,-0.000128452331,1,217.530594,1,15.9583387,8.15666103,159.271117,0.276644409,0.0029018533,-0.000130699918,1.32231128,-0.0637841746,-0.0482368842,-0.0200823843,-0.0151873352,0.00870000012,-4.66537666,0,3.01458454,0.00703462213,264.625,-0.00464216573,-0.00351064513,268.02417,264.51535,8.15592003,2.49203634,1.3441484,0.0788613185
5460.0,167.788614,1,0.224138975,399,8.00354576,-0.00013221422,1,215.097427,1,15.4746771,8.18483639,159.399183,1.43472958,0.00314210565,-0.00013087508,1.32231128,-0.0632985979,-0.0478696637,-0.0201573148,-0.0152440015,0.00889999978,-4.67162848,0.000174999994,10,0.00906281732,264.620833,-0.0046483865,-0.0035153497,268.02417,264.544128,8.18414688,2.58936596,1.43533909,0.0739754587
5520.0,168.287145,1,0.219619662,399,8.00358295,-0.000135704846,1,207.131714,1,15.0723906,8.18268108,159.872788,3.33602834,0.00324768224,-0.000127851861,1.32231128,-0.0605665483,-0.0458035469,-0.0199856255,-0.0151141612,0.00892500021,-4.56371355,0.000125000006,10,0.00887552835,264.616667,-0.00454100873,-0.00343414512,268.02417,264.537964,8.18253899,2.77273583,1.52494526,0.0706043839
5580.0,165.413994,1,0.221867085,399,8.00362492,-0.000139060925,1,207.024063,1,14.7743073,8.20452881,157.143294,0.592495263,0.00319198333,-0.000131885725,1.32231128,-0.0618720837,-0.0467908606,-0.0202152319,-0.0152878007,0.00855000038,-4.70770407,7.50000036e-05,10,0.00848539546,264.6125,-0.00468428247,-0.00354249612,268.025299,264.504211,8.20399666,2.42440438,1.391698,0.0716798604
5640.0,166.308738,1,0.222091109,399,8.00366688,-0.000142864286,1,205.70517,1,14.4002333,8.16819286,157.993301,0.559357584,0.00322598149,-0.000133133799,1.32231128,-0.0618898869,-0.0468043238,-0.020581292,-0.0155646345,0.00782500021,-4.75225449,4.99999987e-05,10,0.00846157689,264.608333,-0.00472861156,-0.00357602001,268.026428,264.503357,8.16786766,2.84207821,1.3974545,0.0729051977
5700.0,166.230133,1,0.22194244,399,8.00370502,-0.000147642146,1,204.678345,1,14.2212772,8.16903114,157.918627,0.800750434,0.00323930895,-0.000133533176,1.32231128,-0.0616366267,-0.0466127954,-0.0210593194,-0.0159261432,0.0078499997,-4.76651049,7.50000036e-05,10,0.00866962411,264.604167,-0.00474279653,-0.00358674745,268.027771,264.514832,8.16876411,2.70781922,1.41431713,0.0703836903
5760.0,167.133887,1,0.217416793,399,8.00373745,-0.000153218862,1,196.565247,1,14.0611582,8.16605091,158.777192,0.741384208,0.00340299541,-0.000130711123,1.32231128,-0.058975026,-0.0445999578,-0.020710215,-0.0156621337,0.00817499962,-4.66577625,7.50000036e-05,10,0.00928498432,264.6,-0.00464256341,-0.00351094594,268.029327,264.449402,8.16551495,2.93476772,1.36360371,0.06502074
5820.0,166.047439,1,0.219680056,399,8.00376987,-0.000158741284,1,195.896927,1,14.2061234,8.15360928,157.745067,0.759662569,0.00327616534,-0.000135295792,1.32231128,-0.0602055117,-0.0455305129,-0.0211542957,-0.0159979705,0.00857499987,-4.82942724,0.000125000006,10,0.00912232324,264.595833,-0.00480540004,-0.00363409147,268.030518,264.500366,8.15318298,2.61343145,1.42028439,0.0710352436
5880.0,166.48392,1,0.218451217,399,8.00380135,-0.000163289602,1,193.395706,1,14.1872301,8.13789272,158.159724,1.17754304,0.00340594444,-0.000134758622,1.32231128,-0.0594097488,-0.0449287184,-0.0212681573,-0.0160840768,0.00927499961,-4.81025314,0.000150000007,10,0.00974049419,264.591667,-0.00478632143,-0.00361966318,268.031982,264.516663,8.13774776,2.65428638,1.4841336,0.0691392943
5940.0,167.661082,1,0.215958729,399,8.00383568,-0.000166513128,1,189.905533,1,13.9079227,8.12776852,159.278028,1.32225466,0.00352584221,-0.000132591187,1.32231128,-0.0579972044,-0.0438604765,-0.0209651012,-0.0158548914,0.00765000004,-4.73288536,0.000125000006,10,0.00977899414,264.5875,-0.00470933877,-0.00356144481,268.032532,264.462646,8.12712097,2.70136786,1.37537861,0.0690627918
6000.0,163.672877,1,0.216081351,399,8.00387096,-0.000168859973,1,187.262039,1,13.8520155,8.17110538,155.489233,0.551540494,0.0035197793,-0.000134692091,1.32231128,-0.0579699874,-0.0438398942,-0.021244714,-0.0160663482,0.00810000021,-4.80787849,0.000174999994,10,0.0101999808,264.583333,-0.00478395866,-0.00361787621,268.032776,264.48587,8.17106247,2.81480026,1.41929984,0.063824974
6060.0,163.314631,1,0.212123081,399,8.00390911,-0.000171154214,1,183.683044,1,13.7000589,8.14640903,155.148899,0.382362425,0.00356071698,-0.000129907625,1.32231128,-0.0557634756,-0.0421712175,-0.0207500421,-0.0156922527,0.0097500002,-4.63709545,7.50000036e-05,10,0.00958116725,264.579167,-0.00461402535,-0.00348936394,268.033203,264.429535,8.14613914,2.79601526,1.255,0.0646568015
6120.0,163.677976,1,0.216036439,399,8.00394726,-0.000174050816,1,187.193848,1,13.6650934,8.13924122,155.494077,1.1995784,0.00360029796,-0.000134657152,1.32231128,-0.0578276105,-0.0437322222,-0.0215558689,-0.0163016599,0.00795000046,-4.80663109,0.000174999994,10,0.0102904951,264.575,-0.00478271767,-0.0036169379,268.033936,264.464569,8.13917732,2.69356346,1.24014258,0.0657852143
6180.0,170.652771,1,0.21441555,399,8.00398636,-0.000177822818,1,181.979294,1,13.4872503,8.1426096,162.120132,1.66367328,0.00357271847,-0.000135421273,1.32231128,-0.0565729849,-0.0427834094,-0.022252243,-0.0168282948,0.00960000046,-4.83390665,9.99999975e-05,10,0.00958836079,264.570833,-0.00480985735,-0.00363746216,268.035217,264.446198,8.14218998,2.91593313,1.4415189,0.0697150528
6240.0,169.819519,1,0.213127926,399,8.00402069,-0.000182313815,1,180.495468,1,13.4981022,8.13251209,161.328543,1.11124074,0.00374015397,-0.000134089511,1.32231128,-0.0559273809,-0.0422951691,-0.0219046827,-0.0165654514,0.00889999978,-4.78636885,0.000150000007,10,0.0108000515,264.566667,-0.00476255594,-0.00360169052,268.035645,264.478973,8.13195419,2.78248811,1.28498423,0.0661551878
6300.0,169.698077,1,0.213432357,399,8.00405121,-0.000186941848,1,179.359131,1,13.6441422,8.14531136,161.213173,2.58590436,0.00369063183,-0.000135518101,1.32231128,-0.0558600649,-0.042244263,-0.0225387905,-0.0170449968,0.00824999996,-4.83736277,9.99999975e-05,10,0.0102877244,264.5625,-0.00481329625,-0.00364006287,268.035645,264.428925,8.14469814,2.94282889,1.19983912,0.0663232729
6360.0,168.382743,1,0.215216368,399,8.00408268,-0.000190979423,1,180.492462,1,13.8067884,8.13704395,159.963606,2.11287785,0.00363241346,-0.000138072399,1.32231128,-0.0570766218,-0.0431642868,-0.0222136267,-0.0167990904,0.00844999962,-4.9285388,7.50000036e-05,10,0.00953306258,264.558333,-0.00490401872,-0.00370867201,268.035645,264.454285,8.13679123,2.68233109,1.64786386,0.0664384514
6420.0,166.78233,1,0.213815764,399,8.00411415,-0.000194125911,1,177.258896,1,13.863657,8.12666988,158.443214,0.485103965,0.00365261617,-0.000137864088,1.32231128,-0.0560591556,-0.0423948243,-0.0226242524,-0.0171096269,0.00954999961,-4.92110348,7.50000036e-05,10,0.0095952861,264.554167,-0.00489662029,-0.00370307686,268.035889,264.461151,8.12633514,2.86951065,1.41535962,0.0659878924
6480.0,169.277246,1,0.213048086,399,8.00414658,-0.000196857713,1,175.520248,1,13.6856461,8.15405369,160.813384,1.42231083,0.00365384179,-0.000137735435,1.32231128,-0.0554462224,-0.0419312939,-0.0229782574,-0.017377343,0.00967499986,-4.91651154,0.000174999994,10,0.0102798427,264.55,-0.00489205122,-0.00369962142,268.036652,264.42688,8.15320873,2.75907826,1.50069582,0.0674394593
6540.0,169.027337,1,0.215339378,399,8.00417995,-0.000200053109,1,177.470764,1,13.8109436,8.16629887,160.57597,1.90393138,0.00376410643,-0.000140664182,1.32231128,-0.0564494245,-0.0426899679,-0.0239422545,-0.0181063674,0.00844999962,-5.02105379,0.000224999996,10,0.0114538781,264.545833,-0.00499607343,-0.00377828837,268.036835,264.414215,8.16620159,2.70267153,1.41990733,0.0685956851
6600.0,170.338207,1,0.215732291,399,8.00420952,-0.000204147378,1,177.381332,1,13.7588015,8.12059689,161.821297,1.020244,0.00366452825,-0.000141506884,1.32231128,-0.0567813404,-0.042940978,-0.0237310901,-0.0179466736,0.0105999997,-5.05113411,9.99999975e-05,10,0.0100159859,264.541667,-0.00502600428,-0.0038009237,268.037933,264.437469,8.12044334,2.74138069,1.51736212,0.0721582994
6660.0,169.675741,1,0.216776893,399,8.00423908,-0.000208806479,1,176.324081,1,13.6005774,8.18647766,161.191954,0.754370987,0.00371894729,-0.000144433288,1.32231128,-0.0571503676,-0.0432200544,-0.024392819,-0.0184471086,0.00910000037,-5.15559387,0.000125000006,10,0.0105159823,264.5375,-0.00512994407,-0.00387952826,268.039612,264.432922,8.1857481,3.01215005,1.53830314,0.0731106624
6720.0,172.896017,1,0.21560894,399,8.00426674,-0.000213564563,1,174.59758,1,13.4394388,8.175457,164.251216,0.826509058,0.00381848402,-0.000143516576,1.32231128,-0.0565833747,-0.042791266,-0.0240198467,-0.0181650463,0.00949999969,-5.12287092,0.000150000007,10,0.0107695293,264.533333,-0.0050973841,-0.00385490479,268.041718,264.441559,8.17502022,2.88362622,1.46833169,0.0675634369
6780.0,173.183803,1,0.211951196,399,8.00429821,-0.000218625282,1,169.39299,1,13.2867451,8.17138577,164.524612,0.459215224,0.00378570566,-0.000140524557,1.32231128,-0.0544112734,-0.0411486104,-0.02383448,-0.0180248637,0.00862499978,-5.01606989,0.000150000007,10,0.0107772853,264.529167,-0.00499111414,-0.00377453794,268.043701,264.434326,8.1705265,2.77110958,1.32642603,0.0614471808
6840.0,172.841108,1,0.21379748,399,8.00432777,-0.000224508141,1,169.483917,1,13.2890835,8.15384674,164.199052,0.76067394,0.00368856243,-0.000144151549,1.32231128,-0.0553640984,-0.0418691859,-0.0242498126,-0.0183389597,0.00907499995,-5.14553642,7.50000036e-05,10,0.00967021845,264.525,-0.00511993654,-0.0038719601,268.0448,264.422882,8.15353107,2.72487068,1.30349016,0.06463743
6900.0,175.098119,1,0.216655046,399,8.00435352,-0.000231159676,1,171.513916,1,13.2977762,8.15921307,166.343213,1.41674519,0.00373295811,-0.000148233739,1.32231128,-0.0567256398,-0.0428988561,-0.025193274,-0.0190524533,0.00795000046,-5.29125166,4.99999987e-05,10,0.00951640029,264.520833,-0.00526492717,-0.00398160936,268.045868,264.410461,8.1590538,2.8694458,1.60075295,0.0680474266
6960.0,178.168842,1,0.212842658,399,8.00438213,-0.000237700922,1,167.534439,1,13.2826166,8.25776958,169.2604,1.18072283,0.00398254255,-0.000143883808,1.32231128,-0.0545727462,-0.0412707254,-0.0247027613,-0.018681502,0.0105250003,-5.13597918,0.000174999994,10,0.0114228977,264.516667,-0.00511042727,-0.00386476866,268.046875,264.430756,8.25752258,2.94267368,1.29869068,0.0660919771
7020.0,177.445023,1,0.215688735,399,8.00440979,-0.000243330913,1,168.413544,1,13.2735443,8.23818016,168.572772,0.615432322,0.00375009771,-0.000148951673,1.32231128,-0.0560861528,-0.0424152426,-0.0252699647,-0.0191104505,0.00980000012,-5.31687832,7.50000036e-05,10,0.0099374447,264.5125,-0.00529042631,-0.00400089333,268.04715,264.390839,8.23669815,2.77659082,1.52034593,0.0667181611
7080.0,171.417699,1,0.212801307,399,8.00444221,-0.000248164317,1,164.68544,1,13.3033333,8.20638943,162.846814,0.566601038,0.00402882462,-0.000146287653,1.32231128,-0.0545319654,-0.0412398838,-0.0247363672,-0.0187069159,0.00855000038,-5.22178555,0.000125000006,10,0.0113064526,264.508333,-0.00519580673,-0.00392933702,268.047119,264.392212,8.20537949,2.80031633,1.38761711,0.0655383691
7140.0,170.368155,1,0.210979059,399,8.00447273,-0.000252865575,1,161.844009,1,13.1722126,8.12198162,161.849748,1.0232985,0.00414129999,-0.000145064594,1.32231128,-0.0535777099,-0.040518228,-0.0243680757,-0.0184283964,0.00834999979,-5.17812824,0.000174999994,10,0.0117139304,264.504167,-0.00515236659,-0.00389648532,268.04715,264.391724,8.12180042,2.85144758,1.24819922,0.066921927
7200.0,171.298308,1,0.211710453,399,8.0045023,-0.000257641484,1,160.7267,1,13.0282478,8.18304253,162.733392,0.587508559,0.0039635268,-0.000147597457,1.32231128,-0.0538119934,-0.0406954065,-0.0248381384,-0.0187838823,0.0110250004,-5.26853943,9.99999975e-05,10,0.0106211202,264.5,-0.00524232769,-0.00396451866,268.047119,264.335266,8.18292522,2.742033,1.38164616,0.0656564981
7260.0,171.114262,1,0.214610815,399,8.00453091,-0.000262114394,1,163.993729,1,12.9534626,8.12806129,162.558549,1.03588593,0.00404538913,-0.000150684151,1.32231128,-0.0550923757,-0.0416636951,-0.0259610359,-0.0196330752,0.0113500003,-5.37871981,0.000250000012,10,0.0121657327,264.495833,-0.00535196019,-0.00404742826,268.047363,264.367676,8.12787533,2.86115503,1.21726179,0.062225014
7320.0,171.766537,1,0.210751235,399,8.00455856,-0.00026606099,1,158.017715,1,12.8697996,8.17332935,163.17821,1.02116954,0.00407530833,-0.000148096442,1.32231128,-0.0531580076,-0.0402008258,-0.0249732155,-0.0188860334,0.00882500038,-5.2863512,0.000174999994,10,0.0115946019,264.491667,-0.00526005076,-0.00397792179,268.047729,264.378693,8.17293072,2.89585423,1.64796305,0.0616448596
7380.0,171.57602,1,0.212901846,399,8.00458813,-0.000269726297,1,160.545227,1,12.9689465,8.1231575,162.997219,1.13145959,0.00421535829,-0.000150272972,1.32231128,-0.0541719235,-0.0409676023,-0.0256477352,-0.0193961412,0.00850000046,-5.36404228,0.000274999999,10,0.012896603,264.4875,-0.00533735566,-0.0040363837,268.047729,264.383484,8.12264347,3.12471414,1.52398968,0.0609583668
7440.0,174.992284,1,0.211183399,399,8.00461769,-0.000273351936,1,158.675385,1,13.2848806,8.14668751,166.24267,0.930384398,0.00404690392,-0.000148391759,1.32231128,-0.053174641,-0.0402134061,-0.0255004559,-0.0192847606,0.00980000012,-5.29689264,9.99999975e-05,10,0.0108064404,264.483333,-0.00527053978,-0.00398585387,268.048157,264.367584,8.14553833,3.2921288,1.25367975,0.0635272339
7500.0,175.502759,1,0.210517764,399,8.00464725,-0.000276927662,1,157.564362,1,13.3357172,8.1244812,166.727621,1.24456966,0.00425313786,-0.000148029489,1.32231128,-0.052747637,-0.039890483,-0.0255315918,-0.0193083063,0.010125,-5.28396082,0.000300000014,10,0.0131725157,264.479167,-0.00525767263,-0.00397612341,268.049011,264.374847,8.12126732,3.25764418,1.3740263,0.0633798763
7560.0,174.203882,1,0.20931153,399,8.00467587,-0.00028063223,1,154.331924,1,13.4353037,8.11761761,165.493688,0.697479546,0.00426621037,-0.00014854694,1.32231128,-0.0520888492,-0.0393922739,-0.0253553018,-0.0191749875,0.0109000001,-5.30243111,9.99999975e-05,10,0.0119327512,264.475,-0.00527605088,-0.003990022,268.050995,264.353729,8.1175375,3.01360273,1.22642887,0.0659018904
7620.0,174.791836,1,0.212510899,399,8.00470448,-0.000284765119,1,157.559906,1,13.3699989,8.17485142,166.052244,1.8998183,0.00411896454,-0.00015227824,1.32231128,-0.053476844,-0.0404419489,-0.0265766084,-0.0200986024,0.00879999995,-5.43562126,0.000174999994,10,0.0115915285,264.470833,-0.00540857855,-0.00409024628,268.051758,264.350494,8.17426872,2.96209955,1.48408949,0.067704767
7680.0,175.066434,1,0.211818621,399,8.00473213,-0.000289419142,1,155.288879,1,13.232028,8.13151169,166.313112,24.7455082,0.00484059425,-0.000153000219,1.32231128,-0.0531171523,-0.0401699319,-0.0264275689,-0.01998589,0.0100499997,-5.46139288,0.000274999999,10,0.0127842482,264.466667,-0.00543422159,-0.00410963874,268.052155,264.274139,8.13124657,2.94539213,1.29418063,0.0616128296
7740.0,174.658749,1,0.210343048,399,8.00475883,-0.000294412195,1,153.787933,1,13.1834908,8.1062746,165.925811,1.22674453,0.00421093544,-0.000151287197,1.32231128,-0.0522051156,-0.0394802019,-0.0264085941,-0.0199715402,0.00897500012,-5.40024567,0.000125000006,10,0.0112698935,264.4625,-0.00537337875,-0.00406362629,268.052155,264.353577,8.10611534,3.20925879,1.26829648,0.0646168664
7800.0,173.996471,1,0.211090535,399,8.00478554,-0.000299624488,1,153.90744,1,12.9857578,8.1353569,165.296648,2.05407405,0.00423412491,-0.000152787092,1.32231128,-0.0524506941,-0.0396659188,-0.0268444978,-0.020301193,0.00915000029,-5.45378494,0.000150000007,10,0.0116635337,264.458333,-0.0054266518,-0.0041039139,268.052185,264.341431,8.13382721,3.00752735,1.42628336,0.0626988262
7860.0,173.905441,1,0.210045204,399,8.00481129,-0.000304884481,1,154.015778,1,13.0867481,8.11501503,165.210169,4.01027679,0.00455398438,-0.000150422609,1.32231128,-0.0518650524,-0.0392230265,-0.026710663,-0.0201999806,0.0104,-5.36938429,0.000300000014,10,0.0135816252,264.454167,-0.00534267072,-0.00404040329,268.052155,264.303223,8.11480045,3.09347153,1.22253466,0.0623679869
7920.0,172.348179,1,0.212916806,399,8.00483418,-0.000309947529,1,153.646317,1,13.2294636,8.13575745,163.73077,1.59360182,0.00434078509,-0.000157053524,1.32231128,-0.0532153323,-0.0402441807,-0.0275960453,-0.0208695531,0.00999999978,-5.60607624,0.000150000007,10,0.0121509358,264.45,-0.00557818543,-0.00421851175,268.052185,264.259949,8.13473892,2.97061634,1.58832324,0.0682310462
7980.0,173.430691,1,0.213955,399,8.00485516,-0.000314763543,1,154.812363,1,13.2394133,8.14293575,164.759157,2.1677146,0.00426304899,-0.000158161842,1.32231128,-0.0536445975,-0.04056881,-0.0280405395,-0.0212057028,0.00782500021,-5.64563894,9.99999975e-05,10,0.011667626,264.445833,-0.00561755104,-0.00424828194,268.052185,264.350861,8.14285946,3.02080345,1.36527061,0.0678146929
8040.0,175.342661,1,0.215923756,399,8.00487518,-0.000319597311,1,155.775223,1,13.4886398,8.1307478,166.575528,0.881832838,0.00417140406,-0.000161563366,1.32231128,-0.0547641218,-0.041415453,-0.0283132438,-0.0214119349,0.00932500046,-5.76705742,0.000150000007,10,0.0115959011,264.441667,-0.00573836546,-0.00433964795,268.053284,264.329712,8.13057804,3.10778046,1.31551766,0.0691242293
8100.0,174.483256,1,0.213902563,399,8.00489521,-0.000324612833,1,152.677856,1,13.4741516,8.14241409,165.759093,1.45901513,0.0043388824,-0.00016025512,1.32231128,-0.053621266,-0.040551167,-0.0280211307,-0.0211910252,0.0102500003,-5.72035885,0.000349999988,10,0.0137167145,264.4375,-0.00569189945,-0.00430450775,268.053711,264.224823,8.14239979,3.15368938,1.49976158,0.065249607
8160.0,173.670747,1,0.2150639,399,8.00491524,-0.00032961712,1,153.663727,1,13.4667902,8.1121254,164.98721,0.638886452,0.00412527565,-0.000161834541,1.32231128,-0.054248143,-0.0410252437,-0.0282436926,-0.0213593375,0.0102249999,-5.77673721,9.99999975e-05,10,0.011098559,264.433333,-0.0057479972,-0.00434693182,268.055054,264.314911,8.11066341,3.15534568,1.46323192,0.066851221
8220.0,174.312562,1,0.212685794,399,8.00493717,-0.000334414042,1,151.167633,1,13.5489197,8.13153744,165.596934,0.859898329,0.00427567307,-0.000159109681,1.32231128,-0.0529450551,-0.0400397815,-0.0278327912,-0.0210485924,0.011775,-5.67947197,0.000199999995,10,0.0122941742,264.429167,-0.00565121602,-0.00427374104,268.056732,264.306274,8.13134384,3.05923986,1.29104221,0.0641501322
8280.0,175.188097,1,0.216310263,399,8.00496101,-0.000339074002,1,153.3983,1,13.758049,8.11384201,166.428692,2.09875464,0.00433012377,-0.000164949452,1.32231128,-0.0545668826,-0.0412662923,-0.0291631594,-0.0220546853,0.00865000021,-5.88792467,0.000150000007,10,0.012120028,264.425,-0.00585863134,-0.00443059905,268.057495,264.275513,8.11350536,3.23441553,1.48042369,0.0671740323
8340.0,175.299524,1,0.211590379,399,8.0049839,-0.000343643507,1,147.33606,1,13.7398176,8.14078903,166.534548,0.766846001,0.00433678739,-0.000160738055,1.32231128,-0.0520411134,-0.0393561758,-0.0282209907,-0.0213421695,0.0104499999,-5.73759747,0.000199999995,10,0.0126078082,264.420833,-0.00570905209,-0.00431747967,268.057922,264.278015,8.14076519,3.22099543,1.37959909,0.067445755
8400.0,177.038358,1,0.216410041,399,8.00500774,-0.00034802733,1,151.563004,1,13.7307634,8.14183331,168.18644,1.45086122,0.00452456344,-0.000167177961,1.32231128,-0.054434631,-0.0411662757,-0.029529199,-0.0223315042,0.00989999995,-5.96747208,0.00039999999,10,0.0146919861,264.416667,-0.00593778305,-0.00449045794,268.057922,264.271637,8.13988686,3.28654814,1.42144203,0.0681593269
8460.0,178.664744,1,0.215633988,399,8.00503159,-0.000352334697,1,150.645096,1,13.6339359,8.12412548,169.731507,0.564262867,0.00430466793,-0.000166393598,1.32231128,-0.0539254285,-0.0407811925,-0.0295369998,-0.0223374031,0.00829999987,-5.93947411,0.000174999994,10,0.0123242047,264.4125,-0.0059099244,-0.00446938956,268.057922,264.246521,8.12334824,3.28189516,1.28577828,0.0665772334
8520.0,181.166705,1,0.216771454,399,8.00505352,-0.000356964185,1,151.164124,1,13.7476664,8.11998844,172.10837,1.24361551,0.00431666477,-0.000168460276,1.32231128,-0.0545245484,-0.0412342772,-0.0297969691,-0.0225340053,0.00997500028,-6.01324463,0.000199999995,10,0.0124075357,264.408333,-0.00598332798,-0.00452490104,268.057922,264.28125,8.11955833,3.17015314,1.43904519,0.0629392788
8580.0,181.034673,1,0.21124509,399,8.00507545,-0.000362240593,1,145.884735,1,13.787282,8.1574688,171.982939,0.967316508,0.00458005816,-0.000161543707,1.32231128,-0.0517146252,-0.0391092673,-0.0284161624,-0.0214897674,0.0110750003,-5.76635504,0.000125000006,10,0.0132906465,264.404167,-0.00573766651,-0.00433911942,268.057922,264.286469,8.15712261,3.31673169,1.32148254,0.0623231493
8640.0,182.478779,1,0.213202298,399,8.00509357,-0.000367952394,1,146.771118,1,13.8167629,8.19009399,173.35484,1.74168909,0.0045425971,-0.000165072604,1.32231128,-0.052480638,-0.0396885648,-0.029300306,-0.0221584029,0.0105250003,-5.89232016,0.000300000014,10,0.0137995025,264.4,-0.0058630053,-0.0044339071,268.058563,264.272675,8.1893301,3.26507902,1.32736444,0.0658188611
8700.0,180.988825,1,0.216458291,399,8.00511169,-0.000373610266,1,149.594009,1,13.8884678,8.17837238,171.939383,2.61963177,0.00443656649,-0.000169491715,1.32231128,-0.0541362017,-0.0409405865,-0.0301296655,-0.0227856077,0.0105499998,-6.05006218,0.000174999994,10,0.0123002352,264.395833,-0.00601996249,-0.00455260603,268.060822,264.277161,8.17756939,3.26389647,1.43252349,0.0662228093
8760.0,180.709723,1,0.216794893,399,8.00512695,-0.000378971337,1,149.289139,1,13.6771803,8.14101124,171.674237,0.674993873,0.0042594485,-0.000170631392,1.32231128,-0.054372102,-0.0411189869,-0.0301020052,-0.0227646884,0.0101500005,-6.09074306,0.000125000006,10,0.0115622478,264.391667,-0.00606044102,-0.00458321813,268.062927,264.237579,8.13926411,3.21284151,1.33341885,0.0665794909
8820.0,179.458445,1,0.214306667,399,8.00513744,-0.000384069892,1,146.69545,1,13.3185749,8.12852097,170.485523,4.22471714,0.00458331825,-0.000167737584,1.32231128,-0.0532573722,-0.0402759723,-0.0291858856,-0.0220718719,0.00917499978,-5.98744822,0.000224999996,10,0.0133880861,264.3875,-0.0059576598,-0.00450548949,268.064453,264.258392,8.12812805,3.20479655,1.19921422,0.0633838624
8880.0,178.622154,1,0.213114992,399,8.00514698,-0.000389057765,1,144.842499,1,13.2512522,8.16384029,169.691047,0.94512099,0.00446391199,-0.000167065169,1.32231128,-0.0522309691,-0.0394997522,-0.0296435114,-0.0224179532,0.0107500004,-5.96344614,0.000174999994,10,0.0124670286,264.383333,-0.00593377743,-0.00448742835,268.064972,264.247101,8.16354179,3.22549677,1.29064488,0.0634758696
8940.0,180.713637,1,0.216157511,399,8.00515938,-0.000394049304,1,147.851028,1,13.2945271,8.16756344,171.677955,0.613947272,0.00443202304,-0.000170775937,1.32231128,-0.0536217913,-0.0405515656,-0.0306909904,-0.0232101101,0.0102000004,-6.09590244,9.99999975e-05,10,0.0117526054,264.379167,-0.00606557447,-0.00458710035,268.064972,264.228607,8.16479111,3.33487129,1.3721236,0.0634405166
9000.0,177.827636,1,0.215206981,399,8.00517941,-0.000399106968,1,146.83316,1,13.3257055,8.16471291,168.936255,1.78420055,0.00440541049,-0.000169701205,1.32231128,-0.0530647598,-0.0401303098,-0.0305722542,-0.0231203157,0.00980000012,-6.05753994,7.50000036e-05,10,0.011587264,264.375,-0.00602740282,-0.00455823308,268.064789,264.268097,8.16438675,3.50875688,1.4456501,0.0711559206
9060.0,179.16294,1,0.216319993,399,8.00520134,-0.000404174993,1,146.334961,1,13.1410151,8.16046143,170.204793,1.05331099,0.00454016589,-0.000172934611,1.32231128,-0.0535325631,-0.0404840857,-0.0310320649,-0.0234680474,0.00887500029,-6.17295742,0.000250000012,10,0.0137281129,264.370833,-0.00614224607,-0.0046450831,268.064514,264.191223,8.15923786,3.50462079,1.46493077,0.0678536519
9120.0,180.976754,1,0.212951288,399,8.00522137,-0.000409177388,1,143.228806,1,13.066844,8.13022518,171.927917,0.394269735,0.00438302336,-0.000168558428,1.32231128,-0.0518897139,-0.039241679,-0.0300532691,-0.0227278322,0.0103749996,-6.01674795,2.49999994e-05,10,0.0109789604,264.366667,-0.00598681392,-0.00452753762,268.065613,264.151917,8.12359428,3.34385395,1.39584243,0.0662763342
9180.0,178.763172,1,0.214748859,399,8.00523853,-0.000414221111,1,144.57074,1,13.1353111,8.15771389,169.825013,4.50068521,0.00472321641,-0.000171258522,1.32231128,-0.0528005809,-0.0399305224,-0.0305089541,-0.0230724439,0.0100499997,-6.11312914,0.000150000007,10,0.0126901083,264.3625,-0.00608271547,-0.00460006297,268.066742,264.173004,8.1556282,3.35019112,1.38016188,0.0632080287
9240.0,177.796593,1,0.216011181,399,8.00525093,-0.000419364223,1,145.731461,1,13.0776873,8.1582365,168.906763,1.58666122,0.00447232788,-0.000172908112,1.32231128,-0.053168267,-0.0402085856,-0.0313056447,-0.0236749426,0.00944999978,-6.17201138,0.000199999995,10,0.0127026737,264.358333,-0.00614130497,-0.00464437157,268.067078,264.228607,8.15813828,3.21536016,1.45208526,0.065703772
9300.0,176.280473,1,0.212748259,399,8.00526237,-0.000424551748,1,142.233551,1,12.8676043,8.13600922,167.466449,0.385640532,0.00448489655,-0.00016925286,1.32231128,-0.0516064651,-0.0390274711,-0.030312052,-0.0229235366,0.0112500004,-6.04153585,7.50000036e-05,10,0.0120247118,264.354167,-0.0060114786,-0.00454619015,268.068848,264.192993,8.13446045,3.26071119,1.34811604,0.0631865039
9360.0,178.862593,1,0.215191454,399,8.00527477,-0.000429803651,1,143.203812,1,13.0686417,8.10750771,169.919464,0.684444547,0.00439895876,-0.00017396445,1.32231128,-0.0528842174,-0.0399937741,-0.0308659784,-0.0233424455,0.0100999996,-6.20971775,0.000224999996,10,0.013064188,264.35,-0.00617882377,-0.00467274524,268.070831,264.215942,8.10651016,3.49404669,1.40396082,0.0663810745
9420.0,179.330988,1,0.217492908,399,8.00528717,-0.000435103313,1,145.071594,1,13.0747213,8.09216118,170.364439,1.68314219,0.00441979198,-0.000177293565,1.32231128,-0.0539754108,-0.0408189893,-0.031608481,-0.0239039641,0.00942500029,-6.32855177,0.000125000006,10,0.0118563408,264.345833,-0.00629706634,-0.00476216618,268.072876,264.151062,8.09211159,3.38450909,1.44833994,0.0710208043
9480.0,181.407685,1,0.217554122,399,8.00529957,-0.000440278847,1,144.398834,1,12.9493952,8.11577511,172.337301,2.00732851,0.00449532224,-0.000178269969,1.32231128,-0.0538760908,-0.04074388,-0.0318467319,-0.0240841415,0.00980000012,-6.36340523,0.000174999994,10,0.0128646838,264.341667,-0.00633174647,-0.00478839315,268.074615,264.21756,8.11563683,3.52469468,1.30469847,0.0692001134
9540.0,177.039938,1,0.215412676,399,8.00531387,-0.000445178972,1,142.512512,1,12.6372633,8.10591698,168.187941,1.08856034,0.0047859475,-0.000175347988,1.32231128,-0.052511964,-0.0397122577,-0.0317393206,-0.0240029115,0.011225,-6.2591033,0.000224999996,10,0.0142357517,264.3375,-0.0062279636,-0.00470990734,268.076538,264.203613,8.10538673,3.26947904,1.32463133,0.0626408085
9600.0,177.117366,1,0.215969056,399,8.00532722,-0.000449967687,1,143.36824,1,12.5111313,8.21290302,168.261498,1.75247335,0.00459534721,-0.000175655441,1.32231128,-0.052447509,-0.0396635123,-0.0324530154,-0.0245426446,0.00850000046,-6.27007818,0.000224999996,10,0.0134256594,264.333333,-0.00623888383,-0.00471816584,268.078064,264.205627,8.19185448,3.31874108,1.36453772,0.0654519796
9660.0,179.090837,1,0.212884977,399,8.00533962,-0.000454968133,1,139.455505,1,12.6313629,8.13180923,170.136295,0.898810685,0.00461138319,-0.000172957501,1.32231128,-0.0510400683,-0.0385991335,-0.0314034559,-0.0237489138,0.00972499978,-6.17377424,0.000174999994,10,0.0127921421,264.329167,-0.00614305912,-0.00464569824,268.078766,264.115417,8.13114738,3.31544423,1.44232869,0.0656846315
9720.0,178.392002,1,0.212840915,399,8.00535107,-0.000460181502,1,139.261322,1,12.8703947,8.1300211,169.472402,0.780245483,0.00470087584,-0.000173091132,1.32231128,-0.0510617904,-0.0386155583,-0.0313207097,-0.0236863364,0.0110750003,-6.17854404,0.000174999994,10,0.0134143047,264.325,-0.00614780514,-0.00464928756,268.07901,264.161224,8.12804031,3.41987514,1.48125052,0.0660893098
9780.0,182.220506,1,0.214981645,399,8.0053606,-0.000465261546,1,140.836258,1,13.172595,8.14737606,173.109481,1.65732396,0.00465805456,-0.000176372007,1.32231128,-0.0520428941,-0.0393575206,-0.0320372395,-0.0242282134,0.00999999978,-6.2956562,0.000125000006,10,0.0126565434,264.320833,-0.00626433454,-0.00473741302,268.079346,264.165436,8.14730453,3.55390215,1.65100574,0.0660230219
9840.0,179.761788,1,0.215090543,399,8.00537014,-0.00046997529,1,140.633408,1,13.182559,8.14491463,170.773699,2.54029989,0.00470530242,-0.00017689493,1.32231128,-0.0517301336,-0.0391209945,-0.0326560102,-0.0246961601,0.0112500004,-6.31432247,0.000274999999,10,0.0140594011,264.316667,-0.00628290791,-0.00475145923,268.079346,264.189819,8.14433575,3.68886948,1.42690229,0.0666611344
9900.0,174.391431,1,0.219333872,399,8.00537777,-0.000474618864,1,144.597549,1,13.1843586,8.09160995,165.671859,1.39927983,0.00457527395,-0.000182429969,1.32231128,-0.0539039932,-0.04076498,-0.0337780826,-0.0255447291,0.00902500004,-6.51189756,0.000199999995,10,0.0134223644,264.3125,-0.00647949986,-0.00490013184,268.079346,264.198486,8.09075737,3.3681066,1.4916873,0.0705377311
9960.0,179.024556,1,0.217246518,399,8.00538445,-0.000479457056,1,143.09668,1,13.0242538,8.11707878,170.073329,0.746475339,0.00444176979,-0.000179130235,1.32231128,-0.0526939593,-0.0398498885,-0.0334378332,-0.025287414,0.00980000012,-6.39411211,0.000125000006,10,0.0120601989,264.308333,-0.00636230083,-0.0048115002,268.079163,264.154175,8.11703777,3.46918774,1.31906307,0.0661690459
10020.0,169.003787,1,0.216412365,399,8.00539112,-0.000484348944,1,141.659317,1,12.9069471,8.09817505,160.553597,0.631716609,0.00450030202,-0.000178871458,1.32231128,-0.0525331162,-0.0397282541,-0.0327954181,-0.0248015877,0.0108749997,-6.3848753,7.50000036e-05,10,0.0117995571,264.304167,-0.00635310961,-0.00480454927,268.078979,264.137421,8.09781456,3.58033848,2.00286603,0.0644049942
10080.0,174.460075,1,0.216516659,399,8.0053978,-0.00048918277,1,141.747192,1,12.7396402,8.12897396,165.737072,3.7865169,0.00466867583,-0.000179019131,1.32231128,-0.0521697253,-0.0394534357,-0.0334811322,-0.0253201593,0.0110499999,-6.39014673,0.000224999996,10,0.0132379867,264.3,-0.00635835482,-0.00480851578,268.078766,264.165436,8.1289053,3.40779018,1.45217669,0.0662004575
10140.0,176.781893,1,0.219909593,399,8.00540352,-0.00049420289,1,142.910233,1,12.7402182,8.11873341,167.942798,0.694826722,0.00439765397,-0.00018604123,1.32231128,-0.0538255721,-0.0407056734,-0.0345262513,-0.0261105318,0.00939999986,-6.64080238,0.000125000006,10,0.0119119398,264.295833,-0.00660776347,-0.00499713141,268.078766,264.16629,8.11871338,3.4506917,1.62818789,0.0685327724
10200.0,175.930992,1,0.213804111,399,8.00540638,-0.000499479473,1,138.138412,1,12.6952572,8.14348316,167.134442,0.586920083,0.00459696492,-0.000176877977,1.32231128,-0.0508921705,-0.0384872854,-0.0326140486,-0.0246644262,0.0112500004,-6.31371689,0.000199999995,10,0.0133544207,264.291667,-0.00628230534,-0.00475100335,268.078766,264.134003,8.14347649,3.40612531,1.24955058,0.063177757
10260.0,173.226278,1,0.218756393,399,8.00541019,-0.000504862401,1,141.329315,1,13.0319071,8.13218784,164.564964,1.45920956,0.00466794567,-0.000185178273,1.32231128,-0.0532320626,-0.0402568318,-0.0342125371,-0.0258732848,0.0109000001,-6.6099987,0.000300000014,10,0.0141353272,264.2875,-0.00657711318,-0.00497395219,268.078766,264.145538,8.13208389,3.8191936,1.42859876,0.0687473863
10320.0,178.32773,1,0.221025184,399,8.0054121,-0.000510514481,1,143.700867,1,13.1462326,8.08536625,169.411344,1.32814479,0.00451103877,-0.000187847705,1.32231128,-0.0542271174,-0.0410093442,-0.035103932,-0.026547404,0.0109750004,-6.70528507,0.000224999996,10,0.012892114,264.283333,-0.00667192554,-0.00504565425,268.078766,264.125946,8.08278465,3.45794725,1.61930883,0.0662485808
10380.0,176.458155,1,0.219739601,399,8.00541496,-0.000516791653,1,143.336716,1,13.0771818,8.08869457,167.635247,0.705441713,0.00447175233,-0.000185057841,1.32231128,-0.0534939952,-0.0404549204,-0.0348570943,-0.0263607334,0.00977499969,-6.60570049,0.000125000006,10,0.0122033302,264.279167,-0.00657283608,-0.00497071771,268.078796,264.141632,8.08867836,3.48789263,1.32330418,0.0678969696
10440.0,174.02672,1,0.218587309,399,8.00541496,-0.000523710449,1,140.128326,1,13.1901112,8.08683205,165.325384,0.943531275,0.00472057285,-0.000186332647,1.32231128,-0.0528669022,-0.0399806798,-0.0345958918,-0.0261631981,0.0113000004,-6.65120411,0.000174999994,10,0.0135639813,264.275,-0.00661811372,-0.00500495918,268.078766,264.079193,8.08680916,3.48040271,1.31004715,0.0687527731
10500.0,174.53915,1,0.219582677,399,8.00541401,-0.000530916324,1,141.008438,1,13.3944559,8.1176796,165.812192,0.63486433,0.00460314984,-0.000187710728,1.32231128,-0.0533245169,-0.0403267518,-0.0349497907,-0.0264308341,0.0107749999,-6.70039558,0.000199999995,10,0.0135099059,264.270833,-0.00666706031,-0.00504197506,268.078766,264.11438,8.1175499,3.50714254,1.50017357,0.0723724514
10560.0,177.379922,1,0.221358761,399,8.0054121,-0.000538314751,1,142.457779,1,13.388134,8.14793682,168.510926,0.945485413,0.00458012475,-0.000190346109,1.32231128,-0.054388348,-0.0411312729,-0.035213951,-0.0266306065,0.0104,-6.79446602,0.000224999996,10,0.0133900708,264.266667,-0.00676066289,-0.0051127621,268.078766,264.073517,8.1426487,3.59857416,1.39765811,0.0701097995
10620.0,176.295739,1,0.217847645,399,8.00540829,-0.000546198571,1,138.904266,1,13.444397,8.07711792,167.480952,0.916673422,0.00479192799,-0.000186072881,1.32231128,-0.0525322556,-0.0397276022,-0.034327697,-0.0259603746,0.0105750002,-6.64193201,0.000300000014,10,0.0145146651,264.2625,-0.00660888758,-0.00499798171,268.078644,264.068176,8.07694244,3.6498909,1.62453055,0.0643547103
10680.0,176.824155,1,0.219194695,399,8.00540161,-0.000554748753,1,139.881485,1,13.5497551,8.11596394,167.982947,2.06758571,0.00464181276,-0.000188221777,1.32231128,-0.0529824831,-0.0400680862,-0.0350598767,-0.0265140869,0.0111750001,-6.71863794,0.000150000007,10,0.0126348473,264.258333,-0.00668521179,-0.00505570183,268.078583,264.116547,8.11595535,3.60799122,1.48300767,0.0675429925
10740.0,176.607955,1,0.219189793,399,8.00539398,-0.000563852896,1,139.984299,1,13.604188,8.08706951,167.777557,2.24494267,0.00467205094,-0.000188070931,1.32231128,-0.0529314093,-0.0400294624,-0.0351318009,-0.0265684798,0.00967499986,-6.71325302,0.000199999995,10,0.0130739398,264.254167,-0.00667985389,-0.00505165011,268.078583,264.129242,8.08622932,3.6904304,1.23595941,0.0689049214
10800.0,179.839083,1,0.219312757,399,8.00538635,-0.000572913908,1,139.822083,1,13.7784538,8.08553696,170.847129,1.51529193,0.00485466933,-0.000188606195,1.32231128,-0.0531317368,-0.0401809588,-0.0349579789,-0.0264370274,0.0100499997,-6.73235989,0.000224999996,10,0.0141712604,264.25,-0.00669886544,-0.0050660274,268.079773,264.084656,8.08525085,3.57235622,1.25671554,0.0694169551
10860.0,175.937991,1,0.220762223,399,8.00538063,-0.000580863969,1,141.01062,1,13.8545036,8.10745335,167.141092,0.657798529,0.00450795703,-0.000190749081,1.32231128,-0.0537477173,-0.0406467952,-0.0355559513,-0.0268892441,0.0108749997,-6.80885124,0.000125000006,10,0.0124431215,264.245833,-0.00677497638,-0.00512358639,268.080872,264.104584,8.10120201,3.79604864,1.36792326,0.0706907734
10920.0,177.19262,1,0.216745615,399,8.00537682,-0.000587556278,1,137.179779,1,13.835021,8.11126232,168.332989,1.99808896,0.00486541307,-0.000185567056,1.32231128,-0.0518432632,-0.0392065495,-0.0342231281,-0.0258812942,0.0105999997,-6.62387657,0.000174999994,10,0.0135542583,264.241667,-0.0065909219,-0.00498439511,268.081696,264.120911,8.11090088,3.58948874,1.2799176,0.0651008263
10980.0,177.256448,1,0.221101165,399,8.00537109,-0.000593681412,1,140.18338,1,13.9224091,8.13857746,168.393626,0.88484627,0.00476765353,-0.00019275985,1.32231128,-0.0538194701,-0.0407010578,-0.0358060375,-0.0270783734,0.0108749997,-6.88062525,0.000224999996,10,0.0143322079,264.2375,-0.00684639346,-0.00517759612,268.081818,264.095245,8.13085938,3.65680432,1.49895811,0.0692435578
11040.0,178.886781,1,0.222442061,399,8.00536633,-0.000599377847,1,140.646637,1,13.9841528,8.09193134,169.942442,0.945480525,0.0047340421,-0.000195641667,1.32231128,-0.0545536727,-0.0412563011,-0.0361219607,-0.0273172893,0.00927499961,-6.98349333,0.000425000006,10,0.0155512393,264.233333,-0.00694874953,-0.00525500299,268.081787,264.104401,8.0916748,3.75721693,1.45640707,0.0669769496
11100.0,176.186867,1,0.220490381,399,8.00535774,-0.000604863977,1,139.460251,1,13.9572439,8.1314497,167.377524,1.14246607,0.00459724804,-0.000192158011,1.32231128,-0.0535730645,-0.040514715,-0.0355324075,-0.0268714391,0.00915000029,-6.85914326,0.000174999994,10,0.0132013569,264.229167,-0.00682501821,-0.00516143069,268.081787,264.04364,8.10007095,3.64213133,1.50017142,0.0673482791
11160.0,177.347518,1,0.223898888,399,8.00535011,-0.000610674673,1,141.840408,1,13.8214855,8.09316826,168.480143,0.408858001,0.00450364035,-0.000197831672,1.32231128,-0.0552039184,-0.0417480506,-0.0366971344,-0.0277522653,0.0107749999,-7.06166649,9.99999975e-05,10,0.0119631449,264.225,-0.0070265336,-0.00531382719,268.081879,264.051178,8.09281731,3.56375623,1.35873055,0.0712065473
11220.0,181.419503,1,0.222474277,399,8.00534058,-0.000617029553,1,140.521851,1,13.8552427,8.12193775,172.348528,1.11748016,0.00461782701,-0.000195900488,1.32231128,-0.0543085709,-0.0410709418,-0.0365234129,-0.0276208892,0.0125749996,-6.99273205,9.99999975e-05,10,0.012361493,264.220833,-0.00695794215,-0.00526195485,268.081787,264.072052,8.10024261,3.65850115,1.42107379,0.0713589042
11280.0,183.828532,1,0.223102868,399,8.00533199,-0.000623659813,1,140.428604,1,13.7986603,8.16570568,174.637105,2.32993793,0.00460984185,-0.000197696922,1.32231128,-0.0544510633,-0.0411787033,-0.0369740091,-0.0279616527,0.0115750004,-7.05685616,0.000125000006,10,0.012649416,264.216667,-0.00702174753,-0.00531020761,268.081787,264.070068,8.14680386,3.61986542,1.63242364,0.0714541525
11340.0,179.145621,1,0.223374382,399,8.00532532,-0.000629839953,1,141.12326,1,13.8613997,8.20236492,170.18834,1.86793196,0.00461541768,-0.000197442889,1.32231128,-0.0545753352,-0.0412726849,-0.0370763429,-0.0280390438,0.00865000021,-7.04778862,0.000125000006,10,0.0125257336,264.2125,-0.00701272488,-0.00530338427,268.081787,264.088562,8.18042755,3.81605434,1.48205042,0.0693288594
11400.0,179.7433,1,0.221859038,399,8.00532055,-0.000635453733,1,138.643402,1,13.9858637,8.17783737,170.756135,1.92558074,0.00476630544,-0.000196912006,1.32231128,-0.0536702015,-0.040588174,-0.0368198901,-0.0278450996,0.0115250004,-7.02883816,0.000174999994,10,0.0137017956,264.208333,-0.00699386885,-0.00528912432,268.081787,264.014191,8.1738987,3.60961723,1.57515478,0.0704136044
11460.0,182.702546,1,0.220501959,399,8.00531578,-0.000640718907,1,137.092575,1,13.803154,8.14798164,173.567418,0.600143492,0.0047402326,-0.000195507499,1.32231128,-0.0529432856,-0.0400384441,-0.0364760421,-0.027585065,0.01205,-6.97870445,0.000174999994,10,0.0135843456,264.204167,-0.00694398442,-0.00525139924,268.081787,264.085938,8.12326908,3.71946144,1.45682633,0.0686992705
11520.0,183.513286,1,0.223657534,399,8.00531101,-0.00064554892,1,139.220413,1,13.5170708,8.19291496,174.337622,1.10784388,0.00471290434,-0.000200903596,1.32231128,-0.0543457717,-0.0410990752,-0.0377064124,-0.0285155345,0.00954999961,-7.17131948,0.000250000012,10,0.0142754288,264.2,-0.0071356413,-0.00539634004,268.081787,264.048828,8.18136215,3.65758371,1.39849007,0.070465453
11580.0,181.68854,1,0.22336787,399,8.0053072,-0.000649843772,1,139.710938,1,13.253973,8.12053204,172.604113,1.44688678,0.00474184658,-0.000199421353,1.32231128,-0.054425817,-0.0411596112,-0.0372886732,-0.0281996187,0.00994999986,-7.11841059,0.000174999994,10,0.0129307415,264.195833,-0.00708299549,-0.00535652647,268.08194,264.04126,8.11136246,3.86518574,1.5433917,0.0692361817
11640.0,185.966819,1,0.224480614,399,8.00530148,-0.000653763767,1,140.336975,1,12.9991131,8.15027523,176.668478,0.617052972,0.00460382551,-0.000201513627,1.32231128,-0.0547798164,-0.0414273217,-0.0379363932,-0.0286894571,0.00999999978,-7.19309473,9.99999975e-05,10,0.0127672944,264.191667,-0.00715730805,-0.00541272573,268.082062,264.052917,8.13740158,3.65806913,1.41826963,0.0691682026
11700.0,178.194956,1,0.223393545,399,8.00529289,-0.000657755008,1,139.016846,1,13.0145588,8.13022995,169.285208,4.01070404,0.00470144302,-0.00020048616,1.32231128,-0.0544651672,-0.0411893688,-0.0372580402,-0.0281764511,0.00967499986,-7.1564188,9.99999975e-05,10,0.0124412812,264.1875,-0.00712081464,-0.00538512738,268.082458,264.03067,8.12427711,3.76739836,1.62595248,0.0698252395
11760.0,183.364616,1,0.222367212,399,8.00528622,-0.000661983853,1,138.717361,1,13.3214607,8.1704607,174.196386,0.540592313,0.00456147688,-0.000198162481,1.32231128,-0.0539619699,-0.0408088267,-0.036922168,-0.0279224478,0.0108500002,-7.07347488,7.50000036e-05,10,0.0117837656,264.183333,-0.00703828363,-0.00532271294,268.083221,264.04129,8.15161324,3.72303247,1.58006537,0.0750459507
11820.0,183.299741,1,0.225105539,399,8.00527573,-0.000666498265,1,140.526184,1,13.3460035,8.17044735,174.134754,1.16998553,0.00452408101,-0.000202927709,1.32231128,-0.0549278334,-0.0415392593,-0.0383742079,-0.0290205553,0.0110499999,-7.2435708,0.000125000006,10,0.0125256917,264.179167,-0.00720753334,-0.00545070833,268.08374,263.974396,8.15354919,4.17969894,1.42492533,0.0728075877
11880.0,174.025718,1,0.226099968,399,8.00526428,-0.000671682414,1,141.472031,1,13.2754822,8.20123005,165.324432,0.501999915,0.00452791154,-0.00020425416,1.32231128,-0.0554349236,-0.0419227481,-0.0386843234,-0.029255081,0.0109249996,-7.29091883,0.000150000007,10,0.012841017,264.175,-0.00725464569,-0.00548633747,268.083801,264.009918,8.18593311,3.88763046,1.57718313,0.0731440261
11940.0,179.660419,1,0.226641968,399,8.00524998,-0.000677478558,1,140.580917,1,13.0888872,8.27581978,170.677398,0.549193621,0.00452776812,-0.000207030651,1.32231128,-0.0560630858,-0.0423977971,-0.0383459441,-0.0289991815,0.0116499998,-7.39002705,2.49999994e-05,10,0.0113672009,264.170833,-0.00735326065,-0.00556091499,268.083801,263.983368,8.23927307,3.75013542,1.5100621,0.0713401884
12000.0,188.003442,1,0.224032953,399,8.00523663,-0.000683550432,1,139.401184,1,12.9937248,8.20532608,178.603269,0.804028869,0.00468568131,-0.000201655115,1.32231128,-0.0544240661,-0.041158285,-0.0379829966,-0.0287247021,0.0105499998,-7.19814491,0.000125000006,10,0.0130888149,264.166667,-0.00716233347,-0.00541652599,268.084106,263.951477,8.17995453,3.83388448,1.45287907,0.0687184483
12060.0,184.900155,1,0.22662273,399,8.00522041,-0.000689653505,1,140.861984,1,13.3873377,8.22767258,175.655148,0.921403587,0.00457609864,-0.000206564931,1.32231128,-0.0561612248,-0.0424720161,-0.0381815545,-0.0288748611,0.0116499998,-7.37340307,0.000199999995,10,0.013204678,264.1625,-0.00733671943,-0.00554840546,268.086243,264.002014,8.18828392,3.72617412,1.57134461,0.0756479129
12120.0,184.422368,1,0.226313233,399,8.00520229,-0.000695673458,1,140.732147,1,13.3738518,8.31185627,175.20125,0.465275645,0.00453959825,-0.000205909586,1.32231128,-0.0555052124,-0.0419759043,-0.0388064906,-0.02934747,0.0110250004,-7.35000944,0.000174999994,10,0.0126912342,264.158333,-0.00731344242,-0.00553080253,268.087982,264.013824,8.28583431,3.84836316,1.61463869,0.0738222525
12180.0,184.284126,1,0.2254522,399,8.00518608,-0.000701457437,1,139.683655,1,13.4024248,8.20123386,175.069919,0.936312199,0.00472277543,-0.000205096323,1.32231128,-0.0549140796,-0.0415288582,-0.0387531966,-0.0293071661,0.0103249997,-7.32098007,0.000224999996,10,0.013691267,264.154167,-0.00728455745,-0.0055089579,268.088348,263.982483,8.17157173,3.78084636,1.42705894,0.0740832761
12240.0,184.253734,1,0.225179687,399,8.00516891,-0.000706770865,1,139.837479,1,13.4927816,8.22756958,175.041047,0.745191634,0.0046460256,-0.000204128693,1.32231128,-0.0545167848,-0.0412284061,-0.0390318371,-0.029517889,0.0117250001,-7.28644037,0.000199999995,10,0.0134751312,264.15,-0.00725018932,-0.00548296701,268.088348,264.004608,8.20834064,3.6564641,1.67548227,0.0718199089
12300.0,184.999051,1,0.225570768,399,8.0051527,-0.000711620029,1,139.487335,1,13.5844336,8.21916103,175.749098,4.97777557,0.00473080529,-0.000205709177,1.32231128,-0.0547936521,-0.0414377861,-0.0390452556,-0.0295280367,0.0108500002,-7.34285641,0.000150000007,10,0.0128166378,264.145833,-0.00730632478,-0.00552541949,268.088287,264.011475,8.20855999,3.91431451,1.6872735,0.0777926967
12360.0,184.301691,1,0.22838828,399,8.00513554,-0.000716603303,1,141.198578,1,13.4970636,8.2095089,175.086606,1.93605578,0.00471516792,-0.000210926475,1.32231128,-0.0562339835,-0.0425270386,-0.0399382412,-0.0302033573,0.0132750003,-7.52908945,0.000150000007,10,0.0128163341,264.141667,-0.00749163143,-0.00566555792,268.087769,264.005951,8.19383621,4.1338644,1.47110796,0.0773301348
12420.0,177.272319,1,0.229363471,399,8.00511742,-0.000722357596,1,142.283112,1,13.3522444,8.20848846,168.408704,0.995181441,0.00455687335,-0.000212011495,1.32231128,-0.0566785932,-0.0428632759,-0.0403315574,-0.030500805,0.0105999997,-7.56782007,0.000224999996,10,0.0131029179,264.1375,-0.0075301691,-0.00569470227,268.087555,263.95108,8.18779373,3.89496803,1.59876585,0.0732803568
12480.0,181.18899,1,0.22909835,399,8.0050993,-0.000728265557,1,142.253204,1,13.4138708,8.2644701,172.129541,1.06422877,0.00456891442,-0.00021132156,1.32231128,-0.0563468337,-0.0426123813,-0.0405190922,-0.0306426268,0.0111250002,-7.54319239,0.000199999995,10,0.0132054966,264.133333,-0.00750566414,-0.00567617035,268.087219,263.949707,8.24270058,4.30560112,1.70630813,0.074540101
12540.0,182.235836,1,0.227523372,399,8.00508308,-0.000733707449,1,140.139771,1,13.611392,8.29470921,173.124045,1.21780491,0.00465797074,-0.000210114798,1.32231128,-0.0559220687,-0.0422911532,-0.0394764468,-0.0298541263,0.00999999978,-7.50011635,0.000250000012,10,0.013605997,264.129167,-0.00746280234,-0.00564375613,268.087891,263.943024,8.26980782,3.96063519,1.6264838,0.0714837611
12600.0,177.268207,1,0.226653785,399,8.00506496,-0.00073874573,1,138.592087,1,13.799489,8.21137333,168.404797,0.795557678,0.00460263761,-0.000210034428,1.32231128,-0.0552860461,-0.0418101586,-0.039470192,-0.0298493952,0.0103749996,-7.4972477,2.49999994e-05,10,0.0119108213,264.125,-0.00745994784,-0.00564159732,268.089111,263.951233,8.19454002,3.88707113,1.51109576,0.0751144439
12660.0,173.149907,1,0.228428781,399,8.00504875,-0.000743535347,1,141.267105,1,13.8284597,8.25187492,164.492411,1.77170324,0.0048673423,-0.000210936341,1.32231128,-0.0562244207,-0.0425198078,-0.0399939157,-0.0302454624,0.0105250003,-7.52944136,0.000250000012,10,0.0149089051,264.120833,-0.00749198161,-0.00566582289,268.089264,263.983398,8.20744324,3.96392751,1.55018044,0.0715491921
12720.0,178.775078,1,0.227118388,399,8.00503159,-0.000747908838,1,139.680206,1,13.6279402,8.25766563,169.836324,0.867557347,0.00475646229,-0.000209682417,1.32231128,-0.0556298532,-0.0420701653,-0.0394678861,-0.0298476517,0.00965000037,-7.48468208,0.000300000014,10,0.0146592865,264.116667,-0.00744744483,-0.00563214207,268.090118,263.980347,8.19839287,3.99873304,1.42142773,0.0685236603
12780.0,176.260248,1,0.226425871,399,8.00501537,-0.000751924876,1,139.352219,1,13.7375984,8.27617073,167.447235,1.44447017,0.00464540394,-0.000208259225,1.32231128,-0.054862231,-0.0414896496,-0.0398251973,-0.0301178694,0.0108249998,-7.43388081,0.000174999994,10,0.0129017765,264.1125,-0.00739689637,-0.00559391454,268.091949,263.983826,8.25162888,4.0255084,1.61063981,0.0722647682
12840.0,179.153773,1,0.225056514,399,8.0049963,-0.00075605337,1,138.046631,1,13.7702589,8.25533867,170.196085,0.911192298,0.00464151381,-0.000206437646,1.32231128,-0.0542145558,-0.0409998447,-0.0393257923,-0.029740192,0.00917499978,-7.36885929,0.000174999994,10,0.0128910076,264.108333,-0.00733219832,-0.00554498658,268.093719,263.979004,8.23889828,3.89582777,1.38009238,0.0707030222
12900.0,180.840997,1,0.229188591,399,8.00497723,-0.000760563533,1,141.090195,1,13.9837961,8.27888012,171.798947,0.788839519,0.00454105344,-0.000213315347,1.32231128,-0.0562333427,-0.0425265543,-0.0407697,-0.030832151,0.0118000004,-7.61436129,0.000199999995,10,0.0129626514,264.104167,-0.00757647911,-0.00572972419,268.095367,263.954926,8.24619961,4.04166126,1.57825172,0.0749275759
12960.0,182.195268,1,0.225851521,399,8.00496006,-0.000765329809,1,138.102966,1,14.1862907,8.23272133,173.085505,0.621002078,0.00470312964,-0.000208548023,1.32231128,-0.0544750541,-0.0411968455,-0.0397734195,-0.030078711,0.00939999986,-7.44418955,0.000125000006,10,0.0129085127,264.1,-0.00740715396,-0.00560167199,268.096588,263.892517,8.22436333,4.02107048,1.35569692,0.0754850358
13020.0,173.430199,1,0.227745637,399,8.00494003,-0.000770075072,1,138.999268,1,14.5553789,8.39231491,164.758689,1.23264551,0.00462718494,-0.000212460232,1.32231128,-0.055559814,-0.0420171991,-0.040213313,-0.0304113813,0.0100250002,-7.58383799,9.99999975e-05,10,0.0123687442,264.095833,-0.00754610728,-0.00570675544,268.096588,263.919006,8.31723404,3.99881148,1.3928287,0.0742531866
13080.0,180.838094,1,0.229900718,399,8.00492382,-0.000774471438,1,140.82486,1,14.6639938,8.25320244,171.796189,0.887789786,0.00459091598,-0.000215715656,1.32231128,-0.0568221845,-0.0429718681,-0.0406919681,-0.0307733659,0.0103000002,-7.70004034,7.50000036e-05,10,0.0121893911,264.091667,-0.00766173191,-0.00579419686,268.096588,263.931793,8.17884636,4.08181238,1.39404178,0.0776250362
13140.0,181.494583,1,0.231173396,399,8.00490665,-0.00077870168,1,140.699341,1,14.8208847,8.2432003,172.419854,1.05097139,0.0045208144,-0.000219513662,1.32231128,-0.057621602,-0.0435764268,-0.0409073345,-0.0309362356,0.0103000002,-7.83561134,0.000199999995,10,0.0128037035,264.0875,-0.0077966284,-0.00589621253,268.096558,263.921265,8.21046734,3.97530174,1.58094144,0.0765287429
13200.0,174.256338,1,0.231111005,399,8.00488853,-0.000783156487,1,139.793869,1,14.9875002,8.30883408,165.543521,2.198627,0.00461483002,-0.000220756614,1.32231128,-0.0575863048,-0.0435497351,-0.0408911556,-0.0309240017,0.0110999998,-7.87997961,9.99999975e-05,10,0.0120272692,264.083333,-0.00784077588,-0.00592959905,268.096405,263.895874,8.25988483,4.08105993,1.33027399,0.0754751861
13260.0,180.104642,1,0.234080717,399,8.00487041,-0.000787806406,1,142.790726,1,15.0889559,8.46059513,171.09941,1.13107026,0.00471493136,-0.000224562333,1.32231128,-0.0589798838,-0.0446036309,-0.042083472,-0.0318256915,0.00994999986,-8.01582623,0.000174999994,10,0.0136942966,264.079167,-0.00797594618,-0.00603182195,268.096405,263.907593,8.38458443,4.01061201,1.45281744,0.0750831291
13320.0,177.722845,1,0.233115673,399,8.00485229,-0.000792294682,1,142.629135,1,15.4049549,8.33111763,168.836703,0.970163822,0.00454265065,-0.00022204766,1.32231128,-0.0582641102,-0.0440623239,-0.0420583189,-0.0318066701,0.0105999997,-7.92606354,0.000150000007,10,0.0128575023,264.075,-0.00788663048,-0.00596427685,268.096405,263.934753,8.23151779,4.13327122,1.5854224,0.0766694844
13380.0,175.397424,1,0.236038581,399,8.00483131,-0.000797008688,1,144.239243,1,15.5897722,8.3104887,166.627552,0.476851761,0.00449195737,-0.00022793212,1.32231128,-0.0598904006,-0.0452922098,-0.0429026075,-0.0324451663,0.00902500004,-8.13611126,9.99999975e-05,10,0.0120679522,264.070833,-0.00809563324,-0.00612233533,268.096405,263.905151,8.2636137,4.20967245,1.54787493,0.080327414
13440.0,180.492817,1,0.233504429,399,8.00480938,-0.000802277937,1,140.882645,1,15.7757263,8.32950306,171.468176,0.559963405,0.0045099319,-0.000225926866,1.32231128,-0.0584775135,-0.0442237109,-0.0421725027,-0.0318930224,0.0104499999,-8.06453323,0.000125000006,10,0.0124115199,264.066667,-0.00802441128,-0.00606847368,268.095978,263.884735,8.29837608,4.16457415,1.47556102,0.0785122812
13500.0,176.782206,1,0.231980488,399,8.00478649,-0.000807728095,1,140.293701,1,15.5837708,8.33895111,167.943096,0.947436512,0.00445898529,-0.000222462171,1.32231128,-0.0579404049,-0.0438175239,-0.0413118638,-0.031242162,0.0114749996,-7.94085979,9.99999975e-05,10,0.0121232513,264.0625,-0.00790135283,-0.00597541081,268.095398,263.898346,8.30105495,4.19613361,1.49069929,0.0758556873
13560.0,183.473476,1,0.232638046,399,8.0047636,-0.000813173479,1,140.126999,1,15.3942747,8.33234406,174.299802,4.92787981,0.00473791501,-0.000224626216,1.32231128,-0.0580431521,-0.043895226,-0.0418618172,-0.0316580646,0.0102249999,-8.01810551,9.99999975e-05,10,0.0124438172,264.058333,-0.00797821488,-0.00603353744,268.094238,263.89798,8.21642685,4.03296471,1.49274874,0.0738795772
13620.0,180.005107,1,0.233831033,399,8.00473881,-0.00081845175,1,140.970535,1,15.2337103,8.33371925,171.004852,1.50721264,0.00461851573,-0.000226734788,1.32231128,-0.0584400557,-0.0441953838,-0.0425680988,-0.032192193,0.0104,-8.09337139,0.000250000012,10,0.0137440106,264.054167,-0.00805310626,-0.00609017443,268.093719,263.896393,8.2325058,4.04471397,1.45480323,0.076276347
13680.0,175.898916,1,0.233380854,399,8.0047121,-0.000823798473,1,141.258835,1,15.2175274,8.36571693,167.10397,1.4891845,0.00452698115,-0.000224967647,1.32231128,-0.0581178777,-0.0439517386,-0.0425376967,-0.0321692005,0.0112500004,-8.03029346,0.000125000006,10,0.0125852097,264.05,-0.00799034163,-0.00604270864,268.093536,263.900177,8.27489281,4.11180878,1.34768975,0.0786698684
13740.0,178.02335,1,0.23388271,399,8.00468731,-0.000828951481,1,141.471283,1,15.0809555,8.30617332,169.122183,1.91628778,0.00459239958,-0.000226082033,1.32231128,-0.0581839159,-0.0440016799,-0.0429713503,-0.0324971527,0.0101749999,-8.07007122,0.000250000012,10,0.013621402,264.045833,-0.00802992191,-0.00607264135,268.093475,263.857971,8.23265076,4.07163143,1.52286637,0.0761552379
13800.0,173.226567,1,0.233566374,399,8.00466061,-0.000834166072,1,140.537369,1,15.0098267,8.41718864,164.565239,0.996855497,0.00463845488,-0.000226662232,1.32231128,-0.0582869872,-0.0440796278,-0.0425003991,-0.0321409926,0.00875000004,-8.09078217,0.000250000012,10,0.0134766437,264.041667,-0.00805052929,-0.00608822564,268.09314,263.859344,8.23684502,3.95346117,1.60250688,0.0803152472
13860.0,168.265549,1,0.236726657,399,8.00463295,-0.000839810178,1,143.267426,1,14.9129143,8.36270905,159.852271,0.776805222,0.00450927019,-0.000231490965,1.32231128,-0.0599853024,-0.0453639813,-0.0435065664,-0.0329019092,0.011775,-8.26314545,9.99999975e-05,10,0.0118804974,264.0375,-0.00822203513,-0.00621792721,268.09314,263.877777,8.27025604,4.0284152,1.5957725,0.0799464285
13920.0,179.972488,1,0.236043289,399,8.00460339,-0.000845439732,1,143.019714,1,14.702013,8.37947655,170.973864,1.48085284,0.00450878311,-0.000229889454,1.32231128,-0.059486907,-0.0449870676,-0.0434653237,-0.0328707211,0.0101749999,-8.20597935,0.000150000007,10,0.012600759,264.033333,-0.00816515367,-0.00617491035,268.09314,263.907135,8.36503601,4.16271162,1.578089,0.075963296
13980.0,184.591643,1,0.23458761,399,8.00457478,-0.000850937446,1,141.932709,1,14.6673222,8.39285183,175.362061,0.685164809,0.00468766736,-0.000227390701,1.32231128,-0.0585692935,-0.0442931205,-0.0431845263,-0.0326583646,0.0117499996,-8.11678505,0.000199999995,10,0.0139766522,264.029167,-0.00807640329,-0.00610779272,268.09314,263.895416,8.27811432,4.17835617,1.40727997,0.076196976
14040.0,172.709828,1,0.237244993,399,8.00454426,-0.000856413622,1,143.470337,1,14.5352097,8.42110443,164.074337,1.20601463,0.00447770441,-0.000232685343,1.32231128,-0.0598258376,-0.0452433862,-0.044273898,-0.0334822051,0.0109999999,-8.30577946,0.000174999994,10,0.0124016805,264.025,-0.00826445688,-0.00625000848,268.092987,263.862244,8.3813839,4.13152695,1.38280272,0.0812556297
14100.0,172.609958,1,0.23576124,399,8.00451279,-0.000861439155,1,142.772491,1,14.8087196,8.36652088,163.97946,1.71795774,0.00473919092,-0.000229463025,1.32231128,-0.0593259037,-0.0448653102,-0.0433874093,-0.0328117982,0.0121999998,-8.19075775,0.000349999988,10,0.0147171328,264.020833,-0.00815000758,-0.00616345601,268.092957,263.836578,8.27103806,4.28436708,1.48445833,0.0778384283
14160.0,175.730053,1,0.235540584,399,8.00448322,-0.000865787268,1,141.899841,1,15.0835543,8.3714962,166.943551,1.10523796,0.00450471556,-0.000230226477,1.32231128,-0.0591727309,-0.0447494723,-0.0433638394,-0.0327939726,0.0113249999,-8.21800995,0.000174999994,10,0.0125761498,264.016667,-0.00817712396,-0.0061839628,268.092957,263.84436,8.28933716,4.20601082,1.48162389,0.0798879638
14220.0,166.718157,1,0.238916323,399,8.00445461,-0.000870071119,1,143.493958,1,15.2602425,8.35452938,158.382249,0.48229292,0.00436036475,-0.000237598564,1.32231128,-0.0608638488,-0.0460283831,-0.0446391068,-0.0337583944,0.00997500028,-8.48115826,0.000125000006,10,0.0118979961,264.0125,-0.00843896344,-0.00638197968,268.092926,263.882263,8.28552914,4.12017298,1.89175832,0.0860890746
14280.0,171.968745,1,0.239879876,399,8.00442982,-0.000874605612,1,144.685577,1,15.2328348,8.4286623,163.370308,1.18442893,0.00449909503,-0.000238504275,1.32231128,-0.061888691,-0.0468034223,-0.0442641079,-0.033474803,0.0113749998,-8.51348877,7.50000036e-05,10,0.0120510347,264.008333,-0.00847113319,-0.00640630769,268.09259,263.831757,8.38110256,4.05325222,1.39390445,0.0773683861
14340.0,175.865472,1,0.235770658,399,8.00440121,-0.000879289233,1,142.988876,1,15.1964083,8.43432903,167.072198,1.1706593,0.00461807987,-0.000229143203,1.32231128,-0.0598622561,-0.0452709273,-0.0426544771,-0.0322575159,0.00962499995,-8.17934132,0.000250000012,10,0.0135595063,264.004167,-0.00813864823,-0.00615486549,268.092529,263.817657,8.32000732,4.17965508,1.60914242,0.0783054754
14400.0,177.262194,1,0.237998754,399,8.00436974,-0.000884000561,1,144.069138,1,15.3665276,8.41359329,168.399084,1.39557958,0.00457079289,-0.000233933853,1.32231128,-0.0606861934,-0.0458940305,-0.043900203,-0.0331995972,0.0104499999,-8.35034466,0.000199999995,10,0.0130791012,264,-0.00830880087,-0.006283544,268.092529,263.836487,8.26250839,4.14524078,1.48288226,0.0786278993
14460.0,169.823615,1,0.235794395,399,8.00433731,-0.000888612471,1,142.367096,1,15.2391891,8.37721252,161.332434,1.19561052,0.00461941026,-0.000230213511,1.32231128,-0.0591889955,-0.0447617732,-0.0436088517,-0.0329792649,0.0114000002,-8.21754646,0.000274999999,10,0.0141496249,263.995833,-0.00817666296,-0.00618361449,268.092529,263.847565,8.32488728,4.08209324,1.52541161,0.0792888403
14520.0,180.223778,1,0.233376086,399,8.00430489,-0.000893166056,1,139.938049,1,15.2045183,8.39060211,171.212589,3.5735569,0.00472808443,-0.000227077049,1.32231128,-0.0579450615,-0.0438210443,-0.0427678674,-0.0323432684,0.0129249999,-8.10558891,0.000150000007,10,0.0130037731,263.991667,-0.00806526281,-0.00609936798,268.092712,263.832214,8.32175636,4.15166473,1.35421777,0.0792738646
14580.0,169.768153,1,0.236747056,179,8.01234913,0.116970189,1,141.29863,1,15.4523163,8.40693474,161.279745,2.69520903,0.00477834418,-0.000234777137,1.32231128,-0.0596596189,-0.04511768,-0.0439736545,-0.033255145,0.0107749999,-8.38044643,0.000150000007,10,0.0133208036,263.9875,-0.00833875313,-0.00630619517,268.092865,263.842163,8.31446743,4.37401009,1.45571387,0.0813325047
14640.0,172.032254,1,0.239420608,179,8.02006245,0.117388994,1,141.779846,1,15.8935242,8.51231003,163.430641,2.82605696,0.00477000605,-0.00024199707,1.32231128,-0.0610720105,-0.0461858064,-0.0448945463,-0.0339515731,0.0115999999,-8.63816452,0.000274999999,10,0.0143780028,263.983333,-0.00859518815,-0.00650012447,268.092957,263.828003,8.45127487,4.19389343,1.42622113,0.084350951
14700.0,172.139041,1,0.239901334,179,8.02782917,0.118022837,1,143.708511,1,15.8115501,8.4919138,163.532089,1.769045,0.00453256769,-0.000240190318,1.32231128,-0.0613897964,-0.0464261323,-0.0449765064,-0.0340135545,0.0107249999,-8.57367134,0.000125000006,10,0.0122316899,263.979167,-0.0085310163,-0.00645159464,268.092987,263.81781,8.43917274,4.25196457,1.53021526,0.0865843296
14760.0,174.376742,1,0.240548939,177,8.03238869,0.130064011,1,142.756104,1,15.8856134,8.49225903,165.657905,0.951351523,0.00452442002,-0.000243756163,1.32231128,-0.0619406179,-0.0468426906,-0.0449193045,-0.0339702964,0.0113749998,-8.70095634,0.000125000006,10,0.0125097027,263.975,-0.00865766779,-0.00654737512,268.092987,263.790527,8.42277908,4.27771187,1.49786925,0.0864515305
14820.0,173.856996,1,0.241273656,177,8.04192543,0.130282283,1,143.751556,1,15.7410917,8.64051342,165.164147,0.996424079,0.00459561497,-0.000244262686,1.32231128,-0.0622849166,-0.047103066,-0.0452310182,-0.034206029,0.00927499961,-8.7190361,0.000174999994,10,0.0133599918,263.970833,-0.00867565814,-0.00656098034,268.092957,263.808807,8.52903366,4.15649796,1.61908138,0.0787738264
14880.0,168.714792,1,0.240670666,173,8.05058098,0.154691175,1,143.862686,1,15.8058987,8.48610592,160.279053,5.98634672,0.00467433222,-0.000242248629,1.32231128,-0.0618160963,-0.0467485189,-0.0452218242,-0.0341990776,0.00905000046,-8.64714432,0.000199999995,10,0.0129755186,263.966667,-0.00860412326,-0.00650688168,268.092957,263.745911,8.40631104,4.30480862,1.64315557,0.0787395239
14940.0,167.163321,1,0.238357976,171,8.05628395,0.165574953,1,141.74646,1,15.8634224,8.47752666,158.805154,7.88615131,0.00470490195,-0.000238845372,1.32231128,-0.0607980303,-0.0459786057,-0.0441314951,-0.0333745144,0.011775,-8.52566338,0.000199999995,10,0.0132431947,263.9625,-0.0084832469,-0.00641546911,268.093018,263.755768,8.40537071,4.25712109,1.39882088,0.0810206309
15000.0,170.24083,1,0.238355324,173,8.06425285,0.154069617,1,141.720016,1,16.001997,8.45727539,161.728789,1.36385906,0.00443177624,-0.000238881927,1.32231128,-0.0605450608,-0.0457872972,-0.0444750898,-0.0336343572,0.0124249998,-8.52696896,7.50000036e-05,10,0.0114290426,263.958333,-0.0084845461,-0.00641645119,268.09317,263.753784,8.36956406,4.38037205,1.5671258,0.0824375376
15060.0,170.245387,1,0.237671852,171,8.07401562,0.166465327,1,140.421555,1,16.1917496,8.54709244,161.733118,1.97896552,0.0046717138,-0.000239022876,1.32231128,-0.0604629144,-0.0457251742,-0.0438579358,-0.0331676342,0.0122999996,-8.53199959,0.000150000007,10,0.0125331851,263.954167,-0.00848955195,-0.00642023701,268.09314,263.777832,8.41119003,4.61489964,1.70939159,0.0806098953
15120.0,171.938574,1,0.239501387,173,8.0846405,0.156021789,1,141.987518,1,16.3029289,8.52797127,163.341645,0.777498305,0.00449463306,-0.000241887814,1.32231128,-0.0613267869,-0.0463784784,-0.0446328782,-0.0337536857,0.0122750001,-8.63426399,0.000125000006,10,0.0121695595,263.95,-0.00859130733,-0.00649718987,268.09314,263.776825,8.39681816,4.46167469,1.524032,0.0856529921
15180.0,174.097553,1,0.241289303,173,8.09176064,0.156227142,1,143.792816,1,16.17132,8.52066803,165.392676,1.43605793,0.00447322754,-0.000244240131,1.32231128,-0.0619493462,-0.0468492918,-0.0457063504,-0.0345655009,0.011775,-8.7182312,0.000150000007,10,0.0126656331,263.945833,-0.00867485721,-0.00656037452,268.09314,263.774689,8.36885643,4.32198238,1.63314605,0.0846075639
15240.0,165.376126,1,0.245238349,173,8.09696484,0.157344639,1,147.119354,1,16.1577702,8.521101,157.10732,0.972657263,0.00438443897,-0.000250631303,1.32231128,-0.0640886426,-0.0484671369,-0.047085762,-0.0356086828,0.0112749999,-8.94636726,0.000250000012,10,0.0134117557,263.941667,-0.00890185777,-0.00673204381,268.09314,263.758026,8.37094688,4.30271626,1.45643914,0.0866083726
15300.0,172.433351,1,0.246269703,173,8.10610294,0.157547548,1,147.984528,1,16.3578167,8.5867157,163.811683,1.66924226,0.00425727339,-0.000252322847,1.32231128,-0.0644874871,-0.0487687625,-0.0476744175,-0.036053855,0.0110999998,-9.00674725,0.000224999996,10,0.0123684993,263.9375,-0.00896193739,-0.00677747931,268.09314,263.747253,8.37534904,4.29301071,1.79598022,0.083221823
15360.0,168.096672,1,0.2442175,173,8.11734009,0.158436492,1,145.909561,1,16.550148,8.56949043,159.691838,2.67160583,0.00455340603,-0.000249566656,1.32231128,-0.0634961128,-0.0480190367,-0.0467762388,-0.0353746042,0.0112500004,-8.90836334,0.000125000006,10,0.0122683989,263.933333,-0.00886404328,-0.00670344662,268.09314,263.769958,8.36418915,4.92430592,1.54013133,0.0820453092
15420.0,170.232709,1,0.241186589,169,8.12845135,0.180366322,1,142.447937,1,16.2606258,8.51927376,161.721073,1.30643153,0.00448238244,-0.000246231328,1.32231128,-0.062071424,-0.0469416119,-0.0454295576,-0.0343561731,0.0112749999,-8.78930759,0.000250000012,10,0.0133321062,263.929167,-0.00874557998,-0.00661385851,268.09317,263.709198,8.37289047,4.20614815,1.56967783,0.0852069259
15480.0,177.262823,1,0.244744629,169,8.13709068,0.180840388,1,145.603256,1,16.3721561,8.59346962,168.399682,1.13693857,0.0044944291,-0.000251714635,1.32231128,-0.0638609007,-0.0482949056,-0.0468554348,-0.0354344957,0.0110499999,-8.98503494,0.000150000007,10,0.0124514187,263.925,-0.0089403335,-0.00676114159,268.093719,263.760345,8.4131031,4.33996058,1.72337329,0.0858472809
15540.0,175.01463,1,0.24244833,169,8.14712524,0.181987911,1,143.636124,1,16.3169785,8.6332407,166.263899,0.586596847,0.00443945825,-0.00024804697,1.32231128,-0.0627685264,-0.0474687964,-0.045843266,-0.0346690416,0.0104,-8.85411739,2.49999994e-05,10,0.0112304688,263.920833,-0.00881006662,-0.00666262675,268.094116,263.735504,8.43986893,4.22147083,1.48343873,0.0813682675
15600.0,167.372804,1,0.243589476,171,8.15453434,0.171130314,1,144.675644,1,16.1998901,8.66545677,159.004164,1.1177665,0.00437605195,-0.000249758392,1.32231128,-0.0631920844,-0.0477891155,-0.046505928,-0.0351701826,0.0111750001,-8.91520691,9.99999975e-05,10,0.0115099177,263.916667,-0.00887085311,-0.00670859683,268.094116,263.774933,8.4568367,4.17931318,1.69041038,0.0870721042
15660.0,161.381675,1,0.23928082,169,8.16334724,0.182366475,1,140.624634,1,16.0092278,8.65822983,153.312591,0.53931278,0.00459720846,-0.000243557923,1.32231128,-0.0610890202,-0.0461986698,-0.0447217599,-0.0338209011,0.0103000002,-8.69387913,0.000224999996,10,0.013270326,263.9125,-0.00865062606,-0.00654204981,268.094116,263.713715,8.48287392,4.67225266,1.64133668,0.084667556
15720.0,172.961527,1,0.239480272,169,8.17321777,0.182916567,1,140.789093,1,15.7025681,8.64195156,164.313451,1.60626149,0.00474277232,-0.000243882241,1.32231128,-0.0612149648,-0.0462939143,-0.0447634682,-0.0338524431,0.01095,-8.70545673,0.000274999999,10,0.0140009597,263.908333,-0.00866214558,-0.00655076141,268.094116,263.680939,8.56407356,4.19228077,1.4128046,0.0838776156
15780.0,174.620504,1,0.246475369,167,8.18235207,0.19405748,1,147.641586,1,15.9077492,8.62286282,165.889478,1.13509548,0.00460228184,-0.000253543141,1.32231128,-0.0648434907,-0.049037993,-0.0474164486,-0.0358587652,0.00962499995,-9.05030537,0.000349999988,10,0.0148090255,263.904167,-0.00900527928,-0.00681025675,268.094147,263.685303,8.47616577,4.31422663,1.91379285,0.0859477296
15840.0,165.898541,1,0.246036127,171,8.18787575,0.173359305,1,146.022446,1,16.1842556,8.70385838,157.603614,0.852026105,0.00435736869,-0.0002549864,1.32231128,-0.0645105392,-0.0487861969,-0.0473868176,-0.0358363576,0.0119249998,-9.10182285,0.000125000006,10,0.0123187089,263.9,-0.00905654021,-0.00684902305,268.094116,263.643921,8.5200367,4.39138699,1.4729321,0.0864239559
15900.0,165.865758,1,0.241907194,171,8.20166206,0.17408435,1,142.406052,1,16.2317295,8.64262009,157.57247,0.775200963,0.00453432929,-0.000248518016,1.32231128,-0.062400151,-0.0471902117,-0.0457597673,-0.034605898,0.0130500002,-8.87093163,0.000250000012,10,0.0136451991,263.895833,-0.00882679783,-0.0066752797,268.094116,263.712677,8.5098362,4.22497654,1.81436753,0.0853396431
15960.0,170.623938,1,0.248801708,169,8.21358395,0.183920771,1,147.722656,1,16.4561329,8.63886261,162.092741,0.611108243,0.00449934416,-0.000260647124,1.32231128,-0.0662070885,-0.0500692166,-0.0481322557,-0.0364000946,0.00960000046,-9.30388355,0.000125000006,10,0.0124063734,263.891667,-0.00925759599,-0.0070010717,268.094116,263.739563,8.43190861,4.23685741,1.7135179,0.0856632292
16020.0,164.868963,1,0.239917517,167,8.22033024,0.194443196,1,139.700241,1,16.1186962,8.65161419,156.625515,0.526845872,0.00458224583,-0.000247131829,1.32231128,-0.0614473335,-0.0464696437,-0.0449152701,-0.0339672454,0.0116250003,-8.82145119,9.99999975e-05,10,0.0123844882,263.8875,-0.00877756346,-0.00663804635,268.094116,263.677032,8.43624115,4.23835754,2.21642637,0.0900172517
16080.0,171.689405,1,0.242836893,165,8.23338795,0.205261633,1,142.812241,1,16.3402939,8.71398735,163.104935,0.733303547,0.00464196689,-0.000250679353,1.32231128,-0.0632292479,-0.047817219,-0.0456330702,-0.0345100798,0.00942500029,-8.94808102,0.000199999995,10,0.0132607697,263.883333,-0.00890356302,-0.00673333369,268.093964,263.704834,8.50395584,4.28215599,1.5008564,0.0858942047
16140.0,171.526101,1,0.245170176,165,8.23882198,0.20620504,1,145.845963,1,16.2796612,8.76593685,162.949796,0.745723784,0.00451355008,-0.000252608821,1.32231128,-0.0642171353,-0.0485643111,-0.0468353778,-0.03541933,0.00994999986,-9.01695347,7.50000036e-05,10,0.011945839,263.879167,-0.00897209346,-0.00678515993,268.093872,263.738098,8.50075531,4.33990097,1.7397151,0.0853184238
16200.0,174.025133,1,0.248854607,167,8.25006008,0.197309285,1,148.754425,1,16.4411106,8.67026997,165.323876,1.70230019,0.00444583921,-0.000259004417,1.32231128,-0.0658307523,-0.0497846119,-0.0487042628,-0.0368326753,0.00847500004,-9.24524689,0.000150000007,10,0.0127337398,263.875,-0.00919925049,-0.00695694797,268.093903,263.601929,8.53694153,4.5988369,1.93226171,0.0891444609
16260.0,175.881354,1,0.242127821,167,8.25821781,0.197656095,1,141.545929,1,16.6245747,8.69941998,167.087287,1.3429774,0.00457630632,-0.00025071291,1.32231128,-0.0624674261,-0.047241088,-0.0459067561,-0.0347170569,0.0126750004,-8.94927979,9.99999975e-05,10,0.0124659203,263.870833,-0.00890475605,-0.00673423568,268.093719,263.673065,8.58846569,4.22424841,1.57154918,0.0877513513
16320.0,164.817251,1,0.245482549,167,8.26542664,0.19747889,1,144.826431,1,16.8393307,8.72041798,156.576388,1.20143783,0.00461618649,-0.000255360705,1.32231128,-0.0642530248,-0.0485914499,-0.0471296124,-0.0356418453,0.0124500003,-9.11518288,0.000125000006,10,0.0126826111,263.866667,-0.0090698339,-0.00685907621,268.093719,263.643463,8.51047707,4.4453702,1.64557123,0.0861039683
16380.0,166.628726,1,0.245426625,169,8.27816105,0.186807498,1,144.576477,1,16.8095016,8.70966625,158.29729,1.57501364,0.00448932592,-0.000255627412,1.32231128,-0.0644385591,-0.0487317629,-0.0468138754,-0.0354030691,0.00960000046,-9.12470341,0.000125000006,10,0.0119468244,263.8625,-0.00907930732,-0.00686624041,268.094147,263.664886,8.56472778,4.40824604,1.54587984,0.0856490508
16440.0,171.079751,1,0.24430041,169,8.2865696,0.187446147,1,144.85405,1,16.8008785,8.74428749,162.525764,1.04932117,0.0046472461,-0.000251641322,1.32231128,-0.0636107922,-0.0481057614,-0.0467107184,-0.0353250541,0.0130749997,-8.98241806,0.000199999995,10,0.013304607,263.858333,-0.00893772952,-0.00675917231,268.09491,263.700165,8.60168552,4.39924812,1.59417069,0.083372049
16500.0,171.368159,1,0.24501732,167,8.29329872,0.197156519,1,145.035736,1,16.8617935,8.81668186,162.799751,0.669982851,0.0045538689,-0.000253545179,1.32231128,-0.063944079,-0.0483578108,-0.047040496,-0.0355744511,0.0101749999,-9.05037785,9.99999975e-05,10,0.0124521991,263.854167,-0.00900535099,-0.00681031076,268.095459,263.727539,8.61363602,4.49598408,1.74253154,0.0846858248
16560.0,179.332933,1,0.248124197,169,8.30074596,0.186843842,1,147.184555,1,16.9418278,8.772645,170.366287,0.618857741,0.00441272184,-0.000259468768,1.32231128,-0.0658020228,-0.0497628823,-0.0479322933,-0.0362488739,0.0124000004,-9.2618227,9.99999975e-05,10,0.0120209595,263.85,-0.00921574421,-0.00696942117,268.095459,263.688812,8.57992649,4.43824911,1.57234442,0.0881900787
16620.0,175.74122,1,0.244585291,169,8.31026077,0.187544674,1,144.834976,1,16.7869568,8.94633675,166.954159,0.684110999,0.00439794641,-0.00025255591,1.32231128,-0.0641415417,-0.0485071428,-0.0462945849,-0.0350103527,0.0109999999,-9.01506519,0.000125000006,10,0.0120211216,263.845833,-0.00897021405,-0.00678373873,268.095551,263.662476,8.69879436,4.38814545,1.67919147,0.0851200819
16680.0,177.004719,1,0.244705111,169,8.31860447,0.188474447,1,144.314545,1,16.7984886,8.9483881,168.154483,0.592039645,0.00440226868,-0.000253839389,1.32231128,-0.0639022812,-0.0483262017,-0.0467556827,-0.0353590585,0.0118249999,-9.06087971,0.000150000007,10,0.0119628003,263.841667,-0.00901580043,-0.0068182135,268.095825,263.638977,8.7118721,4.52017307,1.50610518,0.0792892054
16740.0,183.801305,1,0.247069865,169,8.32334614,0.188251436,1,146.279556,1,17.1160583,8.86410427,174.61124,1.44533348,0.00443733064,-0.000257760083,1.32231128,-0.0653685108,-0.0494350381,-0.0473544113,-0.0358118489,0.00965000037,-9.20083046,0.000125000006,10,0.0119170286,263.8375,-0.00915505551,-0.00692352513,268.095825,263.609344,8.63886833,4.33139706,1.86313725,0.0851404443
16800.0,178.423029,1,0.244541809,169,8.33176613,0.189275548,1,143.339279,1,17.3049679,8.87646198,169.501878,0.891403198,0.00460666418,-0.000255055173,1.32231128,-0.0636453703,-0.0481319129,-0.0469270051,-0.0354886204,0.0102000004,-9.10427761,0.000199999995,10,0.0132747265,263.833333,-0.00905898307,-0.00685087033,268.095825,263.61618,8.67113686,4.46389484,1.38481915,0.0836080089
16860.0,182.606355,1,0.248225525,163,8.33822346,0.221667558,1,146.560944,1,17.6671944,8.86568928,173.476037,0.535598934,0.00441400288,-0.000260892179,1.32231128,-0.0655420497,-0.0495662801,-0.0483991988,-0.0366019718,0.0107000005,-9.31263161,9.99999975e-05,10,0.0119190263,263.829167,-0.00926630013,-0.00700765429,268.095825,263.628815,8.67575455,4.40120506,1.81657219,0.0925008878
16920.0,186.369238,1,0.24998717,169,8.35054493,0.190731645,1,147.733734,1,17.9628773,8.84434891,177.050776,0.849866986,0.00437337114,-0.000264370814,1.32231128,-0.0664322972,-0.0502395295,-0.0491472669,-0.0371676981,0.0110999998,-9.43680191,9.99999975e-05,10,0.0116536403,263.825,-0.0093898531,-0.00710109109,268.095825,263.639648,8.66374969,4.84090757,1.65827584,0.0940597206
16980.0,182.086179,1,0.248564675,169,8.35728931,0.190729409,1,146.707291,1,18.0750885,8.87419891,172.98187,1.84182405,0.00443369243,-0.000261701673,1.32231128,-0.0657198131,-0.0497007109,-0.0485335328,-0.0367035605,0.011775,-9.34152699,0.000150000007,10,0.0121601885,263.820833,-0.00929505192,-0.00702939788,268.095734,263.621002,8.66007423,4.2709341,1.52650201,0.0869634897
17040.0,177.695984,1,0.251707792,167,8.36768627,0.201780915,1,149.264862,1,18.0947037,8.90832615,168.811185,0.712026358,0.00439164182,-0.000267099065,1.32231128,-0.0673802271,-0.050956402,-0.0497851521,-0.0376501009,0.00987500045,-9.53418922,0.000250000012,10,0.013613116,263.816667,-0.00948675536,-0.0071743736,268.095886,263.645996,8.73502922,4.37319279,1.93843508,0.0906935185
17100.0,183.055162,1,0.247190505,167,8.37640095,0.202585474,1,145.849838,1,18.1848812,8.95095348,173.902403,2.58141971,0.0044531473,-0.000258898421,1.32231128,-0.0648368448,-0.0490329675,-0.0482120328,-0.0364604257,0.0113000004,-9.24146366,0.000174999994,10,0.0123186903,263.8125,-0.00919548608,-0.00695410091,268.096588,263.631897,8.73295212,4.50097179,1.87664604,0.0920629203
17160.0,182.093785,1,0.248602122,169,8.38232803,0.192530915,1,145.506836,1,18.1238041,8.98058224,172.989096,0.581477284,0.00430176407,-0.000263980037,1.32231128,-0.0659095645,-0.0498442128,-0.0483171754,-0.036539942,0.0114000002,-9.42285347,9.99999975e-05,10,0.0113017987,263.808333,-0.0093759736,-0.00709059509,268.096588,263.608856,8.76239777,4.44590425,1.80159593,0.0906869769
17220.0,186.691798,1,0.249434814,169,8.39304924,0.193204373,1,146.27655,1,17.820755,8.94929504,177.357208,0.60309571,0.00439195335,-0.000265238457,1.32231128,-0.0667328089,-0.0504667908,-0.0481173918,-0.0363888554,0.00957500003,-9.46777439,0.000174999994,10,0.0125372801,263.804167,-0.00942067057,-0.00712439697,268.096588,263.618134,8.73619938,4.52644539,1.64298797,0.089375928
17280.0,187.927549,1,0.252059788,167,8.39977741,0.204196513,1,148.072281,1,17.5995102,8.89417934,178.531171,0.483672053,0.00436539622,-0.000270381453,1.32231128,-0.0678451881,-0.0513080321,-0.0495482758,-0.0374709629,0.0121250004,-9.65135479,9.99999975e-05,10,0.0116026625,263.8,-0.00960333832,-0.00726253958,268.096558,263.558197,8.71055317,4.37848377,1.71404243,0.0972209722
17340.0,184.57369,1,0.251275748,167,8.40726757,0.203917265,1,146.169678,1,17.4347782,8.98881531,175.345006,0.946859717,0.00442525093,-0.000271352881,1.32231128,-0.0675616711,-0.0510936193,-0.0490511321,-0.0370949954,0.00960000046,-9.68602943,0.000125000006,10,0.0119503783,263.795833,-0.00963784009,-0.00728863198,268.096558,263.593445,8.72823811,4.29890156,1.53682208,0.0888402537
17400.0,188.132481,1,0.24966456,167,8.41386795,0.204358503,1,145.795288,1,17.6139412,8.95071316,178.725857,0.821078479,0.0044336291,-0.000266850024,1.32231128,-0.0667752996,-0.0504989251,-0.0483175069,-0.0365401916,0.010125,-9.52529812,0.000150000007,10,0.0123504968,263.791667,-0.00947790872,-0.00716768345,268.096558,263.61795,8.80781078,4.40434647,1.6561718,0.0907276943
17460.0,190.043478,1,0.250139415,169,8.42255878,0.193769217,1,145.898834,1,18.1559658,8.93802929,180.541304,0.478536874,0.00443255575,-0.000268185046,1.32231128,-0.0668459386,-0.0505523458,-0.0487542264,-0.036870461,0.0127250003,-9.57295227,0.000250000012,10,0.0132192234,263.7875,-0.00952532608,-0.00720354309,268.096588,263.572968,8.80425167,4.38784981,1.41536856,0.0900486335
17520.0,181.603131,1,0.252949715,169,8.43003273,0.193861648,1,146.979874,1,18.1538658,9.0163908,172.522974,0.563078642,0.00420694938,-0.00027528638,1.32231128,-0.0683812723,-0.0517134443,-0.0498217456,-0.0376777723,0.0122999996,-9.82643604,2.49999994e-05,10,0.010605894,263.783333,-0.00977754872,-0.0073942868,268.096558,263.598663,8.77904701,4.36246204,1.66814947,0.0991954207
17580.0,192.699354,1,0.254989475,169,8.43545914,0.194016844,1,148.947464,1,18.1524525,8.99444485,183.064386,0.317534119,0.00429104408,-0.000278274616,1.32231128,-0.069577992,-0.0526184663,-0.0505055413,-0.0381948948,0.0120750004,-9.93310356,2.49999994e-05,10,0.010976363,263.779167,-0.00988368504,-0.00747455237,268.096405,263.622162,8.76254749,4.44953251,1.65685773,0.0921185389
17640.0,188.945873,1,0.249855772,167,8.4424715,0.202740312,1,145.861496,1,17.9613533,9.03592968,179.498579,0.696709812,0.00443322863,-0.000267342228,1.32231128,-0.0667235628,-0.0504597984,-0.0486037582,-0.0367566682,0.0120000001,-9.54286766,0.000125000006,10,0.0120052844,263.775,-0.00949539058,-0.00718090404,268.096405,263.569794,8.8996067,4.53210831,1.51858068,0.0870840847
17700.0,183.464546,1,0.250352085,165,8.45224094,0.21224986,1,145.071609,1,17.9493046,8.9972105,174.291319,0.773746252,0.0044722273,-0.000270402845,1.32231128,-0.0667247996,-0.0504607335,-0.0491575412,-0.0371754691,0.0109999999,-9.65211678,0.000125000006,10,0.012240042,263.770833,-0.00960409641,-0.00726311328,268.096405,263.600769,8.84239388,4.46278667,1.48201871,0.0918743834
17760.0,173.945035,1,0.253106922,165,8.45466137,0.213179976,1,147.396698,1,17.9633102,9.0908432,165.247783,0.771434605,0.00435915822,-0.000275020022,1.32231128,-0.0682300627,-0.0515990928,-0.0502063297,-0.0379686169,0.011225,-9.81692886,9.99999975e-05,10,0.0117703136,263.766667,-0.00976808835,-0.00738713238,268.096252,263.57608,8.94412327,4.35602665,2.07548499,0.0956421793
17820.0,173.044714,1,0.25188306,167,8.46657944,0.203481287,1,146.451462,1,17.8297596,8.94124794,164.392479,0.75564146,0.00446844148,-0.000272799196,1.32231128,-0.0678044707,-0.0512772389,-0.0494042411,-0.0373620354,0.010675,-9.73765659,9.99999975e-05,10,0.0120052593,263.7625,-0.00968921091,-0.00732748117,268.096161,263.55957,8.76927948,4.33428049,1.97641671,0.0912302211
17880.0,177.453297,1,0.25178951,167,8.4761591,0.2033097,1,146.636673,1,17.837883,8.97212696,168.580632,3.06722927,0.0044072927,-0.000272151257,1.32231128,-0.0678222552,-0.0512906872,-0.0492739044,-0.0372634679,0.0115250004,-9.71452713,0.000150000007,10,0.0122779291,263.758333,-0.00966619607,-0.00731007615,268.096252,263.461945,8.82559395,4.48340178,1.86496186,0.0922193453
17940.0,177.158179,1,0.251073569,169,8.47861481,0.194003895,1,145.656357,1,18.2135029,9.08015442,168.30027,0.881816506,0.00443165842,-0.000271652418,1.32231128,-0.0678994656,-0.0513490774,-0.0483513027,-0.0365657508,0.01095,-9.69672108,0.000125000006,10,0.0118953716,263.754167,-0.00964847859,-0.00729667721,268.096405,263.473755,8.85346985,4.42316675,1.64359164,0.0965523049
18000.0,184.425862,1,0.252475679,167,8.49117279,0.204026893,1,145.544037,1,18.8164406,9.09713078,175.204569,0.4381015,0.00430370122,-0.000276442152,1.32231128,-0.0686587542,-0.0519232899,-0.0488945022,-0.036976546,0.0114500001,-9.86769295,7.50000036e-05,10,0.0112875365,263.75,-0.00981859956,-0.00742533151,268.096405,263.554962,8.7974205,4.37559128,1.82238114,0.0970490351
18060.0,179.889792,1,0.252939939,165,8.50576496,0.213569582,1,147.160049,1,18.9736328,8.99122715,170.895302,2.78836894,0.00445771776,-0.000274917489,1.32231128,-0.0689950809,-0.0521776378,-0.0489569046,-0.037023738,0.0116750002,-9.81326866,0.000224999996,10,0.012504667,263.745833,-0.00976444688,-0.00738437846,268.096588,263.577972,8.80815411,4.57520103,1.57099843,0.0931778252
18120.0,180.389902,1,0.253607422,165,8.51312542,0.213366568,1,147.000443,1,18.706171,8.98596478,171.370407,0.6639148,0.00452535739,-0.000277400512,1.32231128,-0.0688754916,-0.0520871989,-0.049890995,-0.0377301425,0.0120249996,-9.90190125,0.000224999996,10,0.0134085389,263.741667,-0.00985263847,-0.00745107327,268.096588,263.571594,8.80677032,4.58611917,1.74400306,0.0921511203
18180.0,181.180229,1,0.252381146,165,8.52237892,0.213513717,1,146.291245,1,18.7592335,8.98433113,172.121218,1.06288373,0.00444325106,-0.0002747213,1.32231128,-0.0681716949,-0.0515549518,-0.0494639724,-0.0374072082,0.0116250003,-9.80626678,0.000174999994,10,0.0126633393,263.7375,-0.00975747965,-0.00737910951,268.096588,263.467346,8.81551933,4.47294664,1.82509232,0.0909638554
18240.0,176.756671,1,0.256851733,165,8.52790642,0.213409245,1,148.051498,1,18.9497509,9.01868343,167.918838,1.61628997,0.00439909101,-0.000286137452,1.32231128,-0.0705294162,-0.0533379838,-0.0513402708,-0.0388261601,0.0113749998,-10.213769,0.000224999996,10,0.01257075,263.733333,-0.0101629542,-0.00768575026,268.096558,263.456909,8.83060455,4.61367035,1.63597941,0.0948484764
18300.0,168.334059,1,0.254213154,165,8.53583622,0.213312998,1,145.663467,1,18.4215527,9.0875597,159.917356,1.35723746,0.00438001985,-0.000281957327,1.32231128,-0.0693267733,-0.0524284802,-0.0499609411,-0.0377830416,0.0105250003,-10.064559,9.99999975e-05,10,0.0116547123,263.729167,-0.0100144865,-0.0075734714,268.096558,263.484985,8.91258812,4.44753361,1.78679228,0.092453897
18360.0,179.365313,1,0.255143315,165,8.54540825,0.211969033,1,145.690506,1,18.5868225,9.09127522,170.397048,0.859609187,0.00430987729,-0.000285010814,1.32231128,-0.0699808374,-0.0529231206,-0.0501242727,-0.037906561,0.0120000001,-10.1735535,9.99999975e-05,10,0.0115975887,263.725,-0.010122939,-0.00765548879,268.096558,263.52713,8.82964706,4.44754696,1.66148353,0.0935020968
18420.0,172.27175,1,0.25592494,165,8.55395985,0.212539867,1,146.885117,1,18.5854778,9.04922676,163.658163,0.903028905,0.00429439358,-0.000285298884,1.32231128,-0.0706221312,-0.0534080975,-0.0501347519,-0.0379144847,0.010125,-10.183836,7.50000036e-05,10,0.0112621356,263.720833,-0.0101331705,-0.00766322622,268.096588,263.553925,8.84308815,4.67737627,1.79572213,0.0946042985
18480.0,184.154072,1,0.25455451,165,8.55783558,0.214091659,1,147.448944,1,18.4831562,9.0951786,174.946368,0.593523264,0.00445199525,-0.000279666681,1.32231128,-0.0696368739,-0.0526629947,-0.049922999,-0.0377543457,0.0112500004,-9.98279381,0.000150000007,10,0.0127354814,263.716667,-0.00993312802,-0.00751194358,268.096588,263.482697,8.85064316,4.82602262,1.49900985,0.0939891934
18540.0,166.105724,1,0.254425675,161,8.57178783,0.231789112,1,145.986908,1,18.1004906,9.11450768,157.800438,1.07522023,0.00448453519,-0.000282038789,1.32231128,-0.0695557222,-0.0526016243,-0.0498873591,-0.0377273932,0.012325,-10.0674667,0.000150000007,10,0.0125648193,263.7125,-0.0100173801,-0.00757565955,268.096588,263.532745,8.88634872,4.4313283,1.71413875,0.0911894292
18600.0,170.334932,1,0.256019056,163,8.58000088,0.222491264,1,147.840546,1,18.1288567,9.06010628,161.818185,1.32139111,0.00434988458,-0.000283767964,1.32231128,-0.0705520064,-0.053355068,-0.0503431372,-0.0380720757,0.0115250004,-10.1291904,4.99999987e-05,10,0.0111819571,263.708333,-0.0100787962,-0.00762210554,268.096588,263.53009,8.85346222,4.99524689,1.58621621,0.0917955339
18660.0,173.250124,1,0.251536071,163,8.58726311,0.223526463,1,144.231995,1,18.3930607,9.09622669,164.587617,0.616063774,0.00441230321,-0.000275853934,1.32231128,-0.0679142848,-0.0513602868,-0.0488587096,-0.0369494781,0.0127750002,-9.84669685,0.000150000007,10,0.0125460848,263.704167,-0.00979770813,-0.00740953209,268.097168,263.405975,8.87023735,4.4340682,1.75358486,0.096850425
18720.0,178.948964,1,0.255124927,163,8.60249615,0.223711878,1,147.09201,1,18.3099079,9.09367561,170.001516,1.74859536,0.0044522481,-0.000282234192,1.32231128,-0.070333682,-0.0531899594,-0.0496064238,-0.0375149362,0.0111999996,-10.074441,0.000150000007,10,0.0124027906,263.7,-0.0100243194,-0.00758090755,268.098694,263.510498,8.91760635,4.41545868,1.65934324,0.0971296653
18780.0,168.061588,1,0.255800039,165,8.61094856,0.213523999,1,147.138351,1,17.9557667,9.14650726,159.658509,1.30657446,0.00448700227,-0.000284391048,1.32231128,-0.0706840977,-0.0534549616,-0.0499009192,-0.0377376489,0.0109000001,-10.1514311,0.000150000007,10,0.0126774264,263.695833,-0.0101009263,-0.0076388414,268.099487,263.528259,8.91689682,4.43822861,1.59697104,0.0929539576
18840.0,173.184096,1,0.253786683,165,8.62113667,0.213770628,1,145.620438,1,17.7875061,9.16936111,164.524891,0.414737999,0.00439353846,-0.000280623557,1.32231128,-0.0695304722,-0.0525825284,-0.0491826423,-0.0371944495,0.0104499999,-10.0169497,7.50000036e-05,10,0.0116047375,263.691667,-0.00996711385,-0.00753764575,268.099487,263.500336,8.92739868,4.30927181,1.84921145,0.101380751
18900.0,172.596524,1,0.25313437,165,8.62999153,0.213249639,1,144.756927,1,17.6033077,9.13200855,163.966698,2.86501217,0.00445261737,-0.000280126405,1.32231128,-0.0686896369,-0.0519466475,-0.0496071093,-0.037515454,0.0123749999,-9.99920368,0.000125000006,10,0.0118378373,263.6875,-0.00994945597,-0.00752429198,268.099701,263.411743,8.86902809,4.57774067,1.62745547,0.0965505391
18960.0,180.662604,1,0.249701917,165,8.6397934,0.213705644,1,142.568314,1,17.6568851,9.13354588,171.629473,0.596848845,0.00460080709,-0.000273012585,1.32231128,-0.0670369416,-0.0506967939,-0.0479962192,-0.036297217,0.00965000037,-9.74527264,0.000125000006,10,0.0126676848,263.683333,-0.00969678909,-0.00733321207,268.100861,263.413574,8.91157722,4.29023266,1.84126592,0.0880827978
19020.0,175.237142,1,0.251897573,165,8.64785385,0.213517308,1,144.149216,1,18.4167538,9.14505482,166.475285,1.5632242,0.00451946585,-0.000277204119,1.32231128,-0.0684228912,-0.0517449193,-0.0485608652,-0.0367242321,0.0104499999,-9.89489079,0.000199999995,10,0.0128786396,263.679167,-0.00984566286,-0.00744579826,268.101013,263.518524,8.89986229,4.40097618,1.77294421,0.0903380811
19080.0,176.874263,1,0.253716141,165,8.65622139,0.213303417,1,145.179001,1,18.4188938,9.16391659,168.03055,1.12558997,0.0044211694,-0.000281242217,1.32231128,-0.0694681257,-0.0525353812,-0.0491887927,-0.0371991023,0.00972499978,-10.0390329,0.000125000006,10,0.0120874606,263.675,-0.00998908747,-0.00755426334,268.101013,263.536285,8.91146564,4.44247007,1.71635175,0.0941789076
19140.0,177.920156,1,0.250694871,163,8.66368294,0.222543463,1,144.053833,1,18.2375717,9.24236965,169.024148,0.383303702,0.00430384465,-0.000273433368,1.32231128,-0.0676666051,-0.0511729755,-0.0482450835,-0.0364854224,0.0120000001,-9.76029396,4.99999987e-05,10,0.0111175561,263.670833,-0.00971173495,-0.00734451506,268.101013,263.520782,9.06403732,4.40614223,1.70461631,0.0906657949
19200.0,165.269374,1,0.252069086,167,8.67270088,0.203521624,1,143.714478,1,18.0872688,9.16230679,157.005905,1.59828711,0.00456233276,-0.000278611027,1.32231128,-0.0684885308,-0.0517945588,-0.0486658365,-0.0368036143,0.0102249999,-9.94511127,0.000174999994,10,0.01269753,263.666667,-0.00989563297,-0.00748358807,268.100861,263.497498,9.00150585,4.4585743,1.79225016,0.0911638364
19260.0,169.616553,1,0.251491964,165,8.68400383,0.212788329,1,144.462814,1,18.2493191,9.17357922,161.135726,0.884717047,0.00444148434,-0.000275268307,1.32231128,-0.068305552,-0.0516561829,-0.0482593589,-0.0364962183,0.011225,-9.82579231,0.000174999994,10,0.0124456976,263.6625,-0.00977690797,-0.00739380205,268.100861,263.491486,8.90198326,4.84128714,1.46808183,0.087930575
19320.0,177.14081,1,0.255000472,165,8.6920023,0.212793574,1,146.324951,1,18.6320515,9.15216351,168.28377,0.931376815,0.00426132372,-0.000283298694,1.32231128,-0.0701657012,-0.0530629233,-0.0496986583,-0.0375846885,0.01095,-10.1124392,0.000125000006,10,0.0114896651,263.658333,-0.0100621283,-0.00760950055,268.10083,263.481476,8.98898125,4.50164795,1.83526421,0.103733756
19380.0,175.257017,1,0.256983429,165,8.70314407,0.212833732,1,147.717453,1,18.9870815,9.35842896,166.494166,0.955198765,0.00424090959,-0.000287225907,1.32231128,-0.0708835721,-0.0536058135,-0.0510035492,-0.0385715142,0.010675,-10.2526226,0.000174999994,10,0.0119099747,263.654167,-0.0102016144,-0.0077149868,268.100769,263.458435,9.07029724,4.43350506,1.79291022,0.100150958
19440.0,174.568189,1,0.252197266,165,8.70970345,0.213590577,1,144.309128,1,19.1339588,9.22138309,165.83978,0.760335505,0.00448586419,-0.0002778864,1.32231128,-0.0686253682,-0.0518980436,-0.048620671,-0.0367694609,0.0119249998,-9.91924667,0.000224999996,10,0.0130110858,263.65,-0.00986989681,-0.00746412529,268.100769,263.428314,9.07901382,4.55098057,1.67398787,0.0907804593
19500.0,171.992395,1,0.251851827,163,8.71410847,0.223575547,1,144.151672,1,19.0181141,9.21739101,163.392776,1.38292325,0.00460914709,-0.000277048384,1.32231128,-0.0682017207,-0.0515776575,-0.0488186665,-0.0369191952,0.0100999996,-9.88933277,0.000150000007,10,0.0124973599,263.645833,-0.00984013174,-0.00744161522,268.100769,263.496307,8.96216297,4.4819212,1.57249129,0.095165506
19560.0,165.466364,1,0.252790123,161,8.71905518,0.232501358,1,144.310944,1,18.879509,9.2562418,157.193045,1.48169649,0.00437516533,-0.000279847271,1.32231128,-0.0686756,-0.0519360304,-0.0492323078,-0.0372320116,0.0113000004,-9.98923969,9.99999975e-05,10,0.0116152614,263.641667,-0.00993954204,-0.00751679437,268.101044,263.435089,8.95007896,4.57838678,1.76699269,0.101249777
19620.0,171.889715,1,0.255984396,167,8.73176861,0.204835355,1,146.049438,1,18.4570618,9.20366383,163.295229,1.39474785,0.00455070473,-0.000287131377,1.32231128,-0.0708837435,-0.0536059439,-0.0498341843,-0.0376871824,0.00952500012,-10.2492485,0.000125000006,10,0.0127934208,263.6375,-0.0101982569,-0.00771244802,268.101654,263.403107,9.02651787,4.40105009,1.66060448,0.0967721343
19680.0,174.641966,1,0.255296677,167,8.74043274,0.205099195,1,146.597183,1,18.4236946,9.27964306,165.909868,1.08715951,0.0044704508,-0.000283759175,1.32231128,-0.0702172518,-0.0531019084,-0.0499712974,-0.0377908722,0.0106499996,-10.1288757,0.000174999994,10,0.0128400745,263.633333,-0.0100784833,-0.00762186898,268.101776,263.440369,9.09182167,4.4462471,2.05741119,0.096106641
19740.0,177.992443,1,0.257593542,165,8.75105095,0.214215323,1,147.159042,1,18.5752258,9.21902657,169.092821,0.503126562,0.00438757194,-0.000290374184,1.32231128,-0.072013244,-0.0544601306,-0.0501259938,-0.0379078612,0.0106250001,-10.3650007,0.000199999995,10,0.0125524243,263.629167,-0.0103134336,-0.00779955043,268.101715,263.442291,9.01966476,4.53305006,1.67540956,0.103056692
19800.0,174.541869,1,0.258333653,167,8.7585144,0.203938067,1,147.460663,1,18.2821293,9.22798729,165.814776,2.51758385,0.00449542748,-0.000292285142,1.32231128,-0.0727207512,-0.0549951829,-0.0499907173,-0.0378055573,0.0112749999,-10.4332132,0.000274999999,10,0.0132567035,263.625,-0.0103813065,-0.0078508798,268.101593,263.382751,9.012537,4.51657677,1.63463688,0.0939540863
19860.0,170.310486,1,0.257149726,165,8.77143383,0.21362868,1,145.315186,1,18.0749283,9.37281895,161.794962,1.5100981,0.00442493102,-0.000292541285,1.32231128,-0.0719733089,-0.0544299297,-0.0496532433,-0.0375503451,0.0105250003,-10.442358,0.000174999994,10,0.0128938081,263.620833,-0.0103904055,-0.00785776041,268.101501,263.434967,9.18910122,4.44737291,1.49831343,0.0941111445
19920.0,174.601836,1,0.253912359,165,8.77758789,0.213964045,1,144.916626,1,17.5671825,9.22971821,165.871744,0.507573605,0.00441002939,-0.000282405585,1.32231128,-0.0702332258,-0.0531139895,-0.0483227856,-0.0365441814,0.0107749999,-10.0805607,9.99999975e-05,10,0.0117463451,263.616667,-0.0100304084,-0.00758551201,268.101654,263.46759,9.01535416,4.39772844,1.48543525,0.0901413262
19980.0,167.251628,1,0.254978359,165,8.79010391,0.213039771,1,145.036713,1,17.7596016,9.44439411,158.889046,1.81938803,0.00469985791,-0.000285740622,1.32231128,-0.0709201023,-0.0536334403,-0.0485896543,-0.0367460027,0.0125500001,-10.199605,0.000199999995,10,0.013355745,263.6125,-0.0101488605,-0.00767509174,268.101715,263.427673,9.19904804,4.35639954,1.73059797,0.0905372202
20040.0,175.057407,1,0.255488694,165,8.7980175,0.212479189,1,145.756378,1,17.5905609,9.33894348,166.304537,2.43378544,0.00459825806,-0.000286040478,1.32231128,-0.0710804462,-0.0537546985,-0.0489646196,-0.0370295718,0.0124749998,-10.210309,0.000300000014,10,0.0135594178,263.608333,-0.0101595111,-0.00768314628,268.102509,263.409851,9.0771656,4.45663404,1.72296941,0.0951194689
20100.0,174.832784,1,0.25646773,165,8.79991913,0.212053046,1,145.706833,1,17.5925961,9.33104038,166.091144,1.10266113,0.00446663424,-0.000289439806,1.32231128,-0.071483843,-0.05405977,-0.0495467,-0.0374697708,0.0100250002,-10.3316488,7.50000036e-05,10,0.0117704105,263.604167,-0.0102802478,-0.00777445361,268.103058,263.414795,9.14632893,4.27734756,1.73261571,0.0959017798
20160.0,175.214877,1,0.251088351,163,8.80989933,0.22108458,1,142.292587,1,17.6232014,9.26628208,166.454133,1.71511841,0.0046262471,-0.000278123363,1.32231128,-0.0681280419,-0.0515219383,-0.0480457135,-0.036334645,0.0122999996,-9.92770386,0.000250000012,10,0.0136082629,263.6,-0.00987831224,-0.00747048948,268.102936,263.434082,9.08757782,4.43490696,1.72859621,0.094261013
20220.0,170.774268,1,0.253115118,163,8.82190132,0.220658123,1,141.791321,1,17.846365,9.28135586,162.235554,1.07663333,0.00461867498,-0.000285920018,1.32231128,-0.069037497,-0.0522097163,-0.0490995869,-0.0371316411,0.0126750004,-10.2060089,0.000125000006,10,0.0125877149,263.595833,-0.0101552326,-0.00767991086,268.102905,263.391876,9.0293026,4.40843058,1.67184389,0.0994477645
20280.0,169.578505,1,0.257108659,165,8.82627869,0.211321294,1,145.212234,1,18.1346378,9.26582241,161.09958,2.13169765,0.00455531804,-0.000292608485,1.32231128,-0.0713365749,-0.0539483987,-0.0505154505,-0.0382023901,0.0114500001,-10.4447546,0.000224999996,10,0.0136003727,263.591667,-0.0103927907,-0.00785956439,268.102905,263.39267,9.06100559,4.34333897,1.90048265,0.10005112
20340.0,172.516733,1,0.253641725,165,8.8356266,0.211706892,1,143.081543,1,18.2879143,9.35872078,163.890897,1.38932884,0.00462366128,-0.000285113958,1.32231128,-0.0693927631,-0.052478388,-0.0492088087,-0.0372142382,0.0130249998,-10.1772356,0.000250000012,10,0.0136178555,263.5875,-0.0101266028,-0.00765825948,268.102936,263.384949,9.11961842,4.72673225,1.55766797,0.0940539911
20400.0,174.844236,1,0.25730601,165,8.83904171,0.211807773,1,146.428513,1,18.5965843,9.35498619,166.102024,3.65966368,0.0043960195,-0.000290846714,1.32231128,-0.0714721531,-0.0540509298,-0.0505562611,-0.0382332541,0.0112749999,-10.3818684,7.50000036e-05,10,0.0115143415,263.583333,-0.010330217,-0.00781224295,268.103149,263.384064,9.14947701,4.49424791,1.67481327,0.0934459195
20460.0,170.944258,1,0.256010383,163,8.84497452,0.221471876,1,145.457703,1,18.7356472,9.3344326,162.397045,0.506091774,0.00438798126,-0.000288387237,1.32231128,-0.0709126368,-0.0536277927,-0.049823679,-0.0376792364,0.0101749999,-10.2940769,7.50000036e-05,10,0.0115078436,263.579167,-0.0102428626,-0.00774618099,268.103363,263.436371,9.12565994,4.44796419,1.56000352,0.0910917148
20520.0,169.995823,1,0.25046435,165,8.8585043,0.211451516,1,141.340988,1,18.8113613,9.39460468,161.496032,1.18358886,0.00448701018,-0.000277913496,1.32231128,-0.0676803142,-0.0511833429,-0.0479621515,-0.0362714529,0.0120249996,-9.92021275,7.50000036e-05,10,0.0117729474,263.575,-0.00987085886,-0.00746485265,268.103485,263.258514,9.12120819,4.59244347,1.65182018,0.0897753611
20580.0,170.379429,1,0.253456384,163,8.86897564,0.220955342,1,143.484909,1,19.1539593,9.29209614,161.860457,0.804982901,0.0046008057,-0.000283689646,1.32231128,-0.0698012933,-0.0527873375,-0.0484098345,-0.0366100147,0.0115999999,-10.1263943,0.000224999996,10,0.0136884656,263.570833,-0.0100760143,-0.00762000168,268.103455,263.317505,9.10174847,4.56902695,1.57242942,0.0963094234
20640.0,170.035584,1,0.260612428,165,8.87618637,0.211414725,1,148.484863,1,18.9705772,9.3173275,161.533805,1.53905523,0.00434435392,-0.000298018509,1.32231128,-0.0738570988,-0.0558545478,-0.0510973558,-0.0386424549,0.0100750001,-10.637867,0.000150000007,10,0.0120494962,263.566667,-0.0105849421,-0.00800487958,268.103455,263.382721,9.14706802,4.54173183,1.66886878,0.0950486064
20700.0,170.920383,1,0.25835067,165,8.88755798,0.211493239,1,146.214737,1,18.8602829,9.33418655,162.374364,0.772880197,0.00435740082,-0.000294834026,1.32231128,-0.072825402,-0.0550743267,-0.0498587079,-0.0377057269,0.0121750003,-10.5241966,9.99999975e-05,10,0.0120271901,263.5625,-0.0104718376,-0.00791934412,268.103485,263.352661,9.12091637,4.40163898,1.56181729,0.0945982412
20760.0,167.061616,1,0.258496076,167,8.89527702,0.201181918,1,145.923965,1,19.2148247,9.3290205,158.708535,1.10291791,0.00451079756,-0.000295920618,1.32231128,-0.0728478953,-0.0550913364,-0.0500016659,-0.0378138386,0.0101500005,-10.5629826,0.000274999999,10,0.013608383,263.558333,-0.0105104307,-0.00794852991,268.103485,263.38736,9.12063026,4.48269367,1.51292229,0.0965134799
20820.0,163.918417,1,0.260037631,165,8.90388107,0.210025817,1,147.769409,1,19.2691689,9.38443089,155.722496,1.12502789,0.00430275267,-0.000297484308,1.32231128,-0.0737087131,-0.0557423308,-0.0506153367,-0.0382779278,0.0120750004,-10.6188002,0.000174999994,10,0.0122838803,263.554167,-0.0105659701,-0.00799053162,268.10437,263.35321,9.16216469,4.55344915,1.78226316,0.0989537686
20880.0,169.798429,1,0.258428097,167,8.91237736,0.200022012,1,146.590286,1,18.8579159,9.36719513,161.308508,0.983966231,0.00436675223,-0.000294343161,1.32231128,-0.0724805444,-0.0548135266,-0.0504513904,-0.0381539427,0.0131000001,-10.5066757,7.50000036e-05,10,0.011620447,263.55,-0.0104544042,-0.00790615939,268.107147,263.344635,9.19024277,4.43312407,1.64501023,0.0999313816
20940.0,170.62694,1,0.26004222,165,8.92087269,0.209891334,1,148.029678,1,18.3810253,9.43132877,162.095593,0.920078218,0.00430993643,-0.000296976941,1.32231128,-0.0737298504,-0.0557583161,-0.0505901016,-0.0382588431,0.0117250001,-10.6006899,0.000150000007,10,0.011728623,263.545833,-0.0105479499,-0.00797690358,268.107513,263.370453,9.28723335,4.6268158,1.71055317,0.0963468552
21000.0,169.099682,1,0.253634751,167,8.92694187,0.199903414,1,142.488647,1,18.5182343,9.34945107,160.644697,1.46297061,0.00461391266,-0.000286276685,1.32231128,-0.0701208264,-0.0530289859,-0.0481574051,-0.0364191122,0.0117250001,-10.2187395,0.000250000012,10,0.0137555879,263.541667,-0.0101679005,-0.00768949091,268.107513,263.346069,9.19578934,4.48363447,1.65079284,0.094424136
21060.0,173.596083,1,0.257005692,165,8.93222618,0.210013986,1,145.158218,1,19.0281544,9.4134922,164.916279,2.75660682,0.00460779946,-0.000292365788,1.32231128,-0.0718873143,-0.0543648936,-0.0496054403,-0.0375141911,0.0116999997,-10.4360924,0.000174999994,10,0.0128453579,263.5375,-0.0103841713,-0.00785304606,268.107483,263.34967,9.14593792,4.38542414,1.68061519,0.100047596
21120.0,174.388088,1,0.261018127,167,8.94365215,0.200080708,1,147.666275,1,19.3777466,9.36689758,165.668683,0.578460634,0.00448449189,-0.000301072228,1.32231128,-0.0741051883,-0.0560421646,-0.0512305796,-0.0387432054,0.0110750003,-10.746871,0.000174999994,10,0.0128962724,263.533333,-0.0106934039,-0.00808690395,268.107513,263.387268,9.21312332,4.90857029,1.63741541,0.0977705568
21180.0,163.929753,1,0.257447571,165,8.94909096,0.209630355,1,146.046844,1,19.2193794,9.41588974,155.733265,2.20044875,0.00452417182,-0.000292088371,1.32231128,-0.072119467,-0.0545404628,-0.0497982763,-0.0376600251,0.0113500003,-10.4261894,0.000224999996,10,0.0130198728,263.529167,-0.0103743179,-0.00784559455,268.107513,263.350616,9.19974518,4.52658987,1.66759336,0.0957863927
21240.0,173.036674,1,0.257258952,167,8.95844078,0.199546039,1,145.305847,1,19.2700596,9.42196655,164.38484,0.618158042,0.00438581407,-0.00029293308,1.32231128,-0.071736671,-0.0542509705,-0.050124336,-0.0379066095,0.0114249997,-10.4563417,7.50000036e-05,10,0.0114883194,263.525,-0.0104043204,-0.00786828343,268.107666,263.242065,9.2865839,4.42701817,1.65612531,0.0925813094
21300.0,170.060774,1,0.257136583,167,8.96683407,0.199806824,1,145.446899,1,19.2010059,9.39877892,161.557736,2.44499969,0.00454202248,-0.000292231562,1.32231128,-0.072245352,-0.0546356626,-0.0492407046,-0.0372383595,0.00992500037,-10.4313011,9.99999975e-05,10,0.0120389378,263.520833,-0.0103794038,-0.00784944091,268.108185,263.308136,9.24047661,4.47399235,1.73044801,0.0948002785
21360.0,163.843718,1,0.259121805,165,8.97416782,0.20930396,1,145.69957,1,19.2080364,9.4291811,155.651532,2.69538903,0.00445485208,-0.00029853388,1.32231128,-0.0731631741,-0.0553297661,-0.0502991043,-0.0380387791,0.0118000004,-10.6562643,0.000224999996,10,0.0129165696,263.516667,-0.0106032481,-0.00801872276,268.110077,263.267853,9.16893387,4.45723724,1.62727761,0.100888886
21420.0,168.382713,1,0.258112937,167,8.98297501,0.198599324,1,145.003128,1,19.0069599,9.45264149,159.963577,0.839240313,0.00451741228,-0.000296477636,1.32231128,-0.0727709457,-0.0550331436,-0.0496506616,-0.037548393,0.0124000004,-10.5828657,0.000224999996,10,0.0134471599,263.5125,-0.0105302148,-0.0079634916,268.110229,263.319427,9.23349094,4.46696186,1.86908865,0.0971951261
21480.0,172.644936,1,0.259600192,167,8.99293232,0.198942676,1,145.784363,1,19.1816883,9.47628975,164.012689,3.49925828,0.00450399099,-0.00030001573,1.32231128,-0.0733956546,-0.0555055812,-0.0505400747,-0.0382210128,0.0118000004,-10.7091599,0.000150000007,10,0.0121071516,263.508333,-0.0106558809,-0.00805852655,268.110199,263.307922,9.23821068,4.39747238,1.9351151,0.10024529
21540.0,168.323323,1,0.258817643,165,9.00251389,0.207908466,1,145.13829,1,19.2514076,9.51991749,159.907157,0.933825016,0.00447590323,-0.000298634259,1.32231128,-0.0731541291,-0.0553229265,-0.0499437451,-0.0377700366,0.011225,-10.6598473,0.000199999995,10,0.0129489498,263.504167,-0.0106068132,-0.00802141894,268.110077,263.276001,9.25872135,4.4273777,1.57664013,0.0970122889
21600.0,173.628262,1,0.256940395,165,9.00956535,0.208248615,1,143.616333,1,18.9131927,9.4822073,164.946849,1.30817139,0.00462259771,-0.000295279548,1.32231128,-0.072012946,-0.0544599034,-0.0493444428,-0.0373168141,0.00977499969,-10.5401001,0.000300000014,10,0.0142774265,263.5,-0.0104876617,-0.00793131068,268.109772,263.275177,9.2684536,4.55345345,1.7390368,0.0941985622
21660.0,175.496331,1,0.258174449,165,9.01486206,0.208692953,1,146.121185,1,18.6836739,9.48836327,166.721515,1.4375906,0.0045486521,-0.000294419529,1.32231128,-0.0723466352,-0.0547122583,-0.0503405072,-0.0380700864,0.00985000003,-10.5094004,0.000174999994,10,0.0124490131,263.495833,-0.0104571152,-0.00790821016,268.109772,263.31485,9.28474712,4.49180365,1.62677073,0.0947861597
21720.0,170.847015,1,0.254752219,167,9.02431297,0.198734909,1,143.143936,1,19.1111908,9.55032158,162.304664,0.983491838,0.00463416288,-0.000288749317,1.32231128,-0.0706949681,-0.0534631833,-0.0486482866,-0.0367903449,0.0114500001,-10.3070021,0.000150000007,10,0.0127549665,263.491667,-0.0102557233,-0.00775590679,268.109772,263.329651,9.32434273,4.52122021,1.64726281,0.0924934819
21780.0,172.409008,1,0.257286847,167,9.02995968,0.198159218,1,143.500687,1,19.1402855,9.593997,163.788558,1.00715768,0.00448357593,-0.000296714483,1.32231128,-0.0720534176,-0.0544905104,-0.0497013703,-0.0375867411,0.0111750001,-10.591321,0.000174999994,10,0.0128829787,263.4875,-0.0105386274,-0.00796985347,268.109772,263.292603,9.38926506,4.56628609,1.73755395,0.101379648
21840.0,175.119868,1,0.258380681,167,9.03168678,0.198401049,1,144.967255,1,19.2220325,9.57735157,166.363874,0.933688283,0.00448878575,-0.00029747482,1.32231128,-0.0728732422,-0.055110503,-0.049825117,-0.0376803242,0.0115999999,-10.6184607,0.000224999996,10,0.0133991139,263.483333,-0.010565633,-0.00799027644,268.11026,263.216003,9.31744003,4.5664978,1.70751882,0.0988226384
21900.0,169.724862,1,0.255787343,167,9.04212379,0.198442295,1,143.632278,1,19.1942196,9.54987717,161.238619,0.425566792,0.00451604463,-0.000291289674,1.32231128,-0.0710840002,-0.0537573881,-0.0493145324,-0.0372941941,0.0123749999,-10.3976803,0.000150000007,10,0.0128989825,263.479167,-0.0103459507,-0.00782414153,268.11084,263.284271,9.28486729,4.56180954,1.86547339,0.0972678736
21960.0,171.077635,1,0.256605297,167,9.04704571,0.197929025,1,143.072433,1,19.5060596,9.58697224,162.523754,1.5615586,0.00467380648,-0.000295243924,1.32231128,-0.0715841278,-0.0541356094,-0.0495658368,-0.0374842435,0.0109750004,-10.5388279,9.99999975e-05,10,0.0129597597,263.475,-0.010486396,-0.00793035328,268.110962,263.261047,9.31934357,4.49879169,1.653301,0.101444177
22020.0,163.50336,1,0.257567942,165,9.05148506,0.20771189,1,143.836609,1,19.1967354,9.50797844,155.328192,0.45703429,0.0043980442,-0.000296992832,1.32231128,-0.0722337142,-0.0546268597,-0.0497770272,-0.0376439542,0.00942500029,-10.6012564,9.99999975e-05,10,0.0117759854,263.470833,-0.0105485134,-0.00797733013,268.111359,263.239227,9.33234406,4.56141376,1.8761611,0.0978153795
22080.0,163.257353,1,0.257815659,167,9.0592432,0.196844369,1,143.074631,1,19.0621624,9.55010509,155.094485,0.716070831,0.00446224818,-0.000299436855,1.32231128,-0.0724172518,-0.0547656603,-0.0498081222,-0.0376674719,0.0112500004,-10.6884956,7.50000036e-05,10,0.0118774697,263.466667,-0.0106353192,-0.00804297719,268.111359,263.291443,9.27561378,4.60621834,1.54650879,0.0909634531
22140.0,167.26111,1,0.255470842,167,9.07044601,0.196804464,1,143.039047,1,19.1474075,9.56736851,158.898054,1.36767781,0.00460477732,-0.000291413337,1.32231128,-0.0711928234,-0.0538396835,-0.0487797745,-0.0368897803,0.0100999996,-10.4020939,0.000174999994,10,0.0132941082,263.4625,-0.0103503419,-0.00782746263,268.111359,263.28717,9.34801769,4.53484011,1.77056408,0.0961462185
22200.0,169.364937,1,0.256862342,169,9.07756424,0.185853213,1,142.903,1,19.173151,9.55197048,160.89669,1.07083583,0.00459190691,-0.000296483136,1.32231128,-0.0717528164,-0.054263182,-0.0496287718,-0.0375318378,0.0104750004,-10.5830622,0.000150000007,10,0.0127879689,263.458333,-0.0105304103,-0.00796363968,268.111359,263.23056,9.37077522,4.45627975,2.02533793,0.096410118
22260.0,163.412443,1,0.262013167,165,9.08603764,0.205702037,1,147.364716,1,19.1459675,9.57729721,155.241821,1.63047469,0.00453173788,-0.000305151741,1.32231128,-0.0750973597,-0.0567924976,-0.0510000587,-0.0385688767,0.0102749998,-10.8924913,0.000174999994,10,0.0129570132,263.454167,-0.0108383,-0.0081964815,268.111359,263.249695,9.4724102,4.61628199,1.64367795,0.101763345
22320.0,164.500076,1,0.256752282,165,9.09350204,0.20465377,1,143.605103,1,18.9642811,9.57231808,156.275072,1.61047375,0.00456344662,-0.000294654456,1.32231128,-0.0719934478,-0.0544451587,-0.0491466112,-0.0371672027,0.0111250002,-10.517787,0.000125000006,10,0.0121364407,263.45,-0.0104654599,-0.0079145208,268.111542,263.181946,9.3662281,4.45122623,1.71743238,0.101048209
22380.0,174.830943,1,0.256501168,167,9.10155773,0.194279015,1,142.098938,1,18.8045654,9.50265789,166.089396,1.27711511,0.00450465782,-0.000296904793,1.32231128,-0.0718541592,-0.0543398224,-0.0490483381,-0.0370928831,0.00989999995,-10.598114,0.000224999996,10,0.0129888933,263.445833,-0.0105453869,-0.0079749655,268.112061,263.271301,9.33792782,4.42490959,1.81980991,0.0986352265
22440.0,169.745945,1,0.258977443,167,9.11096382,0.193462223,1,144.42952,1,19.0499954,9.49986839,161.258648,3.23110223,0.00463974709,-0.000300655985,1.32231128,-0.0733963549,-0.0555061102,-0.0497822464,-0.037647903,0.0113000004,-10.7320127,0.000150000007,10,0.0128625277,263.441667,-0.0106786201,-0.00807572342,268.112701,263.218536,9.35080338,4.51748705,1.56894279,0.0992206037
22500.0,167.642031,1,0.258760571,167,9.12087917,0.193039119,1,144.200806,1,19.0496864,9.50175095,159.25993,1.57658792,0.00462442497,-0.000300376967,1.32231128,-0.073804684,-0.0558149107,-0.0489065647,-0.0369856656,0.0102749998,-10.7220545,0.000150000007,10,0.0125001753,263.4375,-0.0106687108,-0.00806822907,268.112701,263.219147,9.33688164,4.38688469,1.5291481,0.102674723
22560.0,170.661315,1,0.258749455,167,9.12439251,0.192832798,1,144.025558,1,19.4434242,9.6227169,162.12825,0.893444121,0.0045409915,-0.000300703687,1.32231128,-0.073388353,-0.0555000566,-0.0495155379,-0.0374462046,0.0111250002,-10.733717,0.000150000007,10,0.0126101961,263.433333,-0.0106803151,-0.00807700492,268.112885,263.201416,9.40431023,4.41783047,1.51799798,0.0985052288
22620.0,178.761733,1,0.256263077,167,9.13346481,0.192960918,1,141.837723,1,19.5664158,9.59542656,169.823646,0.842973888,0.0045261737,-0.000296624086,1.32231128,-0.0719160736,-0.0543866456,-0.0486700609,-0.0368068106,0.0121750003,-10.5880938,9.99999975e-05,10,0.0121100247,263.429167,-0.0105354171,-0.00796742551,268.113007,263.226349,9.39362717,4.43608475,1.60650969,0.0955979601
22680.0,173.869898,1,0.257410467,167,9.13446808,0.193179235,1,143.012909,1,19.4681683,9.59582901,165.176403,0.982686222,0.0045050839,-0.000298155879,1.32231128,-0.0728612021,-0.0551013984,-0.0486611165,-0.0368000455,0.0108500002,-10.6427727,0.000125000006,10,0.012171194,263.425,-0.0105898231,-0.00800857041,268.112946,263.194672,9.37388802,4.48952389,1.6524415,0.0955154449
22740.0,174.523847,1,0.256094724,169,9.14174271,0.182085246,1,141.492218,1,19.6738091,9.65145779,165.797655,4.9938345,0.00469853636,-0.000296762737,1.32231128,-0.0722840801,-0.0546649508,-0.0479157083,-0.0362363309,0.0103749996,-10.5930424,0.000199999995,10,0.013145363,263.420833,-0.010540341,-0.00797114987,268.112854,263.239929,9.49766159,4.49398851,1.82880569,0.0957965851
22800.0,166.269217,1,0.259744853,169,9.14996433,0.181738794,1,143.955856,1,19.9448051,9.69719601,157.955756,0.486330897,0.00450567529,-0.000304334768,1.32231128,-0.0737733468,-0.0557912104,-0.05016407,-0.0379366577,0.0102249999,-10.863328,7.50000036e-05,10,0.0118984459,263.416667,-0.0108092818,-0.00817453675,268.112854,263.204224,9.40853691,4.39235497,1.81647587,0.0950341821
22860.0,164.614125,1,0.256536931,167,9.15989876,0.190651506,1,142.057785,1,19.7952137,9.62770271,156.383419,1.41546321,0.00462610833,-0.000297115039,1.32231128,-0.0719104335,-0.0543823801,-0.0490089208,-0.0370630734,0.0114749996,-10.6056194,0.000125000006,10,0.0125421863,263.4125,-0.0105528552,-0.00798061304,268.113098,263.198639,9.50416565,4.55168819,1.7215395,0.0991654173
22920.0,177.437217,1,0.257481486,167,9.16309452,0.190680861,1,142.319946,1,20.0968361,9.60848618,168.565356,1.20335221,0.0047329478,-0.000299855659,1.32231128,-0.0722609386,-0.0546474494,-0.0496335402,-0.0375354439,0.0106499996,-10.7034454,0.000224999996,10,0.0137411449,263.408333,-0.0106501943,-0.00805422664,268.113281,263.121033,9.44845772,4.52160406,1.71439576,0.102612831
22980.0,172.313968,1,0.266798198,167,9.16570187,0.190597802,1,149.282166,1,20.3367558,9.66465282,163.69827,1.01701272,0.00432191789,-0.000318039267,1.32231128,-0.0780109018,-0.058995869,-0.0526648909,-0.0398279056,0.0102249999,-11.3525162,9.99999975e-05,10,0.0115073901,263.404167,-0.0112960357,-0.00854264479,268.11377,263.109589,9.50367546,4.43580437,1.60101533,0.102247708
23040.0,169.635564,1,0.261963964,167,9.17741871,0.190864474,1,146.19696,1,20.4338608,9.63823032,161.153786,1.04767406,0.00443103723,-0.000307415874,1.32231128,-0.0754081085,-0.0570275001,-0.0504782163,-0.0381742306,0.0128250001,-10.9733105,0.000300000014,10,0.0137052219,263.4,-0.0109187169,-0.00825729687,268.114471,263.192657,9.45074272,4.77246571,1.72383785,0.101102427
23100.0,173.177677,1,0.258794218,167,9.18395329,0.19037959,1,143.376953,1,20.9722481,9.6719532,164.518793,1.15541887,0.00458731595,-0.000302220811,1.32231128,-0.0734480992,-0.0555452406,-0.0494816974,-0.0374206118,0.0117499996,-10.7878695,0.000150000007,10,0.0130041568,263.395833,-0.0107341986,-0.00811775494,268.118378,263.159515,9.4510231,4.54547262,1.71867037,0.100767717
23160.0,172.455757,1,0.26325953,169,9.18480396,0.179703727,1,145.44371,1,21.0593128,9.68422222,163.832969,0.740583003,0.0044229296,-0.000313615426,1.32231128,-0.0762907937,-0.0576950349,-0.0507765301,-0.0383998305,0.0089499997,-11.1946058,9.99999975e-05,10,0.0117536802,263.391667,-0.0111389114,-0.00842381921,268.12088,263.185699,9.4854393,4.47973347,1.8538084,0.0963885486
23220.0,174.189853,1,0.264201403,167,9.1874094,0.190187901,1,145.992783,1,21.2854576,9.68616199,165.48036,0.880021036,0.00434790319,-0.000315801357,1.32231128,-0.0766973197,-0.0580024682,-0.0513507612,-0.038834095,0.0123500004,-11.2726326,9.99999975e-05,10,0.0116052525,263.3875,-0.0112165501,-0.00848253351,268.121185,263.190948,9.47958755,4.47810841,1.95749545,0.104319967
23280.0,176.364979,1,0.260688692,169,9.19373226,0.180326685,1,143.861465,1,21.0863552,9.75513268,167.54673,3.17109084,0.00471700076,-0.000307866256,1.32231128,-0.0749518424,-0.0566824488,-0.0495729409,-0.0374896154,0.0116750002,-10.9893866,0.000250000012,10,0.0137144653,263.383333,-0.0109347133,-0.00826939382,268.121307,263.091888,9.57181931,4.76969528,1.74655759,0.105410635
23340.0,176.132633,1,0.263501018,167,9.19872761,0.18981877,1,145.28804,1,20.7476482,9.87528133,167.326001,1.29435241,0.00434897561,-0.000314816221,1.32231128,-0.0764002725,-0.0577778257,-0.050915584,-0.0385049917,0.0127750002,-11.2374668,0.000125000006,10,0.0118843084,263.379167,-0.0111815594,-0.00845607184,268.121277,263.010956,9.59902382,4.45247936,1.64181733,0.099638328
23400.0,174.48823,1,0.265470207,169,9.20637417,0.17927371,1,147.606384,1,20.9838753,9.83198929,165.763819,1.04738116,0.00436641043,-0.000316870777,1.32231128,-0.0775350109,-0.0586359762,-0.051696606,-0.0390956402,0.0103749996,-11.3108072,0.000150000007,10,0.0119700786,263.375,-0.0112545341,-0.00851125922,268.121307,263.093719,9.63792992,4.56274891,1.6789093,0.09938059
23460.0,174.572169,1,0.26259014,167,9.21329403,0.190018073,1,145.607986,1,20.9466248,9.72329617,165.84356,0.686043918,0.00442463253,-0.000310878037,1.32231128,-0.0759103224,-0.0574073009,-0.0505081043,-0.0381968319,0.0124500003,-11.0968924,9.99999975e-05,10,0.0118101984,263.370833,-0.0110416841,-0.00835029129,268.121307,263.169891,9.58273697,4.45328426,1.96280456,0.105137393
23520.0,181.225646,1,0.262018174,167,9.21636105,0.189734787,1,143.43338,1,20.849247,9.78505707,172.164364,1.35317457,0.00461678253,-0.000313533557,1.32231128,-0.0756210238,-0.0571885183,-0.0502265915,-0.0379839391,0.0115750004,-11.1916819,0.000150000007,10,0.0130189117,263.366667,-0.0111360019,-0.00842161942,268.121277,263.183228,9.54211617,4.63467216,1.78006542,0.102703892
23580.0,182.127516,1,0.263204724,169,9.21594143,0.179602861,1,144.377365,1,20.3925819,9.85705185,173.02114,1.15941596,0.00450155046,-0.000315734418,1.32231128,-0.0766789764,-0.0579885989,-0.050118681,-0.0379023328,0.0115,-11.2702446,0.000125000006,10,0.0124521479,263.3625,-0.0112141734,-0.00848073605,268.121124,263.159515,9.6493969,4.82950068,1.82681453,0.104789697
23640.0,179.809841,1,0.262295336,169,9.22769928,0.180310771,1,143.514801,1,20.6468048,9.7314539,170.819349,4.29578114,0.00461279415,-0.000314351142,1.32231128,-0.0759450197,-0.0574335419,-0.0500852317,-0.0378770344,0.0108500002,-11.2208672,0.000125000006,10,0.0123910755,263.358333,-0.0111650415,-0.00844358001,268.12088,263.08194,9.5869894,4.35957813,1.68592167,0.0975288078
23700.0,176.896836,1,0.26497817,167,9.22954273,0.189693332,1,146.274887,1,20.7647972,9.72780514,168.051994,2.24800801,0.0046555372,-0.000317980506,1.32231128,-0.0772759691,-0.0584400743,-0.0514629595,-0.0389189459,0.0113000004,-11.3504181,0.000250000012,10,0.0135132428,263.354167,-0.0112939486,-0.0085410662,268.119659,263.082336,9.55120277,4.61071301,1.96202826,0.103260107
23760.0,176.161165,1,0.261757046,169,9.23343849,0.179161221,1,143.669266,1,20.5021687,9.7762785,167.353107,0.994983673,0.00447735004,-0.000312083837,1.32231128,-0.0758030117,-0.0573261492,-0.0496220663,-0.0375267677,0.0108500002,-11.1399345,9.99999975e-05,10,0.0121052647,263.35,-0.0110845119,-0.00838267989,268.119446,263.101562,9.60991669,4.57474995,1.63300407,0.0974817798
23820.0,182.164832,1,0.25740546,169,9.22914696,0.179545149,1,139.859573,1,20.5073299,9.77885628,173.056591,0.322627008,0.00457390072,-0.000304860412,1.32231128,-0.0730448738,-0.0552402996,-0.0483787768,-0.0365865268,0.00987500045,-10.8820925,2.49999994e-05,10,0.011585976,263.345833,-0.010827953,-0.00818865653,268.119415,263.185669,9.60531139,4.35058212,1.57144141,0.0866427943
23880.0,185.876638,1,0.25864321,169,9.23769188,0.179730117,1,141.123047,1,20.9059372,9.75276375,176.582806,1.19780672,0.00468763197,-0.000306510425,1.32231128,-0.0737043321,-0.0557390191,-0.048912596,-0.036990229,0.00980000012,-10.9409904,0.000274999999,10,0.0138796633,263.341667,-0.0108865574,-0.00823297631,268.119171,263.179688,9.57197571,4.4794035,1.95328617,0.100578189
23940.0,183.931511,1,0.260484993,169,9.24385071,0.179165646,1,141.917786,1,20.9378014,9.8501215,174.734936,0.568657696,0.00449177762,-0.000311351701,1.32231128,-0.0751097426,-0.056801863,-0.0490771867,-0.0371146984,0.0120249996,-11.1138,7.50000036e-05,10,0.0120235393,263.3375,-0.0110585075,-0.00836301409,268.118683,263.110443,9.62530708,4.47529554,1.86177552,0.0981918275
24000.0,181.890006,1,0.260938913,171,9.24496937,0.169064462,1,142.518005,1,20.9749832,9.81175137,172.795506,0.699588716,0.00451454194,-0.000311664102,1.32231128,-0.0756662712,-0.0572227389,-0.0487946495,-0.0369010307,0.0113249999,-11.1249514,0.000150000007,10,0.0125911189,263.333333,-0.0110696033,-0.0083714053,268.117828,263.047363,9.65403461,4.37154007,1.76517081,0.101032481
24060.0,188.616993,1,0.261847913,169,9.24463844,0.179715306,1,143.32756,1,21.0423222,9.90599155,179.186143,0.56827563,0.00447302684,-0.000313153811,1.32231128,-0.0761170685,-0.0575636551,-0.0492548384,-0.037249051,0.0100750001,-11.1781273,0.000150000007,10,0.0123661635,263.329167,-0.0111225145,-0.00841141958,268.117676,263.057861,9.73897552,4.45818329,1.69702911,0.101313844
24120.0,183.889074,1,0.258773446,169,9.23720264,0.179285973,1,140.502655,1,21.5170708,9.82136631,174.694621,1.88887274,0.00472669024,-0.000308329181,1.32231128,-0.0741164535,-0.0560506843,-0.0484489128,-0.0366395675,0.0116750002,-11.0059099,0.000199999995,10,0.0133732175,263.325,-0.0109511539,-0.0082818279,268.117004,263.114014,9.68768501,4.55055761,1.60991216,0.0989320278
24180.0,183.712174,1,0.260367364,171,9.24044514,0.168513089,1,141.196121,1,21.6999607,9.8321228,174.526565,2.7797935,0.00467652269,-0.000312519318,1.32231128,-0.0752554089,-0.0569120236,-0.0487045795,-0.0368329138,0.0113249999,-11.1554785,0.000125000006,10,0.0131817814,263.320833,-0.0110999784,-0.00839437637,268.116089,263.066223,9.73935509,4.43824482,2.16308737,0.104786672
24240.0,179.923976,1,0.259554386,169,9.25195885,0.178403854,1,142.35022,1,21.3838692,9.75693607,170.927777,2.28043294,0.00475187274,-0.00030709093,1.32231128,-0.0745069385,-0.0563459918,-0.0488296747,-0.0369275175,0.0104250005,-10.9617109,0.000250000012,10,0.0139860213,263.316667,-0.010907175,-0.00824856851,268.11496,263.059753,9.6311121,4.83828735,1.77055204,0.106537864
24300.0,181.055498,1,0.260118723,167,9.2476387,0.188572973,1,141.970688,1,21.0640621,9.77211094,172.002723,1.32223594,0.00452921167,-0.000309924653,1.32231128,-0.0749303922,-0.0566662289,-0.0488906913,-0.0369736627,0.0103500001,-11.0628614,0.000125000006,10,0.0123263821,263.3125,-0.0110078221,-0.00832468271,268.114502,263.101044,9.62403107,4.72085953,1.60176861,0.102050155
24360.0,188.050847,1,0.262956977,169,9.25218964,0.178936407,1,142.563477,1,20.5372334,9.77953243,178.648305,0.863370299,0.00452717301,-0.000318849576,1.32231128,-0.0765580237,-0.0578971282,-0.0499886535,-0.0378040001,0.0104750004,-11.3814392,0.000224999996,10,0.013389403,263.308333,-0.0113248155,-0.0085644098,268.116302,263.060211,9.7008152,4.44188261,1.92873025,0.10053473
24420.0,178.31747,1,0.26298371,169,9.2573061,0.178423002,1,144.886505,1,20.5369415,9.8647728,169.401596,0.684214175,0.00448379293,-0.000313833007,1.32231128,-0.0765048862,-0.0578569397,-0.0501038991,-0.0378911532,0.00992500037,-11.2023716,0.000125000006,10,0.0120142978,263.304167,-0.0111466385,-0.00842966326,268.117859,263.081879,9.66454124,4.489398,1.8401438,0.100989707
24480.0,174.265101,1,0.262200117,167,9.26330376,0.186663181,1,143.025711,1,20.2951012,9.7646122,165.551846,1.02346981,0.00451411353,-0.000315082696,1.32231128,-0.076074563,-0.0575315095,-0.0497677065,-0.0376369059,0.0108000003,-11.2469797,0.000150000007,10,0.0123238415,263.3,-0.0111910244,-0.00846322998,268.117859,263.082947,9.6510067,4.48372126,1.62458098,0.098040022
24540.0,180.298789,1,0.260084003,169,9.26853371,0.176534221,1,141.688583,1,20.2561016,9.78160381,171.28385,0.673465729,0.00458637485,-0.00031041741,1.32231128,-0.0747157261,-0.0565038845,-0.0491746776,-0.0371884294,0.0111250002,-11.0804501,0.000150000007,10,0.0130256992,263.295833,-0.0110253235,-0.00833791867,268.117828,263.093994,9.63492107,4.40147495,1.50865412,0.0986664072
24600.0,184.974616,1,0.263969511,169,9.26805687,0.176307604,1,144.026077,1,20.5590343,9.7685957,175.725885,0.843488455,0.0044097444,-0.000319271523,1.32231128,-0.0770393237,-0.0582611114,-0.050541576,-0.0382221453,0.0105250003,-11.3965006,9.99999975e-05,10,0.0117007224,263.291667,-0.0113398014,-0.00857574306,268.118134,263.133179,9.58056068,4.52648449,1.70455313,0.105123416
24660.0,170.476775,1,0.265049845,171,9.27300644,0.165739015,1,144.458206,1,20.6382694,9.73250866,161.952936,2.57417655,0.00442858087,-0.000322240725,1.32231128,-0.078035742,-0.0590146519,-0.0503960736,-0.0381121114,0.0126499999,-11.5024872,9.99999975e-05,10,0.0118934549,263.2875,-0.0114452606,-0.00865549687,268.119446,263.094604,9.61493111,4.45661974,1.67753649,0.0993189439
24720.0,170.526566,1,0.264250308,169,9.2762928,0.174555406,1,145.29628,1,20.3276119,9.79542351,162.000238,2.30037308,0.00453251973,-0.000317491445,1.32231128,-0.0773848668,-0.0585224293,-0.0503713228,-0.0380933918,0.0105999997,-11.3329601,0.000250000012,10,0.0133032575,263.283333,-0.0112765776,-0.00852792989,268.119781,263.091278,9.58455086,4.43044138,1.64129174,0.102678955
24780.0,183.923589,1,0.263160318,171,9.28761101,0.163950056,1,143.381897,1,19.9633045,9.78045082,174.727409,0.516890883,0.0044397451,-0.000317765604,1.32231128,-0.0769471079,-0.0581913739,-0.0496490523,-0.0375471748,0.011225,-11.3427467,0.000150000007,10,0.0122162784,263.279167,-0.0112863155,-0.00853529386,268.121552,262.983063,9.63213825,4.4789505,1.64673495,0.0911674351
24840.0,171.507398,1,0.259634018,169,9.29209614,0.173019215,1,140.730698,1,19.9140549,9.74631882,162.932028,0.944839478,0.00459220354,-0.000310910866,1.32231128,-0.0750561878,-0.0567613617,-0.0480825678,-0.0363625176,0.00944999978,-11.0980654,0.000125000006,10,0.0123116616,263.275,-0.011042851,-0.00835117325,268.122314,263.086304,9.66318512,4.51645279,1.50041223,0.0952080116
24900.0,173.980586,1,0.26186657,169,9.29359627,0.172577858,1,142.53392,1,20.1762238,9.75970268,165.281556,2.11172962,0.00450536748,-0.000314964738,1.32231128,-0.0760394186,-0.0575049296,-0.0493983664,-0.0373575911,0.0105750002,-11.2427692,0.000125000006,10,0.0122234654,263.270833,-0.0111868354,-0.00846006162,268.122467,263.05249,9.69092655,4.51662827,1.60224819,0.0991716906
24960.0,176.972194,1,0.253236383,169,9.29912663,0.172788665,1,136.49765,1,19.9556522,9.82631302,168.123585,2.29046321,0.00492633367,-0.000297435734,1.32231128,-0.0709487349,-0.0536550917,-0.0464433655,-0.0351228677,0.0104,-10.6170664,0.000250000012,10,0.0146454945,263.266667,-0.0105642453,-0.00798922684,268.122864,263.077301,9.69619083,4.68026447,1.64945126,0.0950090364
25020.0,174.585397,1,0.26243788,171,9.30522823,0.162008077,1,142.182907,1,20.290575,9.86346149,165.856128,0.542558312,0.0045942883,-0.000317813392,1.32231128,-0.0767607093,-0.058050409,-0.0490099192,-0.0370638296,0.0105750002,-11.3444529,0.000150000007,10,0.0132182706,263.2625,-0.0112880124,-0.00853657722,268.123993,263.080841,9.66876602,4.3967495,1.80491233,0.0985256582
25080.0,172.268761,1,0.259927213,169,9.31177425,0.171502605,1,141.657608,1,20.5467434,9.80741405,163.655323,2.62944031,0.00457742484,-0.000309924071,1.32231128,-0.0749783665,-0.0567025095,-0.0485753044,-0.036735151,0.0113500003,-11.0628405,4.99999987e-05,10,0.0114777256,263.258333,-0.0110078016,-0.00832466781,268.124054,263.046417,9.67366123,4.36878872,2.21750164,0.0974260718
25140.0,172.467738,1,0.259664357,171,9.3097477,0.161232069,1,140.963974,1,20.6854115,9.81571198,163.844351,0.842298687,0.00456536887,-0.000310505158,1.32231128,-0.0750173628,-0.0567319989,-0.0481816493,-0.0364374481,0.0116999997,-11.0835829,0.000199999995,10,0.0130449161,263.254167,-0.0110284407,-0.00834027585,268.125153,263.040497,9.59447289,4.38162613,1.62485969,0.0991109312
25200.0,178.231266,1,0.260169089,169,9.31847668,0.171021715,1,141.8862,1,20.6619835,9.9898386,169.319703,0.541810691,0.00452736765,-0.000310289412,1.32231128,-0.0754920468,-0.0570909791,-0.0480834059,-0.0363631509,0.0114749996,-11.0758829,9.99999975e-05,10,0.0119832084,263.25,-0.0110207787,-0.00833448116,268.125336,263.039429,9.73450375,4.51504707,1.92729354,0.103993729
25260.0,170.302539,1,0.264867127,169,9.32427692,0.171528623,1,145.089462,1,20.3573837,9.80692101,161.787412,0.720348656,0.00445437245,-0.000320175634,1.32231128,-0.0776115879,-0.0586938858,-0.0508135073,-0.0384277962,0.0105750002,-11.4287739,0.000174999994,10,0.0129543794,263.245833,-0.0113719143,-0.00860002823,268.125488,263.066254,9.6036253,4.43166637,1.80857086,0.0953733623
25320.0,177.393419,1,0.263308644,169,9.32935524,0.170536369,1,144.512436,1,19.9861698,9.82444477,168.523748,0.686163664,0.00440836977,-0.000315813115,1.32231128,-0.0771288201,-0.0583287925,-0.0495575666,-0.0374779887,0.0123500004,-11.2730522,9.99999975e-05,10,0.0119983945,263.241667,-0.0112169674,-0.00848284923,268.125732,263.069153,9.63453102,4.3309164,1.56422019,0.10013032
25380.0,174.775487,1,0.261039495,169,9.33351994,0.170519531,1,142.070572,1,19.755558,9.82794094,166.036713,0.831163406,0.00465728482,-0.000313007331,1.32231128,-0.0757801607,-0.0573088676,-0.0487460345,-0.0368642658,0.00977499969,-11.1728992,0.000274999999,10,0.0142352283,263.2375,-0.0111173131,-0.00840748567,268.125732,263.014038,9.69657898,4.32516289,1.6859529,0.0940069929
25440.0,174.417144,1,0.258819938,169,9.33848953,0.170468971,1,140.270554,1,19.9411945,9.84265518,165.696287,2.33569455,0.00460021384,-0.000309005845,1.32231128,-0.0744914711,-0.0563342944,-0.0479291454,-0.0362464935,0.0112749999,-11.0300646,0.000150000007,10,0.0124051059,263.233333,-0.0109751886,-0.0083000036,268.125732,262.979095,9.68493843,4.35995388,1.60708785,0.0964337438
25500.0,174.4652,1,0.258188784,169,9.33635426,0.170026645,1,138.91748,1,19.779665,9.84300327,165.74194,1.22888541,0.00476266025,-0.000309738505,1.32231128,-0.0741687343,-0.0560902208,-0.0476332568,-0.0360227264,0.0105750002,-11.0562172,0.000150000007,10,0.013386244,263.229167,-0.0110012116,-0.00831968337,268.126312,262.987732,9.65781498,4.31720066,1.75327086,0.0945239812
25560.0,174.902996,1,0.259947866,169,9.34547901,0.169597313,1,140.659561,1,19.7834492,9.85322094,166.157847,1.70565164,0.00466915267,-0.000312197575,1.32231128,-0.0752231777,-0.056887649,-0.048221644,-0.0364676937,0.00834999979,-11.1439934,0.000274999999,10,0.0141260959,263.225,-0.011088551,-0.00838573463,268.126312,263.002075,9.72457314,4.31148815,1.77515984,0.102692991
25620.0,166.282194,1,0.260146886,171,9.35151577,0.1584782,1,139.796112,1,19.8081799,9.90706253,157.968084,2.10989213,0.00472625857,-0.000314847886,1.32231128,-0.0752916411,-0.0569394231,-0.0483683683,-0.0365786552,0.0121999998,-11.2385988,0.000174999994,10,0.0135899307,263.220833,-0.0111826854,-0.00845692307,268.126312,262.988312,9.76621532,4.39419603,1.56373668,0.0951998904
25680.0,168.871084,1,0.254279703,171,9.35544968,0.157752827,1,136.724503,1,19.3935394,9.86636639,160.42753,0.416162997,0.00474103028,-0.000300627493,1.32231128,-0.0717801154,-0.0542838275,-0.0464495532,-0.0351275466,0.01095,-10.7309971,7.50000036e-05,10,0.012722305,263.216667,-0.0106776087,-0.00807495881,268.126312,263.029266,9.74494076,4.28527927,1.51721597,0.0984175354
25740.0,170.106771,1,0.263535798,169,9.36360359,0.167175636,1,143.087341,1,19.5454216,9.77614403,161.601433,0.411058694,0.00449135201,-0.000319784653,1.32231128,-0.0770965368,-0.0583043769,-0.0498996414,-0.0377366841,0.0114249997,-11.4148188,7.50000036e-05,10,0.0118279615,263.2125,-0.0113580283,-0.00858952664,268.126312,262.985535,9.67555904,4.34677887,1.56689858,0.0991900042
25800.0,176.620164,1,0.259686887,171,9.36955261,0.155906856,1,139.534561,1,19.8798428,9.84224129,167.789155,1.48940539,0.00473312428,-0.000313767727,1.32231128,-0.0751613453,-0.0568408854,-0.0479855053,-0.0362891145,0.0112749999,-11.2000408,0.000224999996,10,0.0139383543,263.208333,-0.0111443195,-0.00842790958,268.127106,263.006561,9.68912506,4.4630928,1.63369,0.10047514
25860.0,178.491832,1,0.261291862,171,9.37092304,0.156461284,1,141.767395,1,20.0693684,9.87038803,169.567241,0.75243926,0.00450983364,-0.000314587407,1.32231128,-0.076261349,-0.0576727651,-0.0483162291,-0.036539223,0.00992500037,-11.2292995,9.99999975e-05,10,0.012140709,263.204167,-0.0111734327,-0.00844992604,268.129791,263.002228,9.73108482,4.46256828,1.60180414,0.103881784
25920.0,172.70297,1,0.260056078,171,9.37504005,0.155523285,1,139.760727,1,20.2882061,9.82504177,164.067822,3.96313882,0.00482435944,-0.000314597914,1.32231128,-0.0749942139,-0.0567144938,-0.0487136729,-0.0368397906,0.0112749999,-11.2296762,0.000199999995,10,0.0132929916,263.2,-0.0111738071,-0.00845020916,268.13089,263.00708,9.71029472,4.33651829,1.61699152,0.103721678
25980.0,169.791714,1,0.263486236,169,9.37964916,0.165711388,1,142.029114,1,20.8754673,9.80069065,161.302128,1.97759569,0.0046132938,-0.000321985601,1.32231128,-0.0773475394,-0.0584941991,-0.0494455919,-0.0373933055,0.0086749997,-11.4933805,0.000199999995,10,0.0136222625,263.195833,-0.0114361998,-0.0086486442,268.13089,263.019592,9.64940262,4.3514843,1.77635956,0.103182375
26040.0,163.862802,1,0.262129873,169,9.38339329,0.164894834,1,140.374222,1,20.9121323,9.81691647,155.669662,0.888399124,0.00456001796,-0.000320776191,1.32231128,-0.0761801228,-0.0576113388,-0.0495166518,-0.0374470465,0.0116499998,-11.4502115,0.000174999994,10,0.0133035323,263.191667,-0.0113932453,-0.00861615967,268.130981,262.98941,9.64590359,4.33550262,1.570418,0.102413088
26100.0,168.662866,1,0.263266832,169,9.39151001,0.164066404,1,141.495056,1,20.8858337,9.82699203,160.229723,0.838325679,0.00464431476,-0.000322394189,1.32231128,-0.0772133693,-0.0583927333,-0.0493717231,-0.0373374447,0.0105250003,-11.507967,0.000199999995,10,0.0133672375,263.1875,-0.0114507135,-0.00865961984,268.128448,262.981781,9.69776726,4.42271709,1.60368991,0.0985665023
26160.0,170.780433,1,0.263538897,169,9.40045166,0.163546637,1,141.688354,1,21.2297764,9.82503033,162.241412,4.01588821,0.00476758555,-0.000322953507,1.32231128,-0.0772331059,-0.0584076568,-0.0496920161,-0.0375796668,0.0114000002,-11.5279312,0.000199999995,10,0.0132920947,263.183333,-0.0114705786,-0.008674643,268.126648,262.963501,9.70581341,4.60046959,1.70083952,0.105492212
26220.0,168.699684,1,0.265389681,171,9.40407658,0.1523332,1,141.977341,1,20.810339,9.84584713,160.2647,1.05274951,0.00459833676,-0.000329134258,1.32231128,-0.0788766667,-0.0596506037,-0.0495192409,-0.037449006,0.00960000046,-11.7485542,0.000125000006,10,0.012588908,263.179167,-0.0116901034,-0.00884065963,268.125732,262.953125,9.73497391,4.44171762,1.67898476,0.0988891274
26280.0,163.517889,1,0.262654066,169,9.40687752,0.162672803,1,140.580795,1,20.3526554,9.81195259,155.341994,0.79388541,0.00481517846,-0.000322230306,1.32231128,-0.0769317746,-0.0581797771,-0.049020879,-0.0370721184,0.0104250005,-11.5021162,0.000349999988,10,0.0150086591,263.175,-0.0114448918,-0.00865521748,268.124908,262.967621,9.72287846,4.4910965,1.69113779,0.0997787416
26340.0,168.186882,1,0.263006598,171,9.4118309,0.150950894,1,140.80191,1,20.1170902,9.86760139,159.777538,0.824762285,0.00458824355,-0.000323021464,1.32231128,-0.0773384199,-0.0584873036,-0.0488372557,-0.0369332507,0.0113749998,-11.5303564,0.000125000006,10,0.0128370849,263.170833,-0.0114729917,-0.00867646839,268.123566,262.978943,9.70857048,4.47411919,1.9899385,0.10087166
26400.0,171.868241,1,0.263310879,171,9.42319298,0.150809422,1,140.804794,1,19.8613586,9.86774921,163.274829,1.76621675,0.00470300158,-0.000324137276,1.32231128,-0.0773169175,-0.0584710427,-0.0492665172,-0.03725788,0.00985000003,-11.5701866,0.000174999994,10,0.0131733185,263.166667,-0.0115126232,-0.00870643929,268.122437,262.985291,9.73612118,4.57307339,1.71687675,0.107518479
26460.0,166.191464,1,0.264798552,171,9.42760468,0.150087744,1,141.990494,1,19.6073475,9.87050629,157.881891,0.661591828,0.00451380713,-0.000326909474,1.32231128,-0.0785431638,-0.0593983904,-0.0492710173,-0.0372612849,0.01095,-11.6691408,0.000199999995,10,0.0131276753,263.1625,-0.0116110854,-0.00878090132,268.122284,262.928619,9.73766613,4.44480515,1.79481125,0.0992861539
26520.0,170.292908,1,0.257868409,169,9.43208504,0.159504741,1,137.39505,1,19.47822,9.83766174,161.778262,0.591370106,0.00486827595,-0.000312006305,1.32231128,-0.0745419413,-0.05637246,-0.0466361679,-0.0352686755,0.0105750002,-11.137167,0.000300000014,10,0.0148486188,263.158333,-0.011081758,-0.00838059746,268.122467,262.953644,9.70707035,4.41243458,1.72774076,0.0973672122
26580.0,167.509771,1,0.261488587,169,9.43767834,0.159034446,1,140.148132,1,19.75951,9.84405518,159.134282,1.2018137,0.00459029293,-0.000318941398,1.32231128,-0.0764807165,-0.0578386635,-0.0482236929,-0.0364692435,0.0105750002,-11.384717,0.000250000012,10,0.0135176471,263.154167,-0.0113280769,-0.00856687594,268.122467,262.930054,9.72203732,4.3346386,1.61830378,0.0996771827
26640.0,175.05157,1,0.260230869,169,9.44465733,0.158162758,1,139.332977,1,20.0784435,9.8621769,166.298992,0.774216413,0.00464779511,-0.000316200458,1.32231128,-0.0753830969,-0.0570085868,-0.0483328365,-0.0365517847,0.0105499998,-11.2868795,0.000174999994,10,0.0130461361,263.15,-0.0112307258,-0.00849325396,268.122437,262.920441,9.70509148,4.54846287,1.82035708,0.0977613255
26700.0,174.555396,1,0.258123547,169,9.44784451,0.158330038,1,138.336395,1,20.5326118,9.96447086,165.827626,0.98891753,0.00473698275,-0.000310803851,1.32231128,-0.0747382566,-0.056520924,-0.046650514,-0.0352795236,0.0100499997,-11.094244,0.000300000014,10,0.014199689,263.145833,-0.0110390484,-0.00834829826,268.121857,262.932007,9.77911568,4.31424809,1.84177005,0.092971094
26760.0,173.912606,1,0.261128157,171,9.44953537,0.146668136,1,139.798126,1,20.8802128,9.94127178,165.216975,3.44151664,0.0047706794,-0.000318419596,1.32231128,-0.0765786096,-0.0579126962,-0.0475978963,-0.0359959826,0.0104750004,-11.3660917,0.000274999999,10,0.0140408557,263.141667,-0.0113095436,-0.00855286047,268.1203,262.991608,9.77727985,4.46345806,1.7515415,0.0996657312
26820.0,172.171811,1,0.257974654,169,9.45149136,0.15618515,1,137.909927,1,21.250679,9.8730526,163.56322,0.80359751,0.00482664863,-0.000311225769,1.32231128,-0.0743264109,-0.0562094674,-0.0471143872,-0.0356303304,0.0111999996,-11.1093054,0.000300000014,10,0.0147041017,263.1375,-0.0110540353,-0.00835963152,268.119843,262.903687,9.72302055,4.43880749,1.71467388,0.096824348
26880.0,173.865335,1,0.260599107,169,9.4591465,0.156958833,1,139.237503,1,21.3590889,9.97455025,165.172068,0.57518971,0.00468870904,-0.00031776246,1.32231128,-0.0762508586,-0.057664834,-0.0474338308,-0.0358719081,0.0123749999,-11.3426352,0.000125000006,10,0.01322487,263.133333,-0.0112862037,-0.00853520911,268.119934,262.85553,9.81804848,4.37244892,1.83554721,0.106232956
26940.0,181.801592,1,0.260102063,169,9.45898056,0.157899931,1,138.477325,1,21.4967384,9.95955563,172.711512,1.01419628,0.00479255477,-0.000317682076,1.32231128,-0.0755675733,-0.0571480952,-0.047878556,-0.0362082347,0.0092000002,-11.3397655,0.000300000014,10,0.0146755418,263.129167,-0.0112833492,-0.00853305031,268.120331,262.901733,9.78832054,4.32135201,1.67026567,0.104408741
27000.0,184.634968,1,0.262129128,171,9.45949078,0.146326602,1,139.297836,1,21.8404446,10.0262051,175.403219,2.34653497,0.00463513425,-0.000323252199,1.32231128,-0.0770566911,-0.058274243,-0.0481402613,-0.0364061482,0.0102500003,-11.5385923,0.000174999994,10,0.0132699283,263.125,-0.0114811864,-0.00868266542,268.120605,262.925568,9.88799858,4.45579624,1.84404075,0.0984240398
27060.0,174.586616,1,0.263728082,171,9.46339798,0.145856321,1,139.483856,1,21.7719345,10.0071812,165.857285,0.944002151,0.00463862205,-0.000328764727,1.32231128,-0.0778636932,-0.0588845424,-0.0489462689,-0.0370156951,0.00989999995,-11.735364,9.99999975e-05,10,0.0123498645,263.120833,-0.0116769793,-0.0088307336,268.120605,262.882477,9.87047768,4.50988007,1.70171523,0.103331149
27120.0,183.536231,1,0.264704376,171,9.46584892,0.146180615,1,141.563385,1,21.4849892,10.0331745,174.359419,1.33116174,0.00448725745,-0.000327546091,1.32231128,-0.0785520971,-0.059405148,-0.0491325334,-0.0371565558,0.00999999978,-11.6918659,7.50000036e-05,10,0.0117423451,263.116667,-0.011633697,-0.00879800133,268.121857,262.795105,9.86439133,4.27600002,1.73933983,0.103022963
27180.0,179.610557,1,0.262943268,171,9.46905804,0.145606786,1,140.806717,1,20.8834667,9.97582245,170.630029,0.473588943,0.00452663284,-0.000322777167,1.32231128,-0.0774242505,-0.058552213,-0.0486183316,-0.0367676914,0.0104750004,-11.521637,7.50000036e-05,10,0.0118750576,263.1125,-0.0114643155,-0.0086699063,268.121887,262.891113,9.87804031,4.80050659,2.18798447,0.0980511382
27240.0,177.414669,1,0.261733621,171,9.47009087,0.144952014,1,138.915375,1,20.6000748,9.95486641,168.543936,0.419989407,0.004649885,-0.000322677166,1.32231128,-0.0765009299,-0.0578539483,-0.048508931,-0.0366849564,0.0114249997,-11.5180655,2.49999994e-05,10,0.0120122703,263.108333,-0.0114607615,-0.00866721943,268.121857,262.823639,9.83092976,4.32007313,1.65657473,0.0988511965
27300.0,179.171889,1,0.257661819,171,9.46711731,0.145848408,1,135.822098,1,20.3449707,9.99629879,170.213294,0.380989671,0.0045956187,-0.000314861652,1.32231128,-0.0745282099,-0.0563620776,-0.04639218,-0.0350841582,0.0105750002,-11.239089,7.50000036e-05,10,0.0119853122,263.104167,-0.0111831734,-0.0084572928,268.12146,262.749847,9.90386963,4.31426716,1.62895322,0.0975439325
27360.0,179.773888,1,0.262505889,171,9.46806908,0.1464618,1,139.851944,1,20.1920052,9.95058155,170.785194,1.29591119,0.00464799348,-0.000323361746,1.32231128,-0.0773237199,-0.0584761873,-0.0482060537,-0.0364559032,0.0106250001,-11.5425034,0.000125000006,10,0.0128622744,263.1,-0.0114850784,-0.00868560839,268.123474,262.870209,9.82349777,4.319664,1.58923316,0.0978876352
27420.0,181.167379,1,0.256165802,171,9.47625828,0.146066546,1,134.944626,1,20.133688,10.0081329,172.10901,2.07150507,0.00486636115,-0.000311420998,1.32231128,-0.0736975521,-0.0557338893,-0.0458031185,-0.0346386805,0.0120750004,-11.1162748,0.000325000001,10,0.014856711,263.095833,-0.0110609699,-0.0083648758,268.123779,262.822693,9.90479469,4.24404621,1.78026915,0.0926674157
27480.0,181.669813,1,0.265178859,171,9.47258854,0.146055505,1,140.769836,1,20.5852337,10.0022936,172.586323,0.582904279,0.00453013228,-0.000331166957,1.32231128,-0.0791017115,-0.0598207936,-0.0488781556,-0.0369641818,0.0105750002,-11.8211136,0.000174999994,10,0.0126302782,263.091667,-0.0117623024,-0.00889525935,268.123199,262.914429,9.88519478,4.26025295,1.543751,0.106314868
27540.0,176.669928,1,0.262730986,171,9.4746666,0.146321386,1,138.137833,1,20.7065811,9.95014095,167.836432,0.738467038,0.00460273121,-0.000328217167,1.32231128,-0.0777481124,-0.0587971322,-0.0478176586,-0.036162179,0.0108749997,-11.7158194,0.000174999994,10,0.0128714619,263.0875,-0.0116575314,-0.00881602615,268.12146,262.815643,9.8438282,4.37928867,1.59896421,0.100756951
27600.0,177.659245,1,0.260748953,171,9.48003292,0.145402029,1,137.536758,1,20.7231274,9.97834396,168.776283,2.92723036,0.00479329703,-0.00032224704,1.32231128,-0.0762215704,-0.0576426834,-0.04767593,-0.0360549986,0.0105499998,-11.5027122,0.000199999995,10,0.0136780804,263.083333,-0.0114454851,-0.00865566637,268.120026,262.892975,9.83422089,4.31039429,1.69756818,0.0951378942
27660.0,177.360256,1,0.25976187,171,9.48383331,0.145193368,1,138.069763,1,20.8669472,9.95341969,168.492243,2.05936027,0.00477399444,-0.000317371305,1.32231128,-0.0757098272,-0.0572556779,-0.0472127944,-0.0357047506,0.0109750004,-11.3286724,0.000125000006,10,0.0127677014,263.079167,-0.0112723112,-0.00852470286,268.120544,262.874512,9.87731743,4.58161449,1.82759857,0.100654989
27720.0,179.604348,1,0.259646237,173,9.48479176,0.133838445,1,137.91716,1,21.2783871,10.0028114,170.624131,3.02210617,0.00492631225,-0.000317298342,1.32231128,-0.0755687952,-0.0571490228,-0.0472886264,-0.0357620977,0.0114000002,-11.3260679,0.000274999999,10,0.0147824995,263.075,-0.0112697193,-0.00852274336,268.120544,262.837219,9.86740494,4.35161638,1.97797728,0.0996777862
27780.0,174.418968,1,0.261123329,173,9.48607063,0.133368492,1,138.284607,1,21.7914677,10.1550694,165.69802,2.48500156,0.00488841999,-0.000321886793,1.32231128,-0.0765859708,-0.0579182617,-0.0475797281,-0.0359822437,0.0107500004,-11.4898548,0.000349999988,10,0.0150792347,263.070833,-0.0114326915,-0.00864599086,268.120544,262.865417,10.0315762,4.32051849,1.82110298,0.109959595
27840.0,182.957264,1,0.262336642,173,9.4909277,0.132575154,1,138.89241,1,21.4979591,10.0859356,173.809401,1.73242915,0.00484319171,-0.000324966328,1.32231128,-0.0775777474,-0.0586682931,-0.0475718938,-0.0359763205,0.01095,-11.5997801,0.000150000007,10,0.0135232639,263.066667,-0.0115420697,-0.00872870814,268.121155,262.864624,10.0300102,4.56263733,1.91685772,0.103108667
27900.0,177.512253,1,0.261739373,173,9.49009609,0.131470561,1,138.519348,1,21.2395802,9.94754696,168.63664,0.875038147,0.00480225543,-0.000323621003,1.32231128,-0.076868847,-0.0581321865,-0.0479312912,-0.036248114,0.0102749998,-11.5517569,0.000199999995,10,0.0136003299,263.0625,-0.0114942854,-0.00869257189,268.122284,262.743256,9.84079742,4.31682205,1.72295547,0.095687598
27960.0,184.022574,1,0.261536509,173,9.49183846,0.13169834,1,137.832397,1,21.285984,10.104125,174.821445,1.01683891,0.00477454951,-0.000324478315,1.32231128,-0.0773902833,-0.0585265234,-0.0468141139,-0.0354032479,0.0120750004,-11.5823593,0.000250000012,10,0.0142419981,263.058333,-0.0115247359,-0.00871559978,268.122437,262.834625,9.9027586,4.25870419,2.10209846,0.103743337
28020.0,171.116656,1,0.265544623,173,9.4931097,0.13067393,1,140.291946,1,21.4998894,9.9760828,162.560823,1.4438628,0.0047567091,-0.000333672011,1.32231128,-0.0796605423,-0.0602434129,-0.0484577455,-0.0366462469,0.00962499995,-11.910532,0.000199999995,10,0.0134026706,263.054167,-0.0118512753,-0.00896254554,268.122864,262.857178,9.85611916,4.37492943,2.01203799,0.104376219
28080.0,177.128009,1,0.266540289,171,9.50168037,0.140665665,1,141.460464,1,21.3606148,10.0687056,168.271609,1.15428388,0.00459794234,-0.000334652024,1.32231128,-0.07989382,-0.0604198277,-0.0494172052,-0.0373718403,0.0109249996,-11.9455137,0.000150000007,10,0.0127667151,263.05,-0.0118860835,-0.00898886938,268.122864,262.838409,9.92864418,4.37809372,1.86663818,0.108204179
28140.0,173.63782,1,0.266082644,173,9.49560928,0.129685923,1,141.539062,1,21.1839409,10.0200825,164.955929,0.745228112,0.00455854973,-0.000332746393,1.32231128,-0.0798028558,-0.0603510365,-0.0489503257,-0.037018761,0.011775,-11.877491,0.000174999994,10,0.012916225,263.045833,-0.0118183987,-0.00893768296,268.122986,262.834717,9.86620903,4.3479929,1.89016175,0.104949415
28200.0,173.525805,1,0.263564318,173,9.50068378,0.12875703,1,139.202103,1,20.9589863,9.98732662,164.849514,0.576873541,0.00462198025,-0.000328816881,1.32231128,-0.0782808959,-0.0592000522,-0.0480583124,-0.0363441743,0.00992500037,-11.7372265,9.99999975e-05,10,0.0124903591,263.041667,-0.0116788326,-0.00883213524,268.123627,262.824493,9.86662674,4.24821472,1.74272943,0.0961039588
28260.0,190.36158,1,0.266567349,173,9.5027647,0.128352389,1,141.898163,1,21.0805378,9.96166515,180.843501,0.999785125,0.00446306402,-0.000333721458,1.32231128,-0.0802612156,-0.060697671,-0.0488549508,-0.0369466357,0.00957500003,-11.9122972,0.000150000007,10,0.0123000629,263.0375,-0.0118530318,-0.00896387361,268.123474,262.649384,9.86809731,4.21138859,1.58411121,0.10058257
28320.0,167.139148,1,0.264216006,173,9.50215626,0.1268242,1,139.335556,1,20.8856487,9.93765545,158.782191,2.32579589,0.00475669652,-0.00033094472,1.32231128,-0.0786864907,-0.0595067814,-0.0482669547,-0.0365019627,0.010125,-11.8131809,0.000300000014,10,0.0143413059,263.033333,-0.0117544085,-0.00888928957,268.123444,262.747314,9.84092522,4.25165176,1.56968868,0.0968679413
28380.0,180.285776,1,0.262702435,173,9.50501156,0.126114592,1,138.245392,1,20.2137985,9.98887444,171.271488,2.34854364,0.00483285356,-0.000327854854,1.32231128,-0.0778420568,-0.0588681772,-0.0476265624,-0.0360176638,0.0105750002,-11.7028856,0.000224999996,10,0.0137116425,263.029167,-0.0116446624,-0.00880629476,268.123444,262.850739,9.8512249,4.17369413,2.18325615,0.0994950905
28440.0,170.984461,1,0.262014449,171,9.50895023,0.13671878,1,137.305725,1,19.9946518,9.95137596,162.435238,17.0560417,0.00529337395,-0.000327511923,1.32231128,-0.0775833279,-0.0586725138,-0.0471339189,-0.0356451012,0.0111999996,-11.6906443,0.000300000014,10,0.0145089692,263.025,-0.0116324816,-0.00879708305,268.123993,262.729492,9.86986351,4.29927921,1.6969564,0.103649765
28500.0,180.721167,1,0.25984177,171,9.51008129,0.136421964,1,135.495483,1,19.6167793,9.96066093,171.685109,1.95458162,0.00496546831,-0.000323699525,1.32231128,-0.0759658515,-0.0574492961,-0.046904318,-0.0354714654,0.0108249998,-11.5545597,0.000274999999,10,0.0148796951,263.020833,-0.0114970747,-0.00869468134,268.123901,262.803223,9.83537292,4.21583271,1.85638463,0.0980448574
28560.0,179.503292,1,0.254282653,171,9.51469994,0.135893434,1,131.907608,1,19.335453,9.99917412,170.528127,0.764069855,0.00493668905,-0.000311616459,1.32231128,-0.0730010867,-0.0552071892,-0.0445098318,-0.0336606316,0.01095,-11.123251,0.000174999994,10,0.0140171284,263.016667,-0.0110679111,-0.00837012567,268.124573,262.771637,9.88239956,4.41925764,1.66441262,0.0956121236
28620.0,177.768019,1,0.257569343,171,9.51470852,0.135004178,1,134.159882,1,19.4064655,9.93069744,168.879618,1.11536336,0.00493321288,-0.000318419625,1.32231128,-0.0743969157,-0.0562627837,-0.0464836247,-0.0351533145,0.0105999997,-11.3660927,0.000274999999,10,0.0146344956,263.0125,-0.0113095446,-0.0085528614,268.125153,262.77298,9.84818268,4.36934996,1.70861959,0.0937230065
28680.0,180.481041,1,0.255983442,171,9.51717854,0.134932682,1,132.72049,1,19.8130474,9.99287891,171.456989,1.0315994,0.00489810621,-0.000315963989,1.32231128,-0.0739983916,-0.0559614003,-0.0450785607,-0.0340907313,0.0108749997,-11.2784376,0.000300000014,10,0.0147706037,263.008333,-0.0112223262,-0.00848690234,268.125153,262.703796,9.8753109,4.24773026,1.45423293,0.0938917026
28740.0,176.934197,1,0.257865489,171,9.52172279,0.134386346,1,134.832809,1,20.3056641,10.0435162,168.087487,4.85900497,0.00499045942,-0.000317924598,1.32231128,-0.0748046711,-0.0565711521,-0.0462097712,-0.0349462144,0.010675,-11.3484211,0.000274999999,10,0.0142261246,263.004167,-0.0112919612,-0.00853956398,268.123779,262.77713,9.942976,4.57614517,1.65568733,0.0956559479
28800.0,183.120358,1,0.260419071,173,9.52180862,0.123024508,1,136.32785,1,20.6991005,10.0244331,173.96434,1.5494976,0.00477352878,-0.000323872257,1.32231128,-0.0763743296,-0.0577582084,-0.046998512,-0.0355427004,0.0118500004,-11.5607252,0.000349999988,10,0.014901218,263,-0.0115032094,-0.00869932026,268.122559,262.765106,9.93551064,4.44620705,1.61110759,0.0987567529
28860.0,178.825941,1,0.25870645,173,9.52369785,0.123267509,1,134.630325,1,20.7766857,10.0222406,169.884644,1.97585285,0.00493615819,-0.000321528001,1.32231128,-0.0752424449,-0.0569022186,-0.0465940051,-0.0352367908,0.0102249999,-11.4770479,0.000325000001,10,0.0151939439,262.995833,-0.0114199482,-0.00863635354,268.123993,262.771545,9.96298218,4.3845005,1.82139611,0.0984071195
28920.0,178.926208,1,0.258528799,173,9.5219965,0.121892042,1,133.4375,1,21.2209949,10.0520439,169.979898,0.797407985,0.00492295763,-0.000323734363,1.32231128,-0.0752701834,-0.0569231957,-0.0463177934,-0.0350279063,0.0112749999,-11.5558052,0.000250000012,10,0.0147508625,262.991667,-0.0114983134,-0.00869561732,268.124207,262.762634,9.97418213,4.3747797,1.90488005,0.0991851911
28980.0,172.362331,1,0.260846436,171,9.51762772,0.131507367,1,136.02626,1,21.4111671,9.99961472,163.744214,1.21963167,0.00478852866,-0.000326190959,1.32231128,-0.0765459538,-0.0578879975,-0.0472814478,-0.0357566699,0.010125,-11.6434937,0.000274999999,10,0.0142801544,262.9875,-0.0115855662,-0.00876160245,268.124146,262.741516,9.85846615,4.55417061,1.82967257,0.10297922
29040.0,175.227624,1,0.255981416,171,9.52444553,0.131673008,1,132.809586,1,21.0965157,9.98853016,166.466243,1.64295411,0.00514121493,-0.000315744546,1.32231128,-0.0737602264,-0.0557812862,-0.0454645827,-0.0343826637,0.0117250001,-11.2706051,0.000500000024,10,0.0168357659,262.983333,-0.011214532,-0.008481008,268.123291,262.777802,9.90876389,4.60371113,1.69648504,0.0993744656
29100.0,178.020162,1,0.259929985,173,9.52930832,0.120702244,1,135.096603,1,20.7646999,9.964221,169.119154,2.79649949,0.00487417774,-0.000324986031,1.32231128,-0.0759993121,-0.0574745983,-0.0469655097,-0.035517741,0.0113749998,-11.6004829,0.000274999999,10,0.0148025528,262.979167,-0.0115427691,-0.00872923713,268.121429,262.750641,9.87087059,4.16675711,1.73354173,0.0992833301
29160.0,177.990573,1,0.260658622,173,9.53020859,0.120850362,1,135.48761,1,20.6150532,10.0116024,169.091044,9.89114857,0.00493786065,-0.000326780952,1.32231128,-0.0763329938,-0.0577269457,-0.0473793261,-0.0358306915,0.00977499969,-11.6645527,0.000150000007,10,0.0128683075,262.975,-0.01160652,-0.00877744891,268.119751,262.791718,9.89622307,4.18104839,1.6510011,0.102437645
29220.0,180.509551,1,0.258848995,173,9.53353024,0.121054903,1,133.615967,1,20.6486053,9.9651041,171.484074,0.773009479,0.00489935093,-0.00032450477,1.32231128,-0.0757244676,-0.0572667494,-0.045994658,-0.0347835347,0.0117250001,-11.5833044,0.000250000012,10,0.014708871,262.970833,-0.0115256757,-0.00871631037,268.120178,262.726227,9.85926533,4.23704052,1.5731914,0.0981973484
29280.0,180.899665,1,0.261250436,173,9.52966976,0.120624654,1,136.102936,1,20.5024662,10.0634317,171.854682,1.29170966,0.00486860657,-0.000327524322,1.32231128,-0.0773174688,-0.0584714599,-0.0465520248,-0.0352050439,0.00872499961,-11.6910877,0.000125000006,10,0.0133909574,262.966667,-0.011632923,-0.00879741646,268.119995,262.777222,9.92632294,4.12326288,1.76347995,0.0963515267
29340.0,177.994792,1,0.262415111,173,9.52853394,0.120335057,1,137.043808,1,21.1282368,10.031023,169.095053,1.1077348,0.00492940797,-0.000329645496,1.32231128,-0.0785736963,-0.0594214834,-0.04601603,-0.034799695,0.0110999998,-11.7668037,0.000300000014,10,0.0156073803,262.9625,-0.0117082624,-0.00885439198,268.120819,262.751373,9.93538189,4.16990423,1.59095573,0.0994109288
29400.0,180.841869,1,0.259940296,173,9.53477859,0.11990045,1,134.219086,1,21.6198521,10.0120869,171.799776,2.15253401,0.00486089336,-0.000327149697,1.32231128,-0.0765578523,-0.0578969978,-0.046063181,-0.0348353535,0.0122499997,-11.6777163,0.000174999994,10,0.0136766145,262.958333,-0.0116196182,-0.00878735445,268.12616,262.692688,9.89501762,4.28345394,1.77072573,0.101268023
29460.0,175.950299,1,0.260761052,173,9.53611851,0.119506314,1,136.208786,1,22.087677,10.0907793,167.152784,0.579277158,0.00481300335,-0.000325434055,1.32231128,-0.0769302398,-0.0581786148,-0.0465398841,-0.035195861,0.0106499996,-11.6164761,0.000224999996,10,0.0142861875,262.954167,-0.0115586827,-0.00874127168,268.128662,262.609375,9.97374821,4.20294952,1.65537548,0.102767795
29520.0,182.052564,1,0.265587658,173,9.53855419,0.119329624,1,138.339493,1,22.4318409,10.0723696,172.949936,1.01881444,0.00479343766,-0.000338545913,1.32231128,-0.0796465054,-0.0602327958,-0.0485389382,-0.0367076471,0.0122999996,-12.084506,0.000125000006,10,0.0134905884,262.95,-0.012024384,-0.0090934597,268.128937,262.762085,9.91609001,4.70457172,1.81498218,0.111543082
29580.0,171.423994,1,0.263362318,173,9.53988743,0.118870839,1,137.526016,1,22.4237194,10.0053282,162.852794,0.76949513,0.00479338737,-0.00033205963,1.32231128,-0.0785393938,-0.0593955405,-0.0473627448,-0.0358181521,0.0110250004,-11.8529768,0.000150000007,10,0.0132877659,262.945833,-0.0117940065,-0.00891923625,268.124786,262.717285,9.92739868,4.4071455,1.63457024,0.100632891
29640.0,177.139191,1,0.262107491,173,9.5420332,0.117933795,1,135.220596,1,22.2991676,10.0208855,168.282232,1.36530578,0.00471514184,-0.000332916592,1.32231128,-0.0779813677,-0.0589735322,-0.046598278,-0.0352400206,0.0112749999,-11.8835669,0.000199999995,10,0.0134259826,262.941667,-0.0118244449,-0.00894225482,268.123077,262.669128,9.90675449,4.26758957,1.71347833,0.0978636965
29700.0,179.311031,1,0.263241947,173,9.53884983,0.118008465,1,134.578201,1,21.9750214,10.0024014,170.345479,1.2447356,0.00483487779,-0.000338868005,1.32231128,-0.0785849839,-0.0594300181,-0.0471242629,-0.0356377997,0.0119249998,-12.0960035,0.000174999994,10,0.0135692181,262.9375,-0.0120358244,-0.00910211168,268.125336,262.731812,9.88301849,4.26346684,1.91499925,0.104422696
29760.0,178.343794,1,0.261110723,173,9.54235077,0.117332965,1,133.214905,1,21.6334801,10.0286493,169.426604,1.53336263,0.00505615538,-0.000334088341,1.32231128,-0.0777239501,-0.0587788597,-0.0456799977,-0.0345455706,0.0109000001,-11.9253922,0.000250000012,10,0.0150825679,262.933333,-0.0118660619,-0.00897372793,268.126923,262.722809,9.93748283,4.38029861,1.69640648,0.0977034122
29820.0,182.742405,1,0.262651891,173,9.5409174,0.116469868,1,134.627472,1,21.7743568,10.0601158,173.605285,2.83203888,0.0049919337,-0.000336471188,1.32231128,-0.0784836635,-0.0593533963,-0.0464928374,-0.0351602808,0.0103249997,-12.0104485,0.000300000014,10,0.0147731015,262.929167,-0.011950695,-0.00903773215,268.127411,262.730133,9.95156956,4.39064217,1.66376412,0.105646335
29880.0,180.18796,1,0.265256763,173,9.54022598,0.115924865,1,136.899475,1,21.6505852,10.0963078,171.178562,0.766355515,0.004702128,-0.000340829807,1.32231128,-0.0795651227,-0.0601712503,-0.0482256152,-0.0364706963,0.0119749997,-12.1660328,0.000250000012,10,0.0138335386,262.925,-0.012105505,-0.00915480684,268.126892,262.712189,10.0061607,4.25995922,1.77843189,0.105133034
29940.0,184.488696,1,0.26262942,175,9.54060173,0.104738876,1,134.692169,1,21.5815353,10.0144224,175.264261,2.08767819,0.00493353745,-0.000336223282,1.32231128,-0.0782494172,-0.0591762438,-0.0468556471,-0.0354346558,0.0115999999,-12.0015993,0.000174999994,10,0.0138906771,262.920833,-0.0119418902,-0.00903107319,268.125885,262.616791,9.92710876,4.41015244,1.61735892,0.104581639
30000.0,181.923573,1,0.263729304,173,9.5475111,0.115743145,1,136.403992,1,21.3810749,10.0408983,172.827394,2.7669785,0.0048987749,-0.000336192548,1.32231128,-0.0787799284,-0.0595774464,-0.0474591516,-0.0358910598,0.0102000004,-12.0005026,0.000274999999,10,0.0143542346,262.916667,-0.0119407987,-0.00903024804,268.125916,262.641846,9.95762444,4.22854996,1.52924681,0.095248282
30060.0,187.46274,1,0.260972738,173,9.54783726,0.114961818,1,134.002304,1,20.988699,9.98225784,178.089603,1.08330619,0.00502885226,-0.000331598974,1.32231128,-0.0772153437,-0.0583942272,-0.0463497154,-0.0350520462,0.0112500004,-11.8365335,0.000224999996,10,0.0147736454,262.9125,-0.011777645,-0.0089068627,268.125885,262.734039,9.91230583,4.35706806,1.76144898,0.0952529162
30120.0,169.103699,1,0.261287928,173,9.54728794,0.11409007,1,133.660431,1,20.7831421,10.0087719,160.648514,3.05105591,0.0049118232,-0.000333653152,1.32231128,-0.0774636343,-0.0585819967,-0.0463588722,-0.0350589715,0.0122250002,-11.9098587,0.000375000003,10,0.01522935,262.908333,-0.0118506057,-0.0089620389,268.125916,262.673737,9.92986202,4.1245327,1.66505909,0.0955947414
30180.0,173.363771,1,0.260729909,173,9.55290318,0.113652959,1,133.028824,1,20.7660675,10.134531,164.695583,1.92261422,0.00492441142,-0.000333094009,1.32231128,-0.0770817101,-0.0582931638,-0.0462468415,-0.0349742472,0.0113000004,-11.8898993,0.000199999995,10,0.0140640102,262.904167,-0.0118307453,-0.00894701947,268.127136,262.723907,9.92701912,4.21726036,1.85548806,0.0998720303
30240.0,169.762418,1,0.259179741,173,9.55930901,0.113092959,1,133.301315,1,20.6049652,10.0791121,161.274297,0.637710512,0.00505141029,-0.000326519163,1.32231128,-0.0763198584,-0.0577170141,-0.0454442538,-0.0343672894,0.00994999986,-11.6552076,0.000224999996,10,0.0149874575,262.9,-0.0115972217,-0.00877041742,268.128174,262.654633,9.96899796,4.24477386,1.56900048,0.098117657
30300.0,178.337955,1,0.261419326,173,9.56108093,0.113053434,1,135.337738,1,20.8274632,10.223175,169.421058,1.58499801,0.00502073392,-0.000330015377,1.32231128,-0.0776679069,-0.058736477,-0.0461937562,-0.0349340998,0.0109000001,-11.7800055,0.000375000003,10,0.0163310096,262.895833,-0.0117213987,-0.0088643264,268.125,262.705292,10.03652,4.24156475,1.82628202,0.104134426
30360.0,180.349531,1,0.257708073,173,9.5556469,0.113168858,1,131.56842,1,21.3141155,10.0934925,171.332055,3.77078009,0.00505660893,-0.000325216359,1.32231128,-0.0756871328,-0.0572385155,-0.0445385166,-0.033682324,0.0120249996,-11.6087046,0.000375000003,10,0.0156792086,262.891667,-0.0115509499,-0.00873542391,268.125916,262.650757,9.99526596,4.40347385,1.68851423,0.0987327546
30420.0,172.209306,1,0.258398384,173,9.56261921,0.113026932,1,131.789215,1,21.3296909,10.0745134,163.598841,0.945876658,0.00485799974,-0.00032728762,1.32231128,-0.0759884417,-0.0574663803,-0.0449549146,-0.0339972265,0.00952500012,-11.6826372,0.000150000007,10,0.0131534869,262.8875,-0.0116245151,-0.00879105832,268.130768,262.619385,9.95664787,4.15389633,1.68498194,0.0939759016
30480.0,179.321315,1,0.263689905,173,9.56223679,0.112297907,1,134.969193,1,21.6570644,10.1345301,170.35525,0.814892769,0.0048183566,-0.000339614198,1.32231128,-0.0792920813,-0.0599647611,-0.0465441719,-0.035199102,0.0103000002,-12.1226397,0.000224999996,10,0.0139952572,262.883333,-0.0120623279,-0.00912215468,268.132019,262.674591,10.0363216,4.22061729,1.58217549,0.101272598
30540.0,176.368346,1,0.260427117,175,9.55912495,0.0999614969,1,132.187912,1,21.5664043,10.0655813,167.549929,1.01390326,0.0049420977,-0.000334046461,1.32231128,-0.0771021396,-0.0583086163,-0.0458055548,-0.0346405245,0.0123749999,-11.9238968,0.000174999994,10,0.0140237827,262.879167,-0.0118645737,-0.0089726029,268.136414,262.607422,9.95869064,4.18258142,1.87681758,0.104149193
30600.0,179.179775,1,0.264263272,175,9.55897617,0.0999547541,1,134.981079,1,21.4064255,10.0736837,170.220786,4.74377441,0.00512186624,-0.00034180432,1.32231128,-0.0795831531,-0.0601848848,-0.0468389057,-0.0354219973,0.0105499998,-12.2008162,0.000250000012,10,0.0150160613,262.875,-0.0121401157,-0.00918098167,268.136841,262.690125,9.98484421,4.2187109,1.83163607,0.104419626
30660.0,174.390707,1,0.263422072,173,9.55873585,0.111274883,1,135.156189,1,21.3627319,10.0724163,165.671171,0.598906815,0.00481102988,-0.000338111946,1.32231128,-0.0785813332,-0.0594272576,-0.0473737679,-0.0358264856,0.01205,-12.0690174,0.000250000012,10,0.0142541965,262.870833,-0.0120089725,-0.00908180419,268.136353,262.563507,9.98019218,4.16331482,1.60516667,0.110457718
30720.0,176.289756,1,0.259078562,173,9.56210423,0.110276736,1,130.569702,1,21.1844177,10.0579472,167.475268,0.718462348,0.00498491153,-0.000332959986,1.32231128,-0.075878948,-0.0573835745,-0.0460431799,-0.0348202288,0.0115250004,-11.8851156,0.000150000007,10,0.0136476215,262.866667,-0.0118259853,-0.0089434199,268.132568,262.683685,10.0143337,4.12316513,1.59814179,0.102960743
30780.0,171.54299,1,0.26550132,175,9.5639286,0.0986481532,1,134.600571,1,21.1884518,10.0599298,162.96584,4.25272942,0.00490322756,-0.000347610679,1.32231128,-0.0800839737,-0.0605636314,-0.0476953425,-0.03606968,0.0115,-12.4080763,0.000125000006,10,0.0133111896,262.8625,-0.012346345,-0.00933694281,268.12915,262.618958,9.97092628,4.36512804,1.69623959,0.1023283
30840.0,173.831317,1,0.2640782,175,9.565588,0.0977575481,1,134.425369,1,21.3480644,9.99687958,165.139751,0.646548867,0.00491213938,-0.000342496729,1.32231128,-0.0792033523,-0.0598976612,-0.0472263321,-0.0357149877,0.0119249998,-12.2255325,0.000174999994,10,0.0139473965,262.858333,-0.0121647092,-0.00919958018,268.128052,262.654663,9.9157753,4.26720858,1.73225641,0.100041017
30900.0,178.443076,1,0.261719197,173,9.56312752,0.108114652,1,134.365417,1,21.6101761,10.0466099,169.520923,0.419152021,0.00493031926,-0.000333548698,1.32231128,-0.0777639672,-0.0588091239,-0.0464377366,-0.0351186134,0.0115499999,-11.9061289,0.000150000007,10,0.014036322,262.854167,-0.0118468944,-0.00895923283,268.127594,262.636475,9.94727898,4.22499895,1.90816784,0.100653425
30960.0,177.669311,1,0.261986136,173,9.56215668,0.108156808,1,133.930054,1,21.3685684,10.0087891,168.785846,1.16612542,0.00501143839,-0.000335657911,1.32231128,-0.0779752731,-0.058968924,-0.0464443229,-0.0351235941,0.00939999986,-11.9814177,0.000224999996,10,0.0143323811,262.85,-0.0119218091,-0.00901588704,268.127808,262.628815,9.92930984,4.29378605,1.6890198,0.101390094
31020.0,175.413283,1,0.259871483,175,9.56753826,0.0961662829,1,131.585007,1,20.7888412,9.96471691,166.642619,1.02114129,0.00510241091,-0.000333433651,1.32231128,-0.0766691267,-0.0579811484,-0.045785524,-0.0346253738,0.0111250002,-11.9020224,0.000250000012,10,0.0151226483,262.845833,-0.0118428087,-0.0089561427,268.128021,262.585114,9.91492462,4.16021824,1.67747414,0.0998826325
31080.0,174.614687,1,0.260402232,175,9.5719347,0.0949913561,1,132.088287,1,20.710228,10.0035362,165.883952,0.629493296,0.00493608834,-0.000334202632,1.32231128,-0.0769305006,-0.0581788123,-0.0460599288,-0.0348328948,0.0102749998,-11.929471,9.99999975e-05,10,0.0133990161,262.841667,-0.0118701207,-0.00897679757,268.127899,262.559204,9.94199371,4.05986071,1.88151217,0.0984265134
31140.0,175.306792,1,0.260616541,175,9.5672245,0.0946092084,1,132.099533,1,21.0313015,10.0812206,166.541452,1.17368722,0.00499618007,-0.000334999902,1.32231128,-0.0769357309,-0.0581827685,-0.0463379771,-0.0350431688,0.0100499997,-11.9579306,0.000125000006,10,0.0138066206,262.8375,-0.0118984384,-0.00899821334,268.127014,262.656189,9.97505283,4.2926302,1.70480442,0.0924206525
31200.0,179.32042,1,0.258446693,175,9.57167625,0.0938543007,1,131.386368,1,21.4034901,10.0307379,170.354399,0.809818685,0.0049404595,-0.000328475231,1.32231128,-0.0756642595,-0.0572212152,-0.0455624871,-0.0344567038,0.012875,-11.7250309,0.000125000006,10,0.0140977493,262.833333,-0.0116666974,-0.00882295799,268.127502,262.546234,9.97475624,4.26306152,1.58737242,0.0928818882
31260.0,180.179607,1,0.260118604,175,9.56557941,0.0941381603,1,132.551498,1,21.1494255,9.97102737,171.170627,1.05936611,0.00509200618,-0.000331947638,1.32231128,-0.0770721212,-0.0582859144,-0.0454393439,-0.0343635753,0.0100250002,-11.848979,0.000224999996,10,0.0147347348,262.829167,-0.0117900288,-0.00891622808,268.128784,262.58902,9.89729309,4.16075611,1.78641009,0.0984909236
31320.0,178.57893,1,0.259251058,175,9.56532001,0.0934653431,1,131.524979,1,21.2442131,10.0980072,169.649984,0.82818079,0.00495112175,-0.000331202347,1.32231128,-0.0765612647,-0.0578995794,-0.0451327227,-0.0341316946,0.0112500004,-11.8223753,0.000125000006,10,0.0135994842,262.825,-0.0117635578,-0.0088962093,268.128754,262.575073,9.99003315,4.26404572,1.78744316,0.102102004
31380.0,174.969218,1,0.261401653,175,9.56553459,0.0924549699,1,133.013321,1,21.3597202,10.0621576,166.220757,2.88928938,0.00501072174,-0.000335714314,1.32231128,-0.0778151974,-0.058847867,-0.0459211394,-0.0347279347,0.0101749999,-11.9834328,0.000349999988,10,0.0153916674,262.820833,-0.0119238133,-0.00901740231,268.129364,262.560516,9.95943069,4.14658117,1.74065113,0.0976227149
31440.0,183.587323,1,0.260810733,175,9.56679153,0.0927248821,1,133.005844,1,21.5013638,10.1077986,174.407957,1.04181683,0.00490136584,-0.000333461503,1.32231128,-0.0775308535,-0.058632832,-0.04559993,-0.0344850197,0.0114000002,-11.903017,9.99999975e-05,10,0.0133110518,262.816667,-0.0118437978,-0.00895689055,268.129364,262.646149,10.0614204,4.30840492,1.56879592,0.0979565531
31500.0,172.432759,1,0.262028933,175,9.56838989,0.0924216956,1,132.250687,1,21.4370403,10.0098705,163.811121,0.898795247,0.00485504419,-0.000340086815,1.32231128,-0.0784585252,-0.0593343824,-0.045682203,-0.0345472395,0.00999999978,-12.1395102,0.000199999995,10,0.0140976254,262.8125,-0.012079115,-0.00913484953,268.129364,262.593048,9.91399956,4.2375145,1.79898715,0.101869546
31560.0,177.204107,1,0.262990415,175,9.56983471,0.0911909193,1,133.122345,1,21.4323025,10.1166506,168.343902,0.596686006,0.00494480366,-0.000341592851,1.32231128,-0.0790126622,-0.0597534515,-0.0460570306,-0.0348307006,0.0111499997,-12.1932697,0.000274999999,10,0.0148648648,262.808333,-0.0121326065,-0.00917530246,268.129089,262.629639,10.0022621,4.12286043,2.03443623,0.104825877
31620.0,181.263241,1,0.262908041,175,9.56827736,0.091186963,1,132.865677,1,21.4018593,10.0942421,172.200079,1.79419482,0.00503434381,-0.000341931271,1.32231128,-0.0786385536,-0.0594705306,-0.046580635,-0.0352266803,0.0103749996,-12.205348,0.000375000003,10,0.0155505231,262.804167,-0.0121446252,-0.00918439217,268.127747,262.600159,10.0601711,4.22246742,1.79168963,0.0995724201
31680.0,178.596668,1,0.25983727,175,9.5708828,0.0905227959,1,130.184128,1,21.0290565,10.022233,169.666835,0.99538672,0.00500607025,-0.000336888625,1.32231128,-0.0770167783,-0.0582440607,-0.0451518223,-0.0341461375,0.0122750001,-12.0253496,0.000250000012,10,0.0144311124,262.8,-0.0119655216,-0.00904894434,268.127014,262.601288,9.94448662,4.17820883,1.60219073,0.103550486
31740.0,181.985698,1,0.261663377,175,9.56163597,0.0903778523,1,132.366135,1,20.8806572,10.0532408,172.886413,1.38333428,0.00498229172,-0.000338370097,1.32231128,-0.0780202001,-0.0590028986,-0.0459298752,-0.0347345397,0.0105499998,-12.0782299,0.000174999994,10,0.0142421769,262.795833,-0.0120181395,-0.00908873696,268.127594,262.557922,9.98792267,4.21225548,1.80277538,0.101416163
31800.0,178.219015,1,0.262047231,173,9.55873966,0.101107121,1,132.785446,1,20.3054695,10.1406775,169.308064,0.598733127,0.00493720267,-0.000338788202,1.32231128,-0.0785408169,-0.0593966171,-0.0455658324,-0.0344592333,0.00967499986,-12.0931549,0.000125000006,10,0.0136425113,262.791667,-0.0120329903,-0.00909996778,268.128021,262.525574,10.0847263,4.25630474,1.65359032,0.0994367898
31860.0,179.984381,1,0.260232687,175,9.5566864,0.0894967616,1,131.799896,1,20.2628021,10.0291853,170.985162,2.75383449,0.00497835269,-0.000334280077,1.32231128,-0.0774215907,-0.0585502014,-0.0449977219,-0.0340295993,0.0117499996,-11.9322357,0.000224999996,10,0.0142884403,262.7875,-0.0118728718,-0.00897887815,268.128021,262.575958,9.97067642,4.36753654,2.06621122,0.10039252
31920.0,179.780175,1,0.261111975,175,9.56143379,0.0890487358,1,131.875931,1,20.049078,10.0075064,170.791167,0.881517649,0.00493992632,-0.000337485282,1.32231128,-0.0775423795,-0.0586415455,-0.0459892377,-0.0347794332,0.0103500001,-12.0466471,0.000150000007,10,0.0137831969,262.783333,-0.0119867139,-0.00906497147,268.128021,262.58783,9.96863365,4.09814692,1.94002509,0.096791178
31980.0,174.546808,1,0.259311408,175,9.55597973,0.0885766447,1,131.493942,1,19.7838078,10.0073681,165.819468,2.64862061,0.00499327155,-0.000331511867,1.32231128,-0.0766699463,-0.0579817668,-0.0450296402,-0.0340537354,0.00934999995,-11.8334236,0.000199999995,10,0.0140100736,262.779167,-0.0117745511,-0.00890452322,268.128021,262.592041,9.95742798,4.04514694,1.64907861,0.094043076
32040.0,185.824471,1,0.253903598,175,9.55069256,0.0883315951,1,127.272194,1,19.6290836,10.0229578,176.533248,1.65362275,0.00517812651,-0.000321523723,1.32231128,-0.0736425668,-0.0556923077,-0.0429367833,-0.0324710086,0.0108749997,-11.4768944,0.000174999994,10,0.0143233947,262.775,-0.0114197955,-0.00863623805,268.128082,262.607452,9.9389534,4.18521786,1.56468391,0.0908776671
32100.0,184.353754,1,0.257514626,173,9.54858017,0.0987103879,1,129.408279,1,19.6410694,10.0640688,175.136066,2.04432034,0.00520717632,-0.000329900999,1.32231128,-0.0753478929,-0.0569819622,-0.0448529497,-0.033920113,0.0104999999,-11.7759237,0.000300000014,10,0.0157395937,262.770833,-0.0117173372,-0.0088612549,268.127777,262.557861,9.99139786,4.13214302,1.86826527,0.0950168669
32160.0,184.420821,1,0.257106811,175,9.55293655,0.0876413211,1,129.546097,1,19.7632313,10.0684805,175.19978,0.972675383,0.00500277383,-0.000327986869,1.32231128,-0.0754446015,-0.0570551008,-0.0441430546,-0.033383254,0.0111250002,-11.7075977,0.000224999996,10,0.0144022778,262.766667,-0.0116493506,-0.00880984031,268.127808,262.486938,10.02495,4.15207338,1.67326188,0.092342943
32220.0,185.070044,1,0.256512791,175,9.55903625,0.0874387622,1,129.495224,1,19.9102764,10.0113945,175.816542,2.09603691,0.00510239787,-0.00032584669,1.32231128,-0.0751756057,-0.0568516701,-0.0438036695,-0.0331265926,0.0118749999,-11.6312037,0.000224999996,10,0.0150516368,262.7625,-0.011573337,-0.00875235442,268.127594,262.546692,9.9623642,3.98351169,1.75718665,0.0951797962
32280.0,179.367259,1,0.259110719,175,9.5509758,0.0870307907,1,130.350113,1,19.8506031,10.0085344,170.398896,0.946753085,0.00488597341,-0.000333645119,1.32231128,-0.0767462775,-0.0580394939,-0.0446263179,-0.0337487236,0.0117499996,-11.9095707,0.000199999995,10,0.013772021,262.758333,-0.0118503189,-0.00896182284,268.127441,262.507507,9.969347,4.07205582,1.74551558,0.0968336314
32340.0,190.849552,1,0.257628024,175,9.55129337,0.0866005644,1,129.436798,1,19.8730812,10.1360283,181.307074,3.71693683,0.00508344593,-0.000330264244,1.32231128,-0.0757787302,-0.0573077835,-0.0442744642,-0.0334826335,0.0114249997,-11.7888899,0.000174999994,10,0.0143657392,262.754167,-0.0117302388,-0.00887101144,268.127075,262.488129,10.0491171,4.08222675,1.77521908,0.101302207
32400.0,179.171437,1,0.25935474,175,9.55106544,0.085629262,1,130.009781,1,19.9832096,10.0565033,170.212865,5.11306715,0.00514357444,-0.000335464487,1.32231128,-0.0766024515,-0.0579307266,-0.0452028438,-0.0341847204,0.0105250003,-11.974514,0.000199999995,10,0.0143743698,262.75,-0.0119149396,-0.00901069213,268.127228,262.54071,10.0225277,4.13337517,1.63150787,0.0980404839
