time_s,boundary_layer_height,boundary_layer_height_valid,friction_velocity,low_level_jet_height,low_level_jet_speed,low_level_jet_turning_from_geostrophic,low_level_jet_valid,obukhov_length,obukhov_length_valid,resolved_tke_vertical_integral,speed_maximum,stress_height_0_05,surface_bulk_richardson_maximum,surface_bulk_richardson_mean,surface_buoyancy_flux,surface_density,surface_drag_u_dynamic_flux,surface_drag_u_kinematic_flux,surface_drag_v_dynamic_flux,surface_drag_v_kinematic_flux,surface_layer_face1_filtered_u_mean,surface_layer_face1_filtered_u_mean_w_mean_transport,surface_layer_face1_filtered_uw_product,surface_layer_face1_filtered_v_mean,surface_layer_face1_filtered_v_mean_w_mean_transport,surface_layer_face1_filtered_vw_product,surface_layer_face1_filtered_w_mean,surface_layer_face1_momentum_active_fraction,surface_layer_face1_momentum_deficit,surface_layer_face1_resolved_u_flux,surface_layer_face1_resolved_v_flux,surface_layer_face1_transverse_resolved_stress,surface_layer_face1_viscosity,surface_layer_face1_viscosity_cap_fraction,surface_layer_face1_ρqᵛ_active_fraction,surface_layer_face1_ρqᵛ_cap_fraction,surface_layer_face1_ρqᵛ_deficit,surface_layer_face1_ρqᵛ_diffusivity,surface_layer_face1_ρqᵛ_filtered_scalar_mean,surface_layer_face1_ρqᵛ_filtered_scalar_mean_w_mean_transport,surface_layer_face1_ρqᵛ_filtered_scalar_w_product,surface_layer_face1_ρqᵛ_resolved_flux,surface_layer_face1_ρθ_active_fraction,surface_layer_face1_ρθ_cap_fraction,surface_layer_face1_ρθ_deficit,surface_layer_face1_ρθ_diffusivity,surface_layer_face1_ρθ_filtered_scalar_mean,surface_layer_face1_ρθ_filtered_scalar_mean_w_mean_transport,surface_layer_face1_ρθ_filtered_scalar_w_product,surface_layer_face1_ρθ_resolved_flux,surface_layer_face2_filtered_u_mean,surface_layer_face2_filtered_u_mean_w_mean_transport,surface_layer_face2_filtered_uw_product,surface_layer_face2_filtered_v_mean,surface_layer_face2_filtered_v_mean_w_mean_transport,surface_layer_face2_filtered_vw_product,surface_layer_face2_filtered_w_mean,surface_layer_face2_momentum_active_fraction,surface_layer_face2_momentum_deficit,surface_layer_face2_resolved_u_flux,surface_layer_face2_resolved_v_flux,surface_layer_face2_transverse_resolved_stress,surface_layer_face2_viscosity,surface_layer_face2_viscosity_cap_fraction,surface_layer_face2_ρqᵛ_active_fraction,surface_layer_face2_ρqᵛ_cap_fraction,surface_layer_face2_ρqᵛ_deficit,surface_layer_face2_ρqᵛ_diffusivity,surface_layer_face2_ρqᵛ_filtered_scalar_mean,surface_layer_face2_ρqᵛ_filtered_scalar_mean_w_mean_transport,surface_layer_face2_ρqᵛ_filtered_scalar_w_product,surface_layer_face2_ρqᵛ_resolved_flux,surface_layer_face2_ρθ_active_fraction,surface_layer_face2_ρθ_cap_fraction,surface_layer_face2_ρθ_deficit,surface_layer_face2_ρθ_diffusivity,surface_layer_face2_ρθ_filtered_scalar_mean,surface_layer_face2_ρθ_filtered_scalar_mean_w_mean_transport,surface_layer_face2_ρθ_filtered_scalar_w_product,surface_layer_face2_ρθ_resolved_flux,surface_layer_filtered_friction_velocity,surface_layer_filtered_surface_flux_ρqᵛ,surface_layer_filtered_surface_flux_ρθ,surface_layer_filtered_surface_u_flux,surface_layer_filtered_surface_v_flux,surface_neutral_fallback_fraction,surface_sensible_heat_flux,surface_stability_cap_fraction,surface_stability_parameter_maximum,surface_stability_parameter_mean,surface_temperature,surface_theta_dynamic_flux,surface_theta_kinematic_flux,theta_maximum,theta_minimum,u_absolute_maximum,v_absolute_maximum,w_absolute_maximum,w_variance_maximum
0,12.5,1,0.77147060632705688,6.25,8,0,1,173309.359375,1,5.0487097934144756e-27,8,11.875,0.00018174079013988376,8.6545405793003738e-06,-6.6233260440640152e-06,1.3223112821578979,-0.78699588775634766,-0.59516686201095581,0,0,8,2.2182240400070441e-07,2.2182240400070441e-07,0,0,0,2.7727800500088051e-08,1,1,0,0,0,3.8573527336120605,0,0,0,1,0,0,0,0,0,1,0,1,3.8573527336120605,350.00762939453125,9.7049414762295783e-06,9.7049414762295783e-06,0,8,6.7548819515650393e-07,6.7548819515650393e-07,0,0,0,8.4436024394562992e-08,1,1,0,0,0,3.8573527336120605,0,0,0,1,0,0,0,0,0,1,0,1,3.8573527336120605,349.600830078125,2.951890928670764e-05,2.951890928670764e-05,0,0.77147054672241211,0,-0.00017790481797419488,-0.59516680240631104,0,0.4462890625,-0.23642179369926453,0,0.00075175828533247113,0.00020818470511585474,265,-0.00023524556308984756,-0.00017790483252611011,267.9375,264.9500732421875,8,0,1.3249705261841882e-06,3.2311742677852644e-27
60,36.900770652815346,1,0.63542479276657104,306.25,8,3.4722802411124576e-10,1,68140.8046875,1,0.0042845318093895912,8.0076475143432617,35.055732120174575,0.00012722621613647789,2.2035423171473667e-05,-9.4129381977836601e-06,1.3223112821578979,-0.53390246629714966,-0.40376457571983337,-0.00040624500252306461,-0.00030722343944944441,7.893681526184082,1.0927760740742087e-07,-2.3701286409050226e-06,0.00028309031040407717,2.5376272194677085e-09,3.2890639545257727e-08,2.279602995258756e-08,1,0.9999956488609314,-2.4794371711323038e-06,3.0353000113336748e-08,-3.0440844511758769e-08,3.784055233001709,0,0,0,1,0,0,0,0,0,1,0,0.99988025426864624,3.7836179733276367,350.007568359375,9.8259188234806061e-06,1.7428072169423103e-05,7.6032411016058177e-06,7.9658069610595703,2.3088068701326847e-07,-3.1647214200347662e-06,0.00013081372890155762,5.3006989908510604e-09,7.1899648901307955e-08,4.0357917896471918e-08,1,0.99999409914016724,-3.3955102480831556e-06,6.6598950354546105e-08,-6.6638136786423274e-08,3.7840495109558105,0,0,0,1,0,0,0,0,0,1,0,1.0027649402618408,3.7945349216461182,349.6009521484375,1.6624107956886292e-05,2.8485897928476334e-05,1.1861446182592772e-05,0.75681436061859131,0,-0.00018086316413246095,-0.57276809215545654,-2.4307222702191211e-05,0.2646484375,-0.33599793910980225,0,0.00052621634677052498,0.00011800059291999787,264.99583333323244,-0.0003343262942507863,-0.0002528347831685096,267.93743896484375,264.95846557617188,8.0076465606689453,0.016890212893486023,0.044288665056228638,0.00019761813746299595
120,37.666494366890227,1,0.57783854007720947,343.75,7.9999985694885254,8.8218160554376368e-10,1,32899.7734375,1,0.022263741120696068,8.0105390548706055,35.783169648545716,0.0001149591407738626,4.5795160986017436e-05,-1.4661102795798797e-05,1.3223112821578979,-0.44151514768600464,-0.33389651775360107,-0.00099786382634192705,-0.00075463607208803296,7.6696872711181641,-1.1971133062615991e-06,-1.975655322894454e-05,0.0017013032920658588,1.1098066465820011e-08,2.7405457103668596e-07,2.2535459720529616e-08,1,0.99996483325958252,-1.8559472664492205e-05,2.6295657562513952e-07,-2.665124441136868e-07,3.6567349433898926,0,0,0,1,0,0,0,0,0,1,0,2.0302867889404297,7.4259109497070312,350.00732421875,1.1884607374668121e-05,2.4397857487201691e-05,1.2506538041634485e-05,7.8374180793762207,-2.5500776246190071e-06,-4.32237284258008e-05,0.0011778697371482849,2.6232498839817708e-08,5.1410870582913049e-07,-6.1991158872842789e-09,1,0.99992352724075317,-4.0673759940546006e-05,4.8787649120640708e-07,-4.9556444992049364e-07,3.6565835475921631,0,0,0,1,0,0,0,0,0,1,0,3.2387838363647461,11.846889495849609,349.6009521484375,4.0028244256973267e-06,2.695620059967041e-05,2.2959746274864301e-05,0.73137247562408447,0,-0.00020752023556269705,-0.53490573167800903,-0.00011717344750650227,0.0537109375,-0.52333283424377441,0,0.0004754702968057245,0.00019159616203978658,264.99166666646488,-0.00052072916878387332,-0.00039380227099172771,267.93695068359375,264.96841430664062,8.0105323791503906,0.038513414561748505,0.061130188405513763,0.00042255246080458164
180,37.857187255301369,1,0.53578442335128784,343.75,7.9999957084655762,4.2727656968111205e-09,1,19983.96484375,1,0.075297430157661438,8.0152301788330078,35.964327892536296,0.00013473951548803598,7.5469135481398553e-05,-1.9241042537032627e-05,1.3223112821578979,-0.37958550453186035,-0.2870621383190155,-0.0016742178704589605,-0.0012661298969760537,7.3916053771972656,-6.8678637035191059e-06,-5.0389469834044576e-05,0.004672415554523468,2.0173274606349878e-08,6.2837995074005448e-07,2.1911546355113387e-08,1,0.9999091625213623,-4.3521446059457958e-05,6.0820684666396119e-07,-6.2999890815262916e-07,3.5132412910461426,0,0,0,1,0,0,0,0,0,1,0,1.0115793943405151,3.5542798042297363,350.0068359375,1.3684853911399841e-05,2.6497989892959595e-05,1.282840094063431e-05,7.6340432167053223,-1.528346911072731e-05,-0.00012837379472330213,0.0038450108841061592,5.0732040790535393e-08,1.4807312709308462e-06,-4.530011210590601e-08,1,0.99976813793182373,-0.00011309089313726872,1.4299987469712505e-06,-1.4892548279021867e-06,3.5127463340759277,0,0,0,1,0,0,0,0,0,1,0,1.0303616523742676,3.6202907562255859,349.60076904296875,-5.5581331253051758e-06,1.897662878036499e-05,2.4526430934201926e-05,0.70271116495132446,0,-0.00025327442563138902,-0.4938029944896698,-0.00028060516342520714,0,-0.68681526184082031,0,0.00055729597806930542,0.00031212333124130964,264.98749999969732,-0.00068339827703312039,-0.0005168210482224822,267.93646240234375,264.97390747070312,8.0151844024658203,0.072458237409591675,0.069227069616317749,0.00052253803005442023
240,37.978068951190281,1,0.50065183639526367,168.75,7.9999923706054688,2.1866092936306813e-08,1,13598.4677734375,1,0.18190634250640869,8.032526969909668,36.079165503630762,0.00016069815319497138,0.00011095574154751375,-2.307052091055084e-05,1.3223112821578979,-0.33143156766891479,-0.25064563751220703,-0.0024091631639748812,-0.0018219334306195378,7.0866727828979492,-2.0535604562610388e-05,-8.7751715909689665e-05,0.0094127766788005829,2.8826491416111821e-08,9.3685014235234121e-07,1.754233380779624e-08,1,0.9998430609703064,-6.7216140450909734e-05,9.0802370777964825e-07,-9.7364249995735008e-07,3.3637685775756836,0,0,0,1,0,0,0,0,0,1,0,1.0152908563613892,3.4157824516296387,350.0062255859375,1.3595446944236755e-05,2.5017186999320984e-05,1.1425821867305785e-05,7.3825807571411133,-4.7978945076465607e-05,-0.00023215543478727341,0.0084590241312980652,8.2613382801355328e-08,2.7307512482366292e-06,-7.4534909799695015e-08,1,0.99958282709121704,-0.00018417675164528191,2.6481384338694625e-06,-2.8401805138855707e-06,3.3628964424133301,0,0,0,1,0,0,0,0,0,1,0,1.0271327495574951,3.4555416107177734,349.6004638671875,-1.2353062629699707e-05,8.8661909103393555e-06,2.1232586732367054e-05,0.67285645008087158,0,-0.00031107553513720632,-0.45273593068122864,-0.00051173492101952434,0,-0.8235098123550415,0,0.0006647086120210588,0.00045891565969213843,264.98333333292976,-0.00081941275857388973,-0.00061968219233676791,267.93594360351562,264.97808837890625,8.0323562622070312,0.10310211777687073,0.08049502968788147,0.00072246539639309049
300,38.130015501219454,1,0.47025826573371887,168.75,7.9999904632568359,3.2593373333611453e-08,1,9868.5419921875,1,0.35998564958572388,8.0569658279418945,36.223514726158477,0.00020243349717929959,0.00015292782336473465,-2.634488555486314e-05,1.3223112821578979,-0.2924024760723114,-0.22112983465194702,-0.0031706709414720535,-0.0023978250101208687,6.771061897277832,-4.3707957956939936e-05,-0.00012956740101799369,0.01601119339466095,3.8179223338374868e-08,1.8227754026156617e-06,1.5221303328871727e-08,1,0.99977302551269531,-8.5860032413620502e-05,1.7845959519036114e-06,-1.9225199139327742e-06,3.213341236114502,0,0,0,1,0,0,0,0,0,1,0,1.0081121921539307,3.2402124404907227,350.00543212890625,1.3422220945358276e-05,2.3264437913894653e-05,9.7939337138086557e-06,7.1038284301757812,-0.00010560895316302776,-0.00035335763823240995,0.01512945257127285,1.3281987776281312e-07,5.4425954658654518e-06,-1.0119401849806309e-07,1,0.99937474727630615,-0.00024774944176897407,5.3097746786079369e-06,-5.7443403420620598e-06,3.212071418762207,0,0,0,1,0,0,0,0,0,1,0,1.0278619527816772,3.303469181060791,349.5999755859375,-1.9632279872894287e-05,-2.078711986541748e-06,1.7545547962072305e-05,0.64280796051025391,0,-0.00037561901262961328,-0.41320240497589111,-0.00080396083649247885,0,-0.94038927555084229,0,0.00083741103298962116,0.00063255964778363705,264.9791666661622,-0.000935710733756423,-0.00070763274561613798,267.93545532226562,264.98135375976562,8.0569362640380859,0.13580507040023804,0.13809412717819214,0.0011931101325899363
360,38.464456137678702,1,0.44375556707382202,168.75,7.9999885559082031,4.6685112664590633e-08,1,7510.81640625,1,0.68313372135162354,8.07720947265625,36.541233330794768,0.0002530958445277065,0.00020097126252949238,-2.9086018912494183e-05,1.3223112821578979,-0.26035857200622559,-0.19689658284187317,-0.0039281565696001053,-0.0029706745408475399,6.4556684494018555,-7.361255120486021e-05,-0.00017280626343563199,0.024439416825771332,3.5992798075312749e-08,3.8358571146090981e-06,1.2980308383703232e-08,1,0.99970203638076782,-9.9194119684398174e-05,3.7998665902705397e-06,-4.0354270822717808e-06,3.0650980472564697,0,0,0,1,0,0,0,0,0,1,0,1.0096344947814941,3.0957632064819336,350.00445556640625,1.2520700693130493e-05,2.0947307348251343e-05,8.3407576312310994e-06,6.8135013580322266,-0.00018000369891524315,-0.00048851873725652695,0.023777198046445847,1.4401257431018166e-07,1.615457767911721e-05,-1.2191594578325748e-07,1,0.99913191795349121,-0.0003085157077293843,1.6010566469049081e-05,-1.6840102034620941e-05,3.0633707046508789,0,0,0,1,0,0,0,0,0,1,0,1.0274676084518433,3.150113582611084,349.59930419921875,-2.644956111907959e-05,-1.2062489986419678e-05,1.4391182958206628e-05,0.61319178342819214,0,-0.00044299795990809798,-0.37600499391555786,-0.0011476789368316531,0,-1.0382349491119385,0,0.001047073514200747,0.00083135353634133935,264.97499999939464,-0.0010330695658922195,-0.00078126048902049661,267.93496704101562,264.982421875,8.0770988464355469,0.22824010252952576,0.23752054572105408,0.0031603863462805748
420,56.608678857882531,1,0.42117977142333984,168.75,7.9999856948852539,5.1730332017996261e-08,1,5922.01513671875,1,1.690129280090332,8.2041444778442383,53.778244914988399,0.00031177490018308163,0.00025497667957097292,-3.1540821510134265e-05,1.3223112821578979,-0.23452159762382507,-0.17735733091831207,-0.0046635628677904606,-0.0035268268547952175,6.1490621566772461,-9.7348063718527555e-05,-0.00021101871971040964,0.034553267061710358,-5.5526470532640815e-08,-1.0450830814079382e-06,9.6770236268639565e-09,1,0.99962151050567627,-0.00011367093975422904,-9.8955433713854291e-07,6.1834771258872934e-07,2.9213056564331055,0,0,0,1,0,0,0,0,0,1,0,1.0807263851165771,3.1590425968170166,350.0032958984375,1.023709774017334e-05,1.7791986465454102e-05,7.4847084761131555e-06,6.5262660980224609,-0.00023098429664969444,-0.00068619928788393736,0.03414548933506012,-4.8285619413945824e-07,-1.2649452401092276e-06,-1.3830140233039856e-07,1,0.99860626459121704,-0.00045521702850237489,-7.8208631748566404e-07,-1.0351213859394193e-06,2.9183616638183594,0,0,0,1,0,0,0,0,0,1,0,1.0729880332946777,3.1360654830932617,349.5985107421875,-3.4302473068237305e-05,-2.1882355213165283e-05,1.2430567949195392e-05,0.58446907997131348,0,-0.00051067204913124442,-0.34160521626472473,-0.0015312549658119678,0,-1.1258598566055298,0,0.0012899625580757856,0.0010548597201704979,264.97083333262708,-0.0011202585883438587,-0.0008471973123960197,267.93450927734375,264.98675537109375,8.2041244506835938,0.38891899585723877,0.51104474067687988,0.014203727245330811
480,71.231818694147535,1,0.40411484241485596,343.75,7.9999785423278809,7.235738763711197e-08,1,4861.08056640625,1,4.953066349029541,8.3751850128173828,67.670227759440152,0.00039110903162509203,0.00031123246299102902,-3.3940759749384597e-05,1.3223112821578979,-0.21587759256362915,-0.16325777769088745,-0.0053983340039849281,-0.0040824986062943935,5.8610639572143555,-9.0220186393707991e-05,-0.00027326424606144428,0.046235121786594391,-2.2300400814856403e-07,-1.5846395399421453e-05,8.7311491370201111e-09,1,0.99937748908996582,-0.00018304424884263426,-1.5623394574504346e-05,1.4686058420920745e-05,2.783966064453125,0,0,0,1,0,0,0,0,0,1,0,1.0291963815689087,2.8670902252197266,350.00201416015625,7.066875696182251e-06,1.4483928680419922e-05,7.3316909947607201e-06,6.2613487243652344,-0.00020025717094540596,-0.0014111421769484878,0.046003259718418121,-1.4018660294823349e-06,-0.0001164112618425861,-1.4803663361817598e-07,1,0.99607747793197632,-0.0012108860537409782,-0.00011500938853714615,0.00010778200521599501,2.7747547626495361,0,0,0,1,0,0,0,0,0,1,0,1.0310323238372803,2.872133731842041,349.59756469726562,-4.4107437133789062e-05,-3.3922493457794189e-05,9.9487124316510744e-06,0.55713105201721191,0,-0.00057771091815084219,-0.31039541959762573,-0.0019459262257441878,0,-1.2115265130996704,0,0.0016184394480660558,0.0012877262197434902,264.96666666585952,-0.0012054990511387587,-0.00091166055062785745,267.93408203125,264.9869384765625,8.3750686645507812,0.90768730640411377,0.75900876522064209,0.055192857980728149
540,84.001812376405539,1,0.39498913288116455,343.75,7.9999737739562988,9.8546571791757742e-08,1,4167.91552734375,1,10.749590873718262,8.4708051681518555,79.801721757585256,0.00047527809510938823,0.00036473065847530961,-3.6963792808819562e-05,1.3223112821578979,-0.20620900392532349,-0.15594588220119476,-0.0062027466483414173,-0.0046908371150493622,5.6049566268920898,-9.4163813628256321e-05,-0.00058625434758141637,0.059295009821653366,6.663503882009536e-07,-6.7782129917759448e-05,9.9389581009745598e-09,1,0.99823844432830811,-0.00049209047574549913,-6.8448498495854437e-05,6.4649924752302468e-05,2.6548993587493896,0,0,0,1,0,0,0,0,0,1,0,1.0505163669586182,2.7943720817565918,350.00067138671875,3.3900141716003418e-06,9.7230076789855957e-06,6.2651074586028699e-06,6.0399560928344727,-0.00024844752624630928,-0.0037209077272564173,0.058988995850086212,3.17796366289258e-06,-0.00054063816787675023,-1.5553086996078491e-07,1,0.98774361610412598,-0.0034724606666713953,-0.00054381618974730372,0.00051563768647611141,2.6269156932830811,0,0,0,1,0,0,0,0,0,1,0,1.0494556427001953,2.7931451797485352,349.59658813476562,-5.486607551574707e-05,-5.8844685554504395e-05,-4.1495227378618438e-06,0.53191173076629639,0,-0.00064565858338028193,-0.28292813897132874,-0.0023885918781161308,0,-1.3194347620010376,0,0.001967024989426136,0.0015092265093699098,264.96249999909196,-0.0013128704158589244,-0.00099286029580980539,267.93365478515625,264.98568725585938,8.4676876068115234,1.2553775310516357,1.105411171913147,0.11862550675868988
600,97.931484051458597,1,0.39277654886245728,343.75,7.999967098236084,1.401171090265052e-07,1,3733.763916015625,1,17.326583862304688,8.4828720092773438,93.034909848885661,0.00056866166414692998,0.00040897680446505547,-4.0572318539489061e-05,1.3223112821578979,-0.20387011766433716,-0.15417709946632385,-0.0072070378810167313,-0.0054503339342772961,5.3898873329162598,-0.00020411633886396885,-0.0016421654727309942,0.073805749416351318,-9.3632479547522962e-07,-0.00014823899255134165,8.7020453065633774e-09,1,0.99434518814086914,-0.0014380500651896,-0.00014730263501405716,0.00013183934788685292,2.5336697101593018,0,0,0,1,0,0,0,0,0,1,0,0.99328559637069702,2.5311696529388428,349.99923706054688,-4.8428773880004883e-07,-1.7061829566955566e-06,-1.3400760963122593e-06,5.8650016784667969,-0.00045629939995706081,-0.0080617880448698997,0.073515221476554871,8.2756014307960868e-06,-0.00084421923384070396,-1.6181729733943939e-07,1,0.97059500217437744,-0.0076054907403886318,-0.00085249496623873711,0.0007689986377954483,2.4731168746948242,0,0,0,1,0,0,0,0,0,1,0,0.93085074424743652,2.372349739074707,349.59561157226562,-6.2987208366394043e-05,-9.7095966339111328e-05,-3.435090184211731e-05,0.50958830118179321,0,-0.00071756599936634302,-0.25967597961425781,-0.0028789793141186237,0,-1.4482419490814209,0,0.002353935968130827,0.0016924561932682991,264.9583333323244,-0.0014410368166863918,-0.0010897864121943712,267.93328857421875,264.98370361328125,8.4794921875,1.4924620389938354,1.2827012538909912,0.14172542095184326
660,117.42112381222344,1,0.39567148685455322,343.75,7.9999523162841797,2.4390428166043421e-07,1,3448.42578125,1,24.325044631958008,8.4272527694702148,111.55006762161227,0.00059929280541837215,0.00044427718967199326,-4.490796709433198e-05,1.3223112821578979,-0.20687039196491241,-0.15644605457782745,-0.0077551505528390408,-0.0058648446574807167,5.2184200286865234,-0.00045938766561448574,-0.0038720248267054558,0.087218485772609711,-1.0737199772847816e-05,-0.00014974598889239132,7.8580342233181e-09,1,0.98553717136383057,-0.0034126373939216137,-0.0001390088873449713,8.908933523343876e-05,2.4179394245147705,0,0,0,1,0,0,0,0,0,1,0,0.96444880962371826,2.3665196895599365,349.99786376953125,-1.5422701835632324e-06,-2.4817883968353271e-05,-2.3289589080377482e-05,5.7317075729370117,-0.00085140205919742584,-0.015851149335503578,0.08577563613653183,-1.1789918062277138e-05,-0.00037657425855286419,-1.6664853319525719e-07,1,0.93744850158691406,-0.014999745413661003,-0.00036478423862718046,0.00014490296598523855,2.2998580932617188,0,0,0,1,0,0,0,0,0,1,0,0.8625483512878418,2.1168246269226074,349.59469604492188,-6.6637992858886719e-05,-0.00016045570373535156,-9.3771588581148535e-05,0.49062350392341614,0,-0.00079585670027881861,-0.24070702493190765,-0.0033908695913851261,0,-1.6030045747756958,0,0.002480857539921999,0.0018386651063337922,264.95416666555684,-0.0015950293745845556,-0.0012062435271218419,267.9329833984375,264.98214721679688,8.4223842620849609,1.6112611293792725,1.0300043821334839,0.15417328476905823
720,118.28977696346477,1,0.40009057521820068,381.25,7.99993896484375,3.7397614960354986e-07,1,3239.365478515625,1,28.300725936889648,8.4772481918334961,112.37528811529153,0.00071037054294720292,0.00047494118916802108,-4.9425951146986336e-05,1.3223112821578979,-0.21154531836509705,-0.15998148918151855,-0.0071353418752551079,-0.0053961137309670448,5.0869455337524414,-0.00098250620067119598,-0.007268933579325676,0.097581483423709869,-9.6658332040533423e-06,0.00025180456577800214,5.9371814131736755e-09,1,0.97153520584106445,-0.0062864255160093307,0.00026147041353397071,-0.00036086118780076504,2.308840274810791,0,0,0,1,0,0,0,0,0,1,0,0.93072950839996338,2.2123136520385742,349.9964599609375,-4.5895576477050781e-06,-5.9783458709716797e-05,-5.5439410061808303e-05,5.6306238174438477,-0.0014212802052497864,-0.02507404051721096,0.095304712653160095,-3.3265096135437489e-05,0.00064110325183719397,-1.701992005109787e-07,1,0.89484632015228271,-0.023652762174606323,0.00067436852259561419,-0.0010654526995494962,2.1262726783752441,0,0,0,1,0,0,0,0,0,1,0,0.78870165348052979,1.8746488094329834,349.59375,-7.3075294494628906e-05,-0.0002460479736328125,-0.00017300760373473167,0.47516781091690063,0,-0.00088185560889542103,-0.22578758001327515,-0.0038027819246053696,0,-1.7642754316329956,0,0.0029412878211587667,0.0019656908698379993,264.94999999878928,-0.00175549800042063,-0.0013275981182232499,267.93276977539062,264.98019409179688,8.4732627868652344,1.6491074562072754,1.2220528125762939,0.1635262668132782
780,112.29876631827103,1,0.40422293543815613,381.25,7.9999275207519531,5.2540440265147481e-07,1,3065.654296875,1,32.666934967041016,8.4034194946289062,106.68382800235747,0.00079132441896945238,0.00050046481192111969,-5.3861647757003084e-05,1.3223112821578979,-0.21593998372554779,-0.16330495476722717,-0.0072190039791166782,-0.0054593831300735474,4.9877333641052246,-0.0012287376448512077,-0.011417314410209656,0.10747666656970978,-4.5923952711746097e-05,0.00082968664355576038,6.28642737865448e-09,1,0.9514840841293335,-0.010188572108745575,0.0008756100432947278,-0.0010421816259622574,2.2024357318878174,0,0,0,1,0,0,0,0,0,1,0,0.89780724048614502,2.0788004398345947,349.99505615234375,-5.5432319641113281e-06,-9.9956989288330078e-05,-9.4418777734972537e-05,5.5534815788269043,-0.0018131658434867859,-0.036013618111610413,0.10850013047456741,-0.0002231498365290463,0.0010359605075791478,-1.7089769244194031e-07,1,0.83929413557052612,-0.03420044481754303,0.0012591099366545677,-0.0018540180753916502,1.9427679777145386,0,0,0,1,0,0,0,0,0,1,0,0.722115159034729,1.6723062992095947,349.59271240234375,-7.5221061706542969e-05,-0.00033473968505859375,-0.00025985791580751538,0.46274706721305847,0,-0.00097402516985312104,-0.21414905786514282,-0.0040912437252700329,0,-1.9226090908050537,0,0.003276928560808301,0.0020714232232421637,264.94583333202172,-0.0019130439031869173,-0.0014467424480244517,267.9324951171875,264.97769165039062,8.4015398025512695,1.7288410663604736,1.1585261821746826,0.16184532642364502
840,116.91867902692219,1,0.41305270791053772,381.25,7.9999122619628906,7.2349826041318011e-07,1,3009.3291015625,1,42.373542785644531,8.5238447189331055,111.07274507557608,0.00093825021758675575,0.00051948847249150276,-5.8544581406749785e-05,1.3223112821578979,-0.2254517525434494,-0.17049825191497803,-0.0082558076828718185,-0.0062434677965939045,4.9197559356689453,-0.0016260808333754539,-0.017621856182813644,0.11783143132925034,-7.7405595220625401e-05,0.0013845060020685196,5.3551048040390015e-09,1,0.92134660482406616,-0.015995766967535019,0.0014619114808738232,-0.0017515256768092513,2.0896210670471191,0,0,0,1,0,0,0,0,0,1,0,0.86776983737945557,1.9699865579605103,349.9935302734375,-7.9274177551269531e-06,-0.0001437067985534668,-0.00013557633792515844,5.5051155090332031,-0.0035994201898574829,-0.051617324352264404,0.12432482838630676,-0.000388538115657866,0.0017509381286799908,-1.73225998878479e-07,1,0.76559603214263916,-0.048017911612987518,0.0021394761279225349,-0.0030323429964482784,1.7366187572479248,0,0,0,1,0,0,0,0,0,1,0,0.68217885494232178,1.5502687692642212,349.5916748046875,-8.5353851318359375e-05,-0.00041484832763671875,-0.00033007125603035092,0.45337098836898804,0,-0.0010717099066823721,-0.20558273792266846,-0.0043886243365705013,0,-2.0897679328918457,0,0.003886417718604207,0.0021502682939171791,264.94166666525416,-0.0020793711300939322,-0.001572527689859271,267.93240356445312,264.97488403320312,8.5222358703613281,1.4793388843536377,1.4737670421600342,0.19974303245544434
900,130.48050226355264,1,0.42173489928245544,381.25,7.9998922348022461,9.322373557552055e-07,1,2950.101318359375,1,49.064739227294922,8.3997030258178711,123.95647715037501,0.00092503486666828394,0.00054233381524682045,-6.3565523305442184e-05,1.3223112821578979,-0.23497945070266724,-0.17770357429981232,-0.0098725138232111931,-0.0074661043472588062,4.8820047378540039,-0.0030790260061621666,-0.02370326966047287,0.12931904196739197,-6.9349422119557858e-05,0.0011778909247368574,6.7520886659622192e-09,1,0.89696991443634033,-0.020624235272407532,0.0012472399976104498,-0.0017109133768826723,2.0050148963928223,0,0,0,1,0,0,0,0,0,1,0,0.84106302261352539,1.8846646547317505,349.99200439453125,-1.621246337890625e-05,-0.00019514560699462891,-0.00017821263463702053,5.4858331680297852,-0.008176904171705246,-0.065924659371376038,0.13792592287063599,-0.00032018340425565839,0.0016849611420184374,-1.73225998878479e-07,1,0.71222603321075439,-0.05774775892496109,0.0020051449537277222,-0.0032925836276262999,1.5915257930755615,0,0,0,1,0,0,0,0,0,1,0,0.63030338287353516,1.4155986309051514,349.59066772460938,-0.00011110305786132812,-0.00053191184997558594,-0.00042036117520183325,0.4469636082649231,0,-0.0011749598197638988,-0.199898362159729,-0.0048675169236958027,0,-2.2689924240112305,0,0.0038315856363624334,0.0022449647076427937,264.9374999984866,-0.0022577038034796715,-0.0017073920462280512,267.93212890625,264.97189331054688,8.3973407745361328,1.7268192768096924,1.2591015100479126,0.18138736486434937
960,145.5720464291673,1,0.42873701453208923,381.25,7.9998655319213867,1.1087890925409738e-06,1,2870.1357421875,1,53.006702423095703,8.4541053771972656,138.29344410770892,0.00095258216606453061,0.00056817592121660709,-6.86452622176148e-05,1.3223112821578979,-0.24290972948074341,-0.18370087444782257,-0.0085795484483242035,-0.0064882971346378326,4.8625078201293945,-0.0056538917124271393,-0.030600614845752716,0.13697536289691925,-6.4413266954943538e-05,0.0021592592820525169,4.1909515857696533e-09,1,0.87494158744812012,-0.024946721270680428,0.0022236723452806473,-0.0028641601093113422,1.9370003938674927,0,0,0,1,0,0,0,0,0,1,0,0.81391090154647827,1.811058521270752,349.990478515625,-3.3020973205566406e-05,-0.00026059150695800781,-0.00022668816382065415,5.4750466346740723,-0.014746226370334625,-0.077206730842590332,0.14652985334396362,-0.00042474362999200821,0.0044119530357420444,-1.7974525690078735e-07,1,0.68585312366485596,-0.06246049702167511,0.00483669713139534,-0.006413082592189312,1.5171059370040894,0,0,0,1,0,0,0,0,0,1,0,0.60587882995605469,1.3540980815887451,349.58969116210938,-0.00014972686767578125,-0.00063753128051757812,-0.00048759256605990231,0.44296610355377197,0,-0.001284597092308104,-0.19650256633758545,-0.0052674729377031326,0,-2.450314998626709,0,0.0039458652026951313,0.0023520828690379858,264.93333333171904,-0.0024381242692470551,-0.00184383534360677,267.93197631835938,264.96868896484375,8.449310302734375,1.6181700229644775,1.3133487701416016,0.15823937952518463
1020,160.09471364306148,1,0.42790874838829041,381.25,7.9998316764831543,1.1330796496622497e-06,1,2693.5830078125,1,55.197383880615234,8.3611640930175781,152.08997796090841,0.001062460127286613,0.00060713780112564564,-7.2721544711384922e-05,1.3223112821578979,-0.24202117323875427,-0.18302889168262482,-0.0070203971117734909,-0.0053091864101588726,4.8466854095458984,-0.0079604350030422211,-0.036505848169326782,0.13728728890419006,-0.00012555613648146391,0.0026488190051168203,2.3283064365386963e-09,1,0.85655766725540161,-0.028545407578349113,0.0027743750251829624,-0.0035236396361142397,1.8829513788223267,0,0,0,1,0,0,0,0,0,1,0,0.78146094083786011,1.7290900945663452,349.9888916015625,-4.9591064453125e-05,-0.00034272670745849609,-0.00029253691900521517,5.4575567245483398,-0.019691381603479385,-0.083894893527030945,0.14602737128734589,-0.0005969140911474824,0.0060295774601399899,-1.778826117515564e-07,1,0.67420005798339844,-0.064203500747680664,0.0066264928318560123,-0.0082878051325678825,1.4814838171005249,0,0,0,1,0,0,0,0,0,1,0,0.55873310565948486,1.2436246871948242,349.58868408203125,-0.00018358230590820312,-0.00078058242797851562,-0.00059774960391223431,0.4401569664478302,0,-0.0013969705905765295,-0.19426316022872925,-0.005357145331799984,0,-2.5958194732666016,0,0.0044019082561135292,0.0025135611649602652,264.92916666495148,-0.0025829048827290535,-0.0019533259328454733,267.93170166015625,264.95242309570312,8.3537874221801758,1.9732608795166016,1.4458986520767212,0.14795619249343872
1080,158.0990960922434,1,0.42000991106033325,381.25,7.9997901916503906,8.0961706316884374e-07,1,2442.108154296875,1,54.747764587402344,8.2731876373291016,150.19414128763123,0.0010825294302776456,0.00066355726448819041,-7.584967534057796e-05,1.3223112821578979,-0.23314830660820007,-0.17631877958774567,-0.0074317771941423416,-0.0056202933192253113,4.8237981796264648,-0.0087641030550003052,-0.038754686713218689,0.13800826668739319,-1.8877064576372504e-05,0.0022062587086111307,2.7939677238464355e-09,1,0.84669399261474609,-0.029990574344992638,0.0022251366171985865,-0.0029692931566387415,1.8474600315093994,0,0,0,1,0,0,0,0,0,1,0,0.76323401927947998,1.6752750873565674,349.9874267578125,-6.3419342041015625e-05,-0.00040960311889648438,-0.00034470675745978951,5.4335336685180664,-0.021707475185394287,-0.086100555956363678,0.14873385429382324,-0.00011962803546339273,0.0050352141261100769,-1.7881393432617188e-07,1,0.66586405038833618,-0.0643930584192276,0.0051548420451581478,-0.0068005942739546299,1.4549264907836914,0,0,0,1,0,0,0,0,0,1,0,0.52439671754837036,1.1583738327026367,349.58792114257812,-0.00023031234741210938,-0.00092792510986328125,-0.00069830147549510002,0.43681901693344116,0,-0.0015056789852678776,-0.1916065514087677,-0.0053727156482636929,0,-2.7074790000915527,0,0.0044852406717836857,0.0027474102098494768,264.92499999818392,-0.0026940088719129562,-0.0020373484585434198,267.93167114257812,264.89642333984375,8.2698860168457031,1.7408349514007568,1.1636691093444824,0.14154848456382751
1140,147.30854112966119,1,0.41123285889625549,381.25,7.9997305870056152,6.1185588151602133e-08,1,2213.96728515625,1,50.542980194091797,8.3126010894775391,139.94311407317812,0.001239102566614747,0.00072576117236167192,-7.8529388702008873e-05,1.3223112821578979,-0.22347047924995422,-0.16899991035461426,-0.008157750591635704,-0.0061693117022514343,4.7908434867858887,-0.0090158283710479736,-0.038926683366298676,0.14252172410488129,2.504885196685791e-05,0.0020413931924849749,9.3132257461547852e-10,1,0.84190678596496582,-0.029910847544670105,0.0020163448061794043,-0.0028042849153280258,1.8216456174850464,0,0,0,1,0,0,0,0,0,1,0,0.75939399003982544,1.6511466503143311,349.98602294921875,-8.296966552734375e-05,-0.00045704841613769531,-0.00037407872150652111,5.4054164886474609,-0.022898763418197632,-0.084212221205234528,0.15583324432373047,9.3440874479711056e-05,0.0035489676520228386,-1.8253922462463379e-07,1,0.67259883880615234,-0.061313450336456299,0.0034555266611278057,-0.0051407432183623314,1.4588005542755127,0,0,0,1,0,0,0,0,0,1,0,0.52412265539169312,1.1452629566192627,349.58737182617188,-0.00027751922607421875,-0.0010256767272949219,-0.00074917369056493044,0.43260329961776733,0,-0.0016092243604362011,-0.18814143538475037,-0.0054652448743581772,0,-2.8031320571899414,0,0.0051354113966226578,0.0030053076334297657,264.92083333141636,-0.002789186080917716,-0.0021093264222145081,267.9320068359375,264.96023559570312,8.3079385757446289,1.622927188873291,1.1436705589294434,0.1812431812286377
1200,152.77595359082204,1,0.40827968716621399,393.75,7.9996490478515625,3.8156795199029148e-06,1,2021.2783203125,1,48.259601593017578,8.2471065521240234,145.13715591128093,0.0013065495295450091,0.00078040326479822397,-8.4175786469131708e-05,1.3223112821578979,-0.22021786868572235,-0.16654011607170105,-0.0094167552888393402,-0.0071214362978935242,4.7548704147338867,-0.0089451130479574203,-0.040228195488452911,0.15010717511177063,-6.4964813645929098e-05,0.0016063648508861661,2.7939677238464355e-09,1,0.82766234874725342,-0.031283080577850342,0.0016713301884010434,-0.0025482510682195425,1.7753031253814697,0,0,0,1,0,0,0,0,0,1,0,0.72523677349090576,1.5662181377410889,349.98480224609375,-0.00010132789611816406,-0.00055289268493652344,-0.00045177174615673721,5.3776235580444336,-0.022350676357746124,-0.086442962288856506,0.16583514213562012,-0.00013152812607586384,0.0029591470956802368,-1.8253922462463379e-07,1,0.643593430519104,-0.064092285931110382,0.0030906763859093189,-0.0049471850506961346,1.3886654376983643,0,0,0,1,0,0,0,0,0,1,0,0.45590952038764954,0.99591994285583496,349.58718872070312,-0.00031614303588867188,-0.0012764930725097656,-0.00096063630189746618,0.42799857258796692,0,-0.0017109339823946357,-0.18429534137248993,-0.005678773857653141,0,-3.0046823024749756,0,0.0054156100377440453,0.0032318634912371635,264.9166666646488,-0.0029897335916757584,-0.0022609906736761332,267.93243408203125,264.95849609375,8.2450275421142578,1.4803158044815063,1.2926092147827148,0.15773610770702362
1260,151.42523190161492,1,0.40729299187660217,393.75,7.999603271484375,4.6064333218964748e-06,1,1830.569580078125,1,45.524311065673828,8.2085742950439453,143.85397030653417,0.0013336052652448416,0.00084627803880721331,-9.2272981419228017e-05,1.3223112821578979,-0.21916414797306061,-0.16574323177337646,-0.0091486340388655663,-0.0069186687469482422,4.7249026298522949,-0.0083281006664037704,-0.042774364352226257,0.15696603059768677,-0.00015036185504868627,0.001560914097353816,4.6566128730773926e-09,1,0.80530869960784912,-0.034446261823177338,0.0017112764762714505,-0.0027001698035746813,1.7142703533172607,0,0,0,1,0,0,0,0,0,1,0,0.65958058834075928,1.4171614646911621,349.98428344726562,-0.00012028217315673828,-0.00074470043182373047,-0.00062407023506239057,5.3502922058105469,-0.021029099822044373,-0.089224278926849365,0.16965052485466003,-0.00040083262138068676,0.0036502031143754721,-1.8533319234848022e-07,1,0.61277008056640625,-0.068195179104804993,0.0040510366670787334,-0.0060564549639821053,1.3130427598953247,0,0,0,1,0,0,0,0,0,1,0,0.4035797119140625,0.87827646732330322,349.5877685546875,-0.00036263465881347656,-0.0016369819641113281,-0.0012740400852635503,0.4242936372756958,0,-0.0018343504052609205,-0.18109819293022156,-0.0059387711808085442,0,-3.2937140464782715,0,0.0055280230008065701,0.0035050646401941776,264.91249999788124,-0.0032773273997008801,-0.0024784840643405914,267.93280029296875,264.955078125,8.2064437866210938,1.7611043453216553,1.2766945362091064,0.1214241087436676
1320,158.01300237638998,1,0.40084713697433472,393.75,7.9995465278625488,6.3063425841392018e-06,1,1689.168212890625,1,40.563606262207031,8.2753057479858398,150.11235225757048,0.0014044753042981029,0.0009198127081617713,-9.5324277936015278e-05,1.3223112821578979,-0.21226276457309723,-0.16052405536174774,-0.0093109868466854095,-0.0070414487272500992,4.6919012069702148,-0.0082796644419431686,-0.043150920420885086,0.16172021627426147,-0.00023238876019604504,0.0012023886665701866,3.0267983675003052e-09,1,0.8012310266494751,-0.034871242940425873,0.0014347771648317575,-0.0024568706285208464,1.6886420249938965,0,0,0,1,0,0,0,0,0,1,0,0.65157747268676758,1.3828897476196289,349.9840087890625,-0.0001443028450012207,-0.00083118677139282227,-0.00068642472615465522,5.3160362243652344,-0.020513579249382019,-0.087326072156429291,0.17131772637367249,-0.00074281543493270874,0.0025694333016872406,-1.8812716007232666e-07,1,0.61685919761657715,-0.066812492907047272,0.003312249667942524,-0.0052670943550765514,1.3062711954116821,0,0,0,1,0,0,0,0,0,1,0,0.41189336776733398,0.87809723615646362,349.58865356445312,-0.00041246414184570312,-0.0017545223236083984,-0.0013427858939394355,0.42059692740440369,0,-0.0019597392529249191,-0.17786946892738342,-0.0061146840453147888,0,-3.4026310443878174,0,0.0058225560933351517,0.0038101458922028542,264.90833333111368,-0.0033857026137411594,-0.0025604430120438337,267.93289184570312,264.9547119140625,8.274561882019043,1.2621854543685913,1.0745084285736084,0.10097956657409668
1380,177.06227445445876,1,0.39050740003585815,393.75,7.9994769096374512,9.5389677881030366e-06,1,1539.3311767578125,1,37.096958160400391,8.1813535690307617,168.20916073173581,0.0015551756368950009,0.0010070627322420478,-9.6715419203974307e-05,1.3223112821578979,-0.20139399170875549,-0.15230453014373779,-0.010102530941367149,-0.0076400549151003361,4.6486821174621582,-0.008389999158680439,-0.041202448308467865,0.16881959140300751,-0.00022671747137792408,0.00060254556592553854,6.9849193096160889e-10,1,0.81106877326965332,-0.032812442630529404,0.00082926289178431034,-0.0018327804282307625,1.6880927085876465,0,0,0,1,0,0,0,0,0,1,0,0.67208778858184814,1.4040863513946533,349.98370361328125,-0.00016474723815917969,-0.00085580348968505859,-0.00069065205752849579,5.2708439826965332,-0.019704515114426613,-0.082413285970687866,0.17661327123641968,-0.00078418012708425522,0.0011725290678441525,-1.9045546650886536e-07,1,0.63539952039718628,-0.062708780169487,0.0019567105919122696,-0.0038427696563303471,1.326683521270752,0,0,0,1,0,0,0,0,0,1,0,0.42343223094940186,0.88399255275726318,349.5894775390625,-0.00044775009155273438,-0.0018103122711181641,-0.0013631684705615044,0.41605770587921143,0,-0.0020722972694784403,-0.17395488917827606,-0.0063350195996463299,0,-3.4522886276245117,0,0.0064491070806980133,0.0041722273454070091,264.90416666434612,-0.003435113001614809,-0.002597809536382556,267.93374633789062,264.95382690429688,8.1810808181762695,1.2201762199401855,0.90778589248657227,0.093069270253181458
1440,172.37174911920926,1,0.38053086400032043,393.75,7.9994006156921387,1.494646039645886e-05,1,1400.1922607421875,1,34.883777618408203,8.1941957473754883,163.75316166324879,0.0018230566056445241,0.0011017350479960442,-9.8383432487025857e-05,1.3223112821578979,-0.191163569688797,-0.14456775784492493,-0.010926874354481697,-0.0082634659484028816,4.595736026763916,-0.0082530388608574867,-0.038024395704269409,0.17797140777111053,-0.00025155075127258897,6.4626685343682766e-05,3.4924596548080444e-09,1,0.82529807090759277,-0.029771337285637856,0.00031617726199328899,-0.0013037141179665923,1.6932528018951416,0,0,0,1,0,0,0,0,0,1,0,0.70070004463195801,1.4384350776672363,349.98333740234375,-0.00018399953842163086,-0.00084972381591796875,-0.00066537770908325911,5.2196154594421387,-0.018991153687238693,-0.076786145567893982,0.18484053015708923,-0.00074574863538146019,9.0938759967684746e-05,-1.909211277961731e-07,1,0.65721237659454346,-0.057794984430074692,0.00083668786101043224,-0.0027103796601295471,1.3508321046829224,0,0,0,1,0,0,0,0,0,1,0,0.42844420671463013,0.87432253360748291,349.59033203125,-0.00050127506256103516,-0.0018769502639770508,-0.0013751069782301784,0.41053634881973267,0,-0.0021722265519201756,-0.16928744316101074,-0.00663786381483078,0,-3.5118286609649658,0,0.0075636925175786018,0.0045652249827980995,264.89999999757856,-0.0034943569917231798,-0.0026426129043102264,267.93499755859375,264.95248413085938,8.1923370361328125,1.2934315204620361,0.94929349422454834,0.077088341116905212
1500,161.26504908490341,1,0.37122869491577148,393.75,7.9993228912353516,2.2264102881308645e-05,1,1288.42333984375,1,32.454044342041016,8.2723350524902344,153.20179663065824,0.0019016098231077194,0.0011941514676436782,-9.9267243058420718e-05,1.3223112821578979,-0.18190103769302368,-0.13756294548511505,-0.010922783054411411,-0.008260372094810009,4.5353612899780273,-0.0080232089385390282,-0.034269914031028748,0.18749593198299408,-0.00022416203864850104,-6.4641586504876614e-05,3.14321368932724e-09,1,0.84117805957794189,-0.026246704161167145,0.00015951995737850666,-0.0010878037428483367,1.699582576751709,0,0,0,1,0,0,0,0,0,1,0,0.74151110649108887,1.496573805809021,349.9827880859375,-0.00019317865371704102,-0.00079458951950073242,-0.00060116325039416552,5.1617221832275391,-0.018469700589776039,-0.070345453917980194,0.19446460902690887,-0.00067383208079263568,0.00045698601752519608,-1.9557774066925049e-07,1,0.6836249828338623,-0.051875747740268707,0.00113081862218678,-0.0029225244652479887,1.382716178894043,0,0,0,1,0,0,0,0,0,1,0,0.46281337738037109,0.92609888315200806,349.59088134765625,-0.0005359649658203125,-0.0018135309219360352,-0.0012774639762938023,0.40429580211639404,0,-0.0022594979964196682,-0.16410994529724121,-0.0069388281553983688,0,-3.5433766841888428,0,0.0078907394781708717,0.0049489941447973251,264.895833330811,-0.0035257479175925255,-0.0026663525495678186,267.93484497070312,264.95169067382812,8.2691745758056641,1.389458179473877,1.2514781951904297,0.077962055802345276
1560,155.31924180131188,1,0.36555466055870056,393.75,7.9992341995239258,3.1576604669680819e-05,1,1207.1246337890625,1,31.421329498291016,8.2751712799072266,147.55327971124626,0.0019309701165184379,0.0012795140501111746,-0.00010116838529938832,1.3223112821578979,-0.17636391520500183,-0.13337549567222595,-0.010904878377914429,-0.0082468315958976746,4.4705510139465332,-0.007371237501502037,-0.03171103447675705,0.19562920928001404,-0.00018702322267927229,-0.00028041977202519774,3.4924596548080444e-09,1,0.84747183322906494,-0.024339796975255013,-9.3396636657416821e-05,-0.000815735780633986,1.6853722333908081,0,0,0,1,0,0,0,0,0,1,0,0.76524007320404053,1.5193307399749756,349.98196411132812,-0.000186920166015625,-0.00075155496597290039,-0.00056499824859201908,5.0953607559204102,-0.016773825511336327,-0.066065289080142975,0.20240393280982971,-0.00065110513241961598,0.0008325090748257935,-1.9581057131290436e-07,1,0.68964892625808716,-0.049291457980871201,0.0014836143236607313,-0.0033050875645130873,1.372700572013855,0,0,0,1,0,0,0,0,0,1,0,0.50239694118499756,0.99068021774291992,349.59097290039062,-0.00052666664123535156,-0.0017321109771728516,-0.0012060569133609533,0.39785990118980408,0,-0.0023379703052341938,-0.15886500477790833,-0.0071740997955203056,0,-3.6112387180328369,0,0.0080130109563469887,0.0053036133758723736,264.89166666404344,-0.0035932722967118025,-0.0027174178976565599,267.93350219726562,264.94882202148438,8.2713508605957031,1.1655412912368774,1.0469467639923096,0.079631730914115906
1620,153.51621218603233,1,0.36103081703186035,393.75,7.9991307258605957,4.3269232264719903e-05,1,1140.7042236328125,1,32.491073608398438,8.2107810974121094,145.8404015767307,0.0020634324755519629,0.0013594691408798099,-0.00010313350503565744,1.3223112821578979,-0.17200621962547302,-0.1300799697637558,-0.010949226096272469,-0.0082803694531321526,4.4055852890014648,-0.0063403178937733173,-0.03021354041993618,0.20352095365524292,-0.00017767786630429327,-0.00045650772517547011,3.7252902984619141e-09,1,0.84448790550231934,-0.023873219266533852,-0.00027882977155968547,-0.00070212653372436762,1.6545305252075195,0,0,0,1,0,0,0,0,0,1,0,0.77093303203582764,1.5085288286209106,349.98077392578125,-0.00016885995864868164,-0.00072938203811645508,-0.0005615168483927846,5.0254325866699219,-0.014418147504329681,-0.06382385641336441,0.20970022678375244,-0.00068372732494026423,0.00078751094406470656,-1.9557774066925049e-07,1,0.6767311692237854,-0.049405705183744431,0.0014712383272126317,-0.0034809261560440063,1.3285235166549683,0,0,0,1,0,0,0,0,0,1,0,0.50916028022766113,0.99396049976348877,349.590576171875,-0.000484466552734375,-0.0016840696334838867,-0.0012001160066574812,0.39171239733695984,0,-0.0024118963629007339,-0.1539376974105835,-0.0073707671836018562,0,-3.6813840866088867,0,0.0085647851228713989,0.0056358971633017063,264.88749999727588,-0.0036630686372518539,-0.0027702015358954668,267.93161010742188,264.94631958007812,8.2104358673095703,1.1734879016876221,1.0305354595184326,0.083748690783977509
1680,151.73162833785571,1,0.35552918910980225,393.75,7.9990458488464355,5.489637260325253e-05,1,1071.2052001953125,1,33.294227600097656,8.2792196273803711,144.14504692096293,0.0022770513314753771,0.0014501670375466347,-0.0001048801132128574,1.3223112821578979,-0.16677035391330719,-0.12612034380435944,-0.011132044717669487,-0.0084186261519789696,4.342186450958252,-0.0051122261211276054,-0.028530111536383629,0.2118246853351593,-0.00019557535415515304,-0.00050443835789337754,1.862645149230957e-09,1,0.84119439125061035,-0.023417878895998001,-0.00030886306194588542,-0.00075782835483551025,1.6244763135910034,0,0,0,1,0,0,0,0,0,1,0,0.76774764060974121,1.4822350740432739,349.97955322265625,-0.00014090538024902344,-0.0007152557373046875,-0.00057491863844916224,4.9595146179199219,-0.011938966810703278,-0.061486992985010147,0.21739321947097778,-0.00076815846841782331,0.0005803569802083075,-1.9790604710578918e-07,1,0.66251665353775024,-0.049548037350177765,0.0013485153904184699,-0.0035698290448635817,1.2841335535049438,0,0,0,1,0,0,0,0,0,1,0,0.48618263006210327,0.94113624095916748,349.59011840820312,-0.00042831897735595703,-0.0016957521438598633,-0.001268280204385519,0.38575950264930725,0,-0.0024811648763716221,-0.14923880994319916,-0.0075465850532054901,0,-3.743729829788208,0,0.009455178864300251,0.006012951023876667,264.88333333050832,-0.0037251042667776346,-0.0028171159792691469,267.93081665039062,264.94332885742188,8.279118537902832,1.4246125221252441,0.9179389476776123,0.08067043125629425
1740,165.846949087929,1,0.35026571154594421,393.75,7.9990196228027344,6.3588719058316201e-05,1,1002.6891479492188,1,31.521055221557617,8.3053655624389648,157.55460163353254,0.0023048440925776958,0.0015455331886187196,-0.00010714367817854509,1.3223112821578979,-0.1618276834487915,-0.12238243967294693,-0.011406401172280312,-0.0086261089891195297,4.2803254127502441,-0.0040022348985075951,-0.026849597692489624,0.22082924842834473,-0.00018290127627551556,-0.00050230917986482382,1.6298145055770874e-09,1,0.83947837352752686,-0.022847360000014305,-0.00031940804910846055,-0.00081400945782661438,1.5973927974700928,0,0,0,1,0,0,0,0,0,1,0,0.76225090026855469,1.4500336647033691,349.978271484375,-0.00011670589447021484,-0.00071787834167480469,-0.00060170667711645365,4.8949851989746094,-0.0092867221683263779,-0.058694113045930862,0.2274315357208252,-0.00077598443021997809,0.00051700056064873934,-1.9837170839309692e-07,1,0.65190470218658447,-0.049407392740249634,0.0012929855147376657,-0.0037125118542462587,1.2459061145782471,0,0,0,1,0,0,0,0,0,1,0,0.45792338252067566,0.87477725744247437,349.5897216796875,-0.00036752223968505859,-0.0017398595809936523,-0.001372296828776598,0.37992292642593384,0,-0.0025479262694716454,-0.14469389617443085,-0.0077250394970178604,0,-3.824528694152832,0,0.0095710624009370804,0.0064095435664057732,264.87916666374076,-0.0038055011536926031,-0.0028779162093997002,267.93258666992188,264.9410400390625,8.3028602600097656,1.4683388471603394,0.97552859783172607,0.07216200977563858
1800,167.16396895645764,1,0.34401649236679077,393.75,7.9990315437316895,7.213896606117487e-05,1,939.3800048828125,1,30.022045135498047,8.2510919570922852,158.80577050863474,0.0025413359981030226,0.0016524479724466801,-0.00010835189459612593,1.3223112821578979,-0.15605777502059937,-0.11801894009113312,-0.011650294065475464,-0.0088105536997318268,4.2175431251525879,-0.0028359568677842617,-0.025111928582191467,0.23116035759449005,-0.00014110267511568964,-0.00044068368151783943,9.3132257461547852e-10,1,0.83820545673370361,-0.022275965660810471,-0.00029958097729831934,-0.00090245169121772051,1.571120023727417,0,0,0,1,0,0,0,0,0,1,0,0.75976681709289551,1.4235935211181641,349.97698974609375,-9.2029571533203125e-05,-0.00071388483047485352,-0.00062215176876634359,4.8293204307556152,-0.0064857248216867447,-0.05544927716255188,0.24009908735752106,-0.00060706073418259621,0.00044999009696766734,-1.9976869225502014e-07,1,0.64420592784881592,-0.048963561654090881,0.0010570504236966372,-0.003675239160656929,1.2126957178115845,0,0,0,1,0,0,0,0,0,1,0,0.43256592750549316,0.81508636474609375,349.5892333984375,-0.00030159950256347656,-0.0017693042755126953,-0.0014680828899145126,0.3741479218006134,0,-0.0026115854270756245,-0.14024555683135986,-0.007906484417617321,0,-3.8676562309265137,0,0.0105577502399683,0.0068543958477675915,264.8749999969732,-0.0038484141696244478,-0.0029103693086653948,267.93551635742188,264.9404296875,8.25018310546875,1.2385696172714233,0.83924281597137451,0.076411597430706024
1860,168.36655051702476,1,0.33943966031074524,393.75,7.9990253448486328,8.2971972005907446e-05,1,889.053955078125,1,30.215957641601562,8.2574539184570312,159.94822299117351,0.0027186812367290258,0.0017494689673185349,-0.00010997643403243273,1.3223112821578979,-0.15187129378318787,-0.1148529052734375,-0.012140256352722645,-0.0091810878366231918,4.1562976837158203,-0.0020723305642604828,-0.023799341171979904,0.2428974062204361,-9.606190724298358e-05,-0.00042030922486446798,3.4924596548080444e-10,1,0.8368375301361084,-0.021727005019783974,-0.00032424737582914531,-0.00093113142065703869,1.5449273586273193,0,0,0,1,0,0,0,0,0,1,0,0.7616545557975769,1.4060268402099609,349.9757080078125,-7.4207782745361328e-05,-0.00070309638977050781,-0.00062883517239242792,4.7674732208251953,-0.0049690287560224533,-0.053717005997896194,0.25437936186790466,-0.00042761047370731831,0.00012959877494722605,-2.0023435354232788e-07,1,0.63401567935943604,-0.04874797910451889,0.00055720884120091796,-0.0033457600511610508,1.1759312152862549,0,0,0,1,0,0,0,0,0,1,0,0.4164460301399231,0.77521681785583496,349.58880615234375,-0.00026142597198486328,-0.0018004179000854492,-0.0015394394285976887,0.36842453479766846,0,-0.0026690103113651276,-0.13587653636932373,-0.0080998968333005905,0,-3.9256448745727539,0,0.011298238299787045,0.0072581884451210499,264.87083333020564,-0.0039061142597347498,-0.0029540050309151411,267.93685913085938,264.93576049804688,8.254023551940918,1.3620841503143311,0.80292952060699463,0.074153095483779907
1920,156.88464821277,1,0.3359038233757019,393.75,7.9989748001098633,9.1728055849671364e-05,1,845.2193603515625,1,29.558692932128906,8.2072019577026367,149.04041580213149,0.0026462769601494074,0.0018423952860757709,-0.00011210253433091566,1.3223112821578979,-0.14862999320030212,-0.11240166425704956,-0.013008786365389824,-0.0098379151895642281,4.0988121032714844,-0.001550775021314621,-0.022821292281150818,0.25623622536659241,-7.2311668191105127e-05,-0.0006194673478603363,1.3969838619232178e-09,1,0.83574116230010986,-0.0212705098092556,-0.00054715573787689209,-0.00076455582166090608,1.5202946662902832,0,0,0,1,0,0,0,0,0,1,0,0.76363831758499146,1.38863205909729,349.97442626953125,-5.3465366363525391e-05,-0.00069284439086914062,-0.0006392388604581356,4.7087907791137695,-0.0034750699996948242,-0.051989316940307617,0.26974588632583618,-0.00035847246181219816,-0.00045031390618532896,-2.0256265997886658e-07,1,0.62531369924545288,-0.048514250665903091,-9.1841706307604909e-05,-0.0028724321164190769,1.1426866054534912,0,0,0,1,0,0,0,0,0,1,0,0.39853847026824951,0.72998011112213135,349.58856201171875,-0.00020349025726318359,-0.0018373727798461914,-0.0016345969634130597,0.36309617757797241,0,-0.0027266247197985649,-0.13185340166091919,-0.0083563383668661118,0,-4.0015363693237305,0,0.010995863005518913,0.007645011879503727,264.86666666343808,-0.003981628455221653,-0.0030111127998679876,267.93478393554688,264.9332275390625,8.2060699462890625,1.512195348739624,0.96141541004180908,0.088031545281410217
1980,149.7391143228478,1,0.33108672499656677,393.75,7.9988946914672852,9.559647151036188e-05,1,794.2904052734375,1,27.541271209716797,8.1763057708740234,142.25215860670539,0.0026256178971379995,0.0019508925033733249,-0.0001142315159086138,1.3223112821578979,-0.14425525069236755,-0.10909326374530792,-0.014171501621603966,-0.010717220604419708,4.0425815582275391,-0.0007505686953663826,-0.021431775763630867,0.27159020304679871,-5.3956930059939623e-05,-0.001220063422806561,2.7939677238464355e-09,1,0.83601188659667969,-0.020681204274296761,-0.0011661065509542823,-0.00020559295080602169,1.4984700679779053,0,0,0,1,0,0,0,0,0,1,0,0.76021575927734375,1.3612673282623291,349.97320556640625,-2.0802021026611328e-05,-0.00068700313568115234,-0.00066591252107173204,4.6519641876220703,-0.0015219822525978088,-0.049542192369699478,0.2857435941696167,-0.00028963515069335699,-0.0017797027248889208,-2.016313374042511e-07,1,0.61909961700439453,-0.048020213842391968,-0.0014900675741955638,-0.0016587314894422889,1.1140663623809814,0,0,0,1,0,0,0,0,0,1,0,0.36913901567459106,0.6632733941078186,349.588623046875,-0.00012636184692382812,-0.0018985271453857422,-0.0017727676313370466,0.35792809724807739,0,-0.0027832030318677425,-0.12800851464271545,-0.0087049119174480438,0,-4.0775313377380371,0,0.010909609496593475,0.008096763864159584,264.86249999667052,-0.0040572453290224075,-0.0030682981014251709,267.93344116210938,264.93222045898438,8.1759233474731445,1.4413962364196777,0.73051142692565918,0.072316944599151611
2040,153.00360209363933,1,0.32587233185768127,393.75,7.9988126754760742,9.8462041933089495e-05,1,751.12152099609375,1,25.119150161743164,8.1946945190429688,145.35342198895736,0.0028031277470290661,0.0020566363818943501,-0.00011517872189870104,1.3223112821578979,-0.13962547481060028,-0.10559198260307312,-0.01491559948772192,-0.011279945261776447,3.9873025417327881,-0.00026681739836931229,-0.019915884360671043,0.28957211971282959,-5.1925831940025091e-05,-0.0016020342009142041,1.862645149230957e-09,1,0.84047937393188477,-0.019649062305688858,-0.0015501084271818399,0.00012472002708818763,1.4837656021118164,0,0,0,1,0,0,0,0,0,1,0,0.77040129899978638,1.358482837677002,349.97207641601562,1.0728836059570312e-06,-0.00065171718597412109,-0.00065270299091935158,4.5964202880859375,-0.00057711265981197357,-0.046622153371572495,0.30385532975196838,-0.00025872839614748955,-0.0029054882470518351,-2.0070001482963562e-07,1,0.62579309940338135,-0.046045050024986267,-0.0026467596180737019,-0.0006476998096331954,1.1075998544692993,0,0,0,1,0,0,0,0,0,1,0,0.38109087944030762,0.67205607891082764,349.588623046875,-8.0466270446777344e-05,-0.0018565654754638672,-0.0017763793002814054,0.35278743505477905,0,-0.0028380188159644604,-0.1242542490363121,-0.0091307405382394791,0,-4.1113419532775879,0,0.011650999076664448,0.0085372552275657654,264.85833332990296,-0.0040908874943852425,-0.0030937402043491602,267.93563842773438,264.9298095703125,8.1931781768798828,1.4187779426574707,0.74946725368499756,0.060241334140300751
2100,181.0658980147862,1,0.32096707820892334,393.75,7.9987277984619141,0.00010439059406053275,1,713.036376953125,1,23.273469924926758,8.1713523864746094,172.01260311404687,0.0030864323489367962,0.0021512503735721111,-0.0001159337189164944,1.3223112821578979,-0.13534781336784363,-0.10235700011253357,-0.015428395941853523,-0.011667748913168907,3.932401180267334,-0.00033560115844011307,-0.018531935289502144,0.3081163763999939,-6.4660096541047096e-05,-0.0017348957480862737,1.6298145055770874e-09,1,0.84870010614395142,-0.018196329474449158,-0.0016702355351299047,0.00022723997244611382,1.4752731323242188,0,0,0,1,0,0,0,0,0,1,0,0.7915046215057373,1.3742477893829346,349.97076416015625,-3.2782554626464844e-06,-0.00060963630676269531,-0.00060611916705965996,4.5402569770812988,-0.00076936744153499603,-0.044042311608791351,0.32261258363723755,-0.00029817339964210987,-0.0031346592586487532,-1.9883736968040466e-07,1,0.63974463939666748,-0.043272946029901505,-0.002836485393345356,-0.00054235185962170362,1.1134777069091797,0,0,0,1,0,0,0,0,0,1,0,0.42227262258529663,0.73186492919921875,349.58819580078125,-9.2267990112304688e-05,-0.001771092414855957,-0.0016789522487670183,0.34760314226150513,0,-0.0028856890276074409,-0.12054229527711868,-0.0095559321343898773,0,-4.1382918357849121,0,0.012835303321480751,0.008931456133723259,264.8541666631354,-0.0041177035309374332,-0.0031140197534114122,267.93472290039062,264.93475341796875,8.1653871536254883,1.3869400024414062,0.6999439001083374,0.066756859421730042
2160,170.75756666868637,1,0.31819650530815125,393.75,7.9986271858215332,0.00011206385534023866,1,680.174560546875,1,23.277851104736328,8.1820716857910156,162.21968833525204,0.0031247185543179512,0.0022482865024358034,-0.00011841474770335481,1.3223112821578979,-0.13293927907943726,-0.10053554177284241,-0.015865985304117203,-0.0119986766949296,3.8807587623596191,-0.00066365767270326614,-0.017768451943993568,0.32587438821792603,-6.0888472944498062e-05,-0.0017114337533712387,1.862645149230957e-09,1,0.85423183441162109,-0.017104791477322578,-0.001650545047596097,0.00019229284953325987,1.463139533996582,0,0,0,1,0,0,0,0,0,1,0,0.80246615409851074,1.372887134552002,349.96929931640625,-2.0682811737060547e-05,-0.00060713291168212891,-0.00058609945699572563,4.4850931167602539,-0.0015382394194602966,-0.043374940752983093,0.34077680110931396,-0.00028907670639455318,-0.0029520022217184305,-2.0116567611694336e-07,1,0.64302027225494385,-0.041836697608232498,-0.0026629255153238773,-0.00085675192531198263,1.1019748449325562,0,0,0,1,0,0,0,0,0,1,0,0.42721641063690186,0.72858506441116333,349.58770751953125,-0.00012969970703125,-0.001824498176574707,-0.0016948552802205086,0.3426516056060791,0,-0.0029328069649636745,-0.11705994606018066,-0.0099732512608170509,0,-4.2268528938293457,0,0.012995435856282711,0.0093359434977173805,264.84999999636784,-0.0042058238759636879,-0.0031806610058993101,267.93136596679688,264.93246459960938,8.1797466278076172,1.5199201107025146,0.71432465314865112,0.065928757190704346
2220,157.76256184764154,1,0.31653264164924622,393.75,7.9985122680664062,0.0001182669002446346,1,651.28631591796875,1,23.456708908081055,8.179377555847168,149.87443375525945,0.0032725369092077017,0.0023455242626368999,-0.00012173727009212598,1.3223112821578979,-0.1315043568611145,-0.099450379610061646,-0.016099629923701286,-0.012175370939075947,3.8338685035705566,-0.00097746867686510086,-0.017384536564350128,0.34266138076782227,-4.5650114770978689e-05,-0.0015113508561626077,3.0267983675003052e-09,1,0.85692167282104492,-0.016407063230872154,-0.0014657007995992899,-2.3023108951747417e-05,1.4481565952301025,0,0,0,1,0,0,0,0,0,1,0,0.80290734767913818,1.3554766178131104,349.96804809570312,-3.3557415008544922e-05,-0.00062978267669677734,-0.0005959606496617198,4.4323244094848633,-0.0022533386945724487,-0.04327474907040596,0.35977548360824585,-0.0002248493256047368,-0.0026751719415187836,-2.0442530512809753e-07,1,0.64156502485275269,-0.041021406650543213,-0.0024503222666680813,-0.0012402546126395464,1.0843918323516846,0,0,0,1,0,0,0,0,0,1,0,0.43731158971786499,0.73647892475128174,349.5870361328125,-0.00015985965728759766,-0.0018630027770996094,-0.0017028995789587498,0.33815357089042664,0,-0.002986252773553133,-0.11395305395126343,-0.010358352214097977,0,-4.345451831817627,0,0.013613956980407238,0.0097414599731564522,264.84583332960028,-0.0043238326907157898,-0.003269905224442482,267.93182373046875,264.92965698242188,8.1770200729370117,1.6168924570083618,0.75920605659484863,0.058182746171951294
2280,150.25724997629627,1,0.31427407264709473,231.25,7.9986610412597656,0.00056074047461152077,1,626.5032958984375,1,22.531856536865234,8.2144794464111328,142.74438747748144,0.0032700917217880487,0.0024414467625319958,-0.00012386319576762617,1.3223112821578979,-0.12956845760345459,-0.09798634797334671,-0.016400482505559921,-0.012402891181409359,3.78973388671875,-0.0010302942246198654,-0.017183486372232437,0.3588489294052124,-5.2490911912173033e-05,-0.0013308804482221603,4.4237822294235229e-09,1,0.85622835159301758,-0.016153188422322273,-0.0012783894781023264,-0.00026793481083586812,1.4293452501296997,0,0,0,1,0,0,0,0,0,1,0,0.8001142144203186,1.3343052864074707,349.96664428710938,-3.4987926483154297e-05,-0.00065159797668457031,-0.00061635806923732162,4.3811397552490234,-0.0020475480705499649,-0.042797219008207321,0.37939140200614929,-0.00017863581888377666,-0.0021914076060056686,-2.0861625671386719e-07,1,0.6357262134552002,-0.040749665349721909,-0.002012771787121892,-0.0018633008003234863,1.061576247215271,0,0,0,1,0,0,0,0,0,1,0,0.44189706444740295,0.73609453439712524,349.58612060546875,-0.00015759468078613281,-0.0018756389617919922,-0.0017181271687150002,0.33410754799842834,0,-0.0030439686961472034,-0.11120279133319855,-0.010708433575928211,0,-4.4213371276855469,0,0.013603733852505684,0.010141697712242603,264.84166666283272,-0.0043993405997753143,-0.0033270083367824554,267.92892456054688,264.9254150390625,8.2105159759521484,1.4480469226837158,0.78853106498718262,0.061965826898813248
2340,152.93131580231153,1,0.31050348281860352,393.75,7.998232364654541,0.00012692132440861315,1,600.27618408203125,1,21.865743637084961,8.1457796096801758,145.28475001219596,0.0033863598946481943,0.0025488976389169693,-0.00012467757915146649,1.3223112821578979,-0.12641438841819763,-0.095601081848144531,-0.016504339873790741,-0.012481433339416981,3.7463467121124268,-0.00071287713944911957,-0.016608340665698051,0.37345361709594727,-5.9811631217598915e-05,-0.0012555313296616077,1.3969838619232178e-09,1,0.85494875907897949,-0.015895461663603783,-0.0011957196984440088,-0.00040647279820404947,1.410907506942749,0,0,0,1,0,0,0,0,0,1,0,0.79599618911743164,1.3126181364059448,349.965087890625,-2.4497509002685547e-05,-0.00066190958023071289,-0.00063692557159811258,4.3325281143188477,-0.001264696940779686,-0.041239373385906219,0.39512616395950317,-0.00013370928354561329,-0.0014015884371474385,-2.0908191800117493e-07,1,0.63413822650909424,-0.039974678307771683,-0.0012678788043558598,-0.0027360259555280209,1.0473352670669556,0,0,0,1,0,0,0,0,0,1,0,0.44421306252479553,0.73277407884597778,349.58502197265625,-0.00013077259063720703,-0.0018568038940429688,-0.0017257616855204105,0.33023497462272644,0,-0.0030974242836236954,-0.10858392715454102,-0.011027131229639053,0,-4.4504070281982422,0,0.014090478420257568,0.010590248741209507,264.83749999606516,-0.0044282656162977219,-0.0033488827757537365,267.9315185546875,264.92184448242188,8.1449813842773438,1.5016574859619141,0.72374963760375977,0.063752710819244385
2400,165.52193686413156,1,0.30618235468864441,393.75,7.9981331825256348,0.00012689635332208127,1,574.1312255859375,1,21.678030014038086,8.1382255554199219,157.24584002092499,0.0035268615465611219,0.0026706014759838581,-0.00012498827709350735,1.3223112821578979,-0.12286214530467987,-0.092914693057537079,-0.016488082706928253,-0.012469138950109482,3.7030715942382812,-0.00032467767596244812,-0.015693796798586845,0.38620126247406006,-3.7237536162137985e-05,-0.0012290680315345526,1.862645149230957e-09,1,0.85551553964614868,-0.015369117259979248,-0.0011918304953724146,-0.00043932144762948155,1.3959712982177734,0,0,0,1,0,0,0,0,0,1,0,0.79284286499023438,1.2930819988250732,349.96343994140625,-8.7618827819824219e-06,-0.0006611943244934082,-0.00065215717768296599,4.2856712341308594,-0.00069107487797737122,-0.039406117051839828,0.4085155725479126,-0.00010112463496625423,-0.0011289780959486961,-2.0535662770271301e-07,1,0.63630378246307373,-0.03871503472328186,-0.0010278531117364764,-0.003045364748686552,1.039534330368042,0,0,0,1,0,0,0,0,0,1,0,0.43976396322250366,0.7180296778678894,349.583984375,-0.00010395050048828125,-0.0018659830093383789,-0.0017619241261854768,0.32635894417762756,0,-0.0031440895982086658,-0.10598041862249374,-0.011288781650364399,0,-4.4614973068237305,0,0.014678940176963806,0.011098630726337433,264.8333333292976,-0.0044393008574843407,-0.0033572283573448658,267.932373046875,264.91702270507812,8.1377782821655273,1.5408148765563965,0.83453929424285889,0.055184949189424515
2460,155.38448658597937,1,0.30300861597061157,393.75,7.9980998039245605,0.00012288251309655607,1,551.04803466796875,1,21.14390754699707,8.1591768264770508,147.61526225668041,0.003790178569033742,0.002788889454677701,-0.00012621631321962923,1.3223112821578979,-0.12027965486049652,-0.090961679816246033,-0.01650637574493885,-0.01248297281563282,3.6610479354858398,-0.00026009604334831238,-0.014981000684201717,0.39827704429626465,-2.0613078959286213e-05,-0.0010536402696743608,5.8207660913467407e-09,1,0.85805916786193848,-0.01472090370953083,-0.0010330269578844309,-0.00060495350044220686,1.3836421966552734,0,0,0,1,0,0,0,0,0,1,0,0.79461932182312012,1.2806859016418457,349.96185302734375,-1.5497207641601562e-06,-0.00065648555755615234,-0.00065472425194457173,4.2418093681335449,-0.0009700162336230278,-0.038327723741531372,0.42314985394477844,-6.8602967076003551e-05,-0.00072385510429739952,-2.0326115190982819e-07,1,0.64095950126647949,-0.03735770657658577,-0.00065525155514478683,-0.0034590277355164289,1.0345991849899292,0,0,0,1,0,0,0,0,0,1,0,0.43775275349617004,0.70598083734512329,349.58319091796875,-0.000110626220703125,-0.0019016265869140625,-0.0017905822023749352,0.32246172428131104,0,-0.0031850035302340984,-0.10339885205030441,-0.011503404937684536,0,-4.5053324699401855,0,0.015782704576849937,0.011592863127589226,264.82916666253004,-0.0044829179532825947,-0.0033902137074619532,267.9310302734375,264.916015625,8.1584205627441406,1.4578044414520264,0.88757836818695068,0.052225619554519653
2520,165.47396242005621,1,0.30295872688293457,193.75,7.9990191459655762,0.00068452843697741628,1,536.03814697265625,1,21.729104995727539,8.1117792129516602,157.2002642990534,0.0036740051582455635,0.0028678555972874165,-0.00012968649389222264,1.3223112821578979,-0.12020723521709442,-0.090906910598278046,-0.016738293692469597,-0.012658361345529556,3.6237823963165283,-0.00043615186586976051,-0.015372233465313911,0.41050237417221069,-3.2116309739649296e-05,-0.00079634407302364707,5.1222741603851318e-09,1,0.85350942611694336,-0.014936080202460289,-0.00076422782149165869,-0.00095457443967461586,1.3611317873001099,0,0,0,1,0,0,0,0,0,1,0,0.79197835922241211,1.2624912261962891,349.96029663085938,-7.5697898864746094e-06,-0.00068190693855285645,-0.00067422341089695692,4.201446533203125,-0.0012757964432239532,-0.03916587308049202,0.44056189060211182,-6.0426071286201477e-05,-0.00060813035815954208,-2.0372681319713593e-07,1,0.62909185886383057,-0.037890072911977768,-0.00054770405404269695,-0.0037821391597390175,1.0037246942520142,0,0,0,1,0,0,0,0,0,1,0,0.43332445621490479,0.69121682643890381,349.58233642578125,-0.0001214146614074707,-0.0019703507423400879,-0.0018488644855096936,0.31897366046905518,0,-0.0032302378676831722,-0.10112111270427704,-0.011692740023136139,0,-4.6292014122009277,0,0.015295578166842461,0.011922847479581833,264.82499999576248,-0.004606170579791069,-0.0034834237303584814,267.9293212890625,264.9210205078125,8.1115589141845703,1.4619240760803223,0.81785285472869873,0.060527000576257706
2580,175.15571869324137,1,0.302490234375,206.25,7.9981284141540527,0.00034590065479278564,1,516.7579345703125,1,21.601238250732422,8.1441421508789062,166.39793275857929,0.0044353455305099487,0.0029604583978652954,-0.00013390198000706732,1.3223112821578979,-0.11971989274024963,-0.090538360178470612,-0.01749843917787075,-0.01323322206735611,3.5907628536224365,-0.00045625586062669754,-0.016127675771713257,0.42473840713500977,-3.0846334993839264e-05,-0.00082105980254709721,5.005858838558197e-09,1,0.84350848197937012,-0.015671418979763985,-0.00079021335113793612,-0.0010689343325793743,1.33306884765625,0,0,0,1,0,0,0,0,0,1,0,0.77008557319641113,1.2167997360229492,349.95892333984375,-1.1593103408813477e-05,-0.0007711946964263916,-0.0007595807546749711,4.1618175506591797,-0.0011048256419599056,-0.039720185101032257,0.46054178476333618,-4.9915339332073927e-05,-0.0012505758786574006,-2.0547304302453995e-07,1,0.61433470249176025,-0.038615357130765915,-0.0012006603647023439,-0.0033678370527923107,0.97149550914764404,0,0,0,1,0,0,0,0,0,1,0,0.40986037254333496,0.64845550060272217,349.58154296875,-0.00012123584747314453,-0.0021312236785888672,-0.0020097855012863874,0.31610217690467834,0,-0.0032873055897653103,-0.099255762994289398,-0.011916771531105042,0,-4.7796745300292969,0,0.018491709604859352,0.012310007587075233,264.82083332899492,-0.0047558951191604137,-0.0035966532304883003,267.92904663085938,264.92294311523438,8.1440563201904297,1.4535987377166748,0.80279040336608887,0.064531795680522919
2640,151.29006058764739,1,0.30029523372650146,393.75,7.9978780746459961,0.00013487527030520141,1,493.87258911132812,1,20.381637573242188,8.1293926239013672,143.72555755826502,0.004666648805141449,0.0030813103076070547,-0.00013707883772440255,1.3223112821578979,-0.11779924482107162,-0.089085862040519714,-0.018495410680770874,-0.013987183570861816,3.5581958293914795,-0.0004408741369843483,-0.016618587076663971,0.44223412871360779,-1.8604769138619304e-05,-0.0010011259000748396,4.5984052121639252e-09,1,0.83516031503677368,-0.016177712008357048,-0.00098252086900174618,-0.0010178101947531104,1.3092277050018311,0,0,0,1,0,0,0,0,0,1,0,0.74613094329833984,1.1692312955856323,349.95770263671875,-2.0056962966918945e-05,-0.00087592005729675293,-0.00085587357170879841,4.1204700469970703,-0.00090281479060649872,-0.039023421704769135,0.48322883248329163,-3.6001700209453702e-05,-0.0023195981048047543,-2.066371962428093e-07,1,0.61085212230682373,-0.03812059760093689,-0.0022835968993604183,-0.0024304348044097424,0.95864379405975342,0,0,0,1,0,0,0,0,0,1,0,0.38700443506240845,0.60708987712860107,349.58087158203125,-0.00012321770191192627,-0.0022652894258499146,-0.0021421229466795921,0.31346985697746277,0,-0.0033519791904836893,-0.097546018660068512,-0.012227511033415794,0,-4.893073558807373,0,0.019464567303657532,0.012815365567803383,264.81666666222736,-0.0048687299713492393,-0.0036819847300648689,267.92828369140625,264.91989135742188,8.129359245300293,1.4193215370178223,0.77067601680755615,0.071577280759811401
2700,158.35284612598537,1,0.29835295677185059,281.25,7.9986324310302734,0.00051688123494386673,1,476.86972045898438,1,21.105207443237305,8.125758171081543,150.43520381968608,0.004854246973991394,0.0031864652410149574,-0.00013922950893174857,1.3223112821578979,-0.11609787493944168,-0.087799198925495148,-0.019383363425731659,-0.014658698812127113,3.5260474681854248,-0.00046140619087964296,-0.017154812812805176,0.46203845739364624,-1.7445549019612372e-05,-0.0010835912544280291,4.4819898903369904e-09,1,0.82664674520492554,-0.016693403944373131,-0.0010661459527909756,-0.0011082630371674895,1.2855801582336426,0,0,0,1,0,0,0,0,0,1,0,0.72467756271362305,1.1266505718231201,349.95654296875,-2.4110078811645508e-05,-0.00096794962882995605,-0.00094401964452117682,4.081538200378418,-0.00098694395273923874,-0.039435341954231262,0.5073314905166626,-3.4674536436796188e-05,-0.0029683532193303108,-2.0873267203569412e-07,1,0.60027194023132324,-0.038448397070169449,-0.002933678450062871,-0.0020725084468722343,0.93435031175613403,0,0,0,1,0,0,0,0,0,1,0,0.37376850843429565,0.58143091201782227,349.58004760742188,-0.00012251734733581543,-0.0023444890975952148,-0.0022221093531697989,0.31088858842849731,0,-0.0034177431371062994,-0.095878660678863525,-0.012610533274710178,0,-4.9698424339294434,0,0.020254261791706085,0.013255286030471325,264.8124999954598,-0.0049451170489192009,-0.0037397525738924742,267.92681884765625,264.90829467773438,8.1255064010620117,1.4883410930633545,0.81668585538864136,0.070515774190425873
2760,147.59932217288889,1,0.29619964957237244,281.25,7.9977850914001465,0.00027495622634887695,1,465.56674194335938,1,22.24371337890625,8.1402587890625,140.21935606424444,0.0044246409088373184,0.003271978348493576,-0.00013954416499473155,1.3223112821578979,-0.11418712139129639,-0.086354188621044159,-0.020495779812335968,-0.015499966219067574,3.4967455863952637,-0.0004369060043245554,-0.017110297456383705,0.48341205716133118,-3.3570540836080909e-05,-0.0013653428759425879,1.3387762010097504e-09,1,0.82425636053085327,-0.016673389822244644,-0.0013317723060026765,-0.0009673252934589982,1.271369457244873,0,0,0,1,0,0,0,0,0,1,0,0.72296422719955444,1.1148415803909302,349.95513916015625,-2.4452805519104004e-05,-0.00099058449268341064,-0.00096611067419871688,4.047478199005127,-0.0011289706453680992,-0.039640624076128006,0.53155767917633057,-8.4515195339918137e-05,-0.0037566821556538343,-2.0861625671386719e-07,1,0.59355467557907104,-0.038511645048856735,-0.0036721667274832726,-0.0016278523253276944,0.91569578647613525,0,0,0,1,0,0,0,0,0,1,0,0.38715910911560059,0.59699738025665283,349.5791015625,-0.00013440847396850586,-0.0023344755172729492,-0.0022001462057232857,0.30841922760009766,0,-0.0034774423111230135,-0.094286143779754639,-0.013060436584055424,0,-4.981074333190918,0,0.018446704372763634,0.013613203540444374,264.80833332869224,-0.0049562929198145866,-0.0037482043262571096,267.9285888671875,264.9066162109375,8.14013671875,1.4011033773422241,0.70482003688812256,0.06476033478975296
2820,159.52677201174606,1,0.29445666074752808,206.25,7.9979066848754883,5.8605361118679866e-05,1,453.91567993164062,1,23.839361190795898,8.1255111694335938,151.55043341115876,0.0047183106653392315,0.003359480295330286,-0.00014061412366572767,1.3223112821578979,-0.11269795894622803,-0.085228011012077332,-0.021069891750812531,-0.015934139490127563,3.4694242477416992,-0.00055088335648179054,-0.016875339671969414,0.50448638200759888,-5.5786920711398125e-05,-0.0014553196961060166,2.5611370801925659e-09,1,0.82611805200576782,-0.016324454918503761,-0.0013995327753946185,-0.00097585289040580392,1.2635111808776855,0,0,0,1,0,0,0,0,0,1,0,0.72807532548904419,1.1128584146499634,349.95361328125,-3.1143426895141602e-05,-0.00099685788154602051,-0.00096579128876328468,4.0172290802001953,-0.0015822658315300941,-0.04003278911113739,0.55240327119827271,-0.00015360128600150347,-0.0038315257988870144,-2.1071173250675201e-07,1,0.5896298885345459,-0.038450520485639572,-0.0036779239308089018,-0.0019058700418099761,0.90126979351043701,0,0,0,1,0,0,0,0,0,1,0,0.38163560628890991,0.58209985494613647,349.578369140625,-0.00016152858734130859,-0.0024046897888183594,-0.0022433241829276085,0.30599290132522583,0,-0.0035284953191876411,-0.092727355659008026,-0.01355396956205368,0,-5.0192675590515137,0,0.019681995734572411,0.0139795932918787,264.80416666192468,-0.0049942960031330585,-0.0037769442424178123,267.9285888671875,264.90536499023438,8.1249685287475586,1.6712324619293213,0.7785608172416687,0.064068429172039032
2880,169.99565720390976,1,0.29301261901855469,206.25,8.0004663467407227,0.0002257227897644043,1,441.90936279296875,1,26.316600799560547,8.152923583984375,161.49587434371426,0.0048234858550131321,0.0034655872732400894,-0.00014231994282454252,1.3223112821578979,-0.1115042120218277,-0.084325239062309265,-0.02134520560503006,-0.0161423459649086,3.4443569183349609,-0.00055940146557986736,-0.016606839373707771,0.52401882410049438,-5.105850868858397e-05,-0.0014801605138927698,3.0267983675003052e-09,1,0.82731121778488159,-0.016047436743974686,-0.00142910226713866,-0.0010241173440590501,1.2554061412811279,0,0,0,1,0,0,0,0,0,1,0,0.73181283473968506,1.1098557710647583,349.95211791992188,-2.8342008590698242e-05,-0.00099515914916992188,-0.00096665776800364256,3.9902019500732422,-0.0015628030523657799,-0.040141277015209198,0.57183420658111572,-0.00010876159649342299,-0.0042312503792345524,-2.1047890186309814e-07,1,0.58298897743225098,-0.038578473031520844,-0.0041224891319870949,-0.0017628447385504842,0.88351917266845703,0,0,0,1,0,0,0,0,0,1,0,0.37562757730484009,0.56769007444381714,349.5777587890625,-0.00015342235565185547,-0.0024402141571044922,-0.0022869594395160675,0.30373296141624451,0,-0.0035781548358500004,-0.091290570795536041,-0.014002435840666294,0,-5.0801568031311035,0,0.020124733448028564,0.014424237422645092,264.79999999515712,-0.0050548822619020939,-0.0038227627519518137,267.9278564453125,264.902587890625,8.1527614593505859,1.8415615558624268,0.80904620885848999,0.060225449502468109
2940,157.40236034595111,1,0.29075214266777039,231.25,7.9987196922302246,0.00038747483631595969,1,429.61892700195312,1,26.977470397949219,8.1587448120117188,149.53224232865355,0.0051436410285532475,0.0035841562785208225,-0.00014302940689958632,1.3223112821578979,-0.10964441299438477,-0.082918763160705566,-0.021765975281596184,-0.01646055281162262,3.4190154075622559,-0.00046360143460333347,-0.016036396846175194,0.5430830717086792,-2.3130094632506371e-05,-0.0015478595159947872,3.6088749766349792e-09,1,0.82947421073913574,-0.015572795644402504,-0.0015247298870235682,-0.00096176221268251538,1.2498283386230469,0,0,0,1,0,0,0,0,0,1,0,0.73830509185791016,1.1129188537597656,349.95046997070312,-2.1204352378845215e-05,-0.00096912682056427002,-0.00094774563331156969,3.9625968933105469,-0.0012479336000978947,-0.038800787180662155,0.59194839000701904,-4.3016218114644289e-05,-0.0042676334269344807,-2.1152663975954056e-07,1,0.58682632446289062,-0.0375528484582901,-0.0042246174998581409,-0.0017705111531540751,0.88376724720001221,0,0,0,1,0,0,0,0,0,1,0,0.39217865467071533,0.59092748165130615,349.57696533203125,-0.00013709068298339844,-0.0023854970932006836,-0.0022485603112727404,0.30153453350067139,0,-0.0036244562361389399,-0.089894384145736694,-0.014423293992877007,0,-5.1054816246032715,0,0.021473588421940804,0.014921471476554871,264.79583332838956,-0.0050800810568034649,-0.003841819241642952,267.92715454101562,264.90280151367188,8.1585426330566406,1.8796820640563965,0.73774218559265137,0.059912316501140594
3000,169.53629102690118,1,0.28846889734268188,243.75,7.9997496604919434,0.00046589752309955657,1,417.12680053710938,1,27.155406951904297,8.1568994522094727,161.05947647555612,0.0050836103036999702,0.0037110261619091034,-0.00014386954717338085,1.3223112821578979,-0.10786766558885574,-0.081575095653533936,-0.021732769906520844,-0.016435442492365837,3.3918042182922363,-0.00045828614383935928,-0.015713367611169815,0.55962353944778442,-2.776143082883209e-05,-0.0013965928228572011,9.3132257461547852e-10,1,0.8301466703414917,-0.015255081467330456,-0.0013688316103070974,-0.0011664072517305613,1.2422146797180176,0,0,0,1,0,0,0,0,0,1,0,0.74222517013549805,1.112260103225708,349.94857788085938,-1.9393861293792725e-05,-0.00095535814762115479,-0.00093580345856025815,3.9321699142456055,-0.00097520486451685429,-0.037770923227071762,0.60874861478805542,-5.7368306443095207e-05,-0.003329115454107523,-2.121669240295887e-07,1,0.58909773826599121,-0.036795713007450104,-0.0032717471476644278,-0.0028409638907760382,0.88214272260665894,0,0,0,1,0,0,0,0,0,1,0,0.39420205354690552,0.59277856349945068,349.57586669921875,-0.00011870265007019043,-0.002366870641708374,-0.0022481011692434549,0.29933789372444153,0,-0.0036657345481216908,-0.088503003120422363,-0.014795389957726002,0,-5.1354708671569824,0,0.021220548078417778,0.015453760512173176,264.791666661622,-0.0051099210977554321,-0.003864385886117816,267.92584228515625,264.89935302734375,8.1566858291625977,1.689333438873291,0.83988386392593384,0.058793041855096817
3060,178.28780107171383,1,0.28525662422180176,243.75,7.9989700317382812,0.00045715010492131114,1,402.47259521484375,1,27.823940277099609,8.2062034606933594,169.37341101812814,0.0056890798732638359,0.0038505150005221367,-0.00014418196224141866,1.3223112821578979,-0.10544987767934799,-0.079746633768081665,-0.021394049748778343,-0.016179284080862999,3.3633646965026855,-0.00035190489143133163,-0.015040027908980846,0.57314366102218628,-3.6357407225295901e-05,-0.0012062136083841324,1.4551915228366852e-10,1,0.83428370952606201,-0.014688121154904366,-0.0011698564048856497,-0.0013603377155959606,1.2390336990356445,0,0,0,1,0,0,0,0,0,1,0,0.75106990337371826,1.1169581413269043,349.946533203125,-1.0758638381958008e-05,-0.00092446058988571167,-0.00091368088033050299,3.9012503623962402,-0.0005534379743039608,-0.035939529538154602,0.62241268157958984,-5.3385156206786633e-05,-0.0024562734179198742,-2.1164305508136749e-07,1,0.59998488426208496,-0.035386092960834503,-0.0024028876796364784,-0.0036829824093729258,0.89192879199981689,0,0,0,1,0,0,0,0,0,1,0,0.40881705284118652,0.61032521724700928,349.57464599609375,-9.4324350357055664e-05,-0.0023104101419448853,-0.0022161027882248163,0.2970879077911377,0,-0.0037036263383924961,-0.087089844048023224,-0.015071827918291092,0,-5.1466226577758789,0,0.023775454610586166,0.016039099544286728,264.78749999485444,-0.0051210173405706882,-0.0038727775681763887,267.92523193359375,264.89431762695312,8.2060346603393555,1.6336534023284912,0.78228402137756348,0.056456048041582108
3120,191.2682256476792,1,0.28033190965652466,206.25,8.0002737045288086,0.00041604429134167731,1,387.81167602539062,1,27.727533340454102,8.2582302093505859,181.70481436529522,0.0058083813637495041,0.0040052374824881554,-0.00014201580779626966,1.3223112821578979,-0.10175970196723938,-0.076955936849117279,-0.021055083721876144,-0.015922941267490387,3.3302285671234131,-0.0001514805480837822,-0.013818560168147087,0.58449560403823853,-4.8062443966045976e-05,-0.0011337760370224714,-9.0221874415874481e-10,1,0.84310227632522583,-0.013667079620063305,-0.0010857137385755777,-0.0013386600185185671,1.2413098812103271,0,0,0,1,0,0,0,0,0,1,0,0.77093195915222168,1.1356788873672485,349.94415283203125,1.9147992134094238e-06,-0.00084953010082244873,-0.00085141696035861969,3.8668403625488281,-0.00017785560339689255,-0.032240740954875946,0.63348352909088135,-8.9953537099063396e-05,-0.0018930793739855289,-2.1373853087425232e-07,1,0.63191509246826172,-0.032062884420156479,-0.0018031259533017874,-0.0038693738169968128,0.93121761083602905,0,0,0,1,0,0,0,0,0,1,0,0.46191179752349854,0.68168783187866211,349.572998046875,-7.3224306106567383e-05,-0.0020948946475982666,-0.0020216228440403938,0.29451310634613037,0,-0.0037291531916707754,-0.08549528568983078,-0.015242942608892918,0,-5.069300651550293,0,0.024279607459902763,0.016688955947756767,264.78333332808688,-0.0050440803170204163,-0.003814593655988574,267.92459106445312,264.89309692382812,8.2574901580810547,1.7176796197891235,0.70616388320922852,0.061322331428527832
3180,182.81625572063459,1,0.27690070867538452,231.25,7.9982600212097168,0.00074979814235121012,1,375.20587158203125,1,26.775524139404297,8.2478456497192383,173.67544293460284,0.0056812646798789501,0.0041347290389239788,-0.00014146290777716786,1.3223112821578979,-0.099141336977481842,-0.074975796043872833,-0.021220248192548752,-0.016047846525907516,3.2936110496520996,-0.0001300005242228508,-0.01324485894292593,0.59532058238983154,-6.4470106735825539e-05,-0.0013726188335567713,-1.8044374883174896e-09,1,0.84609138965606689,-0.013114859350025654,-0.0013081490760669112,-0.0010868640383705497,1.2335102558135986,0,0,0,1,0,0,0,0,0,1,0,0.78212225437164307,1.1398570537567139,349.94140625,-5.9604644775390625e-07,-0.0008188784122467041,-0.00081823411164805293,3.8270576000213623,-0.00015023630112409592,-0.029976239427924156,0.64299249649047852,-0.00013870536349713802,-0.0022368645295500755,-2.096639946103096e-07,1,0.65132677555084229,-0.029825998470187187,-0.0020981593988835812,-0.0033298716880381107,0.94952356815338135,0,0,0,1,0,0,0,0,0,1,0,0.48906487226486206,0.71261250972747803,349.57083129882812,-7.4267387390136719e-05,-0.0020018219947814941,-0.0019273045472800732,0.29165178537368774,0,-0.0037420946173369884,-0.083742201328277588,-0.015374894253909588,0,-5.0495648384094238,0,0.023742426186800003,0.01723255030810833,264.77916666131932,-0.0050244424492120743,-0.003799742553383112,267.92449951171875,264.89260864257812,8.2390270233154297,1.6856229305267334,0.90201455354690552,0.054435253143310547
3240,203.29507024374635,1,0.27403730154037476,243.75,7.9973015785217285,0.00055376475211232901,1,362.45327758789062,1,27.20640754699707,8.2088432312011719,193.13031673155902,0.0062139835208654404,0.0042731813155114651,-0.00014194399409461766,1.3223112821578979,-0.096977785229682922,-0.073339603841304779,-0.021353527903556824,-0.016148639842867851,3.2581806182861328,-0.00014465407002717257,-0.012786480598151684,0.60655426979064941,-4.6927743824198842e-05,-0.0015223249793052673,-1.7462298274040222e-09,1,0.84835481643676758,-0.012641827575862408,-0.0014753974974155426,-0.00089570978889241815,1.2245397567749023,0,0,0,1,0,0,0,0,0,1,0,0.78638565540313721,1.1345076560974121,349.938720703125,-6.243586540222168e-06,-0.00081148743629455566,-0.00080528255784884095,3.7896010875701904,-0.00021043932065367699,-0.029130470007658005,0.65337204933166504,-0.00011237617582082748,-0.0024389808531850576,-2.0687002688646317e-07,1,0.65529549121856689,-0.028920028358697891,-0.0023266051430255175,-0.0030808164738118649,0.9454655647277832,0,0,0,1,0,0,0,0,0,1,0,0.4841473400592804,0.69789755344390869,349.56875610351562,-7.9512596130371094e-05,-0.0020203292369842529,-0.0019407579675316811,0.2887713611125946,0,-0.00375395268201828,-0.082001455128192902,-0.015508372336626053,0,-5.066737174987793,0,0.02599533274769783,0.017814230173826218,264.77499999455176,-0.0050415294244885445,-0.0038126646541059017,267.92428588867188,264.893310546875,8.2048816680908203,1.6135540008544922,0.81094831228256226,0.060547441244125366
3300,201.49331663669955,1,0.27176973223686218,281.25,8.0000028610229492,0.00029794708825647831,1,351.25057983398438,1,28.750064849853516,8.2412128448486328,191.41865080486457,0.0063236658461391926,0.0043879006989300251,-0.00014286511577665806,1.3223112821578979,-0.095230430364608765,-0.072018161416053772,-0.021667573601007462,-0.016386136412620544,3.2267570495605469,-1.0591931641101837e-05,-0.012002610601484776,0.6179126501083374,-1.2295247870497406e-05,-0.0016680153785273433,-5.8207660913467407e-10,1,0.85216790437698364,-0.011992018669843674,-0.0016557202907279134,-0.00066047126892954111,1.2182400226593018,0,0,0,1,0,0,0,0,0,1,0,0.78866523504257202,1.1272952556610107,349.936279296875,1.7583370208740234e-06,-0.00079293549060821533,-0.00079469685442745686,3.7610998153686523,-0.00014851265586912632,-0.028654363006353378,0.66405028104782104,-4.8310990678146482e-05,-0.0027432162314653397,-2.0721927285194397e-07,1,0.65122711658477783,-0.028505848720669746,-0.0026949055027216673,-0.0027966788038611412,0.93124127388000488,0,0,0,1,0,0,0,0,0,1,0,0.47594580054283142,0.68034780025482178,349.56704711914062,-7.654726505279541e-05,-0.0020472854375839233,-0.0019705565646290779,0.28590512275695801,0,-0.0037663895636796951,-0.080290377140045166,-0.015640817582607269,0,-5.099616527557373,0,0.026459770277142525,0.018296277150511742,264.7708333277842,-0.0050742453895509243,-0.0038374061696231365,267.92483520507812,264.88589477539062,8.2403793334960938,1.8105313777923584,0.9302070140838623,0.072120510041713715
3360,194.69688840892408,1,0.27116650342941284,281.25,8.0003604888916016,0.0003225098189432174,1,343.98641967773438,1,29.149242401123047,8.3001527786254883,184.96204398847786,0.0065252520143985748,0.0044526471756398678,-0.00014491281763184816,1.3223112821578979,-0.094656258821487427,-0.071583949029445648,-0.022228475660085678,-0.016810320317745209,3.2013530731201172,8.2228798419237137e-05,-0.011324862018227577,0.63044917583465576,1.4939767424948514e-05,-0.001790533890016377,7.2759576141834259e-10,1,0.85601913928985596,-0.011407091282308102,-0.0018054735846817493,-0.00047571660252287984,1.2127863168716431,0,0,0,1,0,0,0,0,0,1,0,0.7917364239692688,1.1216129064559937,349.93408203125,1.3284385204315186e-05,-0.00077249109745025635,-0.00078583345748484135,3.7419898509979248,-0.00018754252232611179,-0.028902484104037285,0.67641282081604004,1.3374854461289942e-05,-0.0031575297471135855,-2.0579318515956402e-07,1,0.64095938205718994,-0.028714938089251518,-0.0031709042377769947,-0.0025519286282360554,0.90841859579086304,0,0,0,1,0,0,0,0,0,1,0,0.46423619985580444,0.65761560201644897,349.5657958984375,-7.7717006206512451e-05,-0.0021091774106025696,-0.0020312613341957331,0.28330647945404053,0,-0.0037840427830815315,-0.078736238181591034,-0.015818707644939423,0,-5.1727104187011719,0,0.027313906699419022,0.018567824736237526,264.76666666101664,-0.0051469756290316582,-0.0038924084510654211,267.92559814453125,264.885986328125,8.2997245788574219,1.8984549045562744,0.97859787940979004,0.07414582371711731
3420,166.11388622054517,1,0.27317014336585999,293.75,7.9981436729431152,0.00057388551067560911,1,340.491943359375,1,27.797967910766602,8.3296241760253906,157.80819190951792,0.0065728826448321342,0.0044821426272392273,-0.00014966934395488352,1.3223112821578979,-0.096034735441207886,-0.072626419365406036,-0.022666599601507187,-0.01714165136218071,3.183225154876709,-0.00011415337212383747,-0.011623525992035866,0.64256548881530762,-2.9246890335343778e-05,-0.0019198707304894924,-1.0477378964424133e-09,1,0.85315078496932983,-0.011509371921420097,-0.0018906237091869116,-0.00047865920350886881,1.1995922327041626,0,0,0,1,0,0,0,0,0,1,0,0.78691279888153076,1.1063528060913086,349.93222045898438,5.3644180297851562e-07,-0.00081244111061096191,-0.00081307173240929842,3.7288057804107666,-0.00053960573859512806,-0.03049115464091301,0.68766283988952637,-6.2437320593744516e-05,-0.0029222387820482254,-2.0736479200422764e-07,1,0.6228986382484436,-0.029951546341180801,-0.0028598015196621418,-0.0032713639084249735,0.87547814846038818,0,0,0,1,0,0,0,0,0,1,0,0.43863296508789062,0.61610198020935059,349.56475830078125,-0.00010509788990020752,-0.002255558967590332,-0.0021503476891666651,0.28127387166023254,0,-0.0038144739810377359,-0.07751290500164032,-0.016027066856622696,0,-5.342496395111084,0,0.02751581184566021,0.018691778182983398,264.76249999424908,-0.0053159166127443314,-0.0040201703086495399,267.92349243164062,264.88919067382812,8.3282814025878906,1.8068332672119141,0.81851106882095337,0.072883039712905884
3480,196.27416016014368,1,0.27654078602790833,231.25,7.9981164932250977,0.00063722243066877127,1,339.26571655273438,1,27.713840484619141,8.3012533187866211,186.4604521521365,0.0066587850451469421,0.0044916616752743721,-0.0001558395306346938,1.3223112821578979,-0.098321586847305298,-0.074355855584144592,-0.023639548569917679,-0.017877446487545967,3.1724967956542969,-0.00031908485107123852,-0.012941936030983925,0.65465641021728516,-7.4805000622291118e-05,-0.0025093797594308853,-7.2759576141834259e-10,1,0.83726394176483154,-0.012622851878404617,-0.0024345749989151955,-0.00023660715669393539,1.1720659732818604,0,0,0,1,0,0,0,0,0,1,0,0.76495361328125,1.0709214210510254,349.93069458007812,-1.8253922462463379e-05,-0.00092928856611251831,-0.00091122306184843183,3.7171964645385742,-0.00098170863930135965,-0.033336862921714783,0.69840669631958008,-0.00019497130415402353,-0.004014329519122839,-2.0563311409205198e-07,1,0.58813345432281494,-0.032355152070522308,-0.0038193580694496632,-0.0029749306850135326,0.82280629873275757,0,0,0,1,0,0,0,0,0,1,0,0.39379113912582397,0.55121368169784546,349.563720703125,-0.00013549625873565674,-0.0025021731853485107,-0.0023666066117584705,0.28013300895690918,0,-0.003867823164910078,-0.076798230409622192,-0.016295420005917549,0,-5.5627422332763672,0,0.027880052104592323,0.018732119351625443,264.75833332748152,-0.0055350670590996742,-0.0041859033517539501,267.92044067382812,264.881103515625,8.2988224029541016,1.7823364734649658,0.84817284345626831,0.09166303277015686
3540,180.29308363028241,1,0.27776029706001282,256.25,7.9978747367858887,0.00032649660715833306,1,334.56033325195312,1,29.344770431518555,8.1854686737060547,171.27842944876829,0.0062832711264491081,0.0045498576946556568,-0.00016013123968150467,1.3223112821578979,-0.099040105938911438,-0.074899233877658844,-0.024466231465339661,-0.018502626568078995,3.1668260097503662,-0.00057400926016271114,-0.013630974106490612,0.66934877634048462,-9.5643976237624884e-05,-0.0030060932040214539,1.7462298274040222e-09,1,0.82941341400146484,-0.013056965544819832,-0.0029104487039148808,7.4316805694252253e-05,1.1592700481414795,0,0,0,1,0,0,0,0,0,1,0,0.75273162126541138,1.0520864725112915,349.92962646484375,-3.5278499126434326e-05,-0.001009233295917511,-0.00097397028002887964,3.7111740112304688,-0.0013306434266269207,-0.035564560443162918,0.71480607986450195,-0.00026458868524059653,-0.0054628052748739719,-2.0628795027732849e-07,1,0.55860072374343872,-0.034233920276165009,-0.0051982169970870018,-0.0021965464111417532,0.78072142601013184,0,0,0,1,0,0,0,0,0,1,0,0.33134043216705322,0.46299144625663757,349.563720703125,-0.00015711784362792969,-0.0028252005577087402,-0.0026679071597754955,0.27960664033889771,0,-0.0039372374303638935,-0.076427645981311798,-0.016646865755319595,0,-5.7159371376037598,0,0.026288701221346855,0.018976666033267975,264.75416666071396,-0.0056874994188547134,-0.0043011805973947048,267.920654296875,264.883056640625,8.1812076568603516,2.0228796005249023,0.95757246017456055,0.084568008780479431
3600,188.48884365070069,1,0.27896043658256531,268.75,7.998680591583252,0.00036788851139135659,1,328.597900390625,1,31.185977935791016,8.1750450134277344,179.06440146816564,0.0066677546128630638,0.0046675670892000198,-0.00016515931929461658,1.3223112821578979,-0.099834062159061432,-0.075499668717384338,-0.024934764951467514,-0.01885695569217205,3.1655135154724121,-0.00069683883339166641,-0.013940618373453617,0.68587815761566162,-8.5418068920262158e-05,-0.0028931368142366409,3.2014213502407074e-10,1,0.82769322395324707,-0.013243778608739376,-0.0028077187016606331,-0.00013312618830241263,1.155181884765625,0,0,0,1,0,0,0,0,0,1,0,0.73718589544296265,1.0281970500946045,349.92919921875,-3.6984682083129883e-05,-0.0010977685451507568,-0.0010608552256599069,3.7142946720123291,-0.0015233368612825871,-0.037613082677125931,0.73518103361129761,-0.00015753437764942646,-0.0054900790564715862,-2.0535662770271301e-07,1,0.53689193725585938,-0.03608974814414978,-0.0053325449116528034,-0.002624772023409605,0.74816477298736572,0,0,0,1,0,0,0,0,0,1,0,0.30140405893325806,0.41897881031036377,349.56478881835938,-0.00015091896057128906,-0.0031318068504333496,-0.0029806818347424269,0.27930659055709839,0,-0.0040144696831703186,-0.076178640127182007,-0.017018064856529236,0,-5.8954157829284668,0,0.027918096631765366,0.019472796469926834,264.7499999939464,-0.0058660851791501045,-0.0044362363405525684,267.92263793945312,264.88427734375,8.1746540069580078,2.1137804985046387,0.99240648746490479,0.098997071385383606
3660,188.58094730344351,1,0.28333064913749695,281.25,8.0000267028808594,0.00016942816728260368,1,329.23260498046875,1,34.207118988037109,8.2119379043579102,179.15189993827133,0.0066997101530432701,0.0047072200104594231,-0.00017271014803554863,1.3223112821578979,-0.10317938029766083,-0.0780295729637146,-0.02493753656744957,-0.018859051167964935,3.1702671051025391,-0.00095415860414505005,-0.015605993568897247,0.69940090179443359,-8.0353347584605217e-05,-0.002160252071917057,1.1641532182693481e-10,1,0.8147510290145874,-0.014651831239461899,-0.0020798987243324518,-0.0011949213221669197,1.1368376016616821,0,0,0,1,0,0,0,0,0,1,0,0.72160583734512329,1.0055193901062012,349.928955078125,-5.5372714996337891e-05,-0.0012180805206298828,-0.0011625820770859718,3.7208402156829834,-0.0018671844154596329,-0.041056610643863678,0.75150811672210693,-2.0480714738368988e-05,-0.0035849681589752436,-2.0395964384078979e-07,1,0.51208382844924927,-0.039189424365758896,-0.0035644865129143,-0.005129633005708456,0.71089005470275879,0,0,0,1,0,0,0,0,0,1,0,0.32610625028610229,0.45154282450675964,349.5654296875,-0.00017309188842773438,-0.0032331943511962891,-0.0030600214377045631,0.27959764003753662,0,-0.0041105849668383598,-0.076278150081634521,-0.017362318933010101,0,-6.1649446487426758,0,0.028053628280758858,0.019640730693936348,264.74583332717884,-0.0061342734843492508,-0.0046390541829168797,267.9239501953125,264.8758544921875,8.2101192474365234,2.0505657196044922,1.1579658985137939,0.092074722051620483
3720,194.29941736242333,1,0.28800272941589355,281.25,7.9995427131652832,0.00015448564954567701,1,334.09646606445312,1,37.018363952636719,8.2664165496826172,184.58444649430214,0.0066901859827339649,0.0047061415389180183,-0.00017875489720609039,1.3223112821578979,-0.10690097510814667,-0.080844029784202576,-0.024532748386263847,-0.018552929162979126,3.1805586814880371,-0.0011559317354112864,-0.018119694665074348,0.70699846744537354,-9.8347896710038185e-05,-0.001493250485509634,1.2223608791828156e-09,1,0.79083263874053955,-0.016963763162493706,-0.0013949022395536304,-0.0023949416354298592,1.10689377784729,0,0,0,1,0,0,0,0,0,1,0,0.70713508129119873,0.98989170789718628,349.92840576171875,-6.1601400375366211e-05,-0.0013123750686645508,-0.0012507479405030608,3.7284159660339355,-0.0022348617203533649,-0.044881369918584824,0.76194697618484497,-6.4345193095505238e-05,-0.0019083763472735882,-2.043088898062706e-07,1,0.47915971279144287,-0.042646508663892746,-0.0018440312705934048,-0.0076158717274665833,0.66677504777908325,0,0,0,1,0,0,0,0,0,1,0,0.32639238238334656,0.45544028282165527,349.5654296875,-0.00018107891082763672,-0.003282397985458374,-0.0031009446829557419,0.28070110082626343,0,-0.0042225848883390427,-0.076880872249603271,-0.01760738343000412,0,-6.3807144165039062,0,0.028013221919536591,0.019637644290924072,264.74166666041128,-0.0063489694148302078,-0.0048014181666076183,267.92214965820312,264.87234497070312,8.2661018371582031,1.86985182762146,1.3234266042709351,0.085650704801082611
3780,192.78129434685923,1,0.28832864761352539,243.75,7.9995293617248535,0.00059753895038738847,1,331.02102661132812,1,37.5313720703125,8.2316865921020508,183.14222962951627,0.0067600738257169724,0.004766060970723629,-0.00018102885223925114,1.3223112821578979,-0.10727456212043762,-0.081126555800437927,-0.024008063599467278,-0.018156135454773903,3.1915802955627441,-0.0011348607949912548,-0.019541488960385323,0.711342453956604,-0.00011525007721502334,-0.0010150632588192821,-1.0186340659856796e-10,1,0.77588224411010742,-0.018406625837087631,-0.00089981325436383486,-0.0031954525038599968,1.0916098356246948,0,0,0,1,0,0,0,0,0,1,0,0.68970036506652832,0.97111266851425171,349.92755126953125,-5.7831406593322754e-05,-0.0014107227325439453,-0.0013528903946280479,3.7348611354827881,-0.0020303986966609955,-0.046349041163921356,0.77096676826477051,-0.00013237379607744515,-0.00090387789532542229,-2.0297011360526085e-07,1,0.46266031265258789,-0.044318638741970062,-0.00077150389552116394,-0.0090587036684155464,0.64953434467315674,0,0,0,1,0,0,0,0,0,1,0,0.30481600761413574,0.42952728271484375,349.565185546875,-0.00015373528003692627,-0.0033485144376754761,-0.0031944746151566505,0.28205886483192444,0,-0.0043352600187063217,-0.077673614025115967,-0.017739392817020416,0,-6.461883544921875,0,0.028309697285294533,0.019890438765287399,264.73749999364372,-0.006429735105484724,-0.0048624975606799126,267.91915893554688,264.867919921875,8.2306404113769531,1.936229944229126,1.0696902275085449,0.088897071778774261
3840,202.91160831020878,1,0.28461107611656189,256.25,7.9991354942321777,0.00054320809431374073,1,320.43545532226562,1,35.547657012939453,8.2048254013061523,192.76602789469834,0.0082302577793598175,0.0049194670282304287,-0.00017986836610361934,1.3223112821578979,-0.10444551706314087,-0.078987084329128265,-0.023750169202685356,-0.017961103469133377,3.1972370147705078,-0.00091526447795331478,-0.019014447927474976,0.71491599082946777,-0.0001222423161379993,-0.00075958401430398226,2.4447217583656311e-09,1,0.78058767318725586,-0.018099185079336166,-0.00063734140712767839,-0.0033768834546208382,1.1017544269561768,0,0,0,1,0,0,0,0,0,1,0,0.68632316589355469,0.96926116943359375,349.92645263671875,-4.151463508605957e-05,-0.001435011625289917,-0.0013934663729742169,3.7393069267272949,-0.0014871740713715553,-0.044675271958112717,0.78155744075775146,-0.00013512547593563795,-0.00039511988870799541,-2.0116567611694336e-07,1,0.47515064477920532,-0.043188098818063736,-0.00025999417994171381,-0.0093225929886102676,0.67052650451660156,0,0,0,1,0,0,0,0,0,1,0,0.29438507556915283,0.41540539264678955,349.5650634765625,-0.00011801719665527344,-0.0034094452857971191,-0.0032911703456193209,0.28279122710227966,0,-0.0044282330200076103,-0.07811698317527771,-0.017792150378227234,0,-6.4204602241516113,0,0.034565653651952744,0.020537413656711578,264.73333332687616,-0.0063885175622999668,-0.0048313266597688198,267.92025756835938,264.86080932617188,8.2046108245849609,2.0469002723693848,0.99751383066177368,0.077937036752700806
3900,168.73711008663832,1,0.27971148490905762,281.25,7.999171257019043,0.00025976667529903352,1,307.75515747070312,1,32.717075347900391,8.138763427734375,160.30025458230639,0.008171682246029377,0.0051111667416989803,-0.00017777290486264974,1.3223112821578979,-0.1007060706615448,-0.076159127056598663,-0.023693088442087173,-0.0179179348051548,3.1940293312072754,-0.00086854677647352219,-0.017422234639525414,0.71977835893630981,-0.0001490191207267344,-0.00051012134645134211,1.9208528101444244e-09,1,0.79855251312255859,-0.016553686931729317,-0.00036110222572460771,-0.0033281370997428894,1.127371072769165,0,0,0,1,0,0,0,0,0,1,0,0.70017439126968384,0.98939818143844604,349.9251708984375,-4.9471855163574219e-05,-0.0013937652111053467,-0.0013443998759612441,3.7356984615325928,-0.0014961170963943005,-0.040984347462654114,0.79380297660827637,-0.00021713826572522521,-0.00029389714472927153,-2.019805833697319e-07,1,0.5192226767539978,-0.039488226175308228,-7.6758675277233124e-05,-0.0087172798812389374,0.73301374912261963,0,0,0,1,0,0,0,0,0,1,0,0.31180652976036072,0.44053897261619568,349.56472778320312,-0.0001392364501953125,-0.0033258199691772461,-0.0031864307820796967,0.2825852632522583,0,-0.004496338777244091,-0.078004568815231323,-0.017817530781030655,0,-6.3456616401672363,0,0.034315694123506546,0.021345842629671097,264.7291666601086,-0.0063140913844108582,-0.0047750417143106461,267.92214965820312,264.860595703125,8.1376142501831055,1.9644147157669067,0.98825156688690186,0.07936154305934906
3960,198.38793238918063,1,0.27567589282989502,281.25,7.9997520446777344,0.00038144935388118029,1,298.468505859375,1,29.822099685668945,8.1275997161865234,188.4685357697216,0.0079330336302518845,0.0052308295853435993,-0.00017548412142787129,1.3223112821578979,-0.097639374434947968,-0.073839932680130005,-0.023773601278662682,-0.017978822812438011,3.1824007034301758,-0.00091240508481860161,-0.016004439443349838,0.72581720352172852,-0.00015659997006878257,-0.00031313914223574102,1.0477378964424133e-09,1,0.81483685970306396,-0.015092034824192524,-0.00015653899754397571,-0.0032477271743118763,1.1471543312072754,0,0,0,1,0,0,0,0,0,1,0,0.72420895099639893,1.0209439992904663,349.92330932617188,-6.3717365264892578e-05,-0.0013067424297332764,-0.0012430802453309298,3.7218561172485352,-0.00180796068161726,-0.037791408598423004,0.80613791942596436,-0.00033054116647690535,-7.9760677181184292e-05,-2.0151492208242416e-07,1,0.55838114023208618,-0.035983450710773468,0.00025078037288039923,-0.0083517152816057205,0.78701567649841309,0,0,0,1,0,0,0,0,0,1,0,0.35522422194480896,0.50332969427108765,349.56356811523438,-0.00018250942230224609,-0.003113865852355957,-0.0029314269777387381,0.28161537647247314,0,-0.0045411717146635056,-0.07744242250919342,-0.017841033637523651,0,-6.2639632225036621,0,0.03329790011048317,0.021849282085895538,264.72499999334104,-0.0062327990308403969,-0.0047135641798377037,267.9208984375,264.85818481445312,8.1271543502807617,1.9112890958786011,1.0196797847747803,0.081524565815925598
4020,189.79309869322282,1,0.27145922183990479,281.25,8.0000944137573242,0.00049960508476942778,1,289.43426513671875,1,28.472175598144531,8.1728324890136719,180.30344375856166,0.0075456537306308746,0.0053535075858235359,-0.00017278412997256964,1.3223112821578979,-0.094508707523345947,-0.07147236168384552,-0.023725613951683044,-0.017942532896995544,3.1648938655853271,-0.00079722004011273384,-0.014444693922996521,0.73237025737762451,-0.00013313256204128265,-0.00010688934708014131,2.3283064365386963e-09,1,0.83137327432632446,-0.013647472485899925,2.6243360480293632e-05,-0.0031378604471683502,1.1642682552337646,0,0,0,1,0,0,0,0,0,1,0,0.75405216217041016,1.0570114850997925,349.9208984375,-6.0647726058959961e-05,-0.0011780261993408203,-0.0011173596139997244,3.7028429508209229,-0.0017123152501881123,-0.034606486558914185,0.81780433654785156,-0.00036924681626260281,0.000318184494972229,-2.0326115190982819e-07,1,0.59232640266418457,-0.03289417177438736,0.00068743154406547546,-0.008185473270714283,0.83138304948806763,0,0,0,1,0,0,0,0,0,1,0,0.39998221397399902,0.56495988368988037,349.5621337890625,-0.00019109249114990234,-0.002907872200012207,-0.0027171282563358545,0.28011757135391235,0,-0.0045653507113456726,-0.076568372547626495,-0.017863050103187561,0,-6.1675858497619629,0,0.031647901982069016,0.022365802899003029,264.72083332657348,-0.0061369012109935284,-0.0046410411596298218,267.91708374023438,264.85476684570312,8.1721324920654297,1.9337352514266968,0.97692030668258667,0.069935105741024017
4080,183.68085026943027,1,0.26742804050445557,281.25,7.9997787475585938,0.00067700294312089682,1,279.63681030273438,1,27.675437927246094,8.1693611145019531,174.49680775595874,0.0085756750777363777,0.0055094873532652855,-0.00017098835087381303,1.3223112821578979,-0.091496892273426056,-0.069194667041301727,-0.023907383903861046,-0.018079996109008789,3.143035888671875,-0.00058341445401310921,-0.012703622691333294,0.74027800559997559,-9.9303433671593666e-05,-9.5755793154239655e-05,1.862645149230957e-09,1,0.84841823577880859,-0.012120207771658897,3.5476405173540115e-06,-0.0027990543749183416,1.1797201633453369,0,0,0,1,0,0,0,0,0,1,0,0.77735090255737305,1.0812251567840576,349.91827392578125,-4.9173831939697266e-05,-0.0010685920715332031,-0.0010195598006248474,3.6817383766174316,-0.0013002771884202957,-0.031162038445472717,0.83008778095245361,-0.00031797098927199841,5.0581526011228561e-05,-2.0116567611694336e-07,1,0.62514579296112061,-0.029861763119697571,0.00036855234066024423,-0.007264997810125351,0.87045574188232422,0,0,0,1,0,0,0,0,0,1,0,0.43221941590309143,0.60334968566894531,349.56060791015625,-0.00017392635345458984,-0.0027863979339599609,-0.0026126985903829336,0.27817004919052124,0,-0.0045739337801933289,-0.075421631336212158,-0.017888175323605537,0,-6.1034846305847168,0,0.036040864884853363,0.02302403561770916,264.71666665980592,-0.0060731191188097,-0.0045928061008453369,267.91860961914062,264.85830688476562,8.1692342758178711,1.8777663707733154,1.0894805192947388,0.067418292164802551
4140,202.38977267817347,1,0.26567202806472778,281.25,7.9995312690734863,0.00081764778587967157,1,271.80047607421875,1,27.394607543945312,8.1891279220581055,192.2702840442648,0.0086821196600794792,0.005636017769575119,-0.00017247548385057598,1.3223112821578979,-0.090094536542892456,-0.068134136497974396,-0.024364478886127472,-0.018425675109028816,3.1196489334106445,-0.0004511810839176178,-0.011672612279653549,0.7503511905670166,-6.3592102378606796e-05,-0.00010745716281235218,5.8207660913467407e-09,1,0.85696321725845337,-0.011221431195735931,-4.3865016777999699e-05,-0.0025881626643240452,1.1828382015228271,0,0,0,1,0,0,0,0,0,1,0,0.78730607032775879,1.086761474609375,349.91583251953125,-4.1872262954711914e-05,-0.001016765832901001,-0.00097497471142560244,3.6575660705566406,-0.0010764761827886105,-0.029453335329890251,0.8433908224105835,-0.00023049185983836651,-0.00046551472041755915,-2.0337756723165512e-07,1,0.6376807689666748,-0.028376862406730652,-0.00023502291878685355,-0.0064311046153306961,0.88029444217681885,0,0,0,1,0,0,0,0,0,1,0,0.43520438671112061,0.60122543573379517,349.55905151367188,-0.00016754865646362305,-0.0028007626533508301,-0.002633711788803339,0.2760540246963501,0,-0.0045791543088853359,-0.074162706732749939,-0.017950773239135742,0,-6.1565690040588379,0,0.036495909094810486,0.023557694628834724,264.71249999303836,-0.0061259390786290169,-0.0046327509917318821,267.91848754882812,264.85836791992188,8.1889686584472656,2.0246286392211914,0.746742844581604,0.058399669826030731
4200,193.40119609588928,1,0.26618531346321106,281.25,7.9996237754821777,0.00068575498880818486,1,266.8209228515625,1,28.45166015625,8.238316535949707,183.7311362910948,0.0079696252942085266,0.005718291737139225,-0.00017671457317192107,1.3223112821578979,-0.090244390070438385,-0.068247459828853607,-0.025181692093610764,-0.0190436951816082,3.0992927551269531,-0.00038624007720500231,-0.011496672406792641,0.76294422149658203,-5.708867684006691e-05,-0.0002187240170314908,5.1222741603851318e-09,1,0.85578227043151855,-0.01111043244600296,-0.00016163542750291526,-0.0025016777217388153,1.1738286018371582,0,0,0,1,0,0,0,0,0,1,0,0.78108352422714233,1.0716145038604736,349.91375732421875,-3.8266181945800781e-05,-0.0010440945625305176,-0.0010058621410280466,3.6340491771697998,-0.00085919047705829144,-0.029621493071317673,0.86014819145202637,-0.00019229727331548929,-0.0013004615902900696,-2.0826701074838638e-07,1,0.62512487173080444,-0.028762303292751312,-0.0011081653647124767,-0.0058132587000727654,0.85748028755187988,0,0,0,1,0,0,0,0,0,1,0,0.42058771848678589,0.57767057418823242,349.5574951171875,-0.00014725327491760254,-0.0028864592313766479,-0.0027396674267947674,0.27426320314407349,0,-0.0045998645946383476,-0.073079138994216919,-0.018093932420015335,0,-6.3078842163085938,0,0.033453892916440964,0.023904429748654366,264.7083333262708,-0.0062765018083155155,-0.0047466144897043705,267.9161376953125,264.86001586914062,8.2378625869750977,2.0242486000061035,0.860179603099823,0.05950501561164856
4260,180.91071830596644,1,0.26538065075874329,281.25,7.9992227554321289,0.00028291187481954694,1,262.44137573242188,1,27.481075286865234,8.2013130187988281,171.86518239066811,0.0082044946029782295,0.0058006029576063156,-0.00017803913215175271,1.3223112821578979,-0.089480206370353699,-0.067669548094272614,-0.025803035125136375,-0.019513586536049843,3.0806798934936523,-0.00024851365014910698,-0.011042885482311249,0.77781879901885986,-4.4668355258181691e-05,-0.00026092780171893537,4.5401975512504578e-09,1,0.85834836959838867,-0.010794373229146004,-0.00021625959197990596,-0.0024330054875463247,1.1709575653076172,0,0,0,1,0,0,0,0,0,1,0,0.78447139263153076,1.0702652931213379,349.91162109375,-2.2426247596740723e-05,-0.0010214298963546753,-0.00099898641929030418,3.611961841583252,-0.00058936327695846558,-0.028708990663290024,0.88043731451034546,-0.00016748521011322737,-0.0015620484482496977,-2.0791776478290558e-07,1,0.62857717275619507,-0.028119627386331558,-0.0013945632381364703,-0.0055329175665974617,0.85772061347961426,0,0,0,1,0,0,0,0,0,1,0,0.43123736977577209,0.58906763792037964,349.55572509765625,-0.00010520219802856445,-0.0027930140495300293,-0.0026882071979343891,0.27278238534927368,0,-0.0046317148953676224,-0.072166994214057922,-0.01831560954451561,0,-6.3551650047302246,0,0.034455683082342148,0.024252016097307205,264.70416665950324,-0.0063235471025109291,-0.0047821924090385437,267.91375732421875,264.85549926757812,8.2001533508300781,1.8534195423126221,1.0018784999847412,0.056867070496082306
4320,178.91566061195465,1,0.2629300057888031,281.25,7.9987368583679199,-0.00012246910773683339,1,257.37448120117188,1,24.882722854614258,8.2473049163818359,169.96987758135691,0.0088397739455103874,0.0059194890782237053,-0.00017656106501817703,1.3223112821578979,-0.087637081742286682,-0.06627567857503891,-0.026005964726209641,-0.019667051732540131,3.0609641075134277,-0.00022878823801875114,-0.0099670123308897018,0.79328948259353638,-5.0154048949480057e-05,-8.2479440607130527e-05,4.1909515857696533e-09,1,0.8710864782333374,-0.009738224558532238,-3.2325526262866333e-05,-0.0024130577221512794,1.1818021535873413,0,0,0,1,0,0,0,0,0,1,0,0.80445092916488647,1.0913307666778564,349.90908813476562,-1.6987323760986328e-05,-0.00092643499374389648,-0.00090950529556721449,3.5910749435424805,-0.00076873786747455597,-0.026844196021556854,0.90087145566940308,-0.00023923022672533989,-0.0012225335231050849,-2.0628795027732849e-07,1,0.65241861343383789,-0.026075460016727448,-0.0009833041112869978,-0.0055902432650327682,0.88560354709625244,0,0,0,1,0,0,0,0,0,1,0,0.46405893564224243,0.62985110282897949,349.55377197265625,-0.00011134147644042969,-0.002620398998260498,-0.0025093392468988895,0.27122956514358521,0,-0.0046553867869079113,-0.071221187710762024,-0.018551234155893326,0,-6.3024044036865234,0,0.037170205265283585,0.024755209684371948,264.69999999273568,-0.0062710493803024292,-0.0047424910590052605,267.91226196289062,264.85675048828125,8.2470703125,1.9887545108795166,0.83079385757446289,0.0461912602186203
4380,195.99532708977188,1,0.26132497191429138,281.25,7.9983906745910645,-0.00025790004292502999,1,252.73313903808594,1,22.61175537109375,8.1357250213623047,186.19556073528327,0.0090444581583142281,0.0060140993446111679,-0.00017653082613833249,1.3223112821578979,-0.086383715271949768,-0.065327823162078857,-0.026310350745916367,-0.019897244870662689,3.040870189666748,-0.00036394689232110977,-0.0089986678212881088,0.80862271785736084,-9.2197384219616652e-05,5.2488408982753754e-05,2.9103830456733704e-09,1,0.88514107465744019,-0.0086347209289669991,0.00014468558947555721,-0.0023618717677891254,1.1933517456054688,0,0,0,1,0,0,0,0,0,1,0,0.82161784172058105,1.1074423789978027,349.9063720703125,-2.6315450668334961e-05,-0.00085908174514770508,-0.00083282293053343892,3.5716898441314697,-0.0011614067479968071,-0.025189785286784172,0.92102688550949097,-0.00036466051824390888,-0.0008767757099121809,-2.0721927285194397e-07,1,0.67775243520736694,-0.024028381332755089,-0.00051211589016020298,-0.0056855790317058563,0.91410833597183228,0,0,0,1,0,0,0,0,0,1,0,0.49572819471359253,0.66787582635879517,349.551513671875,-0.00013929605484008789,-0.0024969577789306641,-0.0023580286651849747,0.26955077052116394,0,-0.0046702059917151928,-0.070221498608589172,-0.01877124235033989,0,-6.3013253211975098,0,0.038046319037675858,0.025155175477266312,264.69583332596812,-0.0062699755653738976,-0.0047416789457201958,267.91476440429688,264.85794067382812,8.1351537704467773,1.9194130897521973,0.66530168056488037,0.044209487736225128
4440,196.24727482003595,1,0.26090800762176514,281.25,7.9982795715332031,-0.0001502102822996676,1,250.40740966796875,1,21.576004028320312,8.1523828506469727,186.43491107903415,0.0084484517574310303,0.0060668550431728363,-0.00017731889965943992,1.3223112821578979,-0.085896022617816925,-0.064959004521369934,-0.026913497596979141,-0.020353375002741814,3.0213603973388672,-0.00042975321412086487,-0.0084858741611242294,0.82443153858184814,-0.00010337249841541052,-9.0504763647913933e-05,3.3760443329811096e-09,1,0.89203929901123047,-0.0080561228096485138,1.2867705663666129e-05,-0.0021434479858726263,1.1952923536300659,0,0,0,1,0,0,0,0,0,1,0,0.8345329761505127,1.1181814670562744,349.9034423828125,-2.7418136596679688e-05,-0.00080293416976928711,-0.00077554286690428853,3.5502297878265381,-0.0011457381770014763,-0.023974176496267319,0.94092082977294922,-0.00035652122460305691,-0.00088697439059615135,-2.069864422082901e-07,1,0.69126796722412109,-0.022828439250588417,-0.00053045328240841627,-0.0055197812616825104,0.92657393217086792,0,0,0,1,0,0,0,0,0,1,0,0.52834272384643555,0.70790290832519531,349.54885864257812,-0.00013577938079833984,-0.0023472309112548828,-0.0022115777246654034,0.2680019736289978,0,-0.0046855155378580093,-0.069299273192882538,-0.019016619771718979,0,-6.3294563293457031,0,0.035497274249792099,0.025377804413437843,264.69166665920056,-0.0062979664653539658,-0.004762846976518631,267.91348266601562,264.85568237304688,8.1509065628051758,1.9222563505172729,0.67981374263763428,0.041555903851985931
4500,197.34481855539153,1,0.25977218151092529,243.75,7.9980654716491699,0.0009888913482427597,1,247.11784362792969,1,20.553337097167969,8.1744461059570312,187.47757762762194,0.008481951430439949,0.0061341924592852592,-0.0001773428957676515,1.3223112821578979,-0.084884017705917358,-0.064193673431873322,-0.027513530105352402,-0.02080715075135231,3.0008668899536133,-0.00026852265000343323,-0.0080872029066085815,0.84107780456542969,-7.0036971010267735e-05,-0.00034550135023891926,3.2596290111541748e-09,1,0.89390105009078979,-0.0078186811879277229,-0.00027546432102099061,-0.0018660998903214931,1.1910994052886963,0,0,0,1,0,0,0,0,0,1,0,0.84395110607147217,1.1247786283493042,349.9002685546875,-1.1503696441650391e-05,-0.00074505805969238281,-0.00073365215212106705,3.5249953269958496,-0.00054664164781570435,-0.022423297166824341,0.95932596921920776,-0.00020917435176670551,-0.0011389811988919973,-2.0768493413925171e-07,1,0.70062994956970215,-0.021876655519008636,-0.00092980609042569995,-0.0050542987883090973,0.9337691068649292,0,0,0,1,0,0,0,0,0,1,0,0.55134981870651245,0.73512101173400879,349.54583740234375,-9.1314315795898438e-05,-0.0021976232528686523,-0.0021064151078462601,0.2666018009185791,0,-0.0046996371820569038,-0.068446069955825806,-0.019303290173411369,0,-6.3303127288818359,0,0.035640392452478409,0.02566218189895153,264.687499992433,-0.0062988186255097389,-0.0047634914517402649,267.91171264648438,264.85354614257812,8.1742057800292969,1.9190051555633545,0.64839732646942139,0.041830636560916901
4560,167.48731427637466,1,0.25792047381401062,218.75,8.0003013610839844,0.00072084512794390321,1,241.78622436523438,1,19.493776321411133,8.1510086059570312,159.11294856255591,0.0081882253289222717,0.0062460778281092644,-0.0001774050178937614,1.3223112821578979,-0.083431318402290344,-0.063095062971115112,-0.027872823178768158,-0.021078865975141525,2.9791603088378906,-6.0192309319972992e-05,-0.0076288315467536449,0.85806781053543091,-1.701840665191412e-05,-0.00049516651779413223,5.7043507695198059e-09,1,0.89546346664428711,-0.0075686406344175339,-0.00047814822755753994,-0.0016584235709160566,1.1869451999664307,0,0,0,1,0,0,0,0,0,1,0,0.84815001487731934,1.1245298385620117,349.89703369140625,4.1723251342773438e-06,-0.00071012973785400391,-0.00071445247158408165,3.4965071678161621,-8.2767568528652191e-05,-0.021273374557495117,0.97616720199584961,-5.0378497689962387e-05,-0.0013835614081472158,-2.0489096641540527e-07,1,0.70561420917510986,-0.02119060792028904,-0.0013331833761185408,-0.0046326653100550175,0.93549805879592896,0,0,0,1,0,0,0,0,0,1,0,0.55281150341033936,0.73327136039733887,349.5426025390625,-6.4969062805175781e-05,-0.0021673440933227539,-0.0021022697910666466,0.26519757509231567,0,-0.0047114621847867966,-0.067575395107269287,-0.019605727866292,0,-6.3325300216674805,0,0.034386280924081802,0.026134878396987915,264.68333332566544,-0.006301024928689003,-0.0047651599161326885,267.91317749023438,264.85540771484375,8.1496143341064453,2.1347627639770508,0.57020938396453857,0.040376912802457809
4620,162.18625348331383,1,0.25575387477874756,218.75,7.9996576309204102,0.0004655117227230221,1,235.91703796386719,1,17.907966613769531,8.1377992630004883,154.07694080914814,0.0086125824600458145,0.0063883778639137745,-0.00017727493832353503,1.3223112821578979,-0.081833839416503906,-0.061886969953775406,-0.028002951294183731,-0.021177276968955994,2.9565484523773193,-7.4174720793962479e-05,-0.0070377727970480919,0.87455326318740845,-1.5554571291431785e-05,-0.0004572030738927424,5.4715201258659363e-09,1,0.90248125791549683,-0.0069635980762541294,-0.00044164832797832787,-0.0015698589850217104,1.1896747350692749,0,0,0,1,0,0,0,0,0,1,0,0.85417205095291138,1.1263933181762695,349.893798828125,5.3644180297851562e-07,-0.00068515539169311523,-0.00068582443054765463,3.4672770500183105,-0.00018498930148780346,-0.020163973793387413,0.99245607852935791,-5.6426040828227997e-05,-0.0013510228600353003,-2.0483275875449181e-07,1,0.71893876791000366,-0.019978983327746391,-0.0012945972848683596,-0.0044633382931351662,0.94809412956237793,0,0,0,1,0,0,0,0,0,1,0,0.55709195137023926,0.735137939453125,349.53948974609375,-8.1896781921386719e-05,-0.0021672546863555908,-0.0020854459144175053,0.26368162035942078,0,-0.0047207367606461048,-0.066646791994571686,-0.019883474335074425,0,-6.3278865814208984,0,0.036198627203702927,0.02673739567399025,264.67916665889788,-0.0062964046373963356,-0.0047616660594940186,267.91268920898438,264.85183715820312,8.1375637054443359,1.9290424585342407,0.74890041351318359,0.034555830061435699
4680,203.06945856938785,1,0.25387424230575562,281.25,7.9991722106933594,0.00013915622548665851,1,229.89422607421875,1,17.012941360473633,8.1206521987915039,192.91598564091845,0.0084600113332271576,0.0065470598638057709,-0.00017793764709495008,1.3223112821578979,-0.080490827560424805,-0.060871314257383347,-0.028011776506900787,-0.021183950826525688,2.9337217807769775,-0.00019253836944699287,-0.0064714308828115463,0.88958686590194702,-3.8007739931344986e-05,-0.00027673796284943819,5.2968971431255341e-09,1,0.91161799430847168,-0.0062788929790258408,-0.00023873019381426275,-0.0016082724323496222,1.1945257186889648,0,0,0,1,0,0,0,0,0,1,0,0.85770750045776367,1.1242096424102783,349.8907470703125,-1.1608004570007324e-05,-0.00068233907222747803,-0.00067074003163725138,3.439091682434082,-0.00049680517986416817,-0.019175278022885323,1.0068867206573486,-0.0001161796972155571,-0.00086550286505371332,-2.0756851881742477e-07,1,0.7362065315246582,-0.018678471446037292,-0.0007493230514228344,-0.0047412882559001446,0.96506226062774658,0,0,0,1,0,0,0,0,0,1,0,0.55264294147491455,0.72502768039703369,349.5364990234375,-0.00011131167411804199,-0.0022217631340026855,-0.002110813045874238,0.26207053661346436,0,-0.0047295400872826576,-0.06568465381860733,-0.020120009779930115,0,-6.3515424728393555,0,0.035546686500310898,0.02741021104156971,264.67499999213032,-0.0063199428841471672,-0.0047794668935239315,267.9110107421875,264.845947265625,8.1192712783813477,1.9746180772781372,0.72336137294769287,0.037669919431209564
4740,193.00511073797693,1,0.25208970904350281,281.25,7.9990839958190918,0.00010843522613868117,1,224.51551818847656,1,16.373046875,8.1088438034057617,183.35485520107807,0.0082944305613636971,0.0066928528249263763,-0.00017838526400737464,1.3223112821578979,-0.079213827848434448,-0.059905581176280975,-0.028045004233717918,-0.021209077909588814,2.9105703830718994,-0.0002609428483992815,-0.0059397872537374496,0.90308535099029541,-5.7200435549020767e-05,-0.00014250166714191437,3.2596290111541748e-09,1,0.91955214738845825,-0.0056788446381688118,-8.5301187937147915e-05,-0.0016120298532769084,1.1974684000015259,0,0,0,1,0,0,0,0,0,1,0,0.86199110746383667,1.1227455139160156,349.88775634765625,-2.3126602172851562e-05,-0.00067529082298278809,-0.00065205764258280396,3.4106097221374512,-0.00071403477340936661,-0.018009290099143982,1.0202797651290894,-0.00015979749150574207,-0.00070423539727926254,-2.1024607121944427e-07,1,0.7531934380531311,-0.01729525625705719,-0.0005444380221888423,-0.0046421969309449196,0.98145216703414917,0,0,0,1,0,0,0,0,0,1,0,0.55719828605651855,0.72689306735992432,349.53338623046875,-0.00013250112533569336,-0.0022231340408325195,-0.0020907213911414146,0.26041725277900696,0,-0.0047400230541825294,-0.064720727503299713,-0.020313210785388947,0,-6.3675203323364258,0,0.03483957052230835,0.028028633445501328,264.67083332536276,-0.0063358410261571407,-0.00479148980230093,267.91116333007812,264.8411865234375,8.1082191467285156,2.0406529903411865,0.65915936231613159,0.039306417107582092
4800,191.79400762044204,1,0.2502342164516449,281.25,7.9990582466125488,0.00038496314664371312,1,220.083251953125,1,15.994449615478516,8.0855503082275391,182.20430723941993,0.0084757739678025246,0.0068232538178563118,-0.0001779889571480453,1.3223112821578979,-0.0778484046459198,-0.058872979134321213,-0.028202174231410027,-0.021327938884496689,2.8871645927429199,-0.00022113020531833172,-0.0053102062083780766,0.91676414012908936,-4.7511770389974117e-05,-6.89277658239007e-05,1.5133991837501526e-09,1,0.92708414793014526,-0.0050890771672129631,-2.1415646187961102e-05,-0.0015264940448105335,1.1996273994445801,0,0,0,1,0,0,0,0,0,1,0,0.87106752395629883,1.1273667812347412,349.884765625,-2.3156404495239258e-05,-0.00063166022300720215,-0.00060829689027741551,3.3816695213317871,-0.00073815789073705673,-0.016943810507655144,1.0350656509399414,-0.00016295071691274643,-0.00085575366392731667,-2.1071173250675201e-07,1,0.76485991477966309,-0.016205651685595512,-0.00069280329626053572,-0.0042764702811837196,0.99048000574111938,0,0,0,1,0,0,0,0,0,1,0,0.56704843044281006,0.73524343967437744,349.53033447265625,-0.00013673305511474609,-0.0021802783012390137,-0.0020436209160834551,0.25873160362243652,0,-0.0047487607225775719,-0.063752152025699615,-0.020486880093812943,0,-6.3533740043640137,0,0.035614017397165298,0.028581960126757622,264.6666666585952,-0.0063217650167644024,-0.0047808447852730751,267.91372680664062,264.83749389648438,8.0852489471435547,2.0510225296020508,0.68330848217010498,0.038837388157844543
4860,197.63887595258117,1,0.24800866842269897,281.25,7.9992737770080566,0.00063083093846216798,1,215.90057373046875,1,15.665326118469238,8.0876121520996094,187.7569321549521,0.0089727994054555893,0.0069615254178643227,-0.00017663907783571631,1.3223112821578979,-0.076230727136135101,-0.057649608701467514,-0.028354045003652573,-0.021442791447043419,2.8630919456481934,-0.00013250904157757759,-0.0044834534637629986,0.93097811937332153,-1.8018938135355711e-05,-2.7291418518871069e-05,-5.2386894822120667e-10,1,0.93695050477981567,-0.0043509448878467083,-9.2723712441511452e-06,-0.0013447462115436792,1.204115629196167,0,0,0,1,0,0,0,0,0,1,0,0.88506901264190674,1.1375174522399902,349.881591796875,-1.475214958190918e-05,-0.00055763125419616699,-0.00054264970822259784,3.3547897338867188,-0.00061957910656929016,-0.01549240667372942,1.0509889125823975,-0.00012515555135905743,-0.00091584876645356417,-2.1338928490877151e-07,1,0.78080332279205322,-0.01487282756716013,-0.00079069368075579405,-0.0038854675367474556,1.0042107105255127,0,0,0,1,0,0,0,0,0,1,0,0.59107732772827148,0.76081681251525879,349.52740478515625,-0.00012862682342529297,-0.0020595192909240723,-0.001931171165779233,0.25697052478790283,0,-0.004751207772642374,-0.062751322984695435,-0.02064957283437252,0,-6.3051891326904297,0,0.037739504128694534,0.029169728979468346,264.66249999182764,-0.0062738200649619102,-0.0047445865347981453,267.913330078125,264.83636474609375,8.0873384475708008,2.0562434196472168,0.63510513305664062,0.035727284848690033
4920,185.88984989887766,1,0.24659158289432526,281.25,7.9999337196350098,0.00059981108643114567,1,212.50837707519531,1,15.821956634521484,8.0728883743286133,176.59535740393378,0.0094819478690624237,0.0070814266800880432,-0.00017640004807617515,1.3223112821578979,-0.075145646929740906,-0.056829012930393219,-0.028606085106730461,-0.021633397787809372,2.8394513130187988,-7.0218346081674099e-05,-0.0038410443812608719,0.94537431001663208,1.4276301953941584e-06,-1.0508287232369184e-05,-1.4551915228366852e-10,1,0.94464647769927979,-0.0037708268500864506,-1.1935888323932886e-05,-0.0011912836926057935,1.2055613994598389,0,0,0,1,0,0,0,0,0,1,0,0.89687550067901611,1.1444574594497681,349.87835693359375,-6.8172812461853027e-06,-0.00049490481615066528,-0.00048791180597618222,3.3313760757446289,-0.00058290292508900166,-0.014476215466856956,1.0665287971496582,-0.00011623301543295383,-0.00093760248273611069,-2.150190994143486e-07,1,0.79192471504211426,-0.013893313705921173,-0.00082136946730315685,-0.0036565689370036125,1.0116229057312012,0,0,0,1,0,0,0,0,0,1,0,0.60208028554916382,0.76951664686203003,349.52447509765625,-0.00012135505676269531,-0.0019993484020233154,-0.0018782110419124365,0.25518429279327393,0,-0.0047485483810305595,-0.061737861484289169,-0.020810116082429886,0,-6.296656608581543,0,0.039921391755342484,0.02967996709048748,264.65833332506008,-0.0062653301283717155,-0.0047381659969687462,267.91116333007812,264.83163452148438,8.0714092254638672,1.9409712553024292,0.64438492059707642,0.039754960685968399
4980,140.16407114073206,1,0.24649445712566376,281.25,8.0000391006469727,0.00055402156431227922,1,209.91940307617188,1,15.808507919311523,8.1143884658813477,133.15586758369545,0.0088929338380694389,0.007159003522247076,-0.00017836467304732651,1.3223112821578979,-0.074937492609024048,-0.056671597063541412,-0.028971865773200989,-0.021910019218921661,2.8185791969299316,-3.7414254620671272e-05,-0.0036104950122535229,0.9599912166595459,1.9169063307344913e-05,5.9237703680992126e-05,-1.1641532182693481e-09,1,0.94736725091934204,-0.0035730812232941389,4.0068553062155843e-05,-0.0012014207895845175,1.2014274597167969,0,0,0,1,0,0,0,0,0,1,0,0.89999574422836304,1.1410410404205322,349.875244140625,-4.5299530029296875e-06,-0.00048032402992248535,-0.00047559171798638999,3.3123202323913574,-0.0005776798352599144,-0.014489651657640934,1.0824792385101318,-8.9265173301100731e-05,-0.00098684872500598431,-2.146698534488678e-07,1,0.78923952579498291,-0.013911972753703594,-0.0008975836681202054,-0.0036826785653829575,1.0018129348754883,0,0,0,1,0,0,0,0,0,1,0,0.59182721376419067,0.75136226415634155,349.5218505859375,-0.00012439489364624023,-0.0020554065704345703,-0.0019311138894408941,0.25359487533569336,0,-0.0047508813440799713,-0.060824282467365265,-0.020984873175621033,0,-6.366786003112793,0,0.037397678941488266,0.030009269714355469,264.65416665829252,-0.0063351104035973549,-0.0047909370623528957,267.90805053710938,264.83123779296875,8.1133079528808594,1.9803279638290405,0.62170243263244629,0.044977743178606033
5040,129.85606731413876,1,0.24740049242973328,281.25,8.0006179809570312,0.00065956043545156717,1,208.29502868652344,1,15.823243141174316,8.0789594650268555,123.36326394843181,0.0091308820992708206,0.0071886866353452206,-0.00018174512661062181,1.3223112821578979,-0.075354322791099548,-0.056986827403306961,-0.02953222393989563,-0.022333791479468346,2.8026385307312012,-1.0356772691011429e-05,-0.0036547090858221054,0.97496193647384644,1.9923376385122538e-05,5.0117901992052794e-05,-1.1059455573558807e-09,1,0.94616621732711792,-0.0036443532444536686,3.0194580176612362e-05,-0.0012375077931210399,1.1939542293548584,0,0,0,1,0,0,0,0,0,1,0,0.8984941840171814,1.1333960294723511,349.87252807617188,-5.5134296417236328e-06,-0.00049284100532531738,-0.00048723176587373018,3.2998838424682617,-0.00040438352152705193,-0.015101257711648941,1.098945140838623,-6.2706181779503822e-05,-0.0012720306403934956,-2.1583400666713715e-07,1,0.77521044015884399,-0.014696873724460602,-0.0012093241093680263,-0.0037354235537350178,0.97877037525177002,0,0,0,1,0,0,0,0,0,1,0,0.57216280698776245,0.72216343879699707,349.51962280273438,-0.00011640787124633789,-0.0021553635597229004,-0.0020390774589031935,0.25237637758255005,0,-0.0047664744779467583,-0.060096189379692078,-0.021189309656620026,0,-6.4874515533447266,0,0.038416456431150436,0.030133796855807304,264.64999999152496,-0.0064551755785942078,-0.0048817368224263191,267.90753173828125,264.83331298828125,8.0785541534423828,2.1246743202209473,0.70340782403945923,0.047661952674388885
5100,120.22486868277967,1,0.24903224408626556,281.25,8.0012216567993164,0.00063540827250108123,1,208.17619323730469,1,16.166030883789062,8.0891227722167969,114.21362524864068,0.0090372525155544281,0.0071835452690720558,-0.00018547085346654058,1.3223112821578979,-0.076157264411449432,-0.057594053447246552,-0.030414333567023277,-0.023000888526439667,2.7917447090148926,-5.6633842177689075e-05,-0.0038997873198240995,0.99077105522155762,-1.4610908692702651e-05,-0.00016017314919736236,1.0186340659856796e-09,1,0.94226980209350586,-0.0038431538268923759,-0.00014556237147189677,-0.0011609767097979784,1.1853172779083252,0,0,0,1,0,0,0,0,0,1,0,0.89628821611404419,1.1272921562194824,349.8699951171875,-1.4632940292358398e-05,-0.00051540136337280273,-0.0005007120780646801,3.2931647300720215,-0.00044045550748705864,-0.015987850725650787,1.1155886650085449,-0.00010987702989950776,-0.0018354885978624225,-2.1478626877069473e-07,1,0.75967228412628174,-0.015547394752502441,-0.001725611393339932,-0.0036282483488321304,0.9557490348815918,0,0,0,1,0,0,0,0,0,1,0,0.57297784090042114,0.72085821628570557,349.51788330078125,-0.00013276934623718262,-0.0021828114986419678,-0.0020501809194684029,0.25161236524581909,0,-0.0047969380393624306,-0.059587735682725906,-0.021457187831401825,0,-6.6204423904418945,0,0.038015462458133698,0.030111128464341164,264.6458333247574,-0.0065875048749148846,-0.0049818111583590508,267.910888671875,264.82962036132812,8.0887603759765625,2.2702481746673584,0.61186647415161133,0.041781183332204819
5160,165.41337366608363,1,0.25085270404815674,281.25,8.000849723815918,0.00029969582101330161,1,208.41494750976562,1,16.451545715332031,8.0922946929931641,157.14270498277943,0.010226565413177013,0.0071838134899735451,-0.00018935097614303231,1.3223112821578979,-0.077091917395591736,-0.058300886303186417,-0.03131461888551712,-0.023681730031967163,2.785672664642334,-0.00013592222239822149,-0.0042261653579771519,1.0071296691894531,-3.5477580240694806e-05,-0.00043868157081305981,-7.021299097687006e-10,1,0.93729537725448608,-0.0040902430191636086,-0.00040320405969396234,-0.0010331100784242153,1.1774969100952148,0,0,0,1,0,0,0,0,0,1,0,0.88740575313568115,1.1147779226303101,349.86761474609375,-2.5719404220581055e-05,-0.00057378411293029785,-0.00054807018022984266,3.2908215522766113,-0.00062854727730154991,-0.017189230769872665,1.1315279006958008,-0.00014775458839721978,-0.0023958459496498108,-2.1382584236562252e-07,1,0.74205273389816284,-0.016560683026909828,-0.0022480911575257778,-0.0036022495478391647,0.93208849430084229,0,0,0,1,0,0,0,0,0,1,0,0.56283307075500488,0.70710062980651855,349.51617431640625,-0.00015625357627868652,-0.0022757500410079956,-0.0021195490844547749,0.25129520893096924,0,-0.0048401746898889542,-0.0592917799949646,-0.021805049851536751,0,-6.7589449882507324,0,0.043120577931404114,0.030113179236650467,264.64166665798984,-0.0067253182642161846,-0.0050860326737165451,267.91290283203125,264.82669067382812,8.0915279388427734,2.241793155670166,0.68272316455841064,0.046174652874469757
5220,202.63461074031491,1,0.25247842073440552,281.25,8.0008344650268555,0.00015639698540326208,1,208.441162109375,1,16.422611236572266,8.0812368392944336,192.50288020329916,0.0097678881138563156,0.0071887909434735775,-0.00019303198496345431,1.3223112821578979,-0.078058496117591858,-0.059031862765550613,-0.031810000538825989,-0.024056363850831985,2.7836885452270508,-0.00010327241034246981,-0.0046733729541301727,1.0224466323852539,-2.0790394046343863e-05,-0.0005063701537437737,-1.1641532182693481e-09,1,0.92990028858184814,-0.0045701009221374989,-0.00048557954141870141,-0.0011556707322597504,1.1684324741363525,0,0,0,1,0,0,0,0,0,1,0,0.8744807243347168,1.0985081195831299,349.865478515625,-2.0094215869903564e-05,-0.00063964724540710449,-0.00061950064264237881,3.2894721031188965,-0.00064226146787405014,-0.018468817695975304,1.1466968059539795,-0.00015496747801080346,-0.0022777998819947243,-2.1161395125091076e-07,1,0.72469580173492432,-0.017826557159423828,-0.0021228319965302944,-0.004285227507352829,0.9103628396987915,0,0,0,1,0,0,0,0,0,1,0,0.53714478015899658,0.67457163333892822,349.51412963867188,-0.0001382678747177124,-0.0024105310440063477,-0.0022722845897078514,0.25134932994842529,0,-0.004894728772342205,-0.059184450656175613,-0.022185586392879486,0,-6.8903398513793945,0,0.041148733347654343,0.030134700238704681,264.63749999122228,-0.006856059655547142,-0.0051849060691893101,267.9127197265625,264.824462890625,8.0809850692749023,2.1818962097167969,0.82436287403106689,0.045441322028636932
5280,190.18291568463084,1,0.25332298874855042,281.25,8.0008716583251953,0.00036826246650889516,1,208.33549499511719,1,16.854558944702148,8.0863285064697266,180.67376990039929,0.0095511972904205322,0.007212792057543993,-0.00019507452088873833,1.3223112821578979,-0.078565120697021484,-0.059414997696876526,-0.03206360712647438,-0.0242481529712677,2.7830729484558105,-1.1075986549258232e-05,-0.005086890421807766,1.0360475778579712,7.0988317020237446e-06,-0.00055373611394315958,-8.7311491370201111e-10,1,0.92229580879211426,-0.0050758151337504387,-0.00056083471281453967,-0.001287779537960887,1.1600956916809082,0,0,0,1,0,0,0,0,0,1,0,0.86560750007629395,1.0883793830871582,349.8631591796875,-5.6326389312744141e-06,-0.0006764531135559082,-0.00067074125399813056,3.2857856750488281,-0.00043011829257011414,-0.019118847325444221,1.1611309051513672,-9.6997478976845741e-05,-0.0021154792048037052,-2.1478626877069473e-07,1,0.71369856595993042,-0.018688730895519257,-0.0020184817258268595,-0.0047769490629434586,0.89743292331695557,0,0,0,1,0,0,0,0,0,1,0,0.53066915273666382,0.66691863536834717,349.51168823242188,-0.00010180473327636719,-0.0024325251579284668,-0.0023306813091039658,0.25161680579185486,0,-0.0049531180411577225,-0.059199221432209015,-0.022543393075466156,0,-6.9632487297058105,0,0.040218494832515717,0.030237570405006409,264.63333332445472,-0.006928605493158102,-0.005239768885076046,267.90960693359375,264.82046508789062,8.0860595703125,2.3042893409729004,0.83736258745193481,0.047869309782981873
5340,187.77660583747831,1,0.2532392144203186,231.25,8.0014572143554688,0.00041572999907657504,1,207.40892028808594,1,17.00145149230957,8.0657405853271484,178.3877755456044,0.0091894567012786865,0.0072499173693358898,-0.00019575163605622947,1.3223112821578979,-0.078446134924888611,-0.059325013309717178,-0.032206133008003235,-0.024355938658118248,2.7814090251922607,-0.00010509626008570194,-0.0054492000490427017,1.0488193035125732,-1.2513832189142704e-05,-0.00060114852385595441,7.8580342233181e-10,1,0.91809093952178955,-0.0053441040217876434,-0.00058863416779786348,-0.0013717224355787039,1.1563974618911743,0,0,0,1,0,0,0,0,0,1,0,0.86233961582183838,1.0860698223114014,349.86053466796875,-1.4647841453552246e-05,-0.00070405006408691406,-0.00068929546978324652,3.2777280807495117,-0.0005582065787166357,-0.019340777769684792,1.1761238574981689,-0.00013187876902520657,-0.0020636115223169327,-2.1548476070165634e-07,1,0.7130853533744812,-0.018782570958137512,-0.0019317329861223698,-0.004949851892888546,0.89814603328704834,0,0,0,1,0,0,0,0,0,1,0,0.53367495536804199,0.67211830615997314,349.50885009765625,-0.00011396408081054688,-0.0024483203887939453,-0.0023343346547335386,0.25191357731819153,0,-0.0050075352191925049,-0.059238642454147339,-0.022865291684865952,0,-6.9874186515808105,0,0.038667403161525726,0.030395034700632095,264.62916665768716,-0.0069526555016636848,-0.0052579566836357117,267.90707397460938,264.81964111328125,8.0655536651611328,2.3818364143371582,0.78447079658508301,0.048855520784854889
5400,153.96565692129195,1,0.25248685479164124,256.25,8.0003747940063477,0.00091807328863069415,1,205.62803649902344,1,16.711448669433594,8.06939697265625,146.26737407522734,0.0090349828824400902,0.0072955680079758167,-0.00019569238065741956,1.3223112821578979,-0.077854931354522705,-0.058877915143966675,-0.032319728285074234,-0.024441845715045929,2.7775464057922363,-0.00031824136385694146,-0.005646933801472187,1.0609971284866333,-8.9250897872261703e-05,-0.00068891304545104504,-1.2660166248679161e-09,1,0.9181370735168457,-0.0053286920301616192,-0.0005996621330268681,-0.0013705298770219088,1.157351016998291,0,0,0,1,0,0,0,0,0,1,0,0.86718416213989258,1.0933600664138794,349.857666015625,-4.0046870708465576e-05,-0.00070733949542045593,-0.00066711974795907736,3.2667617797851562,-0.0010182249825447798,-0.019331388175487518,1.1906774044036865,-0.00032387132523581386,-0.0021310467272996902,-2.1554296836256981e-07,1,0.72024828195571899,-0.018313163891434669,-0.0018071755766868591,-0.0049527063965797424,0.90833508968353271,0,0,0,1,0,0,0,0,0,1,0,0.54498493671417236,0.6879723072052002,349.50592041015625,-0.00016158819198608398,-0.0024515539407730103,-0.0022899815812706947,0.25206607580184937,0,-0.0050525926053524017,-0.059211976826190948,-0.023141469806432724,0,-6.9853034019470215,0,0.038005746901035309,0.030588554218411446,264.6249999909196,-0.0069505507126450539,-0.0052563650533556938,267.90737915039062,264.8157958984375,8.0689983367919922,2.5144550800323486,0.82177650928497314,0.054160751402378082
5460,172.35021666481254,1,0.25207164883613586,231.25,8.0007829666137695,0.00057396519696339965,1,204.0799560546875,1,16.418970108032227,8.1320533752441406,163.73270583157191,0.0095940930768847466,0.0073457215912640095,-0.00019620571401901543,1.3223112821578979,-0.077425986528396606,-0.058553524315357208,-0.032627400010824203,-0.024674523621797562,2.7724819183349609,-0.00046261143870651722,-0.0058347559534013271,1.0732269287109375,-0.0001598970266059041,-0.00080977322068065405,-8.7311491370201111e-10,1,0.91719174385070801,-0.0053721442818641663,-0.00064987596124410629,-0.0013633703347295523,1.1563317775726318,0,0,0,1,0,0,0,0,0,1,0,0.87179040908813477,1.0994625091552734,349.8546142578125,-5.4776668548583984e-05,-0.00070302188396453857,-0.00064806925365701318,3.2567038536071777,-0.001286954153329134,-0.019750617444515228,1.204653263092041,-0.00050052814185619354,-0.0024244363885372877,-2.1455343812704086e-07,1,0.71708238124847412,-0.018463663756847382,-0.0019239082466810942,-0.0049764905124902725,0.90480417013168335,0,0,0,1,0,0,0,0,0,1,0,0.5489962100982666,0.69381719827651978,349.5030517578125,-0.00017791986465454102,-0.0024608969688415527,-0.0022830469533801079,0.25208383798599243,0,-0.0050905793905258179,-0.059116989374160767,-0.023397542536258698,0,-7.0036273002624512,0,0.040402576327323914,0.030801868066191673,264.62083332415204,-0.0069687832146883011,-0.005270153284072876,267.90728759765625,264.80929565429688,8.131932258605957,2.5972044467926025,0.85699892044067383,0.061830777674913406
5520,168.81240920291455,1,0.25239962339401245,231.25,8.0004720687866211,0.00039517966797575355,1,202.99009704589844,1,16.285577774047852,8.107701301574707,160.37178874276881,0.010180051438510418,0.0073981685563921928,-0.00019803013128694147,1.3223112821578979,-0.077452093362808228,-0.058573268353939056,-0.033125728368759155,-0.025051385164260864,2.7685694694519043,-0.0005750139825977385,-0.0059577785432338715,1.085771918296814,-0.00020948288147337735,-0.00092493259580805898,-1.4624674804508686e-09,1,0.91675937175750732,-0.0053827641531825066,-0.00071544945240020752,-0.0013339282013475895,1.1557798385620117,0,0,0,1,0,0,0,0,0,1,0,0.87063610553741455,1.097830057144165,349.8515625,-6.1850994825363159e-05,-0.00072266161441802979,-0.00066069915192201734,3.2502992153167725,-0.001418187515810132,-0.02055022120475769,1.2188355922698975,-0.00060217006830498576,-0.0029062731191515923,-2.1397136151790619e-07,1,0.70572453737258911,-0.019132036715745926,-0.0023041034583002329,-0.0049592950381338596,0.89034402370452881,0,0,0,1,0,0,0,0,0,1,0,0.53522121906280518,0.6761544942855835,349.50030517578125,-0.00017554312944412231,-0.0025489777326583862,-0.0023735649883747101,0.25208348035812378,0,-0.0051271934062242508,-0.059012230485677719,-0.023663755506277084,0,-7.0687499046325684,0,0.04292045533657074,0.031026002019643784,264.61666665738449,-0.0070335818454623222,-0.0053191576153039932,267.90817260742188,264.80740356445312,8.1069374084472656,2.586728572845459,0.72967261075973511,0.055496621876955032
5580,177.76979526290035,1,0.25286021828651428,281.25,8.0010061264038086,0.00053223117720335722,1,201.97930908203125,1,16.295391082763672,8.0795221328735352,168.88130549975531,0.0099500678479671478,0.007449994795024395,-0.00020011271408293396,1.3223112821578979,-0.077607452869415283,-0.058690760284662247,-0.03354349359869957,-0.025367319583892822,2.7652842998504639,-0.00072528980672359467,-0.0060384506359696388,1.0987648963928223,-0.00025984295643866062,-0.00093677069526165724,-4.1909515857696533e-09,1,0.91831135749816895,-0.0053131612949073315,-0.00067692773882299662,-0.0013650038745254278,1.1578981876373291,0,0,0,1,0,0,0,0,0,1,0,0.86967551708221436,1.0965242385864258,349.84860229492188,-6.9558620452880859e-05,-0.00074280798435211182,-0.00067318434594199061,3.2447450160980225,-0.0015242244116961956,-0.020807623863220215,1.233235239982605,-0.00064058415591716766,-0.0032045075204223394,-2.1385494619607925e-07,1,0.70273780822753906,-0.019283400848507881,-0.0025639231316745281,-0.0048535335808992386,0.88664692640304565,0,0,0,1,0,0,0,0,0,1,0,0.52734518051147461,0.66579985618591309,349.4976806640625,-0.00017324090003967285,-0.0026096105575561523,-0.0024363680277019739,0.25214335322380066,0,-0.0051673976704478264,-0.058941654860973358,-0.023944977670907974,0,-7.1430883407592773,0,0.041931465268135071,0.031246911734342575,264.61249999061693,-0.0071075507439672947,-0.0053750965744256973,267.9068603515625,264.8052978515625,8.079132080078125,2.5339465141296387,0.65311706066131592,0.042499180883169174
5640,191.29678775578159,1,0.25345668196678162,281.25,8.0012340545654297,0.00033772218739613891,1,201.70086669921875,1,16.222360610961914,8.0785808563232422,181.73194836799252,0.010287981480360031,0.0075039733201265335,-0.00020181039872113615,1.3223112821578979,-0.077817901968955994,-0.058849912136793137,-0.034060809761285782,-0.025758542120456696,2.7614126205444336,-0.00081456382758915424,-0.0063371621072292328,1.1115036010742188,-0.00030538707505911589,-0.0010526025434955955,-4.0163286030292511e-09,1,0.91492748260498047,-0.0055225975811481476,-0.00074721546843647957,-0.0013999370858073235,1.1544122695922852,0,0,0,1,0,0,0,0,0,1,0,0.86467349529266357,1.0913639068603516,349.84552001953125,-7.3581933975219727e-05,-0.00077459216117858887,-0.00070099614094942808,3.2380344867706299,-0.0016019190661609173,-0.020866997539997101,1.2469398975372314,-0.0006682130042463541,-0.0034394855611026287,-2.1373853087425232e-07,1,0.70194625854492188,-0.019265078008174896,-0.002771272324025631,-0.0047339536249637604,0.88660335540771484,0,0,0,1,0,0,0,0,0,1,0,0.52685260772705078,0.66639965772628784,349.4949951171875,-0.00017911195755004883,-0.0026320219039916992,-0.0024528433568775654,0.25229454040527344,0,-0.0052097272127866745,-0.058915082365274429,-0.024240888655185699,0,-7.2036881446838379,0,0.04338487982749939,0.031478762626647949,264.60833332384937,-0.0071678487583994865,-0.005420696921646595,267.90261840820312,264.803466796875,8.0783805847167969,2.3009209632873535,0.58535844087600708,0.039614289999008179
5700,194.46892672280956,1,0.25334665179252625,281.25,8.000946044921875,0.00020587768813129514,1,200.58580017089844,1,16.423091888427734,8.0770139694213867,184.74548038666907,0.010323795489966869,0.0075817243196070194,-0.00020266804494895041,1.3223112821578979,-0.077579498291015625,-0.058669619262218475,-0.034418940544128418,-0.026029378175735474,2.75626540184021,-0.00085552508244290948,-0.0065910061821341515,1.1237311363220215,-0.0003441547742113471,-0.0012354741338640451,2.3283064365386963e-10,1,0.91081357002258301,-0.0057354811578989029,-0.00089131976710632443,-0.0013742117444053292,1.1502680778503418,0,0,0,1,0,0,0,0,0,1,0,0.86158418655395508,1.0890140533447266,349.84225463867188,-7.7098608016967773e-05,-0.00079417228698730469,-0.0007170260651037097,3.2293388843536377,-0.0015955460257828236,-0.020792502909898758,1.2588975429534912,-0.00069805944804102182,-0.0035544466227293015,-2.1106097847223282e-07,1,0.70196199417114258,-0.019196957349777222,-0.0028563870582729578,-0.0047148480080068111,0.88809394836425781,0,0,0,1,0,0,0,0,0,1,0,0.53344166278839111,0.67624247074127197,349.4921875,-0.00018110871315002441,-0.0026109516620635986,-0.0024299712385982275,0.25246331095695496,0,-0.0052504302002489567,-0.058891069144010544,-0.02454395592212677,0,-7.2343020439147949,0,0.043539039790630341,0.031811576336622238,264.60416665708181,-0.0071983104571700096,-0.0054437336511909962,267.902099609375,264.79556274414062,8.0767288208007812,2.1980471611022949,0.59053397178649902,0.034247823059558868
5760,189.47183700981196,1,0.25254172086715698,281.25,8.0008649826049805,0.00029167224420234561,1,198.586669921875,1,16.661136627197266,8.0749273300170898,179.99824515932136,0.010448514483869076,0.0076603507623076439,-0.00020276327268220484,1.3223112821578979,-0.076921135187149048,-0.058171730488538742,-0.034572727978229523,-0.026145679876208305,2.7501029968261719,-0.0007733501261100173,-0.0065856762230396271,1.1351745128631592,-0.00033033514046110213,-0.0014283302007243037,7.7125150710344315e-10,1,0.90841102600097656,-0.0058123269118368626,-0.0010979950893670321,-0.0012395191006362438,1.147611141204834,0,0,0,1,0,0,0,0,0,1,0,0.85944199562072754,1.0869390964508057,349.83883666992188,-7.7448785305023193e-05,-0.00080731883645057678,-0.00072986772283911705,3.2196855545043945,-0.001425683731213212,-0.020631253719329834,1.2695891857147217,-0.00061868305783718824,-0.0037297587841749191,-2.0934385247528553e-07,1,0.7003028392791748,-0.019205570220947266,-0.0031110758427530527,-0.0045669595710933208,0.88650953769683838,0,0,0,1,0,0,0,0,0,1,0,0.5431169867515564,0.68933552503585815,349.48892211914062,-0.00018366426229476929,-0.0025723427534103394,-0.0023888335563242435,0.25251823663711548,0,-0.0052861305885016918,-0.058808740228414536,-0.024826779961585999,0,-7.237701416015625,0,0.044076092541217804,0.032146893441677094,264.59999999031425,-0.007201693020761013,-0.0054462915286421776,267.90139770507812,264.79022216796875,8.0732822418212891,2.1919569969177246,0.68644273281097412,0.036151688545942307
5820,172.27564694551421,1,0.250772625207901,281.25,8.0009298324584961,0.00030700516072101891,1,195.9439697265625,1,16.732927322387695,8.0647945404052734,163.66186459823848,0.010543378069996834,0.0077561205253005028,-0.0002012095064856112,1.3223112821578979,-0.075658619403839111,-0.057216949760913849,-0.034506630152463913,-0.026095693930983543,2.742034912109375,-0.00049718009540811181,-0.0060978550463914871,1.1461312770843506,-0.00021595835278276354,-0.0015297431964427233,1.6298145055770874e-09,1,0.91032975912094116,-0.0056006754748523235,-0.0013137847417965531,-0.00098317395895719528,1.1490213871002197,0,0,0,1,0,0,0,0,0,1,0,0.86430644989013672,1.0918595790863037,349.835205078125,-6.0051679611206055e-05,-0.00076993554830551147,-0.00070988689549267292,3.2094395160675049,-0.00086609506979584694,-0.01940489187836647,1.2800033092498779,-0.00035416119499132037,-0.0039200386963784695,-2.0815059542655945e-07,1,0.70715266466140747,-0.018538797274231911,-0.0035658772103488445,-0.0039701201021671295,0.89435446262359619,0,0,0,1,0,0,0,0,0,1,0,0.55718958377838135,0.70656025409698486,349.48541259765625,-0.00015127658843994141,-0.0024743825197219849,-0.0023230458609759808,0.25233462452888489,0,-0.0053119673393666744,-0.058610662817955017,-0.025063071399927139,0,-7.1822385787963867,0,0.044484749436378479,0.032554745674133301,264.59583332354669,-0.0071465061046183109,-0.0054045566357672215,267.9027099609375,264.78793334960938,8.0642910003662109,2.3315126895904541,0.78210306167602539,0.045721393078565598
5880,177.67063246055514,1,0.24807478487491608,281.25,8.0007076263427734,0.00013317671255208552,1,192.41917419433594,1,16.405731201171875,8.0655393600463867,168.78710083752736,0.010460690595209599,0.0078528113663196564,-0.00019835334387607872,1.3223112821578979,-0.073799826204776764,-0.055811233818531036,-0.034288745373487473,-0.025930918753147125,2.7303533554077148,-5.9447484090924263e-05,-0.0052031236700713634,1.156913161277771,-3.1627889256924391e-05,-0.0014382333029061556,3.4924596548080444e-10,1,0.9162907600402832,-0.0051436768844723701,-0.0014066053554415703,-0.0007452041027136147,1.1538437604904175,0,0,0,1,0,0,0,0,0,1,0,0.87643682956695557,1.1040663719177246,349.83123779296875,-1.8790364265441895e-05,-0.00066997110843658447,-0.00065111194271594286,3.1969063282012939,-0.00011198408901691437,-0.017504777759313583,1.2917263507843018,-4.8808520659804344e-05,-0.0039310194551944733,-2.071610651910305e-07,1,0.72146373987197876,-0.017392795532941818,-0.0038822107017040253,-0.0033208124805241823,0.90989136695861816,0,0,0,1,0,0,0,0,0,1,0,0.58315831422805786,0.73680001497268677,349.48190307617188,-9.3787908554077148e-05,-0.0022879540920257568,-0.0021942565217614174,0.25178816914558411,0,-0.0053217951208353043,-0.058229260146617889,-0.025236651301383972,0,-7.0802874565124512,0,0.044128540903329849,0.032964415848255157,264.59166665677913,-0.0070450622588396072,-0.0053278394043445587,267.90396118164062,264.78582763671875,8.0653305053710938,2.3244104385375977,0.68949979543685913,0.042381338775157928
5940,180.01171546616931,1,0.24512293934822083,231.25,8.0007514953613281,3.9859307435108349e-05,1,188.63285827636719,1,15.62019157409668,8.0692958831787109,171.01112969286083,0.01071099191904068,0.007968781515955925,-0.00019519760098773986,1.3223112821578979,-0.071807757019996643,-0.054304730147123337,-0.034002542495727539,-0.02571447566151619,2.714893102645874,0.00026712211547419429,-0.0041520232334733009,1.167508602142334,0.00010988644498866051,-0.0011708068195730448,-6.6938810050487518e-10,1,0.92726755142211914,-0.0044191451743245125,-0.0012806931044906378,-0.00059704907471314073,1.1630721092224121,0,0,0,1,0,0,0,0,0,1,0,0.89139389991760254,1.1180545091629028,349.826904296875,2.1714717149734497e-05,-0.00055290013551712036,-0.00057451729662716389,3.1820588111877441,0.00042307906551286578,-0.015129273757338524,1.3055617809295654,0.00017820828361436725,-0.0034889909438788891,-2.0793959265574813e-07,1,0.74898523092269897,-0.015552353113889694,-0.0036671990528702736,-0.0028791246004402637,0.94010138511657715,0,0,0,1,0,0,0,0,0,1,0,0.62382358312606812,0.78366875648498535,349.47821044921875,-4.0821731090545654e-05,-0.0020253397524356842,-0.0019844714552164078,0.25083351135253906,0,-0.0053146262653172016,-0.057643935084342957,-0.02534092590212822,0,-6.9676423072814941,0,0.045207232236862183,0.033456668257713318,264.58749999001157,-0.0069329775869846344,-0.0052430750802159309,267.90347290039062,264.78292846679688,8.0692577362060547,2.6444292068481445,0.65848350524902344,0.036844830960035324
6000,156.84766610073359,1,0.24309708178043365,281.25,8.0006046295166016,0.00010680656851036474,1,185.75262451171875,1,15.165472984313965,8.0880947113037109,149.0052827956969,0.010665115900337696,0.0080939559265971184,-0.00019335004617460072,1.3223112821578979,-0.07041633129119873,-0.053252462297677994,-0.033881496638059616,-0.025622935965657234,2.6965920925140381,0.00030676272581331432,-0.0033414242789149284,1.177783727645874,0.00013872701674699783,-0.00088685337686911225,-2.8230715543031693e-09,1,0.93991392850875854,-0.0036481870338320732,-0.0010255805682390928,-0.00053907989058643579,1.1729545593261719,0,0,0,1,0,0,0,0,0,1,0,0.9048650860786438,1.1290489435195923,349.822265625,3.0621886253356934e-05,-0.00047279149293899536,-0.00050334591651335359,3.164527416229248,0.0004694904200732708,-0.013212975114583969,1.3202888965606689,0.00023708812659606338,-0.0027735058683902025,-2.0902371034026146e-07,1,0.77960002422332764,-0.013682466931641102,-0.0030105933547019958,-0.0028043750207871199,0.97299444675445557,0,0,0,1,0,0,0,0,0,1,0,0.66006457805633545,0.82416331768035889,349.47412109375,-3.1948089599609375e-05,-0.0018238574266433716,-0.0017918824451044202,0.24960826337337494,0,-0.0052961651235818863,-0.056929975748062134,-0.025397095829248428,0,-6.9016933441162109,0,0.045009441673755646,0.03399055078625679,264.58333332324401,-0.0068673565983772278,-0.0051934490911662579,267.90093994140625,264.77899169921875,8.0879383087158203,2.4069724082946777,0.78589159250259399,0.042806763201951981
6060,197.39465806270616,1,0.24198590219020844,281.25,8.0006294250488281,0.00012787398009095341,1,183.50282287597656,1,15.420246124267578,8.1078214645385742,187.52492515957084,0.011294335126876831,0.0081753190606832504,-0.00019304892339278013,1.3223112821578979,-0.069560058414936066,-0.052604902535676956,-0.034013666212558746,-0.025722889229655266,2.6778428554534912,0.00021112035028636456,-0.0028262254782021046,1.1881065368652344,0.00010107102571055293,-0.0006612202269025147,-3.7252902984619141e-09,1,0.95032966136932373,-0.0030373455956578255,-0.00076229154365137219,-0.00054898281814530492,1.1797900199890137,0,0,0,1,0,0,0,0,0,1,0,0.91518402099609375,1.1360512971878052,349.81759643554688,2.2530555725097656e-05,-0.00042483210563659668,-0.000447352125775069,3.1468286514282227,0.00029547000303864479,-0.012065130285918713,1.3349452018737793,0.00017947051674127579,-0.0022864581551402807,-2.0943116396665573e-07,1,0.80157947540283203,-0.012360600754618645,-0.0024659284390509129,-0.0028336518444120884,0.9948391318321228,0,0,0,1,0,0,0,0,0,1,0,0.68052768707275391,0.84477478265762329,349.46990966796875,-4.7653913497924805e-05,-0.0017295479774475098,-0.0016819287557154894,0.24833536148071289,0,-0.0052763894200325012,-0.056198116391897202,-0.025445930659770966,0,-6.8909444808959961,0,0.04772559180855751,0.034337364137172699,264.57916665647645,-0.0068566612899303436,-0.0051853610202670097,267.9005126953125,264.778564453125,8.1077747344970703,2.3947548866271973,0.75510001182556152,0.045766197144985199
6120,173.98435179101358,1,0.24139030277729034,281.25,8.0004997253417969,8.0910285760182887e-05,1,181.57511901855469,1,16.308401107788086,8.0841331481933594,165.28513420146288,0.012509807012975216,0.0082600396126508713,-0.00019366142805665731,1.3223112821578979,-0.069066435098648071,-0.052231602370738983,-0.034154780209064484,-0.025829605758190155,2.6604313850402832,8.5153151303529739e-05,-0.002480790950357914,1.1982684135437012,4.9055088311433792e-05,-0.00041302730096504092,-1.8044374883174896e-09,1,0.95899957418441772,-0.0025659441016614437,-0.0004620827385224402,-0.000645334308501333,1.1847691535949707,0,0,0,1,0,0,0,0,0,1,0,0.92041474580764771,1.1371150016784668,349.81317138671875,1.1533498764038086e-05,-0.00040706992149353027,-0.00041848781984299421,3.1305587291717529,3.9441511034965515e-05,-0.011577071622014046,1.347747802734375,8.6315092630684376e-05,-0.001547369989566505,-2.1106097847223282e-07,1,0.81677639484405518,-0.011616513133049011,-0.0016336850821971893,-0.0033523854799568653,1.0087529420852661,0,0,0,1,0,0,0,0,0,1,0,0.67656844854354858,0.83600038290023804,349.4659423828125,-6.6399574279785156e-05,-0.0017647445201873779,-0.0016983168898150325,0.24713084101676941,0,-0.0052609862759709358,-0.055505711585283279,-0.025506880134344101,0,-6.9128079414367676,0,0.052992932498455048,0.034700281918048859,264.57499998970889,-0.0068784160539507866,-0.0052018128335475922,267.90057373046875,264.78109741210938,8.0840826034545898,2.3355879783630371,0.93969094753265381,0.050384923815727234
6180,172.0668568433675,1,0.24202071130275726,268.75,8.0006494522094727,0.00023865564435254782,1,179.99722290039062,1,16.989133834838867,8.0718774795532227,163.46351400119912,0.011622150428593159,0.0083338441327214241,-0.00019689369946718216,1.3223112821578979,-0.069399833679199219,-0.052483733743429184,-0.034389607608318329,-0.026007195934653282,2.6465969085693359,-4.000362241640687e-05,-0.002547307638451457,1.2070579528808594,-7.9697929322719574e-07,-0.00025549056590534747,-1.8917489796876907e-09,1,0.96102792024612427,-0.0025073043070733547,-0.00025469381944276392,-0.00082318519707769156,1.1824665069580078,0,0,0,1,0,0,0,0,0,1,0,0.91254961490631104,1.1228604316711426,349.80941772460938,-4.1723251342773438e-06,-0.00046484917402267456,-0.0004605795256793499,3.1191277503967285,-0.00028895505238324404,-0.012171976268291473,1.3578991889953613,-3.085634671151638e-05,-0.00088063732255250216,-2.1062442101538181e-07,1,0.81692147254943848,-0.011883020401000977,-0.00084978039376437664,-0.0042360615916550159,1.004941463470459,0,0,0,1,0,0,0,0,0,1,0,0.63588941097259521,0.78263199329376221,349.46286010742188,-9.8332762718200684e-05,-0.0020142048597335815,-0.0019158648792654276,0.24612820148468018,0,-0.0052569000981748104,-0.054923515766859055,-0.025579173117876053,0,-7.0281844139099121,0,0.049143522977828979,0.035017229616641998,264.57083332294133,-0.0069932183250784874,-0.0052886325865983963,267.8992919921875,264.77822875976562,8.0714950561523438,2.4351086616516113,0.76662999391555786,0.04849204421043396
6240,175.54161096696467,1,0.2439073771238327,281.25,8.0009660720825195,0.00029221113072708249,1,179.05729675292969,1,17.590057373046875,8.0999155044555664,166.76453041861643,0.011697643436491489,0.0083392420783638954,-0.00020259221491869539,1.3223112821578979,-0.070467278361320496,-0.053290989249944687,-0.034965753555297852,-0.026442905887961388,2.6377391815185547,-0.00015661423094570637,-0.0031270186882466078,1.2159061431884766,-4.4034677557647228e-05,-0.00033174722921103239,-3.6088749766349792e-09,1,0.9538455605506897,-0.0029704044573009014,-0.00028771278448402882,-0.0009992384584620595,1.1708314418792725,0,0,0,1,0,0,0,0,0,1,0,0.89149177074432373,1.0940130949020386,349.80645751953125,-2.0131468772888184e-05,-0.0005992203950881958,-0.00057908357121050358,3.1113982200622559,-0.00042014196515083313,-0.013186211697757244,1.3684155941009521,-0.00010652793571352959,-0.0012059302534908056,-2.1059531718492508e-07,1,0.80187320709228516,-0.012766068801283836,-0.0010994020849466324,-0.0044304132461547852,0.983894944190979,0,0,0,1,0,0,0,0,0,1,0,0.59604930877685547,0.73078656196594238,349.460205078125,-0.00011017918586730957,-0.0022543966770172119,-0.0021443648729473352,0.24555420875549316,0,-0.0052772397175431252,-0.05455673485994339,-0.025694839656352997,0,-7.2315950393676758,0,0.049470335245132446,0.035039044916629791,264.56666665617377,-0.0071956170722842216,-0.0054416968487203121,267.8966064453125,264.77523803710938,8.0996608734130859,2.4134988784790039,0.70643836259841919,0.041103914380073547
6300,175.51680992838988,1,0.24580377340316772,281.25,8.001368522644043,0.00035875517642125487,1,179.50717163085938,1,17.864940643310547,8.0888662338256836,166.74096943197037,0.011561539024114609,0.0083255032077431679,-0.00020683491311501712,1.3223112821578979,-0.071468234062194824,-0.054047964513301849,-0.035710562020540237,-0.027006169781088829,2.6326065063476562,-0.00022424967028200626,-0.0037410254590213299,1.2263742685317993,-8.7119173258543015e-05,-0.00054653652478009462,0,1,0.94465154409408569,-0.0035167760215699673,-0.00045941732241772115,-0.0010916027240455151,1.1588337421417236,0,0,0,1,0,0,0,0,0,1,0,0.87660050392150879,1.0750172138214111,349.8037109375,-2.7686357498168945e-05,-0.00069209933280944824,-0.00066439894726499915,3.1049597263336182,-0.00038153817877173424,-0.014326868578791618,1.3800143003463745,-0.00015516020357608795,-0.0019697193056344986,-2.1071173250675201e-07,1,0.77955889701843262,-0.013945329934358597,-0.0018145584035664797,-0.0043417629785835743,0.95582252740859985,0,0,0,1,0,0,0,0,0,1,0,0.57585287094116211,0.7054595947265625,349.45733642578125,-9.772181510925293e-05,-0.0023671984672546387,-0.0022695101797580719,0.24542294442653656,0,-0.0053187357261776924,-0.054399691522121429,-0.025883473455905914,0,-7.3830399513244629,0,0.048881202936172485,0.034979932010173798,264.56249998940621,-0.0073463083244860172,-0.0055556572042405605,267.89572143554688,264.77285766601562,8.0887184143066406,2.5712132453918457,0.6572878360748291,0.039358429610729218
6360,173.07686679849138,1,0.24758270382881165,281.25,8.0012359619140625,0.00023467263963539153,1,181.13536071777344,1,17.841653823852539,8.065363883972168,164.4230234585668,0.011716228909790516,0.0082912128418684006,-0.00020945834694430232,1.3223112821578979,-0.072350159287452698,-0.054714921861886978,-0.036540396511554718,-0.027633732184767723,2.6301465034484863,-0.00028205884154886007,-0.0043489523231983185,1.2382476329803467,-0.00011275868746452034,-0.00091013620840385556,-2.066371962428093e-09,1,0.93422836065292358,-0.0040668938308954239,-0.00079737778287380934,-0.0010390895185992122,1.1470640897750854,0,0,0,1,0,0,0,0,0,1,0,0.86570096015930176,1.0629614591598511,349.80078125,-3.2685697078704834e-05,-0.00075709074735641479,-0.0007244198932312429,3.0995042324066162,-0.00053272955119609833,-0.015388664789497852,1.3922290802001953,-0.00019815261475741863,-0.0029501519165933132,-2.09402060136199e-07,1,0.75988364219665527,-0.014855934306979179,-0.0027519990690052509,-0.0039452575147151947,0.93252074718475342,0,0,0,1,0,0,0,0,0,1,0,0.57165879011154175,0.70135700702667236,349.45404052734375,-9.9524855613708496e-05,-0.0024065077304840088,-0.0023069963790476322,0.24564872682094574,0,-0.0053689167834818363,-0.054403521120548248,-0.026145704090595245,0,-7.4766840934753418,0,0.049550801515579224,0.034835293889045715,264.55833332263865,-0.0074394866824150085,-0.0056261233985424042,267.8948974609375,264.76278686523438,8.0652046203613281,2.5353631973266602,0.5356820821762085,0.03995712473988533
6420,187.7894451425382,1,0.24849653244018555,281.25,8.0009269714355469,0.00012565781071316451,1,181.80351257324219,1,17.588962554931641,8.0640659332275391,178.39997288541127,0.011307141743600368,0.0082846544682979584,-0.00021100792218931019,1.3223112821578979,-0.072669453918933868,-0.054956387728452682,-0.037234805524349213,-0.028158880770206451,2.6284470558166504,-0.00027618114836513996,-0.0047581163235008717,1.2514204978942871,-0.00011450448073446751,-0.001313313259743154,-2.7939677238464355e-09,1,0.92539072036743164,-0.004481934942305088,-0.0011988086625933647,-0.00088013173080980778,1.1382589340209961,0,0,0,1,0,0,0,0,0,1,0,0.85509181022644043,1.0518994331359863,349.79763793945312,-3.2514333724975586e-05,-0.0008189082145690918,-0.00078646134352311492,3.0943608283996582,-0.00068428064696490765,-0.016024637967348099,1.4044121503829956,-0.00025783537421375513,-0.0039131822995841503,-2.0989682525396347e-07,1,0.747455894947052,-0.015340356156229973,-0.0036553475074470043,-0.0034129596315324306,0.9187321662902832,0,0,0,1,0,0,0,0,0,1,0,0.56080144643783569,0.68891811370849609,349.45059204101562,-0.00012055039405822754,-0.0025095045566558838,-0.0023890305310487747,0.24608533084392548,0,-0.0054198894649744034,-0.054491028189659119,-0.026469025760889053,0,-7.5319967269897461,0,0.047780934721231461,0.034807834774255753,264.55416665587109,-0.0074945241212844849,-0.0056677456013858318,267.89520263671875,264.75909423828125,8.0640249252319336,2.3615355491638184,0.64795291423797607,0.037385694682598114
6480,183.79937774355975,1,0.24841451644897461,281.25,8.0008516311645508,9.7434836789034307e-05,1,181.31808471679688,1,17.167787551879883,8.0579872131347656,174.60940885638175,0.011494379490613937,0.0083260303363204002,-0.00021136339637450874,1.3223112821578979,-0.072405755519866943,-0.054756965488195419,-0.037628307938575745,-0.028456468135118484,2.6260545253753662,-0.00018830341286957264,-0.0048692598938941956,1.2650914192199707,-8.753256406635046e-05,-0.0015873804222792387,-4.0745362639427185e-10,1,0.92080789804458618,-0.004680955782532692,-0.0014998477417975664,-0.00072238262509927154,1.1344013214111328,0,0,0,1,0,0,0,0,0,1,0,0.85011166334152222,1.0472270250320435,349.79437255859375,-2.6062130928039551e-05,-0.0008495524525642395,-0.0008233638945966959,3.0882809162139893,-0.00056154443882405758,-0.016227759420871735,1.4170186519622803,-0.00024287623818963766,-0.0045643039047718048,-2.0978040993213654e-07,1,0.73955446481704712,-0.015666214749217033,-0.0043214284814894199,-0.0030380415264517069,0.91012215614318848,0,0,0,1,0,0,0,0,0,1,0,0.55160224437713623,0.67871552705764771,349.44720458984375,-0.00012373924255371094,-0.0025838166475296021,-0.0024600587785243988,0.24650478363037109,0,-0.005466048140078783,-0.054559305310249329,-0.026805754750967026,0,-7.5446858406066895,0,0.048590607941150665,0.034985825419425964,264.54999998910353,-0.0075071500614285469,-0.005677293986082077,267.89404296875,264.75701904296875,8.0579137802124023,2.4695641994476318,0.52507907152175903,0.042112730443477631
6540,181.90502933276562,1,0.24838857352733612,231.25,8.0009174346923828,0.00012255873298272491,1,180.8900146484375,1,16.080076217651367,8.0677604675292969,172.80977786612732,0.012141036801040173,0.0083659347146749496,-0.00021179721807129681,1.3223112821578979,-0.072197422385215759,-0.054599415510892868,-0.037989914417266846,-0.028729932382702827,2.622528076171875,-9.2684014816768467e-05,-0.0050098439678549767,1.2788779735565186,-5.4379721404984593e-05,-0.0017367709660902619,-5.0931703299283981e-10,1,0.91662204265594482,-0.0049171596765518188,-0.001682391157373786,-0.00068691291380673647,1.1305327415466309,0,0,0,1,0,0,0,0,0,1,0,0.84983205795288086,1.0479215383529663,349.791015625,-2.0135194063186646e-05,-0.00085493922233581543,-0.00083463545888662338,3.0815610885620117,-0.00029532081680372357,-0.01646420918405056,1.4310616254806519,-0.0001814295828808099,-0.0051211165264248848,-2.0752486307173967e-07,1,0.72884643077850342,-0.016168888658285141,-0.0049396874383091927,-0.0027846668381243944,0.89796239137649536,0,0,0,1,0,0,0,0,0,1,0,0.53616428375244141,0.66084587574005127,349.444091796875,-0.00011477619409561157,-0.0026758015155792236,-0.0025609214790165424,0.24683144688606262,0,-0.0055052256211638451,-0.054578881710767746,-0.027131464332342148,0,-7.5601706504821777,0,0.051391951739788055,0.035158000886440277,264.54583332233597,-0.0075225578621029854,-0.0056889462284743786,267.89181518554688,264.7513427734375,8.0674266815185547,2.4731440544128418,0.5979238748550415,0.043496102094650269
6600,155.17407227240216,1,0.24782547354698181,231.25,8.0013933181762695,0.00010558675421634689,1,179.55804443359375,1,15.007659912109375,8.0820980072021484,147.41536865878203,0.012318848632276058,0.0084240082651376724,-0.00021192051644902676,1.3223112821578979,-0.071683973073959351,-0.054211117327213287,-0.038170166313648224,-0.028866248205304146,2.6178359985351562,-4.6714325435459614e-05,-0.0050183157436549664,1.2925646305084229,-4.023680230602622e-05,-0.0016313872765749693,-1.280568540096283e-09,1,0.9163544774055481,-0.0049716010689735413,-0.0015911501832306385,-0.00081380957271903753,1.131489634513855,0,0,0,1,0,0,0,0,0,1,0,0.85506212711334229,1.0557639598846436,349.7877197265625,-1.6048550605773926e-05,-0.00082421302795410156,-0.0008080346742644906,3.074467658996582,-8.8737346231937408e-05,-0.016194611787796021,1.4466965198516846,-0.00011155731044709682,-0.0052611315622925758,-2.0756851881742477e-07,1,0.72749680280685425,-0.016105875372886658,-0.00514957495033741,-0.0026406983379274607,0.89806276559829712,0,0,0,1,0,0,0,0,0,1,0,0.5333092212677002,0.65903687477111816,349.44146728515625,-9.3311071395874023e-05,-0.0026772916316986084,-0.002583927009254694,0.24706239998340607,0,-0.0055392407812178135,-0.054552260786294937,-0.02743665874004364,0,-7.5645718574523926,0,0.052163597196340561,0.035405062139034271,264.54166665556841,-0.0075269369408488274,-0.0056922580115497112,267.8941650390625,264.74826049804688,8.0818281173706055,2.5778458118438721,0.63134634494781494,0.038204308599233627
6660,155.41353328318073,1,0.24647927284240723,231.25,8.0012569427490234,0.00013758597197011113,1,177.70811462402344,1,13.885050773620605,8.0760021209716797,147.64285661902167,0.011079991236329079,0.0084643112495541573,-0.00021065605687908828,1.3223112821578979,-0.070675335824489594,-0.053448334336280823,-0.038189053535461426,-0.028880532830953598,2.6109745502471924,-8.0670943134464324e-05,-0.0047285635955631733,1.3056561946868896,-4.2163883335888386e-05,-0.0013698795810341835,3.8562575355172157e-10,1,0.92232179641723633,-0.0046478919684886932,-0.0013277155812829733,-0.00092525413492694497,1.139392614364624,0,0,0,1,0,0,0,0,0,1,0,0.87100571393966675,1.0761772394180298,349.7840576171875,-1.8231570720672607e-05,-0.00073541328310966492,-0.00071711878990754485,3.0650720596313477,-0.00012791971676051617,-0.01532132551074028,1.4635105133056641,-8.2707381807267666e-05,-0.0049313530325889587,-2.0788866095244884e-07,1,0.74160170555114746,-0.01519340556114912,-0.0048486450687050819,-0.0025731972418725491,0.91658204793930054,0,0,0,1,0,0,0,0,0,1,0,0.56886821985244751,0.70392107963562012,349.4385986328125,-8.8468194007873535e-05,-0.002480529248714447,-0.0023919730447232723,0.24707415699958801,0,-0.0055643944069743156,-0.054421946406364441,-0.027698524296283722,0,-7.5194368362426758,0,0.046799495816230774,0.035573311150074005,264.53749998880085,-0.0074820267036557198,-0.005658294539898634,267.89508056640625,264.75131225585938,8.0755519866943359,2.4801697731018066,0.54429072141647339,0.032817468047142029
6720,150.12336469620774,1,0.24474343657493591,268.75,8.0002889633178711,0.00015221929061226547,1,175.89352416992188,1,12.935317039489746,8.0668087005615234,142.61719646139736,0.01055048406124115,0.0085246805101633072,-0.00020836429030168802,1.3223112821578979,-0.069450363516807556,-0.052521947771310806,-0.038081120699644089,-0.028798907995223999,2.6013333797454834,-0.00013419258175417781,-0.0042325938120484352,1.317784309387207,-4.9192138249054551e-05,-0.001061953604221344,1.0186340659856796e-10,1,0.93229216337203979,-0.0040984009392559528,-0.0010127613786607981,-0.00097696902230381966,1.1506036520004272,0,0,0,1,0,0,0,0,0,1,0,0.89303159713745117,1.1024296283721924,349.77984619140625,-3.1203031539916992e-05,-0.00062391906976699829,-0.00059264106675982475,3.0519416332244873,-0.00027130101807415485,-0.014199038967490196,1.479897141456604,-9.0698129497468472e-05,-0.0043310346081852913,-2.069864422082901e-07,1,0.76399195194244385,-0.013927738182246685,-0.0042403368279337883,-0.0026106387376785278,0.94333767890930176,0,0,0,1,0,0,0,0,0,1,0,0.61840963363647461,0.76452124118804932,349.43484497070312,-0.00011181831359863281,-0.0022272169589996338,-0.0021151569671928883,0.24679732322692871,0,-0.0055756331421434879,-0.054157346487045288,-0.027906293049454689,0,-7.4376316070556641,0,0.044515352696180344,0.035829626023769379,264.53333332203329,-0.0074006286449730396,-0.0055967369116842747,267.894287109375,264.752197265625,8.0661430358886719,2.5365309715270996,0.49998849630355835,0.028896477073431015
6780,162.60147445886741,1,0.24357509613037109,268.75,8.0007905960083008,0.0002302692155353725,1,174.36720275878906,1,11.898159980773926,8.0641632080078125,154.47140073592405,0.011643021367490292,0.0085981460288167,-0.00020719242456834763,1.3223112821578979,-0.068612262606620789,-0.051888130605220795,-0.038038723170757294,-0.028766844421625137,2.5897250175476074,-0.00017124734586104751,-0.0039089685305953026,1.3286769390106201,-6.2669743783771992e-05,-0.00081816990859806538,-6.1118043959140778e-10,1,0.93953096866607666,-0.0037377211265265942,-0.0007555002230219543,-0.0010624765418469906,1.157024621963501,0,0,0,1,0,0,0,0,0,1,0,0.90715831518173218,1.1174297332763672,349.7752685546875,-4.0672719478607178e-05,-0.0005550682544708252,-0.00051438913214951754,3.0368390083312988,-0.00037118885666131973,-0.013619675301015377,1.4944808483123779,-9.1778463684022427e-05,-0.003693009726703167,-2.093147486448288e-07,1,0.7785380482673645,-0.013248486444354057,-0.00360123161226511,-0.0029392563737928867,0.95894330739974976,0,0,0,1,0,0,0,0,0,1,0,0.6484529972076416,0.79990392923355103,349.43045043945312,-0.00012610852718353271,-0.0020726621150970459,-0.001946432632394135,0.24628882110118866,0,-0.0055755674839019775,-0.053791947662830353,-0.028061874210834503,0,-7.3958010673522949,0,0.049233853816986084,0.03614361584186554,264.52916665526573,-0.0073590059764683247,-0.0055652600713074207,267.89337158203125,264.7481689453125,8.0640449523925781,2.5221047401428223,0.6054222583770752,0.023866225033998489
6840,168.28101383565314,1,0.24368667602539062,268.75,8.0006542205810547,0.00018819297838490456,1,173.87600708007812,1,11.808832168579102,8.0658884048461914,159.86696314387046,0.011428567580878735,0.0086303204298019409,-0.00020806340035051107,1.3223112821578979,-0.068521186709403992,-0.051819257438182831,-0.038349956274032593,-0.029002215713262558,2.5783333778381348,-0.00024356192443519831,-0.0040216604247689247,1.3388702869415283,-9.9805125501006842e-05,-0.00077216071076691151,-1.7462298274040222e-09,1,0.93989884853363037,-0.0037780986167490482,-0.00067235558526590466,-0.0011738454923033714,1.1547839641571045,0,0,0,1,0,0,0,0,0,1,0,0.90963178873062134,1.1179213523864746,349.7705078125,-4.4226646423339844e-05,-0.00054664909839630127,-0.00050235429080203176,3.0215616226196289,-0.00056843133643269539,-0.013907094486057758,1.5071152448654175,-0.00015090871602296829,-0.003371924627572298,-2.0943116396665573e-07,1,0.78037887811660767,-0.013338662683963776,-0.0032210159115493298,-0.0033885100856423378,0.95860612392425537,0,0,0,1,0,0,0,0,0,1,0,0.65911507606506348,0.8111884593963623,349.42559814453125,-0.00012916326522827148,-0.0020171403884887695,-0.0018878908595070243,0.24577844142913818,0,-0.0055753281340003014,-0.05343366414308548,-0.028208360075950623,0,-7.4268908500671387,0,0.04830595850944519,0.036281593143939972,264.52499998849817,-0.0073899412527680397,-0.0055886548943817616,267.89437866210938,264.741455078125,8.0655021667480469,2.6546530723571777,0.64708214998245239,0.025760926306247711
6900,196.00112446119621,1,0.2441110759973526,281.25,8.0006656646728516,0.00016985983529593796,1,173.93594360351562,1,12.771615982055664,8.0825643539428711,186.2010682381364,0.011286943219602108,0.0086508560925722122,-0.00020908028818666935,1.3223112821578979,-0.068617723882198334,-0.051892261952161789,-0.038736898452043533,-0.02929484099149704,2.5684299468994141,-0.00037700054235756397,-0.0042414721101522446,1.3489339351654053,-0.00016623723786324263,-0.00081536837387830019,-6.4028427004814148e-10,1,0.93912649154663086,-0.0038644718006253242,-0.00064913125243037939,-0.0012487116036936641,1.1519014835357666,0,0,0,1,0,0,0,0,0,1,0,0.90982872247695923,1.1164309978485107,349.76580810546875,-4.7951936721801758e-05,-0.00055052340030670166,-0.00050263339653611183,3.0077347755432129,-0.00088798068463802338,-0.014420880004763603,1.5198125839233398,-0.00030335597693920135,-0.0032151348423212767,-2.0896550267934799e-07,1,0.78062629699707031,-0.013532898388803005,-0.002911779098212719,-0.0038119715172797441,0.95684850215911865,0,0,0,1,0,0,0,0,0,1,0,0.66436374187469482,0.81621420383453369,349.42062377929688,-0.00014328956604003906,-0.0020061731338500977,-0.0018626892706379294,0.2454201877117157,0,-0.0055807633325457573,-0.05315011739730835,-0.028382077813148499,0,-7.4631891250610352,0,0.047693636268377304,0.036370560526847839,264.52083332173061,-0.0074260588735342026,-0.0056159687228500843,267.89364624023438,264.74166870117188,8.0825538635253906,2.5660004615783691,0.66551423072814941,0.031449958682060242
6960,188.98339774451233,1,0.24405184388160706,281.25,8.0009384155273438,0.0002458558592479676,1,173.64988708496094,1,13.896775245666504,8.0847949981689453,179.53422785728671,0.011750492267310619,0.0086983786895871162,-0.00020927228615619242,1.3223112821578979,-0.068472176790237427,-0.051782190799713135,-0.038916260004043579,-0.029430482536554337,2.5595667362213135,-0.00054004928097128868,-0.0042538316920399666,1.3588545322418213,-0.00024653266882523894,-0.0007873831782490015,-2.3719621822237968e-09,1,0.94227558374404907,-0.0037137824110686779,-0.00054085033480077982,-0.0012869706843048334,1.154416561126709,0,0,0,1,0,0,0,0,0,1,0,0.91456258296966553,1.1211146116256714,349.76113891601562,-6.043165922164917e-05,-0.00053651630878448486,-0.00047600158723071218,2.9954581260681152,-0.001249412540346384,-0.014611708000302315,1.5326483249664307,-0.0004884800873696804,-0.0028769294731318951,-2.0896550267934799e-07,1,0.78752386569976807,-0.013362294062972069,-0.00238844845443964,-0.0042440909892320633,0.96399718523025513,0,0,0,1,0,0,0,0,0,1,0,0.67362517118453979,0.82670032978057861,349.415771484375,-0.00017607212066650391,-0.0019901841878890991,-0.0018138077575713396,0.24514719843864441,0,-0.0055877743288874626,-0.052913829684257507,-0.028562268242239952,0,-7.4700427055358887,0,0.049699172377586365,0.036575302481651306,264.51666665496305,-0.0074328784830868244,-0.0056211259216070175,267.89093017578125,264.73629760742188,8.0845851898193359,2.6223573684692383,0.54392194747924805,0.032824918627738953
7020,177.74946760092632,1,0.24385346472263336,231.25,8.0011014938354492,5.377097477321513e-05,1,172.76165771484375,1,15.026947021484375,8.0722904205322266,168.86199422088001,0.0120936194434762,0.0087535185739398003,-0.00020983572176191956,1.3223112821578979,-0.068217158317565918,-0.051589332520961761,-0.039104871451854706,-0.029573120176792145,2.5510444641113281,-0.00066259119194000959,-0.0041803959757089615,1.3683657646179199,-0.00031635785126127303,-0.00083698658272624016,-1.4551915228366852e-09,1,0.94545161724090576,-0.0035178046673536301,-0.0005206288187764585,-0.0012273637112230062,1.1570018529891968,0,0,0,1,0,0,0,0,0,1,0,0.91786754131317139,1.1239776611328125,349.75653076171875,-7.7545642852783203e-05,-0.00053578615188598633,-0.00045831393799744546,2.9842207431793213,-0.0016216554213315248,-0.014512844383716583,1.5441030263900757,-0.00069934234488755465,-0.0028536817990243435,-2.0820880308747292e-07,1,0.79626947641372681,-0.012891186401247978,-0.0021543386392295361,-0.004276517778635025,0.97369420528411865,0,0,0,1,0,0,0,0,0,1,0,0.67813324928283691,0.83127444982528687,349.41128540039062,-0.00022780895233154297,-0.0020204484462738037,-0.0017923882696777582,0.24488799273967743,0,-0.005594906397163868,-0.052690505981445312,-0.028731221333146095,0,-7.4901547431945801,0,0.051186259835958481,0.036812204867601395,264.51249998819549,-0.0074528902769088745,-0.005636259913444519,267.88949584960938,264.73519897460938,8.0722341537475586,2.7423906326293945,0.52248573303222656,0.027969658374786377
7080,184.80018336706331,1,0.24409866333007812,231.25,8.0010080337524414,7.7583245001733303e-05,1,171.99176025390625,1,15.895615577697754,8.0880136489868164,175.56017419871014,0.012735059484839439,0.0087834969162940979,-0.00021141147590242326,1.3223112821578979,-0.068095825612545013,-0.051497574895620346,-0.039631232619285583,-0.029971182346343994,2.5423500537872314,-0.00068933737929910421,-0.0041902116499841213,1.3792176246643066,-0.00034717773087322712,-0.0010328292846679688,-2.1973391994833946e-09,1,0.94454801082611084,-0.0035008746199309826,-0.00068565155379474163,-0.0010912639554589987,1.1547479629516602,0,0,0,1,0,0,0,0,0,1,0,0.9161149263381958,1.1204344034194946,349.75213623046875,-8.7825581431388855e-05,-0.00056047923862934113,-0.00047273165546357632,2.9726753234863281,-0.0018433728255331516,-0.014317987486720085,1.5577597618103027,-0.00089139572810381651,-0.0035826792009174824,-2.0986772142350674e-07,1,0.79802751541137695,-0.012474613264203072,-0.0026912828907370567,-0.0036623773630708456,0.97497928142547607,0,0,0,1,0,0,0,0,0,1,0,0.67734295129776001,0.82874059677124023,349.40695190429688,-0.0002638697624206543,-0.0020726025104522705,-0.0018085173796862364,0.24466818571090698,0,-0.0056061963550746441,-0.052480645477771759,-0.028917107731103897,0,-7.5464015007019043,0,0.053972065448760986,0.036941234022378922,264.50833332142793,-0.0075088571757078171,-0.0056785852648317814,267.88876342773438,264.72708129882812,8.0875091552734375,2.7662050724029541,0.57251197099685669,0.036154717206954956
7140,170.69896537450614,1,0.24372278153896332,231.25,8.000640869140625,3.7358058762038127e-05,1,170.93977355957031,1,15.963810920715332,8.0737037658691406,162.16401710578083,0.011339972727000713,0.0088079124689102173,-0.00021173137065488845,1.3223112821578979,-0.067533969879150391,-0.051072672009468079,-0.040108487010002136,-0.030332107096910477,2.5328946113586426,-0.00058645079843699932,-0.0040618162602186203,1.3920919895172119,-0.00030092155793681741,-0.0010926496470347047,-3.9581209421157837e-09,1,0.94407516717910767,-0.0034753670915961266,-0.00079172826372087002,-0.0010050154523923993,1.1533277034759521,0,0,0,1,0,0,0,0,0,1,0,0.91893213987350464,1.1225675344467163,349.74789428710938,-7.7955424785614014e-05,-0.00054077804088592529,-0.00046283684787340462,2.9590780735015869,-0.0016818798612803221,-0.013844484463334084,1.5740242004394531,-0.00084755494026467204,-0.0038959665689617395,-2.1123560145497322e-07,1,0.79926997423171997,-0.012162603437900543,-0.003048410639166832,-0.0032656979747116566,0.97607600688934326,0,0,0,1,0,0,0,0,0,1,0,0.67914330959320068,0.82936280965805054,349.40280151367188,-0.0002530217170715332,-0.0020659267902374268,-0.0018126668874174356,0.24449077248573303,0,-0.005621341522783041,-0.052273094654083252,-0.029148761183023453,0,-7.5578207969665527,0,0.047922872006893158,0.037043314427137375,264.50416665466037,-0.0075202197767794132,-0.0056871781125664711,267.88787841796875,264.72427368164062,8.0736684799194336,2.7545206546783447,0.59741789102554321,0.035925049334764481
7200,185.10915352748276,1,0.24186374247074127,281.25,8.0010662078857422,0.00019751526997424662,1,168.60299682617188,1,15.986748695373535,8.087921142578125,175.85369585110863,0.011207412928342819,0.0089072957634925842,-0.00020979107648599893,1.3223112821578979,-0.066179759800434113,-0.050048548728227615,-0.040045894682407379,-0.03028477169573307,2.5212879180908203,-0.00029571060440503061,-0.0033895203378051519,1.4049203395843506,-0.0001413280115230009,-0.00085854838835075498,-2.1173036657273769e-09,1,0.95001375675201416,-0.0030938107520341873,-0.00071722024586051702,-0.00090116966748610139,1.1589276790618896,0,0,0,1,0,0,0,0,0,1,0,0.92854028940200806,1.1323103904724121,349.7435302734375,-4.4673681259155273e-05,-0.00045667216181755066,-0.00041202970896847546,2.945908784866333,-0.0010865840595215559,-0.012615932151675224,1.5904061794281006,-0.00052615522872656584,-0.0034886312205344439,-2.1120649762451649e-07,1,0.80799734592437744,-0.011529348790645599,-0.0029624763410538435,-0.003094865707680583,0.98583394289016724,0,0,0,1,0,0,0,0,0,1,0,0.69151562452316284,0.84258079528808594,349.39874267578125,-0.00019858032464981079,-0.0019499734044075012,-0.0017513976199552417,0.24411720037460327,0,-0.0056283958256244659,-0.051959402859210968,-0.029360204935073853,0,-7.488560676574707,0,0.047349922358989716,0.037466850131750107,264.49999998789281,-0.0074513042345643044,-0.0056350608356297016,267.88809204101562,264.72503662109375,8.0877084732055664,2.7591981887817383,0.6216278076171875,0.041297502815723419
7260,193.71597006454832,1,0.24152344465255737,281.25,8.00128173828125,0.00017132677021436393,1,167.22068786621094,1,16.848834991455078,8.0968465805053711,184.03017156132088,0.011620422825217247,0.008974127471446991,-0.00021063369058538228,1.3223112821578979,-0.065705440938472748,-0.049689844250679016,-0.0404057577252388,-0.030556919053196907,2.5096874237060547,-7.2032329626381397e-05,-0.0029824371449649334,1.4174953699111938,-2.4877663236111403e-05,-0.00079102034214884043,-8.440110832452774e-10,1,0.95217859745025635,-0.0029104058630764484,-0.00076614238787442446,-0.00078901904635131359,1.1590828895568848,0,0,0,1,0,0,0,0,0,1,0,0.9268571138381958,1.1276576519012451,349.7392578125,-1.9155442714691162e-05,-0.00044292211532592773,-0.00042380281956866384,2.9368815422058105,-0.00072178407572209835,-0.012580797076225281,1.6058615446090698,-0.00033736205659806728,-0.0035071601159870625,-2.0902371034026146e-07,1,0.80040264129638672,-0.01185901090502739,-0.0031697980593889952,-0.0031566235702484846,0.97478818893432617,0,0,0,1,0,0,0,0,0,1,0,0.67439579963684082,0.81955230236053467,349.39495849609375,-0.00015419721603393555,-0.0020065605640411377,-0.0018522590398788452,0.24360132217407227,0,-0.0056300777941942215,-0.051562093198299408,-0.029546052217483521,0,-7.5186386108398438,0,0.049136027693748474,0.037753194570541382,264.49583332112525,-0.0074812322854995728,-0.005657693836838007,267.88876342773438,264.71963500976562,8.0967426300048828,2.7256245613098145,0.66357433795928955,0.043985117226839066
7320,197.22414105478984,1,0.24305412173271179,268.75,8.0009078979492188,0.00025531550636515021,1,167.68486022949219,1,18.726951599121094,8.0807113647460938,187.36293400205034,0.012974184937775135,0.008971095085144043,-0.00021406965970527381,1.3223112821578979,-0.066345617175102234,-0.050173979252576828,-0.041235405951738358,-0.031184341758489609,2.5015478134155273,-0.00011292641283944249,-0.0030475896783173084,1.4308857917785645,-5.6343895266763866e-05,-0.00097012199694290757,8.2945916801691055e-10,1,0.9510541558265686,-0.0029346633236855268,-0.00091377738863229752,-0.00069657759740948677,1.1560943126678467,0,0,0,1,0,0,0,0,0,1,0,0.91952019929885864,1.1172468662261963,349.73532104492188,-1.8928200006484985e-05,-0.00048698484897613525,-0.00046811334323137999,2.9328484535217285,-0.00087663088925182819,-0.013328601606190205,1.6207497119903564,-0.00043031040695495903,-0.0039855060167610645,-2.1029700292274356e-07,1,0.78953707218170166,-0.012451970018446445,-0.0035551958717405796,-0.0032018520869314671,0.95974528789520264,0,0,0,1,0,0,0,0,0,1,0,0.65195262432098389,0.79071658849716187,349.39151000976562,-0.00015084445476531982,-0.0021385736763477325,-0.0019876419100910425,0.24332702159881592,0,-0.0056433212012052536,-0.051260460168123245,-0.029785802587866783,0,-7.6412863731384277,0,0.055012591183185577,0.037742532789707184,264.49166665435769,-0.0076032700017094612,-0.005749985110014677,267.88851928710938,264.71499633789062,8.0806865692138672,2.7448880672454834,0.61127018928527832,0.050714604556560516
7380,189.81659562581592,1,0.24527904391288757,281.25,8.0005769729614258,3.0613973649451509e-05,1,169.20445251464844,1,19.849157333374023,8.079930305480957,180.32576584452511,0.01196442823857069,0.0088851125910878181,-0.00021802661649417132,1.3223112821578979,-0.06750604510307312,-0.051051553338766098,-0.04208986833691597,-0.031830530613660812,2.4976472854614258,-0.00028284091968089342,-0.0034552053548395634,1.4449489116668701,-0.00014424393884837627,-0.0012341702822595835,2.3283064365386963e-10,1,0.94645524024963379,-0.0031723645515739918,-0.0010899256449192762,-0.00068389659281820059,1.1509754657745361,0,0,0,1,0,0,0,0,0,1,0,0.91527271270751953,1.1127481460571289,349.73171997070312,-2.9534101486206055e-05,-0.00052268803119659424,-0.00049317546654492617,2.9316849708557129,-0.0011008125729858875,-0.014537242241203785,1.6351581811904907,-0.00051467702724039555,-0.0046696402132511139,-2.0943116396665573e-07,1,0.77109253406524658,-0.013436428271234035,-0.004154963418841362,-0.0032518845982849598,0.93756604194641113,0,0,0,1,0,0,0,0,0,1,0,0.63351494073867798,0.76878124475479126,349.38839721679688,-0.00016167759895324707,-0.0022615939378738403,-0.002099841833114624,0.24345365166664124,0,-0.0056727034971117973,-0.05114363506436348,-0.030102439224720001,0,-7.7825312614440918,0,0.050626125186681747,0.03737344965338707,264.48749998759013,-0.0077438121661543846,-0.0058562704361975193,267.88681030273438,264.7083740234375,8.079833984375,2.8649783134460449,0.91171801090240479,0.03934309259057045
7440,187.89854629597488,1,0.2473493218421936,231.25,8.0007724761962891,-5.7989022934634704e-06,1,170.7628173828125,1,20.146957397460938,8.0876588821411133,178.50361898117612,0.011617299169301987,0.0088116731494665146,-0.00022155363694764674,1.3223112821578979,-0.068608485162258148,-0.051885277032852173,-0.042870566248893738,-0.032420933246612549,2.4970073699951172,-0.00032379280310124159,-0.0040351161733269691,1.4596878290176392,-0.00017061189282685518,-0.0014781950740143657,-2.7939677238464355e-09,1,0.9369426965713501,-0.0037113232538104057,-0.0013075830647721887,-0.0007853924180381,1.141897439956665,0,0,0,1,0,0,0,0,0,1,0,0.9097893238067627,1.1087350845336914,349.72833251953125,-3.4451484680175781e-05,-0.00055879354476928711,-0.00052447052439674735,2.9300117492675781,-0.0010017603635787964,-0.015706025063991547,1.6501991748809814,-0.0004768241778947413,-0.00550089031457901,-2.0879087969660759e-07,1,0.74651265144348145,-0.014704262837767601,-0.0050240661948919296,-0.0032099236268550158,0.9096449613571167,0,0,0,1,0,0,0,0,0,1,0,0.61919593811035156,0.75340580940246582,349.3853759765625,-0.00016158819198608398,-0.002354152500629425,-0.0021926246117800474,0.24396467208862305,0,-0.0057157380506396294,-0.051212698221206665,-0.030473507940769196,0,-7.9084286689758301,0,0.049122519791126251,0.03705894947052002,264.48333332082257,-0.007869083434343338,-0.0059510068967938423,267.88516235351562,264.703125,8.0875883102416992,3.0943992137908936,0.81496882438659668,0.036374911665916443
7500,201.92428840323817,1,0.24785704910755157,231.25,8.0009517669677734,-3.534449206199497e-05,1,171.41963195800781,1,19.602836608886719,8.0934467315673828,191.82807398307625,0.011567836627364159,0.0088016204535961151,-0.0002220666065113619,1.3223112821578979,-0.068757057189941406,-0.051997631788253784,-0.043259471654891968,-0.032715044915676117,2.4968199729919434,-0.00020040047820657492,-0.0042717903852462769,1.4745402336120605,-0.00011731567792594433,-0.001572784036397934,-2.3283064365386963e-09,1,0.93058973550796509,-0.0040713902562856674,-0.0014554683584719896,-0.0008569337660446763,1.1374945640563965,0,0,0,1,0,0,0,0,0,1,0,0.91298305988311768,1.1160249710083008,349.72479248046875,-2.1338462829589844e-05,-0.00052790343761444092,-0.00050673465011641383,2.9266400337219238,-0.00058406312018632889,-0.01580219529569149,1.665565013885498,-0.00033213966526091099,-0.0056796683929860592,-2.0756851881742477e-07,1,0.73753452301025391,-0.015218133106827736,-0.0053475289605557919,-0.0032559088431298733,0.9014657735824585,0,0,0,1,0,0,0,0,0,1,0,0.63143467903137207,0.77083778381347656,349.38204956054688,-0.00013047456741333008,-0.0022649168968200684,-0.0021345485001802444,0.24464297294616699,0,-0.0057611018419265747,-0.051359511911869049,-0.030861396342515945,0,-7.9267401695251465,0,0.048908457159996033,0.037016835063695908,264.47916665405501,-0.0078873038291931152,-0.0059647858142852783,267.88641357421875,264.70001220703125,8.0932884216308594,3.0765323638916016,0.70153152942657471,0.053035475313663483
7560,204.78900929871068,1,0.24650232493877411,268.75,8.0011310577392578,0.00028921323246322572,1,170.20957946777344,1,18.29705810546875,8.125401496887207,194.54955883377514,0.011123867705464363,0.0088742440566420555,-0.00021999816817697138,1.3223112821578979,-0.067813478410243988,-0.051284048706293106,-0.0430946946144104,-0.032590430229902267,2.4937043190002441,-9.6220232080668211e-05,-0.0039913966320455074,1.487457275390625,-7.4613286415114999e-05,-0.0014676123391836882,2.9103830456733704e-10,1,0.9332960844039917,-0.003895176574587822,-0.00139299884904176,-0.00083695206558331847,1.1433811187744141,0,0,0,1,0,0,0,0,0,1,0,0.92281031608581543,1.1307054758071899,349.72073364257812,-1.2867152690887451e-05,-0.00046109408140182495,-0.00044832745334133506,2.921511173248291,-0.00031511957058683038,-0.014474000781774521,1.6791391372680664,-0.00024056434631347656,-0.0051345499232411385,-2.0416337065398693e-07,1,0.7565988302230835,-0.014158880338072777,-0.0048939865082502365,-0.0031655286438763142,0.92721271514892578,0,0,0,1,0,0,0,0,0,1,0,0.66517698764801025,0.81465548276901245,349.37850952148438,-0.00011458992958068848,-0.0020569413900375366,-0.0019424369093030691,0.24511034786701202,0,-0.0057931449264287949,-0.051415398716926575,-0.031189350411295891,0,-7.8529067039489746,0,0.046988997608423233,0.037327803671360016,264.47499998728745,-0.0078138373792171478,-0.0059092268347740173,267.88693237304688,264.70120239257812,8.1253852844238281,3.0576562881469727,0.49366959929466248,0.040968693792819977
7620,183.42621283313505,1,0.24471142888069153,243.75,8.0014209747314453,0.00065653148340061307,1,167.79519653320312,1,16.840017318725586,8.1238174438476562,174.25490219147829,0.011489375494420528,0.0089717786759138107,-0.00021833494247402996,1.3223112821578979,-0.066597774624824524,-0.050364673137664795,-0.042836666107177734,-0.032395295798778534,2.4868080615997314,-0.00013140286318957806,-0.0036171718966215849,1.4984077215194702,-9.5168477855622768e-05,-0.0013523651286959648,7.8580342233181e-10,1,0.93989682197570801,-0.0034857690334320068,-0.0012571965344250202,-0.00075551180634647608,1.1521415710449219,0,0,0,1,0,0,0,0,0,1,0,0.92922025918960571,1.1394100189208984,349.71636962890625,-2.5182962417602539e-05,-0.00043383985757827759,-0.00040888047078624368,2.9139542579650879,-0.00060357328038662672,-0.013179590925574303,1.6904171705245972,-0.00038515182677656412,-0.0048303939402103424,-2.0361039787530899e-07,1,0.78287243843078613,-0.012576015666127205,-0.0044452426955103874,-0.0027841641567647457,0.95997285842895508,0,0,0,1,0,0,0,0,0,1,0,0.68937623500823975,0.84575140476226807,349.3746337890625,-0.00016038119792938232,-0.0019590407609939575,-0.0017987389583140612,0.24519079923629761,0,-0.0058093229308724403,-0.051301859319210052,-0.031423319131135941,0,-7.7935366630554199,0,0.048568964004516602,0.037744157016277313,264.47083332051989,-0.0077547626569867134,-0.0058645517565310001,267.8858642578125,264.701416015625,8.1238040924072266,2.8378334045410156,0.6570742130279541,0.034662097692489624
7680,187.03650061647451,1,0.24356459081172943,281.25,8.0012378692626953,0.00014595684478990734,1,165.51679992675781,1,15.235897064208984,8.1010236740112305,177.68467558565078,0.01142574567347765,0.0090675251558423042,-0.00021824301802553236,1.3223112821578979,-0.065752774477005005,-0.049725640565156937,-0.042779646813869476,-0.032352175563573837,2.478365421295166,-0.00019608344882726669,-0.0032725224737077951,1.5084147453308105,-0.00012406200403347611,-0.0012474608374759555,9.0221874415874481e-10,1,0.94686579704284668,-0.0030764390248805285,-0.0011233988916501403,-0.00066678976872935891,1.1597051620483398,0,0,0,1,0,0,0,0,0,1,0,0.93240046501159668,1.1422216892242432,349.71209716796875,-4.3541193008422852e-05,-0.0004364699125289917,-0.00039302319055423141,2.9055616855621338,-0.0010282588191330433,-0.012503333389759064,1.7013611793518066,-0.00057964026927947998,-0.0046835653483867645,-2.041342668235302e-07,1,0.80177664756774902,-0.011475074104964733,-0.0041039260104298592,-0.0025482936762273312,0.98203098773956299,0,0,0,1,0,0,0,0,0,1,0,0.69292193651199341,0.84922349452972412,349.3707275390625,-0.00022521615028381348,-0.0020091235637664795,-0.0017838992644101381,0.24499186873435974,0,-0.005818655714392662,-0.05106775090098381,-0.031593281775712967,0,-7.7902560234069824,0,0.048293743282556534,0.038153260946273804,264.46666665375233,-0.0077514983713626862,-0.0058620828203856945,267.8841552734375,264.69961547851562,8.1007976531982422,2.7559814453125,0.6794745922088623,0.04147692397236824
7740,202.33219181608848,1,0.24263915419578552,281.25,8.0014514923095703,0.00021819365792907774,1,163.58158874511719,1,14.341651916503906,8.0688819885253906,192.21558222528404,0.011602497659623623,0.0091526880860328674,-0.00021831733465660363,1.3223112821578979,-0.065057225525379181,-0.049199629575014114,-0.04275619238615036,-0.03233443945646286,2.4691450595855713,-0.00026785442605614662,-0.0028335796669125557,1.5181137323379517,-0.00015239338972605765,-0.001048544654622674,7.9307937994599342e-10,1,0.95623540878295898,-0.0025657247751951218,-0.0008961508865468204,-0.00060069083701819181,1.1693353652954102,0,0,0,1,0,0,0,0,0,1,0,0.94113403558731079,1.1509103775024414,349.7080078125,-5.8572739362716675e-05,-0.00040458887815475464,-0.00034610432339832187,2.8962984085083008,-0.0013469363329932094,-0.011509474366903305,1.713512659072876,-0.00070988707011565566,-0.0042171524837613106,-2.0478910300880671e-07,1,0.82586419582366943,-0.010162537917494774,-0.0035072667524218559,-0.0024079447612166405,1.009697437286377,0,0,0,1,0,0,0,0,0,1,0,0.71180105209350586,0.8703581690788269,349.36703491210938,-0.00026942044496536255,-0.0019531324505805969,-0.0016839834861457348,0.24463506042957306,0,-0.0058267442509531975,-0.050772625952959061,-0.031729340553283691,0,-7.7929086685180664,0,0.049058463424444199,0.03851676732301712,264.46249998698477,-0.0077541382052004337,-0.0058640791103243828,267.88369750976562,264.70059204101562,8.0672597885131836,2.9197220802307129,0.58949029445648193,0.036640767008066177
7800,202.41130100640385,1,0.24199558794498444,281.25,8.0008211135864258,0.00016423893976025283,1,162.27082824707031,1,14.303614616394043,8.1255598068237305,192.29073595608364,0.011633221060037613,0.0092110298573970795,-0.00021833427308592945,1.3223112821578979,-0.064526967704296112,-0.048798620700836182,-0.04281076043844223,-0.032375704497098923,2.4589710235595703,-0.00028917528106831014,-0.0024844652507454157,1.5270669460296631,-0.00015195136074908078,-0.00086942955385893583,7.1304384618997574e-10,1,0.96312779188156128,-0.0021952898241579533,-0.00071747764013707638,-0.00056646455777809024,1.1755170822143555,0,0,0,1,0,0,0,0,0,1,0,0.94867849349975586,1.1578233242034912,349.703857421875,-5.6151300668716431e-05,-0.00036039948463439941,-0.00030428444733843207,2.885469913482666,-0.0014102982822805643,-0.010544266551733017,1.7246229648590088,-0.0007046406390145421,-0.0035377838648855686,-2.0407605916261673e-07,1,0.84628653526306152,-0.0091339666396379471,-0.002833144273608923,-0.0024760609958320856,1.032624363899231,0,0,0,1,0,0,0,0,0,1,0,0.73472237586975098,0.89632534980773926,349.3631591796875,-0.00026378035545349121,-0.0018198490142822266,-0.0015561700565740466,0.24418804049491882,0,-0.0058337063528597355,-0.050448417663574219,-0.031841862946748734,0,-7.793513298034668,0,0.0491914302110672,0.038765713572502136,264.45833332021721,-0.007754739373922348,-0.0058645340614020824,267.88412475585938,264.69888305664062,8.1255311965942383,3.0340604782104492,0.52517646551132202,0.0392424575984478
7860,205.02774212211006,1,0.24127817153930664,281.25,7.9997014999389648,-1.5006975445430726e-05,1,161.27587890625,1,14.678133964538574,8.1281948089599609,194.77635501600454,0.011544506065547466,0.0092633431777358055,-0.00021773320622742176,1.3223112821578979,-0.063961178064346313,-0.048370741307735443,-0.042833000421524048,-0.032392524182796478,2.448218822479248,-0.00022588181309401989,-0.002136297756806016,1.5351852178573608,-0.00010592752369120717,-0.00071886775549501181,2.6193447411060333e-10,1,0.96797865629196167,-0.0019104158272966743,-0.00061294011538848281,-0.00051385548431426287,1.1791139841079712,0,0,0,1,0,0,0,0,0,1,0,0.95528310537338257,1.16351318359375,349.69949340820312,-3.7886202335357666e-05,-0.00030402094125747681,-0.00026613648515194654,2.8744015693664551,-0.0013211289187893271,-0.0096724564209580421,1.7340379953384399,-0.00058785965666174889,-0.0029942344408482313,-2.0384322851896286e-07,1,0.86065703630447388,-0.0083513250574469566,-0.0024063754826784134,-0.0024612639099359512,1.0481892824172974,0,0,0,1,0,0,0,0,0,1,0,0.7550504207611084,0.91925829648971558,349.35903930664062,-0.000234946608543396,-0.0016734898090362549,-0.0014386733528226614,0.24370238184928894,0,-0.0058380095288157463,-0.050109941512346268,-0.031942069530487061,0,-7.7720580101013184,0,0.048807486891746521,0.038990050554275513,264.45416665344965,-0.0077333911322057247,-0.0058483891189098358,267.88394165039062,264.69561767578125,8.1280765533447266,2.951533317565918,0.67008161544799805,0.033737495541572571
7920,199.29482012951473,1,0.24065884947776794,281.25,7.999483585357666,-6.2901803175918758e-05,1,160.26620483398438,1,15.572017669677734,8.087031364440918,189.33007912303898,0.011560631915926933,0.0093065779656171799,-0.00021742204262409359,1.3223112821578979,-0.063482671976089478,-0.048008870333433151,-0.042837388813495636,-0.032395843416452408,2.4375839233398438,-0.00011467403965070844,-0.0017889075679704547,1.5426774024963379,-4.5821769163012505e-05,-0.00058158626779913902,1.0477378964424133e-09,1,0.97176212072372437,-0.0016742332372814417,-0.00053576426580548286,-0.00046100167674012482,1.1812784671783447,0,0,0,1,0,0,0,0,0,1,0,0.95986461639404297,1.1665358543395996,349.69500732421875,-1.89170241355896e-05,-0.00025836378335952759,-0.00023939012316986918,2.8638067245483398,-0.0012168583925813437,-0.0091001801192760468,1.742746114730835,-0.00049136369489133358,-0.0026120287366211414,-2.0346487872302532e-07,1,0.86918848752975464,-0.0078833196312189102,-0.0021206652745604515,-0.0024901386350393295,1.0564662218093872,0,0,0,1,0,0,0,0,0,1,0,0.76638931035995483,0.93096756935119629,349.35455322265625,-0.00020490586757659912,-0.001577422022819519,-0.0013726837933063507,0.24317821860313416,0,-0.0058386838063597679,-0.049756959080696106,-0.032021868973970413,0,-7.7609505653381348,0,0.048877283930778503,0.039174370467662811,264.44999998668209,-0.0077223386615514755,-0.0058400309644639492,267.88278198242188,264.6944580078125,8.0868816375732422,2.8894965648651123,0.57688379287719727,0.030748698860406876
7980,179.48601607453313,1,0.24050828814506531,281.25,8.0001688003540039,2.5283041395596229e-05,1,159.70016479492188,1,15.900776863098145,8.1129465103149414,170.51171527080646,0.011388487182557583,0.0093225147575139999,-0.0002177833957830444,1.3223112821578979,-0.063215687870979309,-0.047806963324546814,-0.043060470372438431,-0.032564550638198853,2.4275500774383545,-4.3997672037221491e-05,-0.0015368938911706209,1.5503270626068115,-8.4629718912765384e-06,-0.0005612389650195837,2.0845618564635515e-09,1,0.97392237186431885,-0.0014928964665159583,-0.00055277562933042645,-0.00035544772981666028,1.1816195249557495,0,0,0,1,0,0,0,0,0,1,0,0.96160882711410522,1.1663846969604492,349.69036865234375,-9.8906457424163818e-06,-0.00023807957768440247,-0.00022810681548435241,2.8534672260284424,-0.0012077752035111189,-0.0086264414712786674,1.751664400100708,-0.00047415183507837355,-0.0026864956598728895,-2.0236620912328362e-07,1,0.87437403202056885,-0.0074186651036143303,-0.0022123435046523809,-0.0021962327882647514,1.0607420206069946,0,0,0,1,0,0,0,0,0,1,0,0.77474790811538696,0.93938559293746948,349.34976196289062,-0.0001998506486415863,-0.001521524041891098,-0.0013217132072895765,0.24268871545791626,0,-0.0058396295644342899,-0.049418654292821884,-0.032102733850479126,0,-7.7738490104675293,0,0.048132620751857758,0.039241455495357513,264.44583331991453,-0.0077351732179522514,-0.0058497372083365917,267.8818359375,264.69052124023438,8.1127357482910156,2.953981876373291,0.54141181707382202,0.029833344742655754
8040,183.34268821675093,1,0.24072515964508057,281.25,8.0004177093505859,9.8184442322235554e-05,1,159.43634033203125,1,15.49870491027832,8.1245145797729492,174.17555380591338,0.011020704172551632,0.009336511604487896,-0.00021873442165087909,1.3223112821578979,-0.063109241425991058,-0.04772646352648735,-0.04346010833978653,-0.032866775989532471,2.418116569519043,-2.5166664272546768e-06,-0.0013812510296702385,1.559171199798584,2.0149571355432272e-05,-0.00055821269052103162,1.8480932340025902e-09,1,0.97528761625289917,-0.0013787345960736275,-0.00057836173800751567,-0.00027887709438800812,1.1813812255859375,0,0,0,1,0,0,0,0,0,1,0,0.96163845062255859,1.1645722389221191,349.685791015625,-1.0035932064056396e-05,-0.0002381838858127594,-0.00022810910013504326,2.84423828125,-0.0012061232700943947,-0.0083612725138664246,1.7627314329147339,-0.00045112147927284241,-0.0029450722504407167,-2.0208244677633047e-07,1,0.87544840574264526,-0.0071551487781107426,-0.002493951003998518,-0.0018533251713961363,1.0602501630783081,0,0,0,1,0,0,0,0,0,1,0,0.77108871936798096,0.93335193395614624,349.34521484375,-0.00021826475858688354,-0.001563195139169693,-0.0013451846316456795,0.2423030287027359,0,-0.0058438093401491642,-0.049118563532829285,-0.032215334475040436,0,-7.8077969551086426,0,0.046543512493371964,0.039301361888647079,264.44166665314697,-0.0077689522877335548,-0.0058752824552357197,267.88226318359375,264.6800537109375,8.1244277954101562,3.2474446296691895,0.61318188905715942,0.031976949423551559
8100,194.59104328980095,1,0.24114523828029633,268.75,8.0001220703125,0.00031159553327597678,1,159.10671997070312,1,14.970145225524902,8.1054716110229492,184.86149112531089,0.010976472869515419,0.0093542896211147308,-0.00022033706773072481,1.3223112821578979,-0.063154831528663635,-0.047760941088199615,-0.043864760547876358,-0.033172793686389923,2.4100756645202637,3.2637413823977113e-05,-0.0012476260308176279,1.5688314437866211,4.8713132855482399e-05,-0.00052004336612299085,2.1900632418692112e-09,1,0.97683000564575195,-0.0012802632991224527,-0.00056875630980357528,-0.00024169574317056686,1.1818894147872925,0,0,0,1,0,0,0,0,0,1,0,0.96174222230911255,1.1633168458938599,349.6815185546875,-9.9837779998779297e-06,-0.00023924559354782104,-0.00022924097720533609,2.8376486301422119,-0.0012351289624348283,-0.0083647416904568672,1.7743759155273438,-0.00043922831537202001,-0.0029851756989955902,-2.0067091099917889e-07,1,0.87569934129714966,-0.0071296123787760735,-0.0025459481403231621,-0.001841003424488008,1.0590938329696655,0,0,0,1,0,0,0,0,0,1,0,0.76292002201080322,0.92192989587783813,349.341064453125,-0.00023827701807022095,-0.0016392618417739868,-0.0014012010069563985,0.24203428626060486,0,-0.0058532329276204109,-0.048865325748920441,-0.03236108273267746,0,-7.8650031089782715,0,0.046352576464414597,0.039377555251121521,264.43749998637941,-0.0078258737921714783,-0.005918329581618309,267.88265991210938,264.67300415039062,8.1052379608154297,3.059502124786377,0.65376311540603638,0.030775547027587891
8160,117.2704881666249,1,0.2419491708278656,281.25,8.0000295639038086,0.00017554032092448324,1,159.38201904296875,1,14.456867218017578,8.0899572372436523,111.40696375829366,0.011085496284067631,0.0093600954860448837,-0.00022216368233785033,1.3223112821578979,-0.063428424298763275,-0.047967847436666489,-0.044370323419570923,-0.033555127680301666,2.4037585258483887,4.2134866816923022e-05,-0.00122059416025877,1.5789109468460083,5.6254386436194181e-05,-0.00053486519027501345,6.184563972055912e-10,1,0.97702771425247192,-0.0012627292890101671,-0.00059111940208822489,-0.00022174579498823732,1.1815104484558105,0,0,0,1,0,0,0,0,0,1,0,0.96022224426269531,1.1608055830001831,349.67733764648438,-5.5730342864990234e-06,-0.0002463124692440033,-0.00024069033679552376,2.8329482078552246,-0.0013432173291221261,-0.0084611754864454269,1.7856258153915405,-0.00046947956434451044,-0.0032297852449119091,-1.968001015484333e-07,1,0.87441360950469971,-0.0071179568767547607,-0.0027603055350482464,-0.0016975484322756529,1.0567396879196167,0,0,0,1,0,0,0,0,0,1,0,0.76026439666748047,0.91784036159515381,349.3370361328125,-0.000249519944190979,-0.0016753040254116058,-0.0014257498551160097,0.24192875623703003,0,-0.0058698374778032303,-0.048684500157833099,-0.032544240355491638,0,-7.9302053451538086,0,0.04682328924536705,0.039404001086950302,264.43333331961185,-0.0078907515853643417,-0.0059673935174942017,267.88327026367188,264.6710205078125,8.0899181365966797,2.9718153476715088,0.66676008701324463,0.029936252161860466
8220,205.05972997877936,1,0.24222825467586517,281.25,8.0005331039428711,0.00023160703130997717,1,159.33912658691406,1,13.953034400939941,8.0850925445556641,194.80674347984038,0.011420737951993942,0.0093745533376932144,-0.0002229933743365109,1.3223112821578979,-0.063410043716430664,-0.047953944653272629,-0.044707417488098145,-0.033810056746006012,2.3983135223388672,0.00010038248728960752,-0.0010657410603016615,1.5892189741134644,8.647330105304718e-05,-0.00050121062668040395,1.7462298274040222e-10,1,0.97856771945953369,-0.0011661243624985218,-0.00058768410235643387,-0.00017757082241587341,1.1834043264389038,0,0,0,1,0,0,0,0,0,1,0,0.96036380529403687,1.1609065532684326,349.67318725585938,8.106231689453125e-06,-0.00023424625396728516,-0.00024242095241788775,2.8282840251922607,-0.0011904975399374962,-0.0080969613045454025,1.7969820499420166,-0.00038832728751003742,-0.0033368524163961411,-1.9592698663473129e-07,1,0.87618130445480347,-0.0069064628332853317,-0.0029485244303941727,-0.0014572683721780777,1.0587036609649658,0,0,0,1,0,0,0,0,0,1,0,0.75920999050140381,0.91624921560287476,349.33328247070312,-0.00022813677787780762,-0.0016686320304870605,-0.0014405533438548446,0.24195137619972229,0,-0.00589024368673563,-0.048559822142124176,-0.032755650579929352,0,-7.9598217010498047,0,0.048272095620632172,0.039466965943574905,264.42916665284429,-0.0079202204942703247,-0.0059896791353821754,267.88348388671875,264.66952514648438,8.0849981307983398,3.0668230056762695,0.53378152847290039,0.024906216189265251
8280,205.69903552086762,1,0.24172782897949219,281.25,8.0010261535644531,0.00023953850904945284,1,158.58029174804688,1,13.315876960754395,8.0932703018188477,195.41408374482424,0.01147795282304287,0.0094259884208440781,-0.00022267462918534875,1.3223112821578979,-0.062965176999568939,-0.047617513686418533,-0.044781498610973358,-0.033866077661514282,2.3917255401611328,0.00021356658544391394,-0.00078710680827498436,1.5989444255828857,0.00013317092088982463,-0.00038588227471336722,-9.7497832030057907e-10,1,0.98165857791900635,-0.0010006737429648638,-0.0005190529627725482,-0.00014631042722612619,1.1870335340499878,0,0,0,1,0,0,0,0,0,1,0,0.96180278062820435,1.1625444889068604,349.66888427734375,3.0457973480224609e-05,-0.0002045072615146637,-0.00023504138516727835,2.8208534717559814,-0.00063415378099307418,-0.0071370261721313,1.8077958822250366,-0.0001570582389831543,-0.0030497927218675613,-1.9540311768651009e-07,1,0.88278472423553467,-0.0065028741955757141,-0.0028927347157150507,-0.0013054332230240107,1.0664577484130859,0,0,0,1,0,0,0,0,0,1,0,0.76535534858703613,0.92352867126464844,349.32943725585938,-0.00015151500701904297,-0.0015602558851242065,-0.0014089016476646066,0.24194188416004181,0,-0.0059076668694615364,-0.048419855535030365,-0.032953251153230667,0,-7.9484438896179199,0,0.048519555479288101,0.039688147604465485,264.42499998607673,-0.007908899337053299,-0.0059811174869537354,267.88275146484375,264.66839599609375,8.0931320190429688,3.1820292472839355,0.55237692594528198,0.026157939806580544
8340,195.10514880572228,1,0.24132850766181946,281.25,8.0009536743164062,0.00020339299226179719,1,157.89279174804688,1,12.895510673522949,8.1552238464355469,185.34989136543615,0.011941966600716114,0.0094805452972650528,-0.00022253769566304982,1.3223112821578979,-0.062581770122051239,-0.047327563166618347,-0.044879458844661713,-0.033940162509679794,2.3839025497436523,0.00023878621868789196,-0.0006528072408400476,1.6079938411712646,0.00012431928189471364,-0.00028208026196807623,-8.7311491370201111e-10,1,0.98425674438476562,-0.00089159375056624413,-0.00040639942744746804,-0.00018118610023520887,1.1897696256637573,0,0,0,1,0,0,0,0,0,1,0,0.96291482448577881,1.1636576652526855,349.66448974609375,4.3481588363647461e-05,-0.0001837313175201416,-0.00022724874725099653,2.8114092350006104,-0.00021631084382534027,-0.0066544227302074432,1.8182060718536377,-5.6590419262647629e-05,-0.0028196745552122593,-1.9744038581848145e-07,1,0.88474959135055542,-0.0064381132833659649,-0.002763084601610899,-0.0013981146039441228,1.0685503482818604,0,0,0,1,0,0,0,0,0,1,0,0.7608526349067688,0.91824990510940552,349.32540893554688,-8.3059072494506836e-05,-0.0015167295932769775,-0.0014337461907416582,0.24185752868652344,0,-0.0059203957207500935,-0.04824446514248848,-0.033125661313533783,0,-7.9435563087463379,0,0.050528764724731445,0.039923574775457382,264.42083331930917,-0.0079040359705686569,-0.0059774396941065788,267.88125610351562,264.66732788085938,8.1544208526611328,3.1927492618560791,0.53098630905151367,0.031316719949245453
8400,205.38945550948253,1,0.24121639132499695,231.25,8.0005979537963867,7.6199830800760537e-05,1,157.21290588378906,1,12.452337265014648,8.0942583084106445,195.1199827340084,0.012016164138913155,0.0095220338553190231,-0.00022318873379845172,1.3223112821578979,-0.062420286238193512,-0.047205440700054169,-0.044981550425291061,-0.034017369151115417,2.37644362449646,0.00013383902842178941,-0.00064483430469408631,1.6165075302124023,5.8496996643953025e-05,-0.00016036555462051183,9.7497832030057907e-10,1,0.98735082149505615,-0.00077867333311587572,-0.00021886243484914303,-0.0002732327557168901,1.1931675672531128,0,0,0,1,0,0,0,0,0,1,0,0.96549355983734131,1.1666254997253418,349.66015625,3.5181641578674316e-05,-0.00017345696687698364,-0.0002087390748783946,2.8029665946960449,-0.00019113090820610523,-0.0067370529286563396,1.8289177417755127,-0.00013284158194437623,-0.0025237319059669971,-1.964508555829525e-07,1,0.88566386699676514,-0.0065459231846034527,-0.0023908915463835001,-0.0017822697991505265,1.0698578357696533,0,0,0,1,0,0,0,0,0,1,0,0.74902623891830444,0.90473932027816772,349.3216552734375,-6.3583254814147949e-05,-0.0015584975481033325,-0.0014951112680137157,0.24175074696540833,0,-0.0059318160638213158,-0.048063706606626511,-0.033279359340667725,0,-7.966794490814209,0,0.050850410014390945,0.040101934224367142,264.41666665254161,-0.00792715884745121,-0.0059949262067675591,267.879150390625,264.6688232421875,8.0938777923583984,3.105811595916748,0.52099323272705078,0.030773978680372238
8460,203.80107683801009,1,0.2416745126247406,231.25,8.0011405944824219,3.9813166949898005e-05,1,156.63949584960938,1,12.644940376281738,8.1257314682006836,193.61102299610957,0.012180782854557037,0.0095372870564460754,-0.00022528445697389543,1.3223112821578979,-0.062577947974205017,-0.047324672341346741,-0.045262917876243591,-0.034230154007673264,2.3704438209533691,-4.3080071918666363e-05,-0.00081221992149949074,1.6248629093170166,-2.8815469704568386e-05,-0.00012426677858456969,1.9208528101444244e-09,1,0.98830467462539673,-0.00076914014061912894,-9.5451352535746992e-05,-0.00036871584597975016,1.1942806243896484,0,0,0,1,0,0,0,0,0,1,0,0.96388542652130127,1.1647353172302246,349.65615844726562,8.7916851043701172e-06,-0.00020669400691986084,-0.00021554842533078045,2.7957062721252441,-0.00047003757208585739,-0.0071449447423219681,1.8391525745391846,-0.0002912646159529686,-0.0024684970267117023,-1.9720755517482758e-07,1,0.88484048843383789,-0.006674907635897398,-0.0021772328764200211,-0.0020461753010749817,1.0693278312683105,0,0,0,1,0,0,0,0,0,1,0,0.73616605997085571,0.88980567455291748,349.31817626953125,-9.4085931777954102e-05,-0.0016616880893707275,-0.0015677353367209435,0.24169556796550751,0,-0.0059482036158442497,-0.047916430979967117,-0.033431529998779297,0,-8.0416030883789062,0,0.051564391702413559,0.040166385471820831,264.41249998577405,-0.0080015948042273521,-0.0060512186028063297,267.876708984375,264.66790771484375,8.1255702972412109,3.0473065376281738,0.5235288143157959,0.028578942641615868
8520,210.36837566162637,1,0.24226658046245575,268.75,8.0011348724365234,0.00027188443345949054,1,156.24812316894531,1,12.619941711425781,8.1091709136962891,199.84995687854504,0.012208807282149792,0.0095333382487297058,-0.0002275127189932391,1.3223112821578979,-0.062764987349510193,-0.04746612161397934,-0.04565032571554184,-0.034523129463195801,2.3657593727111816,-0.00015456683468073606,-0.00097468303283676505,1.6335705518722534,-7.3833914939314127e-05,-0.00016357292770408094,7.1304384618997574e-10,1,0.98757719993591309,-0.00082011678023263812,-8.9738910901360214e-05,-0.00040251988684758544,1.193720817565918,0,0,0,1,0,0,0,0,0,1,0,0.96368217468261719,1.16473388671875,349.65240478515625,-1.3880431652069092e-05,-0.00023134797811508179,-0.00021757383365184069,2.7894477844238281,-0.00063352030701935291,-0.0075530512258410454,1.8494133949279785,-0.00031659251544624567,-0.0025148531422019005,-1.9668368622660637e-07,1,0.88107019662857056,-0.0069195316173136234,-0.0021982612088322639,-0.0021851980127394199,1.0652288198471069,0,0,0,1,0,0,0,0,0,1,0,0.73080205917358398,0.88344788551330566,349.3148193359375,-0.00012107193470001221,-0.001727759838104248,-0.0016069095581769943,0.24174591898918152,0,-0.0059727579355239868,-0.047823823988437653,-0.033604167401790619,0,-8.1211414337158203,0,0.051685988903045654,0.040147416293621063,264.40833331900649,-0.0080807376652956009,-0.0061110705137252808,267.87786865234375,264.65847778320312,8.108734130859375,3.0149803161621094,0.52476292848587036,0.025262612849473953
8580,200.9232369174799,1,0.24292854964733124,268.75,8.0012855529785156,0.00028687310987152159,1,156.0684814453125,1,12.379369735717773,8.098057746887207,190.8770750716059,0.01213523093611002,0.0095417611300945282,-0.00022964684467297047,1.3223112821578979,-0.063016578555107117,-0.047656387090682983,-0.046026207506656647,-0.034807391464710236,2.3624320030212402,-0.00014884554548189044,-0.0010927576804533601,1.6421984434127808,-6.7685963585972786e-05,-0.00022804466425441206,1.4260876923799515e-09,1,0.9854581356048584,-0.00094391306629404426,-0.00016035896260291338,-0.00041803217027336359,1.1917045116424561,0,0,0,1,0,0,0,0,0,1,0,0.96107077598571777,1.1620275974273682,349.64874267578125,-1.8544495105743408e-05,-0.00025498867034912109,-0.00023652473464608192,2.7849411964416504,-0.000498184934258461,-0.0080893542617559433,1.8589985370635986,-0.00021680607460439205,-0.0025171597953885794,-1.9528670236468315e-07,1,0.87181687355041504,-0.0075911711901426315,-0.0023003541864454746,-0.0025121497455984354,1.0541738271713257,0,0,0,1,0,0,0,0,0,1,0,0.72074383497238159,0.87117266654968262,349.31143188476562,-0.00011290609836578369,-0.0017941296100616455,-0.0016815549461171031,0.2418854683637619,0,-0.0060030920431017876,-0.047774165868759155,-0.033796887844800949,0,-8.1973190307617188,0,0.051366772502660751,0.040183193981647491,264.40416665223893,-0.0081565361469984055,-0.0061683934181928635,267.87838745117188,264.65472412109375,8.0978775024414062,3.0312972068786621,0.5210578441619873,0.028314251452684402
8640,203.08405838150455,1,0.24348030984401703,281.25,8.0009450912475586,0.00015086462371982634,1,156.01673889160156,1,11.921566963195801,8.1137428283691406,192.92985546242932,0.011772372759878635,0.0095584550872445107,-0.00023129185137804598,1.3223112821578979,-0.063235282897949219,-0.047821782529354095,-0.046328313648700714,-0.035035859793424606,2.3599836826324463,-3.8661004509776831e-05,-0.001223026541993022,1.6506173610687256,-2.312960714334622e-05,-0.00030078983400017023,4.6566128730773926e-10,1,0.98141312599182129,-0.0011843661777675152,-0.00027766029234044254,-0.00046333874342963099,1.1877540349960327,0,0,0,1,0,0,0,0,0,1,0,0.95704096555709839,1.1579387187957764,349.6451416015625,-5.3569674491882324e-06,-0.00027119554579257965,-0.00026595965027809143,2.7799863815307617,-0.00010300753638148308,-0.0083233937621116638,1.8678985834121704,-5.3908384870737791e-05,-0.0025627769064158201,-1.9594153854995966e-07,1,0.86236071586608887,-0.0082203876227140427,-0.0025088689289987087,-0.0027263648808002472,1.0431783199310303,0,0,0,1,0,0,0,0,0,1,0,0.71300792694091797,0.86179172992706299,349.30776977539062,-6.5080821514129639e-05,-0.0018116682767868042,-0.0017469250597059727,0.24212639033794403,0,-0.0060380967333912849,-0.047773636877536774,-0.034005358815193176,0,-8.2560386657714844,0,0.049793940037488937,0.040255635976791382,264.39999998547137,-0.0082149636000394821,-0.0062125790864229202,267.87814331054688,264.650634765625,8.1135711669921875,3.3110942840576172,0.5403900146484375,0.025078307837247849
8700,206.0768571851161,1,0.24314403533935547,281.25,8.0006790161132812,0.00020600485731847584,1,155.65110778808594,1,11.911490440368652,8.1085786819458008,195.77301432586029,0.011723102070391178,0.0095831947401165962,-0.00023087592853698879,1.3223112821578979,-0.062965765595436096,-0.047617960721254349,-0.046329773962497711,-0.03503696620464325,2.3565673828125,6.0976628446951509e-05,-0.0012195495655760169,1.6581811904907227,8.6060608737170696e-06,-0.00027387312729842961,2.1391315385699272e-09,1,0.98000866174697876,-0.0012805266305804253,-0.00028247933369129896,-0.00051802478265017271,1.1871732473373413,0,0,0,1,0,0,0,0,0,1,0,0.95885348320007324,1.1613507270812988,349.64117431640625,9.1940164566040039e-06,-0.00024530664086341858,-0.00025457830633968115,2.7725515365600586,0.00018478150013834238,-0.0081906076520681381,1.8758375644683838,2.8976122848689556e-05,-0.0022791309747844934,-1.9770232029259205e-07,1,0.86216819286346436,-0.008375389501452446,-0.0023081072140485048,-0.0030002002604305744,1.0441141128540039,0,0,0,1,0,0,0,0,0,1,0,0.72222840785980225,0.87423557043075562,349.30377197265625,-2.9101967811584473e-05,-0.0017235428094863892,-0.0016947474796324968,0.24234379827976227,0,-0.0060691563412547112,-0.047767531126737595,-0.034194059669971466,0,-8.2411918640136719,0,0.049580562859773636,0.040362324565649033,264.39583331870381,-0.0082001909613609314,-0.0062014074064791203,267.87750244140625,264.64617919921875,8.1074924468994141,3.2569358348846436,0.55143070220947266,0.029553297907114029
8760,206.25638581448609,1,0.24269449710845947,268.75,8.0007686614990234,0.00037481239996850491,1,155.1669921875,1,12.351029396057129,8.0784435272216797,195.94356652376177,0.012175191193819046,0.0096087176352739334,-0.00023031404998619109,1.3223112821578979,-0.062583044171333313,-0.047328528016805649,-0.046361919492483139,-0.035061273723840714,2.3520767688751221,2.7608184609562159e-05,-0.0011912686750292778,1.6647987365722656,-1.2706412235274911e-05,-0.0003194059245288372,2.3355823941528797e-09,1,0.98033291101455688,-0.0012188772670924664,-0.00030669965781271458,-0.00046607776312157512,1.1882445812225342,0,0,0,1,0,0,0,0,0,1,0,0.96261835098266602,1.1667119264602661,349.636962890625,8.7879598140716553e-06,-0.00022044405341148376,-0.00022932939464226365,2.7646677494049072,-9.7996089607477188e-06,-0.0082273948937654495,1.8826748132705688,-9.6944015240296721e-05,-0.0022332202643156052,-1.9770232029259205e-07,1,0.8655582070350647,-0.0082175964489579201,-0.0021362765692174435,-0.0030672480352222919,1.0490748882293701,0,0,0,1,0,0,0,0,0,1,0,0.73407721519470215,0.88971579074859619,349.299560546875,-5.1531940698623657e-05,-0.0016719326376914978,-0.0016206280561164021,0.24244225025177002,0,-0.006091495044529438,-0.047711186110973358,-0.034347318112850189,0,-8.221135139465332,0,0.051540125161409378,0.040471702814102173,264.39166665193625,-0.0081802336499094963,-0.0061863148584961891,267.87564086914062,264.63946533203125,8.0781803131103516,3.358978271484375,0.61825883388519287,0.027739737182855606
8820,207.70269769525598,1,0.2426416426897049,243.75,8.001042366027832,0.00043562959763221443,1,154.79913330078125,1,13.186943054199219,8.1007843017578125,197.31756281049317,0.012526581063866615,0.0096368342638015747,-0.00023071057512424886,1.3223112821578979,-0.062413718551397324,-0.047200474888086319,-0.046532891690731049,-0.035190574824810028,2.3474686145782471,-9.0100053057540208e-05,-0.0012502013705670834,1.6712367534637451,-6.0997888795100152e-05,-0.00040530908154323697,3.4378899727016687e-09,1,0.98069596290588379,-0.0011601013829931617,-0.0003443112364038825,-0.00040223871474154294,1.1888818740844727,0,0,0,1,0,0,0,0,0,1,0,0.96508020162582397,1.1699576377868652,349.6326904296875,-1.3718381524085999e-06,-0.00021536275744438171,-0.00021410698536783457,2.7579221725463867,-0.00042707042302936316,-0.0084371715784072876,1.8885442018508911,-0.00028794599347747862,-0.0024321633391082287,-1.9778963178396225e-07,1,0.86861366033554077,-0.0080101024359464645,-0.0021442179568111897,-0.0029568860772997141,1.0528446435928345,0,0,0,1,0,0,0,0,0,1,0,0.73846131563186646,0.89519870281219482,349.29547119140625,-0.00011292099952697754,-0.0017106011509895325,-0.0015978679293766618,0.24247527122497559,0,-0.0061092069372534752,-0.047626908868551254,-0.034488387405872345,0,-8.2352895736694336,0,0.053065802901983261,0.040592983365058899,264.38749998516869,-0.0081943180412054062,-0.006196965929120779,267.87335205078125,264.63751220703125,8.1003780364990234,3.18215012550354,0.59594476222991943,0.026868967339396477
8880,192.11110945983987,1,0.24277791380882263,243.75,8.0008058547973633,0.00044236035319045186,1,154.3409423828125,1,13.514486312866211,8.1053934097290039,182.50555398684787,0.013089472427964211,0.0096924658864736557,-0.00023178555420599878,1.3223112821578979,-0.062395699322223663,-0.047186847776174545,-0.046703174710273743,-0.03531935065984726,2.3431951999664307,-0.00018562682089395821,-0.0014031766913831234,1.6772218942642212,-0.00010998517973348498,-0.00043209968134760857,3.6961864680051804e-09,1,0.98017728328704834,-0.0012175500160083175,-0.00032211444340646267,-0.00045564465108327568,1.1883854866027832,0,0,0,1,0,0,0,0,0,1,0,0.96483379602432251,1.169851541519165,349.62847900390625,-1.1719763278961182e-05,-0.00022768974304199219,-0.00021610039402730763,2.7520694732666016,-0.0006351172924041748,-0.0085600763559341431,1.8941259384155273,-0.00039452104829251766,-0.002410384826362133,-1.9857543520629406e-07,1,0.87145984172821045,-0.0079249590635299683,-0.0020158630795776844,-0.0030299099162220955,1.0562939643859863,0,0,0,1,0,0,0,0,0,1,0,0.73987019062042236,0.89698261022567749,349.29141235351562,-0.00014232099056243896,-0.0017370283603668213,-0.0015947266947478056,0.24250856041908264,0,-0.0061280098743736744,-0.04754875972867012,-0.03462885320186615,0,-8.2736606597900391,0,0.055514611303806305,0.040834002196788788,264.38333331840113,-0.0082324985414743423,-0.00622584018856287,267.87554931640625,264.63873291015625,8.1050930023193359,3.2144968509674072,0.59516304731369019,0.030924052000045776
8940,196.27103941646709,1,0.24244582653045654,281.25,8.0012674331665039,0.00022753984376322478,1,153.51283264160156,1,13.087422370910645,8.0890960693359375,186.45748744564372,0.013611912727355957,0.0097775720059871674,-0.00023208091442938894,1.3223112821578979,-0.062139622867107391,-0.046993188560009003,-0.046689506620168686,-0.035309012979269028,2.3387651443481445,-0.00020403295638971031,-0.0014298955211415887,1.68239426612854,-0.0001382801856379956,-0.00042901677079498768,3.2596290111541748e-09,1,0.98035931587219238,-0.0012258630013093352,-0.00029073687619529665,-0.00048958812840282917,1.1886832714080811,0,0,0,1,0,0,0,0,0,1,0,0.96340984106063843,1.168255090713501,349.62432861328125,-1.5661120414733887e-05,-0.00024019740521907806,-0.00022467668168246746,2.7456674575805664,-0.00055240892106667161,-0.0084408335387706757,1.8997465372085571,-0.00041186055750586092,-0.0020394544117152691,-1.9639264792203903e-07,1,0.87584877014160156,-0.0078884251415729523,-0.001627593650482595,-0.003342516953125596,1.0617531538009644,0,0,0,1,0,0,0,0,0,1,0,0.7288329005241394,0.88384479284286499,349.28717041015625,-0.00012612342834472656,-0.0017916709184646606,-0.0016656139632686973,0.24251723289489746,0,-0.0061467811465263367,-0.047468096017837524,-0.03475521132349968,0,-8.2842035293579102,0,0.057792745530605316,0.041202623397111893,264.37916665163357,-0.0082429889589548111,-0.006233773659914732,267.87649536132812,264.62908935546875,8.0890216827392578,3.1960086822509766,0.61371374130249023,0.034962177276611328
9000,196.9168553577899,1,0.24164672195911407,268.75,8.0018234252929688,0.00034147556289099157,1,152.26678466796875,1,12.974435806274414,8.1195201873779297,187.07101258990039,0.013441596180200577,0.0098578426986932755,-0.00023167413019109517,1.3223112821578979,-0.061622206121683121,-0.04660189151763916,-0.046526245772838593,-0.035185545682907104,2.3337709903717041,-0.00016404996858909726,-0.0012668280396610498,1.6865713596343994,-0.00012619711924344301,-0.0003992660203948617,2.4447217583656311e-09,1,0.98215782642364502,-0.0011027787113562226,-0.00027306925039738417,-0.00043394771637395024,1.1904392242431641,0,0,0,1,0,0,0,0,0,1,0,0.96535009145736694,1.1701717376708984,349.62020874023438,-1.4349818229675293e-05,-0.00022682547569274902,-0.0002125926548615098,2.7390372753143311,-0.00043333182111382484,-0.0080681219696998596,1.9049495458602905,-0.00037253322079777718,-0.0016721495194360614,-1.9569415599107742e-07,1,0.88247913122177124,-0.0076347901485860348,-0.0012996161822229624,-0.0034747349563986063,1.0694795846939087,0,0,0,1,0,0,0,0,0,1,0,0.72727763652801514,0.88160425424575806,349.28289794921875,-0.00011178851127624512,-0.0017905831336975098,-0.0016788594657555223,0.24242015182971954,0,-0.0061617274768650532,-0.047346156090497971,-0.03484431654214859,0,-8.269683837890625,0,0.057049531489610672,0.041547708213329315,264.37499998486601,-0.0082285413518548012,-0.0062228473834693432,267.876708984375,264.62625122070312,8.1195201873779297,3.2151496410369873,0.61656314134597778,0.031429171562194824
9060,206.45997507467908,1,0.24112509191036224,268.75,8.0019054412841797,0.00031529983971267939,1,151.24201965332031,1,12.75113582611084,8.1192026138305664,196.13697632094511,0.013074455782771111,0.0098932534456253052,-0.00023173665977083147,1.3223112821578979,-0.061193700879812241,-0.046277832239866257,-0.046540364623069763,-0.035196226090192795,2.3280792236328125,-0.00010781860328279436,-0.0010750284418463707,1.6909587383270264,-8.8709552073851228e-05,-0.00043063558405265212,1.622538547962904e-09,1,0.98332267999649048,-0.00096721050795167685,-0.00034192614839412272,-0.00030050636269152164,1.1908799409866333,0,0,0,1,0,0,0,0,0,1,0,0.96600079536437988,1.1699056625366211,349.61599731445312,-1.1887401342391968e-05,-0.00022135302424430847,-0.00020962359849363565,2.7325377464294434,-0.00031527629471383989,-0.007600125391036272,1.9106636047363281,-0.00027057432453148067,-0.0017770749982446432,-1.936859916895628e-07,1,0.88516271114349365,-0.0072848494164645672,-0.0015065001789480448,-0.0031163953244686127,1.0718460083007812,0,0,0,1,0,0,0,0,0,1,0,0.72592282295227051,0.87900424003601074,349.27850341796875,-0.00010359659790992737,-0.0017957203090190887,-0.0016921570058912039,0.24222250282764435,0,-0.00617255549877882,-0.047178380191326141,-0.034904398024082184,0,-8.271916389465332,0,0.055449195206165314,0.041697416454553604,264.37083331809845,-0.0082307625561952591,-0.0062245270237326622,267.8775634765625,264.62863159179688,8.1184406280517578,3.2123239040374756,0.46329045295715332,0.027426904067397118
9120,202.5950581816906,1,0.24094307422637939,268.75,8.0015897750854492,0.00034899331512860954,1,150.59588623046875,1,12.827343940734863,8.1015596389770508,192.46530527260606,0.012720728293061256,0.0098981903865933418,-0.00023220428556669503,1.3223112821578979,-0.060930296778678894,-0.046078633517026901,-0.046694178134202957,-0.03531254455447197,2.3219332695007324,-6.8442430347204208e-05,-0.00095671718008816242,1.6961963176727295,-5.6345452321693301e-05,-0.00048015694483183324,1.0040821507573128e-09,1,0.98348033428192139,-0.00088827515719458461,-0.00042381178354844451,-0.00018837719107978046,1.1900534629821777,0,0,0,1,0,0,0,0,0,1,0,0.96548479795455933,1.1681723594665527,349.61166381835938,-8.0391764640808105e-06,-0.00022183358669281006,-0.00021391198970377445,2.7256712913513184,-0.00015145284123718739,-0.0072226622141897678,1.9170351028442383,-0.00015616061864420772,-0.0020372024737298489,-1.9211438484489918e-07,1,0.88386863470077515,-0.0070712096057832241,-0.0018810413312166929,-0.0027033218648284674,1.0695174932479858,0,0,0,1,0,0,0,0,0,1,0,0.73029935359954834,0.88343501091003418,349.27410888671875,-8.3006918430328369e-05,-0.0017522275447845459,-0.001669232384301722,0.24200491607189178,0,-0.0061832722276449203,-0.046994622796773911,-0.034967511892318726,0,-8.2886075973510742,0,0.053909763693809509,0.041715741157531738,264.36666665133089,-0.0082473708316683769,-0.0062370873056352139,267.87777709960938,264.62478637695312,8.1015129089355469,3.2020089626312256,0.44920969009399414,0.026910791173577309
9180,167.6043302652499,1,0.24089135229587555,243.75,8.0013294219970703,0.0003619002818595618,1,150.57392883300781,1,12.576560020446777,8.0900793075561523,159.2241137519874,0.012763014063239098,0.0098948879167437553,-0.00023208859784062952,1.3223112821578979,-0.060710974037647247,-0.045912768691778183,-0.046925127506256104,-0.035487201064825058,2.3153882026672363,-4.8981048166751862e-05,-0.00088531611254438758,1.7024662494659424,-3.9255868614418432e-05,-0.00050236494280397892,-9.6770236268639565e-10,1,0.98369777202606201,-0.00083633576286956668,-0.00046310943434946239,-0.00012796343071386218,1.1893949508666992,0,0,0,1,0,0,0,0,0,1,0,0.96677601337432861,1.1687872409820557,349.6070556640625,-4.3064355850219727e-06,-0.0002107229083776474,-0.00020650573424063623,2.7178220748901367,-9.7288342658430338e-05,-0.0068647824227809906,1.9249947071075439,-0.00011520131374709308,-0.0023694287519901991,-1.9095023162662983e-07,1,0.88389110565185547,-0.0067674941383302212,-0.0022542271763086319,-0.0022435910068452358,1.0688672065734863,0,0,0,1,0,0,0,0,0,1,0,0.74351215362548828,0.89871066808700562,349.26922607421875,-7.25574791431427e-05,-0.0016629025340080261,-0.0015903390012681484,0.24180853366851807,0,-0.0061929658986628056,-0.046813171356916428,-0.035046078264713287,0,-8.2844781875610352,0,0.054093655198812485,0.041701167821884155,264.36249998456333,-0.0082432618364691734,-0.0062339799478650093,267.8763427734375,264.62152099609375,8.0896968841552734,3.185462474822998,0.57304501533508301,0.022368112578988075
9240,185.89937918742783,1,0.24098889529705048,243.75,8.0008449554443359,0.00036620831815525889,1,150.86077880859375,1,12.348516464233398,8.0901737213134766,176.60441022805642,0.012166597880423069,0.00987252127379179,-0.00023192883236333728,1.3223112821578979,-0.060551702976226807,-0.045792322605848312,-0.047231584787368774,-0.035718962550163269,2.308560848236084,-3.1614326871931553e-05,-0.00088261766359210014,1.7094826698303223,-2.7191592380404472e-05,-0.00052077800501137972,-1.8044374883174896e-09,1,0.98326331377029419,-0.00085100403521209955,-0.00049358658725395799,-0.00011703266500262544,1.1880185604095459,0,0,0,1,0,0,0,0,0,1,0,0.96901220083236694,1.1706571578979492,349.6021728515625,-1.8402934074401855e-06,-0.00019504129886627197,-0.00019328051712363958,2.7090945243835449,-0.00013067021791357547,-0.0068477527238428593,1.9339538812637329,-0.00012194272130727768,-0.0025385057087987661,-1.8943683244287968e-07,1,0.88313794136047363,-0.0067170825786888599,-0.0024165625218302011,-0.0021104572806507349,1.0671170949935913,0,0,0,1,0,0,0,0,0,1,0,0.75386655330657959,0.91055202484130859,349.26409912109375,-7.5258314609527588e-05,-0.0016037523746490479,-0.0015284614637494087,0.24164667725563049,0,-0.0061997883021831512,-0.046637080609798431,-0.035147145390510559,0,-8.2787752151489258,0,0.051502857357263565,0.041604075580835342,264.35833331779577,-0.0082375872880220413,-0.0062296884134411812,267.8740234375,264.61688232421875,8.0898628234863281,3.3126542568206787,0.49891719222068787,0.022427340969443321
9300,138.79807645884893,1,0.24103210866451263,243.75,8.0005521774291992,0.00038116067298687994,1,150.95796203613281,1,11.800314903259277,8.0701618194580078,131.85817263590647,0.012330790981650352,0.0098777608945965767,-0.00023190422507468611,1.3223112821578979,-0.060371480882167816,-0.045656029134988785,-0.047506280243396759,-0.035926699638366699,2.3016791343688965,-2.1838757675141096e-05,-0.00085198803571984172,1.7170552015304565,-1.9400293240323663e-05,-0.0005628424696624279,-2.0954757928848267e-09,1,0.98316270112991333,-0.00083014974370598793,-0.00054344232194125652,-6.9486748543567955e-05,1.1872470378875732,0,0,0,1,0,0,0,0,0,1,0,0.96946185827255249,1.1706197261810303,349.59710693359375,-1.1101365089416504e-06,-0.0001916736364364624,-0.00019058828183915466,2.7003250122070312,-0.00017765513621270657,-0.0066402922384440899,1.9441112279891968,-0.00014213472604751587,-0.0027634729631245136,-1.9001890905201435e-07,1,0.88479745388031006,-0.006462637335062027,-0.0026213382370769978,-0.0018202053615823388,1.0684452056884766,0,0,0,1,0,0,0,0,0,1,0,0.76013320684432983,0.9176487922668457,349.25897216796875,-8.1151723861694336e-05,-0.0015718191862106323,-0.0014906488358974457,0.24153116345405579,0,-0.0062053157016634941,-0.046472862362861633,-0.035271760076284409,0,-8.2778968811035156,0,0.052215419709682465,0.041627306491136551,264.35416665102821,-0.008236713707447052,-0.0062290276400744915,267.87225341796875,264.61264038085938,8.0699729919433594,3.4581661224365234,0.50252974033355713,0.026430130004882812
9360,201.87149542086141,1,0.24092793464660645,243.75,8.0007419586181641,0.00038463310920633376,1,150.88641357421875,1,11.378637313842773,8.0640792846679688,191.77792064981833,0.012633881531655788,0.0098909167572855949,-0.00023171349312178791,1.3223112821578979,-0.060061439871788025,-0.045421559363603592,-0.04779110848903656,-0.036142099648714066,2.2938790321350098,-1.6579029761487618e-05,-0.00075098790694028139,1.7259008884429932,-1.9804931071121246e-05,-0.0005394637119024992,-2.7212081477046013e-09,1,0.98476165533065796,-0.00073440914275124669,-0.00051965867169201374,-3.3893433283083141e-05,1.1886117458343506,0,0,0,1,0,0,0,0,0,1,0,0.9715803861618042,1.1726919412612915,349.592041015625,-3.0081719160079956e-07,-0.00017742626368999481,-0.00017715810099616647,2.6909923553466797,-0.00016682074056006968,-0.0060597443953156471,1.9572043418884277,-0.00013435233267955482,-0.0030023655854165554,-1.8988066585734487e-07,1,0.89004015922546387,-0.0058929240331053734,-0.0028680127579718828,-0.0013019309844821692,1.0742645263671875,0,0,0,1,0,0,0,0,0,1,0,0.76162517070770264,0.91917699575424194,349.2540283203125,-8.1729143857955933e-05,-0.0015625767409801483,-0.0014807978877797723,0.24142265319824219,0,-0.0062090428546071053,-0.046303123235702515,-0.035410024225711823,0,-8.2710886001586914,0,0.053532145917415619,0.041684515774250031,264.34999998426065,-0.008229939267039299,-0.0062239044345915318,267.87081909179688,264.60516357421875,8.0638523101806641,3.374171257019043,0.49315518140792847,0.029931657016277313
9420,159.29634494794553,1,0.24090149998664856,243.75,8.001312255859375,0.0004015282029286027,1,150.63833618164062,1,11.512138366699219,8.0462818145751953,151.33152770054824,0.012566520832479,0.0099069550633430481,-0.0002320187195437029,1.3223112821578979,-0.059763599187135696,-0.045196317136287689,-0.048136185854673386,-0.036403067409992218,2.2852659225463867,-2.3473985493183136e-05,-0.00069754815194755793,1.7360560894012451,-2.5094108423218131e-05,-0.00045042100828140974,-3.2305251806974411e-09,1,0.9864736795425415,-0.0006740746321156621,-0.00042532689985819161,-7.370139064732939e-05,1.1902213096618652,0,0,0,1,0,0,0,0,0,1,0,0.97489285469055176,1.1762840747833252,349.58709716796875,2.08243727684021e-06,-0.00015389919281005859,-0.00015600587357766926,2.6810817718505859,-0.00012267439160495996,-0.0056650759652256966,1.9722869396209717,-9.4075221568346024e-05,-0.0028747373726218939,-1.9068829715251923e-07,1,0.89552068710327148,-0.0055424021556973457,-0.0027806619182229042,-0.0011787323746830225,1.0805250406265259,0,0,0,1,0,0,0,0,0,1,0,0.7596818208694458,0.91670113801956177,349.24969482421875,-7.3015689849853516e-05,-0.0015644282102584839,-0.0014913282357156277,0.2413196861743927,0,-0.0062122000381350517,-0.046121113002300262,-0.035567201673984528,0,-8.2819833755493164,0,0.053239364176988602,0.04175335168838501,264.34583331749309,-0.0082407798618078232,-0.0062321028672158718,267.8687744140625,264.604248046875,8.0462741851806641,3.3572487831115723,0.55439221858978271,0.027032671496272087
9480,184.69824239711235,1,0.24121586978435516,243.75,8.0018796920776367,0.00041649749618954957,1,150.32286071777344,1,12.135136604309082,8.0431079864501953,175.46333027725672,0.012446396052837372,0.0099196247756481171,-0.00023341705673374236,1.3223112821578979,-0.059658192098140717,-0.045116603374481201,-0.048584766685962677,-0.036742307245731354,2.2770028114318848,-3.6609359085559845e-05,-0.00075952243059873581,1.7466528415679932,-3.1823379686102271e-05,-0.00043663475662469864,-4.6711647883057594e-09,1,0.98590296506881714,-0.00072291359538212419,-0.00040481134783476591,-0.00012277642963454127,1.189298152923584,0,0,0,1,0,0,0,0,0,1,0,0.97452777624130249,1.1756347417831421,349.58245849609375,1.1473894119262695e-06,-0.0001565590500831604,-0.00015772813640069216,2.6728198528289795,-0.00012556719593703747,-0.0058247284032404423,1.9861693382263184,-7.6363154221326113e-05,-0.0027500737924128771,-1.901280484162271e-07,1,0.89433097839355469,-0.0056991605088114738,-0.0026737102307379246,-0.0013854100834578276,1.078945517539978,0,0,0,1,0,0,0,0,0,1,0,0.75590968132019043,0.91219031810760498,349.2457275390625,-7.3798000812530518e-05,-0.0015881359577178955,-0.0015142597258090973,0.24125705659389496,0,-0.0062188524752855301,-0.045942649245262146,-0.035748947411775589,0,-8.3318986892700195,0,0.052717447280883789,0.041807346045970917,264.34166665072553,-0.008290446363389492,-0.0062696631066501141,267.86865234375,264.6016845703125,8.0430221557617188,3.3971223831176758,0.55165976285934448,0.031377624720335007
9540,193.89684797051009,1,0.2419547438621521,243.75,8.001556396484375,0.00033436997910030186,1,150.26667785644531,1,13.416339874267578,8.0528030395507812,184.20200557198459,0.012172781862318516,0.0098999813199043274,-0.00023565666924696416,1.3223112821578979,-0.059839937835931778,-0.045254047960042953,-0.049108304083347321,-0.037138231098651886,2.2706739902496338,-2.5135203031823039e-05,-0.00088915304513648152,1.7574789524078369,-1.5110010281205177e-05,-0.00052160938503220677,-5.5151758715510368e-09,1,0.98288190364837646,-0.0008640185697004199,-0.00050649931654334068,-0.00013434080756269395,1.1859313249588013,0,0,0,1,0,0,0,0,0,1,0,0.96928906440734863,1.1694741249084473,349.57803344726562,-2.7716159820556641e-06,-0.00019430555403232574,-0.00019155023619532585,2.6674220561981201,-0.00010753946844488382,-0.0064678695052862167,1.9982602596282959,-3.8149795727804303e-05,-0.0029474343173205853,-1.8713035387918353e-07,1,0.88305330276489258,-0.0063603296875953674,-0.0029092840850353241,-0.001637378241866827,1.0655564069747925,0,0,0,1,0,0,0,0,0,1,0,0.74798989295959473,0.90264642238616943,349.241455078125,-7.9881399869918823e-05,-0.0016494765877723694,-0.0015694891335442662,0.2413075715303421,0,-0.0062337461858987808,-0.045802775770425797,-0.035967323929071426,0,-8.4118413925170898,0,0.051529660820960999,0.041721433401107788,264.33749998395797,-0.0083699915558099747,-0.0063298195600509644,267.86962890625,264.592041015625,8.0526962280273438,3.4979739189147949,0.6329275369644165,0.035730853676795959
9600,197.97778065118169,1,0.24309046566486359,281.25,8.0013771057128906,0.00029772517154924572,1,150.88827514648438,1,15.366008758544922,8.0796298980712891,188.07889161862261,0.011853679083287716,0.0098522594198584557,-0.00023800620692782104,1.3223112821578979,-0.060364395380020142,-0.045650668442249298,-0.049617450684309006,-0.037523277103900909,2.26727294921875,8.6325599113479257e-06,-0.0010566031560301781,1.7683537006378174,2.2133448510430753e-05,-0.00056352827232331038,-5.5915734264999628e-09,1,0.97944200038909912,-0.0010652361670508981,-0.00058566173538565636,-0.00020149321062490344,1.1827573776245117,0,0,0,1,0,0,0,0,0,1,0,0.9627755880355835,1.1624332666397095,349.57363891601562,-1.843087375164032e-06,-0.00023656338453292847,-0.00023474104818888009,2.6669917106628418,-6.8371067754924297e-05,-0.0073447274044156075,2.0101594924926758,1.7531914636492729e-05,-0.0032087340950965881,-1.8600985640659928e-07,1,0.86792659759521484,-0.007276355754584074,-0.0032262657769024372,-0.0019837813451886177,1.0480486154556274,0,0,0,1,0,0,0,0,0,1,0,0.73339468240737915,0.88542449474334717,349.2371826171875,-8.0682337284088135e-05,-0.0017513483762741089,-0.0016705478774383664,0.24151745438575745,0,-0.0062569077126681805,-0.045735310763120651,-0.03621504083275795,0,-8.4957103729248047,0,0.050146151334047318,0.041515998542308807,264.33333331719041,-0.0084534427151083946,-0.0063929292373359203,267.86923217773438,264.58895874023438,8.0795955657958984,3.3896172046661377,0.62318450212478638,0.03841850534081459
9660,181.05038087271313,1,0.24496012926101685,268.75,8.0019454956054688,0.00037480544415302575,1,152.27671813964844,1,16.473669052124023,8.0795793533325195,171.99786182907746,0.012016290798783302,0.0097823198884725571,-0.00024131963436957449,1.3223112821578979,-0.06135302409529686,-0.046398323029279709,-0.05031479150056839,-0.038050640374422073,2.2677788734436035,-2.3209227947518229e-05,-0.0014144170563668013,1.7791831493377686,-8.0062600318342447e-06,-0.00065020949114114046,-5.0495145842432976e-09,1,0.97475475072860718,-0.0013912081485614181,-0.00064220331842079759,-0.00036403525155037642,1.1791948080062866,0,0,0,1,0,0,0,0,0,1,0,0.9547654390335083,1.154909610748291,349.56951904296875,-4.8391520977020264e-06,-0.00029122084379196167,-0.00028645590646192431,2.671046257019043,-0.00010859651956707239,-0.0085499193519353867,2.022803783416748,-1.1000171070918441e-05,-0.0035102404654026031,-1.8441642168909311e-07,1,0.85041356086730957,-0.0084413224831223488,-0.0034992399159818888,-0.0025235656648874283,1.0286464691162109,0,0,0,1,0,0,0,0,0,1,0,0.70945274829864502,0.85812032222747803,349.23333740234375,-8.1546604633331299e-05,-0.0019111707806587219,-0.0018295454792678356,0.2419697493314743,0,-0.0062897065654397011,-0.045788019895553589,-0.036499515175819397,0,-8.6139841079711914,0,0.050850950181484222,0.041216500103473663,264.32916665042285,-0.0085711283609271049,-0.0064819292165338993,267.867919921875,264.59085083007812,8.0793600082397461,3.3866629600524902,0.7014915943145752,0.042549755424261093
9720,169.84855301456565,1,0.24721252918243408,243.75,8.0020761489868164,0.00032247640774585307,1,154.22015380859375,1,16.67158317565918,8.0578527450561523,161.35612536383735,0.011548100039362907,0.009677032008767128,-0.0002449121093377471,1.3223112821578979,-0.062471814453601837,-0.04724440723657608,-0.051262222230434418,-0.038767136633396149,2.2716372013092041,-9.778935054782778e-05,-0.0018574737478047609,1.7908116579055786,-8.1736725405789912e-05,-0.00090208352776244283,-4.1854946175590158e-09,1,0.96841752529144287,-0.0017596844118088484,-0.00082034681690856814,-0.00045990795479156077,1.1750082969665527,0,0,0,1,0,0,0,0,0,1,0,0.94759285449981689,1.1498053073883057,349.56558227539062,-1.3811979442834854e-05,-0.0003474922850728035,-0.00033369759330525994,2.6771974563598633,-0.0002119332057191059,-0.0098031004890799522,2.0373361110687256,-0.00012288283323869109,-0.0042905439622700214,-1.8277569324709475e-07,1,0.82971131801605225,-0.0095911677926778793,-0.004167662002146244,-0.0027463978622108698,1.0063740015029907,0,0,0,1,0,0,0,0,0,1,0,0.69662487506866455,0.84532105922698975,349.2296142578125,-8.8775530457496643e-05,-0.0020112078636884689,-0.0019223561976104975,0.24272149801254272,0,-0.0063338801264762878,-0.045979619026184082,-0.036846473813056946,0,-8.742218017578125,0,0.048823039978742599,0.040764883160591125,264.32499998365529,-0.0086987242102622986,-0.0065784240141510963,267.86685180664062,264.588623046875,8.0577621459960938,3.3633015155792236,0.69009691476821899,0.042466346174478531
9780,190.76776155028998,1,0.24923613667488098,243.75,8.0022659301757812,0.00036907879984937608,1,156.07054138183594,1,17.178226470947266,8.0595331192016602,181.22937347277548,0.011804638430476189,0.0095847649499773979,-0.0002480002585798502,1.3223112821578979,-0.063446573913097382,-0.047981571406126022,-0.052168417721986771,-0.039452448487281799,2.2775893211364746,-0.00017471204046159983,-0.0022465453948825598,1.8038307428359985,-0.00013915702584199607,-0.0010797975119203329,-3.92901711165905e-09,1,0.96352899074554443,-0.0020718332380056381,-0.00094064051518216729,-0.00056583748664706945,1.1738071441650391,0,0,0,1,0,0,0,0,0,1,0,0.94297307729721069,1.1487599611282349,349.56167602539062,-2.4527311325073242e-05,-0.00039241835474967957,-0.00036786406417377293,2.6838488578796387,-0.00037890265230089426,-0.010884144343435764,2.0539026260375977,-0.00022128602722659707,-0.0049918666481971741,-1.83499651029706e-07,1,0.8134804368019104,-0.01050524041056633,-0.0047705802135169506,-0.0028706612065434456,0.99040448665618896,0,0,0,1,0,0,0,0,0,1,0,0.68475735187530518,0.83389848470687866,349.22607421875,-0.00011272728443145752,-0.0021316409111022949,-0.0020187646150588989,0.24372905492782593,0,-0.0063862591050565243,-0.046281103044748306,-0.037262760102748871,0,-8.8524503707885742,0,0.049933683127164841,0.040369875729084015,264.32083331688773,-0.0088084079325199127,-0.0066613722592592239,267.86737060546875,264.583984375,8.0592327117919922,3.5288996696472168,0.57952409982681274,0.038300454616546631
9840,201.38355553238776,1,0.25051611661911011,243.75,8.0027246475219727,0.00031825076439417899,1,157.06036376953125,1,17.200910568237305,8.0695972442626953,191.31437775576836,0.012032833881676197,0.0095342723652720451,-0.00025025365175679326,1.3223112821578979,-0.064047478139400482,-0.048436008393764496,-0.052769333124160767,-0.03990689292550087,2.2835676670074463,-0.0002349425049033016,-0.0025827812496572733,1.8172129392623901,-0.00017250736709684134,-0.0011185898911207914,-4.0163286030292511e-09,1,0.96021729707717896,-0.0023478383664041758,-0.00094608275685459375,-0.0007400409085676074,1.1751676797866821,0,0,0,1,0,0,0,0,0,1,0,0.93878698348999023,1.148989200592041,349.55780029296875,-3.4712255001068115e-05,-0.00043248385190963745,-0.00039776091580279171,2.6885442733764648,-0.0005669385427609086,-0.011449623852968216,2.0710530281066895,-0.00029727205401286483,-0.0051433895714581013,-1.8498394638299942e-07,1,0.8092728853225708,-0.010882684029638767,-0.0048461169935762882,-0.0030708294361829758,0.99001163244247437,0,0,0,1,0,0,0,0,0,1,0,0.68034911155700684,0.83274579048156738,349.22271728515625,-0.00013695657253265381,-0.0021988004446029663,-0.0020616697147488594,0.24484777450561523,0,-0.0064422888681292534,-0.046636335551738739,-0.037704892456531525,0,-8.9328861236572266,0,0.050922665745019913,0.040153395384550095,264.31666665012017,-0.0088884439319372177,-0.0067218998447060585,267.86764526367188,264.57611083984375,8.0694313049316406,3.449702262878418,0.53004854917526245,0.039734158664941788
9900,170.29241373797703,1,0.25173640251159668,243.75,8.002619743347168,0.00029682376771233976,1,157.89598083496094,1,17.687679290771484,8.0752506256103516,161.77779305107816,0.012037684209644794,0.0094951456412672997,-0.00025258469395339489,1.3223112821578979,-0.064584866166114807,-0.048842407763004303,-0.053391411900520325,-0.040377341210842133,2.2893295288085938,-0.00020768323156516999,-0.0029581333510577679,1.8303439617156982,-0.00016441257321275771,-0.0011776244500651956,-4.0236045606434345e-09,1,0.95450383424758911,-0.002750450512394309,-0.0010132116731256247,-0.00094643369084224105,1.1737127304077148,0,0,0,1,0,0,0,0,0,1,0,0.93231880664825439,1.1467405557632446,349.55398559570312,-2.917461097240448e-05,-0.00046901963651180267,-0.00043986344826407731,2.6946234703063965,-0.00051744346274062991,-0.012389513663947582,2.0878944396972656,-0.00031387529452331364,-0.0054195346310734749,-1.8575519789010286e-07,1,0.79475152492523193,-0.011872069910168648,-0.0051056588999927044,-0.0035120369866490364,0.97731834650039673,0,0,0,1,0,0,0,0,0,1,0,0.6609724760055542,0.81405174732208252,349.2197265625,-0.00012947618961334229,-0.0023235157132148743,-0.0021938716527074575,0.24597752094268799,0,-0.006498564500361681,-0.046999521553516388,-0.038146227598190308,0,-9.0160932540893555,0,0.050943687558174133,0.039985790848731995,264.31249998335261,-0.0089712366461753845,-0.0067845117300748825,267.8673095703125,264.5733642578125,8.0751743316650391,3.4316885471343994,0.6911281943321228,0.047155648469924927
9960,163.67819884325317,1,0.25235363841056824,281.25,8.0018014907836914,0.00019890729163307697,1,158.32797241210938,1,17.872743606567383,8.0719480514526367,155.4942889010905,0.012390808202326298,0.0094772372394800186,-0.00025375295081175864,1.3223112821578979,-0.064759038388729095,-0.048974126577377319,-0.053825989365577698,-0.040705990046262741,2.2953999042510986,-7.1389193180948496e-05,-0.0030129251535981894,1.8434357643127441,-6.2519684433937073e-05,-0.0011345791863277555,-3.1650415621697903e-09,1,0.95168310403823853,-0.0029415357857942581,-0.0010720592690631747,-0.0010247007012367249,1.1757526397705078,0,0,0,1,0,0,0,0,0,1,0,0.9322504997253418,1.1519575119018555,349.55026245117188,-6.9029629230499268e-06,-0.00045096874237060547,-0.00044401141349226236,2.7022690773010254,-0.00019022601190954447,-0.012388966977596283,2.1048874855041504,-9.3374401330947876e-05,-0.0054796328768134117,-1.8737046048045158e-07,1,0.78898811340332031,-0.012198740616440773,-0.0053862580098211765,-0.0035174200311303139,0.9750855565071106,0,0,0,1,0,0,0,0,0,1,0,0.66593396663665771,0.82408994436264038,349.21710205078125,-8.5368752479553223e-05,-0.0022646114230155945,-0.0021792221814393997,0.24710899591445923,0,-0.0065548671409487724,-0.04735700786113739,-0.038590498268604279,0,-9.0577945709228516,0,0.05247604101896286,0.039908908307552338,264.30833331658505,-0.0090127307921648026,-0.0068158917129039764,267.86602783203125,264.56747436523438,8.0719175338745117,3.6592049598693848,0.67751681804656982,0.048467829823493958
10020,170.1108851895745,1,0.25158959627151489,268.75,8.0014877319335938,0.00030790796154178679,1,157.47987365722656,1,17.396728515625,8.0716133117675781,161.60534093009576,0.013505828566849232,0.0095306169241666794,-0.00025280923000536859,1.3223112821578979,-0.064222462475299835,-0.04856833815574646,-0.053674574941396713,-0.040591482073068619,2.2990498542785645,1.37030438054353e-05,-0.002555415965616703,1.8552972078323364,-3.863606252707541e-06,-0.00083153566811233759,-4.0963641367852688e-09,1,0.95912629365921021,-0.0025691192131489515,-0.00082767201820388436,-0.00098275067284703255,1.1892983913421631,0,0,0,1,0,0,0,0,0,1,0,0.93880397081375122,1.1641925573348999,349.5462646484375,-4.7385692596435547e-06,-0.00040830299258232117,-0.00040349905611947179,2.7083535194396973,5.157780833542347e-05,-0.011217719875276089,2.1205282211303711,3.7329213228076696e-05,-0.0049175065942108631,-1.8729770090430975e-07,1,0.80632221698760986,-0.011269299313426018,-0.0049548349343240261,-0.0032871344592422247,1.0003509521484375,0,0,0,1,0,0,0,0,0,1,0,0.6821863055229187,0.84726941585540771,349.2142333984375,-7.794797420501709e-05,-0.0021635070443153381,-0.0020854582544416189,0.24799811840057373,0,-0.0065993713214993477,-0.04761427640914917,-0.038964167237281799,0,-9.02410888671875,0,0.057329747825860977,0.040139257907867432,264.30416664981749,-0.0089792124927043915,-0.0067905434407293797,267.86526489257812,264.5599365234375,8.0715513229370117,3.9050965309143066,0.96233576536178589,0.045912057161331177
10080,206.54660121183704,1,0.25108307600021362,243.75,8.0021657943725586,0.00025040574837476015,1,156.39572143554688,1,17.603744506835938,8.0639228820800781,196.21927115124518,0.012849615886807442,0.0095652826130390167,-0.0002530273050069809,1.3223112821578979,-0.063749849796295166,-0.048210926353931427,-0.053714007139205933,-0.040621303021907806,2.29990553855896,6.9424859248101711e-06,-0.0021360495593398809,1.8657052516937256,-2.8807931812480092e-05,-0.00067727291025221348,-2.0590960048139095e-09,1,0.96636641025543213,-0.002142992103472352,-0.00064846500754356384,-0.00085625523934140801,1.2013139724731445,0,0,0,1,0,0,0,0,0,1,0,0.94229543209075928,1.171504020690918,349.54220581054688,-1.2312084436416626e-05,-0.00039362907409667969,-0.00038123468402773142,2.709291934967041,3.6808254662901163e-05,-0.010195022448897362,2.1333684921264648,-7.130397716537118e-05,-0.0045838197693228722,-1.8629361875355244e-07,1,0.82438826560974121,-0.010231830179691315,-0.0045125153847038746,-0.0030006729066371918,1.0255789756774902,0,0,0,1,0,0,0,0,0,1,0,0.69280481338500977,0.86274623870849609,349.21090698242188,-9.422004222869873e-05,-0.0021185055375099182,-0.0020242505706846714,0.24860289692878723,0,-0.006634528748691082,-0.047751523554325104,-0.039259470999240875,0,-9.0318927764892578,0,0.054470434784889221,0.040287189185619354,264.29999998304993,-0.0089869583025574684,-0.006796401459723711,267.86514282226562,264.55410766601562,8.0638370513916016,3.7321033477783203,0.97638988494873047,0.055266138166189194
10140,205.26332514873198,1,0.25064313411712646,243.75,8.0020427703857422,0.000204424824914895,1,155.802001953125,1,18.751157760620117,8.1267499923706055,195.00015889129537,0.012627135962247849,0.0095994304865598679,-0.00025265879230573773,1.3223112821578979,-0.06333412230014801,-0.047896530479192734,-0.053753584623336792,-0.040651232004165649,2.2980568408966064,-2.8849608497694135e-05,-0.0018465372268110514,1.874767541885376,-4.9945665523409843e-05,-0.00056298938579857349,6.4028427004814148e-10,1,0.97181522846221924,-0.0018176876474171877,-0.00051304342923685908,-0.00075879460200667381,1.2101800441741943,0,0,0,1,0,0,0,0,0,1,0,0.94897222518920898,1.1817919015884399,349.5379638671875,-1.1265277862548828e-05,-0.00034976005554199219,-0.00033844832796603441,2.7058613300323486,-8.1747188232839108e-05,-0.0094604725018143654,2.1439924240112305,-0.00016243330901488662,-0.0042386986315250397,-1.832377165555954e-07,1,0.84004449844360352,-0.0093787247315049171,-0.0040762647986412048,-0.0028195730410516262,1.046841025352478,0,0,0,1,0,0,0,0,0,1,0,0.70579278469085693,0.88011312484741211,349.20709228515625,-9.4622373580932617e-05,-0.0020435899496078491,-0.0019489328842610121,0.24901747703552246,0,-0.0066631920635700226,-0.047805391252040863,-0.039510563015937805,0,-9.01873779296875,0,0.053502827882766724,0.040434055030345917,264.29583331628237,-0.0089738685637712479,-0.0067865024320781231,267.8642578125,264.54946899414062,8.1266689300537109,3.6340785026550293,0.75065600872039795,0.044092535972595215
10200,189.06525437156827,1,0.25035014748573303,281.25,8.002044677734375,0.00022764260938856751,1,155.14585876464844,1,19.613321304321289,8.131739616394043,179.61199165298984,0.011884013190865517,0.0096238479018211365,-0.00025283856666646898,1.3223112821578979,-0.063016638159751892,-0.047656431794166565,-0.053827084600925446,-0.040706817060709,2.2947399616241455,-8.2358601503074169e-06,-0.0016680990811437368,1.882957935333252,-1.8968421500176191e-05,-0.0004450728592928499,-3.7834979593753815e-10,1,0.97477948665618896,-0.0016598631627857685,-0.00042610423406586051,-0.00072941044345498085,1.2151370048522949,0,0,0,1,0,0,0,0,0,1,0,0.95412003993988037,1.1893606185913086,349.53363037109375,-3.8668513298034668e-06,-0.00030957162380218506,-0.00030561562743969262,2.7014021873474121,-5.9374957345426083e-05,-0.0089647499844431877,2.1540188789367676,-0.00011764955706894398,-0.0039016290102154016,-1.8347054719924927e-07,1,0.84961509704589844,-0.0089053763076663017,-0.0037839794531464577,-0.002768250647932291,1.0597198009490967,0,0,0,1,0,0,0,0,0,1,0,0.71032673120498657,0.88622939586639404,349.20352172851562,-8.507072925567627e-05,-0.0020133405923843384,-0.00192813272587955,0.24928079545497894,0,-0.0066855945624411106,-0.047797910869121552,-0.039722960442304611,0,-9.0251560211181641,0,0.050277583301067352,0.040537659078836441,264.29166664951481,-0.0089802546426653862,-0.0067913318052887917,267.86410522460938,264.5531005859375,8.1315898895263672,3.5922398567199707,0.75038087368011475,0.044904947280883789
10260,178.74120572070333,1,0.2503964900970459,281.25,8.0011072158813477,0.00018631143029779196,1,154.32792663574219,1,20.022167205810547,8.1438589096069336,169.80414543466816,0.011752549558877945,0.009668596088886261,-0.00025431980611756444,1.3223112821578979,-0.062958180904388428,-0.047612223774194717,-0.05394260585308075,-0.040794182568788528,2.2909665107727051,3.1075818696990609e-05,-0.0016635020729154348,1.8905375003814697,1.5034253010526299e-05,-0.00031139230122789741,-2.9103830456733704e-10,1,0.97552114725112915,-0.0016945777460932732,-0.00032642640871927142,-0.00083372835069894791,1.216904878616333,0,0,0,1,0,0,0,0,0,1,0,0.95154649019241333,1.18695068359375,349.52947998046875,4.4852495193481445e-06,-0.00031980499625205994,-0.00032418908085674047,2.6965370178222656,1.6505364328622818e-06,-0.008990604430437088,2.1635076999664307,-4.7683599404990673e-05,-0.0036889668554067612,-1.8178252503275871e-07,1,0.85059630870819092,-0.0089922556653618813,-0.003641282906755805,-0.0029618919361382723,1.0615671873092651,0,0,0,1,0,0,0,0,0,1,0,0.69312316179275513,0.86500978469848633,349.2001953125,-7.1376562118530273e-05,-0.0021239221096038818,-0.0020524715073406696,0.24946296215057373,0,-0.0067076301202178001,-0.047762315720319748,-0.03990638256072998,0,-9.078028678894043,0,0.049708098173141479,0.04073033481836319,264.28749998274725,-0.00903286412358284,-0.0068311179056763649,267.86471557617188,264.55950927734375,8.1437358856201172,3.6459245681762695,0.80438196659088135,0.049258314073085785
10320,162.99811336997391,1,0.25140500068664551,243.75,8.0010223388671875,0.00011030007590306923,1,153.78657531738281,1,19.579727172851562,8.1087121963500977,154.84820770147522,0.012172311544418335,0.009684048593044281,-0.00025831122184172273,1.3223112821578979,-0.063437327742576599,-0.047974579036235809,-0.054411850869655609,-0.041149049997329712,2.2893290519714355,5.2509712986648083e-06,-0.0018907906487584114,1.8981380462646484,-1.3873504940420389e-06,-0.00028450146783143282,2.7648638933897018e-10,1,0.97364675998687744,-0.001896041794680059,-0.00028311359346844256,-0.0010005988879129291,1.215749979019165,0,0,0,1,0,0,0,0,0,1,0,0.94306665658950806,1.1776190996170044,349.5260009765625,1.9297003746032715e-06,-0.00038085877895355225,-0.00038265460170805454,2.6957693099975586,-0.00010347983334213495,-0.010095966979861259,2.1722249984741211,-0.00010036438470706344,-0.0037013618275523186,-1.8093851394951344e-07,1,0.83933758735656738,-0.009992486797273159,-0.0036009971518069506,-0.003660605289041996,1.0484602451324463,0,0,0,1,0,0,0,0,0,1,0,0.65453732013702393,0.81769883632659912,349.19729614257812,-7.2330236434936523e-05,-0.0023970305919647217,-0.0023246353957802057,0.24971359968185425,0,-0.0067393030039966106,-0.047763694077730179,-0.04009704664349556,0,-9.2205038070678711,0,0.051527619361877441,0.040796179324388504,264.28333331597969,-0.0091746309772133827,-0.0069383289664983749,267.86367797851562,264.555419921875,8.10870361328125,3.687105655670166,0.62214255332946777,0.044476158916950226
10380,167.59191330343691,1,0.25334012508392334,243.75,8.000636100769043,9.323817357653752e-05,1,154.13325500488281,1,19.335765838623047,8.0977315902709961,159.21231763826506,0.012233924120664597,0.0096573662012815475,-0.00026372759020887315,1.3223112821578979,-0.064434617757797241,-0.048728782683610916,-0.05523296445608139,-0.041770018637180328,2.2915871143341064,-0.0001012177744996734,-0.0023260647431015968,1.9059184789657593,-7.6856289524585009e-05,-0.00046308536548167467,-7.3487171903252602e-10,1,0.96887809038162231,-0.0022248472087085247,-0.00038622890133410692,-0.0011373016750440001,1.2120227813720703,0,0,0,1,0,0,0,0,0,1,0,0.93344688415527344,1.1677292585372925,349.52313232421875,-1.7668120563030243e-05,-0.00047036074101924896,-0.00045265781227499247,2.6993556022644043,-0.00041794421849772334,-0.011644423939287663,2.1809072494506836,-0.00030968186911195517,-0.0041174935176968575,-1.8134596757590771e-07,1,0.82365983724594116,-0.011226478964090347,-0.0038078106008470058,-0.0043189115822315216,1.0304121971130371,0,0,0,1,0,0,0,0,0,1,0,0.63001769781112671,0.78814190626144409,349.1949462890625,-0.00011816620826721191,-0.0026336014270782471,-0.0025154289323836565,0.25019153952598572,0,-0.0067891445942223072,-0.047868184745311737,-0.040343493223190308,0,-9.4138431549072266,0,0.051794964820146561,0.040680918842554092,264.27916664921213,-0.0093670077621936798,-0.0070838145911693573,267.86270141601562,264.54678344726562,8.0977010726928711,3.7101640701293945,0.71693301200866699,0.050137527287006378
10440,179.78910036186392,1,0.25576111674308777,256.25,8.0007009506225586,0.00032341759651899338,1,155.75352478027344,1,21.117940902709961,8.0738658905029297,170.79964534377072,0.012586355209350586,0.0095870289951562881,-0.00026853795861825347,1.3223112821578979,-0.065784275531768799,-0.049749463796615601,-0.05616244301199913,-0.04247293621301651,2.298060417175293,-0.00014799837663304061,-0.0028203639667481184,1.9145772457122803,-8.828393038129434e-05,-0.00068902119528502226,2.9031070880591869e-09,1,0.96135181188583374,-0.0026723654009401798,-0.00060073728673160076,-0.001264127204194665,1.2064871788024902,0,0,0,1,0,0,0,0,0,1,0,0.92712312936782837,1.1634330749511719,349.52047729492188,-1.8935650587081909e-05,-0.00051980651915073395,-0.00050094141624867916,2.7089037895202637,-0.0005381173687055707,-0.013397859409451485,2.1904580593109131,-0.00032174473744817078,-0.0047053094021975994,-1.8015271052718163e-07,1,0.79888725280761719,-0.012859741225838661,-0.0043835649266839027,-0.0049471240490674973,1.0027432441711426,0,0,0,1,0,0,0,0,0,1,0,0.61307096481323242,0.76949393749237061,349.1927490234375,-0.00012315437197685242,-0.0027778055518865585,-0.0026545880828052759,0.25098463892936707,0,-0.0068552009761333466,-0.048118434846401215,-0.040669955313205719,0,-9.5855503082275391,0,0.053325589746236801,0.04038064181804657,264.27499998244457,-0.0095378607511520386,-0.007213022094219923,267.86233520507812,264.5384521484375,8.073760986328125,3.7486197948455811,0.81566119194030762,0.065118566155433655
10500,172.53422766327134,1,0.2575497031211853,281.25,8.0004768371582031,5.1546328904805705e-05,1,157.24497985839844,1,22.010868072509766,8.0818777084350586,163.90751628010776,0.012902410700917244,0.0095390584319829941,-0.00027161036268807948,1.3223112821578979,-0.066964544355869293,-0.050642043352127075,-0.056648313999176025,-0.042840376496315002,2.3082470893859863,-8.8461441919207573e-05,-0.0031462111510336399,1.9230499267578125,-2.6378955226391554e-05,-0.00068063964135944843,1.7171259969472885e-09,1,0.95620673894882202,-0.003057749941945076,-0.00065426086075603962,-0.0014732786221429706,1.205233097076416,0,0,0,1,0,0,0,0,0,1,0,0.92644143104553223,1.167597770690918,349.517822265625,-2.0861625671386719e-06,-0.00050981342792510986,-0.00050777447177097201,2.724306583404541,-0.0003410691861063242,-0.014834075234830379,2.2000069618225098,-0.00014045566786080599,-0.0047691864892840385,-1.778826117515564e-07,1,0.77754610776901245,-0.014493006281554699,-0.0046287309378385544,-0.0058227628469467163,0.98062360286712646,0,0,0,1,0,0,0,0,0,1,0,0.59982413053512573,0.75642108917236328,349.190673828125,-8.0510973930358887e-05,-0.0028481334447860718,-0.0027676615864038467,0.25203400850296021,0,-0.0069285249337553978,-0.048503730446100235,-0.041038509458303452,0,-9.695220947265625,0,0.054700169712305069,0.040176339447498322,264.27083331567701,-0.0096469856798648834,-0.0072955479845404625,267.86160278320312,264.53009033203125,8.0816001892089844,3.7538752555847168,0.84179794788360596,0.052747029811143875
10560,195.36363386460141,1,0.25945344567298889,281.25,8.0002250671386719,4.9560098887013737e-06,1,158.67753601074219,1,21.768869400024414,8.0977649688720703,185.59545217137133,0.01209600642323494,0.00944499671459198,-0.00027517115813679993,1.3223112821578979,-0.06825854629278183,-0.051620632410049438,-0.057131890207529068,-0.043206080794334412,2.3211145401000977,1.8685735994949937e-05,-0.0035167080350220203,1.9307087659835815,2.8834532713517547e-05,-0.00070656731259077787,3.2887328416109085e-09,1,0.94989496469497681,-0.003535393625497818,-0.00073540187440812588,-0.0017161278519779444,1.2030096054077148,0,0,0,1,0,0,0,0,0,1,0,0.91759049892425537,1.1622117757797241,349.51495361328125,1.7814338207244873e-05,-0.00055338442325592041,-0.00057122489670291543,2.740931510925293,-7.6078838901594281e-05,-0.015845425426959991,2.2106943130493164,2.1757412469014525e-05,-0.0048589641228318214,-1.7927231965586543e-07,1,0.76139473915100098,-0.015769347548484802,-0.0048807202838361263,-0.0064402762800455093,0.96502363681793213,0,0,0,1,0,0,0,0,0,1,0,0.59532082080841064,0.75460922718048096,349.18817138671875,-4.9088150262832642e-05,-0.0028738528490066528,-0.0028247274458408356,0.25321546196937561,0,-0.0070038544945418835,-0.048981670290231705,-0.041396066546440125,0,-9.8223237991333008,0,0.051196634769439697,0.03977309912443161,264.26666664890945,-0.0097734564915299416,-0.0073911920189857483,267.86151123046875,264.52752685546875,8.0975065231323242,3.7407412528991699,0.74833023548126221,0.057554766535758972
10620,175.53628422762569,1,0.26181730628013611,268.75,8.0000267028808594,0.0001730619405861944,1,160.6861572265625,1,21.442398071289062,8.091801643371582,166.75947001624439,0.01291334442794323,0.0093330405652523041,-0.00027922642766498029,1.3223112821578979,-0.069617860019207001,-0.052648615092039108,-0.058046191930770874,-0.043897524476051331,2.3344993591308594,4.9552705604583025e-05,-0.0041755936108529568,1.9386665821075439,2.7428555767983198e-05,-0.0010341628221794963,3.0559021979570389e-09,1,0.93921363353729248,-0.0042251460254192352,-0.0010615915525704622,-0.0019063735380768776,1.1957414150238037,0,0,0,1,0,0,0,0,0,1,0,0.90653586387634277,1.1541686058044434,349.51177978515625,1.4260411262512207e-05,-0.00064459443092346191,-0.00065884413197636604,2.7547049522399902,-5.0335191190242767e-05,-0.016648368909955025,2.2224020957946777,4.2408937588334084e-06,-0.0053182989358901978,-1.8029822967946529e-07,1,0.75058406591415405,-0.016598034650087357,-0.0053225383162498474,-0.0066176131367683411,0.95583796501159668,0,0,0,1,0,0,0,0,0,1,0,0.58505380153656006,0.74484062194824219,349.1854248046875,-6.8694353103637695e-05,-0.0030060335993766785,-0.0029373776633292437,0.25457623600959778,0,-0.0070836259983479977,-0.049556821584701538,-0.041782300919294357,0,-9.9670791625976562,0,0.054747734218835831,0.039294078946113586,264.26249998214189,-0.0099174920469522476,-0.0075001190416514874,267.861572265625,264.52603149414062,8.0916986465454102,3.8544883728027344,0.718117356300354,0.054358851164579391
10680,194.44277760243807,1,0.26313292980194092,243.75,8.0005912780761719,-5.1076531235594302e-05,1,161.23628234863281,1,20.884326934814453,8.08489990234375,184.72063872231615,0.012553862296044827,0.0092939538881182671,-0.00028248984017409384,1.3223112821578979,-0.070352673530578613,-0.05320432037115097,-0.058590937405824661,-0.04430948942899704,2.3473188877105713,4.0328435716219246e-05,-0.0047466112300753593,1.9473456144332886,3.5815675801131874e-05,-0.0012904416071251035,3.3396645449101925e-09,1,0.9306560754776001,-0.0047869393602013588,-0.0013262573629617691,-0.0020631782244890928,1.1918017864227295,0,0,0,1,0,0,0,0,0,1,0,0.89808094501495361,1.1499836444854736,349.5089111328125,1.0127201676368713e-05,-0.0007184147834777832,-0.00072851747972890735,2.767268180847168,-1.7511541955173016e-05,-0.017100902274250984,2.2329792976379395,5.5384618462994695e-05,-0.005628122016787529,-1.809530658647418e-07,1,0.74384188652038574,-0.017083389684557915,-0.005683505441993475,-0.0066448310390114784,0.95299428701400757,0,0,0,1,0,0,0,0,0,1,0,0.5636562705039978,0.72185730934143066,349.18341064453125,-5.6117773056030273e-05,-0.0031950660049915314,-0.0031390311196446419,0.25606033205986023,0,-0.0071691595949232578,-0.050182908773422241,-0.042218517512083054,0,-10.083566665649414,0,0.053184345364570618,0.039125137031078339,264.25833331537433,-0.010033399797976017,-0.0075877746567130089,267.86148071289062,264.51406860351562,8.0848093032836914,3.8808987140655518,0.69601547718048096,0.054323241114616394
10740,194.45822376432287,1,0.26316773891448975,256.25,7.999885082244873,0.00026404875097796321,1,160.86561584472656,1,20.006462097167969,8.1056337356567383,184.73531257610671,0.01206328347325325,0.0093055777251720428,-0.0002832531463354826,1.3223112821578979,-0.070459179580211639,-0.053284864872694016,-0.058500736951828003,-0.044241275638341904,2.3590540885925293,-1.0921663488261402e-05,-0.0049232780002057552,1.9548054933547974,1.1991840437985957e-05,-0.0011728792451322079,1.7607817426323891e-09,1,0.93114513158798218,-0.0049123559147119522,-0.0011848710710182786,-0.002250290010124445,1.1985423564910889,0,0,0,1,0,0,0,0,0,1,0,0.90128707885742188,1.1604197025299072,349.50601196289062,6.8526715040206909e-06,-0.00070004165172576904,-0.00070687086554244161,2.7802624702453613,-2.0866718841716647e-05,-0.017194103449583054,2.2421901226043701,7.1084679802879691e-05,-0.0052555995061993599,-1.8076389096677303e-07,1,0.74803602695465088,-0.017173236235976219,-0.0053266836330294609,-0.0069628655910491943,0.96369880437850952,0,0,0,1,0,0,0,0,0,1,0,0.56248438358306885,0.72551679611206055,349.18154907226562,-3.8500875234603882e-05,-0.0031910091638565063,-0.0031525162048637867,0.25735533237457275,0,-0.0072470344603061676,-0.050740040838718414,-0.042591795325279236,0,-10.110814094543457,0,0.051054704934358597,0.039173435419797897,264.25416664860677,-0.010060511529445648,-0.0076082777231931686,267.86038208007812,264.51077270507812,8.1052417755126953,3.8828613758087158,0.57789766788482666,0.044605527073144913
10800,189.39146370845472,1,0.26323041319847107,293.75,7.9997763633728027,0.00038632837822660804,1,160.40037536621094,1,19.466278076171875,8.0742406845092773,179.92189052303198,0.012129412963986397,0.0093333367258310318,-0.00028427768847905099,1.3223112821578979,-0.070471063256263733,-0.053293853998184204,-0.058554701507091522,-0.044282086193561554,2.3697423934936523,-0.0001172385091194883,-0.0048143528401851654,1.960652232170105,-5.9009231335949153e-05,-0.0011981616262346506,2.4701876100152731e-09,1,0.93509626388549805,-0.0046971132978796959,-0.0011391522129997611,-0.0021445173770189285,1.2082482576370239,0,0,0,1,0,0,0,0,0,1,0,0.90724819898605347,1.1728155612945557,349.50299072265625,-9.8543241620063782e-06,-0.00068088062107563019,-0.00067100068554282188,2.7946248054504395,-0.00023078013327904046,-0.016961459070444107,2.2488665580749512,-9.0619410912040621e-05,-0.0050640194676816463,-1.8255013856105506e-07,1,0.75914400815963745,-0.01673068106174469,-0.0049733994528651237,-0.0069331326521933079,0.9815630316734314,0,0,0,1,0,0,0,0,0,1,0,0.5692903995513916,0.73747771978378296,349.17977905273438,-7.2963535785675049e-05,-0.0032022614032030106,-0.0031292999628931284,0.25841361284255981,0,-0.0073148123919963837,-0.051201567053794861,-0.042892780154943466,0,-10.147384643554688,0,0.051341526210308075,0.039292432367801666,264.24999998183921,-0.010096900165081024,-0.0076357969082891941,267.85894775390625,264.51666259765625,8.0737819671630859,3.6393089294433594,0.74879193305969238,0.04308733344078064
10860,189.49164087611476,1,0.26354330778121948,243.75,8.0005226135253906,5.0479043238738086e-06,1,159.52493286132812,1,18.568965911865234,8.0947084426879883,180.017058832309,0.011670976877212524,0.0093779023736715317,-0.00028685826691798866,1.3223112821578979,-0.070614129304885864,-0.053402047604322433,-0.058723565191030502,-0.044409789144992828,2.3802099227905273,-0.00012795679504051805,-0.0045670466497540474,1.9658021926879883,-7.6358672231435776e-05,-0.0012517916038632393,2.9176590032875538e-09,1,0.93854176998138428,-0.004439089447259903,-0.0011754328152164817,-0.0019493146101012826,1.2166011333465576,0,0,0,1,0,0,0,0,0,1,0,0.90523868799209595,1.1736328601837158,349.50021362304688,-1.7020851373672485e-05,-0.00071633607149124146,-0.00069936166983097792,2.8096714019775391,-0.00035314058186486363,-0.016487456858158112,2.2543559074401855,-0.00022398889996111393,-0.0053574098274111748,-1.8364517018198967e-07,1,0.76673722267150879,-0.016134317964315414,-0.0051334202289581299,-0.0064153894782066345,0.99423694610595703,0,0,0,1,0,0,0,0,0,1,0,0.56781649589538574,0.73696011304855347,349.177734375,-0.00011800229549407959,-0.0032988041639328003,-0.003180954372510314,0.2593080997467041,0,-0.0073792999610304832,-0.051588773727416992,-0.043152801692485809,0,-10.239499092102051,0,0.049354866147041321,0.039483390748500824,264.24583331507165,-0.010188556276261806,-0.007705111987888813,267.85833740234375,264.52297973632812,8.0946788787841797,3.7794961929321289,0.60170853137969971,0.038535192608833313
10920,194.09292422077385,1,0.26485967636108398,243.75,8.0017280578613281,-1.3207957636041101e-05,1,160.31216430664062,1,17.056356430053711,8.1082496643066406,184.38827800973516,0.011523334309458733,0.0093374811112880707,-0.0002897484228014946,1.3223112821578979,-0.071227416396141052,-0.053865846246480942,-0.059424374252557755,-0.044939778745174408,2.3897995948791504,-0.00015903379244264215,-0.0045607239007949829,1.9718629121780396,-0.00010063838999485597,-0.001529503264464438,1.8007995095103979e-09,1,0.93693405389785767,-0.0044016898609697819,-0.0014288651291280985,-0.0017244339687749743,1.2186706066131592,0,0,0,1,0,0,0,0,0,1,0,0.9047706127166748,1.1767280101776123,349.49725341796875,-2.6131048798561096e-05,-0.00073855742812156677,-0.00071250007022172213,2.8203103542327881,-0.00060107570607215166,-0.016269311308860779,2.2607197761535645,-0.0003623889060690999,-0.0062822164036333561,-1.8182618077844381e-07,1,0.76649093627929688,-0.015668235719203949,-0.0059198280796408653,-0.0055032530799508095,0.99704915285110474,0,0,0,1,0,0,0,0,0,1,0,0.57947015762329102,0.75373613834381104,349.1746826171875,-0.00016990490257740021,-0.0033019911497831345,-0.0031321479473263025,0.26019299030303955,0,-0.0074457284063100815,-0.05195564404129982,-0.043426178395748138,0,-10.34266471862793,0,0.048715867102146149,0.039309851825237274,264.24166664830409,-0.010291208513081074,-0.0077827428467571735,267.858642578125,264.52017211914062,8.1081638336181641,3.7173433303833008,0.58021622896194458,0.0356580950319767
10980,196.29831968413819,1,0.26631817221641541,243.75,8.0018415451049805,-0.00014851144806016237,1,161.74647521972656,1,16.327476501464844,8.1158781051635742,186.48340369993127,0.012112043797969818,0.009280351921916008,-0.00029194939997978508,1.3223112821578979,-0.071866706013679504,-0.054349310696125031,-0.06025676429271698,-0.045569274574518204,2.3980038166046143,-0.00025501174968667328,-0.0047555882483720779,1.9791171550750732,-0.0001744036708259955,-0.0019223096314817667,2.8994691092520952e-09,1,0.93299597501754761,-0.0045005762949585915,-0.0017479063244536519,-0.001539669930934906,1.2184010744094849,0,0,0,1,0,0,0,0,0,1,0,0.90485483407974243,1.1815061569213867,349.4937744140625,-3.7238933145999908e-05,-0.0007529454305768013,-0.00071576389018446207,2.826000452041626,-0.00089228968136012554,-0.016339793801307678,2.2675240039825439,-0.00056562322424724698,-0.0070310155861079693,-1.8015271052718163e-07,1,0.7657126784324646,-0.015447506681084633,-0.0064653931185603142,-0.0049456171691417694,0.99986189603805542,0,0,0,1,0,0,0,0,0,1,0,0.59930217266082764,0.78234052658081055,349.1708984375,-0.00020915642380714417,-0.0032205991446971893,-0.0030114841647446156,0.26118952035903931,0,-0.0075128311291337013,-0.052352398633956909,-0.043761409819126129,0,-10.421228408813477,0,0.051266197115182877,0.039066128432750702,264.23749998153653,-0.010369381867349148,-0.0078418618068099022,267.85845947265625,264.5145263671875,8.1156778335571289,3.7035269737243652,0.61897802352905273,0.034740284085273743
11040,200.50282156864333,1,0.26657781004905701,243.75,8.0018863677978516,-7.259833364514634e-05,1,162.23086547851562,1,17.313091278076172,8.0860528945922852,190.47768049021116,0.011917570605874062,0.0092694032937288284,-0.00029192984220571816,1.3223112821578979,-0.071810193359851837,-0.054306574165821075,-0.060608193278312683,-0.045835040509700775,2.4045655727386475,-0.0002327829715795815,-0.0046526528894901276,1.9867267608642578,-0.00017931504407897592,-0.0021579400636255741,1.9208528101444244e-09,1,0.93197095394134521,-0.0044198702089488506,-0.0019786255434155464,-0.0013144745025783777,1.2217671871185303,0,0,0,1,0,0,0,0,0,1,0,0.90732663869857788,1.189624547958374,349.48989868164062,-3.3237040042877197e-05,-0.00073087215423583984,-0.00069761881604790688,2.831183910369873,-0.00074737868271768093,-0.016273448243737221,2.2737038135528564,-0.00055742147378623486,-0.0076885893940925598,-1.8038554117083549e-07,1,0.75978982448577881,-0.015526070259511471,-0.0071311690844595432,-0.0044973446056246758,0.99624341726303101,0,0,0,1,0,0,0,0,0,1,0,0.60475921630859375,0.79353296756744385,349.16680908203125,-0.00019145011901855469,-0.0031736195087432861,-0.0029822869691997766,0.26215952634811401,0,-0.0075737014412879944,-0.052720740437507629,-0.04412321001291275,0,-10.420531272888184,0,0.050423037260770798,0.039020277559757233,264.23333331476897,-0.010368688032031059,-0.0078413365408778191,267.85812377929688,264.50323486328125,8.0859909057617188,3.6649131774902344,0.59630584716796875,0.035862553864717484
11100,206.81689920866899,1,0.26561960577964783,243.75,8.0023088455200195,7.9661782365292311e-05,1,161.47163391113281,1,18.172863006591797,8.0721921920776367,196.47605424823553,0.012324242852628231,0.0093058934435248375,-0.00029015104519203305,1.3223112821578979,-0.071162506937980652,-0.053816758096218109,-0.06032976508140564,-0.045624479651451111,2.4089503288269043,-9.9049939308315516e-05,-0.004160300362855196,1.9934605360031128,-8.4330211393535137e-05,-0.0020618480630218983,7.2759576141834259e-10,1,0.93644148111343384,-0.0040612504817545414,-0.0019775177352130413,-0.0010927928378805518,1.2308754920959473,0,0,0,1,0,0,0,0,0,1,0,0.91132271289825439,1.1981456279754639,349.4857177734375,-1.5482306480407715e-05,-0.00068641453981399536,-0.00067087111528962851,2.8364038467407227,-0.00038048438727855682,-0.015497469343245029,2.2797908782958984,-0.00032938993535935879,-0.0076282164081931114,-1.7916318029165268e-07,1,0.76391232013702393,-0.015116984955966473,-0.0072988271713256836,-0.0041223731823265553,1.0044689178466797,0,0,0,1,0,0,0,0,0,1,0,0.6111566424369812,0.80452120304107666,349.1624755859375,-0.00013367831707000732,-0.0030812919139862061,-0.0029476596973836422,0.26286721229553223,0,-0.0076176887378096581,-0.052963811904191971,-0.044417642056941986,0,-10.357036590576172,0,0.052187010645866394,0.039177305996417999,264.22916664800141,-0.010305508971214294,-0.0077935573644936085,267.85891723632812,264.49826049804688,8.0720806121826172,3.6158647537231445,0.62442028522491455,0.037608258426189423
11160,208.7635129681382,1,0.26433098316192627,243.75,8.0023231506347656,7.5642055890057236e-05,1,160.20654296875,1,18.867485046386719,8.0987558364868164,198.32533731973129,0.011816012673079967,0.0093571590259671211,-0.00028820664738304913,1.3223112821578979,-0.070420652627944946,-0.053255729377269745,-0.05980832502245903,-0.045230139046907425,2.4106979370117188,1.8474791431799531e-05,-0.0035304364282637835,1.9986523389816284,2.1737418137490749e-05,-0.0016997617203742266,-8.149072527885437e-10,1,0.94486528635025024,-0.0035489113070070744,-0.0017214989056810737,-0.00096558919176459312,1.2436239719390869,0,0,0,1,0,0,0,0,0,1,0,0.91500556468963623,1.2044492959976196,349.481201171875,2.5667250156402588e-06,-0.0006457790732383728,-0.00064829370239749551,2.8408842086791992,-6.4469815697520971e-05,-0.014367925003170967,2.2860236167907715,-3.0226889066398144e-05,-0.0069812964648008347,-1.783628249540925e-07,1,0.77714884281158447,-0.014303455129265785,-0.0069510703906416893,-0.0038771436084061861,1.0231227874755859,0,0,0,1,0,0,0,0,0,1,0,0.61097347736358643,0.80475103855133057,349.1580810546875,-7.6308846473693848e-05,-0.003043249249458313,-0.0029669292271137238,0.26324546337127686,0,-0.0076447194442152977,-0.053064215928316116,-0.044601194560527802,0,-10.287630081176758,0,0.049982961267232895,0.039396986365318298,264.22499998123385,-0.010236447677016258,-0.0077413297258317471,267.85806274414062,264.50503540039062,8.0986413955688477,3.7604951858520508,0.56232756376266479,0.04107239842414856
11220,201.61478169858503,1,0.26395231485366821,243.75,8.0017251968383789,1.3725652024731971e-05,1,159.52629089355469,1,18.504106521606445,8.0718612670898438,191.53404261365577,0.011323404498398304,0.009371219202876091,-0.00028819349245168269,1.3223112821578979,-0.070351816713809967,-0.053203672170639038,-0.059480376541614532,-0.044982127845287323,2.411677360534668,1.9946019165217876e-06,-0.0032272636890411377,2.0019989013671875,1.816899748519063e-05,-0.0012013375526294112,-1.5133991837501526e-09,1,0.95324784517288208,-0.0032292583491653204,-0.0012195064919069409,-0.0011471019824966788,1.2552556991577148,0,0,0,1,0,0,0,0,0,1,0,0.92240691184997559,1.2148460149765015,349.47665405273438,-2.9802322387695312e-08,-0.0005931854248046875,-0.00059309171047061682,2.8441677093505859,-5.5999262258410454e-05,-0.014026668854057789,2.2929205894470215,4.4708140194416046e-06,-0.0060158399865031242,-1.7735874280333519e-07,1,0.78993654251098633,-0.013970671221613884,-0.0060203112661838531,-0.0043885596096515656,1.0404014587402344,0,0,0,1,0,0,0,0,0,1,0,0.61240553855895996,0.80684542655944824,349.15399169921875,-7.1287155151367188e-05,-0.00303688645362854,-0.0029653976671397686,0.26338604092597961,0,-0.0076606855727732182,-0.05308246985077858,-0.044685538858175278,0,-10.287160873413086,0,0.047851238399744034,0.039455179125070572,264.22083331446629,-0.010235981084406376,-0.0077409767545759678,267.85647583007812,264.50338745117188,8.0717496871948242,3.8003501892089844,0.62830817699432373,0.0375242680311203
11280,208.86562632650188,1,0.26481270790100098,243.75,8.0010738372802734,-3.539051249390468e-05,1,159.52801513671875,1,19.106653213500977,8.0942258834838867,198.42234501017677,0.011593698523938656,0.0093655046075582504,-0.00029101778636686504,1.3223112821578979,-0.070948019623756409,-0.05365455150604248,-0.059706617146730423,-0.045153222978115082,2.4131350517272949,-1.2067263014614582e-05,-0.0032554969657212496,2.0050919055938721,7.6435680966824293e-06,-0.00091340823564678431,1.7607817426323891e-09,1,0.95596808195114136,-0.0032434300519526005,-0.00092105194926261902,-0.0013843112392351031,1.2596111297607422,0,0,0,1,0,0,0,0,0,1,0,0.92296385765075684,1.2163723707199097,349.4722900390625,-2.0638108253479004e-06,-0.0005934499204158783,-0.00059135921765118837,2.8459105491638184,-0.00011745106894522905,-0.014181855134665966,2.3009476661682129,-5.3398194722831249e-05,-0.0056482753716409206,-1.7785350792109966e-07,1,0.7933504581451416,-0.014064405113458633,-0.0055948784574866295,-0.004777172114700079,1.0454106330871582,0,0,0,1,0,0,0,0,0,1,0,0.60260355472564697,0.7944263219833374,349.150390625,-8.7298452854156494e-05,-0.0031382665038108826,-0.0030509084463119507,0.26355654001235962,0,-0.0076814722269773483,-0.053142622113227844,-0.044748913496732712,0,-10.387974739074707,0,0.049020383507013321,0.039430208504199982,264.21666664769873,-0.010336292907595634,-0.0078168381005525589,267.856201171875,264.50323486328125,8.0934276580810547,3.8863449096679688,0.63853436708450317,0.045915007591247559
11340,168.20758740290606,1,0.26671665906906128,243.75,8.0010662078857422,-8.6731242845417e-06,1,160.22744750976562,1,20.459651947021484,8.1466779708862305,159.79720803276075,0.011469123885035515,0.0093471063300967216,-0.00029604209703393281,1.3223112821578979,-0.071984604001045227,-0.054438471794128418,-0.060553137212991714,-0.045793406665325165,2.41597580909729,-3.5858713090419769e-05,-0.0035417452454566956,2.0100502967834473,-1.586665166541934e-05,-0.00095394591335207224,9.6042640507221222e-10,1,0.953041672706604,-0.0035058869980275631,-0.00093807961093261838,-0.0015378289390355349,1.2576277256011963,0,0,0,1,0,0,0,0,0,1,0,0.91875171661376953,1.2126479148864746,349.46856689453125,-1.646578311920166e-06,-0.00062780082225799561,-0.00062611850444227457,2.8487985134124756,-0.00021751574240624905,-0.014999493956565857,2.3101396560668945,-0.00012585008516907692,-0.0061078369617462158,-1.7811544239521027e-07,1,0.78270691633224487,-0.014781978912651539,-0.0059819873422384262,-0.0049409708008170128,1.0327575206756592,0,0,0,1,0,0,0,0,0,1,0,0.5868687629699707,0.77501678466796875,349.1474609375,-0.00010275840759277344,-0.0032872855663299561,-0.0031845290213823318,0.26395294070243835,0,-0.0077186534181237221,-0.053306810557842255,-0.044876471161842346,0,-10.567318916320801,0,0.048481356352567673,0.039351869374513626,264.21249998093117,-0.010514745488762856,-0.007951793260872364,267.85745239257812,264.49740600585938,8.1463279724121094,3.8062822818756104,0.65790647268295288,0.053981523960828781
11400,170.77236794764229,1,0.26844304800033569,243.75,8.0009803771972656,-0.00014242059842217714,1,161.59829711914062,1,20.001413345336914,8.0789661407470703,162.23374955026017,0.011762082576751709,0.0093020200729370117,-0.00029926758725196123,1.3223112821578979,-0.072784543037414551,-0.055043425410985947,-0.061499621719121933,-0.046509187668561935,2.4200668334960938,-0.00015051841910462826,-0.0038963013794273138,2.0166950225830078,-0.00010991828457918018,-0.0011584372259676456,-2.9103830456733704e-10,1,0.94979715347290039,-0.0037457835860550404,-0.0010485193924978375,-0.0016084291273728013,1.2564735412597656,0,0,0,1,0,0,0,0,0,1,0,0.92246568202972412,1.2206510305404663,349.4649658203125,-1.1894851922988892e-05,-0.00061326473951339722,-0.00060131371719762683,2.8516204357147217,-0.0004318171413615346,-0.015650507062673569,2.3202919960021973,-0.00030650358530692756,-0.0062708752229809761,-1.7852289602160454e-07,1,0.77954798936843872,-0.015218688175082207,-0.005964372307062149,-0.0052364044822752476,1.0310474634170532,0,0,0,1,0,0,0,0,0,1,0,0.60134202241897583,0.79627501964569092,349.14453125,-0.00011389702558517456,-0.0032054558396339417,-0.0030915741808712482,0.26462957262992859,0,-0.0077703408896923065,-0.053577370941638947,-0.045115139335393906,0,-10.682455062866211,0,0.049749385565519333,0.039159037172794342,264.20833331416361,-0.01062930840998888,-0.0080384314060211182,267.85653686523438,264.49142456054688,8.0788860321044922,3.7096710205078125,0.73298370838165283,0.044140547513961792
11460,197.8779110456733,1,0.26862862706184387,243.75,8.0004281997680664,-0.00033263521618209779,1,161.80023193359375,1,18.612579345703125,8.1267719268798828,187.98401549338962,0.011641508899629116,0.0093037411570549011,-0.00029951441683806479,1.3223112821578979,-0.07265162467956543,-0.054942905902862549,-0.061860091984272003,-0.046781793236732483,2.4236493110656738,-0.00015865091700106859,-0.0037900176830589771,2.0234127044677734,-0.00013350578956305981,-0.0012673409655690193,1.7462298274040222e-09,1,0.95059943199157715,-0.003631367115303874,-0.0011338354088366032,-0.0014728337991982698,1.2609446048736572,0,0,0,1,0,0,0,0,0,1,0,0.92809301614761353,1.2313814163208008,349.46099853515625,-1.3228505849838257e-05,-0.00057502835988998413,-0.00056171166943386197,2.8535556793212891,-0.00038175837835296988,-0.015129615552723408,2.329322338104248,-0.00034093583235517144,-0.006186366081237793,-1.7703860066831112e-07,1,0.78675085306167603,-0.014747856184840202,-0.0058454312384128571,-0.0050335312262177467,1.0436080694198608,0,0,0,1,0,0,0,0,0,1,0,0.63167858123779297,0.83913946151733398,349.14117431640625,-9.9830329418182373e-05,-0.0029693767428398132,-0.0028695331420749426,0.2653484046459198,0,-0.0078208660706877708,-0.05384489893913269,-0.045401114970445633,0,-10.691265106201172,0,0.049227312207221985,0.039166353642940521,264.20416664739605,-0.010638074949383736,-0.0080450605601072311,267.8548583984375,264.487548828125,8.0965213775634766,3.7973332405090332,0.57937765121459961,0.042506061494350433
11520,192.03990819442973,1,0.26793602108955383,243.75,8.0006237030029297,-0.00034711696207523346,1,161.47250366210938,1,18.004446029663086,8.0919065475463867,182.43791278470823,0.011682519689202309,0.0093225464224815369,-0.00029780689510516822,1.3223112821578979,-0.072074219584465027,-0.054506242275238037,-0.061779450625181198,-0.046720806509256363,2.4242994785308838,-8.3091144915670156e-05,-0.0035607786849141121,2.0297946929931641,-7.0117763243615627e-05,-0.0011851303279399872,4.0745362639427185e-10,1,0.95242083072662354,-0.0034776879474520683,-0.0011150124482810497,-0.0013939373893663287,1.2660002708435059,0,0,0,1,0,0,0,0,0,1,0,0.93168997764587402,1.2387634515762329,349.4564208984375,-1.125037670135498e-05,-0.0005458146333694458,-0.00053448876133188605,2.8519210815429688,-0.00024612387642264366,-0.01417672261595726,2.337012767791748,-0.00022269389592111111,-0.005918682087212801,-1.759035512804985e-07,1,0.79708689451217651,-0.013930598273873329,-0.0056959884241223335,-0.0046380860731005669,1.0599188804626465,0,0,0,1,0,0,0,0,0,1,0,0.66080516576766968,0.88004386425018311,349.13641357421875,-9.4115734100341797e-05,-0.0027438104152679443,-0.0026497030630707741,0.26587188243865967,0,-0.0078573944047093391,-0.054002605378627777,-0.045648790895938873,0,-10.630314826965332,0,0.049404855817556381,0.039246797561645508,264.19999998062849,-0.010577427223324776,-0.0079991957172751427,267.85348510742188,264.48007202148438,8.0912418365478516,3.8599662780761719,0.85359019041061401,0.047931581735610962
11580,213.67050090282888,1,0.26725572347640991,243.75,8.0009231567382812,-0.00029178400291129947,1,160.89866638183594,1,18.846233367919922,8.0709152221679688,202.98697585768741,0.012089849449694157,0.0093390569090843201,-0.00029659827123396099,1.3223112821578979,-0.07162022590637207,-0.054162908345460892,-0.061569169163703918,-0.046561781316995621,2.4230868816375732,-5.6100689107552171e-05,-0.0033977469429373741,2.0349321365356445,-4.5406108256429434e-05,-0.0010832836851477623,-1.3096723705530167e-10,1,0.95449680089950562,-0.0033416466321796179,-0.0010378783335909247,-0.0013700351119041443,1.2703689336776733,0,0,0,1,0,0,0,0,0,1,0,0.93195176124572754,1.2407435178756714,349.45150756835938,-5.3849071264266968e-06,-0.00053736288100481033,-0.00053195457439869642,2.8506596088409424,-0.00022636301582679152,-0.013668542727828026,2.341987133026123,-0.00017145200399681926,-0.0054872063919901848,-1.7377897165715694e-07,1,0.80586224794387817,-0.013442179188132286,-0.0053157554939389229,-0.0046356492675840855,1.0731492042541504,0,0,0,1,0,0,0,0,0,1,0,0.66802453994750977,0.89078521728515625,349.13128662109375,-8.0578029155731201e-05,-0.0026798248291015625,-0.0025992619339376688,0.26617848873138428,0,-0.0078796632587909698,-0.054059229791164398,-0.045827854424715042,0,-10.587173461914062,0,0.05116991326212883,0.03931727260351181,264.19583331386093,-0.010534500703215599,-0.0079667326062917709,267.85369873046875,264.48129272460938,8.0706748962402344,3.8717379570007324,0.77868163585662842,0.044513314962387085
11640,221.22749105591413,1,0.26684260368347168,243.75,8.0008792877197266,-0.00027528032660484314,1,160.27803039550781,1,19.369739532470703,8.0947399139404297,210.16611650311842,0.012345023453235626,0.0093259997665882111,-0.00029636814724653959,1.3223112821578979,-0.071339219808578491,-0.053950399160385132,-0.061448380351066589,-0.046470433473587036,2.4216227531433105,-5.1367154810577631e-05,-0.0032248671632260084,2.0390083789825439,-3.9294944144785404e-05,-0.0010342637542635202,-3.7834979593753815e-10,1,0.95656192302703857,-0.0031735000666230917,-0.00099496939219534397,-0.0012965112691745162,1.2739781141281128,0,0,0,1,0,0,0,0,0,1,0,0.93250137567520142,1.2420977354049683,349.446533203125,-7.9795718193054199e-06,-0.00053669512271881104,-0.00052869046339765191,2.8504793643951416,-0.00028076849412173033,-0.013162493705749512,2.344961404800415,-0.00017339852638542652,-0.0051572970114648342,-1.753796823322773e-07,1,0.81501847505569458,-0.012881724163889885,-0.004983899649232626,-0.0045465771108865738,1.086066722869873,0,0,0,1,0,0,0,0,0,1,0,0.67728233337402344,0.90303689241409302,349.12615966796875,-9.0137124061584473e-05,-0.0026242434978485107,-0.0025341936852782965,0.26633128523826599,0,-0.0078945085406303406,-0.054055608808994293,-0.045950833708047867,0,-10.578957557678223,0,0.052277226001024246,0.03925921767950058,264.19166664709337,-0.010526325553655624,-0.0079605504870414734,267.853515625,264.4775390625,8.0943965911865234,3.9215331077575684,0.60338687896728516,0.038623064756393433
11700,214.18392858969005,1,0.26706486940383911,243.75,8.0012912750244141,-0.00014558930706698447,1,160.1307373046875,1,20.361326217651367,8.1113348007202148,203.47473216020555,0.012262474745512009,0.0093121584504842758,-0.00029738261946476996,1.3223112821578979,-0.071447744965553284,-0.054032471030950546,-0.061562832444906235,-0.046556990593671799,2.4211087226867676,-5.5927550420165062e-05,-0.0030637395102530718,2.0423710346221924,-4.5850843889638782e-05,-0.0010141099337488413,-1.7753336578607559e-09,1,0.95850896835327148,-0.0030078119598329067,-0.00096825923537835479,-0.0012089975643903017,1.2771252393722534,0,0,0,1,0,0,0,0,0,1,0,0.93359357118606567,1.2439802885055542,349.441650390625,-2.0783394575119019e-05,-0.00054150819778442383,-0.00052065588533878326,2.851144552230835,-0.00033858127426356077,-0.013209439814090729,2.3469464778900146,-0.00024401827249675989,-0.0052206236869096756,-1.7727143131196499e-07,1,0.81545126438140869,-0.012870858423411846,-0.0049766059964895248,-0.0045534996315836906,1.0869917869567871,0,0,0,1,0,0,0,0,0,1,0,0.677390456199646,0.9032515287399292,349.12078857421875,-0.00013487040996551514,-0.0026737898588180542,-0.002538999542593956,0.26643073558807373,0,-0.0079084988683462143,-0.054038949310779572,-0.046048376709222794,0,-10.615170478820801,0,0.051918875426054001,0.039198659360408783,264.18749998032581,-0.010562358424067497,-0.0079878000542521477,267.851806640625,264.46932983398438,8.1107177734375,3.7913455963134766,0.65544319152832031,0.049978740513324738
11760,207.87970983090014,1,0.26778092980384827,243.75,8.0015277862548828,-1.874487497843802e-05,1,160.5152587890625,1,21.604955673217773,8.0961189270019531,197.48572433935513,0.012671207077801228,0.0092869773507118225,-0.00029906292911618948,1.3223112821578979,-0.071724280714988708,-0.054241601377725601,-0.062017496675252914,-0.046900831162929535,2.4217696189880371,-5.0737682613544166e-05,-0.0029122205451130867,2.0467207431793213,-5.3637246310245246e-05,-0.0010588901350274682,-2.0627339836210012e-09,1,0.95992249250411987,-0.0028614827897399664,-0.0010052525904029608,-0.0010906257666647434,1.2798104286193848,0,0,0,1,0,0,0,0,0,1,0,0.93447721004486084,1.245790958404541,349.43682861328125,-2.9510818421840668e-05,-0.00054717157036066055,-0.000517682870849967,2.853060245513916,-0.00039199768798425794,-0.013135457411408424,2.3520641326904297,-0.00036547199124470353,-0.0056218230165541172,-1.7705315258353949e-07,1,0.81523340940475464,-0.012743457220494747,-0.0052563510835170746,-0.0042750337161123753,1.0870229005813599,0,0,0,1,0,0,0,0,0,1,0,0.67597436904907227,0.90133750438690186,349.11566162109375,-0.00018279626965522766,-0.0027476511895656586,-0.0025648968294262886,0.26661098003387451,0,-0.00792740099132061,-0.054059546440839767,-0.046172939240932465,0,-10.675149917602539,0,0.053694430738687515,0.039090380072593689,264.18333331355825,-0.010622039437294006,-0.008032933808863163,267.8507080078125,264.46270751953125,8.0957393646240234,3.8117189407348633,0.62828969955444336,0.046774867922067642
11820,144.08447173633456,1,0.26781278848648071,256.25,8.0010604858398438,0.0003375425876583904,1,160.68455505371094,1,22.006301879882812,8.133845329284668,136.88024814951783,0.011347928084433079,0.0092858336865901947,-0.00029885451658628881,1.3223112821578979,-0.071607083082199097,-0.054152969270944595,-0.062187202274799347,-0.047029171139001846,2.4222652912139893,-4.7112407628446817e-06,-0.0025627829600125551,2.0517096519470215,-2.7029083867091686e-05,-0.00093349616508930922,-2.2191670723259449e-10,1,0.96447718143463135,-0.0025580720975995064,-0.0009064669138751924,-0.0009746745927259326,1.2867629528045654,0,0,0,1,0,0,0,0,0,1,0,0.93981254100799561,1.253612756729126,349.43203735351562,-1.0741874575614929e-05,-0.00049203634262084961,-0.00048133340897038579,2.855032205581665,-0.00024636811576783657,-0.012478780001401901,2.3597135543823242,-0.0002954054216388613,-0.0054511548951268196,-1.7591082723811269e-07,1,0.82278358936309814,-0.012232410721480846,-0.0051557491533458233,-0.0040397141128778458,1.0975481271743774,0,0,0,1,0,0,0,0,0,1,0,0.68475419282913208,0.91309475898742676,349.11090087890625,-0.00014863722026348114,-0.0026600882411003113,-0.0025114270392805338,0.26683315634727478,0,-0.0079471562057733536,-0.054091382771730423,-0.046322807669639587,0,-10.667709350585938,0,0.047957245260477066,0.039085488766431808,264.17916664679069,-0.010614636354148388,-0.0080273356288671494,267.85098266601562,264.45953369140625,8.1331043243408203,3.8941516876220703,0.66888564825057983,0.047024708241224289
11880,140.22011689386594,1,0.26738756895065308,281.25,8.000518798828125,0.00015309915761463344,1,160.83929443359375,1,21.271383285522461,8.1015262603759766,133.20911104917263,0.011486327275633812,0.0092982668429613113,-0.00029714708216488361,1.3223112821578979,-0.071209363639354706,-0.053852193057537079,-0.062185678631067276,-0.047028016299009323,2.4210822582244873,8.1329082604497671e-05,-0.0020314368885010481,2.0566995143890381,6.1112747061997652e-05,-0.00068155972985550761,9.0221874415874481e-10,1,0.97071486711502075,-0.002112765796482563,-0.000742672651540488,-0.00081412913277745247,1.2956790924072266,0,0,0,1,0,0,0,0,0,1,0,0.94761556386947632,1.2645652294158936,349.42684936523438,2.6285648345947266e-05,-0.00039445608854293823,-0.00042074371594935656,2.8566491603851318,8.3995983004570007e-06,-0.011335010640323162,2.3673620223999023,3.6340556107461452e-05,-0.0050505124963819981,-1.755543053150177e-07,1,0.83270806074142456,-0.011343410238623619,-0.0050868531689047813,-0.0035398611798882484,1.1115179061889648,0,0,0,1,0,0,0,0,0,1,0,0.69907546043395996,0.93273931741714478,349.10577392578125,-5.1200389862060547e-05,-0.0024510324001312256,-0.002399833407253027,0.26695221662521362,0,-0.0079568400979042053,-0.054069753736257553,-0.046447597444057465,0,-10.606761932373047,0,0.04855579137802124,0.039140202105045319,264.17499998002313,-0.010553992353379726,-0.0079814735800027847,267.85031127929688,264.4566650390625,8.1010761260986328,4.0703344345092773,0.78001618385314941,0.050336543470621109
11940,100.32937274866612,1,0.26826784014701843,293.75,8.0001211166381836,0.00047527829883620143,1,161.24365234375,1,19.263378143310547,8.0810575485229492,95.312904111232811,0.011648867279291153,0.0092930980026721954,-0.00029933894984424114,1.3223112821578979,-0.071571260690689087,-0.05412587895989418,-0.062718972563743591,-0.047431323677301407,2.4200587272644043,3.9890961488708854e-05,-0.0019384319894015789,2.0620203018188477,7.1401387685909867e-05,-0.00060548132751137018,-1.2223608791828156e-09,1,0.97270357608795166,-0.0019783228635787964,-0.00067688268609344959,-0.00078163750004023314,1.299040675163269,0,0,0,1,0,0,0,0,0,1,0,0.94651556015014648,1.2638390064239502,349.4217529296875,2.2701919078826904e-05,-0.00040563568472862244,-0.00042835710337385535,2.8583259582519531,-0.00018530100351199508,-0.011293932795524597,2.374269962310791,0.00010273180669173598,-0.0050311610102653503,-1.753796823322773e-07,1,0.83485275506973267,-0.011108631268143654,-0.0051338942721486092,-0.0033773286268115044,1.1149833202362061,0,0,0,1,0,0,0,0,0,1,0,0.68733590841293335,0.91775625944137573,349.10076904296875,-7.2084367275238037e-05,-0.0025637000799179077,-0.0024916734546422958,0.26709353923797607,0,-0.0079652499407529831,-0.054048925638198853,-0.046587154269218445,0,-10.685000419616699,0,0.049259170889854431,0.039119146764278412,264.17083331325557,-0.010631841607391834,-0.0080403471365571022,267.8507080078125,264.461181640625,8.080662727355957,4.0408153533935547,0.76890170574188232,0.055387254804372787
12000,179.22725524082489,1,0.26915937662124634,281.25,7.9997835159301758,0.00020372650760691613,1,161.29383850097656,1,18.445838928222656,8.0872640609741211,170.26589247878363,0.011582182720303535,0.0092856492847204208,-0.00030223920475691557,1.3223112821578979,-0.072136402130126953,-0.054553266614675522,-0.06303521990776062,-0.047670483589172363,2.4213395118713379,-6.3715735450387001e-05,-0.0019892351701855659,2.0666263103485107,1.464941306039691e-05,-0.00055061699822545052,-1.8044374883174896e-09,1,0.97440183162689209,-0.0019255194347351789,-0.0005652658874168992,-0.00083736138185486197,1.3027012348175049,0,0,0,1,0,0,0,0,0,1,0,0.94547390937805176,1.2638822793960571,349.4171142578125,-7.6517462730407715e-06,-0.00044439733028411865,-0.00043670297600328922,2.8612320423126221,-0.00061728153377771378,-0.011906779371201992,2.3774256706237793,-0.00012067030183970928,-0.0047917934134602547,-1.7485581338405609e-07,1,0.83773857355117798,-0.011289496906101704,-0.0046711242757737637,-0.0038681563455611467,1.1199740171432495,0,0,0,1,0,0,0,0,0,1,0,0.68314117193222046,0.91366094350814819,349.09588623046875,-0.00016668438911437988,-0.0026923716068267822,-0.0025257146917283535,0.26738369464874268,0,-0.0079867206513881683,-0.054102454334497452,-0.046766728162765503,0,-10.788527488708496,0,0.048970546573400497,0.039086364209651947,264.16666664648801,-0.010734853334724903,-0.0081182494759559631,267.85134887695312,264.45065307617188,8.0871944427490234,3.8715124130249023,0.66387331485748291,0.056078784167766571
12060,181.27105055661818,1,0.26996821165084839,281.25,7.9996252059936523,0.00019349312060512602,1,161.72830200195312,1,19.045171737670898,8.0751543045043945,172.20749802878726,0.010984019376337528,0.0092652030289173126,-0.00030415286892093718,1.3223112821578979,-0.07274705171585083,-0.055015072226524353,-0.06321214884519577,-0.047804288566112518,2.424483060836792,-0.0001252194051630795,-0.0020634443499147892,2.0699737071990967,-4.0655140765011311e-05,-0.00055468804202973843,-2.2409949451684952e-09,1,0.97521436214447021,-0.001938224770128727,-0.00051403266843408346,-0.0008890958852134645,1.305455207824707,0,0,0,1,0,0,0,0,0,1,0,0.9464229941368103,1.2666363716125488,349.41250610351562,-3.2119452953338623e-05,-0.00046765804290771484,-0.00043547854875214398,2.8657934665679932,-0.00085715367458760738,-0.012160381302237511,2.3791751861572266,-0.00033527379855513573,-0.0047614672221243382,-1.7345882952213287e-07,1,0.8410567045211792,-0.01130322739481926,-0.0044261924922466278,-0.0040758415125310421,1.1256659030914307,0,0,0,1,0,0,0,0,0,1,0,0.68859517574310303,0.92209005355834961,349.09121704101562,-0.00022134184837341309,-0.0027176439762115479,-0.0024962271563708782,0.26777368783950806,0,-0.0080158878117799759,-0.054230324923992157,-0.046945445239543915,0,-10.856836318969727,0,0.046385142952203751,0.038998216390609741,264.16249997972045,-0.010802822187542915,-0.0081696510314941406,267.8511962890625,264.441650390625,8.0749998092651367,3.8837523460388184,0.62377446889877319,0.052297033369541168
12120,206.84244578783009,1,0.26985633373260498,243.75,8.0004243850708008,-0.00038873968878760934,1,161.59342956542969,1,18.928482055664062,8.0722560882568359,196.50032349843858,0.011122896336019039,0.0092588579282164574,-0.00030402839183807373,1.3223112821578979,-0.072799503803253174,-0.055054739117622375,-0.063029780983924866,-0.047666370868682861,2.4275660514831543,-8.1708072684705257e-05,-0.0019328704802319407,2.0722651481628418,-5.0512520829215646e-05,-0.00047863548388704658,-1.8480932340025902e-09,1,0.9772188663482666,-0.001851162756793201,-0.00042812241008505225,-0.00089710450265556574,1.3098937273025513,0,0,0,1,0,0,0,0,0,1,0,0.94914084672927856,1.2719213962554932,349.40777587890625,-3.1109899282455444e-05,-0.00044873170554637909,-0.00041752334800548851,2.8704004287719727,-0.00066445302218198776,-0.011627444997429848,2.3805265426635742,-0.00032468987046740949,-0.0044213654473423958,-1.7123238649219275e-07,1,0.84844905138015747,-0.01096299197524786,-0.004096674732863903,-0.0040985993109643459,1.1370048522949219,0,0,0,1,0,0,0,0,0,1,0,0.70081198215484619,0.93939584493637085,349.086669921875,-0.00019247457385063171,-0.0026045311242341995,-0.0024118991568684578,0.26816296577453613,0,-0.0080443592742085457,-0.054383464157581329,-0.047091007232666016,0,-10.852392196655273,0,0.046984795480966568,0.038970232009887695,264.15833331295289,-0.010798400267958641,-0.0081663075834512711,267.850830078125,264.43856811523438,8.0722084045410156,3.8429911136627197,0.71745502948760986,0.053973536938428879
12180,199.82998232706251,1,0.26980075240135193,243.75,8.0013446807861328,-0.00029035066836513579,1,161.50859069824219,1,17.994482040405273,8.1087884902954102,189.83848321070937,0.011594980023801327,0.0092623336240649223,-0.00030400019022636116,1.3223112821578979,-0.072828426957130432,-0.055076614022254944,-0.062935724854469299,-0.04759524017572403,2.4304623603820801,-7.5658957939594984e-05,-0.0017178421840071678,2.0739274024963379,-7.0819776738062501e-05,-0.00038030132418498397,-5.8207660913467407e-10,1,0.98033374547958374,-0.0016421821201220155,-0.00030948076164349914,-0.00084666244219988585,1.3156254291534424,0,0,0,1,0,0,0,0,0,1,0,0.9511038064956665,1.2762174606323242,349.40298461914062,-2.6144087314605713e-05,-0.00042489916086196899,-0.00039848170126788318,2.8752560615539551,-0.00058048282517120242,-0.011288469657301903,2.3813648223876953,-0.00036845338763669133,-0.0043658344075083733,-1.7130514606833458e-07,1,0.85195189714431763,-0.01070798747241497,-0.00399737898260355,-0.0039980332367122173,1.1432163715362549,0,0,0,1,0,0,0,0,0,1,0,0.70465278625488281,0.94556999206542969,349.08245849609375,-0.00017742812633514404,-0.0025616735219955444,-0.0023841981310397387,0.268450528383255,0,-0.0080655859783291817,-0.054502490907907486,-0.04718586802482605,0,-10.851386070251465,0,0.04902590811252594,0.038985639810562134,264.15416664618533,-0.010797399096190929,-0.0081655504181981087,267.84988403320312,264.43585205078125,8.1087684631347656,3.8800320625305176,0.62445694208145142,0.041741859167814255
12240,188.97945008736127,1,0.27006316184997559,243.75,8.0004978179931641,-0.00036581928725354373,1,161.63546752929688,1,16.502016067504883,8.111750602722168,179.5304775829932,0.011146320961415768,0.0092495791614055634,-0.00030464873998425901,1.3223112821578979,-0.072992861270904541,-0.055200967937707901,-0.063031934201717377,-0.047667998820543289,2.4329733848571777,-0.00010174670023843646,-0.0016438360325992107,2.0752439498901367,-8.6948391981422901e-05,-0.00042546301847323775,3.2014213502407074e-10,1,0.98085063695907593,-0.0015420885756611824,-0.00033851421903818846,-0.00075733207631856203,1.3178458213806152,0,0,0,1,0,0,0,0,0,1,0,0.95343881845474243,1.2810820341110229,349.398193359375,-2.4884939193725586e-05,-0.00039992481470108032,-0.00037481033359654248,2.876436710357666,-0.000465726712718606,-0.010787184350192547,2.3816637992858887,-0.0003235270269215107,-0.0044443109072744846,-1.7072306945919991e-07,1,0.85437202453613281,-0.01032145693898201,-0.0041207820177078247,-0.0036494294181466103,1.1481583118438721,0,0,0,1,0,0,0,0,0,1,0,0.71534931659698486,0.9615435004234314,349.07803344726562,-0.00015871226787567139,-0.0024526119232177734,-0.0022938819602131844,0.26871910691261292,0,-0.0080857835710048676,-0.054620489478111267,-0.047266066074371338,0,-10.87453556060791,0,0.047086015343666077,0.038930356502532959,264.14999997941777,-0.010820433497428894,-0.0081829698756337166,267.84725952148438,264.44552612304688,8.1116523742675781,3.8376569747924805,0.53228545188903809,0.034924980252981186
12300,193.93130002515565,1,0.27012962102890015,256.25,8.0012311935424805,0.00036944015300832689,1,161.76101684570312,1,15.301535606384277,8.1071872711181641,184.23473502389785,0.011132556013762951,0.0092399418354034424,-0.00030463706934824586,1.3223112821578979,-0.072947382926940918,-0.055166572332382202,-0.063157118856906891,-0.047762669622898102,2.4335098266601562,-0.00010918319458141923,-0.0017962909769266844,2.0762920379638672,-9.2835267423652112e-05,-0.00062791135860607028,6.1118043959140778e-10,1,0.97736364603042603,-0.0016871067928150296,-0.00053507531993091106,-0.00070552772376686335,1.3145289421081543,0,0,0,1,0,0,0,0,0,1,0,0.95197772979736328,1.2806246280670166,349.39309692382812,-2.4158507585525513e-05,-0.00040737912058830261,-0.00038300908636301756,2.8713774681091309,-0.00037011998938396573,-0.010565964505076408,2.3801727294921875,-0.00026253104442730546,-0.0046584070660173893,-1.7241109162569046e-07,1,0.85289144515991211,-0.010195843875408173,-0.0043958742171525955,-0.0033619962632656097,1.1475974321365356,0,0,0,1,0,0,0,0,0,1,0,0.72600078582763672,0.9773566722869873,349.072509765625,-0.00014547258615493774,-0.0023496747016906738,-0.0022042556665837765,0.26896810531616211,0,-0.0081033250316977501,-0.054723739624023438,-0.047347463667392731,0,-10.874118804931641,0,0.047026544809341431,0.038888856768608093,264.14583331265021,-0.01082001905888319,-0.0081826569512486458,267.8465576171875,264.44366455078125,8.1064748764038086,3.8003833293914795,0.49330770969390869,0.027615083381533623
12360,138.81757497669435,1,0.26958280801773071,243.75,8.0022296905517578,-0.00013987721467856318,1,161.40945434570312,1,14.885711669921875,8.0998554229736328,131.87669622785961,0.011267997324466705,0.0092628626152873039,-0.00030345033155754209,1.3223112821578979,-0.072589285671710968,-0.054895762354135513,-0.062974452972412109,-0.047624528408050537,2.4318158626556396,-9.209822746925056e-05,-0.0020620257128030062,2.076859712600708,-7.0594833232462406e-05,-0.00076835713116452098,2.9103830456733704e-09,1,0.97301727533340454,-0.0019699269905686378,-0.00069776177406311035,-0.00076820654794573784,1.3094955682754517,0,0,0,1,0,0,0,0,0,1,0,0.94931352138519287,1.2777187824249268,349.3876953125,-1.8622726202011108e-05,-0.00042545050382614136,-0.00040667754365131259,2.8611788749694824,-0.00039318966446444392,-0.010641991160809994,2.376981258392334,-0.00025906463270075619,-0.0047209039330482483,-1.7258571460843086e-07,1,0.852164626121521,-0.010248802602291107,-0.0044618379324674606,-0.0033485959284007549,1.1472032070159912,0,0,0,1,0,0,0,0,0,1,0,0.73269271850585938,0.98664247989654541,349.0662841796875,-0.00015094876289367676,-0.0023079663515090942,-0.0021570881363004446,0.26914006471633911,0,-0.0081156054511666298,-0.054784160107374191,-0.047415629029273987,0,-10.831758499145508,0,0.04761173203587532,0.038987100124359131,264.14166664588265,-0.010777869261801243,-0.0081507805734872818,267.845947265625,264.43692016601562,8.0998029708862305,3.8562569618225098,0.5593794584274292,0.031377509236335754
12420,150.61375056699475,1,0.268309086561203,243.75,8.0019617080688477,-0.0003163799992762506,1,160.4058837890625,1,14.705766677856445,8.1112451553344727,143.08306303864501,0.012101671658456326,0.0093170460313558578,-0.00030104114557616413,1.3223112821578979,-0.071850627660751343,-0.054337151348590851,-0.062443330883979797,-0.047222867608070374,2.4279434680938721,-6.6471795435063541e-05,-0.0021851107012480497,2.0761876106262207,-4.3953274143859744e-05,-0.00074218015652149916,2.3428583517670631e-09,1,0.97173619270324707,-0.0021186382509768009,-0.0006982266204431653,-0.00086185918189585209,1.3073822259902954,0,0,0,1,0,0,0,0,0,1,0,0.94940614700317383,1.2772825956344604,349.38201904296875,-9.0487301349639893e-06,-0.00041981041431427002,-0.00041068150312639773,2.8499577045440674,-0.00040598268969915807,-0.010686835274100304,2.3740344047546387,-0.00024181505432352424,-0.0043811253271996975,-1.7236743588000536e-07,1,0.85552978515625,-0.010280851274728775,-0.0041393088176846504,-0.0036078253760933876,1.1509971618652344,0,0,0,1,0,0,0,0,0,1,0,0.73864012956619263,0.99366557598114014,349.05999755859375,-0.00014568120241165161,-0.002265244722366333,-0.0021194545552134514,0.26909950375556946,0,-0.0081158857792615891,-0.054753877222537994,-0.047418061643838882,0,-10.745762825012207,0,0.05122118815779686,0.039219535887241364,264.13749997911509,-0.010692301206290722,-0.0080860694870352745,267.846923828125,264.43231201171875,8.0855484008789062,3.8468244075775146,0.70852851867675781,0.033855706453323364
12480,213.61439959613614,1,0.26688289642333984,256.25,8.0015487670898438,0.00028910409309901297,1,159.0703125,1,14.899255752563477,8.0755748748779297,202.93367961632933,0.011113056913018227,0.0093763107433915138,-0.0002987535553984344,1.3223112821578979,-0.071035802364349365,-0.053720936179161072,-0.061842247843742371,-0.046768296509981155,2.4229640960693359,-5.9925951063632965e-05,-0.0020945931319147348,2.0743684768676758,-4.5318971388041973e-05,-0.00061630876734852791,9.6042640507221222e-10,1,0.97379648685455322,-0.0020346669480204582,-0.00057098956312984228,-0.00090145459398627281,1.3086934089660645,0,0,0,1,0,0,0,0,0,1,0,0.95169568061828613,1.2788577079772949,349.376220703125,-3.63960862159729e-06,-0.00039723515510559082,-0.0003934958076570183,2.8403425216674805,-0.00038540468085557222,-0.010585051961243153,2.3713085651397705,-0.00025852926773950458,-0.0038983582053333521,-1.7316779121756554e-07,1,0.86089086532592773,-0.010199647396802902,-0.003639827948063612,-0.003931698389351368,1.1567816734313965,0,0,0,1,0,0,0,0,0,1,0,0.74209952354431152,0.99696362018585205,349.053955078125,-0.00013402104377746582,-0.002226613461971283,-0.0020925686694681644,0.26881271600723267,0,-0.0081048561260104179,-0.054621420800685883,-0.047340106219053268,0,-10.664106369018555,0,0.046942315995693207,0.039472475647926331,264.13333331234753,-0.010611050762236118,-0.0080246236175298691,267.84725952148438,264.430908203125,8.0754985809326172,3.859288215637207,0.73374676704406738,0.035497128963470459
12540,219.15152303708226,1,0.26529508829116821,243.75,8.0020866394042969,-0.00030415735091082752,1,157.97557067871094,1,15.864129066467285,8.080958366394043,208.19394688522814,0.010964600369334221,0.009425012394785881,-0.00029548656311817467,1.3223112821578979,-0.070075415074825287,-0.052994642406702042,-0.061243452131748199,-0.046315457671880722,2.4169588088989258,-3.1675794161856174e-05,-0.0016350930090993643,2.071887731552124,-2.3233704268932343e-05,-0.00044502894161269069,2.2773747332394123e-09,1,0.97941476106643677,-0.0016034170985221863,-0.000421795470174402,-0.00073076854459941387,1.3138314485549927,0,0,0,1,0,0,0,0,0,1,0,0.96045666933059692,1.2882319688796997,349.37030029296875,1.3910233974456787e-05,-0.00030703842639923096,-0.00032090710010379553,2.83349609375,-0.0002912093186751008,-0.0095992004498839378,2.3682527542114258,-0.00018698006169870496,-0.0035920660011470318,-1.7200363799929619e-07,1,0.87153118848800659,-0.0093079907819628716,-0.0034050852991640568,-0.0035244524478912354,1.169036865234375,0,0,0,1,0,0,0,0,0,1,0,0.76159071922302246,1.0213996171951294,349.048095703125,-8.555874228477478e-05,-0.0020121894776821136,-0.0019266726449131966,0.2682986855506897,0,-0.0080820508301258087,-0.054387778043746948,-0.04718993604183197,0,-10.547488212585449,0,0.046301320195198059,0.03968048095703125,264.12916664557997,-0.010495013557374477,-0.0079368706792593002,267.84637451171875,264.42654418945312,8.0807590484619141,3.9611740112304688,0.64930152893066406,0.034170564264059067
12600,212.22546895200307,1,0.26501017808914185,281.25,8.001704216003418,0.0002116061223205179,1,157.99972534179688,1,16.226675033569336,8.1321802139282227,201.61419550440291,0.011830491945147514,0.0094633353874087334,-0.00029449054272845387,1.3223112821578979,-0.069764420390129089,-0.052759453654289246,-0.061295218765735626,-0.046354606747627258,2.4098641872406006,-0.00011811713920906186,-0.0014644959010183811,2.0698938369750977,-9.1972062364220619e-05,-0.00050522398669272661,2.1391315385699272e-09,1,0.98219102621078491,-0.0013463783543556929,-0.00041325177880935371,-0.00056957162450999022,1.3145551681518555,0,0,0,1,0,0,0,0,0,1,0,0.96519672870635986,1.2917001247406006,349.36422729492188,7.9534947872161865e-06,-0.00027317926287651062,-0.00028106564423069358,2.8260550498962402,-0.00052212155424058437,-0.0089027024805545807,2.3645997047424316,-0.00038343531196005642,-0.0038291243836283684,-1.726148184388876e-07,1,0.88072168827056885,-0.008380579762160778,-0.0034456881694495678,-0.0028928960673511028,1.17850661277771,0,0,0,1,0,0,0,0,0,1,0,0.77720248699188232,1.0398364067077637,349.04193115234375,-0.00010588020086288452,-0.0019009485840797424,-0.0017949626781046391,0.26769641041755676,0,-0.0080517828464508057,-0.054102115333080292,-0.047027260065078735,0,-10.511935234069824,0,0.050045717507600784,0.039847765117883682,264.12499997881241,-0.010459637269377708,-0.007910117506980896,267.84518432617188,264.42666625976562,8.1313772201538086,4.0126891136169434,0.68691790103912354,0.033026561141014099
12660,202.56992371360286,1,0.26513692736625671,281.25,8.0011367797851562,0.00025815493427217007,1,157.96806335449219,1,15.385290145874023,8.1508045196533203,192.44142752792271,0.011920131742954254,0.0094797117635607719,-0.00029497238574549556,1.3223112821578979,-0.069770842790603638,-0.05276431143283844,-0.061422422528266907,-0.04645080491900444,2.403233528137207,-0.00016606837743893266,-0.0015612116549164057,2.0686042308807373,-0.00014117105456534773,-0.00062903488287702203,1.1714291758835316e-09,1,0.98111468553543091,-0.0013951435685157776,-0.00048786355182528496,-0.00054704328067600727,1.3106534481048584,0,0,0,1,0,0,0,0,0,1,0,0.96656906604766846,1.2910687923431396,349.35824584960938,-5.5432319641113281e-06,-0.00027628988027572632,-0.00027069373754784465,2.8178348541259766,-0.00060638296417891979,-0.0088697429746389389,2.3606901168823242,-0.00049570098053663969,-0.0040064826607704163,-1.7246929928660393e-07,1,0.88161492347717285,-0.0082633588463068008,-0.0035107813309878111,-0.0027763913385570049,1.1771944761276245,0,0,0,1,0,0,0,0,0,1,0,0.77924299240112305,1.0401664972305298,349.03594970703125,-0.00013049691915512085,-0.0019094198942184448,-0.0017790120327845216,0.2672189474105835,0,-0.0080276886001229286,-0.053864561021327972,-0.046920560300350189,0,-10.529134750366211,0,0.050434108823537827,0.03991902619600296,264.12083331204485,-0.010476751253008842,-0.0079230600968003273,267.84442138671875,264.42230224609375,8.1503448486328125,3.923281192779541,0.62413555383682251,0.03152744472026825
12720,204.53613606104284,1,0.26410725712776184,243.75,8.000422477722168,-7.6889657066203654e-05,1,156.91799926757812,1,14.70060920715332,8.1245670318603516,194.3093292579907,0.011933684349060059,0.0095348432660102844,-0.00029350011027418077,1.3223112821578979,-0.069181933999061584,-0.052318945527076721,-0.061000831425189972,-0.046131975948810577,2.3960330486297607,-0.00010886823292821646,-0.0014508878812193871,2.0666725635528564,-0.00010415742872282863,-0.00058494281256571412,1.1204974725842476e-09,1,0.98173367977142334,-0.0013420197647064924,-0.00048078485997393727,-0.00051949720364063978,1.3090494871139526,0,0,0,1,0,0,0,0,0,1,0,0.9698825478553772,1.29298996925354,349.35235595703125,-1.3560056686401367e-06,-0.000246439129114151,-0.0002450906322337687,2.8079183101654053,-0.00042238307651132345,-0.0082522351294755936,2.3559699058532715,-0.00035069073783233762,-0.0037729321047663689,-1.7104321159422398e-07,1,0.88682186603546143,-0.0078298505395650864,-0.0034222411923110485,-0.0025673292111605406,1.1818602085113525,0,0,0,1,0,0,0,0,0,1,0,0.7911534309387207,1.0536308288574219,349.02996826171875,-0.00010317564010620117,-0.0017881542444229126,-0.0016849285457283258,0.2667309045791626,0,-0.0080056348815560341,-0.053627632558345795,-0.04680778831243515,0,-10.476581573486328,0,0.05049283429980278,0.040155179798603058,264.11666664527729,-0.010424459353089333,-0.0078835142776370049,267.84381103515625,264.41427612304688,8.0859870910644531,3.8586883544921875,0.6425706148147583,0.030951805412769318
12780,170.47905713869503,1,0.26274564862251282,243.75,8.0004148483276367,-9.1637768491636962e-05,1,155.69703674316406,1,15.685646057128906,8.1609897613525391,161.95510428176027,0.011690559796988964,0.0096073076128959656,-0.00029125018045306206,1.3223112821578979,-0.068346038460731506,-0.051686801016330719,-0.060514237731695175,-0.045763988047838211,2.3871169090270996,-9.9915254395455122e-05,-0.0013642802368849516,2.0640144348144531,-9.1539317509159446e-05,-0.00047198048559948802,1.178705133497715e-09,1,0.98341667652130127,-0.0012643650406971574,-0.00038044055690988898,-0.00054597156122326851,1.3082290887832642,0,0,0,1,0,0,0,0,0,1,0,0.97403067350387573,1.295602560043335,349.3463134765625,-1.255422830581665e-06,-0.00021158531308174133,-0.00021035048121120781,2.7952089309692383,-0.00039010355249047279,-0.007623590063303709,2.3519191741943359,-0.00028668486629612744,-0.003435519989579916,-1.7249840311706066e-07,1,0.89511102437973022,-0.0072334837168455124,-0.0031488344538956881,-0.0023920005187392235,1.1901946067810059,0,0,0,1,0,0,0,0,0,1,0,0.80346047878265381,1.0678684711456299,349.023681640625,-9.7170472145080566e-05,-0.0016756951808929443,-0.001578441122546792,0.26610711216926575,0,-0.0079779531806707382,-0.053332526236772537,-0.046651724725961685,0,-10.396270751953125,0,0.049439646303653717,0.040465861558914185,264.11249997850973,-0.010344548150897026,-0.0078230807557702065,267.8427734375,264.41030883789062,8.0854263305664062,3.9875106811523438,0.5363013744354248,0.027946310117840767
12840,155.83914684025311,1,0.26127162575721741,393.75,7.9992022514343262,0.00065573229221627116,1,154.38325500488281,1,15.805667877197266,8.1636409759521484,148.04718949824044,0.011980440467596054,0.0096862008795142174,-0.00028881285106763244,1.3223112821578979,-0.067465350031852722,-0.051020778715610504,-0.059967927634716034,-0.045350838452577591,2.3767094612121582,-6.1798025853931904e-05,-0.001232086680829525,2.0609457492828369,-4.8452813643962145e-05,-0.00029616701067425311,2.9103830456733704e-11,1,0.98555141687393188,-0.0011702885385602713,-0.00024771384778432548,-0.00058385299053043127,1.3072447776794434,0,0,0,1,0,0,0,0,0,1,0,0.97849380970001221,1.2978190183639526,349.34014892578125,4.9173831939697266e-06,-0.00016814842820167542,-0.00017306316294707358,2.7813658714294434,-0.00031134142773225904,-0.0071174139156937599,2.349027156829834,-0.00019495951710268855,-0.0029334535356611013,-1.706357579678297e-07,1,0.90265154838562012,-0.0068060681223869324,-0.0027384939603507519,-0.0024257004261016846,1.1968910694122314,0,0,0,1,0,0,0,0,0,1,0,0.81147801876068115,1.0757608413696289,349.01748657226562,-8.3565711975097656e-05,-0.0015871897339820862,-0.0015034608077257872,0.26532924175262451,0,-0.0079433126375079155,-0.052968896925449371,-0.046450309455394745,0,-10.309269905090332,0,0.050695531070232391,0.040804386138916016,264.10833331174217,-0.010257979854941368,-0.0077576134353876114,267.84207153320312,264.41165161132812,8.0807332992553711,3.8784658908843994,0.67702227830886841,0.029597615823149681
12900,157.11487246699943,1,0.26072272658348083,256.25,7.9996390342712402,0.00024327955907210708,1,153.43663024902344,1,14.995870590209961,8.13897705078125,149.25912884364945,0.01216728612780571,0.0097419805824756622,-0.00028876704163849354,1.3223112821578979,-0.067090228199958801,-0.050737090408802032,-0.059819493442773819,-0.045238588005304337,2.3667521476745605,-4.0934246499091387e-05,-0.0012316694483160973,2.058222770690918,-2.7060683351010084e-05,-0.00024656642926856875,8.7311491370201111e-10,1,0.98544543981552124,-0.0011907349107787013,-0.00021950536756776273,-0.00061949132941663265,1.3030731678009033,0,0,0,1,0,0,0,0,0,1,0,0.97771531343460083,1.2928431034088135,349.33428955078125,4.2095780372619629e-06,-0.00017347931861877441,-0.00017754161672201008,2.7708346843719482,-0.00037814327515661716,-0.0072406907565891743,2.3479318618774414,-0.00023558654356747866,-0.0028184291440993547,-1.6865669749677181e-07,1,0.90250706672668457,-0.0068625453859567642,-0.0025828424841165543,-0.0025878106243908405,1.1932300329208374,0,0,0,1,0,0,0,0,0,1,0,0.81013000011444092,1.0709092617034912,349.01174926757812,-0.00010898709297180176,-0.001613616943359375,-0.0015044605825096369,0.26450395584106445,0,-0.0079081375151872635,-0.05258004367351532,-0.046232551336288452,0,-10.307633399963379,0,0.051505822688341141,0.04104425385594368,264.10416664497461,-0.01025635190308094,-0.0077563822269439697,267.84323120117188,264.40585327148438,8.0731449127197266,3.9447910785675049,0.58002734184265137,0.035506777465343475
12960,220.81183899361702,1,0.26125073432922363,256.25,8.0011529922485352,0.00024821606348268688,1,153.19866943359375,1,15.154448509216309,8.1244621276855469,209.77124704393614,0.01272312831133604,0.0097452038899064064,-0.00029097628430463374,1.3223112821578979,-0.067224070429801941,-0.050838310271501541,-0.060216661542654037,-0.045538946986198425,2.3592109680175781,-7.6710333814844489e-05,-0.0013454759027808905,2.0576276779174805,-6.1318045482039452e-05,-0.0003589917323552072,9.1677065938711166e-10,1,0.98380976915359497,-0.0012687656562775373,-0.00029767322121188045,-0.0006136009469628334,1.2977100610733032,0,0,0,1,0,0,0,0,0,1,0,0.97353643178939819,1.2842273712158203,349.32894897460938,-9.4734132289886475e-06,-0.00021923333406448364,-0.00020970599143765867,2.7642974853515625,-0.00049736729124560952,-0.0075934142805635929,2.3501987457275391,-0.00036903191357851028,-0.0031777992844581604,-1.6808917280286551e-07,1,0.89743101596832275,-0.0070960470475256443,-0.0028087680693715811,-0.0025826632045209408,1.1835906505584717,0,0,0,1,0,0,0,0,0,1,0,0.79552608728408813,1.049219012260437,349.00640869140625,-0.0001417696475982666,-0.0017564073204994202,-0.001614466542378068,0.26385465264320374,0,-0.0078861266374588013,-0.052254825830459595,-0.046078439801931381,0,-10.386492729187012,0,0.053920179605484009,0.041057959198951721,264.09999997820705,-0.010334818623960018,-0.0078157233074307442,267.84402465820312,264.40023803710938,8.0845756530761719,4.0991616249084473,0.64483976364135742,0.034734629094600677
13020,181.13118322775418,1,0.26164433360099792,256.25,8.0013504028320312,0.00019463113858364522,1,153.12458801269531,1,15.141788482666016,8.1003179550170898,172.07462406636645,0.01230428833514452,0.0097512397915124893,-0.00029243479366414249,1.3223112821578979,-0.067304953932762146,-0.050899479538202286,-0.06053394079208374,-0.045778889209032059,2.3530988693237305,-5.6165576097555459e-05,-0.001334768021479249,2.0591044425964355,-5.3381823818199337e-05,-0.00036174320848658681,8.2218321040272713e-10,1,0.98364275693893433,-0.001278602285310626,-0.00030836116638965905,-0.00061273667961359024,1.2952101230621338,0,0,0,1,0,0,0,0,0,1,0,0.96993911266326904,1.2771306037902832,349.3238525390625,-4.7013163566589355e-06,-0.00024493969976902008,-0.00024025235325098038,2.7587008476257324,-0.00039339630166068673,-0.0076680351048707962,2.353940486907959,-0.00030291517032310367,-0.0033981567248702049,-1.7021375242620707e-07,1,0.89277678728103638,-0.0072746360674500465,-0.0030952421948313713,-0.0024952758103609085,1.1752161979675293,0,0,0,1,0,0,0,0,0,1,0,0.78029453754425049,1.0273029804229736,349.001220703125,-0.00011349841952323914,-0.0018489547073841095,-0.0017351191490888596,0.26340362429618835,0,-0.0078770704567432404,-0.052002336829900742,-0.046003170311450958,0,-10.438556671142578,0,0.052100364118814468,0.041084900498390198,264.09583331143949,-0.010386623442173004,-0.0078549003228545189,267.84329223632812,264.39666748046875,8.1001262664794922,3.9362473487854004,0.58976614475250244,0.039218276739120483
13080,160.53760178157549,1,0.26319009065628052,281.25,8.0015830993652344,0.00019144751422572881,1,153.75921630859375,1,16.239002227783203,8.0963878631591797,152.5107216924967,0.012353691272437572,0.0097109284251928329,-0.00029641998116858304,1.3223112821578979,-0.067990317940711975,-0.051417786628007889,-0.061375908553600311,-0.046415627002716064,2.3490495681762695,-0.00017466640565544367,-0.0015768290031701326,2.0625510215759277,-0.00017809588462114334,-0.00062287977198138833,1.1204974725842476e-09,1,0.98117005825042725,-0.0014021621318534017,-0.00044478377094492316,-0.00059508660342544317,1.2907501459121704,0,0,0,1,0,0,0,0,0,1,0,0.96206480264663696,1.2654875516891479,349.31918334960938,-2.3279339075088501e-05,-0.00032806769013404846,-0.00030489522032439709,2.7558650970458984,-0.00066235789563506842,-0.0088682025671005249,2.3586792945861816,-0.00059909786796197295,-0.0044629937037825584,-1.6922422219067812e-07,1,0.87579035758972168,-0.0082058440893888474,-0.0038638957776129246,-0.0025512904394418001,1.1515491008758545,0,0,0,1,0,0,0,0,0,1,0,0.74535775184631348,0.98018717765808105,348.99658203125,-0.00015211477875709534,-0.0021671131253242493,-0.0020146220922470093,0.26318192481994629,0,-0.0078815771266818047,-0.051842063665390015,-0.04601302370429039,0,-10.580807685852051,0,0.052314843982458115,0.04091300442814827,264.09166664467193,-0.010528166778385639,-0.0079619428142905235,267.84194946289062,264.386962890625,8.0959682464599609,3.9755251407623291,0.60435879230499268,0.046839766204357147
13140,148.51744258956543,1,0.26574936509132385,281.25,8.0015106201171875,0.00022738646657671779,1,155.04359436035156,1,18.168052673339844,8.1632413864135742,141.09157046008715,0.012065540067851543,0.0096377003937959671,-0.00030262366635724902,1.3223112821578979,-0.069204151630401611,-0.052335750311613083,-0.062702365219593048,-0.047418761998414993,2.3494961261749268,-0.00031005148775875568,-0.0020050143357366323,2.0688571929931641,-0.00031785463215783238,-0.0011144222225993872,5.8207660913467407e-11,1,0.97496604919433594,-0.0016949634300544858,-0.00079656793968752027,-0.00053118332289159298,1.2834303379058838,0,0,0,1,0,0,0,0,0,1,0,0.95007342100143433,1.2503849267959595,349.31527709960938,-5.0157308578491211e-05,-0.0004539787769317627,-0.00040396943222731352,2.7596793174743652,-0.00094962469302117825,-0.010605836287140846,2.3659567832946777,-0.00092443084577098489,-0.0057884221896529198,-1.7005368135869503e-07,1,0.85149216651916504,-0.0096562113612890244,-0.0048639914020895958,-0.0027877753600478172,1.120103120803833,0,0,0,1,0,0,0,0,0,1,0,0.70759725570678711,0.93072664737701416,348.99267578125,-0.00021271407604217529,-0.0025387108325958252,-0.0023258118890225887,0.26338955760002136,0,-0.0079124681651592255,-0.051852114498615265,-0.046184711158275604,0,-10.802249908447266,0,0.051064487546682358,0.040599431842565536,264.08749997790437,-0.010748507454991341,-0.0081285759806632996,267.84124755859375,264.38394165039062,8.0836696624755859,3.9557445049285889,0.59530186653137207,0.046666178852319717
13200,123.77429831364037,1,0.26734122633934021,281.25,8.0012130737304688,0.00017233664402738214,1,156.04075622558594,1,19.638145446777344,8.1611108779907227,117.58558339795835,0.01202971488237381,0.0095767825841903687,-0.00030612567206844687,1.3223112821578979,-0.070106104016304016,-0.053017850965261459,-0.063378006219863892,-0.047929719090461731,2.353564977645874,-0.00015354214701801538,-0.0021964325569570065,2.0766286849975586,-0.00016449711984023452,-0.001269530737772584,7.5669959187507629e-10,1,0.96851170063018799,-0.0020428905263543129,-0.0011050336761400104,-0.00053829897660762072,1.2775059938430786,0,0,0,1,0,0,0,0,0,1,0,0.93963140249252319,1.238795280456543,349.31170654296875,-2.7172267436981201e-05,-0.00052048265933990479,-0.00049348559696227312,2.7685575485229492,-0.00049512041732668877,-0.011599080637097359,2.3762521743774414,-0.0004781761672347784,-0.0063658161088824272,-1.7005368135869503e-07,1,0.82672178745269775,-0.011103960685431957,-0.0058876411058008671,-0.0030056028626859188,1.0898654460906982,0,0,0,1,0,0,0,0,0,1,0,0.67277562618255615,0.88594245910644531,348.9891357421875,-0.00015252828598022461,-0.0027782469987869263,-0.0026255042757838964,0.26393389701843262,0,-0.0079615768045186996,-0.052008189260959625,-0.046464428305625916,0,-10.92725658416748,0,0.050909150391817093,0.040338478982448578,264.08333331113681,-0.01087289210408926,-0.0082226414233446121,267.84201049804688,264.37625122070312,8.0573768615722656,4.2058234214782715,0.66443908214569092,0.048358265310525894
13260,126.07959353813398,1,0.26779347658157349,243.75,8.0010690689086914,-0.00040160611388273537,1,156.250732421875,1,20.347650527954102,8.1946144104003906,119.77561386122727,0.012461605481803417,0.0095514077693223953,-0.00030726840486750007,1.3223112821578979,-0.070404686033725739,-0.05324365571141243,-0.063524886965751648,-0.04804079607129097,2.359215259552002,9.5905910711735487e-05,-0.0020487820729613304,2.08477783203125,9.6280622528865933e-05,-0.0010943553643301129,2.3283064365386963e-10,1,0.96662729978561401,-0.0021446880418807268,-0.0011906361905857921,-0.00054673076374456286,1.2782617807388306,0,0,0,1,0,0,0,0,0,1,0,0.93510586023330688,1.2356903553009033,349.30819702148438,1.161918044090271e-05,-0.00052348151803016663,-0.00053526461124420166,2.7789373397827148,0.00023128246539272368,-0.011336106806993484,2.3891744613647461,0.00025071867275983095,-0.0064333216287195683,-1.7178535927087069e-07,1,0.81375229358673096,-0.011567385867238045,-0.006684041116386652,-0.002745914738625288,1.0763183832168579,0,0,0,1,0,0,0,0,0,1,0,0.64930760860443115,0.85768109560012817,348.98614501953125,-4.2513012886047363e-05,-0.0028689131140708923,-0.0028261234983801842,0.26458737254142761,0,-0.0080130994319915771,-0.052224397659301758,-0.046745125204324722,0,-10.968045234680176,0,0.05278351902961731,0.040228109806776047,264.07916664436925,-0.010913478210568428,-0.0082533350214362144,267.84228515625,264.36883544921875,8.0631523132324219,4.1706576347351074,0.78613120317459106,0.052986070513725281
13320,140.59056975417261,1,0.26783362030982971,243.75,8.0019550323486328,-0.00041436697938479483,1,156.39944458007812,1,20.502292633056641,8.187006950378418,133.56104126646397,0.012027083896100521,0.0095277298241853714,-0.00030711430008523166,1.3223112821578979,-0.070291399955749512,-0.053157981485128403,-0.063692554831504822,-0.048167593777179718,2.3629372119903564,0.00012996362056583166,-0.0018087126081809402,2.0931367874145508,0.0001592834887560457,-0.00091693538706749678,1.9426806829869747e-09,1,0.96985900402069092,-0.00193867611233145,-0.0010762190213426948,-0.00049225398106500506,1.2854323387145996,0,0,0,1,0,0,0,0,0,1,0,0.9378235936164856,1.2423794269561768,349.30435180664062,2.0764768123626709e-05,-0.00049158185720443726,-0.00051251181866973639,2.7872562408447266,0.00033205794170498848,-0.010439932346343994,2.4031643867492676,0.00046466907951980829,-0.0063941981643438339,-1.7236743588000536e-07,1,0.82020664215087891,-0.01077199075371027,-0.006858868058770895,-0.0020981035195291042,1.087885856628418,0,0,0,1,0,0,0,0,0,1,0,0.65474581718444824,0.86836391687393188,348.98297119140625,-2.8813257813453674e-05,-0.0028102807700634003,-0.0027811294421553612,0.26516100764274597,0,-0.0080556459724903107,-0.052396520972251892,-0.046986028552055359,0,-10.962545394897461,0,0.050897743552923203,0.040124915540218353,264.07499997760169,-0.010908005759119987,-0.0082491962239146233,267.84219360351562,264.36163330078125,8.0704078674316406,4.3518471717834473,0.74182498455047607,0.055484306067228317
13380,141.27035273607146,1,0.26936310529708862,243.75,8.0021505355834961,-0.00031698585371486843,1,157.7379150390625,1,21.39185905456543,8.2507686614990234,134.20683509926789,0.012207720428705215,0.0094438381493091583,-0.00030975491972640157,1.3223112821578979,-0.070968031883239746,-0.053669687360525131,-0.064563579857349396,-0.048826310783624649,2.3669071197509766,1.1007068678736687e-05,-0.0019045267254114151,2.1025733947753906,4.1114602936431766e-05,-0.00098911859095096588,1.2223608791828156e-09,1,0.97056120634078979,-0.0019155342597514391,-0.0010302332229912281,-0.0005103858420625329,1.2894864082336426,0,0,0,1,0,0,0,0,0,1,0,0.94212371110916138,1.2515425682067871,349.30044555664062,2.3543834686279297e-06,-0.00047223642468452454,-0.00047470873687416315,2.7966556549072266,3.8786034565418959e-05,-0.011042440310120583,2.4175868034362793,0.00020880997180938721,-0.0067592989653348923,-1.7179991118609905e-07,1,0.81675875186920166,-0.011081225238740444,-0.0069681089371442795,-0.0022304528392851353,1.0858278274536133,0,0,0,1,0,0,0,0,0,1,0,0.6545487642288208,0.87072008848190308,348.9801025390625,-8.0369412899017334e-05,-0.0028719380497932434,-0.0027912731748074293,0.26578867435455322,0,-0.0080962255597114563,-0.052573114633560181,-0.047255270183086395,0,-11.056802749633789,0,0.051681265234947205,0.039764091372489929,264.07083331083413,-0.011001793667674065,-0.0083201238885521889,267.842041015625,264.35598754882812,8.0692634582519531,4.4050064086914062,0.85747122764587402,0.069232411682605743
13440,214.24378366635284,1,0.27246740460395813,256.25,8.0025644302368164,0.00025832379469648004,1,160.41865539550781,1,23.379768371582031,8.4346914291381836,203.53159448303518,0.011816705577075481,0.0093216178938746452,-0.00031523092184215784,1.3223112821578979,-0.072598956525325775,-0.054903075098991394,-0.066075950860977173,-0.049970041960477829,2.3744564056396484,-0.00012639346823561937,-0.0023599397391080856,2.1136693954467773,-7.5481126259546727e-05,-0.0013044645311310887,7.0940586738288403e-11,1,0.96542638540267944,-0.0022335466928780079,-0.0012289837468415499,-0.00058000592980533838,1.2873259782791138,0,0,0,1,0,0,0,0,0,1,0,0.94222670793533325,1.2565793991088867,349.296630859375,-2.0162668079137802e-05,-0.0004922766238451004,-0.00047222402645274997,2.8097331523895264,-0.00045527933980338275,-0.012492280453443527,2.431926965713501,-0.00018525557243265212,-0.0077893831767141819,-1.7127604223787785e-07,1,0.80263423919677734,-0.012037001550197601,-0.0076041272841393948,-0.0024168824311345816,1.0704836845397949,0,0,0,1,0,0,0,0,0,1,0,0.66116499900817871,0.88255536556243896,348.97732543945312,-0.00014361739158630371,-0.0028998330235481262,-0.0027560230810195208,0.26673272252082825,0,-0.0081499237567186356,-0.052877947688102722,-0.047642003744840622,0,-11.252270698547363,0,0.049985978752374649,0.039241693913936615,264.06666664406657,-0.011196289211511612,-0.0084672113880515099,267.84255981445312,264.35281372070312,8.2357177734375,4.4163808822631836,0.99244266748428345,0.074750669300556183
13500,207.64142353783018,1,0.27564442157745361,256.25,8.0031032562255859,0.00034133237204514444,1,163.12297058105469,1,24.560186386108398,8.3027639389038086,197.25935236093866,0.012812228873372078,0.0092371124774217606,-0.00032097595976665616,1.3223112821578979,-0.074336923658847809,-0.056217417120933533,-0.067587301135063171,-0.051113002002239227,2.3847808837890625,-0.00020877557108178735,-0.0029927766881883144,2.1266622543334961,-0.00014992838259786367,-0.0016996895428746939,-2.35741026699543e-09,1,0.95739775896072388,-0.0027840009424835443,-0.001549761276692152,-0.00071557576302438974,1.283064603805542,0,0,0,1,0,0,0,0,0,1,0,0.93643403053283691,1.2549710273742676,349.29290771484375,-3.41758131980896e-05,-0.0005626380443572998,-0.00052850367501378059,2.8245587348937988,-0.00081264553591609001,-0.013365982100367546,2.4490015506744385,-0.00055053434334695339,-0.0087797343730926514,-1.7104321159422398e-07,1,0.79466748237609863,-0.012553336098790169,-0.0082291997969150543,-0.0023118047975003719,1.0646646022796631,0,0,0,1,0,0,0,0,0,1,0,0.65219438076019287,0.87436342239379883,348.97479248046875,-0.00017427653074264526,-0.0030379928648471832,-0.002863624831661582,0.26811212301254272,0,-0.0082225538790225983,-0.053379043936729431,-0.048180922865867615,0,-11.457342147827148,0,0.054307736456394196,0.038883157074451447,264.06249997729901,-0.011400340124964714,-0.0086215250194072723,267.84255981445312,264.35516357421875,8.1574563980102539,4.3943476676940918,0.90227025747299194,0.067216202616691589
13560,219.96899563433919,1,0.2773786187171936,256.25,8.00213623046875,0.00020505856082309037,1,163.564208984375,1,25.300609588623047,8.2731771469116211,208.97054585262222,0.012175737880170345,0.0092012342065572739,-0.00032618999830447137,1.3223112821578979,-0.075456365942955017,-0.0570639967918396,-0.068240649998188019,-0.051607098430395126,2.3971090316772461,-0.00018750716117210686,-0.0034952396526932716,2.1396951675415039,-0.00016359033179469407,-0.0017771456623449922,-1.8335413187742233e-09,1,0.95257240533828735,-0.0033077327534556389,-0.0016135555924847722,-0.0010227223392575979,1.2835078239440918,0,0,0,1,0,0,0,0,0,1,0,0.92281240224838257,1.2431635856628418,349.28973388671875,-3.3039599657058716e-05,-0.00068521127104759216,-0.00065228465246036649,2.8429136276245117,-0.00077204342233017087,-0.014485925436019897,2.4651679992675781,-0.00059429241809993982,-0.00862075574696064,-1.7191632650792599e-07,1,0.78831160068511963,-0.013713881373405457,-0.0080264639109373093,-0.003246641717851162,1.0614384412765503,0,0,0,1,0,0,0,0,0,1,0,0.62265533208847046,0.83870983123779297,348.9727783203125,-0.00017441064119338989,-0.0033207982778549194,-0.0031464598141610622,0.26964491605758667,0,-0.008307894691824913,-0.053975556045770645,-0.048764884471893311,0,-11.643459320068359,0,0.051542475819587708,0.038728892803192139,264.05833331053145,-0.011585531756281853,-0.0087615763768553734,267.841552734375,264.35540771484375,8.105961799621582,4.2071728706359863,0.92610859870910645,0.072522915899753571
13620,206.46025788948435,1,0.27854996919631958,256.25,8.0012054443359375,3.1941108318278566e-05,1,163.861328125,1,24.962594985961914,8.2522954940795898,196.13724499501012,0.012413938529789448,0.0091593917459249496,-0.00032974095665849745,1.3223112821578979,-0.07648053765296936,-0.057838529348373413,-0.06838950514793396,-0.051719672977924347,2.4127614498138428,-0.00017830244905781001,-0.0037312787026166916,2.1500272750854492,-0.00017496921645943075,-0.0016789756482467055,-2.3428583517670631e-09,1,0.95182996988296509,-0.0035529762972146273,-0.0015040065627545118,-0.0012640305794775486,1.2895487546920776,0,0,0,1,0,0,0,0,0,1,0,0.91576850414276123,1.240478515625,349.28704833984375,-3.1828880310058594e-05,-0.0007506832480430603,-0.000718894531019032,2.8652613162994385,-0.00063242495525628328,-0.015450133010745049,2.475916862487793,-0.00053370208479464054,-0.0078559629619121552,-1.6926787793636322e-07,1,0.7861168384552002,-0.014817707240581512,-0.0073222601786255836,-0.0044947001151740551,1.0642751455307007,0,0,0,1,0,0,0,0,0,1,0,0.60842055082321167,0.82442545890808105,348.970703125,-0.00015993416309356689,-0.003454744815826416,-0.0032949279993772507,0.2711566686630249,0,-0.0084008239209651947,-0.054611615836620331,-0.049296349287033081,0,-11.770211219787598,0,0.052576489746570587,0.038548491895198822,264.05416664376389,-0.01171165332198143,-0.0088569559156894684,267.8399658203125,264.35260009765625,8.1379108428955078,4.1990337371826172,0.85192286968231201,0.063022539019584656
13680,229.57776868792595,1,0.27983585000038147,281.25,8.0022001266479492,0.00031065120128914714,1,165.28656005859375,1,23.895450592041016,8.3314075469970703,218.09888025352964,0.011428479105234146,0.0090890200808644295,-0.00033144577173516154,1.3223112821578979,-0.077445328235626221,-0.058568153530359268,-0.068733863532543182,-0.051980093121528625,2.4292440414428711,-0.00021320985979400575,-0.0038561697583645582,2.1577584743499756,-0.00019404551130719483,-0.0017872408498078585,-2.1245796233415604e-09,1,0.95057380199432373,-0.0036429602187126875,-0.0015931956004351377,-0.0012514197733253241,1.294780969619751,0,0,0,1,0,0,0,0,0,1,0,0.91827142238616943,1.2506484985351562,349.28396606445312,-3.1441450119018555e-05,-0.00073504447937011719,-0.00070358696393668652,2.8847043514251709,-0.00057798379566520452,-0.015593481250107288,2.4824309349060059,-0.00043488777009770274,-0.0082132089883089066,-1.6839476302266121e-07,1,0.78205132484436035,-0.0150154959410429,-0.0077783213928341866,-0.0042612790130078793,1.0644855499267578,0,0,0,1,0,0,0,0,0,1,0,0.61928367614746094,0.84397780895233154,348.96774291992188,-0.0001373589038848877,-0.0033698379993438721,-0.003232552669942379,0.27261096239089966,0,-0.0084876231849193573,-0.055264271795749664,-0.049753870815038681,0,-11.83106517791748,0,0.048305582255125046,0.038245677947998047,264.04999997699633,-0.01177220419049263,-0.0089027481153607368,267.83810424804688,264.34478759765625,8.1668949127197266,4.3375401496887207,0.85115200281143188,0.070179589092731476
13740,203.98033167531,1,0.28095740079879761,281.25,8.0020313262939453,0.00022165136761032045,1,166.20187377929688,1,23.362211227416992,8.251434326171875,193.78131509154449,0.012209627777338028,0.0090489992871880531,-0.00033359960070811212,1.3223112821578979,-0.078112252056598663,-0.05907251313328743,-0.069235324859619141,-0.05235932394862175,2.4439544677734375,-0.00015673076268285513,-0.0040808501653373241,2.1650185585021973,-0.00012978562153875828,-0.002093929797410965,-1.6007106751203537e-09,1,0.94489526748657227,-0.0039241192862391472,-0.001964143943041563,-0.0011596049880608916,1.2939444780349731,0,0,0,1,0,0,0,0,0,1,0,0.9118151068687439,1.2482973337173462,349.28045654296875,-2.7924776077270508e-05,-0.00079500675201416016,-0.00076698919292539358,2.8986167907714844,-0.00040329457260668278,-0.015648853033781052,2.4879508018493652,-0.00024676742032170296,-0.0088032307103276253,-1.6810372471809387e-07,1,0.77502900362014771,-0.015245556831359863,-0.0085564637556672096,-0.0038154376670718193,1.0605603456497192,0,0,0,1,0,0,0,0,0,1,0,0.61209231615066528,0.83778446912765503,348.9642333984375,-0.00011944770812988281,-0.0034539699554443359,-0.0033345948904752731,0.27405944466590881,0,-0.0085687227547168732,-0.055922765284776688,-0.050198681652545929,0,-11.90794563293457,0,0.051689539104700089,0.038075041025876999,264.04583331022877,-0.011848702095448971,-0.0089606000110507011,267.83795166015625,264.34695434570312,8.1657199859619141,4.4033441543579102,1.2036514282226562,0.067522935569286346
13800,160.16109692697535,1,0.28073468804359436,293.75,8.0014457702636719,0.00059032352874055505,1,165.902099609375,1,22.587257385253906,8.2894678115844727,152.15304208062656,0.01092191319912672,0.0090354382991790771,-0.00033340827212668955,1.3223112821578979,-0.078005105257034302,-0.058991484344005585,-0.069106802344322205,-0.05226212739944458,2.4558196067810059,-9.1088586486876011e-05,-0.0041200160048902035,2.1707649230957031,-6.1050726799294353e-05,-0.0021822829730808735,-6.5483618527650833e-10,1,0.94246137142181396,-0.0040289275348186493,-0.002121231984347105,-0.0011091064661741257,1.2968344688415527,0,0,0,1,0,0,0,0,0,1,0,0.90818887948989868,1.249367356300354,349.276611328125,-1.8656253814697266e-05,-0.00081990659236907959,-0.00080118444748222828,2.9105267524719238,-0.00030193466227501631,-0.015468759462237358,2.4905548095703125,-0.00016198283992707729,-0.0088072735816240311,-1.6647391021251678e-07,1,0.7756800651550293,-0.01516682468354702,-0.0086452905088663101,-0.0036794450134038925,1.0671972036361694,0,0,0,1,0,0,0,0,0,1,0,0.61849105358123779,0.85106939077377319,348.960693359375,-0.00010037422180175781,-0.0034024417400360107,-0.0033021331764757633,0.27531036734580994,0,-0.0086399810388684273,-0.056487023830413818,-0.050584055483341217,0,-11.901117324829102,0,0.046117078512907028,0.038014590740203857,264.04166664346121,-0.011841908097267151,-0.0089554619044065475,267.8372802734375,264.34677124023438,8.1896438598632812,4.2447161674499512,0.92433667182922363,0.058664146810770035
13860,181.37932821153061,1,0.28087815642356873,293.75,8.0010471343994141,0.00055816100211814046,1,166.20994567871094,1,21.850528717041016,8.3357000350952148,172.31036180095407,0.010914864018559456,0.0090084327384829521,-0.00033330122823826969,1.3223112821578979,-0.078146860003471375,-0.059098687022924423,-0.069107413291931152,-0.052262589335441589,2.4659004211425781,-0.00011039079981856048,-0.0042039919644594193,2.1743180751800537,-9.5314659120049328e-05,-0.0023276759311556816,-7.6761352829635143e-10,1,0.94105046987533569,-0.004093601368367672,-0.0022323611192405224,-0.0010580483358353376,1.2997212409973145,0,0,0,1,0,0,0,0,0,1,0,0.91179013252258301,1.2591807842254639,349.27239990234375,-1.9531697034835815e-05,-0.00079115107655525208,-0.00077154696919023991,2.9192543029785156,-0.00043162982910871506,-0.015591974370181561,2.49127197265625,-0.00033771543530747294,-0.0089104101061820984,-1.6574631445109844e-07,1,0.77752959728240967,-0.015160344541072845,-0.0085726948454976082,-0.0036988346837460995,1.0738892555236816,0,0,0,1,0,0,0,0,0,1,0,0.6338883638381958,0.87579715251922607,348.95693969726562,-0.00011682510375976562,-0.003302060067653656,-0.0031853762920945883,0.27630698680877686,0,-0.0086963828653097153,-0.056946173310279846,-0.05088328942656517,0,-11.897295951843262,0,0.046086650341749191,0.037897802889347076,264.03749997669365,-0.011838105507194996,-0.0089525859802961349,267.83587646484375,264.34063720703125,8.1967830657958984,4.1254167556762695,0.72043693065643311,0.059406004846096039
13920,195.48378306714491,1,0.28048884868621826,256.25,8.002044677734375,6.3935774960555136e-05,1,166.12931823730469,1,23.716232299804688,8.3389015197753906,185.70959391378767,0.011075313203036785,0.009026816114783287,-0.00033207831438630819,1.3223112821578979,-0.077956743538379669,-0.058954909443855286,-0.068886131048202515,-0.052095245569944382,2.4739046096801758,-0.00013012596173211932,-0.0041528688743710518,2.1768691539764404,-0.0001335883280262351,-0.0023735454306006432,1.4551915228366852e-11,1,0.94204729795455933,-0.0040227435529232025,-0.0022399569861590862,-0.0009982971241697669,1.3049700260162354,0,0,0,1,0,0,0,0,0,1,0,0.91765528917312622,1.2712688446044922,349.26779174804688,-2.0481646060943604e-05,-0.0007424578070640564,-0.00072198291309177876,2.9235429763793945,-0.00050838000606745481,-0.015384213998913765,2.4930412769317627,-0.00047793588601052761,-0.008978244848549366,-1.6525154933333397e-07,1,0.78237330913543701,-0.014875832013785839,-0.0085003087297081947,-0.0035412886645644903,1.0837259292602539,0,0,0,1,0,0,0,0,0,1,0,0.65309655666351318,0.90501880645751953,348.95269775390625,-0.00014320015907287598,-0.0031766146421432495,-0.0030335434712469578,0.27712959051132202,0,-0.0087414663285017014,-0.057337883859872818,-0.051131170243024826,0,-11.853643417358398,0,0.046779315918684006,0.037977062165737152,264.03333330992609,-0.011794670484960079,-0.008919738233089447,267.83547973632812,264.338623046875,8.1394672393798828,4.3135480880737305,0.85132050514221191,0.053574219346046448
13980,209.2891335396107,1,0.27839651703834534,256.25,8.0016031265258789,-3.8336089346557856e-05,1,164.59492492675781,1,25.601669311523438,8.4282083511352539,198.82467686263016,0.011302163824439049,0.0090959453955292702,-0.00032772903796285391,1.3223112821578979,-0.076790541410446167,-0.058072969317436218,-0.067870721220970154,-0.051327340304851532,2.4774279594421387,-5.8322497352492064e-05,-0.0037042314652353525,2.1771764755249023,-7.0011905336286873e-05,-0.0020106523297727108,3.2741809263825417e-10,1,0.94850039482116699,-0.0036459094844758511,-0.0019406405044719577,-0.00097149237990379333,1.3157429695129395,0,0,0,1,0,0,0,0,0,1,0,0.92679035663604736,1.2857887744903564,349.2625732421875,-1.1660624295473099e-05,-0.00065519241616129875,-0.00064351863693445921,2.9245266914367676,-0.00030377283110283315,-0.014235114678740501,2.4942448139190674,-0.00029902538517490029,-0.0077954838052392006,-1.6357807908207178e-07,1,0.80098193883895874,-0.013931341469287872,-0.0074964584782719612,-0.0036546075716614723,1.1109417676925659,0,0,0,1,0,0,0,0,0,1,0,0.68380194902420044,0.94872701168060303,348.94769287109375,-0.00012724846601486206,-0.0029004886746406555,-0.0027733603492379189,0.27752351760864258,0,-0.0087624490261077881,-0.057547606527805328,-0.05123046413064003,0,-11.698394775390625,0,0.047759413719177246,0.038272354751825333,264.02916664315853,-0.011640193872153759,-0.0088029149919748306,267.8353271484375,264.3404541015625,8.1939163208007812,4.2440652847290039,0.89123255014419556,0.055710308253765106
14040,206.66398402284298,1,0.27717176079750061,256.25,8.0016822814941406,3.7975132727297023e-05,1,163.35256958007812,1,27.042768478393555,8.5331964492797852,196.33078482170083,0.011804398149251938,0.0091546997427940369,-0.00032588245812803507,1.3223112821578979,-0.076145239174365997,-0.057584956288337708,-0.067242205142974854,-0.050852023065090179,2.4784650802612305,4.6443456085398793e-06,-0.0033510881476104259,2.1755766868591309,-4.6892237151041627e-06,-0.0017156819812953472,1.6261765267699957e-09,1,0.9533270001411438,-0.0033557326532900333,-0.0017109924228861928,-0.00095273531042039394,1.3225237131118774,0,0,0,1,0,0,0,0,0,1,0,0.93182438611984253,1.2928224802017212,349.25714111328125,-8.7358057498931885e-07,-0.00060109421610832214,-0.00060016359202563763,2.9271879196166992,-9.0216286480426788e-05,-0.013610524125397205,2.4936575889587402,-0.00010287476470693946,-0.0069318050518631935,-1.6120611689984798e-07,1,0.8107755184173584,-0.013520306907594204,-0.0068289302289485931,-0.0038830009289085865,1.1245911121368408,0,0,0,1,0,0,0,0,0,1,0,0.68385922908782959,0.94909721612930298,348.943115234375,-9.1850757598876953e-05,-0.0028612017631530762,-0.0027694315649569035,0.27754345536231995,0,-0.0087638888508081436,-0.057589121162891388,-0.051200896501541138,0,-11.632480621337891,0,0.049932662397623062,0.038524147123098373,264.02499997639097,-0.011574607342481613,-0.0087533155456185341,267.83523559570312,264.3382568359375,8.1859455108642578,4.3479509353637695,0.86888253688812256,0.053070619702339172
14100,210.92277113596359,1,0.27704039216041565,256.25,8.00213623046875,6.2785606132820249e-05,1,162.22605895996094,1,26.782089233398438,8.4475784301757812,200.3766325791654,0.012964092195034027,0.0092307394370436668,-0.00032767900847829878,1.3223112821578979,-0.076183974742889404,-0.057614251971244812,-0.067052684724330902,-0.050708699971437454,2.4801621437072754,3.9446022128686309e-05,-0.0030663127545267344,2.1735844612121582,2.8146081604063511e-05,-0.0014624474570155144,2.8230715543031693e-09,1,0.95754653215408325,-0.0031057586893439293,-0.0014905929565429688,-0.000948038708884269,1.3279304504394531,0,0,0,1,0,0,0,0,0,1,0,0.93132203817367554,1.2917041778564453,349.25244140625,6.0200691223144531e-06,-0.00059787184000015259,-0.00060387415578588843,2.93206787109375,4.7395587898790836e-06,-0.013434738852083683,2.4942712783813477,-1.8956430722028017e-05,-0.0065282499417662621,-1.6036210581660271e-07,1,0.81408268213272095,-0.013439476490020752,-0.0065092938020825386,-0.0040527200326323509,1.128793478012085,0,0,0,1,0,0,0,0,0,1,0,0.66136360168457031,0.9180530309677124,348.93939208984375,-6.3084065914154053e-05,-0.0030229762196540833,-0.0029599759727716446,0.27744081616401672,0,-0.0087647316977381706,-0.057581689208745956,-0.051114495843648911,0,-11.696609497070312,0,0.054968643933534622,0.038852270692586899,264.02083330962341,-0.011638417840003967,-0.0088015720248222351,267.83499145507812,264.32797241210938,8.2402572631835938,4.1500625610351562,0.76844805479049683,0.057050779461860657
14160,197.53090245540542,1,0.27839046716690063,256.25,8.0001668930053711,-7.3851406341418624e-05,1,162.2535400390625,1,27.786502838134766,8.4930973052978516,187.65435733263516,0.013503465801477432,0.0092193633317947388,-0.00033243661164306104,1.3223112821578979,-0.076997816562652588,-0.058229722082614899,-0.067628763616085052,-0.051144357770681381,2.4836206436157227,2.6697962312027812e-06,-0.0030722883529961109,2.1731994152069092,5.359332135412842e-06,-0.0014555043308064342,2.2955646272748709e-09,1,0.95784211158752441,-0.0030749589204788208,-0.0014608635101467371,-0.00094461615663021803,1.328722357749939,0,0,0,1,0,0,0,0,0,1,0,0.93050134181976318,1.2909140586853027,349.2484130859375,-1.9837170839309692e-06,-0.0006130952388048172,-0.00061113305855542421,2.9369323253631592,-0.00014606825425289571,-0.014126256108283997,2.4971003532409668,-0.00011192201054655015,-0.0066955592483282089,-1.6122066881507635e-07,1,0.80773758888244629,-0.01398018654435873,-0.0065836361609399319,-0.0043377275578677654,1.1204545497894287,0,0,0,1,0,0,0,0,0,1,0,0.65095114707946777,0.90367937088012695,348.93606567382812,-7.3112547397613525e-05,-0.0031332187354564667,-0.0030602463521063328,0.27748483419418335,0,-0.0087828468531370163,-0.057637877762317657,-0.051073864102363586,0,-11.866434097290039,0,0.057319428771734238,0.038802795112133026,264.01666664285585,-0.0118073970079422,-0.0089293625205755234,267.83468627929688,264.32147216796875,8.2224178314208984,4.3225641250610352,0.74837994575500488,0.052163630723953247
14220,216.55555028845103,1,0.27985984086990356,281.25,8.0009593963623047,0.00025308565818704665,1,162.7579345703125,1,28.065586090087891,8.6108989715576172,205.72777277402847,0.011485885828733444,0.0091776307672262192,-0.00033668175456114113,1.3223112821578979,-0.077797845005989075,-0.0588347427546978,-0.068361498415470123,-0.051698490977287292,2.4888386726379395,-6.5073851146735251e-05,-0.0031450358219444752,2.1746926307678223,-4.540533700492233e-05,-0.0015792823396623135,2.3283064365386963e-10,1,0.95702004432678223,-0.0030799624510109425,-0.0015338771045207977,-0.00088969297939911485,1.329316258430481,0,0,0,1,0,0,0,0,0,1,0,0.93086159229278564,1.2930171489715576,349.24462890625,-1.5908852219581604e-05,-0.00062597915530204773,-0.0006100978353060782,2.9422109127044678,-0.00038092507747933269,-0.014714876189827919,2.5003118515014648,-0.0002651115064509213,-0.0071630976162850857,-1.6007106751203537e-07,1,0.8016853928565979,-0.014333948493003845,-0.0068979859352111816,-0.0043264799751341343,1.1136136054992676,0,0,0,1,0,0,0,0,0,1,0,0.64607858657836914,0.89786839485168457,348.93280029296875,-0.00010429322719573975,-0.0032230094075202942,-0.0031187604181468487,0.27781456708908081,0,-0.0088217239826917648,-0.057811729609966278,-0.051146730780601501,0,-12.017965316772461,0,0.048553872853517532,0.038621798157691956,264.01249997608829,-0.011958174407482147,-0.0090433880686759949,267.83358764648438,264.32327270507812,8.3580741882324219,4.2033824920654297,0.64854180812835693,0.050096791237592697
14280,221.63925890576854,1,0.27953794598579407,256.25,8.0020008087158203,-1.4034664673090447e-05,1,162.55000305175781,1,27.841606140136719,8.6221647262573242,210.5572959604801,0.011624515056610107,0.009203815832734108,-0.0003359505208209157,1.3223112821578979,-0.077633827924728394,-0.058710705488920212,-0.068187445402145386,-0.051566865295171738,2.4932739734649658,-0.00010130224836757407,-0.0027997526340186596,2.1760663986206055,-9.0316287241876125e-05,-0.0014111095806583762,8.5128704085946083e-10,1,0.96257340908050537,-0.0026984510477632284,-0.0013207934098318219,-0.00079581915633752942,1.3387972116470337,0,0,0,1,0,0,0,0,0,1,0,0.93961673974990845,1.3069082498550415,349.24066162109375,-1.91517174243927e-05,-0.00055398233234882355,-0.00053485517855733633,2.9456667900085449,-0.00044450681889429688,-0.013951451517641544,2.5023682117462158,-0.00035258001298643649,-0.0067449337802827358,-1.5999830793589354e-07,1,0.8145444393157959,-0.013506943359971046,-0.0063923532143235207,-0.0041504409164190292,1.1329188346862793,0,0,0,1,0,0,0,0,0,1,0,0.67252373695373535,0.93578970432281494,348.92919921875,-0.00011873245239257812,-0.0030167028307914734,-0.002898010890930891,0.27817028760910034,0,-0.0088619431480765343,-0.057996571063995361,-0.051243096590042114,0,-11.991864204406738,0,0.049153752624988556,0.038735121488571167,264.00833330932073,-0.01193220354616642,-0.009023747406899929,267.8336181640625,264.314453125,8.3626194000244141,4.2218608856201172,0.82466709613800049,0.058005534112453461
14340,216.40634186037957,1,0.27896082401275635,256.25,8.0019512176513672,-4.5695720473304391e-05,1,162.21517944335938,1,26.954858779907227,8.631871223449707,205.58602476736058,0.012733512558043003,0.0092479875311255455,-0.0003345631412230432,1.3223112821578979,-0.077216416597366333,-0.058395035564899445,-0.068016663193702698,-0.051437709480524063,2.4947891235351562,-9.6712523372843862e-05,-0.0024272296577692032,2.1766433715820312,-9.9625496659427881e-05,-0.0012437966652214527,-1.178705133497715e-09,1,0.9677194356918335,-0.0023305178619921207,-0.0011441714596003294,-0.00068454141728579998,1.3467056751251221,0,0,0,1,0,0,0,0,0,1,0,0.94834637641906738,1.3198277950286865,349.2362060546875,-1.8863007426261902e-05,-0.00047745183110237122,-0.00045858777593821287,2.9468984603881836,-0.00041625546873547137,-0.013044680468738079,2.5039973258972168,-0.00036081793950870633,-0.0065275123342871666,-1.5864497981965542e-07,1,0.82537752389907837,-0.012628423050045967,-0.0061666932888329029,-0.0037322887219488621,1.1484904289245605,0,0,0,1,0,0,0,0,0,1,0,0.69060641527175903,0.96156615018844604,348.9251708984375,-0.00011783838272094727,-0.002861369401216507,-0.0027434797957539558,0.27833059430122375,0,-0.0088867228478193283,-0.058090664446353912,-0.051283285021781921,0,-11.942339897155762,0,0.053965363651514053,0.038926903158426285,264.00416664255317,-0.011882925406098366,-0.0089864814653992653,267.83352661132812,264.30841064453125,8.3773841857910156,4.2363629341125488,0.7936549186706543,0.064631953835487366
14400,179.72723672171912,1,0.27857580780982971,281.25,8.0019187927246094,0.00022549035202246159,1,161.84324645996094,1,25.445144653320312,8.6410951614379883,170.74087488563316,0.012346862815320492,0.0092810429632663727,-0.0003339454997330904,1.3223112821578979,-0.076953984797000885,-0.058196574449539185,-0.067885138094425201,-0.05133824422955513,2.4950833320617676,-6.6861219238489866e-05,-0.0022302174475044012,2.1773881912231445,-7.0970854721963406e-05,-0.00096102827228605747,2.3283064365386963e-10,1,0.97151178121566772,-0.002163357101380825,-0.00089005741756409407,-0.00076569034717977047,1.3523263931274414,0,0,0,1,0,0,0,0,0,1,0,0.9562983512878418,1.3311746120452881,349.231689453125,-1.0594725608825684e-05,-0.00039970129728317261,-0.0003891324158757925,2.9470114707946777,-0.00026639527641236782,-0.012502285651862621,2.5065369606018066,-0.00024722563102841377,-0.0059416554868221283,-1.5972182154655457e-07,1,0.8332105278968811,-0.01223589014261961,-0.0056944293901324272,-0.0038296375423669815,1.1597449779510498,0,0,0,1,0,0,0,0,0,1,0,0.70224279165267944,0.97795504331588745,348.92111206054688,-9.8884105682373047e-05,-0.0027445405721664429,-0.0026455591432750225,0.27839896082878113,0,-0.0089035024866461754,-0.058128457516431808,-0.051305465400218964,0,-11.920293807983398,0,0.052285213023424149,0.039068698883056641,263.99999997578561,-0.011860989034175873,-0.0089698918163776398,267.83291625976562,264.30715942382812,8.3936061859130859,4.3515133857727051,1.0221927165985107,0.071016505360603333
14460,228.4896083263564,1,0.27886867523193359,293.75,8.0007743835449219,0.00048323578084819019,1,160.85610961914062,1,25.599933624267578,8.7362699508666992,217.06512791003857,0.012435117736458778,0.0093270651996135712,-0.00033705568057484925,1.3223112821578979,-0.077239498496055603,-0.058412492275238037,-0.067887544631958008,-0.051340062171220779,2.4961926937103271,-7.8427605330944061e-05,-0.002276938408613205,2.1772909164428711,-6.9657602580264211e-05,-0.00080290192272514105,1.1641532182693481e-09,1,0.97258287668228149,-0.0021985117346048355,-0.00073324434924870729,-0.00090699613792821765,1.3538894653320312,0,0,0,1,0,0,0,0,0,1,0,0.95475053787231445,1.3289914131164551,349.2276611328125,-1.0382384061813354e-05,-0.00041581317782402039,-0.00040550704579800367,2.9507682323455811,-0.00020018324721604586,-0.013128066435456276,2.507270336151123,-0.00016710365889593959,-0.0053707053884863853,-1.6091507859528065e-07,1,0.83097070455551147,-0.012927880510687828,-0.0052036005072295666,-0.0046555418521165848,1.156580924987793,0,0,0,1,0,0,0,0,0,1,0,0.68140947818756104,0.94856160879135132,348.9183349609375,-8.2135200500488281e-05,-0.0029261559247970581,-0.0028439527377486229,0.27842274308204651,0,-0.0089205168187618256,-0.058146852999925613,-0.051305696368217468,0,-12.031311988830566,0,0.05266847088932991,0.039266154170036316,263.99583330901805,-0.011971455067396164,-0.0090534314513206482,267.83261108398438,264.31466674804688,8.5723018646240234,4.226076602935791,0.71153676509857178,0.056978490203619003
14520,222.42058353937259,1,0.2823350727558136,193.75,8.0083398818969727,0.19008021056652069,1,162.24436950683594,1,25.719169616699219,8.5720338821411133,211.29955436240394,0.012073581106960773,0.0092551354318857193,-0.00034678864176385105,1.3223112821578979,-0.079419635236263275,-0.060061223804950714,-0.069302581250667572,-0.05241018533706665,2.5021281242370605,-0.0001389040844514966,-0.0031758863478899002,2.1783366203308105,-0.00010239682160317898,-0.0013027710374444723,2.1536834537982941e-09,1,0.96115946769714355,-0.0030369830783456564,-0.0012003742158412933,-0.0011089970357716084,1.3392515182495117,0,0,0,1,0,0,0,0,0,1,0,0.94127726554870605,1.3113775253295898,349.22454833984375,-1.7061829566955566e-05,-0.00055269151926040649,-0.0005356459878385067,2.9579305648803711,-0.0002846128772944212,-0.015183898620307446,2.5084371566772461,-0.00015829550102353096,-0.0063458662480115891,-1.621665433049202e-07,1,0.80559277534484863,-0.014899283647537231,-0.0061875688843429089,-0.0052088461816310883,1.1215412616729736,0,0,0,1,0,0,0,0,0,1,0,0.65794754028320312,0.91629427671432495,348.9156494140625,-5.4270029067993164e-05,-0.0031357407569885254,-0.0030813817866146564,0.27877110242843628,0,-0.0089682005345821381,-0.0583324134349823,-0.051394671201705933,0,-12.378734588623047,0,0.05109935998916626,0.038958258926868439,263.99166664225049,-0.012317148968577385,-0.0093148630112409592,267.83282470703125,264.30657958984375,8.3978061676025391,4.1904201507568359,0.73392421007156372,0.051476389169692993
14580,208.34032700860271,1,0.28471222519874573,193.75,8.0093908309936523,0.19128352403640747,1,163.95893859863281,1,26.205865859985352,8.5703887939453125,197.92331065817257,0.012317607179284096,0.0092289978638291359,-0.00035190320340916514,1.3223112821578979,-0.080807022750377655,-0.061110440641641617,-0.07042355090379715,-0.053257923573255539,2.5103523731231689,-0.00022165942937135696,-0.0040275142528116703,2.181302547454834,-0.0001688788179308176,-0.0019882549531757832,3.8999132812023163e-09,1,0.94973981380462646,-0.003805855754762888,-0.0018193761352449656,-0.0011490017641335726,1.3270246982574463,0,0,0,1,0,0,0,0,0,1,0,0.93238043785095215,1.3027143478393555,349.221435546875,-2.5093555450439453e-05,-0.00065131485462188721,-0.00062624429119750857,2.9636588096618652,-0.00036851456388831139,-0.015635129064321518,2.5098378658294678,-0.00026215007528662682,-0.0071973977610468864,-1.6263220459222794e-07,1,0.79803675413131714,-0.015266611240804195,-0.0069352453574538231,-0.0048683700151741505,1.1139266490936279,0,0,0,1,0,0,0,0,0,1,0,0.65289878845214844,0.91240233182907104,348.9122314453125,-7.1734189987182617e-05,-0.0032232701778411865,-0.0031514898873865604,0.27968326210975647,0,-0.009047655388712883,-0.058775819838047028,-0.051679238677024841,0,-12.561299324035645,0,0.052158210426568985,0.038848645985126495,263.98749997548293,-0.012498805299401283,-0.0094522414728999138,267.83245849609375,264.30267333984375,8.3346099853515625,4.0863494873046875,0.71695196628570557,0.060270503163337708
14640,205.6022842179166,1,0.28310167789459229,193.75,8.0064210891723633,0.19264522194862366,1,162.49334716796875,1,26.685733795166016,8.5128622055053711,195.32217000702076,0.011865514330565929,0.0093164015561342239,-0.00034908545785583556,1.3223112821578979,-0.079883590340614319,-0.060412090271711349,-0.069642655551433563,-0.052667368203401566,2.5158863067626953,-0.00014035147614777088,-0.0040349154733121395,2.1832895278930664,-0.00010405073408037424,-0.0018616376910358667,2.8230715543031693e-09,1,0.94953322410583496,-0.003894563764333725,-0.0017575868405401707,-0.0012500615557655692,1.3305209875106812,0,0,0,1,0,0,0,0,0,1,0,0.93004769086837769,1.3031408786773682,349.21792602539062,-7.3015689849853516e-06,-0.0006570965051651001,-0.00064973451662808657,2.9688799381256104,-0.0001569350715726614,-0.01482011191546917,2.5111732482910156,-6.3261948525905609e-05,-0.0064385766163468361,-1.6309786587953568e-07,1,0.80838108062744141,-0.014663174748420715,-0.0063753128051757812,-0.0048768329434096813,1.1323134899139404,0,0,0,1,0,0,0,0,0,1,0,0.65466690063476562,0.91756319999694824,348.90850830078125,-5.7131052017211914e-05,-0.0032113194465637207,-0.0031541772186756134,0.28045791387557983,0,-0.0091159772127866745,-0.059146109968423843,-0.051927298307418823,0,-12.460719108581543,0,0.05019744485616684,0.039223358035087585,263.98333330871537,-0.012398725375533104,-0.0093765556812286377,267.83206176757812,264.29632568359375,8.3150653839111328,4.0843477249145508,0.78398334980010986,0.055452287197113037
14700,199.47451426398462,1,0.28090634942054749,193.75,8.0014457702636719,0.19221505522727966,1,160.76191711425781,1,26.987033843994141,8.54461669921875,189.50078855078539,0.012042026966810226,0.0093730613589286804,-0.00034470015089027584,1.3223112821578979,-0.078803360462188721,-0.059595167636871338,-0.068389818072319031,-0.05171990767121315,2.5201296806335449,6.3015613704919815e-07,-0.0035152514465153217,2.1820688247680664,4.3655745685100555e-06,-0.0013898906763643026,3.5797711461782455e-09,1,0.95580053329467773,-0.0035158814862370491,-0.0013942555524408817,-0.0012706990819424391,1.3407944440841675,0,0,0,1,0,0,0,0,0,1,0,0.93826162815093994,1.3160262107849121,349.214111328125,2.6792287826538086e-05,-0.00054620206356048584,-0.00057297007879242301,2.9781613349914551,7.9322140663862228e-05,-0.013887956738471985,2.5113205909729004,0.00014355848543345928,-0.0050871488638222218,-1.6437843441963196e-07,1,0.82414919137954712,-0.013967277482151985,-0.0052307043224573135,-0.0052719390951097012,1.1559021472930908,0,0,0,1,0,0,0,0,0,1,0,0.6618044376373291,0.92812490463256836,348.90493774414062,-6.4671039581298828e-06,-0.0031062960624694824,-0.0030999039299786091,0.28070533275604248,0,-0.0091512808576226234,-0.059294197708368301,-0.05196673795580864,0,-12.30418586730957,0,0.050962541252374649,0.039464205503463745,263.97916664194781,-0.012242970988154411,-0.0092587657272815704,267.83169555664062,264.29119873046875,8.4391212463378906,4.1684112548828125,0.66305375099182129,0.050982281565666199
14760,207.98858947060387,1,0.28030571341514587,193.75,8.0041627883911133,0.19270564615726471,1,160.07550048828125,1,25.749061584472656,8.4932336807250977,197.58915999707366,0.012769359163939953,0.0093851294368505478,-0.00034396236878819764,1.3223112821578979,-0.0784759521484375,-0.059347562491893768,-0.068087026476860046,-0.051490921527147293,2.5239052772521973,3.7180332583375275e-05,-0.0029823817312717438,2.1798245906829834,1.4039615052752197e-05,-0.0012259779032319784,3.5724951885640621e-09,1,0.96148598194122314,-0.0030195624567568302,-0.0012400168925523758,-0.0010549280559644103,1.3487100601196289,0,0,0,1,0,0,0,0,0,1,0,0.94410043954849243,1.3240432739257812,349.20989990234375,2.498924732208252e-05,-0.00049368850886821747,-0.00051865243585780263,2.9860086441040039,6.5330605139024556e-05,-0.012977806851267815,2.5107979774475098,5.0672737415879965e-05,-0.0049432306550443172,-1.6279227565973997e-07,1,0.83451324701309204,-0.013043135404586792,-0.0049939025193452835,-0.0048207798972725868,1.1704088449478149,0,0,0,1,0,0,0,0,0,1,0,0.6780962347984314,0.9506232738494873,348.90118408203125,-2.2150576114654541e-05,-0.0029799826443195343,-0.0029579782858490944,0.28064858913421631,0,-0.0091671962291002274,-0.059313349425792694,-0.051886074244976044,0,-12.277849197387695,0,0.054121248424053192,0.039515729993581772,263.97499997518025,-0.012216765433549881,-0.0092389481142163277,267.831298828125,264.29519653320312,8.3815164566040039,4.1831340789794922,0.70004665851593018,0.051378823816776276
14820,213.05581017916754,1,0.28055247664451599,193.75,8.0050363540649414,0.19443961977958679,1,160.07089233398438,1,24.282323837280273,8.4793739318847656,202.40301967020915,0.011873378418385983,0.0093872956931591034,-0.00034488155506551266,1.3223112821578979,-0.078510642051696777,-0.059373795986175537,-0.068326108157634735,-0.051671728491783142,2.5266199111938477,6.1376253142952919e-05,-0.0025798075366765261,2.1793122291564941,3.5272270906716585e-05,-0.0011776819592341781,1.8917489796876907e-09,1,0.96510511636734009,-0.0026411842554807663,-0.0012129535898566246,-0.00081708800280466676,1.3537859916687012,0,0,0,1,0,0,0,0,0,1,0,0.94701480865478516,1.3280022144317627,349.20556640625,1.4141201972961426e-05,-0.00047854334115982056,-0.00049269129522144794,2.9896230697631836,0.00010466668754816055,-0.012140363454818726,2.5114188194274902,2.3034983314573765e-05,-0.0053088259883224964,-1.626904122531414e-07,1,0.83895045518875122,-0.012245028279721737,-0.0053318608552217484,-0.0040136431343853474,1.1767112016677856,0,0,0,1,0,0,0,0,0,1,0,0.68191200494766235,0.95573520660400391,348.89682006835938,-3.5434961318969727e-05,-0.0029654949903488159,-0.0029301992617547512,0.28062057495117188,0,-0.0091825937852263451,-0.059325117617845535,-0.051833853125572205,0,-12.310660362243652,0,0.050231501460075378,0.039525464177131653,263.97083330841269,-0.012249412946403027,-0.009263637475669384,267.83090209960938,264.28890991210938,8.3747549057006836,4.2685728073120117,0.69796144962310791,0.043507993221282959
14880,191.07769435881539,1,0.28037068247795105,193.75,8.0078105926513672,0.19564953446388245,1,159.46426391601562,1,22.33452033996582,8.4745235443115234,181.52380964087462,0.011608383618295193,0.0093956384807825089,-0.0003455209662206471,1.3223112821578979,-0.078319534659385681,-0.059229273349046707,-0.068340174853801727,-0.051682364195585251,2.5272393226623535,-3.2962998375296593e-07,-0.0023239483125507832,2.1794130802154541,5.6965218391269445e-06,-0.0010964691173285246,1.6298145055770874e-09,1,0.9687798023223877,-0.0023236195556819439,-0.0011021650861948729,-0.00068622478283941746,1.3590443134307861,0,0,0,1,0,0,0,0,0,1,0,0.95017856359481812,1.3328275680541992,349.20111083984375,-8.0540776252746582e-06,-0.00046726316213607788,-0.00045928440522402525,2.9895329475402832,8.7661901488900185e-06,-0.011391145177185535,2.510704517364502,-3.1860079616308212e-05,-0.0050521963275969028,-1.6175908967852592e-07,1,0.84917330741882324,-0.011399909853935242,-0.0050203362479805946,-0.0036886595189571381,1.1913058757781982,0,0,0,1,0,0,0,0,0,1,0,0.6881786584854126,0.96511757373809814,348.89239501953125,-7.317960262298584e-05,-0.0029432177543640137,-0.0028702281415462494,0.28060171008110046,0,-0.0091993091627955437,-0.059320941567420959,-0.051808204501867294,0,-12.333483695983887,0,0.04908394068479538,0.039558626711368561,263.96666664164513,-0.012272123247385025,-0.0092808129265904427,267.83004760742188,264.285888671875,8.3666477203369141,4.2825775146484375,0.76043903827667236,0.043270360678434372
14940,222.92671873820075,1,0.28043079376220703,193.75,8.0260725021362305,0.19623540341854095,1,159.38430786132812,1,22.335809707641602,8.5167016983032227,211.7803828012907,0.01135163102298975,0.0093830171972513199,-0.00034591672010719776,1.3223112821578979,-0.078417181968688965,-0.059303119778633118,-0.068295970559120178,-0.051648937165737152,2.5278213024139404,-2.8840935556218028e-05,-0.0021861041896045208,2.1788017749786377,-2.0718318410217762e-05,-0.0010349492076784372,1.8335413187742233e-09,1,0.97081452608108521,-0.0021572639234364033,-0.0010142303071916103,-0.00064661091892048717,1.3618952035903931,0,0,0,1,0,0,0,0,0,1,0,0.95402979850769043,1.3384823799133301,349.19650268554688,-1.5646219253540039e-05,-0.0004353448748588562,-0.00041981134563684464,2.9912500381469727,-0.00010697334073483944,-0.011609075590968132,2.508465051651001,-0.00011408922728151083,-0.0049556302838027477,-1.6123522073030472e-07,1,0.84945821762084961,-0.011502102017402649,-0.0048415409401059151,-0.0039023214485496283,1.1916663646697998,0,0,0,1,0,0,0,0,0,1,0,0.69629752635955811,0.97714656591415405,348.88778686523438,-8.919835090637207e-05,-0.002880394458770752,-0.0027914189267903566,0.28055942058563232,0,-0.0092146117240190506,-0.059305749833583832,-0.051781117916107178,0,-12.347609519958496,0,0.047973267734050751,0.039503097534179688,263.96249997487757,-0.012286178767681122,-0.0092914421111345291,267.82870483398438,264.27655029296875,8.3283901214599609,4.214653491973877,0.76813662052154541,0.052709080278873444
15000,222.77176236782819,1,0.28070336580276489,193.75,8.0383844375610352,0.19584004580974579,1,159.38035583496094,1,23.251359939575195,8.5278406143188477,211.63317424943676,0.011365908198058605,0.00936927180737257,-0.0003469349758233875,1.3223112821578979,-0.078675448894500732,-0.059498433023691177,-0.068307206034660339,-0.051657430827617645,2.5300850868225098,-4.1489118302706629e-05,-0.0019824637565761805,2.1780903339385986,-4.254217492416501e-05,-0.00095349265029653907,1.4151737559586763e-09,1,0.97370040416717529,-0.0019409751985222101,-0.00091094971867278218,-0.00058652833104133606,1.3659771680831909,0,0,0,1,0,0,0,0,0,1,0,0.95547133684158325,1.3404688835144043,349.19186401367188,-1.6045756638050079e-05,-0.00042414478957653046,-0.00040816655382514,2.995854377746582,-0.00022832685499452055,-0.011623135767877102,2.5067565441131592,-0.00018466841720510274,-0.0051366118714213371,-1.6261765267699957e-07,1,0.84981083869934082,-0.011394809931516647,-0.0049519417807459831,-0.0037540365010499954,1.1919591426849365,0,0,0,1,0,0,0,0,0,1,0,0.69883245229721069,0.98056811094284058,348.88299560546875,-0.00010050460696220398,-0.00287620909512043,-0.0027758353389799595,0.28055870532989502,0,-0.00923136156052351,-0.059324800968170166,-0.05175674706697464,0,-12.383956909179688,0,0.048034995794296265,0.039443187415599823,263.95833330811001,-0.012322344817221165,-0.0093187931925058365,267.8284912109375,264.27392578125,8.2906532287597656,4.1825351715087891,0.73945504426956177,0.043602228164672852
15060,177.44364165037709,1,0.28076353669166565,193.75,8.045374870300293,0.19508436322212219,1,159.71963500976562,1,22.722219467163086,8.5427579879760742,168.57145956785823,0.01237952895462513,0.009355613961815834,-0.00034642068203538656,1.3223112821578979,-0.078666850924491882,-0.059491928666830063,-0.068385206162929535,-0.05171642079949379,2.5319390296936035,-7.558628567494452e-05,-0.0016874859575182199,2.1780040264129639,-8.4682455053552985e-05,-0.00084679434075951576,2.1245796233415604e-09,1,0.97818976640701294,-0.0016119006322696805,-0.00076211162377148867,-0.00048312073340639472,1.3723518848419189,0,0,0,1,0,0,0,0,0,1,0,0.96109318733215332,1.3484457731246948,349.18695068359375,-2.1912157535552979e-05,-0.00037906691431999207,-0.00035718758590519428,2.9970555305480957,-0.00028240552637726068,-0.010982673615217209,2.5071835517883301,-0.0002832337049767375,-0.0054029249586164951,-1.6053672879934311e-07,1,0.85546040534973145,-0.010700268670916557,-0.0051196902059018612,-0.0031690960749983788,1.1997473239898682,0,0,0,1,0,0,0,0,0,1,0,0.7137218713760376,1.0012789964675903,348.87750244140625,-0.00010855495929718018,-0.0027544796466827393,-0.0026460476219654083,0.28058686852455139,0,-0.0092466250061988831,-0.059359341859817505,-0.051743775606155396,0,-12.365599632263184,0,0.052427049726247787,0.0393848717212677,263.95416664134245,-0.012304078787565231,-0.0093049788847565651,267.82833862304688,264.27252197265625,8.3334579467773438,4.4887046813964844,0.7229045033454895,0.041650105267763138
15120,147.20231429878422,1,0.28108948469161987,181.25,8.0482997894287109,0.25123441219329834,1,160.14448547363281,1,20.785947799682617,8.3797197341918945,139.842198583845,0.012198613025248051,0.0093428986147046089,-0.00034670636523514986,1.3223112821578979,-0.07866261899471283,-0.059488728642463684,-0.068758636713027954,-0.05199882760643959,2.5322141647338867,-0.00011693048872984946,-0.0015493558021262288,2.1789932250976562,-0.00013075655442662537,-0.00087516254279762506,8.0035533756017685e-10,1,0.98001217842102051,-0.0014324266230687499,-0.00074440601747483015,-0.00037780962884426117,1.3751535415649414,0,0,0,1,0,0,0,0,0,1,0,0.96304839849472046,1.3515503406524658,349.1817626953125,-2.6736408472061157e-05,-0.00036448612809181213,-0.00033781700767576694,2.9962906837463379,-0.00035237573320046067,-0.010793857276439667,2.5100517272949219,-0.0003746563452295959,-0.0057228188961744308,-1.6092963051050901e-07,1,0.85576874017715454,-0.010441482067108154,-0.0053481627255678177,-0.0028285421431064606,1.2005965709686279,0,0,0,1,0,0,0,0,0,1,0,0.71889936923980713,1.0089633464813232,348.87213134765625,-0.00012917444109916687,-0.0027274340391159058,-0.0025982363149523735,0.28062960505485535,0,-0.0092564532533288002,-0.059378504753112793,-0.051759548485279083,0,-12.375797271728516,0,0.051641739904880524,0.03933083638548851,263.94999997457489,-0.012314226478338242,-0.0093126529827713966,267.82763671875,264.27142333984375,8.2273674011230469,4.0643196105957031,0.58630740642547607,0.044879525899887085
15180,126.58966530455686,1,0.28210943937301636,181.25,8.0526647567749023,0.25085023045539856,1,160.54248046875,1,20.693155288696289,8.4573268890380859,120.26018203932901,0.011426186189055443,0.0093273837119340897,-0.00034962533391080797,1.3223112821578979,-0.079153023660182953,-0.05985959991812706,-0.069351635873317719,-0.052447285503149033,2.5332746505737305,-8.4404717199504375e-05,-0.0016724674496799707,2.1818077564239502,-7.7553675509989262e-05,-0.00097363250097259879,-6.1118043959140778e-10,1,0.97721260786056519,-0.0015880641294643283,-0.00089607900008559227,-0.0003687920980155468,1.3721613883972168,0,0,0,1,0,0,0,0,0,1,0,0.95510923862457275,1.3413693904876709,349.1768798828125,-1.5772879123687744e-05,-0.00042767822742462158,-0.00041195697849616408,2.9988718032836914,-0.00024496926926076412,-0.011072573252022266,2.5153689384460449,-0.00020491867326200008,-0.0060896449722349644,-1.6146805137395859e-07,1,0.84738248586654663,-0.010827604681253433,-0.0058847265318036079,-0.0026877853088080883,1.1898937225341797,0,0,0,1,0,0,0,0,0,1,0,0.70096957683563232,0.98468172550201416,348.8675537109375,-0.00011268258094787598,-0.0028809458017349243,-0.0027682813815772533,0.28081032633781433,0,-0.0092743802815675735,-0.059432957321405411,-0.051850467920303345,0,-12.47999095916748,0,0.048295658081769943,0.039264865219593048,263.94583330780733,-0.012417901307344437,-0.0093910573050379753,267.82687377929688,264.268310546875,8.2577838897705078,4.1830873489379883,0.69949281215667725,0.046205520629882812
15240,209.43980782989527,1,0.28225094079971313,193.75,8.0646085739135742,0.19748468697071075,1,160.42840576171875,1,19.764110565185547,8.4988622665405273,198.96781743840049,0.011611411347985268,0.0093383770436048508,-0.00035040065995417535,1.3223112821578979,-0.079271584749221802,-0.059949260205030441,-0.069376543164253235,-0.052466120570898056,2.5347805023193359,3.0695809982717037e-06,-0.0016568737337365746,2.1852619647979736,9.5862196758389473e-07,-0.00077010365203022957,-2.6193447411060333e-10,1,0.97767984867095947,-0.0016599446535110474,-0.0007710624486207962,-0.00051359017379581928,1.3740024566650391,0,0,0,1,0,0,0,0,0,1,0,0.95270359516143799,1.3390762805938721,349.17230224609375,-2.3469328880310059e-06,-0.00043943524360656738,-0.00043708691373467445,3.0016112327575684,-3.6563724279403687e-05,-0.0106896897777915,2.520939826965332,6.6014472395181656e-06,-0.0056930277496576309,-1.5989644452929497e-07,1,0.85105180740356445,-0.010653125122189522,-0.00569962989538908,-0.0027218232862651348,1.196000337600708,0,0,0,1,0,0,0,0,0,1,0,0.69516104459762573,0.97723966836929321,348.86331176757812,-7.4684619903564453e-05,-0.002906113862991333,-0.0028314192313700914,0.28106242418289185,0,-0.0092978831380605698,-0.0595221146941185,-0.051961857825517654,0,-12.507665634155273,0,0.049097027629613876,0.039312951266765594,263.94166664103977,-0.012445438653230667,-0.009411882609128952,267.82666015625,264.26437377929688,8.2713918685913086,4.2859148979187012,0.65410792827606201,0.048400945961475372
15300,196.23550546630881,1,0.28241360187530518,193.75,8.0678157806396484,0.20134541392326355,1,160.16954040527344,1,18.997760772705078,8.5213298797607422,186.42373019299336,0.0115135433152318,0.0093551920726895332,-0.00035157412639819086,1.3223112821578979,-0.079377442598342896,-0.060029316693544388,-0.069439977407455444,-0.05251409113407135,2.535768985748291,-1.9336381228640676e-05,-0.0017284465720877051,2.1880905628204346,-3.2840645872056484e-05,-0.00068852747790515423,-1.229636836796999e-09,1,0.97835057973861694,-0.001709111500531435,-0.00065568677382543683,-0.00063178478740155697,1.3759958744049072,0,0,0,1,0,0,0,0,0,1,0,0.95109272003173828,1.3377121686935425,349.1678466796875,-1.1548399925231934e-05,-0.00046721845865249634,-0.00045570588554255664,3.0028190612792969,-0.00011748183169402182,-0.010537749156355858,2.5222413539886475,-0.00010572015889920294,-0.0054139792919158936,-1.5952537069097161e-07,1,0.85710936784744263,-0.010420267470180988,-0.0053082597441971302,-0.0028656660579144955,1.2052791118621826,0,0,0,1,0,0,0,0,0,1,0,0.69130289554595947,0.97231608629226685,348.85885620117188,-9.2424452304840088e-05,-0.0029706209897994995,-0.0028783408924937248,0.28129711747169495,0,-0.0093219364061951637,-0.059608671814203262,-0.052061349153518677,0,-12.549552917480469,0,0.048673525452613831,0.039385393261909485,263.93749997427221,-0.012487117201089859,-0.0094434022903442383,267.8277587890625,264.26107788085938,8.2497062683105469,4.38800048828125,0.70621240139007568,0.059509381651878357
15360,177.79641527913014,1,0.282025545835495,193.75,8.0724706649780273,0.20233525335788727,1,159.55169677734375,1,18.515501022338867,8.4583749771118164,168.90659451517362,0.011775009334087372,0.0093978056684136391,-0.00035148265305906534,1.3223112821578979,-0.079241722822189331,-0.059926677495241165,-0.069155134260654449,-0.052298679947853088,2.5364103317260742,-9.2430360382422805e-05,-0.001767160720191896,2.1886587142944336,-9.2832051450386643e-05,-0.00061072479002177715,-2.6193447411060333e-10,1,0.97987723350524902,-0.0016747316112741828,-0.00051789300050586462,-0.00071205210406333208,1.3789272308349609,0,0,0,1,0,0,0,0,0,1,0,0.95337992906570435,1.3415439128875732,349.16339111328125,-2.074800431728363e-05,-0.00045826099812984467,-0.00043756183004006743,3.0021243095397949,-0.0003033311222679913,-0.010499430820345879,2.5192677974700928,-0.00027796451468020678,-0.004970107227563858,-1.6012927517294884e-07,1,0.86460089683532715,-0.010196099057793617,-0.0046921432949602604,-0.0031802826561033726,1.2164708375930786,0,0,0,1,0,0,0,0,0,1,0,0.69292986392974854,0.97465550899505615,348.8543701171875,-0.00011520832777023315,-0.0029909834265708923,-0.0028758971020579338,0.28146100044250488,0,-0.0093436632305383682,-0.059677362442016602,-0.052123561501502991,0,-12.54628849029541,0,0.049805376678705215,0.039568498730659485,263.93333330750465,-0.0124838687479496,-0.0094409454613924026,267.82705688476562,264.255615234375,8.2534141540527344,4.2037038803100586,0.67590320110321045,0.042966768145561218
15420,177.06310055979301,1,0.28134500980377197,193.75,8.0904359817504883,0.19720739126205444,1,158.69427490234375,1,19.324441909790039,8.4315204620361328,168.20994553180336,0.011669620871543884,0.0094280829653143883,-0.00035082970862276852,1.3223112821578979,-0.078862652182579041,-0.059640005230903625,-0.068818487226963043,-0.052044089883565903,2.5362250804901123,-8.6886226199567318e-05,-0.001675124280154705,2.1876955032348633,-7.748222560621798e-05,-0.00060312170535326004,7.5669959187507629e-10,1,0.98060977458953857,-0.0015882389852777123,-0.00052563968347385526,-0.00064834934892132878,1.3801506757736206,0,0,0,1,0,0,0,0,0,1,0,0.95753353834152222,1.3475232124328613,349.1588134765625,-1.4804303646087646e-05,-0.00041476637125015259,-0.0003999957989435643,2.9988918304443359,-0.00026366871315985918,-0.010267161764204502,2.5151591300964355,-0.00022352422820404172,-0.0049387514591217041,-1.6263220459222794e-07,1,0.86618983745574951,-0.010003494098782539,-0.0047152270562946796,-0.0030312368180602789,1.2188735008239746,0,0,0,1,0,0,0,0,0,1,0,0.70419836044311523,0.99039375782012939,348.84963989257812,-0.00010033696889877319,-0.0028788372874259949,-0.0027786637656390667,0.28149798512458801,0,-0.0093601420521736145,-0.059698089957237244,-0.052132442593574524,0,-12.522982597351074,0,0.049348995089530945,0.039696753025054932,263.92916664073709,-0.012460678815841675,-0.0094234077259898186,267.82583618164062,264.25234985351562,8.2530956268310547,4.296790599822998,0.60857915878295898,0.034599144011735916
15480,233.46196410779808,1,0.28038257360458374,193.75,8.112574577331543,0.19715957343578339,1,158.06976318359375,1,20.626855850219727,8.5161294937133789,221.78886590240816,0.012503347359597683,0.0094650983810424805,-0.00034861351014114916,1.3223112821578979,-0.078285187482833862,-0.059203296899795532,-0.068392924964427948,-0.051722258329391479,2.5346262454986572,-1.8624705262482166e-06,-0.0014642329188063741,2.1858527660369873,9.8167220130562782e-07,-0.00049914396367967129,2.0809238776564598e-09,1,0.98197001218795776,-0.0014623707393184304,-0.00050012575229629874,-0.00058707833522930741,1.3814986944198608,0,0,0,1,0,0,0,0,0,1,0,0.96060705184936523,1.3512580394744873,349.15374755859375,4.9285590648651123e-06,-0.00036716833710670471,-0.00037204084219411016,2.9942564964294434,-6.5459869801998138e-05,-0.010016147047281265,2.5107264518737793,-3.2444775570183992e-05,-0.0048035276122391224,-1.6306876204907894e-07,1,0.86595010757446289,-0.0099506862461566925,-0.0047710821963846684,-0.0029558427631855011,1.2180817127227783,0,0,0,1,0,0,0,0,0,1,0,0.71724462509155273,1.0084893703460693,348.84375,-5.3778290748596191e-05,-0.0027103200554847717,-0.0026566023007035255,0.28138142824172974,0,-0.0093668047338724136,-0.059649132192134857,-0.052087612450122833,0,-12.443873405456543,0,0.052964840084314346,0.039856195449829102,263.92499997396953,-0.012381963431835175,-0.0093638794496655464,267.82589721679688,264.25143432617188,8.2366580963134766,4.0785350799560547,0.54766875505447388,0.037039227783679962
15540,181.8498775171706,1,0.27921193838119507,193.75,8.1203603744506836,0.20001304149627686,1,157.53915405273438,1,20.801130294799805,8.5011405944824219,172.75738364131206,0.011808019131422043,0.009469122625887394,-0.00034542471985332668,1.3223112821578979,-0.077645204961299896,-0.058719310909509659,-0.067808866500854492,-0.051280561834573746,2.5319623947143555,4.2017607484012842e-05,-0.0011803379748016596,2.1829221248626709,5.4730218835175037e-05,-0.0002613808901514858,2.2264430299401283e-09,1,0.98574662208557129,-0.0012223557569086552,-0.00031611137092113495,-0.0005664488417096436,1.3853565454483032,0,0,0,1,0,0,0,0,0,1,0,0.96603602170944214,1.3574790954589844,349.14794921875,1.1671334505081177e-05,-0.00030915811657905579,-0.00032074432238005102,2.9898486137390137,-3.2824696972966194e-05,-0.0097548365592956543,2.5058526992797852,4.3715233914554119e-05,-0.0044168578460812569,-1.6298145055770874e-07,1,0.87038826942443848,-0.0097220111638307571,-0.0044605731964111328,-0.0030348971486091614,1.2230819463729858,0,0,0,1,0,0,0,0,0,1,0,0.73158109188079834,1.027704119682312,348.83697509765625,-4.7571957111358643e-05,-0.0025655180215835571,-0.0025179940275847912,0.28108721971511841,0,-0.0093578696250915527,-0.059519208967685699,-0.051979146897792816,0,-12.330048561096191,0,0.04994833841919899,0.039871864020824432,263.92083330720197,-0.012268705293536186,-0.0092782275751233101,267.82492065429688,264.24508666992188,8.1837778091430664,4.2446727752685547,0.68968737125396729,0.039674706757068634
15600,222.45818476281525,1,0.27871763706207275,193.75,8.1164255142211914,0.19961446523666382,1,157.4205322265625,1,21.921308517456055,8.4940557479858398,211.33527552467447,0.012416929937899113,0.0094867320731282234,-0.00034385235630907118,1.3223112821578979,-0.077417448163032532,-0.058547068387269974,-0.06751522421836853,-0.051058493554592133,2.5289959907531738,-1.439760671928525e-05,-0.0010326735209673643,2.1791150569915771,1.2918564607389271e-05,-0.00016700531705282629,1.7607817426323891e-09,1,0.98873859643936157,-0.00101827597245574,-0.00017992459470406175,-0.00053442909847944975,1.3876566886901855,0,0,0,1,0,0,0,0,0,1,0,0.9684785008430481,1.3591004610061646,349.141845703125,-3.0659139156341553e-06,-0.00029913336038589478,-0.00029596139211207628,2.9864640235900879,-0.00018202129285782576,-0.0095246825367212296,2.5010859966278076,-6.4669002313166857e-05,-0.0040502729825675488,-1.6359263099730015e-07,1,0.87751984596252441,-0.0093426601961255074,-0.0039856033399701118,-0.0031430516391992569,1.231482982635498,0,0,0,1,0,0,0,0,0,1,0,0.73815292119979858,1.0356109142303467,348.83029174804688,-8.4951519966125488e-05,-0.0025345459580421448,-0.0024495520628988743,0.28069373965263367,0,-0.0093384794890880585,-0.059352025389671326,-0.051826521754264832,0,-12.273921966552734,0,0.052589476108551025,0.039948031306266785,263.91666664043441,-0.012212857604026794,-0.0092359930276870728,267.82485961914062,264.25241088867188,8.272883415222168,4.4259824752807617,0.65569096803665161,0.041319366544485092
15660,230.77597502760059,1,0.27909314632415771,193.75,8.1182670593261719,0.1985904723405838,1,157.68521118164062,1,22.648509979248047,8.4883928298950195,219.23717627622057,0.013689812272787094,0.0095261326059699059,-0.00034466449869796634,1.3223112821578979,-0.077731117606163025,-0.058784279972314835,-0.067576788365840912,-0.05110505223274231,2.5268428325653076,-0.00014832867600489408,-0.0011505610309541225,2.17523193359375,-0.00010857869347091764,-0.0002736958849709481,1.3169483281672001e-09,1,0.98907709121704102,-0.0010022325441241264,-0.00016511733701918274,-0.00053715647663921118,1.3864343166351318,0,0,0,1,0,0,0,0,0,1,0,0.96800810098648071,1.3568435907363892,349.135986328125,-3.1189993023872375e-05,-0.00033067166805267334,-0.00029940763488411903,2.9847002029418945,-0.0004558474465738982,-0.0096413698047399521,2.4962615966796875,-0.00031481010955758393,-0.0040425155311822891,-1.6298145055770874e-07,1,0.88123971223831177,-0.0091855209320783615,-0.0037277049850672483,-0.0032386551611125469,1.2350329160690308,0,0,0,1,0,0,0,0,0,1,0,0.73189878463745117,1.0255355834960938,348.82470703125,-0.00014010071754455566,-0.0026443935930728912,-0.0025042439810931683,0.28035938739776611,0,-0.0093208178877830505,-0.059223461896181107,-0.051687948405742645,0,-12.302911758422852,0,0.058132875710725784,0.040122542530298233,263.91249997366685,-0.01224170345813036,-0.0092578073963522911,267.82528686523438,264.24185180664062,8.2257137298583984,4.3381485939025879,0.72621655464172363,0.043799042701721191
15720,143.91531647796461,1,0.27989128232002258,181.25,8.1378421783447266,0.25770056247711182,1,157.58485412597656,1,22.417587280273438,8.5589437484741211,136.71955065406638,0.013045475818216801,0.0095215151086449623,-0.00034785128082148731,1.3223112821578979,-0.078177042305469513,-0.059121511876583099,-0.06796303391456604,-0.051397152245044708,2.5263090133666992,-0.00018028088379651308,-0.0014092407654970884,2.1728019714355469,-0.00015035274554975331,-0.00053993728943169117,2.3937900550663471e-09,1,0.9851728081703186,-0.0012289604637771845,-0.00038958477671258152,-0.00051763991359621286,1.3800716400146484,0,0,0,1,0,0,0,0,0,1,0,0.96281212568283081,1.3486636877059937,349.13092041015625,-4.0087848901748657e-05,-0.00038916245102882385,-0.00034903339110314846,2.9836406707763672,-0.0005109031917527318,-0.0099848387762904167,2.494112491607666,-0.00042327208211645484,-0.0046786284074187279,-1.6434933058917522e-07,1,0.87446117401123047,-0.0094739329069852829,-0.0042553553357720375,-0.0030317248310893774,1.2244892120361328,0,0,0,1,0,0,0,0,0,1,0,0.71731173992156982,1.0042009353637695,348.8199462890625,-0.00016264989972114563,-0.0028054043650627136,-0.0026427262928336859,0.28019940853118896,0,-0.0093173552304506302,-0.059178903698921204,-0.051609952002763748,0,-12.416665077209473,0,0.055323000997304916,0.040102392435073853,263.90833330689929,-0.012354890815913677,-0.0093434061855077744,267.82540893554688,264.23318481445312,8.2293910980224609,4.3090291023254395,0.92507481575012207,0.053101737052202225
15780,179.79348611817375,1,0.28006938099861145,181.25,8.1585674285888672,0.25950098037719727,1,157.14456176757812,1,22.160675048828125,8.5221490859985352,170.80381181226505,0.012024206109344959,0.0095069650560617447,-0.00034949224209412932,1.3223112821578979,-0.078261956572532654,-0.059185728430747986,-0.068066328763961792,-0.051475267857313156,2.5259835720062256,-0.00013400556053966284,-0.0015442802105098963,2.1725139617919922,-0.00010642217239364982,-0.00056400231551378965,1.4842953532934189e-09,1,0.98283219337463379,-0.0014102749992161989,-0.00045758034684695303,-0.00058396416716277599,1.3765846490859985,0,0,0,1,0,0,0,0,0,1,0,0.96049559116363525,1.3451988697052002,349.12615966796875,-3.4332275390625e-05,-0.00040496140718460083,-0.00037062098272144794,2.9817585945129395,-0.0003578191390261054,-0.009886058047413826,2.4965667724609375,-0.00027092488016933203,-0.0046476311981678009,-1.6542617231607437e-07,1,0.87279200553894043,-0.0095282373949885368,-0.0043767057359218597,-0.0029692081734538078,1.2219939231872559,0,0,0,1,0,0,0,0,0,1,0,0.71443450450897217,1.0000288486480713,348.8153076171875,-0.00013840198516845703,-0.0028090178966522217,-0.0026705772615969181,0.28015318512916565,0,-0.0093270530924201012,-0.059177011251449585,-0.051580037921667099,0,-12.475239753723145,0,0.050885267555713654,0.040035855025053024,263.90416664013173,-0.012413173913955688,-0.0093874819576740265,267.8253173828125,264.22341918945312,8.2090129852294922,4.2184228897094727,0.76282644271850586,0.062237702310085297
15840,161.59992254929969,1,0.28013953566551208,181.25,8.1723184585571289,0.25918635725975037,1,157.13673400878906,1,22.251110076904297,8.4722623825073242,153.5199264218347,0.012099386192858219,0.0095045510679483414,-0.00034977239556610584,1.3223112821578979,-0.078214630484580994,-0.059149939566850662,-0.068199828267097473,-0.051576226949691772,2.5258011817932129,-3.2719719456508756e-05,-0.0015511552337557077,2.1731410026550293,-2.3297587176784873e-05,-0.0005179910222068429,1.9063008949160576e-09,1,0.98134976625442505,-0.0015184363583102822,-0.00049469363875687122,-0.0006260032532736659,1.3744814395904541,0,0,0,1,0,0,0,0,0,1,0,0.95905649662017822,1.3432135581970215,349.121337890625,-6.4037740230560303e-06,-0.0003887563943862915,-0.0003823047736659646,2.9826903343200684,-9.8639982752501965e-05,-0.010289102792739868,2.5012338161468506,-5.0639326218515635e-05,-0.004446743056178093,-1.6560079529881477e-07,1,0.86573177576065063,-0.010190462693572044,-0.0043961023911833763,-0.0033865354489535093,1.212336540222168,0,0,0,1,0,0,0,0,0,1,0,0.70295190811157227,0.9844212532043457,348.81106567382812,-7.5869262218475342e-05,-0.0028481930494308472,-0.0027723414823412895,0.28013032674789429,0,-0.0093385111540555954,-0.059171520173549652,-0.051570110023021698,0,-12.48523998260498,0,0.051211290061473846,0.040025379508733749,263.89999997336417,-0.01242312416434288,-0.0093950070440769196,267.82485961914062,264.21267700195312,8.2800464630126953,4.2268261909484863,0.76784378290176392,0.067350700497627258
15900,220.50403022474129,1,0.28216129541397095,181.25,8.1784143447875977,0.2576352059841156,1,157.87055969238281,1,22.505155563354492,8.6536760330200195,209.47882871350421,0.012477721087634563,0.0094602834433317184,-0.00035573870991356671,1.3223112821578979,-0.079599790275096893,-0.060197468847036362,-0.068897515535354614,-0.052103854715824127,2.5299849510192871,-3.2689422369003296e-06,-0.0019157184287905693,2.1752643585205078,8.8138040155172348e-07,-0.00052748178131878376,1.3387762010097504e-09,1,0.97746169567108154,-0.0019124499522149563,-0.00052836362738162279,-0.00085612048860639334,1.3696290254592896,0,0,0,1,0,0,0,0,0,1,0,0.9505312442779541,1.3317192792892456,349.1173095703125,3.0696392059326172e-06,-0.00046264380216598511,-0.00046566443052142859,2.9901034832000732,-3.2747513614594936e-05,-0.012424771673977375,2.5082001686096191,-1.8842751160264015e-05,-0.0045970818027853966,-1.6443664208054543e-07,1,0.84383261203765869,-0.012392023578286171,-0.0045782383531332016,-0.0046864161267876625,1.181807279586792,0,0,0,1,0,0,0,0,0,1,0,0.66118210554122925,0.92549413442611694,348.80801391601562,-5.741417407989502e-05,-0.0032370835542678833,-0.0031796954572200775,0.28027772903442383,0,-0.0093606598675251007,-0.059245780110359192,-0.051610097289085388,0,-12.698208808898926,0,0.052853517234325409,0.03983655571937561,263.89583330659661,-0.012635033577680588,-0.009555264376103878,267.82391357421875,264.20611572265625,8.3026943206787109,4.4202070236206055,0.82664966583251953,0.075171276926994324
15960,192.75089834523803,1,0.28368312120437622,181.25,8.1953392028808594,0.25951933860778809,1,158.492919921875,1,22.667104721069336,8.6371927261352539,183.11335342797611,0.011692642234265804,0.0094198798760771751,-0.00036010617623105645,1.3223112821578979,-0.080720394849777222,-0.061044927686452866,-0.069341599941253662,-0.052439693361520767,2.5380668640136719,-3.4253636840730906e-05,-0.00215175561606884,2.1780309677124023,-2.6055116904899478e-05,-0.0005537975812330842,9.5315044745802879e-10,1,0.97572445869445801,-0.0021175029687583447,-0.00052774266805499792,-0.0009882983285933733,1.3696436882019043,0,0,0,1,0,0,0,0,0,1,0,0.94815188646316528,1.3306503295898438,349.11386108398438,-2.7678906917572021e-06,-0.00049594789743423462,-0.00049312191549688578,2.9988722801208496,-8.9700624812394381e-05,-0.013349219225347042,2.5131950378417969,-9.6545758424326777e-05,-0.0044434336014091969,-1.635271473787725e-07,1,0.83853363990783691,-0.013259517028927803,-0.004346887581050396,-0.0054152021184563637,1.1761889457702637,0,0,0,1,0,0,0,0,0,1,0,0.6553310751914978,0.91833114624023438,348.80511474609375,-6.0927122831344604e-05,-0.0033216923475265503,-0.0032608248293399811,0.28079783916473389,0,-0.0094109736382961273,-0.059521712362766266,-0.051745224744081497,0,-12.854106903076172,0,0.049448668956756592,0.039661355316638947,263.89166663982905,-0.012790156528353691,-0.0096725765615701675,267.8236083984375,264.19830322265625,8.4087352752685547,4.5411882400512695,0.81039625406265259,0.067860804498195648
16020,190.83852420478559,1,0.2831893265247345,181.25,8.2000532150268555,0.25983560085296631,1,158.346923828125,1,21.00213623046875,8.5249729156494141,181.29659799454629,0.011683098040521145,0.009428882971405983,-0.00035855930764228106,1.3223112821578979,-0.080408215522766113,-0.06080884113907814,-0.069136954843997955,-0.052284929901361465,2.5442829132080078,-2.8171198209747672e-06,-0.0018366937292739749,2.1796624660491943,-2.598982973722741e-06,-0.00049327523447573185,1.7853380995802581e-09,1,0.97870147228240967,-0.0018338770605623722,-0.00049067649524658918,-0.00082715589087456465,1.3761999607086182,0,0,0,1,0,0,0,0,0,1,0,0.95451050996780396,1.3417695760726929,349.10992431640625,5.8701261878013611e-06,-0.00042946822941303253,-0.00043529417598620057,3.0052449703216553,-4.943326348438859e-05,-0.012295501306653023,2.5166401863098145,-7.0484413299709558e-05,-0.0041313283145427704,-1.623848220333457e-07,1,0.85095959901809692,-0.012246066704392433,-0.0040608439594507217,-0.004941130056977272,1.1956610679626465,0,0,0,1,0,0,0,0,0,1,0,0.67623156309127808,0.94913393259048462,348.80157470703125,-4.7713518142700195e-05,-0.003126874566078186,-0.0030792597681283951,0.28126975893974304,0,-0.0094550400972366333,-0.059784214943647385,-0.05185873806476593,0,-12.798892974853516,0,0.049407348036766052,0.039700094610452652,263.88749997306149,-0.012735216878354549,-0.0096310274675488472,267.82305908203125,264.20687866210938,8.3271055221557617,4.4263410568237305,0.72478014230728149,0.060881547629833221
16080,175.04417513873892,1,0.28246358036994934,181.25,8.2067852020263672,0.25540116429328918,1,158.03158569335938,1,20.88897705078125,8.5324420928955078,166.29196638180196,0.011696361936628819,0.0094496579840779305,-0.0003565196821000427,1.3223112821578979,-0.079837821424007416,-0.06037747859954834,-0.068967297673225403,-0.052156627178192139,2.5469951629638672,4.2214931454509497e-05,-0.0015419232659041882,2.1812059879302979,4.5908513129688799e-05,-0.00039554011891596019,1.0040821507573128e-09,1,0.98132503032684326,-0.0015841387212276459,-0.00044144887942820787,-0.00069695722777396441,1.3812692165374756,0,0,0,1,0,0,0,0,0,1,0,0.95753926038742065,1.3474178314208984,349.1053466796875,2.9139220714569092e-05,-0.00037708505988121033,-0.00040620699292048812,3.008056640625,-6.0880323871970177e-05,-0.011192824691534042,2.5207047462463379,-2.2570835426449776e-05,-0.0039202687330543995,-1.6315607354044914e-07,1,0.86236870288848877,-0.011131944134831429,-0.0038976978976279497,-0.0043169260025024414,1.2133231163024902,0,0,0,1,0,0,0,0,0,1,0,0.69546830654144287,0.97758573293685913,348.79736328125,-2.1666288375854492e-05,-0.0029225200414657593,-0.0029010337311774492,0.2815241813659668,0,-0.0094815725460648537,-0.059924360364675522,-0.051917519420385361,0,-12.726085662841797,0,0.049464777112007141,0.039789989590644836,263.88333330629393,-0.012662772089242935,-0.0095762414857745171,267.82232666015625,264.21072387695312,8.3816318511962891,4.3706598281860352,0.7121579647064209,0.053853742778301239
16140,186.79549442182849,1,0.28360658884048462,181.25,8.2125921249389648,0.2541869580745697,1,159.17532348632812,1,21.460090637207031,8.5430421829223633,177.45571970073706,0.012261459603905678,0.0093786697834730148,-0.0003582723147701472,1.3223112821578979,-0.08025611937046051,-0.06069381907582283,-0.069790996611118317,-0.052779551595449448,2.5487387180328369,-0.0001012175198411569,-0.0016818913863971829,2.1845500469207764,-9.2548842076212168e-05,-0.00066287699155509472,-1.4551915228366852e-11,1,0.9802931547164917,-0.0015806746669113636,-0.00057032838230952621,-0.00060286797815933824,1.3809813261032104,0,0,0,1,0,0,0,0,0,1,0,0.95965451002120972,1.3517320156097412,349.10049438476562,2.2165477275848389e-06,-0.00038266740739345551,-0.00038482755189761519,3.0120029449462891,-0.00051824440015479922,-0.01161723118275404,2.525658130645752,-0.00047320342855527997,-0.0049587944522500038,-1.6231933841481805e-07,1,0.85762304067611694,-0.011098986491560936,-0.0044855917803943157,-0.0038755091372877359,1.2080361843109131,0,0,0,1,0,0,0,0,0,1,0,0.70563721656799316,0.99357163906097412,348.7928466796875,-0.00010836124420166016,-0.0029094740748405457,-0.002801152877509594,0.2817533016204834,0,-0.0095003973692655563,-0.060016624629497528,-0.052004680037498474,0,-12.788646697998047,0,0.051914479583501816,0.039484940469264984,263.87916663952637,-0.012725021690130234,-0.0096233179792761803,267.82281494140625,264.2081298828125,8.3814601898193359,4.3241925239562988,0.76751601696014404,0.05380016565322876
16200,232.20917261217889,1,0.28674477338790894,181.25,8.2183351516723633,0.25384059548377991,1,161.52444458007812,1,24.99824333190918,8.5880365371704102,220.59871398156994,0.01214163564145565,0.0092642065137624741,-0.00036491209175437689,1.3223112821578979,-0.081961944699287415,-0.061983849853277206,-0.071436062455177307,-0.054023634642362595,2.5537402629852295,-0.0003049817169085145,-0.0023661721497774124,2.191014289855957,-0.00027882037102244794,-0.0012507931096479297,8.7311491370201111e-11,1,0.97269636392593384,-0.0020611907821148634,-0.00097197282593697309,-0.00062158075161278248,1.373198390007019,0,0,0,1,0,0,0,0,0,1,0,0.95164406299591064,1.3433600664138794,349.09579467773438,-4.3690204620361328e-05,-0.00050741806626319885,-0.00046376907266676426,3.0204031467437744,-0.0010468392865732312,-0.013207639567553997,2.5315613746643066,-0.00095110945403575897,-0.0065550832077860832,-1.6030389815568924e-07,1,0.83931666612625122,-0.012160800397396088,-0.0056039737537503242,-0.0037531179841607809,1.1847379207611084,0,0,0,1,0,0,0,0,0,1,0,0.6959226131439209,0.98240554332733154,348.7882080078125,-0.00021978467702865601,-0.003121890127658844,-0.0029021997470408678,0.28237223625183105,0,-0.0095397206023335457,-0.060260534286499023,-0.052265800535678864,0,-13.025657653808594,0,0.051394551992416382,0.038995452225208282,263.87499997275881,-0.012960853055119514,-0.0098016653209924698,267.8226318359375,264.2088623046875,8.3236770629882812,4.2792367935180664,1.1160013675689697,0.079103618860244751
16260,169.94674654915192,1,0.28832754492759705,181.25,8.2426557540893555,0.25235208868980408,1,163.09400939941406,1,29.448083877563477,8.5533781051635742,161.44940922169431,0.011982466094195843,0.0092353476211428642,-0.00036741793155670166,1.3223112821578979,-0.082889318466186523,-0.062685176730155945,-0.072203859686851501,-0.054604284465312958,2.5615248680114746,-0.00033770795562304556,-0.002705644816160202,2.1982715129852295,-0.00032530151656828821,-0.0013786689378321171,6.1118043959140778e-10,1,0.96947526931762695,-0.0023679374717175961,-0.0010533672757446766,-0.00076497939880937338,1.3731198310852051,0,0,0,1,0,0,0,0,0,1,0,0.94959253072738647,1.3449423313140869,349.09124755859375,-5.8371573686599731e-05,-0.00054483860731124878,-0.00048653659177944064,3.0334200859069824,-0.00097140349680557847,-0.013691521249711514,2.5378952026367188,-0.00092487211804836988,-0.0070820031687617302,-1.5768455341458321e-07,1,0.83032804727554321,-0.012720119208097458,-0.0061571313999593258,-0.003709790762513876,1.1761815547943115,0,0,0,1,0,0,0,0,0,1,0,0.6904405951499939,0.97822868824005127,348.78378295898438,-0.0002325400710105896,-0.0032016336917877197,-0.002968979999423027,0.28331446647644043,0,-0.0095957126468420029,-0.060653522610664368,-0.052651986479759216,0,-13.115102767944336,0,0.050704322755336761,0.038873929530382156,263.87083330599125,-0.013049853965640068,-0.009868972934782505,267.8211669921875,264.20745849609375,8.3102779388427734,4.2933006286621094,0.74858629703521729,0.065152809023857117
16320,228.00506296072956,1,0.288227379322052,181.25,8.2702598571777344,0.25159481167793274,1,162.77740478515625,1,29.920589447021484,8.5121879577636719,216.60480981269308,0.012282419018447399,0.0092613641172647476,-0.00036774907493963838,1.3223112821578979,-0.082920834422111511,-0.062709011137485504,-0.072051271796226501,-0.054488889873027802,2.5700876712799072,-8.067177259363234e-05,-0.0024499385617673397,2.2041454315185547,-8.352143777301535e-05,-0.0012265141122043133,3.3687683753669262e-09,1,0.96833634376525879,-0.002369267400354147,-0.0011429924052208662,-0.00069295812863856554,1.3761625289916992,0,0,0,1,0,0,0,0,0,1,0,0.94468975067138672,1.3425945043563843,349.0869140625,-1.5685334801673889e-05,-0.0005463017150759697,-0.00053068494889885187,3.0484051704406738,-0.00026751492987386882,-0.013372188434004784,2.5443243980407715,-0.00025911029661074281,-0.0069751385599374771,-1.5765544958412647e-07,1,0.82116037607192993,-0.013104673475027084,-0.0067160278558731079,-0.0035233462695032358,1.1682422161102295,0,0,0,1,0,0,0,0,0,1,0,0.6604686975479126,0.9404289722442627,348.78018188476562,-0.00011508911848068237,-0.0033663287758827209,-0.0032511588651686907,0.28419333696365356,0,-0.0096454685553908348,-0.061025448143482208,-0.053000517189502716,0,-13.126922607421875,0,0.052005432546138763,0.038986958563327789,263.86666663922369,-0.013061614707112312,-0.0098778670653700829,267.8201904296875,264.19357299804688,8.3032951354980469,4.2927417755126953,1.0421431064605713,0.065501131117343903
16380,172.82268527933209,1,0.28938597440719604,181.25,8.2823123931884766,0.25136414170265198,1,162.56010437011719,1,31.252567291259766,8.5395107269287109,164.18155101536547,0.013832696713507175,0.0092527884989976883,-0.00037269917083904147,1.3223112821578979,-0.083858378231525421,-0.063418030738830566,-0.072320282459259033,-0.054692327976226807,2.5793924331665039,0.00014072124031372368,-0.0026247578207403421,2.2087583541870117,0.00012602726928889751,-0.0013174063060432673,3.2159732654690742e-09,1,0.96193921566009521,-0.0027654794976115227,-0.0014434335753321648,-0.00071975681930780411,1.3713133335113525,0,0,0,1,0,0,0,0,0,1,0,0.92956423759460449,1.3251986503601074,349.0831298828125,2.2083520889282227e-05,-0.00065333396196365356,-0.000675487972330302,3.0632047653198242,0.00020882528042420745,-0.014210900291800499,2.5492358207702637,0.00021463347366079688,-0.0073268073610961437,-1.583466655574739e-07,1,0.80229794979095459,-0.014419727027416229,-0.0075414408929646015,-0.0037420119624584913,1.1453777551651001,0,0,0,1,0,0,0,0,0,1,0,0.61989867687225342,0.885520339012146,348.777099609375,-3.2082200050354004e-05,-0.0036897547543048859,-0.0036576942075043917,0.2850072979927063,0,-0.0096979457885026932,-0.061382878571748734,-0.05328001081943512,0,-13.303617477416992,0,0.058757063001394272,0.038950484246015549,263.86249997245613,-0.013237430714070797,-0.010010828264057636,267.81967163085938,264.18850708007812,8.3763580322265625,4.2879104614257812,0.94026267528533936,0.089950740337371826
16440,170.04325267970617,1,0.29152131080627441,181.25,8.2862844467163086,0.25065946578979492,1,163.01150512695312,1,33.209682464599609,8.6449337005615234,161.54109004572086,0.013230675831437111,0.0091753043234348297,-0.00037995542516000569,1.3223112821578979,-0.085418663918972015,-0.064598001539707184,-0.073020949959754944,-0.055222209542989731,2.5914883613586426,0.00013654399663209915,-0.0032670893706381321,2.213951587677002,0.00013426464283838868,-0.0016206125728785992,3.4051481634378433e-09,1,0.95404338836669922,-0.0034036331344395876,-0.001754876459017396,-0.00089929869864135981,1.3648090362548828,0,0,0,1,0,0,0,0,0,1,0,0.91082155704498291,1.3029359579086304,349.0802001953125,3.0100345611572266e-05,-0.00083660334348678589,-0.00086667697178199887,3.079991340637207,0.00010468601249158382,-0.016141969710588455,2.5547652244567871,0.00016640196554362774,-0.0083670644089579582,-1.5780096873641014e-07,1,0.77973723411560059,-0.016246654093265533,-0.0085334666073322296,-0.004174795001745224,1.1165465116500854,0,0,0,1,0,0,0,0,0,1,0,0.57260608673095703,0.81990784406661987,348.77484130859375,-2.7239322662353516e-05,-0.0041964352130889893,-0.004169161431491375,0.28603902459144592,0,-0.0097739677876234055,-0.061866752803325653,-0.053587865084409714,0,-13.562634468078613,0,0.056129813194274902,0.038616150617599487,263.85833330568857,-0.013495158404111862,-0.010205734521150589,267.82052612304688,264.17471313476562,8.3557968139648438,4.4902496337890625,0.8378835916519165,0.091710306704044342
16500,166.82641467971322,1,0.29290571808815002,181.25,8.3083763122558594,0.24977999925613403,1,164.00181579589844,1,30.778541564941406,8.6292705535888672,158.48509394572756,0.011952104046940804,0.0091145290061831474,-0.0003830671776086092,1.3223112821578979,-0.086445614695549011,-0.06537463515996933,-0.073465391993522644,-0.055558320134878159,2.6055946350097656,-3.6776240449398756e-05,-0.0035073866602033377,2.2193818092346191,-1.9804254407063127e-05,-0.0016717336839064956,4.1909515857696533e-09,1,0.95454412698745728,-0.003470610361546278,-0.0016519292257726192,-0.0010190745815634727,1.3710236549377441,0,0,0,1,0,0,0,0,0,1,0,0.91368210315704346,1.3125827312469482,349.07757568359375,4.9509108066558838e-06,-0.00083798542618751526,-0.00084294570842757821,3.0972111225128174,-0.00038153352215886116,-0.017012219876050949,2.5611085891723633,-0.00023460530792362988,-0.008772093802690506,-1.5745899872854352e-07,1,0.77790689468383789,-0.016630684956908226,-0.0085374889895319939,-0.0044072037562727928,1.1183358430862427,0,0,0,1,0,0,0,0,0,1,0,0.57199311256408691,0.82287132740020752,348.77301025390625,-0.00010225921869277954,-0.0043068006634712219,-0.0042045293375849724,0.28718239068984985,0,-0.0098607689142227173,-0.06243513897061348,-0.053912170231342316,0,-13.673708915710449,0,0.050572693347930908,0.038353905081748962,263.85416663892101,-0.01360568031668663,-0.01028931699693203,267.82186889648438,264.17276000976562,8.3925247192382812,4.6678156852722168,0.79256588220596313,0.081892594695091248
16560,200.84835692108214,1,0.29590713977813721,181.25,8.3292341232299805,0.25128605961799622,1,166.32850646972656,1,29.540336608886719,8.7862339019775391,190.80593907502802,0.012261180207133293,0.0090222079306840897,-0.00038943914114497602,1.3223112821578979,-0.088451392948627472,-0.066891506314277649,-0.074713066220283508,-0.056501872837543488,2.6208267211914062,-0.0001947641430888325,-0.0042872396297752857,2.2246904373168945,-0.00016279653937090188,-0.0021772943437099457,4.9185473471879959e-09,1,0.94691067934036255,-0.0040924758650362492,-0.0020144977606832981,-0.0011464941781014204,1.3658792972564697,0,0,0,1,0,0,0,0,0,1,0,0.91266489028930664,1.3168990612030029,349.07473754882812,-3.215298056602478e-05,-0.00089414976537227631,-0.00086198194185271859,3.1132986545562744,-0.00079160300083458424,-0.019020287320017815,2.5644183158874512,-0.000527143944054842,-0.0099233249202370644,-1.560620148666203e-07,1,0.76004606485366821,-0.018228685483336449,-0.0093961805105209351,-0.0047772396355867386,1.0965300798416138,0,0,0,1,0,0,0,0,0,1,0,0.563240647315979,0.81331312656402588,348.7703857421875,-0.0001831836998462677,-0.0045392084866762161,-0.0043559679761528969,0.2884792685508728,0,-0.0099525563418865204,-0.063096940517425537,-0.054291527718305588,0,-13.901157379150391,0,0.051913242787122726,0.037960581481456757,263.84999997215346,-0.013831997290253639,-0.010460469871759415,267.8218994140625,264.1702880859375,8.4891300201416016,4.661954402923584,1.0380187034606934,0.097011864185333252
16620,229.29111091020906,1,0.2992216944694519,181.25,8.3223876953125,0.25019848346710205,1,168.46568298339844,1,30.459255218505859,8.773432731628418,217.82655536469861,0.01287561934441328,0.0089378319680690765,-0.00039756466867402196,1.3223112821578979,-0.090785086154937744,-0.068656362593173981,-0.075990617275238037,-0.057468023151159286,2.6397290229797363,-0.00030000341939739883,-0.0053991684690117836,2.2304763793945312,-0.00026051065651699901,-0.002806355245411396,2.0045263227075338e-09,1,0.93502652645111084,-0.0050991647876799107,-0.0025458442978560925,-0.0013843827182427049,1.3559861183166504,0,0,0,1,0,0,0,0,0,1,0,0.90428358316421509,1.3119208812713623,349.0721435546875,-5.6405551731586456e-05,-0.0010157069191336632,-0.00095928669907152653,3.1324586868286133,-0.0010190925095230341,-0.02184566855430603,2.5668578147888184,-0.00072035577613860369,-0.01103324256837368,-1.570733729749918e-07,1,0.7341998815536499,-0.02082657627761364,-0.010312887839972973,-0.0057216780260205269,1.0639116764068604,0,0,0,1,0,0,0,0,0,1,0,0.54532313346862793,0.79060536623001099,348.7679443359375,-0.0002019926905632019,-0.0048219263553619385,-0.0046199401840567589,0.29013776779174805,0,-0.010066632181406021,-0.063957870006561279,-0.05479290708899498,0,-14.191201210021973,0,0.054583579301834106,0.037600606679916382,263.8458333053859,-0.014120598323643208,-0.010678724385797977,267.82125854492188,264.15377807617188,8.5014858245849609,4.5382862091064453,1.0839170217514038,0.072946563363075256
16680,186.22838255354708,1,0.30123159289360046,181.25,8.3156795501708984,0.24991294741630554,1,169.96493530273438,1,31.990358352661133,8.6454200744628906,176.91696342586971,0.012108584865927696,0.0088255666196346283,-0.00040205198456533253,1.3223112821578979,-0.092510715126991272,-0.069961376488208771,-0.076411262154579163,-0.057786136865615845,2.6616811752319336,-0.00023607080220244825,-0.0063257990404963493,2.2345566749572754,-0.00018514590919949114,-0.0032117001246660948,1.6370904631912708e-09,1,0.92356544733047485,-0.0060897283256053925,-0.0030265543609857559,-0.0016479517798870802,1.347684383392334,0,0,0,1,0,0,0,0,0,1,0,0.89251255989074707,1.3030345439910889,349.06912231445312,-4.2814761400222778e-05,-0.0011335797607898712,-0.0010907275136560202,3.1528964042663574,-0.0008060698164626956,-0.024257075041532516,2.5657262802124023,-0.00051247363444417715,-0.011665381491184235,-1.5692785382270813e-07,1,0.70782119035720825,-0.023451004177331924,-0.011152908205986023,-0.0067257084883749485,1.032027006149292,0,0,0,1,0,0,0,0,0,1,0,0.52935171127319336,0.77272188663482666,348.76486206054688,-0.00015431642532348633,-0.0049727112054824829,-0.0048183733597397804,0.29197594523429871,0,-0.010190801694989204,-0.064945042133331299,-0.055320825427770615,0,-14.351376533508301,0,0.051251165568828583,0.037117317318916321,263.84166663861834,-0.014279976487159729,-0.010799255222082138,267.81991577148438,264.1473388671875,8.3775215148925781,4.6113567352294922,1.136237621307373,0.075488545000553131
16740,169.54305191919917,1,0.30103415250778198,181.25,8.3278579711914062,0.25171175599098206,1,170.02247619628906,1,30.785228729248047,8.7272129058837891,161.06589932323919,0.011460298672318459,0.008829830214381218,-0.00040112613351084292,1.3223112821578979,-0.09295760840177536,-0.070299334824085236,-0.075618088245391846,-0.057186298072338104,2.6829624176025391,-0.00016157570644281805,-0.0068336529657244682,2.2351641654968262,-0.00012273620814085007,-0.0030690368730574846,3.6852725315839052e-09,1,0.91933012008666992,-0.0066720768809318542,-0.0029463008977472782,-0.0020583420991897583,1.3494038581848145,0,0,0,1,0,0,0,0,0,1,0,0.88714265823364258,1.3030315637588501,349.06561279296875,-3.6748126149177551e-05,-0.0011897515505552292,-0.0011530159972608089,3.1727108955383301,-0.00071079941699281335,-0.025245742872357368,2.5632219314575195,-0.00046529289102181792,-0.011452662758529186,-1.5620025806128979e-07,1,0.70109748840332031,-0.024534944444894791,-0.010987370274960995,-0.0074580074287950993,1.0289926528930664,0,0,0,1,0,0,0,0,0,1,0,0.5290800929069519,0.77803099155426025,348.76171875,-0.00016584806144237518,-0.0049962494522333145,-0.0048304353840649128,0.29363292455673218,0,-0.010300289839506149,-0.065897203981876373,-0.055717788636684418,0,-14.318328857421875,0,0.04844319075345993,0.037135161459445953,263.83749997185078,-0.014247093349695206,-0.010774387046694756,267.81784057617188,264.14697265625,8.3611011505126953,4.7106599807739258,0.84242916107177734,0.058301128447055817
16800,189.17226682800455,1,0.30028024315834045,181.25,8.3306474685668945,0.2536444365978241,1,169.81687927246094,1,27.778331756591797,8.8256149291992188,179.71365348660433,0.011489031836390495,0.008855791762471199,-0.00039860192919149995,1.3223112821578979,-0.092786625027656555,-0.070170029997825623,-0.074876859784126282,-0.056625742465257645,2.7012965679168701,-0.00011972439824603498,-0.0068491687998175621,2.2330477237701416,-0.000100183897302486,-0.0030979197472333908,2.6193447411060333e-09,1,0.91859209537506104,-0.0067294426262378693,-0.0029977355152368546,-0.0020277984440326691,1.3543848991394043,0,0,0,1,0,0,0,0,0,1,0,0.88545870780944824,1.306347131729126,349.0616455078125,-2.6114284992218018e-05,-0.0012022629380226135,-0.0011761202476918697,3.1903820037841797,-0.00055288313888013363,-0.025182981044054031,2.5606689453125,-0.00043407839257270098,-0.011152708902955055,-1.5588011592626572e-07,1,0.70305013656616211,-0.024630095809698105,-0.010718630626797676,-0.0076181450858712196,1.0372756719589233,0,0,0,1,0,0,0,0,0,1,0,0.53180080652236938,0.78622984886169434,348.75820922851562,-0.00015468895435333252,-0.0049788951873779297,-0.0048242425546050072,0.29488348960876465,0,-0.010379673913121223,-0.066688396036624908,-0.055926613509654999,0,-14.228226661682129,0,0.048567503690719604,0.037247572094202042,263.83333330508322,-0.014157439582049847,-0.010706585831940174,267.8167724609375,264.15231323242188,8.5521144866943359,4.3638920783996582,0.80698221921920776,0.063382692635059357
16860,212.45022425542476,1,0.29911649227142334,181.25,8.3215751647949219,0.25442665815353394,1,168.77664184570312,1,26.91865348815918,8.6940298080444336,201.8277130426535,0.011285358108580112,0.0089114289730787277,-0.00039641378680244088,1.3223112821578979,-0.092110440135002136,-0.069658666849136353,-0.074246004223823547,-0.056148659437894821,2.7148933410644531,-3.31484479829669e-05,-0.0064971894025802612,2.229686975479126,-3.6666009691543877e-05,-0.0031980685889720917,1.7571437638252974e-09,1,0.92053830623626709,-0.0064640403725206852,-0.0031614024192094803,-0.0017078201053664088,1.3609175682067871,0,0,0,1,0,0,0,0,0,1,0,0.88747870922088623,1.3123304843902588,349.057373046875,-5.3942203521728516e-06,-0.0011797323822975159,-0.001174305914901197,3.20438551902771,-0.00031794054666534066,-0.023842055350542068,2.5585536956787109,-0.00024142058100551367,-0.011152217164635658,-1.5529803931713104e-07,1,0.71361637115478516,-0.02352411299943924,-0.010910797864198685,-0.0066659837029874325,1.0553296804428101,0,0,0,1,0,0,0,0,0,1,0,0.53438788652420044,0.7907787561416626,348.75494384765625,-0.00011010468006134033,-0.0049553588032722473,-0.0048453537747263908,0.29574248194694519,0,-0.01043325662612915,-0.067277967929840088,-0.056010574102401733,0,-14.150119781494141,0,0.04768679291009903,0.03748592734336853,263.82916663831566,-0.014079720713198185,-0.010647810995578766,267.81692504882812,264.15414428710938,8.4485855102539062,4.5457420349121094,0.78074967861175537,0.066461406648159027
16920,202.93704144917311,1,0.29750534892082214,181.25,8.3241958618164062,0.25800365209579468,1,166.52230834960938,1,26.72216796875,8.8551969528198242,192.79018937671444,0.011993367224931717,0.0089964056387543678,-0.00039532282971777022,1.3223112821578979,-0.0909443199634552,-0.068776786327362061,-0.073666781187057495,-0.055710621178150177,2.7238965034484863,7.1186455897986889e-05,-0.0057384064421057701,2.2275905609130859,5.1210168749094009e-05,-0.0028572201263159513,1.5570549294352531e-09,1,0.9281962513923645,-0.0058095920830965042,-0.0029084300622344017,-0.0014667098876088858,1.3743534088134766,0,0,0,1,0,0,0,0,0,1,0,0.89230811595916748,1.3210119009017944,349.05352783203125,1.595914363861084e-05,-0.0011201575398445129,-0.0011361050419509411,3.2171530723571777,-0.00010267004836350679,-0.022529616951942444,2.5607023239135742,5.7367142289876938e-06,-0.011310943402349949,-1.5558907762169838e-07,1,0.72064483165740967,-0.022426946088671684,-0.011316679418087006,-0.0056008617393672466,1.0674724578857422,0,0,0,1,0,0,0,0,0,1,0,0.52184349298477173,0.77251732349395752,348.7528076171875,-8.1688165664672852e-05,-0.005099564790725708,-0.0050179609097540379,0.29618960618972778,0,-0.010469088330864906,-0.067627072334289551,-0.055989570915699005,0,-14.111177444458008,0,0.050751566886901855,0.037848189473152161,263.8249999715481,-0.014040973037481308,-0.010618507862091064,267.81646728515625,264.15597534179688,8.5458488464355469,4.2580552101135254,0.79133641719818115,0.060959320515394211
16980,194.30532679561031,1,0.29775676131248474,181.25,8.3209075927734375,0.26142174005508423,1,166.33328247070312,1,25.372138977050781,8.7404575347900391,184.59006045582979,0.012061354704201221,0.0089791193604469299,-0.0003967762750107795,1.3223112821578979,-0.091136865317821503,-0.06892240047454834,-0.073743462562561035,-0.055768609046936035,2.7315678596496582,-8.5189705714583397e-05,-0.0054499274119734764,2.2263851165771484,-5.7186000049114227e-05,-0.0024779294617474079,2.2700987756252289e-09,1,0.93566906452178955,-0.0053647374734282494,-0.0024207434616982937,-0.0015599045436829329,1.3864972591400146,0,0,0,1,0,0,0,0,0,1,0,0.90322303771972656,1.338313102722168,349.04971313476562,-1.1451542377471924e-05,-0.0010343343019485474,-0.0010228585451841354,3.2288734912872314,-0.00036485376767814159,-0.022268796339631081,2.5635952949523926,-0.00010085827670991421,-0.01081584207713604,-1.5494879335165024e-07,1,0.73032337427139282,-0.02190394327044487,-0.010714983567595482,-0.0057193147949874401,1.0823018550872803,0,0,0,1,0,0,0,0,0,1,0,0.54744827747344971,0.81117129325866699,348.75,-0.00010564923286437988,-0.0048649609088897705,-0.0047593154013156891,0.29641962051391602,0,-0.010497968643903732,-0.067822426557540894,-0.055933088064193726,0,-14.163059234619141,0,0.051046352833509445,0.037772908806800842,263.82083330478054,-0.014092596247792244,-0.010657547973096371,267.81573486328125,264.15390014648438,8.4870929718017578,4.5186872482299805,0.93195664882659912,0.064665079116821289
17040,195.19589492091131,1,0.29856297373771667,181.25,8.3150491714477539,0.26238960027694702,1,167.12069702148438,1,24.286066055297852,8.8262262344360352,185.43610017486574,0.011299786157906055,0.0089571494609117508,-0.00039812328759580851,1.3223112821578979,-0.091780290007591248,-0.069408990442752838,-0.073958516120910645,-0.055931244045495987,2.7386271953582764,-0.00022583155077882111,-0.005545150488615036,2.2249977588653564,-0.00017314680735580623,-0.0023842460941523314,1.673470251262188e-09,1,0.93824625015258789,-0.0053193187341094017,-0.0022110992576926947,-0.0016766367480158806,1.3915724754333496,0,0,0,1,0,0,0,0,0,1,0,0.91098129749298096,1.3510144948959351,349.04537963867188,-4.0400773286819458e-05,-0.00098932906985282898,-0.00094891712069511414,3.2342066764831543,-0.00054390740115195513,-0.021810688078403473,2.5627315044403076,-0.00030705757671967149,-0.010624676011502743,-1.5590921975672245e-07,1,0.74063533544540405,-0.02126678079366684,-0.010317619889974594,-0.0055701723322272301,1.0979013442993164,0,0,0,1,0,0,0,0,0,1,0,0.56845849752426147,0.84222656488418579,348.74581909179688,-0.00013912469148635864,-0.0047120526432991028,-0.0045730606652796268,0.29677274823188782,0,-0.010531984269618988,-0.068085126578807831,-0.055926643311977386,0,-14.211140632629395,0,0.04774913564324379,0.037678834050893784,263.81666663801298,-0.014140438288450241,-0.010693728923797607,267.81524658203125,264.15304565429688,8.5445775985717773,4.43255615234375,1.025827169418335,0.064369462430477142
17100,200.42501035117314,1,0.29760724306106567,181.25,8.329010009765625,0.26288405060768127,1,166.44219970703125,1,24.231565475463867,8.9400196075439453,190.40375983361449,0.012372259050607681,0.0090209823101758957,-0.00039591966196894646,1.3223112821578979,-0.091013655066490173,-0.06882922351360321,-0.073708564043045044,-0.055742219090461731,2.7418999671936035,-0.00016118172788992524,-0.0053138043731451035,2.2233216762542725,-0.00015197267930489033,-0.0021853414364159107,1.1932570487260818e-09,1,0.94101583957672119,-0.0051526222378015518,-0.0020333684515208006,-0.0017082337290048599,1.3968824148178101,0,0,0,1,0,0,0,0,0,1,0,0.91745895147323608,1.3617169857025146,349.04074096679688,-3.0387192964553833e-05,-0.00091188400983810425,-0.00088149792281910777,3.233818531036377,-0.00036870205076411366,-0.020899582654237747,2.5609169006347656,-0.00025206044665537775,-0.010501671582460403,-1.5537807485088706e-07,1,0.74802267551422119,-0.020530881360173225,-0.010249610990285873,-0.0051343236118555069,1.1097341775894165,0,0,0,1,0,0,0,0,0,1,0,0.58267593383789062,0.86361789703369141,348.741455078125,-0.00011324509978294373,-0.0045581832528114319,-0.0044451011344790459,0.29700946807861328,0,-0.010556019842624664,-0.068275578320026398,-0.055908910930156708,0,-14.132481575012207,0,0.052395474165678024,0.037953190505504608,263.81249997124542,-0.014062170870602131,-0.010634538717567921,267.81521606445312,264.15164184570312,8.5457057952880859,4.543940544128418,0.73365473747253418,0.058139145374298096
17160,187.87172082053743,1,0.29693862795829773,181.25,8.340723991394043,0.26378801465034485,1,165.56434631347656,1,24.456655502319336,8.8075475692749023,178.47813477951055,0.011590704321861267,0.0090866442769765854,-0.00039534227107651532,1.3223112821578979,-0.09038129448890686,-0.068351000547409058,-0.07365330308675766,-0.055700428783893585,2.7425708770751953,-0.00013051071437075734,-0.0051349317654967308,2.2217764854431152,-0.00011953737703152001,-0.0021388977766036987,-1.4551915228366852e-11,1,0.94219565391540527,-0.0050044208765029907,-0.0020193604286760092,-0.0016240011900663376,1.3989639282226562,0,0,0,1,0,0,0,0,0,1,0,0.92047876119613647,1.3664590120315552,349.03607177734375,-2.191588282585144e-05,-0.00087042897939682007,-0.0008485363214276731,3.2328040599822998,-0.00033422769047319889,-0.020412219688296318,2.5590662956237793,-0.00018418545369058847,-0.010341761633753777,-1.5451223589479923e-07,1,0.7523730993270874,-0.020077992230653763,-0.010157577693462372,-0.0049015549011528492,1.1165375709533691,0,0,0,1,0,0,0,0,0,1,0,0.58883529901504517,0.87312889099121094,348.73712158203125,-0.00010356307029724121,-0.004469849169254303,-0.0043664379045367241,0.29704409837722778,0,-0.010567955672740936,-0.068328052759170532,-0.055874396115541458,0,-14.111872673034668,0,0.049007415771484375,0.038235440850257874,263.80833330447786,-0.014041664078831673,-0.010619030334055424,267.8143310546875,264.14791870117188,8.4834308624267578,4.4505906105041504,0.83960366249084473,0.055818676948547363
17220,202.50701655594108,1,0.29607105255126953,193.75,8.3412599563598633,0.20017613470554352,1,164.31878662109375,1,24.285974502563477,8.8404674530029297,192.38166572814401,0.012211721390485764,0.0091613512486219406,-0.00039485772140324116,1.3223112821578979,-0.089764177799224854,-0.067884303629398346,-0.073333553969860077,-0.055458616465330124,2.7423303127288818,-0.00015312500181607902,-0.0047737983986735344,2.2197639942169189,-0.00011268976959399879,-0.0020554638467729092,1.3897079043090343e-09,1,0.94591730833053589,-0.0046206731349229813,-0.0019427742809057236,-0.0014364265371114016,1.4041047096252441,0,0,0,1,0,0,0,0,0,1,0,0.92431288957595825,1.3716320991516113,349.031494140625,-2.9198825359344482e-05,-0.00083782896399497986,-0.00080860266461968422,3.2339982986450195,-0.00039404822746291757,-0.019762752577662468,2.5573115348815918,-0.00021322694374248385,-0.0096880160272121429,-1.5518162399530411e-07,1,0.76256906986236572,-0.019368702545762062,-0.0094747897237539291,-0.0049639302305877209,1.1318321228027344,0,0,0,1,0,0,0,0,0,1,0,0.59997367858886719,0.88986665010452271,348.73284912109375,-0.00012598186731338501,-0.0043679028749465942,-0.0042420225217938423,0.29694002866744995,0,-0.010576577857136726,-0.068288750946521759,-0.055826876312494278,0,-14.094575881958008,0,0.051698610186576843,0.038556002080440521,263.8041666377103,-0.014024453237652779,-0.010606015101075172,267.812744140625,264.143310546875,8.4601707458496094,4.3263945579528809,0.93417483568191528,0.060202006250619888
17280,196.13433143580085,1,0.29496720433235168,193.75,8.3365516662597656,0.20120304822921753,1,162.78092956542969,1,24.540140151977539,8.8032197952270508,186.3276148640108,0.011674558743834496,0.0092086344957351685,-0.0003941464819945395,1.3223112821578979,-0.089254401624202728,-0.067498780786991119,-0.072593539953231812,-0.054898981004953384,2.7423877716064453,-0.00012842577416449785,-0.0042366404086351395,2.2165725231170654,-8.7781285401433706e-05,-0.0016880885232239962,2.5320332497358322e-09,1,0.95255237817764282,-0.0041082138195633888,-0.0016003069467842579,-0.0013698975089937449,1.4128303527832031,0,0,0,1,0,0,0,0,0,1,0,0.92942476272583008,1.3782159090042114,349.0269775390625,-3.2573938369750977e-05,-0.00078409165143966675,-0.00075144763104617596,3.2362947463989258,-0.00032115611247718334,-0.018837999552488327,2.5552020072937012,-0.00018834532238543034,-0.0087604261934757233,-1.549196895211935e-07,1,0.77533489465713501,-0.018516842275857925,-0.0085720792412757874,-0.0050953319296240807,1.1502528190612793,0,0,0,1,0,0,0,0,0,1,0,0.61273849010467529,0.90876257419586182,348.72842407226562,-0.00012657046318054199,-0.004224829375743866,-0.0040981760248541832,0.29667159914970398,0,-0.010579970665276051,-0.068176478147506714,-0.055707298219203949,0,-14.069187164306641,0,0.049370381981134415,0.038756899535655975,263.79999997094274,-0.013999191112816334,-0.010586910881102085,267.81280517578125,264.14501953125,8.5081453323364258,4.2670445442199707,0.75031453371047974,0.058111634105443954
17340,200.35618859474329,1,0.2945132851600647,193.75,8.3391408920288086,0.20196111500263214,1,162.10537719726562,1,23.244415283203125,8.8565568923950195,190.3383791650061,0.011987145058810711,0.0092434864491224289,-0.00039396461215801537,1.3223112821578979,-0.089037001132965088,-0.067334376275539398,-0.072300031781196594,-0.05467701330780983,2.7414829730987549,-0.00011005942360498011,-0.0038536428473889828,2.2129254341125488,-7.936569454614073e-05,-0.0014573060907423496,1.7971615307033062e-09,1,0.95691448450088501,-0.0037435826379805803,-0.0013779406435787678,-0.0013015614822506905,1.4178223609924316,0,0,0,1,0,0,0,0,0,1,0,0.92763781547546387,1.3743927478790283,349.022216796875,-2.8248876333236694e-05,-0.00079195946455001831,-0.00076370453462004662,3.2365660667419434,-0.0001369867823086679,-0.017702002078294754,2.5536501407623291,-7.5417046900838614e-05,-0.0081412084400653839,-1.5471596270799637e-07,1,0.7863011360168457,-0.017565011978149414,-0.0080657899379730225,-0.0048577748239040375,1.1654202938079834,0,0,0,1,0,0,0,0,0,1,0,0.61725282669067383,0.91538339853286743,348.7235107421875,-8.2120299339294434e-05,-0.0041177496314048767,-0.0040355897508561611,0.29631593823432922,0,-0.010580144822597504,-0.068037539720535278,-0.055532008409500122,0,-14.06269645690918,0,0.050724584609270096,0.038908034563064575,263.79583330417518,-0.013992732390761375,-0.010582026094198227,267.81240844726562,264.13653564453125,8.4994773864746094,4.5197558403015137,0.76645171642303467,0.059042744338512421
17400,191.1176120784026,1,0.29387497901916504,193.75,8.3436040878295898,0.2029668390750885,1,161.33573913574219,1,21.988563537597656,8.7703933715820312,181.56173147448246,0.012780005112290382,0.0092589147388935089,-0.00039327584090642631,1.3223112821578979,-0.088491365313529968,-0.066921733319759369,-0.072183720767498016,-0.054589051753282547,2.7390456199645996,-4.5586159103550017e-05,-0.003372150706127286,2.2105488777160645,-3.678763096104376e-05,-0.0013434592401608825,3.5943230614066124e-09,1,0.96092706918716431,-0.0033265631645917892,-0.0013066714163869619,-0.0010938787600025535,1.4219996929168701,0,0,0,1,0,0,0,0,0,1,0,0.92808032035827637,1.3735828399658203,349.0174560546875,-1.4806166291236877e-05,-0.00077017955482006073,-0.00075536139775067568,3.2337861061096191,0.00011284841457381845,-0.01665065623819828,2.55352783203125,6.0202029999345541e-05,-0.0078460732474923134,-1.5462865121662617e-07,1,0.79391169548034668,-0.016763504594564438,-0.0079062739387154579,-0.0044804168865084648,1.1752318143844604,0,0,0,1,0,0,0,0,0,1,0,0.61546063423156738,0.91205620765686035,348.7183837890625,-4.5295804738998413e-05,-0.0040936693549156189,-0.0040481998585164547,0.2959381639957428,0,-0.010579496622085571,-0.067872300744056702,-0.055369395762681961,0,-14.038108825683594,0,0.054167564958333969,0.038972586393356323,263.79166663740762,-0.013968267478048801,-0.010563524439930916,267.812255859375,264.12774658203125,8.5306644439697266,4.6168308258056641,0.84278857707977295,0.064227402210235596
17460,208.61838366929965,1,0.29325234889984131,193.75,8.3555088043212891,0.20506279170513153,1,160.89047241210938,1,23.141622543334961,8.7603750228881836,198.18746448583465,0.012078317813575268,0.0092688556760549545,-0.00039186293724924326,1.3223112821578979,-0.088025197386741638,-0.066569194197654724,-0.071990311145782471,-0.054442785680294037,2.7352151870727539,-8.7873486336320639e-05,-0.0029909068252891302,2.2087850570678711,-4.3464737245813012e-05,-0.001050496706739068,3.6525307223200798e-09,1,0.96677768230438232,-0.0029030318837612867,-0.0010070313001051545,-0.0010629403404891491,1.4285756349563599,0,0,0,1,0,0,0,0,0,1,0,0.93830251693725586,1.3867108821868896,349.012451171875,-2.7332454919815063e-05,-0.00067469105124473572,-0.00064727064454928041,3.2308351993560791,-5.0431699492037296e-05,-0.015629982575774193,2.5543355941772461,4.6040513552725315e-06,-0.0069441818632185459,-1.5375553630292416e-07,1,0.81096488237380981,-0.015579548664391041,-0.0069487844593822956,-0.0044858031906187534,1.1986120939254761,0,0,0,1,0,0,0,0,0,1,0,0.63985335826873779,0.94653522968292236,348.71368408203125,-9.5799565315246582e-05,-0.0038877427577972412,-0.0037918519228696823,0.29551169276237488,0,-0.010572981089353561,-0.067665636539459229,-0.055216237902641296,0,-13.987675666809082,0,0.05111989751458168,0.039012357592582703,263.78749997064006,-0.013918085023760796,-0.01052557397633791,267.812255859375,264.12750244140625,8.4765863418579102,4.2791061401367188,1.0456651449203491,0.061354205012321472
17520,181.95908434664713,1,0.29269164800643921,181.25,8.3792991638183594,0.26507043838500977,1,160.45635986328125,1,23.298585891723633,8.7574234008789062,172.86113012931477,0.011184087023139,0.0092913322150707245,-0.00039067363832145929,1.3223112821578979,-0.087694808840751648,-0.066319338977336884,-0.071708045899868011,-0.054229322820901871,2.7316322326660156,-9.4638962764292955e-05,-0.0025560623034834862,2.2066550254821777,-4.7869718400761485e-05,-0.00070469046477228403,3.4633558243513107e-09,1,0.97331082820892334,-0.0024614222347736359,-0.00065682083368301392,-0.0010553678730502725,1.4358260631561279,0,0,0,1,0,0,0,0,0,1,0,0.9477502703666687,1.3981592655181885,349.00732421875,-2.8833746910095215e-05,-0.00057958811521530151,-0.00055070192320272326,3.2299306392669678,-0.0001392442500218749,-0.014675655402243137,2.5549263954162598,-6.4531108364462852e-05,-0.0057837027125060558,-1.5384284779429436e-07,1,0.82901966571807861,-0.014536409638822079,-0.005719170905649662,-0.0047763758338987827,1.2230556011199951,0,0,0,1,0,0,0,0,0,1,0,0.66532754898071289,0.98196768760681152,348.70928955078125,-0.00011083483695983887,-0.0036376863718032837,-0.0035267833154648542,0.29503911733627319,0,-0.010560708120465279,-0.06743890792131424,-0.055053018033504486,0,-13.945222854614258,0,0.047249153256416321,0.039108272641897202,263.7833333038725,-0.013875843957066536,-0.010493628680706024,267.8109130859375,264.12118530273438,8.4843959808349609,4.3605890274047852,0.8825145959854126,0.053136169910430908
17580,180.21201716512732,1,0.29299101233482361,181.25,8.3896598815917969,0.26441136002540588,1,160.23086547851562,1,21.45652961730957,8.7856416702270508,171.20141630687095,0.011518022976815701,0.0092922430485486984,-0.00039242501952685416,1.3223112821578979,-0.087882943451404572,-0.066461615264415741,-0.071844242513179779,-0.054332323372364044,2.7285475730895996,-6.723319529555738e-05,-0.0024101193994283676,2.2044873237609863,-6.0383870732039213e-05,-0.00068779999855905771,2.2700987756252289e-09,1,0.97458285093307495,-0.002342885360121727,-0.00062741630245000124,-0.0010004960931837559,1.4356682300567627,0,0,0,1,0,0,0,0,0,1,0,0.94903242588043213,1.3979523181915283,349.00228881835938,-2.5562942028045654e-05,-0.00056467205286026001,-0.00053909281268715858,3.2265536785125732,-8.5031380876898766e-05,-0.014128873124718666,2.5527093410491943,-0.00013169972226023674,-0.0055257827043533325,-1.5369732864201069e-07,1,0.83550798892974854,-0.014043839648365974,-0.0053940829820930958,-0.0047154035419225693,1.2307881116867065,0,0,0,1,0,0,0,0,0,1,0,0.67101585865020752,0.98863863945007324,348.7044677734375,-9.9048018455505371e-05,-0.0035671591758728027,-0.0034680713433772326,0.29463207721710205,0,-0.010551916435360909,-0.067245990037918091,-0.054910808801651001,0,-14.007739067077637,0,0.048692923039197922,0.03911178931593895,263.77916663710494,-0.013938048854470253,-0.010540671646595001,267.81015014648438,264.12234497070312,8.5589313507080078,4.4255990982055664,0.74950277805328369,0.0572795569896698
17640,208.07714095221539,1,0.29336023330688477,181.25,8.4054746627807617,0.26397392153739929,1,159.96345520019531,1,20.69921875,8.821014404296875,197.6732839046046,0.011349808424711227,0.0092977620661258698,-0.0003945689823012799,1.3223112821578979,-0.088092692196369171,-0.066620238125324249,-0.072039969265460968,-0.054480340331792831,2.7258405685424805,-7.6277734478935599e-05,-0.0024953479878604412,2.203007698059082,-7.0342037361115217e-05,-0.0007827377412468195,3.9144651964306831e-09,1,0.97320383787155151,-0.0024190698750317097,-0.00071239587850868702,-0.0009813172509893775,1.4323474168777466,0,0,0,1,0,0,0,0,0,1,0,0.94759392738342285,1.3945969343185425,348.99749755859375,-2.9355287551879883e-05,-0.00058286264538764954,-0.00055360619444400072,3.2213249206542969,-0.00013360596494749188,-0.014257708564400673,2.5497610569000244,-0.00018236058531329036,-0.0056154057383537292,-1.5342084225267172e-07,1,0.83397573232650757,-0.014124101959168911,-0.0054330457933247089,-0.0047335037961602211,1.2275450229644775,0,0,0,1,0,0,0,0,0,1,0,0.67278575897216797,0.99049520492553711,348.69940185546875,-0.00011615455150604248,-0.0035642087459564209,-0.0034481012262403965,0.29436150193214417,0,-0.01055547222495079,-0.067117631435394287,-0.054817117750644684,0,-14.084268569946289,0,0.047965377569198608,0.039134599268436432,263.77499997033738,-0.014014197513461113,-0.010598259046673775,267.81045532226562,264.11904907226562,8.5816850662231445,4.536433219909668,0.77043259143829346,0.052435573190450668
17700,200.75791610406506,1,0.29360678791999817,181.25,8.4083528518676758,0.26563253998756409,1,160.10601806640625,1,22.846492767333984,8.7665767669677734,190.72002029886181,0.010850914753973484,0.0092967525124549866,-0.00039521246799267828,1.3223112821578979,-0.088231801986694336,-0.066725440323352814,-0.072172120213508606,-0.054580278694629669,2.7241911888122559,-9.9149881862103939e-05,-0.0025478866882622242,2.2019987106323242,-7.6230455306358635e-05,-0.00088317034533247352,2.3283064365386963e-09,1,0.97213101387023926,-0.0024487362243235111,-0.00080694025382399559,-0.00092675181804224849,1.4301154613494873,0,0,0,1,0,0,0,0,0,1,0,0.94786828756332397,1.3944549560546875,348.99264526367188,-2.7250498533248901e-05,-0.00057588145136833191,-0.00054868194274604321,3.219102144241333,-0.00017948151798918843,-0.01446265634149313,2.5462584495544434,-0.00017507205484434962,-0.0058012343943119049,-1.5499244909733534e-07,1,0.8305891752243042,-0.014283175580203533,-0.0056261634454131126,-0.0046829432249069214,1.2222294807434082,0,0,0,1,0,0,0,0,0,1,0,0.67868506908416748,0.99913686513900757,348.69415283203125,-0.00010897964239120483,-0.0034892521798610687,-0.0033803991973400116,0.29421353340148926,0,-0.010566443204879761,-0.067043237388134003,-0.054773271083831787,0,-14.10723876953125,0,0.045810706913471222,0.039130128920078278,263.77083330356982,-0.014037053100764751,-0.010615543462336063,267.80984497070312,264.10757446289062,8.5820541381835938,4.2336010932922363,0.76750069856643677,0.054805517196655273
17760,196.58849407353077,1,0.29265522956848145,181.25,8.4040584564208984,0.26911431550979614,1,159.83146667480469,1,23.838447570800781,8.7534751892089844,186.75906936985422,0.011388814076781273,0.0093125812709331512,-0.00039205458597280085,1.3223112821578979,-0.087727911770343781,-0.066344372928142548,-0.071622997522354126,-0.054165005683898926,2.7227635383605957,-4.5749424316454679e-05,-0.0021553388796746731,2.2002358436584473,-3.5525648854672909e-05,-0.00069673301186412573,1.6079866327345371e-09,1,0.9761970043182373,-0.0021095890551805496,-0.00066120753763243556,-0.00082321022637188435,1.4351615905761719,0,0,0,1,0,0,0,0,0,1,0,0.95372474193572998,1.4021584987640381,348.9873046875,-8.1211328506469727e-06,-0.00049480143934488297,-0.00048674459685571492,3.2196011543273926,4.6131317503750324e-06,-0.013547195121645927,2.5425162315368652,-4.6336033847182989e-05,-0.0053680059500038624,-1.5528348740190268e-07,1,0.83913278579711914,-0.013551807962357998,-0.0053216703236103058,-0.0044519891962409019,1.233992338180542,0,0,0,1,0,0,0,0,0,1,0,0.69740951061248779,1.0260238647460938,348.6884765625,-5.9604644775390625e-05,-0.0032412633299827576,-0.0031818279530853033,0.29402339458465576,0,-0.010568249970674515,-0.066954925656318665,-0.054704025387763977,0,-13.994516372680664,0,0.04813404381275177,0.039198517799377441,263.76666663680226,-0.01392489206045866,-0.010530721396207809,267.80902099609375,264.10675048828125,8.5375690460205078,4.3583993911743164,0.9088667631149292,0.067392468452453613
17820,195.27789485255951,1,0.29210421442985535,181.25,8.3993015289306641,0.27192831039428711,1,159.52386474609375,1,22.970191955566406,8.8048467636108398,185.51400010993152,0.010945685207843781,0.0093163419514894485,-0.00039059598930180073,1.3223112821578979,-0.087395809590816498,-0.066093221306800842,-0.071356065571308136,-0.053963135927915573,2.7207374572753906,-4.0835773688741028e-05,-0.0018362468108534813,2.1975212097167969,-3.461589221842587e-05,-0.00060634833062067628,2.0518200471997261e-09,1,0.97964823246002197,-0.0017954108770936728,-0.00057173281675204635,-0.00069460680242627859,1.4386680126190186,0,0,0,1,0,0,0,0,0,1,0,0.95689660310745239,1.4052618741989136,348.981689453125,-6.0647726058959961e-06,-0.00045952014625072479,-0.0004535262705758214,3.2194912433624268,-2.2074964363127947e-05,-0.01281171478331089,2.5381319522857666,-6.7134009441360831e-05,-0.0051863370463252068,-1.5446858014911413e-07,1,0.8472980260848999,-0.01278963964432478,-0.0051192035898566246,-0.0041268430650234222,1.2445211410522461,0,0,0,1,0,0,0,0,0,1,0,0.70338970422744751,1.0334398746490479,348.68255615234375,-6.0573220252990723e-05,-0.0031811147928237915,-0.0031205895356833935,0.29370579123497009,0,-0.010556073859333992,-0.066812232136726379,-0.0545777827501297,0,-13.942451477050781,0,0.046219676733016968,0.039213955402374268,263.7624999700347,-0.0138730863109231,-0.01049154344946146,267.808349609375,264.1107177734375,8.5685329437255859,4.3702402114868164,0.91422677040100098,0.066124066710472107
17880,151.66213881963068,1,0.29261788725852966,181.25,8.3950738906860352,0.26824498176574707,1,159.73446655273438,1,23.756351470947266,8.7459697723388672,144.07903187864915,0.011562802828848362,0.0093217380344867706,-0.00039214256685227156,1.3223112821578979,-0.087686091661453247,-0.066312745213508606,-0.071628503501415253,-0.054169170558452606,2.7199368476867676,-6.4129664679057896e-05,-0.0016697378596290946,2.195371150970459,-5.0809569074772298e-05,-0.00072235817788168788,2.3719621822237968e-09,1,0.98061054944992065,-0.001605608151294291,-0.00067154865246266127,-0.00049691146705299616,1.4388319253921509,0,0,0,1,0,0,0,0,0,1,0,0.95787298679351807,1.4054739475250244,348.97637939453125,-1.1114403605461121e-05,-0.00045437552034854889,-0.00044330334640108049,3.2211499214172363,-0.0001705255126580596,-0.012704750522971153,2.5346319675445557,-0.00014883912808727473,-0.0055497176945209503,-1.5541445463895798e-07,1,0.84742152690887451,-0.012534225359559059,-0.0054008793085813522,-0.0037519976031035185,1.2435495853424072,0,0,0,1,0,0,0,0,0,1,0,0.69584518671035767,1.0212435722351074,348.67730712890625,-8.0943107604980469e-05,-0.0032836087048053741,-0.0032027359120547771,0.2934531569480896,0,-0.010547062382102013,-0.066695176064968109,-0.054481729865074158,0,-13.99765682220459,0,0.048886660486459732,0.039238758385181427,263.75833330326714,-0.013928016647696495,-0.010533085092902184,267.80767822265625,264.10858154296875,8.5721893310546875,4.4344706535339355,0.91857349872589111,0.060736261308193207
17940,167.60599298271896,1,0.29450118541717529,181.25,8.4218606948852539,0.26775926351547241,1,160.2813720703125,1,23.557378768920898,8.754857063293457,159.225693333583,0.012009988538920879,0.0093203801661729813,-0.00039839887176640332,1.3223112821578979,-0.088841967284679413,-0.067186877131462097,-0.072524666786193848,-0.05484689399600029,2.7215213775634766,-6.2799605075269938e-05,-0.001941571943461895,2.195338249206543,-6.3446001149713993e-05,-0.0010302537120878696,6.8394001573324203e-10,1,0.97594708204269409,-0.0018787721637636423,-0.00096680759452283382,-0.00043851503869518638,1.432032585144043,0,0,0,1,0,0,0,0,0,1,0,0.94833725690841675,1.391524076461792,348.9718017578125,-1.7538666725158691e-05,-0.00056212395429611206,-0.00054461380932480097,3.2241575717926025,-0.0001754300610627979,-0.013502750545740128,2.5338263511657715,-0.00018470092618372291,-0.0067830891348421574,-1.5530531527474523e-07,1,0.8315160870552063,-0.013327319175004959,-0.006598388310521841,-0.0033159027807414532,1.2202171087265015,0,0,0,1,0,0,0,0,0,1,0,0.66675150394439697,0.97835057973861694,348.6724853515625,-9.2254951596260071e-05,-0.0036104656755924225,-0.0035182246938347816,0.29345932602882385,0,-0.010559145361185074,-0.066700473427772522,-0.054482769221067429,0,-14.220977783203125,0,0.050823617726564407,0.039235450327396393,263.75416663649958,-0.01415022648870945,-0.010701131075620651,267.80670166015625,264.10025024414062,8.4888172149658203,4.4469823837280273,0.81668287515640259,0.067421302199363708
18000,177.1186759310259,1,0.2967764139175415,181.25,8.4509334564208984,0.2701742947101593,1,162.07388305664062,1,22.591583251953125,8.7561750411987305,168.26274213447459,0.011628975160419941,0.0092475507408380508,-0.00040319497929885983,1.3223112821578979,-0.090322226285934448,-0.068306326866149902,-0.073524199426174164,-0.055602792650461197,2.7255780696868896,-1.3367680367082357e-05,-0.0025261109694838524,2.1980838775634766,-1.3631302863359451e-05,-0.0013860804028809071,3.2014213502407074e-10,1,0.9673842191696167,-0.0025127432309091091,-0.0013724491000175476,-0.0005205587949603796,1.4213751554489136,0,0,0,1,0,0,0,0,0,1,0,0.94121837615966797,1.3829045295715332,348.967529296875,-7.9870223999023438e-06,-0.00063082575798034668,-0.00062292721122503281,3.2277486324310303,-8.7028602138161659e-05,-0.01491132378578186,2.5356545448303223,-7.5180083513259888e-05,-0.0078347399830818176,-1.5506520867347717e-07,1,0.81010210514068604,-0.014824292622506618,-0.007759560365229845,-0.0033510562498122454,1.1903502941131592,0,0,0,1,0,0,0,0,0,1,0,0.65606594085693359,0.96400296688079834,348.6671142578125,-7.7486038208007812e-05,-0.0037215650081634521,-0.0036440452095121145,0.29385948181152344,0,-0.010598533786833286,-0.066892534494400024,-0.054621882736682892,0,-14.392176628112793,0,0.049173049628734589,0.038923896849155426,263.74999996973202,-0.014320573769509792,-0.010829956270754337,267.80621337890625,264.10214233398438,8.5395421981811523,4.5038385391235352,0.76072525978088379,0.062218844890594482
18060,157.274185418494,1,0.29937362670898438,181.25,8.4517316818237305,0.27066585421562195,1,164.54026794433594,1,23.062055587768555,8.8037509918212891,149.41047614756928,0.011772242374718189,0.0091209486126899719,-0.00040766966412775218,1.3223112821578979,-0.092105858027935028,-0.069655202329158783,-0.074575513601303101,-0.056397851556539536,2.7320239543914795,-8.3996274042874575e-05,-0.0035535062197595835,2.2021665573120117,-4.1933817556127906e-05,-0.0018035185057669878,0,1,0.9563145637512207,-0.0034695097710937262,-0.0017615850083529949,-0.00081966613652184606,1.4087282419204712,0,0,0,1,0,0,0,0,0,1,0,0.93397283554077148,1.375838041305542,348.9627685546875,-1.3060867786407471e-05,-0.00071635842323303223,-0.00070331920869648457,3.2314915657043457,-0.00029912521131336689,-0.017052557319402695,2.539088249206543,-0.00016099459026008844,-0.0087914634495973587,-1.5503610484302044e-07,1,0.78781932592391968,-0.016753433272242546,-0.0086304694414138794,-0.0038855841848999262,1.160444974899292,0,0,0,1,0,0,0,0,0,1,0,0.65385806560516357,0.96335554122924805,348.66162109375,-0.0001119077205657959,-0.0037951171398162842,-0.0036832301411777735,0.29463469982147217,0,-0.010651204735040665,-0.067275151610374451,-0.054875049740076065,0,-14.551901817321777,0,0.049793384969234467,0.038381010293960571,263.74583330296446,-0.014479503966867924,-0.010950148105621338,267.8070068359375,264.08990478515625,8.4972057342529297,4.3973946571350098,0.72967064380645752,0.051712937653064728
18120,206.01730024096051,1,0.30074775218963623,181.25,8.4484720230102539,0.27118518948554993,1,166.00413513183594,1,24.325117111206055,8.8294534683227539,195.71643522891247,0.012547044083476067,0.0090716546401381493,-0.00040966444066725671,1.3223112821578979,-0.093294084072113037,-0.070553801953792572,-0.074838846921920776,-0.056596998125314713,2.7408366203308105,-0.00013373809633776546,-0.0044122012332081795,2.2060620784759521,-7.3546078056097031e-05,-0.0020052192267030478,-3.0559021979570389e-10,1,0.94831222295761108,-0.0042784623801708221,-0.0019316732650622725,-0.0011966167949140072,1.4016635417938232,0,0,0,1,0,0,0,0,0,1,0,0.92581009864807129,1.368415355682373,348.95794677734375,-2.2575259208679199e-05,-0.00081801041960716248,-0.0007954434840939939,3.2382278442382812,-0.00039269455010071397,-0.019157189875841141,2.5424709320068359,-0.00023814832093194127,-0.0090770870447158813,-1.5593832358717918e-07,1,0.77027475833892822,-0.018764495849609375,-0.0088389385491609573,-0.0049781724810600281,1.1381996870040894,0,0,0,1,0,0,0,0,0,1,0,0.63957512378692627,0.9455876350402832,348.65628051757812,-0.0001451149582862854,-0.0040009170770645142,-0.0038557741791009903,0.29564940929412842,0,-0.010712265037000179,-0.067801281809806824,-0.055180933326482773,0,-14.623106002807617,0,0.053154714405536652,0.038172781467437744,263.7416666361969,-0.014550354331731796,-0.011003728955984116,267.80731201171875,264.08352661132812,8.5506992340087891,4.3875770568847656,0.8905341625213623,0.051344864070415497
18180,159.95724132169607,1,0.30080065131187439,181.25,8.479095458984375,0.27132758498191833,1,166.20611572265625,1,22.467752456665039,8.8249664306640625,151.95937925561125,0.011569693684577942,0.0090631414204835892,-0.00040938257006928325,1.3223112821578979,-0.093478605151176453,-0.070693343877792358,-0.074675679206848145,-0.05647360160946846,2.7507541179656982,-0.00010028821998275816,-0.004747374914586544,2.2085862159729004,-7.7998935012146831e-05,-0.0021264578681439161,-8.7311491370201111e-10,1,0.94471359252929688,-0.0046470863744616508,-0.0020484589040279388,-0.0013275060337036848,1.4007587432861328,0,0,0,1,0,0,0,0,0,1,0,0.92227935791015625,1.3674483299255371,348.9532470703125,-2.1666288375854492e-05,-0.00086073204874992371,-0.00083903438644483685,3.2449989318847656,-0.00028416677378118038,-0.019861325621604919,2.5447640419006348,-0.00027046690229326487,-0.0092330276966094971,-1.57160684466362e-07,1,0.76398468017578125,-0.019577160477638245,-0.0089625604450702667,-0.0053583914414048195,1.1323004961013794,0,0,0,1,0,0,0,0,0,1,0,0.62139874696731567,0.9210776686668396,348.65106201171875,-0.00013644993305206299,-0.0042163878679275513,-0.0040799323469400406,0.2966168224811554,0,-0.010766271501779556,-0.068337142467498779,-0.055432800203561783,0,-14.613044738769531,0,0.048916473984718323,0.038136109709739685,263.73749996942934,-0.01454034261405468,-0.010996157303452492,267.80673217773438,264.07296752929688,8.5387134552001953,4.3698062896728516,0.92274492979049683,0.049672096967697144
18240,201.38647398924905,1,0.29854112863540649,181.25,8.4898643493652344,0.27225291728973389,1,164.93888854980469,1,22.358856201171875,8.8228168487548828,191.31715028978658,0.011761614121496677,0.0091153513640165329,-0.00040330112096853554,1.3223112821578979,-0.091804593801498413,-0.069427371025085449,-0.073900848627090454,-0.055887632071971893,2.7556352615356445,-4.42206219304353e-05,-0.0041395942680537701,2.2100253105163574,-4.7538953367620707e-05,-0.0020632157102227211,-6.4028427004814148e-10,1,0.95000708103179932,-0.0040953736752271652,-0.002015676349401474,-0.0010021261405199766,1.4112865924835205,0,0,0,1,0,0,0,0,0,1,0,0.92971551418304443,1.3810359239578247,348.94808959960938,-4.3213367462158203e-07,-0.00076260045170783997,-0.00076209631515666842,3.2463183403015137,-0.00011590425856411457,-0.018071053549647331,2.5473678112030029,-0.00014194799587130547,-0.0091155301779508591,-1.5582190826535225e-07,1,0.77896666526794434,-0.017955150455236435,-0.0089735807850956917,-0.0043066516518592834,1.1567802429199219,0,0,0,1,0,0,0,0,0,1,0,0.63470256328582764,0.94213664531707764,348.64566040039062,-8.182227611541748e-05,-0.0040374994277954102,-0.0039555951952934265,0.29717838764190674,0,-0.010793558321893215,-0.068655237555503845,-0.055569186806678772,0,-14.395964622497559,0,0.049747351557016373,0.038359455764293671,263.73333330266178,-0.014324342831969261,-0.010832807049155235,267.80624389648438,264.06549072265625,8.5904302597045898,4.2178173065185547,0.91668665409088135,0.064365088939666748
18300,161.34378645098366,1,0.29740098118782043,181.25,8.4905929565429688,0.26965212821960449,1,163.89004516601562,1,23.335803985595703,8.8713388442993164,153.27659712843447,0.011303435079753399,0.0091476663947105408,-0.00040124959195964038,1.3223112821578979,-0.090745493769645691,-0.068626426160335541,-0.073781497776508331,-0.055797375738620758,2.7548742294311523,-8.4933286416344345e-05,-0.0037677292712032795,2.212028980255127,-8.0477839219383895e-05,-0.0019934810698032379,-1.3897079043090343e-09,1,0.95408523082733154,-0.003682795912027359,-0.0019130031578242779,-0.00082769460277631879,1.4180262088775635,0,0,0,1,0,0,0,0,0,1,0,0.93422949314117432,1.3884050846099854,348.94256591796875,1.0021030902862549e-06,-0.00071140378713607788,-0.00071239954559132457,3.2454233169555664,-0.00025507705868221819,-0.016762174665927887,2.5526490211486816,-0.00017617168487049639,-0.0093610743060708046,-1.5625846572220325e-07,1,0.78963279724121094,-0.016507100313901901,-0.0091849043965339661,-0.0032394169829785824,1.1735119819641113,0,0,0,1,0,0,0,0,0,1,0,0.64026522636413574,0.95100510120391846,348.64041137695312,-7.1283429861068726e-05,-0.0039655119180679321,-0.0038942021783441305,0.29727059602737427,0,-0.010792268440127373,-0.06869758665561676,-0.055602248758077621,0,-14.322735786437988,0,0.047764912247657776,0.038496185094118118,263.72916663589422,-0.014251478016376495,-0.010777702555060387,267.80636596679688,264.06436157226562,8.5090579986572266,4.2577366828918457,0.82687389850616455,0.06872279942035675
18360,149.11687005056771,1,0.29757392406463623,181.25,8.5161962509155273,0.26888847351074219,1,164.305908203125,1,22.200992584228516,8.8964691162109375,141.66102654803933,0.01119773555546999,0.0091051235795021057,-0.00040093265124596655,1.3223112821578979,-0.090684950351715088,-0.068580634891986847,-0.074071168899536133,-0.056016437709331512,2.7532615661621094,-0.00012986938236281276,-0.0038175692316144705,2.2152204513549805,-0.00010600668611004949,-0.0019198984373360872,-2.066371962428093e-09,1,0.95447814464569092,-0.0036876997910439968,-0.0018138919258490205,-0.00091344944667071104,1.4190647602081299,0,0,0,1,0,0,0,0,0,1,0,0.93950378894805908,1.3967785835266113,348.93670654296875,-1.0564923286437988e-05,-0.00066176056861877441,-0.00065121310763061047,3.2445204257965088,-0.00044960249215364456,-0.016457656398415565,2.5588157176971436,-0.00026587746106088161,-0.008716043084859848,-1.5576370060443878e-07,1,0.79870367050170898,-0.016008054837584496,-0.0084501653909683228,-0.0035154498182237148,1.1876660585403442,0,0,0,1,0,0,0,0,0,1,0,0.66606199741363525,0.98994195461273193,348.63470458984375,-0.00011050701141357422,-0.0037163794040679932,-0.0036058451514691114,0.29731693863868713,0,-0.010790439322590828,-0.068683311343193054,-0.0556686632335186,0,-14.311422348022461,0,0.047308135777711868,0.038311943411827087,263.72499996912666,-0.014240221120417118,-0.010769189335405827,267.80569458007812,264.0635986328125,8.5651798248291016,4.3406953811645508,0.87347078323364258,0.058568175882101059
18420,177.84399747214812,1,0.29691100120544434,181.25,8.5360641479492188,0.26871186494827271,1,164.40402221679688,1,20.158391952514648,8.8928308486938477,168.95179759854071,0.012501374818384647,0.0091023966670036316,-0.00039802142418920994,1.3223112821578979,-0.090306840837001801,-0.068294689059257507,-0.073710285127162933,-0.055743519216775894,2.7507472038269043,-0.00010574772022664547,-0.0038232409860938787,2.2160880565643311,-7.5195246608927846e-05,-0.001879603136330843,-1.0040821507573128e-09,1,0.95417952537536621,-0.0037174934986978769,-0.0018044081516563892,-0.00094406306743621826,1.4186006784439087,0,0,0,1,0,0,0,0,0,1,0,0.94216799736022949,1.400738000869751,348.93023681640625,-5.7145953178405762e-06,-0.00062526017427444458,-0.00061952020041644573,3.2395548820495605,-0.00056865683291107416,-0.016016207635402679,2.5590205192565918,-0.00031736004166305065,-0.0078821573406457901,-1.5480327419936657e-07,1,0.81001949310302734,-0.01544755045324564,-0.0075647975318133831,-0.0038715568371117115,1.2044007778167725,0,0,0,1,0,0,0,0,0,1,0,0.68868350982666016,1.023618221282959,348.62796020507812,-0.00013113021850585938,-0.0034844577312469482,-0.0033532874658703804,0.29729294776916504,0,-0.010779380798339844,-0.068640269339084625,-0.055706590414047241,0,-14.207504272460938,0,0.052956297993659973,0.038300760090351105,263.7208333023591,-0.01413682010024786,-0.010690992698073387,267.8046875,264.06622314453125,8.5464086532592773,4.3363018035888672,0.74893027544021606,0.050079680979251862
18480,183.58731908364612,1,0.29594525694847107,181.25,8.5451898574829102,0.26860326528549194,1,163.81742858886719,1,19.927480697631836,8.9047431945800781,174.40795312946381,0.011943839490413666,0.0091378772631287575,-0.00039556153933517635,1.3223112821578979,-0.089634902775287628,-0.067786537110805511,-0.073336094617843628,-0.05546053871512413,2.7463169097900391,-0.00010981992818415165,-0.0037880002055317163,2.215728759765625,-8.0040772445499897e-05,-0.0018869481282308698,-1.3969838619232178e-09,1,0.95447266101837158,-0.0036781802773475647,-0.0018069078214466572,-0.00092113547725602984,1.4181891679763794,0,0,0,1,0,0,0,0,0,1,0,0.9424593448638916,1.4003865718841553,348.92352294921875,-1.0766088962554932e-05,-0.00062488019466400146,-0.00061410537455230951,3.2322261333465576,-0.00069112679921090603,-0.015458604320883751,2.5565876960754395,-0.00039587583160027862,-0.0077539300546050072,-1.5369732864201069e-07,1,0.81771421432495117,-0.01476747915148735,-0.0073580546304583549,-0.0036128195933997631,1.2148231267929077,0,0,0,1,0,0,0,0,0,1,0,0.69626080989837646,1.0344035625457764,348.62152099609375,-0.00015614926815032959,-0.0034187436103820801,-0.0032626311294734478,0.29711616039276123,0,-0.01075625978410244,-0.068529665470123291,-0.055684104561805725,0,-14.119698524475098,0,0.050536878407001495,0.038452394306659698,263.71666663559154,-0.014049450866878033,-0.010624919086694717,267.80477905273438,264.06021118164062,8.6063337326049805,4.5679082870483398,0.69119644165039062,0.046757742762565613
18540,166.36596082026153,1,0.29596132040023804,181.25,8.5561380386352539,0.26895618438720703,1,163.59957885742188,1,19.675262451171875,8.8909730911254883,158.04766277924844,0.011492843739688396,0.0091598201543092728,-0.00039615278365090489,1.3223112821578979,-0.089438669383525848,-0.067638136446475983,-0.073595091700553894,-0.055656403303146362,2.7410495281219482,-0.00012801657430827618,-0.0039453646168112755,2.215503454208374,-0.00011218860163353384,-0.0021625915542244911,-1.57160684466362e-09,1,0.95126152038574219,-0.0038173480425029993,-0.0020504030399024487,-0.00082137878052890301,1.4123378992080688,0,0,0,1,0,0,0,0,0,1,0,0.93872714042663574,1.393919825553894,348.9171142578125,-2.6136636734008789e-05,-0.00067538022994995117,-0.00064921809826046228,3.223759651184082,-0.00074364966712892056,-0.015514475293457508,2.5539064407348633,-0.00050627521704882383,-0.0083644073456525803,-1.5279510989785194e-07,1,0.8135719895362854,-0.014770825393497944,-0.0078581329435110092,-0.0032380875200033188,1.2077898979187012,0,0,0,1,0,0,0,0,0,1,0,0.69832062721252441,1.0371173620223999,348.6153564453125,-0.0001862943172454834,-0.0034141093492507935,-0.0032278015278279781,0.29686534404754639,0,-0.010733040980994701,-0.068373315036296844,-0.055654428899288177,0,-14.140802383422852,0,0.048583954572677612,0.03854747861623764,263.71249996882398,-0.014070450328290462,-0.010640799999237061,267.8043212890625,264.0577392578125,8.5848731994628906,4.4967927932739258,0.67061644792556763,0.043498925864696503
18600,181.59036211317982,1,0.29565224051475525,181.25,8.5680675506591797,0.26784595847129822,1,163.43374633789062,1,19.738779067993164,8.861943244934082,172.51084400752083,0.011464778333902359,0.0091967619955539703,-0.00039531360380351543,1.3223112821578979,-0.089145615696907043,-0.067416511476039886,-0.073570482432842255,-0.055637795478105545,2.7356419563293457,-9.1431225882843137e-05,-0.0041664484888315201,2.2159638404846191,-9.2005677288398147e-05,-0.0022549608256667852,-3.7834979593753815e-10,1,0.94804942607879639,-0.0040750186890363693,-0.0021629557013511658,-0.00089448189828544855,1.4066925048828125,0,0,0,1,0,0,0,0,0,1,0,0.93661659955978394,1.3900043964385986,348.91085815429688,-2.4687498807907104e-05,-0.00069323182106018066,-0.00066853000316768885,3.2137460708618164,-0.00049457594286650419,-0.015816971659660339,2.5521245002746582,-0.00037247483851388097,-0.0085996482521295547,-1.51805579662323e-07,1,0.80551296472549438,-0.015322397463023663,-0.008227173238992691,-0.0033031210768967867,1.195305347442627,0,0,0,1,0,0,0,0,0,1,0,0.69861680269241333,1.0373172760009766,348.60870361328125,-0.00015565007925033569,-0.0033690482378005981,-0.0032132924534380436,0.29666817188262939,0,-0.010715866461396217,-0.06822928786277771,-0.055664412677288055,0,-14.110848426818848,0,0.048462584614753723,0.038706734776496887,263.70833330205642,-0.014040645211935043,-0.010618260130286217,267.80410766601562,264.04656982421875,8.6199235916137695,4.4065074920654297,0.65246760845184326,0.047822952270507812
18660,180.70879952095726,1,0.29399248957633972,181.25,8.57623291015625,0.26959076523780823,1,162.30403137207031,1,20.013143539428711,8.9335298538208008,171.67335954490937,0.011793008074164391,0.0092551559209823608,-0.0003913987020496279,1.3223112821578979,-0.08809150755405426,-0.066619344055652618,-0.072814583778381348,-0.055066145956516266,2.7297661304473877,-1.6554738976992667e-05,-0.0039067370817065239,2.215259313583374,-1.5258992789313197e-05,-0.0020685733761638403,-1.3824319466948509e-09,1,0.95049023628234863,-0.0038901828229427338,-0.0020533148199319839,-0.00086561287753283978,1.4085392951965332,0,0,0,1,0,0,0,0,0,1,0,0.939430832862854,1.3924705982208252,348.90460205078125,-5.0254166126251221e-06,-0.00064262747764587402,-0.00063761038472875953,3.2050690650939941,-0.00016311771469190717,-0.015806956216692924,2.5502896308898926,-0.00011517450911924243,-0.0080761909484863281,-1.5296973288059235e-07,1,0.80408561229705811,-0.015643838793039322,-0.0079610170796513557,-0.0037249960005283356,1.1918511390686035,0,0,0,1,0,0,0,0,0,1,0,0.69817513227462769,1.0358394384384155,348.60220336914062,-9.4808638095855713e-05,-0.0032992959022521973,-0.003204406937584281,0.29631638526916504,0,-0.010688632726669312,-0.068009823560714722,-0.05560794472694397,0,-13.971104621887207,0,0.049883320927619934,0.038956761360168457,263.70416663528886,-0.013901596888899803,-0.010513104498386383,267.80368041992188,264.04461669921875,8.6277294158935547,4.2620162963867188,0.60443317890167236,0.045670736581087112
18720,212.85176039407963,1,0.292531818151474,181.25,8.5843486785888672,0.26930013298988342,1,161.281982421875,1,20.398422241210938,8.9569673538208008,202.20917237437564,0.012152287177741528,0.0093160849064588547,-0.00038803732604719698,1.3223112821578979,-0.087148845195770264,-0.065906450152397156,-0.072176866233348846,-0.054583869874477386,2.723156213760376,-2.0498177036643028e-05,-0.0033840024843811989,2.2131948471069336,-1.5341007383540273e-05,-0.001921375747770071,2.7648638933897018e-10,1,0.95607078075408936,-0.0033635047730058432,-0.0019060352351516485,-0.00065127131529152393,1.4140597581863403,0,0,0,1,0,0,0,0,0,1,0,0.94670009613037109,1.4004409313201904,348.89828491210938,1.7508864402770996e-06,-0.00055765360593795776,-0.00055937608703970909,3.1988592147827148,-7.3263305239379406e-05,-0.014859501272439957,2.5460574626922607,-6.0581485740840435e-05,-0.0076771839521825314,-1.5302794054150581e-07,1,0.81330776214599609,-0.01478623878210783,-0.007616603747010231,-0.0034659446682780981,1.203279972076416,0,0,0,1,0,0,0,0,0,1,0,0.70900446176528931,1.0496969223022461,348.59622192382812,-7.2509050369262695e-05,-0.0031519532203674316,-0.0030793689657002687,0.29574716091156006,0,-0.010647373273968697,-0.067685365676879883,-0.055460788309574127,0,-13.851119041442871,0,0.051440760493278503,0.039217755198478699,263.6999999685213,-0.013782207854092121,-0.010422816500067711,267.80270385742188,264.0380859375,8.6441802978515625,4.3214077949523926,0.60288536548614502,0.048476576805114746
18780,234.04782670629683,1,0.29269072413444519,181.25,8.5746288299560547,0.26577717065811157,1,160.78794860839844,1,22.409564971923828,8.8753833770751953,222.34543537098199,0.012113128788769245,0.0093260817229747772,-0.00038986423169262707,1.3223112821578979,-0.08710162341594696,-0.0658707395195961,-0.072426304221153259,-0.054772507399320602,2.7157993316650391,-0.00013091304572299123,-0.003335985355079174,2.2110257148742676,-0.00011721925693564117,-0.002336438512429595,8.7311491370201111e-11,1,0.95477211475372314,-0.0032050726003944874,-0.0022192199248820543,-0.00031162187224254012,1.4094598293304443,0,0,0,1,0,0,0,0,0,1,0,0.94218909740447998,1.391284704208374,348.89215087890625,-2.0872801542282104e-05,-0.00062185898423194885,-0.00060100416885688901,3.1927924156188965,-0.00024234445299953222,-0.014442223124206066,2.5411098003387451,-0.00024406576994806528,-0.0086562298238277435,-1.5346449799835682e-07,1,0.81113600730895996,-0.014199878089129925,-0.008412165567278862,-0.0024929442442953587,1.198271632194519,0,0,0,1,0,0,0,0,0,1,0,0.70154207944869995,1.0374469757080078,348.5904541015625,-0.0001109689474105835,-0.003246992826461792,-0.0031359563581645489,0.29514765739440918,0,-0.010608059354126453,-0.067343853414058685,-0.055300839245319366,0,-13.91633129119873,0,0.05127088725566864,0.039261765778064728,263.69583330175374,-0.013847095891833305,-0.0104718878865242,267.80123901367188,264.03610229492188,8.6105136871337891,4.5827121734619141,0.70238250494003296,0.04842459037899971
18840,161.28013204950105,1,0.29445591568946838,181.25,8.5956840515136719,0.26350554823875427,1,160.885009765625,1,23.542619705200195,8.8792247772216797,153.216125447026,0.01209708210080862,0.0092889005318284035,-0.00039672106504440308,1.3223112821578979,-0.087853133678436279,-0.066439069807529449,-0.073664523661136627,-0.055708911269903183,2.7106306552886963,-0.00020172125368844718,-0.0037651013117283583,2.2130465507507324,-0.00016009090177249163,-0.0030731854494661093,1.5279510989785194e-10,1,0.94667333364486694,-0.0035633801016956568,-0.0029130950570106506,-9.9735116236843169e-06,1.396086573600769,0,0,0,1,0,0,0,0,0,1,0,0.92836886644363403,1.3694891929626465,348.88711547851562,-3.8596801459789276e-05,-0.00078794360160827637,-0.0007494855672121048,3.1875941753387451,-0.00040808424819260836,-0.015249026007950306,2.5418405532836914,-0.00034111502463929355,-0.010853216052055359,-1.5344994608312845e-07,1,0.79033732414245605,-0.014840941876173019,-0.010512102395296097,-0.0013042101636528969,1.1661289930343628,0,0,0,1,0,0,0,0,0,1,0,0.66415202617645264,0.98084855079650879,348.5859375,-0.00013878941535949707,-0.0036764591932296753,-0.003537704236805439,0.29488477110862732,0,-0.010601099580526352,-0.0671347975730896,-0.055297166109085083,0,-14.161087989807129,0,0.051201287657022476,0.03910074383020401,263.69166663498618,-0.014090634882450104,-0.010656065307557583,267.800048828125,264.02734375,8.5802812576293945,4.7347168922424316,0.80223238468170166,0.043440118432044983
18900,226.75881165814053,1,0.29407975077629089,181.25,8.621190071105957,0.26419031620025635,1,160.02607727050781,1,23.41063117980957,9.0183801651000977,215.42087107523349,0.011787882074713707,0.0093150213360786438,-0.00039732380537316203,1.3223112821578979,-0.087365821003913879,-0.066070541739463806,-0.073788955807685852,-0.055803015828132629,2.7062921524047852,-0.00017769430996850133,-0.0035585772711783648,2.2178924083709717,-0.00013377657160162926,-0.0030733062885701656,3.4924596548080444e-10,1,0.94827765226364136,-0.0033808837179094553,-0.002939530648291111,0.00011198320135008544,1.3978743553161621,0,0,0,1,0,0,0,0,0,1,0,0.92795085906982422,1.3681704998016357,348.88275146484375,-3.4376978874206543e-05,-0.00079337507486343384,-0.00075913564069196582,3.1825499534606934,-0.00036133197136223316,-0.015146607533097267,2.5470871925354004,-0.00030490662902593613,-0.011411614716053009,-1.5331897884607315e-07,1,0.7870718240737915,-0.014785276725888252,-0.011106709018349648,-0.00085914618102833629,1.1604326963424683,0,0,0,1,0,0,0,0,0,1,0,0.6584702730178833,0.97112792730331421,348.58160400390625,-0.00012239813804626465,-0.0037396252155303955,-0.0036172412801533937,0.29479825496673584,0,-0.010615726932883263,-0.066985964775085449,-0.05539262667298317,0,-14.182602882385254,0,0.049861129373311996,0.039211481809616089,263.68749996821862,-0.014112042263150215,-0.010672254487872124,267.79995727539062,264.02352905273438,8.6753988265991211,4.5781421661376953,0.84535086154937744,0.072397187352180481
18960,212.18297813614714,1,0.29406926035881042,181.25,8.6196098327636719,0.26534759998321533,1,160.45405578613281,1,25.038925170898438,8.9592094421386719,201.57382922933976,0.011650213040411472,0.0092933140695095062,-0.00039622161420993507,1.3223112821578979,-0.087212271988391876,-0.065954416990280151,-0.073957771062850952,-0.055930681526660919,2.7015576362609863,-0.0001471048453822732,-0.0034914123825728893,2.2226946353912354,-0.00010749834473244846,-0.0029314260464161634,5.9662852436304092e-10,1,0.94928795099258423,-0.0033443081192672253,-0.0028239281382411718,4.0235790947917849e-05,1.3986507654190063,0,0,0,1,0,0,0,0,0,1,0,0.93243646621704102,1.3740015029907227,348.87786865234375,-2.5097280740737915e-05,-0.00073687732219696045,-0.00071187957655638456,3.1782994270324707,-0.0004108129651285708,-0.015041314996778965,2.5523581504821777,-0.00032691058004274964,-0.011419257149100304,-1.5369732864201069e-07,1,0.78814172744750977,-0.014630503952503204,-0.011092348024249077,-0.00079937069676816463,1.1614881753921509,0,0,0,1,0,0,0,0,0,1,0,0.67664128541946411,0.99746745824813843,348.57626342773438,-0.00011813640594482422,-0.0035422369837760925,-0.0034241043031215668,0.29463288187980652,0,-0.010622002184391022,-0.066793330013751984,-0.055470041930675507,0,-14.143259048461914,0,0.049264974892139435,0.039117716252803802,263.68333330145106,-0.014072895050048828,-0.010642649605870247,267.79962158203125,264.02212524414062,8.7198619842529297,4.5138249397277832,1.0633370876312256,0.067802682518959045
19020,235.03902276470257,1,0.29500508308410645,181.25,8.5976705551147461,0.26253759860992432,1,161.55230712890625,1,29.660713195800781,9.0044422149658203,223.28707162646742,0.0113400062546134,0.0092525668442249298,-0.00039729700074531138,1.3223112821578979,-0.087655976414680481,-0.06628996878862381,-0.074561387300491333,-0.056387167423963547,2.6969985961914062,-0.00013445863442029804,-0.0038834712468087673,2.227750301361084,-9.7881231340579689e-05,-0.0032133390195667744,1.0477378964424133e-09,1,0.94374597072601318,-0.0037490127142518759,-0.0031154584139585495,-7.4277850217185915e-06,1.3903690576553345,0,0,0,1,0,0,0,0,0,1,0,0.92514276504516602,1.3631401062011719,348.87234497070312,-2.3556873202323914e-05,-0.00081462040543556213,-0.00079114391701295972,3.1734812259674072,-0.00054174801334738731,-0.015345075167715549,2.5551939010620117,-0.00036112937959842384,-0.012029150500893593,-1.5161640476435423e-07,1,0.78256082534790039,-0.014803327620029449,-0.011668020859360695,-0.00050953286699950695,1.1531758308410645,0,0,0,1,0,0,0,0,0,1,0,0.67548674345016479,0.99582618474960327,348.56988525390625,-0.00014055706560611725,-0.0035776514559984207,-0.0034370552748441696,0.29463011026382446,0,-0.010628484189510345,-0.066679112613201141,-0.055604059249162674,0,-14.181646347045898,0,0.047923021018505096,0.038944520056247711,263.6791666346835,-0.014111090451478958,-0.010671534575521946,267.79974365234375,264.01907348632812,8.7492828369140625,4.4624233245849609,0.89029711484909058,0.061534982174634933
19080,235.16045008074622,1,0.29454132914543152,181.25,8.5855855941772461,0.26065945625305176,1,161.23600769042969,1,33.360385894775391,9.0084571838378906,223.4024275767089,0.011230946518480778,0.0092732273042201996,-0.00039620202733203769,1.3223112821578979,-0.087537631392478943,-0.066200472414493561,-0.074142135679721832,-0.056070107966661453,2.6940927505493164,-9.3883369117975235e-05,-0.0040918849408626556,2.2315003871917725,-7.4608251452445984e-05,-0.0030342338141053915,1.6589183360338211e-09,1,0.94278836250305176,-0.0039980015717446804,-0.0029596257954835892,-0.00029885771800763905,1.3890734910964966,0,0,0,1,0,0,0,0,0,1,0,0.92093455791473389,1.3570218086242676,348.86700439453125,-2.0340085029602051e-05,-0.00085899233818054199,-0.00083860935410484672,3.1713225841522217,-0.00041047768900170922,-0.015980292111635208,2.5570030212402344,-0.00026748795062303543,-0.011702310293912888,-1.5032128430902958e-07,1,0.77772748470306396,-0.015569812618196011,-0.011434821411967278,-0.0012217930052429438,1.1460487842559814,0,0,0,1,0,0,0,0,0,1,0,0.65566962957382202,0.96640986204147339,348.56387329101562,-0.00012277811765670776,-0.0037810802459716797,-0.0036582993343472481,0.29466858506202698,0,-0.010634745471179485,-0.066606722772121429,-0.055723384022712708,0,-14.142560958862305,0,0.047451615333557129,0.039032682776451111,263.67499996791594,-0.014072200283408165,-0.010642123408615589,267.7996826171875,264.01861572265625,8.7448787689208984,4.3897638320922852,0.64993375539779663,0.046660169959068298
19140,240.69660505230689,1,0.29360982775688171,181.25,8.6199464797973633,0.26249867677688599,1,160.67512512207031,1,32.466594696044922,8.966252326965332,228.66177479969153,0.011719627305865288,0.0093252286314964294,-0.00039382485556416214,1.3223112821578979,-0.086920402944087982,-0.065733693540096283,-0.073749914765357971,-0.05577348917722702,2.691025972366333,-7.6824449934065342e-05,-0.0037533394061028957,2.2337882518768311,-6.4943160396069288e-05,-0.0028651005122810602,1.8335413187742233e-09,1,0.94658815860748291,-0.0036765153054147959,-0.0028001575265079737,-0.00022388197248801589,1.394291877746582,0,0,0,1,0,0,0,0,0,1,0,0.92302185297012329,1.3596603870391846,348.86151123046875,-1.9237399101257324e-05,-0.00083386898040771484,-0.0008146383916027844,3.1692113876342773,-0.00032575323712080717,-0.014999954029917717,2.5596151351928711,-0.00023294601123780012,-0.011506089009344578,-1.4906981959939003e-07,1,0.78672569990158081,-0.014674197882413864,-0.01127314381301403,-0.00080775120295584202,1.1588444709777832,0,0,0,1,0,0,0,0,0,1,0,0.65725898742675781,0.96814572811126709,348.5584716796875,-0.00010208785533905029,-0.0037433505058288574,-0.0036412407644093037,0.29456281661987305,0,-0.01063008327037096,-0.066493824124336243,-0.055756822228431702,0,-14.057706832885742,0,0.049565531313419342,0.039257444441318512,263.67083330114838,-0.013987768441438675,-0.010578271932899952,267.79898071289062,264.017333984375,8.6221446990966797,4.4245400428771973,0.71761906147003174,0.059712599962949753
19200,205.02774926998774,1,0.29238492250442505,181.25,8.6467475891113281,0.25968927145004272,1,159.40127563476562,1,29.983882904052734,8.8600606918334961,194.77636180648835,0.012602202594280243,0.0094103878363966942,-0.00039202443440444767,1.3223112821578979,-0.086023695766925812,-0.06505555659532547,-0.073339208960533142,-0.055462893098592758,2.6852321624755859,-0.00010088671115227044,-0.003411079291254282,2.2355606555938721,-8.2341983215883374e-05,-0.0026304507628083229,1.3824319466948509e-09,1,0.95174562931060791,-0.003310192609205842,-0.0025481092743575573,-0.00018538451695349067,1.4003937244415283,0,0,0,1,0,0,0,0,0,1,0,0.92628777027130127,1.3629286289215088,348.85614013671875,-2.1599233150482178e-05,-0.00080257654190063477,-0.00078100780956447124,3.164595365524292,-0.0003371300408616662,-0.013966755010187626,2.5629949569702148,-0.00023900100495666265,-0.010985719040036201,-1.4840043149888515e-07,1,0.79978442192077637,-0.013629624620079994,-0.010746718384325504,-0.00055726233404129744,1.176695704460144,0,0,0,1,0,0,0,0,0,1,0,0.64696413278579712,0.95197713375091553,348.55404663085938,-0.0001068115234375,-0.0038516968488693237,-0.0037449246738106012,0.2942696213722229,0,-0.010614905506372452,-0.066290043294429779,-0.055730067193508148,0,-13.993440628051758,0,0.053394455462694168,0.039623819291591644,263.66666663438082,-0.013923821970820427,-0.010529912076890469,267.7978515625,264.01470947265625,8.6216773986816406,4.6326050758361816,0.71673494577407837,0.06168297678232193
19260,255.90112685341944,1,0.29215425252914429,181.25,8.6386260986328125,0.25596433877944946,1,158.11271667480469,1,29.412107467651367,8.8954000473022461,243.10607051074845,0.01234341599047184,0.0094515401870012283,-0.0003942845796700567,1.3223112821578979,-0.085889637470245361,-0.064954176545143127,-0.073221638798713684,-0.055373981595039368,2.6807076930999756,-7.5191492214798927e-05,-0.003114806255325675,2.237529993057251,-7.2340830229222775e-05,-0.0023097801022231579,1.0477378964424133e-09,1,0.95660680532455444,-0.0030396147631108761,-0.0022374396212399006,-0.00025164103135466576,1.4054772853851318,0,0,0,1,0,0,0,0,0,1,0,0.93211013078689575,1.3693616390228271,348.85174560546875,-2.3201107978820801e-05,-0.00074595212936401367,-0.00072274019476026297,3.1651229858398438,-0.00021544215269386768,-0.014310283586382866,2.5680923461914062,-0.00015960598830133677,-0.010485276579856873,-1.4959368854761124e-07,1,0.79862481355667114,-0.014094840735197067,-0.01032567024230957,-0.0011949104955419898,1.1731636524200439,0,0,0,1,0,0,0,0,0,1,0,0.63440585136413574,0.93152821063995361,348.55133056640625,-0.00010755658149719238,-0.0039927065372467041,-0.0038852770812809467,0.29387879371643066,0,-0.010603947564959526,-0.066042952239513397,-0.055667035281658173,0,-14.074117660522461,0,0.052270259708166122,0.039797402918338776,263.66249996761326,-0.014004097320139408,-0.010590620338916779,267.79867553710938,264.00753784179688,8.6458263397216797,4.517296314239502,0.75591558218002319,0.054830059409141541
19320,183.38855581752483,1,0.29312053322792053,181.25,8.6422491073608398,0.25927534699440002,1,158.33956909179688,1,28.306903839111328,8.9298114776611328,174.21912802664858,0.011870799586176872,0.0094135254621505737,-0.00039763929089531302,1.3223112821578979,-0.086608737707138062,-0.065497994422912598,-0.073530480265617371,-0.055607542395591736,2.6803350448608398,-5.5379816330969334e-05,-0.0029543840792030096,2.2397403717041016,-6.049242801964283e-05,-0.0020203173626214266,7.2759576141834259e-10,1,0.95975446701049805,-0.0028990036807954311,-0.0019598247017711401,-0.00037874380359426141,1.4090503454208374,0,0,0,1,0,0,0,0,0,1,0,0.93716931343078613,1.3757925033569336,348.84771728515625,-1.811981201171875e-05,-0.00068713724613189697,-0.00066899420926347375,3.1714134216308594,-0.00014780857600271702,-0.014746819622814655,2.573073148727417,-0.00012518558651208878,-0.010052463039755821,-1.5040859580039978e-07,1,0.79650378227233887,-0.014599010348320007,-0.0099272765219211578,-0.0018419697880744934,1.1693065166473389,0,0,0,1,0,0,0,0,0,1,0,0.6385115385055542,0.93704551458358765,348.54840087890625,-7.8141689300537109e-05,-0.0039197206497192383,-0.0038417221512645483,0.29364871978759766,0,-0.01061057485640049,-0.065892547369003296,-0.05563383549451828,0,-14.193863868713379,0,0.050220336765050888,0.039632480591535568,263.6583333008457,-0.014123247936367989,-0.01068072859197855,267.7989501953125,264.01455688476562,8.5973567962646484,4.3863515853881836,0.80602014064788818,0.067680522799491882
19380,246.38260567973208,1,0.29457664489746094,181.25,8.6580209732055664,0.26169785857200623,1,159.41499328613281,1,24.707626342773438,8.918543815612793,234.06347539574546,0.011492466554045677,0.0093612205237150192,-0.00040087208617478609,1.3223112821578979,-0.087604731321334839,-0.066251218318939209,-0.074105456471443176,-0.056042369455099106,2.683046817779541,-0.00017565477173775434,-0.0029775942675769329,2.2418475151062012,-0.00016314053209498525,-0.001974903279915452,1.1641532182693481e-10,1,0.9617607593536377,-0.0028019393794238567,-0.0018117629224434495,-0.00042989966459572315,1.4121370315551758,0,0,0,1,0,0,0,0,0,1,0,0.94212120771408081,1.3832511901855469,348.8436279296875,-3.3482909202575684e-05,-0.00065130740404129028,-0.00061787496088072658,3.178708553314209,-0.0003366152523085475,-0.014951779507100582,2.576425313949585,-0.00033448147587478161,-0.009771665558218956,-1.5017576515674591e-07,1,0.8000483512878418,-0.014615162275731564,-0.0094371838495135307,-0.0022280183620750904,1.1746714115142822,0,0,0,1,0,0,0,0,0,1,0,0.64872896671295166,0.95234149694442749,348.544921875,-0.00010706484317779541,-0.0038462281227111816,-0.0037392261438071728,0.29368460178375244,0,-0.01063128374516964,-0.065893739461898804,-0.055668704211711884,0,-14.309259414672852,0,0.048582330346107483,0.039408296346664429,263.65416663407814,-0.014238068833947182,-0.010767562314867973,267.79702758789062,264.00836181640625,8.680145263671875,4.4706344604492188,0.81055235862731934,0.060254354029893875
19440,150.70596645870853,1,0.29527407884597778,181.25,8.6649208068847656,0.25690436363220215,1,160.13375854492188,1,23.754547119140625,8.8990869522094727,143.1706681357731,0.011056292802095413,0.0093179251998662949,-0.00040191391599364579,1.3223112821578979,-0.088148891925811768,-0.066662736237049103,-0.074304170906543732,-0.056192647665739059,2.6871745586395264,-0.00014506792649626732,-0.0029705625493079424,2.2432456016540527,-0.00013763731112703681,-0.002005814341828227,-2.6193447411060333e-10,1,0.96125239133834839,-0.0028254943899810314,-0.0018681776709854603,-0.00039847643347457051,1.4124969244003296,0,0,0,1,0,0,0,0,0,1,0,0.94506597518920898,1.3886996507644653,348.83926391601562,-2.5540590286254883e-05,-0.00061312317848205566,-0.00058772123884409666,3.1851959228515625,-0.00033796275965869427,-0.014919005334377289,2.576711893081665,-0.00030250009149312973,-0.0094682425260543823,-1.5052501112222672e-07,1,0.8025280237197876,-0.014581041410565376,-0.009165741503238678,-0.0024025584571063519,1.1794312000274658,0,0,0,1,0,0,0,0,0,1,0,0.66749215126037598,0.98090529441833496,348.5406494140625,-0.00011709332466125488,-0.0036626160144805908,-0.0035456211771816015,0.29392224550247192,0,-0.01066034659743309,-0.066003143787384033,-0.055758371949195862,0,-14.34644889831543,0,0.046697176992893219,0.039222560822963715,263.64999996731058,-0.014275073073804379,-0.010795546695590019,267.79718017578125,264.00723266601562,8.6336441040039062,4.517725944519043,0.69197416305541992,0.053047046065330505
19500,167.22679066945039,1,0.29505184292793274,181.25,8.6669120788574219,0.25323426723480225,1,160.2762451171875,1,25.137058258056641,8.9555568695068359,158.86545113597788,0.011412840336561203,0.0093273594975471497,-0.00040065066423267126,1.3223112821578979,-0.088177263736724854,-0.066684193909168243,-0.074000939726829529,-0.055963326245546341,2.6907205581665039,-8.4785802755504847e-05,-0.0029516813810914755,2.2423863410949707,-9.3194626970216632e-05,-0.002018047496676445,-2.0372681319713593e-10,1,0.9604182243347168,-0.0028668961022049189,-0.0019248534226790071,-0.00037902791518718004,1.4124888181686401,0,0,0,1,0,0,0,0,0,1,0,0.94649964570999146,1.3920806646347046,348.83425903320312,-1.9472092390060425e-05,-0.00058963894844055176,-0.000570336589589715,3.1894135475158691,-0.00017424696125090122,-0.014324948191642761,2.573122501373291,-0.00017033971380442381,-0.008887280710041523,-1.5017576515674591e-07,1,0.80983215570449829,-0.014150699600577354,-0.0087169408798217773,-0.0024668341502547264,1.1912621259689331,0,0,0,1,0,0,0,0,0,1,0,0.68191146850585938,1.0031169652938843,348.5355224609375,-9.9986791610717773e-05,-0.0034925639629364014,-0.0033926218748092651,0.29415586590766907,0,-0.010681565850973129,-0.066129975020885468,-0.055817674845457077,0,-14.301355361938477,0,0.04823794960975647,0.039264202117919922,263.64583330054302,-0.014230204746127129,-0.010761614888906479,267.79812622070312,263.99813842773438,8.6804046630859375,4.3355026245117188,0.67185819149017334,0.049433410167694092
19560,176.3696992623459,1,0.29427447915077209,181.25,8.6818351745605469,0.25428369641304016,1,159.69192504882812,1,24.814273834228516,8.9668245315551758,167.5512142992286,0.011788993142545223,0.009367775171995163,-0.00039894669316709042,1.3223112821578979,-0.0877867192029953,-0.066388845443725586,-0.073523879051208496,-0.055602550506591797,2.6923596858978271,-9.0319983428344131e-05,-0.0029057867359369993,2.2396664619445801,-9.2809772468172014e-05,-0.0020802370272576809,-7.2759576141834259e-12,1,0.96022111177444458,-0.0028154668398201466,-0.001987427705898881,-0.00029663828900083899,1.4128434658050537,0,0,0,1,0,0,0,0,0,1,0,0.94674855470657349,1.3931146860122681,348.82891845703125,-2.3350119590759277e-05,-0.00058865360915660858,-0.00056551012676209211,3.1892118453979492,-0.00019948149565607309,-0.013659588992595673,2.5675225257873535,-0.00019668543245643377,-0.0086394120007753372,-1.5021942090243101e-07,1,0.81791466474533081,-0.013460107147693634,-0.0084427259862422943,-0.0022228409070521593,1.2036786079406738,0,0,0,1,0,0,0,0,0,1,0,0.68942523002624512,1.0148047208786011,348.52972412109375,-0.00010941922664642334,-0.0034206956624984741,-0.0033113099634647369,0.29425600171089172,0,-0.010692821815609932,-0.066209316253662109,-0.05581388995051384,0,-14.240531921386719,0,0.049865942448377609,0.039438135921955109,263.64166663377546,-0.014169683679938316,-0.010715845972299576,267.79779052734375,263.99258422851562,8.7368698120117188,4.3973064422607422,0.74635279178619385,0.058782361447811127
19620,143.44794866398738,1,0.29197347164154053,181.25,8.7053604125976562,0.25797149538993835,1,158.10935974121094,1,20.799711227416992,9.0189151763916016,136.27555123078801,0.011516395024955273,0.0094545548781752586,-0.00039356149500235915,1.3223112821578979,-0.086481183767318726,-0.065401531755924225,-0.07230454683303833,-0.054680429399013519,2.6908960342407227,-7.0943206083029509e-05,-0.0023966226726770401,2.2351531982421875,-5.2939431043341756e-05,-0.0018106319475919008,1.4551915228366852e-10,1,0.96612262725830078,-0.002325679874047637,-0.0017576927784830332,-0.00015509634977206588,1.4206347465515137,0,0,0,1,0,0,0,0,0,1,0,0.95406150817871094,1.4029097557067871,348.82321166992188,-1.1395663022994995e-05,-0.00049899518489837646,-0.00048774699098430574,3.1862492561340332,-0.00021659402409568429,-0.012174705043435097,2.5592441558837891,-0.00015576486475765705,-0.0079008163884282112,-1.5090336091816425e-07,1,0.83608365058898926,-0.011958111077547073,-0.0077450522221624851,-0.0017781866481527686,1.2296323776245117,0,0,0,1,0,0,0,0,0,1,0,0.70180487632751465,1.0323307514190674,348.5240478515625,-9.8474323749542236e-05,-0.0032748505473136902,-0.0031764858867973089,0.29405826330184937,0,-0.010684303939342499,-0.066156953573226929,-0.055697988718748093,0,-14.048305511474609,0,0.048685863614082336,0.039810322225093842,263.6374999670079,-0.013978413306176662,-0.010571197606623173,267.79641723632812,263.98660278320312,8.7898473739624023,4.4241008758544922,0.64133739471435547,0.046477712690830231
19680,154.27869969591205,1,0.29009723663330078,181.25,8.7189559936523438,0.2551385760307312,1,156.24908447265625,1,17.926826477050781,8.9825382232666016,146.56476471111645,0.011670392006635666,0.0095558669418096542,-0.00039061895222403109,1.3223112821578979,-0.085474312305450439,-0.06464008241891861,-0.071257241070270538,-0.053888402879238129,2.6868300437927246,-6.1038546846248209e-05,-0.0019986527040600777,2.2286570072174072,-4.0079263271763921e-05,-0.0013875768054276705,-2.3283064365386963e-10,1,0.97258913516998291,-0.0019376145210117102,-0.001347498269751668,-0.00021648150868713856,1.4272017478942871,0,0,0,1,0,0,0,0,0,1,0,0.96279448270797729,1.4127213954925537,348.81753540039062,-1.1499971151351929e-05,-0.00040748715400695801,-0.00039611247484572232,3.1813597679138184,-0.00027871358906850219,-0.011191109195351601,2.5512263774871826,-0.0002011569740716368,-0.0072924229316413403,-1.5142722986638546e-07,1,0.84976112842559814,-0.010912396013736725,-0.0070912656374275684,-0.0015975815476849675,1.2470873594284058,0,0,0,1,0,0,0,0,0,1,0,0.71873009204864502,1.0547597408294678,348.51910400390625,-0.00011387839913368225,-0.0031056217849254608,-0.0029918602667748928,0.29346838593482971,0,-0.010653756558895111,-0.065934106707572937,-0.055423609912395477,0,-13.943270683288574,0,0.049352355301380157,0.040243953466415405,263.63333330024034,-0.013873901218175888,-0.010492159985005856,267.79501342773438,263.9906005859375,8.7104549407958984,4.2533988952636719,0.65298783779144287,0.043214194476604462
19740,218.55356736624955,1,0.28999683260917664,181.25,8.7200021743774414,0.25320661067962646,1,155.92863464355469,1,19.361726760864258,9.0501527786254883,207.62588899793707,0.011451901867985725,0.0095743928104639053,-0.00039101540460251272,1.3223112821578979,-0.085391327738761902,-0.06457732617855072,-0.071236491203308105,-0.053872708231210709,2.6823503971099854,-7.9761812230572104e-05,-0.002047128276899457,2.2227053642272949,-5.7708137319423258e-05,-0.0013055943418294191,-4.8021320253610611e-10,1,0.97306108474731445,-0.0019673663191497326,-0.0012478870339691639,-0.00030941420118324459,1.4247562885284424,0,0,0,1,0,0,0,0,0,1,0,0.96423095464706421,1.4116997718811035,348.81179809570312,-2.0442530512809753e-05,-0.00040129199624061584,-0.00038095281342975795,3.1722540855407715,-0.00030197447631508112,-0.011220861226320267,2.5460200309753418,-0.00024577503791078925,-0.0071539320051670074,-1.5139812603592873e-07,1,0.85077083110809326,-0.010918888263404369,-0.0069081559777259827,-0.0017319958424195647,1.2456371784210205,0,0,0,1,0,0,0,0,0,1,0,0.73676031827926636,1.0786471366882324,348.5128173828125,-0.00011962652206420898,-0.0029160827398300171,-0.0027965097688138485,0.29283925890922546,0,-0.010625865310430527,-0.065690852701663971,-0.055140014737844467,0,-13.957422256469727,0,0.04840686172246933,0.040323227643966675,263.62916663347278,-0.013887981884181499,-0.010502808727324009,267.79425048828125,263.98654174804688,8.7163352966308594,4.3845148086547852,0.61829602718353271,0.038560189306735992
19800,180.14052276509432,1,0.28957656025886536,181.25,8.743891716003418,0.25512155890464783,1,156.042724609375,1,20.40870475769043,9.0019664764404297,171.13349662683959,0.011294522322714329,0.0095860287547111511,-0.00038903325912542641,1.3223112821578979,-0.085050083696842194,-0.06431926041841507,-0.071142584085464478,-0.053801693022251129,2.6771781444549561,-0.00010924504022113979,-0.0020478116348385811,2.2178215980529785,-7.622159318998456e-05,-0.0012056868290528655,2.4738255888223648e-10,1,0.97411262989044189,-0.0019385663326829672,-0.0011294655269011855,-0.00038031995063647628,1.4236135482788086,0,0,0,1,0,0,0,0,0,1,0,0.96797257661819458,1.4145700931549072,348.80560302734375,-2.5447458028793335e-05,-0.00036545097827911377,-0.00034007261274382472,3.1620955467224121,-0.00034461374161764979,-0.011129992082715034,2.5423846244812012,-0.0002594966790638864,-0.006797274574637413,-1.5145633369684219e-07,1,0.85429984331130981,-0.010785380378365517,-0.0065377769060432911,-0.0019225527066737413,1.2483776807785034,0,0,0,1,0,0,0,0,0,1,0,0.75153195858001709,1.0982482433319092,348.5057373046875,-0.00012450665235519409,-0.0027590394020080566,-0.0026344768702983856,0.29228678345680237,0,-0.010599305853247643,-0.065468907356262207,-0.054905824363231659,0,-13.886669158935547,0,0.04772639274597168,0.040373384952545166,263.62499996670522,-0.013817581348121166,-0.010449567809700966,267.79476928710938,263.9779052734375,8.735255241394043,4.2891063690185547,0.63501250743865967,0.050558201968669891
19860,192.28513989893059,1,0.28935924172401428,181.25,8.7487735748291016,0.25590112805366516,1,155.99159240722656,1,21.357112884521484,9.0163726806640625,182.67088290398405,0.01221128087490797,0.0096183987334370613,-0.00038828523247502744,1.3223112821578979,-0.084908127784729004,-0.064211905002593994,-0.07105303555727005,-0.05373397096991539,2.672069787979126,-0.00014043907867744565,-0.0021177518647164106,2.2133352756500244,-8.342551882378757e-05,-0.0011046346044167876,-1.4551915228366852e-10,1,0.97445952892303467,-0.0019773128442466259,-0.0010212097549811006,-0.00048928579781204462,1.4215314388275146,0,0,0,1,0,0,0,0,0,1,0,0.96826541423797607,1.4124202728271484,348.79931640625,-2.8185546398162842e-05,-0.00036425888538360596,-0.00033608893863856792,3.1556017398834229,-0.00042752618901431561,-0.011266881600022316,2.5397160053253174,-0.00023889250587671995,-0.0062979492358863354,-1.518928911536932e-07,1,0.85680198669433594,-0.010839356109499931,-0.0060590552166104317,-0.0023244018666446209,1.2498068809509277,0,0,0,1,0,0,0,0,0,1,0,0.75498771667480469,1.1014672517776489,348.4993896484375,-0.00013588368892669678,-0.0027243494987487793,-0.0025885659269988537,0.29175227880477905,0,-0.010568646714091301,-0.065242290496826172,-0.054696433246135712,0,-13.859967231750488,0,0.051696714013814926,0.040514640510082245,263.62083329993766,-0.013791012577712536,-0.010429475456476212,267.79449462890625,263.9727783203125,8.7668247222900391,4.337855339050293,0.82910990715026855,0.060674123466014862
19920,232.36334770762153,1,0.29002094268798828,181.25,8.7447967529296875,0.25062659382820129,1,155.96171569824219,1,23.203481674194336,9.1112737655639648,220.74518032224043,0.012325986288487911,0.009633142501115799,-0.00039102998562157154,1.3223112821578979,-0.085331760346889496,-0.064532279968261719,-0.071336686611175537,-0.053948480635881424,2.6692142486572266,-0.00011549456394277513,-0.0022749323397874832,2.2101731300354004,-7.1579852374270558e-05,-0.0011777637992054224,3.92901711165905e-10,1,0.97215044498443604,-0.0021594376303255558,-0.0011061840923503041,-0.00054105691378936172,1.4162496328353882,0,0,0,1,0,0,0,0,0,1,0,0.96416127681732178,1.4045122861862183,348.79373168945312,-2.8209760785102844e-05,-0.00040779635310173035,-0.00037961790803819895,3.153939962387085,-0.00046962167834863067,-0.011868228204548359,2.5389013290405273,-0.00028114113956689835,-0.0064845643937587738,-1.5135447029024363e-07,1,0.850227952003479,-0.011398606933653355,-0.0062034232541918755,-0.002571342047303915,1.2385859489440918,0,0,0,1,0,0,0,0,0,1,0,0.73819589614868164,1.0756207704544067,348.49432373046875,-0.0001545250415802002,-0.0029150620102882385,-0.0027605465147644281,0.29136812686920166,0,-0.010549682192504406,-0.065084747970104218,-0.054540425539016724,0,-13.957942962646484,0,0.052194572985172272,0.040578760206699371,263.6166666331701,-0.01388850063085556,-0.010503200814127922,267.79287719726562,263.96575927734375,8.8131122589111328,4.3522253036499023,0.73483514785766602,0.066300109028816223
19980,170.89315973859735,1,0.29073348641395569,181.25,8.7646732330322266,0.24924620985984802,1,155.98110961914062,1,24.717967987060547,8.9927988052368164,162.34850175166747,0.012212713249027729,0.0096327085047960281,-0.00039387019933201373,1.3223112821578979,-0.085828304290771484,-0.06490778923034668,-0.071595758199691772,-0.054144404828548431,2.6692571640014648,-4.0254613850265741e-05,-0.0022771977819502354,2.2089507579803467,-2.2975262254476547e-05,-0.0011374804889783263,8.7311491370201111e-10,1,0.97136098146438599,-0.0022369427606463432,-0.0011145053431391716,-0.0005823563551530242,1.4141912460327148,0,0,0,1,0,0,0,0,0,1,0,0.96146738529205322,1.3996415138244629,348.78887939453125,-1.2680888175964355e-05,-0.00042215734720230103,-0.0004093343741260469,3.1561212539672852,-0.00039777241181582212,-0.012328492477536201,2.5405912399291992,-0.00027815112844109535,-0.0066001415252685547,-1.516309566795826e-07,1,0.84443354606628418,-0.011930724605917931,-0.0063219908624887466,-0.002819795161485672,1.2292987108230591,0,0,0,1,0,0,0,0,0,1,0,0.73105072975158691,1.0642465353012085,348.4901123046875,-0.00013253092765808105,-0.002973020076751709,-0.0028406246565282345,0.29118305444717407,0,-0.010548828169703484,-0.065018206834793091,-0.054451495409011841,0,-14.059326171875,0,0.051702938973903656,0.04057689756155014,263.61249996640254,-0.01398937962949276,-0.010579490102827549,267.7923583984375,263.96090698242188,8.7572174072265625,4.4147543907165527,0.72940021753311157,0.065715938806533813
20040,235.31126854968474,1,0.29079458117485046,181.25,8.7869319915771484,0.25152727961540222,1,155.78350830078125,1,24.962898254394531,9.1458902359008789,223.5457051222005,0.012918571941554546,0.0096321552991867065,-0.00039461848791688681,1.3223112821578979,-0.085822597146034241,-0.064903475344181061,-0.071675926446914673,-0.054205033928155899,2.6704683303833008,1.9201834220439196e-05,-0.0019813748076558113,2.2090544700622559,1.3579207006841898e-05,-0.0010074402671307325,2.4738255888223648e-10,1,0.97431051731109619,-0.0020005763508379459,-0.0010210198815912008,-0.00050068431301042438,1.4181797504425049,0,0,0,1,0,0,0,0,0,1,0,0.96383321285247803,1.4027824401855469,348.78427124023438,4.1574239730834961e-06,-0.00038191676139831543,-0.0003859774733427912,3.1594829559326172,-0.00023011246230453253,-0.012047498486936092,2.5443735122680664,-0.00015270366566255689,-0.0066759232431650162,-1.5096156857907772e-07,1,0.84420228004455566,-0.011817388236522675,-0.0065232194028794765,-0.0025868040975183249,1.2285516262054443,0,0,0,1,0,0,0,0,0,1,0,0.722983717918396,1.051913857460022,348.486083984375,-8.6560845375061035e-05,-0.0030199736356735229,-0.0029335562139749527,0.29113706946372986,0,-0.010558020323514938,-0.065012603998184204,-0.054410528391599655,0,-14.08603572845459,0,0.054770510643720627,0.04057466983795166,263.60833329963498,-0.014015955850481987,-0.010599588975310326,267.79153442382812,263.96148681640625,8.82177734375,4.4549903869628906,0.88748633861541748,0.064018875360488892
20100,182.87442141946767,1,0.289632648229599,181.25,8.8101167678833008,0.25375089049339294,1,154.70242309570312,1,23.342439651489258,9.1406192779541016,173.73070034849428,0.011658518575131893,0.0096655283123254776,-0.00039263177313841879,1.3223112821578979,-0.085078217089176178,-0.064340539276599884,-0.071175925433635712,-0.053826905786991119,2.669663667678833,-2.8184149414300919e-06,-0.0014479454839602113,2.2087345123291016,-1.1964235454797745e-05,-0.00062064407393336296,0,1,0.98247373104095459,-0.001445127185434103,-0.00060867983847856522,-0.00046131850103847682,1.4291672706604004,0,0,0,1,0,0,0,0,0,1,0,0.97328329086303711,1.4157211780548096,348.779541015625,3.1441450119018555e-06,-0.00028227269649505615,-0.0002853584592230618,3.1587972640991211,-0.00023654871620237827,-0.010703780688345432,2.5464804172515869,-0.00017772254068404436,-0.0057589923962950706,-1.5023397281765938e-07,1,0.86347472667694092,-0.010467233136296272,-0.0055812699720263481,-0.0024430423509329557,1.2557730674743652,0,0,0,1,0,0,0,0,0,1,0,0.74876421689987183,1.0886754989624023,348.48171997070312,-8.8989734649658203e-05,-0.0027511566877365112,-0.0026622230652719736,0.29096019268035889,0,-0.01056024432182312,-0.06493695080280304,-0.05433480441570282,0,-14.015119552612305,0,0.049300942569971085,0.040715690702199936,263.60416663286742,-0.013945392332971096,-0.010546225123107433,267.7904052734375,263.96368408203125,8.8280925750732422,4.4107799530029297,0.7937701940536499,0.066539540886878967
20160,217.04339093419975,1,0.28937283158302307,181.25,8.8060789108276367,0.2523772120475769,1,154.59223937988281,1,23.95555305480957,9.162322998046875,206.19122138748975,0.01214052177965641,0.0096734426915645599,-0.00039185513742268085,1.3223112821578979,-0.084793016314506531,-0.064124852418899536,-0.071206510066986084,-0.053850036114454269,2.6662101745605469,-7.1294663939625025e-05,-0.0013703090371564031,2.2077720165252686,-6.0892692999914289e-05,-0.00056295475224032998,5.8207660913467407e-11,1,0.98453253507614136,-0.0012990146642550826,-0.00050206173909828067,-0.00045029033208265901,1.4308383464813232,0,0,0,1,0,0,0,0,0,1,0,0.97425496578216553,1.4157661199569702,348.774169921875,-5.2154064178466797e-07,-0.00027589499950408936,-0.00027529060025699437,3.1526668071746826,-0.00032490165904164314,-0.0099623966962099075,2.5471940040588379,-0.00020477140787988901,-0.0052992738783359528,-1.4994293451309204e-07,1,0.87432557344436646,-0.0096374955028295517,-0.0050945021212100983,-0.0022859140299260616,1.2704380750656128,0,0,0,1,0,0,0,0,0,1,0,0.76305758953094482,1.1084911823272705,348.475830078125,-8.3178281784057617e-05,-0.0025921016931533813,-0.0025089387781918049,0.29068487882614136,0,-0.010555446147918701,-0.064804680645465851,-0.054240446537733078,0,-13.987397193908691,0,0.051389716565608978,0.040750496089458466,263.59999996609986,-0.013917808420956135,-0.010525364428758621,267.7899169921875,263.959716796875,8.8113250732421875,4.5479764938354492,0.80421864986419678,0.063273385167121887
20220,196.31892051703477,1,0.28960257768630981,181.25,8.7936296463012695,0.2563197910785675,1,155.00518798828125,1,25.298320770263672,9.2249469757080078,186.50297449118301,0.01203886978328228,0.009681330993771553,-0.00039174279663711786,1.3223112821578979,-0.084778770804405212,-0.064114078879356384,-0.071496635675430298,-0.054069444537162781,2.6621811389923096,-0.00022441895271185786,-0.0015054731629788876,2.2072663307189941,-0.00018972289399243891,-0.00069049769081175327,-3.637978807091713e-10,1,0.98475301265716553,-0.0012810546904802322,-0.00050077465130016208,-0.00044164195423945785,1.429955005645752,0,0,0,1,0,0,0,0,0,1,0,0.97546887397766113,1.4163682460784912,348.76858520507812,-2.8409063816070557e-05,-0.00029037147760391235,-0.00026194023666903377,3.147071361541748,-0.0005738366162404418,-0.010110525414347649,2.5480673313140869,-0.00042058597318828106,-0.0052220886573195457,-1.494772732257843e-07,1,0.87742900848388672,-0.0095366891473531723,-0.004801502451300621,-0.002458733506500721,1.2738374471664429,0,0,0,1,0,0,0,0,0,1,0,0.76419705152511597,1.1093988418579102,348.4698486328125,-0.00012849271297454834,-0.0026208981871604919,-0.0024925379548221827,0.29045045375823975,0,-0.010549072176218033,-0.064676165580749512,-0.054188389331102371,0,-13.98338794708252,0,0.050948850810527802,0.040786527097225189,263.5958332993323,-0.013913818635046482,-0.010522346943616867,267.79000854492188,263.9600830078125,8.8927288055419922,4.8682193756103516,1.0539562702178955,0.059249337762594223
20280,210.41911691370683,1,0.29042693972587585,181.25,8.7916269302368164,0.25899508595466614,1,155.18955993652344,1,25.0330810546875,9.2035369873046875,199.89816106802147,0.013442950323224068,0.0096753751859068871,-0.00039462829590775073,1.3223112821578979,-0.085166245698928833,-0.064407110214233398,-0.07201772928237915,-0.054463520646095276,2.6605319976806641,-0.00026339382748119533,-0.0015943453181535006,2.2084774971008301,-0.00023001735098659992,-0.00086103915236890316,2.1827872842550278e-11,1,0.98346686363220215,-0.0013309521600604057,-0.00063102203421294689,-0.00037348282057791948,1.4274647235870361,0,0,0,1,0,0,0,0,0,1,0,0.9728819727897644,1.4120471477508545,348.76361083984375,-4.2177736759185791e-05,-0.00033122487366199493,-0.00028908631065860391,3.1464085578918457,-0.00060724036302417517,-0.010824888944625854,2.5500500202178955,-0.00048413753393106163,-0.0056026624515652657,-1.4814577298238873e-07,1,0.86902928352355957,-0.010217648930847645,-0.0051185241900384426,-0.0026552909985184669,1.2610177993774414,0,0,0,1,0,0,0,0,0,1,0,0.74209684133529663,1.0768638849258423,348.4647216796875,-0.0001515652984380722,-0.0028765946626663208,-0.0027252314612269402,0.29034459590911865,0,-0.010550569742918015,-0.064599469304084778,-0.054202403873205185,0,-14.086385726928711,0,0.05705542117357254,0.040761668235063553,263.59166663256474,-0.014016304165124893,-0.010599852539598942,267.79055786132812,263.94699096679688,8.8828506469726562,4.5665645599365234,1.1903727054595947,0.052390091121196747
20340,167.06915598267688,1,0.29072397947311401,181.25,8.8002414703369141,0.25739136338233948,1,154.956298828125,1,23.878820419311523,9.2484979629516602,158.71569818354303,0.013307571411132812,0.0096712205559015274,-0.00039643619675189257,1.3223112821578979,-0.085451513528823853,-0.064622841775417328,-0.072033695876598358,-0.054475598037242889,2.6610026359558105,-0.00010365963680669665,-0.001633630832657218,2.2100729942321777,-6.6433392930775881e-05,-0.00074473605491220951,-4.0745362639427185e-10,1,0.98129475116729736,-0.001529972068965435,-0.00067830301122739911,-0.00046433601528406143,1.4244629144668579,0,0,0,1,0,0,0,0,0,1,0,0.96879523992538452,1.4061698913574219,348.759033203125,-1.5919096767902374e-05,-0.00034986063838005066,-0.00033395551145076752,3.1470327377319336,-0.00028873138944618404,-0.011443106457591057,2.5512614250183105,-0.00013740874419454485,-0.0055267419666051865,-1.4668330550193787e-07,1,0.85792917013168335,-0.011154374107718468,-0.0053893323056399822,-0.0030474676750600338,1.2454167604446411,0,0,0,1,0,0,0,0,0,1,0,0.72226721048355103,1.0484287738800049,348.45953369140625,-9.0393237769603729e-05,-0.0030253008008003235,-0.0029349946416914463,0.29037636518478394,0,-0.010564807802438736,-0.064586788415908813,-0.054256968200206757,0,-14.150919914245605,0,0.056465022265911102,0.0407424196600914,263.58749996579718,-0.014080516993999481,-0.010648413561284542,267.79000854492188,263.9476318359375,9.0084056854248047,4.4410781860351562,1.063939094543457,0.053740158677101135
20400,195.9261328776858,1,0.29099383950233459,181.25,8.8054285049438477,0.25662180781364441,1,154.75160217285156,1,23.600004196166992,9.2492036819458008,186.12982623380151,0.011675086803734303,0.0096497256308794022,-0.00039806702989153564,1.3223112821578979,-0.085707873106002808,-0.064816713333129883,-0.072051510214805603,-0.054489068686962128,2.6621818542480469,-5.6289922213181853e-05,-0.0017856585327535868,2.2110967636108398,4.4095795601606369e-06,-0.00065502477809786797,-5.2386894822120667e-10,1,0.97969496250152588,-0.0017293693963438272,-0.00065943459048867226,-0.0006052220705896616,1.4225307703018188,0,0,0,1,0,0,0,0,0,1,0,0.96535098552703857,1.4014624357223511,348.75439453125,-1.7061829566955566e-05,-0.00038972124457359314,-0.00037265292485244572,3.1461153030395508,-0.00031291425693780184,-0.01196274533867836,2.5526700019836426,-4.9182388465851545e-05,-0.0053257509134709835,-1.4610122889280319e-07,1,0.85434067249298096,-0.011649832129478455,-0.0052765682339668274,-0.0034478195011615753,1.2405905723571777,0,0,0,1,0,0,0,0,0,1,0,0.71460402011871338,1.0374710559844971,348.4544677734375,-9.7043812274932861e-05,-0.0031199827790260315,-0.0030231429263949394,0.29046547412872314,0,-0.010584354400634766,-0.064613796770572662,-0.054297603666782379,0,-14.209132194519043,0,0.049372676759958267,0.040647037327289581,263.58333329902962,-0.014138439670205116,-0.010692217387259007,267.78890991210938,263.94021606445312,8.9662876129150391,4.5267162322998047,0.86560589075088501,0.059568356722593307
20460,224.96075479595376,1,0.29082819819450378,181.25,8.8057308197021484,0.25938105583190918,1,154.46060180664062,1,25.641119003295898,9.295079231262207,213.71271705615607,0.011892607435584068,0.0096732769161462784,-0.00039813635521568358,1.3223112821578979,-0.085638895630836487,-0.064764551818370819,-0.071935474872589111,-0.054401315748691559,2.662764310836792,-0.00012481381418183446,-0.0017700328025966883,2.2119030952453613,-5.5900207371450961e-05,-0.00056771887466311455,-3.2014213502407074e-10,1,0.98144286870956421,-0.0016452199779450893,-0.00051181868184357882,-0.00066474336199462414,1.4255850315093994,0,0,0,1,0,0,0,0,0,1,0,0.96421933174133301,1.400410532951355,348.74969482421875,-3.2663345336914062e-05,-0.00041551887989044189,-0.00038286042399704456,3.1460452079772949,-0.00051080808043479919,-0.012054000049829483,2.5544309616088867,-0.00021401845151558518,-0.0052407411858439445,-1.4582474250346422e-07,1,0.85717535018920898,-0.011543191969394684,-0.005026722326874733,-0.0035783033818006516,1.2451061010360718,0,0,0,1,0,0,0,0,0,1,0,0.71127718687057495,1.0333495140075684,348.44976806640625,-0.00013591349124908447,-0.0031954646110534668,-0.0030597120057791471,0.29054895043373108,0,-0.010604511946439743,-0.064647391438484192,-0.054322622716426849,0,-14.211606979370117,0,0.050314847379922867,0.040749423205852509,263.57916663226206,-0.0141409020870924,-0.010694080032408237,267.78775024414062,263.93783569335938,9.009368896484375,4.5303516387939453,0.78026068210601807,0.062639020383358002
20520,196.06949094161951,1,0.29113662242889404,181.25,8.7974586486816406,0.25983855128288269,1,154.74995422363281,1,28.639348983764648,9.1654520034790039,186.26601639453852,0.011904427781701088,0.0096536483615636826,-0.00039865754661150277,1.3223112821578979,-0.085642695426940918,-0.064767420291900635,-0.072299443185329437,-0.054676569998264313,2.6632146835327148,-0.00013997324276715517,-0.00162784184794873,2.2141139507293701,-9.6748961368575692e-05,-0.00054806726984679699,8.0035533756017685e-11,1,0.98314386606216431,-0.0014878695365041494,-0.00045131825027056038,-0.00060995225794613361,1.428514838218689,0,0,0,1,0,0,0,0,0,1,0,0.96674454212188721,1.4045706987380981,348.74508666992188,-2.1614134311676025e-05,-0.00037582963705062866,-0.00035420717904344201,3.1487298011779785,-0.00055333494674414396,-0.011746728792786598,2.5594549179077148,-0.00036080137942917645,-0.0057212966494262218,-1.4544639270752668e-07,1,0.85773599147796631,-0.011193394660949707,-0.0053604948334395885,-0.0030969046056270599,1.2463181018829346,0,0,0,1,0,0,0,0,0,1,0,0.71214199066162109,1.0349864959716797,348.44583129882812,-0.00013540685176849365,-0.0031877905130386353,-0.0030524474568665028,0.2906152606010437,0,-0.010621581226587296,-0.064668603241443634,-0.054357193410396576,0,-14.23021125793457,0,0.050366044044494629,0.040664717555046082,263.5749999654945,-0.014159413985908031,-0.010708079673349857,267.78768920898438,263.92474365234375,8.8624954223632812,4.4895658493041992,0.79367566108703613,0.06662566214799881
20580,195.75078566651246,1,0.29108157753944397,181.25,8.7770700454711914,0.25965625047683716,1,154.58645629882812,1,30.587240219116211,9.2217445373535156,185.96324638318683,0.011570921167731285,0.0096313664689660072,-0.00039885289152152836,1.3223112821578979,-0.085452228784561157,-0.064623385667800903,-0.072458967566490173,-0.054797209799289703,2.66398024559021,-3.2186624594032764e-05,-0.0011975439265370369,2.2183642387390137,-2.7588670491240919e-05,-0.00019334300304763019,2.7648638933897018e-10,1,0.98828029632568359,-0.0011653583496809006,-0.00016575425979681313,-0.00062495993915945292,1.4363254308700562,0,0,0,1,0,0,0,0,0,1,0,0.97479724884033203,1.4165056943893433,348.74072265625,2.3804605007171631e-06,-0.00026869215071201324,-0.00027113017858937383,3.1571083068847656,-0.00027926196344196796,-0.011071700602769852,2.5682616233825684,-0.0001733149983920157,-0.0053706173785030842,-1.4619581634178758e-07,1,0.86247491836547852,-0.010792437940835953,-0.0051973019726574421,-0.0029799556359648705,1.2537012100219727,0,0,0,1,0,0,0,0,0,1,0,0.71526461839675903,1.0395361185073853,348.44293212890625,-7.6841562986373901e-05,-0.003103945404291153,-0.0030270903371274471,0.29068648815155029,0,-0.010637145489454269,-0.064668342471122742,-0.054427057504653931,0,-14.237183570861816,0,0.048921786248683929,0.040566921234130859,263.57083329872694,-0.014166351407766342,-0.010713325813412666,267.787841796875,263.9276123046875,8.9535732269287109,4.4930953979492188,0.74403584003448486,0.055582292377948761
20640,179.5793079275129,1,0.29398664832115173,181.25,8.7832260131835938,0.25981932878494263,1,156.25119018554688,1,30.867986679077148,9.1936674118041992,170.60034253113724,0.011353537440299988,0.0095372637733817101,-0.00040653644828125834,1.3223112821578979,-0.087181329727172852,-0.065931022167205811,-0.073894910514354706,-0.055883143097162247,2.6687955856323242,-2.9332106350921094e-05,-0.001368281664326787,2.224001407623291,-2.5258621462853625e-05,-0.00025532126892358065,1.964508555829525e-10,1,0.98636329174041748,-0.0013389503583312035,-0.00023006301489658654,-0.00068937451578676701,1.4348486661911011,0,0,0,1,0,0,0,0,0,1,0,0.97211694717407227,1.4139785766601562,348.73666381835938,-9.3067064881324768e-06,-0.0003098752349615097,-0.00030067865736782551,3.1705234050750732,-0.00023413695453200489,-0.012134462594985962,2.5776984691619873,-0.00013699386909138411,-0.0059721409343183041,-1.4559918781742454e-07,1,0.84813296794891357,-0.011900324374437332,-0.0058351466432213783,-0.0032235472463071346,1.233877420425415,0,0,0,1,0,0,0,0,0,1,0,0.70821034908294678,1.0304031372070312,348.4398193359375,-7.8860670328140259e-05,-0.0031889062374830246,-0.0031099950429052114,0.29096823930740356,0,-0.010667219758033752,-0.064756728708744049,-0.054576404392719269,0,-14.511451721191406,0,0.04798150435090065,0.040163647383451462,263.56666663195938,-0.014439254999160767,-0.01091970968991518,267.78781127929688,263.92666625976562,9.0008888244628906,4.7157011032104492,0.88869297504425049,0.067087732255458832
20700,221.93169041148715,1,0.29847761988639832,181.25,8.7890176773071289,0.25864884257316589,1,159.33120727539062,1,31.518800735473633,9.3671588897705078,210.83510589091279,0.013594397343695164,0.0094356629997491837,-0.00041722899186424911,1.3223112821578979,-0.090057164430618286,-0.068105876445770264,-0.075942814350128174,-0.057431872934103012,2.679936408996582,-5.4053605708759278e-05,-0.0020715845748782158,2.2323942184448242,-2.3177759430836886e-05,-0.0006870293291285634,6.5483618527650833e-10,1,0.97717833518981934,-0.002017531543970108,-0.00066385138779878616,-0.00079058390110731125,1.4261517524719238,0,0,0,1,0,0,0,0,0,1,0,0.95840811729431152,1.3990345001220703,348.73321533203125,-2.5339424610137939e-05,-0.00047010276466608047,-0.0004448837717063725,3.1886272430419922,-0.00027572381077334285,-0.014851117506623268,2.5871479511260986,-9.7103824373334646e-05,-0.0072797797620296478,-1.4549004845321178e-07,1,0.8145211935043335,-0.014575392007827759,-0.0071826749481260777,-0.0039130654186010361,1.1892153024673462,0,0,0,1,0,0,0,0,0,1,0,0.65959727764129639,0.96465808153152466,348.43658447265625,-0.00011114031076431274,-0.0037400498986244202,-0.0036288260016590357,0.29194027185440063,0,-0.010739689692854881,-0.065171182155609131,-0.054964855313301086,0,-14.893124580383301,0,0.057716291397809982,0.039734255522489548,263.56249996519182,-0.014819029718637466,-0.0112069146707654,267.78753662109375,263.915283203125,9.0208730697631836,4.7983198165893555,1.0712869167327881,0.081678420305252075
20760,207.83134288840969,1,0.30254244804382324,181.25,8.7815589904785156,0.26154592633247375,1,161.78877258300781,1,33.704837799072266,9.6203861236572266,197.4397757439892,0.013307585380971432,0.0093119554221630096,-0.00042790820589289069,1.3223112821578979,-0.093030884861946106,-0.070354752242565155,-0.077423609793186188,-0.05855172872543335,2.6981568336486816,-8.763084770180285e-05,-0.002951812231913209,2.2411613464355469,-1.4469376765191555e-05,-0.0013202157570049167,4.5110937207937241e-10,1,0.96493172645568848,-0.0028641819953918457,-0.0013057459145784378,-0.00083776708925142884,1.4161136150360107,0,0,0,1,0,0,0,0,0,1,0,0.93900430202484131,1.3786132335662842,348.73080444335938,-2.9511749744415283e-05,-0.00068468600511550903,-0.00065523968078196049,3.2145001888275146,-0.00054503441788256168,-0.017565233632922173,2.5947413444519043,-0.0002620069426484406,-0.0084976125508546829,-1.4579563867300749e-07,1,0.78665375709533691,-0.017020197585225105,-0.0082356054335832596,-0.0046681230887770653,1.1550543308258057,0,0,0,1,0,0,0,0,0,1,0,0.61601197719573975,0.90631783008575439,348.43438720703125,-0.00014775246381759644,-0.0042840577661991119,-0.0041362070478498936,0.29354202747344971,0,-0.010852612555027008,-0.065917126834392548,-0.055521786212921143,0,-15.274322509765625,0,0.056465074419975281,0.039204664528369904,263.55833329842426,-0.015198331326246262,-0.011493762023746967,267.787109375,263.91641235351562,9.2365045547485352,4.5133981704711914,1.0109964609146118,0.13486374914646149
20820,212.42580861747697,1,0.30735120177268982,181.25,8.7695827484130859,0.26522693037986755,1,165.60881042480469,1,37.959808349609375,9.6381759643554688,201.8045181866031,0.01193664688616991,0.0090838279575109482,-0.0004382897459436208,1.3223112821578979,-0.096389397978782654,-0.072894632816314697,-0.079448379576206207,-0.060082964599132538,2.7214760780334473,-0.00030282867373898625,-0.0042201336473226547,2.2518596649169922,-0.00022742849250789732,-0.002120941411703825,5.0931703299283981e-11,1,0.95230746269226074,-0.0039173057302832603,-0.0018935133703052998,-0.0010580539237707853,1.4072673320770264,0,0,0,1,0,0,0,0,0,1,0,0.92568302154541016,1.3679956197738647,348.72836303710938,-6.8694353103637695e-05,-0.00089020654559135437,-0.00082159560406580567,3.2429361343383789,-0.0011288581881672144,-0.020681660622358322,2.6080355644226074,-0.00097677088342607021,-0.010987769812345505,-1.4494435163214803e-07,1,0.75668269395828247,-0.019552802667021751,-0.010010996833443642,-0.0048997458070516586,1.1174247264862061,0,0,0,1,0,0,0,0,0,1,0,0.60113239288330078,0.88781154155731201,348.4317626953125,-0.00023560598492622375,-0.0046298783272504807,-0.0043941810727119446,0.29564204812049866,0,-0.010994182899594307,-0.066954255104064941,-0.056206628680229187,0,-15.644895553588867,0,0.050505694001913071,0.038225557655096054,263.5541666316567,-0.015567060559988022,-0.011772613972425461,267.78643798828125,263.91159057617188,9.15203857421875,4.5865745544433594,0.9131244421005249,0.10520733892917633
20880,211.63183848532469,1,0.31245189905166626,181.25,8.7769899368286133,0.26762646436691284,1,169.293212890625,1,43.338115692138672,9.6226253509521484,201.05024656105846,0.012549513950943947,0.0088926348835229874,-0.00045045351726002991,1.3223112821578979,-0.10028950870037079,-0.07584410160779953,-0.081282302737236023,-0.061469871550798416,2.7502486705780029,-0.00036652848939411342,-0.0058891503140330315,2.2650027275085449,-0.00030786535353399813,-0.0027088928036391735,-2.9103830456733704e-11,1,0.93652784824371338,-0.0055226227268576622,-0.0024010282941162586,-0.0016874412540346384,1.3956742286682129,0,0,0,1,0,0,0,0,0,1,0,0.90449166297912598,1.3473427295684814,348.7261962890625,-6.2175095081329346e-05,-0.0011488348245620728,-0.0010867597302421927,3.2764661312103271,-0.0011231636162847281,-0.024521391838788986,2.6219265460968018,-0.0010324572212994099,-0.012086367234587669,-1.441658241674304e-07,1,0.72218763828277588,-0.023398227989673615,-0.011053910478949547,-0.0064873872324824333,1.0744795799255371,0,0,0,1,0,0,0,0,0,1,0,0.55745530128479004,0.82834017276763916,348.43011474609375,-0.00021515786647796631,-0.0052267834544181824,-0.0050116013735532761,0.29828357696533203,0,-0.011166556738317013,-0.068312108516693115,-0.057050403207540512,0,-16.079086303710938,0,0.053165450692176819,0.03740726038813591,263.54999996488914,-0.015999089926481247,-0.012099336832761765,267.78622436523438,263.90487670898438,9.0623655319213867,4.7757668495178223,0.96230775117874146,0.11707936972379684
20940,231.21858323850287,1,0.31543552875518799,181.25,8.7789840698242188,0.26707601547241211,1,171.1436767578125,1,45.603519439697266,9.2565832138061523,219.65765407657773,0.01578473299741745,0.0088356975466012955,-0.00045847005094401538,1.3223112821578979,-0.10261856764554977,-0.077605456113815308,-0.082340389490127563,-0.062270049005746841,2.7820699214935303,-0.00035707629285752773,-0.0069910897873342037,2.2759735584259033,-0.00030483148293569684,-0.0032950227614492178,-7.5669959187507629e-10,1,0.9250028133392334,-0.0066340146586298943,-0.0029901925008744001,-0.0019334456883370876,1.3913055658340454,0,0,0,1,0,0,0,0,0,1,0,0.88459080457687378,1.3301994800567627,348.72442626953125,-5.3413212299346924e-05,-0.0013885796070098877,-0.0013352697715163231,3.3133857250213623,-0.0009859998244792223,-0.026452064514160156,2.631495475769043,-0.00090863218065351248,-0.013343316502869129,-1.439475454390049e-07,1,0.70111513137817383,-0.025466065853834152,-0.012434683740139008,-0.006676502525806427,1.052422046661377,0,0,0,1,0,0,0,0,0,1,0,0.52627533674240112,0.78983807563781738,348.42938232421875,-0.00020165741443634033,-0.0056494027376174927,-0.0054478263482451439,0.30119946599006653,0,-0.011358374729752541,-0.069870144128799438,-0.057928591966629028,0,-16.365238189697266,0,0.067323513329029083,0.037168499082326889,263.54583329812158,-0.016283819451928139,-0.012314664199948311,267.78610229492188,263.89895629882812,8.8948955535888672,4.8490571975708008,1.0765087604522705,0.1068766713142395
21000,170.69094054599299,1,0.31765806674957275,181.25,8.7674942016601562,0.26052290201187134,1,172.36036682128906,1,46.597011566162109,9.2560558319091797,162.15639351869333,0.013688697479665279,0.0087747750803828239,-0.00046492429100908339,1.3223112821578979,-0.10422003269195557,-0.07881656289100647,-0.083317145705223083,-0.063008725643157959,2.8136272430419922,-0.00024365453282371163,-0.007776050828397274,2.2857503890991211,-0.00017904496053233743,-0.0038094590418040752,-1.1059455573558807e-09,1,0.91414451599121094,-0.0075323986820876598,-0.003630415303632617,-0.0019922335632145405,1.3881905078887939,0,0,0,1,0,0,0,0,0,1,0,0.86640405654907227,1.3159430027008057,348.72293090820312,-2.8081238269805908e-05,-0.0015846341848373413,-0.0015566576039418578,3.3518319129943848,-0.00066347199026495218,-0.027753366157412529,2.641521692276001,-0.00051066733431071043,-0.014266235753893852,-1.4441320672631264e-07,1,0.68257474899291992,-0.02708989754319191,-0.013755567371845245,-0.006604333408176899,1.0350943803787231,0,0,0,1,0,0,0,0,0,1,0,0.49218171834945679,0.74757397174835205,348.43011474609375,-0.00015647709369659424,-0.0060346424579620361,-0.005878266878426075,0.3040580153465271,0,-0.011548865586519241,-0.071392282843589783,-0.058799780905246735,0,-16.595624923706055,0,0.058128025382757187,0.036903783679008484,263.54166663135402,-0.016513058915734291,-0.012488027103245258,267.78662109375,263.8896484375,8.8727235794067383,4.9545812606811523,1.1767446994781494,0.10200652480125427
21060,209.87171186913517,1,0.31677579879760742,181.25,8.7768869400024414,0.26113563776016235,1,171.54823303222656,1,47.076744079589844,9.2601194381713867,199.3781262756784,0.012499251402914524,0.0088116209954023361,-0.00046324398135766387,1.3223112821578979,-0.10432429611682892,-0.078895412385463715,-0.081994108855724335,-0.062008175998926163,2.843613862991333,-0.00015402919962070882,-0.0077882800251245499,2.2910861968994141,-7.6822994742542505e-05,-0.0034652957692742348,-1.3278622645884752e-10,1,0.91515207290649414,-0.0076342513784766197,-0.0033884737640619278,-0.0022112648002803326,1.4017691612243652,0,0,0,1,0,0,0,0,0,1,0,0.86277508735656738,1.3220072984695435,348.7213134765625,-2.4225562810897827e-05,-0.0016343742609024048,-0.0016102103982120752,3.3877005577087402,-0.0007158331573009491,-0.028327718377113342,2.6460890769958496,-0.00044700823491439223,-0.012358376756310463,-1.4487886801362038e-07,1,0.69336175918579102,-0.027611888945102692,-0.011911367997527122,-0.0082465726882219315,1.0615891218185425,0,0,0,1,0,0,0,0,0,1,0,0.49476850032806396,0.75871628522872925,348.43038940429688,-0.00017212331295013428,-0.0060902833938598633,-0.0059184185229241848,0.30652457475662231,0,-0.011717943474650383,-0.072762452065944672,-0.05949610099196434,0,-16.53564453125,0,0.052947066724300385,0.037061601877212524,263.53749996458646,-0.016453377902507782,-0.012442893348634243,267.78610229492188,263.88363647460938,8.9241542816162109,4.7862882614135742,1.1553058624267578,0.11834342777729034
21120,231.93608322064534,1,0.31585052609443665,181.25,8.7677640914916992,0.2684628963470459,1,170.22677612304688,1,46.739852905273438,9.3208827972412109,220.33927905961306,0.013023919425904751,0.0088527984917163849,-0.00046276117791421711,1.3223112821578979,-0.1046353280544281,-0.079130634665489197,-0.08033202588558197,-0.06075122207403183,2.8698492050170898,-0.00013876269804313779,-0.0078388601541519165,2.2882945537567139,-5.8261910453438759e-05,-0.003068096935749054,8.7311491370201111e-11,1,0.91726702451705933,-0.0077000977471470833,-0.0030098352581262589,-0.0025040756445378065,1.4136576652526855,0,0,0,1,0,0,0,0,0,1,0,0.85979688167572021,1.3254702091217041,348.71905517578125,-1.691281795501709e-05,-0.0016742199659347534,-0.0016573597677052021,3.4160759449005127,-0.00055549689568579197,-0.027981964871287346,2.640380859375,-0.00029382528737187386,-0.010918313637375832,-1.4441320672631264e-07,1,0.70539939403533936,-0.027426471933722496,-0.010624490678310394,-0.008986426517367363,1.0871614217758179,0,0,0,1,0,0,0,0,0,1,0,0.50036728382110596,0.77233803272247314,348.42926025390625,-0.00011527538299560547,-0.0060164034366607666,-0.0059014144353568554,0.30827397108078003,0,-0.011844918131828308,-0.07388082891702652,-0.059814803302288055,0,-16.518411636352539,0,0.05522913858294487,0.037237107753753662,263.5333332978189,-0.016436230391263962,-0.012429925613105297,267.78469848632812,263.89077758789062,8.9982795715332031,4.68560791015625,1.43485426902771,0.11036334931850433
21180,241.53151831607113,1,0.31569692492485046,181.25,8.7037429809570312,0.26506140828132629,1,169.18783569335938,1,46.646148681640625,9.2753410339355469,229.45494240026756,0.013240114785730839,0.0088475216180086136,-0.00046492391265928745,1.3223112821578979,-0.10505596548318863,-0.07944873720407486,-0.079568862915039062,-0.060174077749252319,2.8921570777893066,-0.00029914965853095055,-0.0083284862339496613,2.2822065353393555,-0.00019761204021051526,-0.0030101467855274677,4.9476511776447296e-10,1,0.91674721240997314,-0.0080293361097574234,-0.002812535734847188,-0.0028203320689499378,1.4189248085021973,0,0,0,1,0,0,0,0,0,1,0,0.85102379322052002,1.3177225589752197,348.71630859375,-3.9651989936828613e-05,-0.0018187463283538818,-0.00177911133505404,3.435356616973877,-0.00089732371270656586,-0.028753470629453659,2.6341218948364258,-0.00053220154950395226,-0.010718671604990959,-1.4374381862580776e-07,1,0.70757532119750977,-0.027856148779392242,-0.010186472907662392,-0.0094489315524697304,1.0948714017868042,0,0,0,1,0,0,0,0,0,1,0,0.49255141615867615,0.7640451192855835,348.426513671875,-0.00016582012176513672,-0.0062121972441673279,-0.0060463976114988327,0.30963146686553955,0,-0.011957652866840363,-0.074866816401481628,-0.059922404587268829,0,-16.595611572265625,0,0.056170981377363205,0.037212178111076355,263.52916663105134,-0.016513045877218246,-0.012488016858696938,267.7847900390625,263.87750244140625,8.9246091842651367,4.5995922088623047,1.2234933376312256,0.093495577573776245
21240,243.49616014527371,1,0.31667524576187134,181.25,8.6871957778930664,0.25731462240219116,1,170.59591674804688,1,50.143898010253906,9.3018760681152344,231.32135213801001,0.011854846030473709,0.0087812868878245354,-0.00046538643073290586,1.3223112821578979,-0.1056983545422554,-0.079934544861316681,-0.080075666308403015,-0.060557350516319275,2.9131402969360352,-0.00034858717117458582,-0.0084178755059838295,2.2776217460632324,-0.00024269985442515463,-0.0031854379922151566,-2.1827872842550278e-11,1,0.91595256328582764,-0.0080692879855632782,-0.002942738588899374,-0.0027072750963270664,1.4230799674987793,0,0,0,1,0,0,0,0,0,1,0,0.8547823429107666,1.3285344839096069,348.7130126953125,-3.4514814615249634e-05,-0.0017771311104297638,-0.0017426008125767112,3.4556407928466797,-0.0011941378470510244,-0.029558716341853142,2.6320919990539551,-0.00076904427260160446,-0.011688889004290104,-1.4356919564306736e-07,1,0.70073586702346802,-0.028364581987261772,-0.010919846594333649,-0.0090559758245944977,1.0880460739135742,0,0,0,1,0,0,0,0,0,1,0,0.50063526630401611,0.77926206588745117,348.4232177734375,-0.0001875758171081543,-0.0061774998903274536,-0.0059898924082517624,0.31080049276351929,0,-0.012056046165525913,-0.075746864080429077,-0.059996481984853745,0,-16.612119674682617,0,0.05015120655298233,0.036928154528141022,263.52499996428378,-0.016529472544789314,-0.012500439770519733,267.7850341796875,263.86248779296875,9.0014228820800781,4.5262613296508789,0.86211550235748291,0.096208423376083374
21300,242.46245665676477,1,0.31582629680633545,181.25,8.6794395446777344,0.25864249467849731,1,171.53480529785156,1,46.778884887695312,9.2372312545776367,230.33933382392652,0.012338107451796532,0.0088072493672370911,-0.00045912680798210204,1.3223112821578979,-0.10506147146224976,-0.07945290207862854,-0.079740405082702637,-0.060303807258605957,2.9291410446166992,-0.00021199249022174627,-0.0079956836998462677,2.2733850479125977,-0.00014149397611618042,-0.0030134622938930988,8.7311491370201111e-11,1,0.91909480094909668,-0.0077836918644607067,-0.0028719690162688494,-0.0025585384573787451,1.4325402975082397,0,0,0,1,0,0,0,0,0,1,0,0.86420422792434692,1.3468117713928223,348.7083740234375,9.3691051006317139e-07,-0.0016439557075500488,-0.0016448963433504105,3.4697098731994629,-0.00085888017201796174,-0.027662914246320724,2.628969669342041,-0.00053828494856134057,-0.010877612978219986,-1.4282704796642065e-07,1,0.7189871072769165,-0.026804033666849136,-0.010339329019188881,-0.0084562292322516441,1.1196745634078979,0,0,0,1,0,0,0,0,0,1,0,0.53506952524185181,0.83372795581817627,348.41851806640625,-0.00012404471635818481,-0.0057519227266311646,-0.0056277471594512463,0.3117905855178833,0,-0.012122537940740585,-0.076469272375106812,-0.060087312012910843,0,-16.388681411743164,0,0.052247200161218643,0.037042662501335144,263.52083329751622,-0.016307145357131958,-0.012332304380834103,267.78567504882812,263.86810302734375,8.9613895416259766,4.5407428741455078,0.95952916145324707,0.091606676578521729
21360,197.22287642911957,1,0.31535863876342773,181.25,8.7297325134277344,0.26524624228477478,1,171.90151977539062,1,42.909122467041016,9.2870550155639648,187.36173260766358,0.013318886049091816,0.0088489130139350891,-0.00045611511450260878,1.3223112821578979,-0.10506974160671234,-0.079459160566329956,-0.079082146286964417,-0.059805996716022491,2.9388976097106934,-0.00017296915757469833,-0.0084016378968954086,2.2657957077026367,-0.00011431908933445811,-0.0029841274954378605,-2.9103830456733704e-11,1,0.91659951210021973,-0.0082286689430475235,-0.0028698097448796034,-0.0028126966208219528,1.4310116767883301,0,0,0,1,0,0,0,0,0,1,0,0.86803388595581055,1.3539019823074341,348.70269775390625,-4.1127204895019531e-06,-0.0016280785202980042,-0.0016239541582763195,3.4740524291992188,-0.00065634853672236204,-0.027399076148867607,2.6179194450378418,-0.00037418061401695013,-0.009946766309440136,-1.4313263818621635e-07,1,0.72667407989501953,-0.026742726564407349,-0.0095725860446691513,-0.0089348461478948593,1.1329399347305298,0,0,0,1,0,0,0,0,0,1,0,0.54874551296234131,0.85394638776779175,348.4124755859375,-0.00011037290096282959,-0.0056240707635879517,-0.0055135246366262436,0.31243419647216797,0,-0.012150736525654793,-0.076998814940452576,-0.060082238167524338,0,-16.281177520751953,0,0.056514367461204529,0.037224341183900833,263.51666663074866,-0.016200177371501923,-0.012251409702003002,267.78570556640625,263.88092041015625,8.9656524658203125,4.4934005737304688,0.78751754760742188,0.078873962163925171
21420,231.09452528016129,1,0.31422534584999084,181.25,8.6607446670532227,0.27050909399986267,1,171.30690002441406,1,43.332069396972656,9.3176517486572266,219.53979901615321,0.011555293574929237,0.0088452110067009926,-0.00045278161996975541,1.3223112821578979,-0.10471273213624954,-0.07918916642665863,-0.077984817326068878,-0.05897613987326622,2.9466726779937744,-0.0002088620385620743,-0.0087812971323728561,2.2562422752380371,-0.00012654130114242435,-0.0029078742954879999,-3.6743585951626301e-10,1,0.91488325595855713,-0.0085724350064992905,-0.0027813343331217766,-0.0030582796316593885,1.4299485683441162,0,0,0,1,0,0,0,0,0,1,0,0.87466442584991455,1.3656256198883057,348.69674682617188,-2.7321279048919678e-05,-0.0015758424997329712,-0.00154845230281353,3.4753570556640625,-0.00057635473785921931,-0.02732698991894722,2.6039848327636719,-0.00029765014187432826,-0.0099273994565010071,-1.4278339222073555e-07,1,0.7262265682220459,-0.026750633493065834,-0.0096297496929764748,-0.0087738856673240662,1.1340763568878174,0,0,0,1,0,0,0,0,0,1,0,0.56498324871063232,0.880074143409729,348.4058837890625,-0.00013007037341594696,-0.0054550450295209885,-0.0053248582407832146,0.31284704804420471,0,-0.012162202037870884,-0.07743583619594574,-0.059953156858682632,0,-16.162187576293945,0,0.04885416105389595,0.037204965949058533,263.5124999639811,-0.016081778332591057,-0.012161870487034321,267.78408813476562,263.86941528320312,8.9782066345214844,4.4681901931762695,1.0295900106430054,0.076293617486953735
21480,234.56252365655675,1,0.31151726841926575,181.25,8.6222810745239258,0.26634314656257629,1,170.05812072753906,1,44.987213134765625,9.2895774841308594,222.8343974737289,0.011365756392478943,0.0088694225996732712,-0.00044441528734751046,1.3223112821578979,-0.10277345031499863,-0.077722586691379547,-0.076836928725242615,-0.058108050376176834,2.9492597579956055,-0.00015702878590673208,-0.0083911363035440445,2.2469620704650879,-8.9429318904876709e-05,-0.0028694006614387035,-2.7648638933897018e-10,1,0.91672432422637939,-0.0082341078668832779,-0.0027799722738564014,-0.00281884940341115,1.4335689544677734,0,0,0,1,0,0,0,0,0,1,0,0.88633912801742554,1.3852818012237549,348.68997192382812,-2.4948269128799438e-05,-0.0014128908514976501,-0.0013879521284252405,3.4694781303405762,-0.00038566489820368588,-0.025227684527635574,2.5927920341491699,-0.00019099835481029004,-0.0096856225281953812,-1.4358010957948864e-07,1,0.7402961254119873,-0.024842020124197006,-0.0094946231693029404,-0.007625761441886425,1.1576733589172363,0,0,0,1,0,0,0,0,0,1,0,0.59841412305831909,0.93456053733825684,348.39859008789062,-0.00010081008076667786,-0.0049855522811412811,-0.0048845838755369186,0.31287997961044312,0,-0.012143587693572044,-0.077639974653720856,-0.059699784964323044,0,-15.863548278808594,0,0.04803432896733284,0.037306584417819977,263.50833329721354,-0.015784624963998795,-0.011937147937715054,267.78256225585938,263.86492919921875,8.9051551818847656,4.366145133972168,0.95364677906036377,0.081451155245304108
21540,236.1772748027405,1,0.30672979354858398,181.25,8.6179494857788086,0.26172983646392822,1,167.50755310058594,1,42.250541687011719,9.2046537399291992,224.36841106260346,0.011480733752250671,0.0089923543855547905,-0.00043069868115708232,1.3223112821578979,-0.099188387393951416,-0.075011372566223145,-0.07509208470582962,-0.056788507848978043,2.9422650337219238,-0.00011882517719641328,-0.0073092016391456127,2.2367744445800781,-8.2986487541347742e-05,-0.0026437253691256046,-1.1932570487260818e-09,1,0.92521512508392334,-0.007190377451479435,-0.0025607398711144924,-0.0023461515083909035,1.4444615840911865,0,0,0,1,0,0,0,0,0,1,0,0.90395236015319824,1.4109871387481689,348.68194580078125,1.8291175365447998e-06,-0.0011533834040164948,-0.0011552564101293683,3.4521870613098145,-0.00018328055739402771,-0.021907910704612732,2.5786838531494141,-0.00012512801913544536,-0.0086908116936683655,-1.4383113011717796e-07,1,0.76884347200393677,-0.021724630147218704,-0.0085656838491559029,-0.0064356108196079731,1.2007491588592529,0,0,0,1,0,0,0,0,0,1,0,0.6401941180229187,0.99953889846801758,348.38992309570312,-1.9371509552001953e-05,-0.0043533891439437866,-0.0043338770046830177,0.31220859289169312,0,-0.012071778066456318,-0.07740435004234314,-0.059290625154972076,0,-15.373929977416992,0,0.04853159561753273,0.03783203661441803,263.50416663044598,-0.015297442674636841,-0.011568714864552021,267.78173828125,263.868408203125,8.957066535949707,4.4094009399414062,0.88761115074157715,0.090464144945144653
21600,236.19176991791278,1,0.30212211608886719,193.75,8.6789274215698242,0.20298495888710022,1,164.12202453613281,1,35.710235595703125,9.3150157928466797,224.38218142201714,0.011960417032241821,0.0091582247987389565,-0.00042006903095170856,1.3223112821578979,-0.095926806330680847,-0.072544798254966736,-0.073252759873867035,-0.055397514253854752,2.9274020195007324,-0.00014937564264982939,-0.0063151116482913494,2.2248578071594238,-0.0001082166563719511,-0.0022501414641737938,-1.0913936421275139e-09,1,0.93526846170425415,-0.0061657368205487728,-0.0021419255062937737,-0.0020515564829111099,1.4537100791931152,0,0,0,1,0,0,0,0,0,1,0,0.91828054189682007,1.4273926019668579,348.67333984375,5.2601099014282227e-06,-0.00096199661493301392,-0.00096741737797856331,3.4292707443237305,-0.00016403530025854707,-0.019629288464784622,2.5612006187438965,-0.00013275007950142026,-0.0077584795653820038,-1.4452962204813957e-07,1,0.79121482372283936,-0.019465252757072449,-0.0076257297769188881,-0.0057853693142533302,1.2299423217773438,0,0,0,1,0,0,0,0,0,1,0,0.66431629657745361,1.0328824520111084,348.38104248046875,-1.0229647159576416e-05,-0.0040100365877151489,-0.0039996141567826271,0.31077983975410461,0,-0.011950943619012833,-0.076723687350749969,-0.058701548725366592,0,-14.994501113891602,0,0.050608709454536438,0.038542214781045914,263.49999996367842,-0.014919901266694069,-0.011283199302852154,267.78189086914062,263.86334228515625,9.0291881561279297,4.4432220458984375,0.93390357494354248,0.070679172873497009
21660,206.4869546315162,1,0.29942291975021362,181.25,8.6798515319824219,0.27491492033004761,1,161.43684387207031,1,33.637290954589844,9.2448978424072266,196.16260689994039,0.01223740354180336,0.0093156453222036362,-0.00041571192559786141,1.3223112821578979,-0.094103306531906128,-0.071165777742862701,-0.072102807462215424,-0.05452786386013031,2.9110829830169678,-0.00016718998085707426,-0.0054794717580080032,2.2117850780487061,-0.00011916462972294539,-0.001939411973580718,-1.3242242857813835e-09,1,0.9437565803527832,-0.0053122830577194691,-0.0018202485516667366,-0.0017879556398838758,1.4581830501556396,0,0,0,1,0,0,0,0,0,1,0,0.92798531055450439,1.4339430332183838,348.665283203125,1.2498348951339722e-06,-0.00084122829139232635,-0.0008426677668467164,3.4124979972839355,-0.0001835403818404302,-0.018465012311935425,2.5439467430114746,-0.00015012810763437301,-0.0068450705148279667,-1.4489341992884874e-07,1,0.80470901727676392,-0.018281467258930206,-0.0066949413157999516,-0.0058011431246995926,1.2434263229370117,0,0,0,1,0,0,0,0,0,1,0,0.67259573936462402,1.0395452976226807,348.37335205078125,-2.3789703845977783e-05,-0.0038818754255771637,-0.0038579544052481651,0.3089447021484375,0,-0.011816304177045822,-0.07581794261932373,-0.058008879423141479,0,-14.838973045349121,0,0.051810059696435928,0.03921806812286377,263.49583329691086,-0.014765147119760513,-0.011166165582835674,267.7823486328125,263.866455078125,8.9534673690795898,4.4910640716552734,0.77657151222229004,0.068836256861686707
21720,223.52608049088892,1,0.29826909303665161,181.25,8.6359643936157227,0.26985746622085571,1,159.59559631347656,1,33.879680633544922,9.2842597961425781,212.34977646634445,0.011867959052324295,0.0094012636691331863,-0.00041566541767679155,1.3223112821578979,-0.093422666192054749,-0.070651039481163025,-0.071491718292236328,-0.054065726697444916,2.8965346813201904,-0.00020453729666769505,-0.0048925681039690971,2.1985421180725098,-0.00013878576282877475,-0.0018332984764128923,-5.3842086344957352e-10,1,0.94929307699203491,-0.0046880310401320457,-0.0016945134848356247,-0.0015063358005136251,1.4580042362213135,0,0,0,1,0,0,0,0,0,1,0,0.93638396263122559,1.4382414817810059,348.65802001953125,-8.9183449745178223e-06,-0.0007464773952960968,-0.00073761818930506706,3.401054859161377,-0.00022260460536926985,-0.017182763665914536,2.5273237228393555,-0.00013175507774576545,-0.0061024515889585018,-1.4572287909686565e-07,1,0.81846487522125244,-0.016960158944129944,-0.0059706959873437881,-0.0055700573138892651,1.2570605278015137,0,0,0,1,0,0,0,0,0,1,0,0.68506693840026855,1.0521659851074219,348.36676025390625,-3.8444995880126953e-05,-0.0037187933921813965,-0.0036801733076572418,0.30712610483169556,0,-0.011697971262037754,-0.074922218918800354,-0.057335622608661652,0,-14.837312698364258,0,0.050208039581775665,0.039583653211593628,263.4916666301433,-0.014763494953513145,-0.011164916679263115,267.78280639648438,263.864990234375,8.8563938140869141,4.3702154159545898,0.76939994096755981,0.063826687633991241
21780,123.47282136892386,1,0.29746389389038086,193.75,8.6406259536743164,0.20474618673324585,1,158.287109375,1,32.377799987792969,9.184229850769043,117.29918030047766,0.012243818491697311,0.0094598717987537384,-0.00041571649489924312,1.3223112821578979,-0.093006618320941925,-0.070336401462554932,-0.070991560816764832,-0.053687479346990585,2.8837718963623047,-0.00022878509480506182,-0.0044396431185305119,2.186007022857666,-0.0001419131294824183,-0.0016899270704016089,-4.6566128730773926e-10,1,0.95393192768096924,-0.0042108586058020592,-0.0015480146976187825,-0.001330274622887373,1.4569833278656006,0,0,0,1,0,0,0,0,0,1,0,0.94430005550384521,1.442396879196167,348.65130615234375,-1.7348676919937134e-05,-0.00065794587135314941,-0.00064068369101732969,3.3920896053314209,-0.00035243784077465534,-0.016163643449544907,2.5127372741699219,-0.00014373695012181997,-0.0058537684381008148,-1.4560646377503872e-07,1,0.82832252979278564,-0.01581120491027832,-0.0057100323028862476,-0.0050754724070429802,1.2649919986724854,0,0,0,1,0,0,0,0,0,1,0,0.71005749702453613,1.0844643115997314,348.36038208007812,-6.88210129737854e-05,-0.0034306943416595459,-0.0033616796135902405,0.30544611811637878,0,-0.011601142585277557,-0.074112832546234131,-0.056703843176364899,0,-14.839136123657227,0,0.05183790996670723,0.039833523333072662,263.48749996337574,-0.014765309169888496,-0.011166288517415524,267.78253173828125,263.86105346679688,8.8357124328613281,4.2253575325012207,0.81858646869659424,0.059935122728347778
21840,176.57456898505248,1,0.29800093173980713,193.75,8.6572771072387695,0.2068854421377182,1,158.01173400878906,1,29.828916549682617,9.081385612487793,167.74584053579986,0.012029979377985001,0.0094856694340705872,-0.00041870053973980248,1.3223112821578979,-0.09351474791765213,-0.070720672607421875,-0.071022197604179382,-0.053710650652647018,2.8745379447937012,-0.00016801149467937648,-0.0043400228023529053,2.1758308410644531,-9.9611526820808649e-05,-0.0015059482539072633,-3.637978807091713e-10,1,0.9549332857131958,-0.004172010812908411,-0.0014063369017094374,-0.0014175686519593,1.4516208171844482,0,0,0,1,0,0,0,0,0,1,0,0.94257456064224243,1.4329392910003662,348.64508056640625,-7.8082084655761719e-06,-0.00066724792122840881,-0.00065950758289545774,3.3858499526977539,-0.00038074739859439433,-0.016410775482654572,2.5025811195373535,-0.00013990889419801533,-0.0060042338445782661,-1.4540273696184158e-07,1,0.82419466972351074,-0.016030028462409973,-0.0058643259108066559,-0.0050804996863007545,1.2525522708892822,0,0,0,1,0,0,0,0,0,1,0,0.70180106163024902,1.0667195320129395,348.3538818359375,-9.3778595328330994e-05,-0.0035324897617101669,-0.0034386813640594482,0.30402839183807373,0,-0.011528048664331436,-0.073452010750770569,-0.056149497628211975,0,-14.945652008056641,0,0.050910301506519318,0.039944358170032501,263.48333329660818,-0.014871295541524887,-0.011246440932154655,267.7821044921875,263.85723876953125,8.8719234466552734,4.2682809829711914,0.72025775909423828,0.054208099842071533
21900,156.92441028541634,1,0.29919284582138062,193.75,8.6612987518310547,0.20516820251941681,1,158.00978088378906,1,27.955110549926758,9.1333646774291992,149.07818977114553,0.012753926217556,0.0095151327550411224,-0.00042374996701255441,1.3223112821578979,-0.094319738447666168,-0.071329452097415924,-0.071518421173095703,-0.054085917770862579,2.8691413402557373,-9.1134017566218972e-05,-0.0043544387444853783,2.16866135597229,-6.069522351026535e-05,-0.001515047624707222,3.0559021979570389e-10,1,0.95384895801544189,-0.0042633051052689552,-0.0014543532161042094,-0.0014309270773082972,1.4450948238372803,0,0,0,1,0,0,0,0,0,1,0,0.93551534414291382,1.4170852899551392,348.63970947265625,5.5879354476928711e-07,-0.00074764713644981384,-0.00074832991231232882,3.3823127746582031,-0.00036742520751431584,-0.016580890864133835,2.4955136775970459,-0.00019163319666404277,-0.0063574141822755337,-1.4559191185981035e-07,1,0.81985229253768921,-0.016213467344641685,-0.0061657819896936417,-0.0049363588914275169,1.2416431903839111,0,0,0,1,0,0,0,0,0,1,0,0.68304085731506348,1.033933162689209,348.3482666015625,-0.00011057406663894653,-0.0037706382572650909,-0.003660010639578104,0.30305743217468262,0,-0.01149065513163805,-0.073022782802581787,-0.055744893848896027,0,-15.125893592834473,0,0.054054141044616699,0.040073484182357788,263.47916662984062,-0.01505064032971859,-0.011382070370018482,267.7803955078125,263.85455322265625,8.801121711730957,4.4784865379333496,0.65990066528320312,0.052374366670846939
21960,192.39143439582671,1,0.29857447743415833,181.25,8.6885194778442383,0.26771238446235657,1,157.39637756347656,1,25.754325866699219,9.1642084121704102,182.77186267603537,0.0121107567101717,0.0095372237265110016,-0.00042276913882233202,1.3223112821578979,-0.093791976571083069,-0.070930331945419312,-0.071405112743377686,-0.054000228643417358,2.8642826080322266,-8.1290927482768893e-05,-0.0038920820225030184,2.163121223449707,-5.4866803111508489e-05,-0.0014142114669084549,7.2031980380415916e-10,1,0.95831912755966187,-0.0038107912987470627,-0.001359345274977386,-0.0012290054000914097,1.4482495784759521,0,0,0,1,0,0,0,0,0,1,0,0.93834370374679565,1.4175794124603271,348.63446044921875,-2.9429793357849121e-06,-0.00072343647480010986,-0.00072056974750012159,3.3766779899597168,-0.00028223110712133348,-0.015465057455003262,2.490189790725708,-0.00015866206376813352,-0.0062640453688800335,-1.4714896678924561e-07,1,0.82824766635894775,-0.015182828530669212,-0.0061053838580846786,-0.0043504033237695694,1.2513866424560547,0,0,0,1,0,0,0,0,0,1,0,0.69505071640014648,1.0493425130844116,348.342041015625,-0.00010656192898750305,-0.0036277174949645996,-0.0035209974739700556,0.30232211947441101,0,-0.011472079902887344,-0.072697088122367859,-0.055445939302444458,0,-15.090882301330566,0,0.051260605454444885,0.040166899561882019,263.47499996307306,-0.015015803277492523,-0.01135572511702776,267.7796630859375,263.8409423828125,8.8049259185791016,4.6452951431274414,0.67016518115997314,0.04422445222735405
22020,166.02404792911724,1,0.29608440399169922,181.25,8.7156543731689453,0.27050861716270447,1,156.4371337890625,1,22.620674133300781,9.0773382186889648,157.72284553266138,0.011954084970057011,0.0095796780660748482,-0.00041480764048174024,1.3223112821578979,-0.092031672596931458,-0.069599099457263947,-0.070484161376953125,-0.053303759545087814,2.8560831546783447,-4.4282132876105607e-05,-0.0029640952125191689,2.1575589179992676,-2.045690780505538e-05,-0.0010134498588740826,1.204170985147357e-09,1,0.9680173397064209,-0.0029198136180639267,-0.00099299347493797541,-0.00097944890148937702,1.4587972164154053,0,0,0,1,0,0,0,0,0,1,0,0.95040106773376465,1.4321062564849854,348.62823486328125,2.969987690448761e-06,-0.00056887324899435043,-0.00057181925512850285,3.3660311698913574,-0.00010354666301282123,-0.01342708058655262,2.4838051795959473,-1.9423627236392349e-05,-0.0056862374767661095,-1.4825127436779439e-07,1,0.84563708305358887,-0.013323535211384296,-0.0056668142788112164,-0.0035714725963771343,1.2744631767272949,0,0,0,1,0,0,0,0,0,1,0,0.72426605224609375,1.0914624929428101,348.33441162109375,-7.1983784437179565e-05,-0.0032280189916491508,-0.003155875951051712,0.30142864584922791,0,-0.011432663537561893,-0.072260379791259766,-0.055126622319221497,0,-14.806694984436035,0,0.050581268966197968,0.040348514914512634,263.4708332963055,-0.014733029529452324,-0.011141876690089703,267.7799072265625,263.82595825195312,8.7705249786376953,4.1628742218017578,0.62472939491271973,0.038503680378198624
22080,156.7871679611485,1,0.29298844933509827,181.25,8.7156572341918945,0.26987132430076599,1,155.16252136230469,1,19.798599243164062,9.2181072235107422,148.94780956309106,0.011551364324986935,0.0096181128174066544,-0.00040523285861127079,1.3223112821578979,-0.089925035834312439,-0.068005949258804321,-0.069267913699150085,-0.052383970469236374,2.8437342643737793,-1.9891609554179013e-05,-0.001885332865640521,2.1508805751800537,-7.2663751780055463e-06,-0.00043700673268176615,4.4019543565809727e-10,1,0.98056334257125854,-0.0018654409795999527,-0.00042974125244654715,-0.00078766362275928259,1.4717903137207031,0,0,0,1,0,0,0,0,0,1,0,0.96847987174987793,1.4537781476974487,348.62091064453125,3.2437965273857117e-06,-0.00035157520323991776,-0.0003548878594301641,3.3510575294494629,6.039103027433157e-06,-0.011164369061589241,2.47674560546875,2.2964828531257808e-05,-0.0045697037130594254,-1.4842953532934189e-07,1,0.87009716033935547,-0.011170409619808197,-0.0045926691964268684,-0.0031196447089314461,1.3062372207641602,0,0,0,1,0,0,0,0,0,1,0,0.76040881872177124,1.1418232917785645,348.32611083984375,-4.3826177716255188e-05,-0.0027563925832509995,-0.002712491899728775,0.3001825213432312,0,-0.011355018243193626,-0.071624964475631714,-0.054707441478967667,0,-14.464920043945312,0,0.048837181180715561,0.040510512888431549,263.46666662953794,-0.014392955228686333,-0.010884694755077362,267.77999877929688,263.824462890625,8.8743209838867188,4.1522374153137207,0.5871882438659668,0.03256998211145401
22140,212.82997575224434,1,0.29076823592185974,181.25,8.7201824188232422,0.26953324675559998,1,153.89082336425781,1,19.694147109985352,9.1036005020141602,202.18847696463212,0.01319474820047617,0.0096953306347131729,-0.00039936331450007856,1.3223112821578979,-0.088405437767505646,-0.066856749355792999,-0.068431735038757324,-0.051751606166362762,2.8281846046447754,-7.0410569605883211e-05,-0.0011207221541553736,2.1427407264709473,-6.6710737883113325e-05,-0.00010351507808081806,7.2395778261125088e-10,1,0.99025070667266846,-0.0010503113735467196,-3.6805002309847623e-05,-0.00060969626065343618,1.4788485765457153,0,0,0,1,0,0,0,0,0,1,0,0.97904479503631592,1.4622737169265747,348.6129150390625,-1.4748424291610718e-05,-0.0002451036125421524,-0.00023043088731355965,3.3337244987487793,-8.6335872765630484e-05,-0.0094842258840799332,2.4668958187103271,-0.0001144908310379833,-0.0036554546095430851,-1.4813849702477455e-07,1,0.89179420471191406,-0.0093978913500905037,-0.0035409657284617424,-0.002895573154091835,1.3320088386535645,0,0,0,1,0,0,0,0,0,1,0,0.78526324033737183,1.1730711460113525,348.31756591796875,-7.2143971920013428e-05,-0.002480044960975647,-0.0024078399874269962,0.29866272211074829,0,-0.01125189196318388,-0.070845931768417358,-0.054216891527175903,0,-14.255403518676758,0,0.055973265320062637,0.040842615067958832,263.46249996277038,-0.014184481464326382,-0.010727036744356155,267.78012084960938,263.82925415039062,8.8395652770996094,4.2734994888305664,0.63180959224700928,0.035225614905357361
22200,162.31270484624713,1,0.29081758856773376,181.25,8.7421531677246094,0.27047184109687805,1,153.20097351074219,1,20.000082015991211,9.0892238616943359,154.19706960393478,0.013280953280627728,0.0097511187195777893,-0.00040136591996997595,1.3223112821578979,-0.088404498994350433,-0.066856041550636292,-0.068494945764541626,-0.051799412816762924,2.8139419555664062,-0.0001378596352878958,-0.0010781760793179274,2.1348211765289307,-0.00011180401634192094,-0.00022234716743696481,-8.0035533756017685e-11,1,0.99074983596801758,-0.00094031618209555745,-0.00011054350761696696,-0.00048587034689262509,1.4724037647247314,0,0,0,1,0,0,0,0,0,1,0,0.97143024206161499,1.4437131881713867,348.60549926757812,-2.760719507932663e-05,-0.00034428108483552933,-0.00031673506600782275,3.3185651302337646,-0.00024014667724259198,-0.0094514358788728714,2.4563345909118652,-0.00020495439821388572,-0.0037230635061860085,-1.4734541764482856e-07,1,0.89303857088088989,-0.0092112906277179718,-0.0035181101411581039,-0.0028161855880171061,1.3271580934524536,0,0,0,1,0,0,0,0,0,1,0,0.76880443096160889,1.1424274444580078,348.30963134765625,-9.9210068583488464e-05,-0.0026803985238075256,-0.0025811325758695602,0.29722487926483154,0,-0.011159785091876984,-0.070109099149703979,-0.053768288344144821,0,-14.326887130737305,0,0.056348986923694611,0.041084185242652893,263.45833329600282,-0.01425560936331749,-0.010780827142298222,267.77951049804688,263.82638549804688,8.7893838882446289,4.1275911331176758,0.65397095680236816,0.039831817150115967
22260,161.52236283752021,1,0.29099592566490173,181.25,8.7700347900390625,0.27134072780609131,1,152.70730590820312,1,18.087078094482422,9.0835704803466797,153.4462446956442,0.0127968555316329,0.0097849797457456589,-0.00040340470150113106,1.3223112821578979,-0.088532119989395142,-0.066952556371688843,-0.068554222583770752,-0.051844239234924316,2.8023853302001953,-0.00014861425734125078,-0.0012125170323997736,2.1284685134887695,-0.00010601681424304843,-0.00044793158303946257,-3.2741809263825417e-10,1,0.98795944452285767,-0.0010639030952006578,-0.00034191517625004053,-0.00037769289338029921,1.4626879692077637,0,0,0,1,0,0,0,0,0,1,0,0.96186602115631104,1.4239027500152588,348.59906005859375,-2.2411346435546875e-05,-0.00044667534530162811,-0.00042430730536580086,3.3045938014984131,-0.00029499898664653301,-0.0097021777182817459,2.4476261138916016,-0.00018779550737235695,-0.0040689124725759029,-1.4792021829634905e-07,1,0.88778412342071533,-0.0094071803614497185,-0.0038811187259852886,-0.0026534434873610735,1.314471960067749,0,0,0,1,0,0,0,0,0,1,0,0.74255895614624023,1.0993192195892334,348.30239868164062,-0.0001011677086353302,-0.0029590055346488953,-0.0028578378260135651,0.2960972785949707,0,-0.01109766960144043,-0.069534972310066223,-0.053419947624206543,0,-14.399662017822266,0,0.054240874946117401,0.041231431066989899,263.45416662923526,-0.014328021556138992,-0.010835588909685612,267.77835083007812,263.8162841796875,8.8355484008789062,4.2140908241271973,0.69262373447418213,0.035619448870420456
22320,159.08089678782093,1,0.29056113958358765,181.25,8.7802915573120117,0.2714676558971405,1,152.04611206054688,1,16.558210372924805,9.1068754196166992,151.12685194842987,0.011947403661906719,0.0097803631797432899,-0.00040334556251764297,1.3223112821578979,-0.088287577033042908,-0.066767618060112,-0.068323925137519836,-0.051670078188180923,2.7925434112548828,-0.0001145150454249233,-0.0012622433714568615,2.1235644817352295,-6.6467757278587669e-05,-0.00049336196389049292,-3.7834979593753815e-10,1,0.98648285865783691,-0.0011477286461740732,-0.00042689451947808266,-0.00036077224649488926,1.4558224678039551,0,0,0,1,0,0,0,0,0,1,0,0.96218454837799072,1.419727087020874,348.59323120117188,-1.3967975974082947e-05,-0.00043383985757827759,-0.00041985750431194901,3.2911725044250488,-0.00030149455415084958,-0.0099051278084516525,2.4406235218048096,-0.00016746192704886198,-0.0043262941762804985,-1.491716830059886e-07,1,0.88308882713317871,-0.0096036335453391075,-0.0041588335298001766,-0.0025555822066962719,1.3034849166870117,0,0,0,1,0,0,0,0,0,1,0,0.73309743404388428,1.0819840431213379,348.29583740234375,-0.00010044872760772705,-0.003048386424779892,-0.0029479498043656349,0.29514265060424805,0,-0.01105090044438839,-0.069053016602993011,-0.05311991274356842,0,-14.397550582885742,0,0.050552338361740112,0.041207484900951385,263.4499999624677,-0.014325921423733234,-0.010834001004695892,267.77725219726562,263.80419921875,8.8520488739013672,4.1396274566650391,0.54671347141265869,0.030295385047793388
22380,149.83780618892411,1,0.28979852795600891,181.25,8.7789955139160156,0.26986178755760193,1,151.66706848144531,1,16.546424865722656,9.2743234634399414,142.3459158794779,0.011395205743610859,0.0097990157082676888,-0.0004011781420558691,1.3223112821578979,-0.087764658033847809,-0.066372163593769073,-0.068043321371078491,-0.051457870751619339,2.7823686599731445,-9.7842137620318681e-05,-0.0013293151278048754,2.1194455623626709,-5.2514587878249586e-05,-0.00045350135769695044,-7.021299097687006e-10,1,0.9858253002166748,-0.001231473172083497,-0.00040098675526678562,-0.00043209875002503395,1.4504507780075073,0,0,0,1,0,0,0,0,0,1,0,0.96559107303619385,1.4203777313232422,348.58709716796875,-8.9453533291816711e-06,-0.00039031915366649628,-0.00038130200118757784,3.2744979858398438,-0.00024855934316292405,-0.0097647923976182938,2.4345974922180176,-0.0001302332675550133,-0.0045695491135120392,-1.5003388398326933e-07,1,0.88119977712631226,-0.0095162335783243179,-0.0044393171556293964,-0.0022845456842333078,1.2967894077301025,0,0,0,1,0,0,0,0,0,1,0,0.74233472347259521,1.0922667980194092,348.288818359375,-8.0886296927928925e-05,-0.0029143467545509338,-0.002833482576534152,0.29425084590911865,0,-0.011006663553416729,-0.068605117499828339,-0.05283655971288681,0,-14.320183753967285,0,0.048161681741476059,0.041286598891019821,263.44583329570014,-0.014248939231038094,-0.010775783099234104,267.77667236328125,263.79766845703125,8.902130126953125,4.1097478866577148,0.62795740365982056,0.041393216699361801
22440,187.75049501200138,1,0.28877717256546021,181.25,8.7840499877929688,0.2703251838684082,1,151.03857421875,1,18.170099258422852,9.2396516799926758,178.3629702614013,0.011871957220137119,0.0098609589040279388,-0.00039860312244854867,1.3223112821578979,-0.08694148063659668,-0.065749630331993103,-0.067828968167304993,-0.051295764744281769,2.7709977626800537,-7.8664503234904259e-05,-0.0013621924445033073,2.1161065101623535,-4.7476612962782383e-05,-0.00044075629557482898,-7.6033757068216801e-10,1,0.98538994789123535,-0.0012835280504077673,-0.00039327971171587706,-0.00047246925532817841,1.4453330039978027,0,0,0,1,0,0,0,0,0,1,0,0.96677649021148682,1.417731761932373,348.5806884765625,-7.0948153734207153e-06,-0.00037460029125213623,-0.00036739592906087637,3.258368968963623,-0.0001693922677077353,-0.0095999576151371002,2.4309403896331787,-9.7030890174210072e-05,-0.0045958911068737507,-1.5037949196994305e-07,1,0.88106310367584229,-0.0094305658712983131,-0.0044988617300987244,-0.0021985997445881367,1.2924931049346924,0,0,0,1,0,0,0,0,0,1,0,0.74125254154205322,1.0871841907501221,348.28204345703125,-8.0227851867675781e-05,-0.002915307879447937,-0.0028351140208542347,0.29335105419158936,0,-0.010957859456539154,-0.068140819668769836,-0.052569493651390076,0,-14.228268623352051,0,0.050225347280502319,0.041553553193807602,263.44166662893258,-0.014157481491565704,-0.010706617496907711,267.7769775390625,263.80123901367188,8.8483667373657227,4.2033119201660156,0.71420317888259888,0.04331468790769577
22500,165.36531012017772,1,0.28832197189331055,181.25,8.8055000305175781,0.2695954442024231,1,150.62493896484375,1,19.140237808227539,9.1491994857788086,157.09704461416882,0.01372975017875433,0.0099240895360708237,-0.00039781062514521182,1.3223112821578979,-0.086496517062187195,-0.065413124859333038,-0.067834004759788513,-0.051299571990966797,2.7602341175079346,-4.7466804971918464e-05,-0.0013518094783648849,2.1137778759002686,-2.720578049775213e-05,-0.00045541004510596395,-1.076841726899147e-09,1,0.9849092960357666,-0.0013043426442891359,-0.0004282045119907707,-0.00045796198537573218,1.4402508735656738,0,0,0,1,0,0,0,0,0,1,0,0.96824914216995239,1.4157387018203735,348.5745849609375,1.6614794731140137e-06,-0.00034613907337188721,-0.00034773437073454261,3.2469921112060547,-0.00011502834968268871,-0.0096892621368169785,2.4288272857666016,-4.921754589304328e-05,-0.0046612154692411423,-1.5043769963085651e-07,1,0.8784257173538208,-0.0095742354169487953,-0.0046119983308017254,-0.0022045644000172615,1.2845969200134277,0,0,0,1,0,0,0,0,0,1,0,0.73912471532821655,1.08083176612854,348.27609252929688,-6.7055225372314453e-05,-0.002912469208240509,-0.002845435868948698,0.29246950149536133,0,-0.010909466072916985,-0.067668244242668152,-0.052334725856781006,0,-14.199979782104492,0,0.058307312428951263,0.041827529668807983,263.43749996216502,-0.014129333198070526,-0.010685330256819725,267.777099609375,263.80755615234375,8.8503532409667969,4.2993083000183105,0.67963212728500366,0.050234250724315643
22560,177.44390871767831,1,0.28984352946281433,181.25,8.8278408050537109,0.26621907949447632,1,151.68853759765625,1,18.745351791381836,9.1165075302124023,168.57171328179439,0.012809291481971741,0.009884929284453392,-0.0004013082361780107,1.3223112821578979,-0.087290398776531219,-0.066013500094413757,-0.068706467747688293,-0.051959376782178879,2.7526760101318359,-7.6213094871491194e-05,-0.0017163597512990236,2.113762378692627,-5.3883035434409976e-05,-0.00083792721852660179,-2.0372681319713593e-10,1,0.97925746440887451,-0.0016401471802964807,-0.0007840443286113441,-0.00038218853296712041,1.4287691116333008,0,0,0,1,0,0,0,0,0,1,0,0.96249628067016602,1.4042806625366211,348.56887817382812,3.598630428314209e-06,-0.00040415674448013306,-0.00040776585228741169,3.2401533126831055,-0.00028847996145486832,-0.010789297521114349,2.427978515625,-0.00018672208534553647,-0.0058170724660158157,-1.4982651919126511e-07,1,0.86248648166656494,-0.010500818490982056,-0.0056303502060472965,-0.0019788534846156836,1.2581639289855957,0,0,0,1,0,0,0,0,0,1,0,0.73197901248931885,1.0679219961166382,348.26998901367188,-6.8582594394683838e-05,-0.0029821768403053284,-0.0029136438388377428,0.29182794690132141,0,-0.010875840671360493,-0.067298121750354767,-0.052197989076375961,0,-14.324828147888184,0,0.054294966161251068,0.041661523282527924,263.43333329539746,-0.014253560453653336,-0.010779277421534061,267.77621459960938,263.79702758789062,8.9200115203857422,4.3987627029418945,0.73072874546051025,0.047013983130455017
22620,190.13133252564873,1,0.29142314195632935,181.25,8.8424367904663086,0.26338422298431396,1,153.00772094726562,1,18.414520263671875,9.0638246536254883,180.62476589936628,0.012720614671707153,0.0098333209753036499,-0.00040438844007439911,1.3223112821578979,-0.088244423270225525,-0.066734984517097473,-0.069457389414310455,-0.052527260035276413,2.7481625080108643,-0.00017012294847518206,-0.0023568856995552778,2.1157307624816895,-0.00012774491915479302,-0.0013515951577574015,-3.7834979593753815e-10,1,0.97125500440597534,-0.0021867631003260612,-0.001223850529640913,-0.00037123513175174594,1.4160130023956299,0,0,0,1,0,0,0,0,0,1,0,0.95480501651763916,1.3918724060058594,348.563232421875,-6.4224004745483398e-06,-0.00050125271081924438,-0.0004948677378706634,3.2335491180419922,-0.0004164970014244318,-0.011883238330483437,2.4270782470703125,-0.00028231879696249962,-0.0067896144464612007,-1.5005934983491898e-07,1,0.84746158123016357,-0.011466742493212223,-0.0065072965808212757,-0.0018887309124693274,1.2351820468902588,0,0,0,1,0,0,0,0,0,1,0,0.71709394454956055,1.0450727939605713,348.2635498046875,-7.9885125160217285e-05,-0.0031593441963195801,-0.0030794451013207436,0.29164624214172363,0,-0.010868191719055176,-0.067148953676223755,-0.052221916615962982,0,-14.43477725982666,0,0.05390925332903862,0.041441291570663452,263.4291666286299,-0.014362962916493416,-0.010862013325095177,267.77444458007812,263.7913818359375,8.8230171203613281,4.2501568794250488,0.70076483488082886,0.047395110130310059
22680,174.81092436124291,1,0.29098233580589294,181.25,8.8540782928466797,0.26376253366470337,1,152.582763671875,1,19.02430534362793,9.0947141647338867,166.07037814318076,0.012509034015238285,0.0098511707037687302,-0.0004036773752886802,1.3223112821578979,-0.087986506521701813,-0.066539935767650604,-0.069236189126968384,-0.052359975874423981,2.7442207336425781,-0.00015352312766481191,-0.0026668854989111423,2.1170330047607422,-0.00011230603558942676,-0.0015375118236988783,5.0931703299283981e-11,1,0.96670937538146973,-0.0025133625604212284,-0.001425205497071147,-0.0004150389286223799,1.4090533256530762,0,0,0,1,0,0,0,0,0,1,0,0.94933998584747314,1.383635401725769,348.55767822265625,-4.1779130697250366e-06,-0.00055851228535175323,-0.00055432447697967291,3.228853702545166,-0.00031406513880938292,-0.012234041467308998,2.4259076118469238,-0.00016863550990819931,-0.0067883492447435856,-1.4985562302172184e-07,1,0.84186077117919922,-0.011919977143406868,-0.0066197142004966736,-0.0020927712321281433,1.2270642518997192,0,0,0,1,0,0,0,0,0,1,0,0.7055199146270752,1.0283869504928589,348.25750732421875,-7.5556337833404541e-05,-0.0032774433493614197,-0.003201980609446764,0.29157334566116333,0,-0.010866155847907066,-0.06706324964761734,-0.052269861102104187,0,-14.409396171569824,0,0.052989549934864044,0.041516736149787903,263.42499996186234,-0.014337707310914993,-0.010842913761734962,267.77401733398438,263.78948974609375,8.8474216461181641,4.2869901657104492,0.74254012107849121,0.055281281471252441
22740,172.9810832870412,1,0.28991389274597168,181.25,8.8667240142822266,0.26319423317909241,1,151.75991821289062,1,21.090093612670898,9.15350341796875,164.33202912268914,0.012362001463770866,0.0099178347736597061,-0.00040141170029528439,1.3223112821578979,-0.087397411465644836,-0.066094428300857544,-0.068657629191875458,-0.051922440528869629,2.7406735420227051,-0.00010157136421184987,-0.0027187508530914783,2.1161823272705078,-8.1820689956657588e-05,-0.0015036945696920156,-2.6557245291769505e-10,1,0.96534419059753418,-0.0026171801146119833,-0.0014218736905604601,-0.00048500541015528142,1.4063022136688232,0,0,0,1,0,0,0,0,0,1,0,0.94774472713470459,1.3808155059814453,348.55218505859375,-2.6868656277656555e-06,-0.0005681971088051796,-0.00056555878836661577,3.2266545295715332,-0.00021139252930879593,-0.012205612845718861,2.4235494136810303,-0.0001089827565010637,-0.0059808338992297649,-1.4913530321791768e-07,1,0.84560567140579224,-0.011994221247732639,-0.005871850997209549,-0.0027399617247283459,1.2321771383285522,0,0,0,1,0,0,0,0,0,1,0,0.70082950592041016,1.0217114686965942,348.2523193359375,-7.2037801146507263e-05,-0.0033120922744274139,-0.0032400800846517086,0.29135924577713013,0,-0.010856248438358307,-0.066926568746566772,-0.052243806421756744,0,-14.328520774841309,0,0.052350930869579315,0.04180387407541275,263.42083329509478,-0.014257234521210194,-0.010782056488096714,267.77297973632812,263.77944946289062,8.8484764099121094,4.6376981735229492,0.74658936262130737,0.049533672630786896
22800,153.49206279525686,1,0.28830808401107788,181.25,8.8717794418334961,0.2615056037902832,1,150.49130249023438,1,20.739173889160156,9.27923583984375,145.81745965549402,0.01366719976067543,0.0099730659276247025,-0.00039810632006265223,1.3223112821578979,-0.086484842002391815,-0.065404295921325684,-0.067831739783287048,-0.051297862082719803,2.7369651794433594,-6.821894203312695e-05,-0.0024269935674965382,2.1131987571716309,-5.9907426475547254e-05,-0.001391432830132544,-3.7834979593753815e-10,1,0.96808332204818726,-0.0023587753530591726,-0.0013315251562744379,-0.00039762750384397805,1.408515453338623,0,0,0,1,0,0,0,0,0,1,0,0.95338666439056396,1.3872799873352051,348.54669189453125,-3.5613775253295898e-06,-0.00050434470176696777,-0.00050075101898983121,3.2231161594390869,-0.00019115977920591831,-0.011436460539698601,2.4188704490661621,-0.00013408827362582088,-0.0052711935713887215,-1.496518962085247e-07,1,0.8573918342590332,-0.011245300993323326,-0.0051371054723858833,-0.0028624567203223705,1.2477023601531982,0,0,0,1,0,0,0,0,0,1,0,0.71648728847503662,1.0428949594497681,348.24713134765625,-7.8462064266204834e-05,-0.0031421631574630737,-0.0030637225136160851,0.29095697402954102,0,-0.010835390537977219,-0.066716909408569336,-0.052133411169052124,0,-14.210536003112793,0,0.058034148067235947,0.042039509862661362,263.41666662832722,-0.014139836654067039,-0.01069327350705862,267.7723388671875,263.78372192382812,8.9599037170410156,4.7453813552856445,0.81308448314666748,0.055497407913208008
22860,142.94512294202138,1,0.28652209043502808,181.25,8.8759183883666992,0.25822523236274719,1,149.07649230957031,1,21.558231353759766,9.2605075836181641,135.79786679492031,0.012666221708059311,0.010017728433012962,-0.00039446199662052095,1.3223112821578979,-0.085442692041397095,-0.064616173505783081,-0.066960707306861877,-0.050639141350984573,2.7308468818664551,-6.4988387748599052e-05,-0.0021248492412269115,2.1088595390319824,-7.3607356171123683e-05,-0.0011836430057883263,-1.5279510989785194e-10,1,0.97232067584991455,-0.0020598615519702435,-0.0011100356932729483,-0.00038918497739359736,1.4114501476287842,0,0,0,1,0,0,0,0,0,1,0,0.95736336708068848,1.3897857666015625,348.5406494140625,-3.1068921089172363e-06,-0.00045955181121826172,-0.00045645196223631501,3.215080738067627,-0.00019035779405385256,-0.010428683832287788,2.4144186973571777,-0.00023018778301775455,-0.0048896055668592453,-1.5049590729176998e-07,1,0.86972498893737793,-0.010238327085971832,-0.004659418947994709,-0.0026229927316308022,1.2626492977142334,0,0,0,1,0,0,0,0,0,1,0,0.7331613302230835,1.0644237995147705,348.2412109375,-7.2546303272247314e-05,-0.0029473081231117249,-0.002874893369153142,0.29028871655464172,0,-0.010799156501889229,-0.06639891117811203,-0.051910541951656342,0,-14.080450057983398,0,0.053672745823860168,0.042228654026985168,263.41249996155966,-0.014010397717356682,-0.010595384985208511,267.77212524414062,263.78036499023438,9.0119419097900391,4.4415063858032227,0.83027493953704834,0.059364631772041321
22920,195.31373614662414,1,0.28662943840026855,181.25,8.8861551284790039,0.25688481330871582,1,149.1446533203125,1,22.682796478271484,9.2267227172851562,185.54804933929293,0.012029116041958332,0.010018432512879372,-0.00039472503704018891,1.3223112821578979,-0.085414037108421326,-0.06459449976682663,-0.067129023373126984,-0.050766430795192719,2.7241911888122559,-0.00018050835933536291,-0.0022511484567075968,2.1056303977966309,-0.00016495872114319354,-0.0012636224273592234,-3.637978807091713e-11,1,0.97223234176635742,-0.0020706409122794867,-0.001098663080483675,-0.0004058803606312722,1.4078702926635742,0,0,0,1,0,0,0,0,0,1,0,0.95754605531692505,1.3865716457366943,348.53463745117188,-1.8890947103500366e-05,-0.00047285482287406921,-0.00045399993541650474,3.2064940929412842,-0.00042966322507709265,-0.011048924177885056,2.4125041961669922,-0.00045622454490512609,-0.0052216490730643272,-1.5011755749583244e-07,1,0.8648647665977478,-0.010619262233376503,-0.0047654253430664539,-0.0027767037972807884,1.2524926662445068,0,0,0,1,0,0,0,0,0,1,0,0.73167896270751953,1.0596758127212524,348.23544311523438,-9.772181510925293e-05,-0.0029781609773635864,-0.0028804768808186054,0.28958499431610107,0,-0.01076167169958353,-0.066061079502105713,-0.051681734621524811,0,-14.089838981628418,0,0.050906568765640259,0.042231939733028412,263.4083332947921,-0.014019740745425224,-0.010602450929582119,267.77175903320312,263.77679443359375,8.9765043258666992,4.6632919311523438,0.95085632801055908,0.069777637720108032
22980,161.81475195679184,1,0.28718218207359314,181.25,8.9040851593017578,0.25781244039535522,1,149.44825744628906,1,24.656974792480469,9.2432527542114258,153.72401435895225,0.012526107020676136,0.010039625689387321,-0.00039620653842575848,1.3223112821578979,-0.085727646946907043,-0.064831666648387909,-0.067408718168735504,-0.050977949053049088,2.7205619812011719,-0.000238122942391783,-0.002222841139882803,2.1042881011962891,-0.00020435897749848664,-0.0012634396553039551,4.0017766878008842e-10,1,0.97342616319656372,-0.0019847191870212555,-0.0010590802412480116,-0.00038662517908960581,1.40714430809021,0,0,0,1,0,0,0,0,0,1,0,0.95924472808837891,1.3866375684738159,348.52920532226562,-2.47955322265625e-05,-0.00046144053339958191,-0.0004366682842373848,3.2051653861999512,-0.00046994281001389027,-0.011905567720532417,2.412193775177002,-0.00046945101348683238,-0.0052919960580766201,-1.5100522432476282e-07,1,0.85667037963867188,-0.01143562700599432,-0.0048225456848740578,-0.0032440884970128536,1.2383501529693604,0,0,0,1,0,0,0,0,0,1,0,0.7225266695022583,1.0447254180908203,348.23046875,-9.5371156930923462e-05,-0.0030699595808982849,-0.0029746119398623705,0.28910553455352783,0,-0.010736662894487381,-0.065821319818496704,-0.051541559398174286,0,-14.142721176147461,0,0.053063742816448212,0.042326342314481735,263.40416662802454,-0.014072359539568424,-0.010642244480550289,267.77224731445312,263.76513671875,9.0028247833251953,4.8032684326171875,1.0103521347045898,0.070565029978752136
23040,163.43166143738523,1,0.28728729486465454,181.25,8.9139137268066406,0.25529396533966064,1,149.19473266601562,1,23.243595123291016,9.2104997634887695,155.26007836551597,0.013382071629166603,0.010026650503277779,-0.00039731571450829506,1.3223112821578979,-0.085839033126831055,-0.06491590291261673,-0.067396163940429688,-0.050968457013368607,2.7195215225219727,-0.00026554887881502509,-0.0019178171642124653,2.1032018661499023,-0.00020876474445685744,-0.0011554243974387646,-2.0372681319713593e-10,1,0.97727429866790771,-0.0016522689256817102,-0.00094665936194360256,-0.00027038328698836267,1.4110400676727295,0,0,0,1,0,0,0,0,0,1,0,0.96352475881576538,1.3912386894226074,348.52410888671875,-2.5928020477294922e-05,-0.00041541457176208496,-0.00038951789611019194,3.2121100425720215,-0.00052728340961039066,-0.011437889188528061,2.4114437103271484,-0.00044104689732193947,-0.0051577701233327389,-1.5011755749583244e-07,1,0.86180412769317627,-0.010910607874393463,-0.0047167246229946613,-0.0030048985499888659,1.2444503307342529,0,0,0,1,0,0,0,0,0,1,0,0.7303997278213501,1.0550918579101562,348.2264404296875,-9.6336007118225098e-05,-0.0029814243316650391,-0.002885068766772747,0.28875654935836792,0,-0.010722426697611809,-0.065648689866065979,-0.051438163965940475,0,-14.182313919067383,0,0.056789889931678772,0.042268421500921249,263.39999996125698,-0.014111755415797234,-0.010672037489712238,267.77200317382812,263.75961303710938,9.0166130065917969,4.4793028831481934,0.73230868577957153,0.066860571503639221
23100,170.2449487998706,1,0.2887861430644989,181.25,8.9300937652587891,0.2525947093963623,1,149.96055603027344,1,22.421899795532227,9.2790927886962891,161.73270135987707,0.014091945253312588,0.0099852140992879868,-0.00040150596760213375,1.3223112821578979,-0.086903110146522522,-0.065720617771148682,-0.067889228463172913,-0.051341336220502853,2.7215249538421631,-0.00029820878989994526,-0.0019867271184921265,2.1024832725524902,-0.00022053334396332502,-0.0012342107947915792,-2.9103830456733704e-10,1,0.97658747434616089,-0.0016885189106687903,-0.0010136773344129324,-0.00024290863075293601,1.4090907573699951,0,0,0,1,0,0,0,0,0,1,0,0.96242725849151611,1.388675332069397,348.51934814453125,-3.2827258110046387e-05,-0.00043605268001556396,-0.00040316209197044373,3.2227277755737305,-0.00062632071785628796,-0.011839837767183781,2.4105594158172607,-0.00047101965174078941,-0.0055532129481434822,-1.4936085790395737e-07,1,0.85636377334594727,-0.011213516816496849,-0.005082195159047842,-0.0029108920134603977,1.2356644868850708,0,0,0,1,0,0,0,0,0,1,0,0.72380328178405762,1.0448765754699707,348.22280883789062,-0.00011876225471496582,-0.0030742883682250977,-0.002955541480332613,0.2885858416557312,0,-0.010721301659941673,-0.065573222935199738,-0.051378212869167328,0,-14.331886291503906,0,0.059890560805797577,0.042091671377420425,263.39583329448942,-0.014260583557188511,-0.010784588754177094,267.77056884765625,263.75360107421875,9.0504856109619141,4.3450593948364258,0.89499086141586304,0.065605141222476959
23160,194.88913656700655,1,0.29183292388916016,181.25,8.9416160583496094,0.25193756818771362,1,151.76524353027344,1,25.7132568359375,9.2590303421020508,185.14467973865621,0.013245555572211742,0.0098753059282898903,-0.00040942139457911253,1.3223112821578979,-0.08905375748872757,-0.067347042262554169,-0.068934142589569092,-0.05213155597448349,2.7281098365783691,-0.0003816477837972343,-0.0027659630868583918,2.1037092208862305,-0.00027715368196368217,-0.0015521638561040163,3.2014213502407074e-10,1,0.96860909461975098,-0.0023843157105147839,-0.001275010290555656,-0.00046323766582645476,1.3987375497817993,0,0,0,1,0,0,0,0,0,1,0,0.95192909240722656,1.3748611211776733,348.51528930664062,-4.0821731090545654e-05,-0.00056007504463195801,-0.00051918532699346542,3.2316653728485107,-0.00084383762441575527,-0.0138528011739254,2.4107680320739746,-0.00060411193408071995,-0.0065074046142399311,-1.4825491234660149e-07,1,0.83452332019805908,-0.013008963316679001,-0.0059032943099737167,-0.0033562802709639072,1.2048158645629883,0,0,0,1,0,0,0,0,0,1,0,0.70033538341522217,1.0121595859527588,348.21884155273438,-0.00013877451419830322,-0.0033547729253768921,-0.0032158889807760715,0.28889483213424683,0,-0.01075325533747673,-0.065750516951084137,-0.051446195691823959,0,-14.61443042755127,0,0.05619468167424202,0.041620507836341858,263.39166662772186,-0.014541721902787685,-0.010997200384736061,267.76901245117188,263.7447509765625,8.9940338134765625,4.5928134918212891,0.73173785209655762,0.056880082935094833
23220,125.57631777919788,1,0.29436707496643066,181.25,8.951197624206543,0.25080177187919617,1,153.282958984375,1,27.247062683105469,9.3254213333129883,119.29750189023798,0.013856397941708565,0.0098127741366624832,-0.00041601961129345,1.3223112821578979,-0.090890496969223022,-0.068736083805561066,-0.069768868386745453,-0.052762817591428757,2.7381691932678223,-0.0005530965281650424,-0.0036067678593099117,2.1052606105804443,-0.00037433073157444596,-0.0020008578430861235,3.637978807091713e-11,1,0.96070718765258789,-0.0030536721460521221,-0.0016265275189653039,-0.00058905268087983131,1.390455961227417,0,0,0,1,0,0,0,0,0,1,0,0.94272959232330322,1.3643360137939453,348.511474609375,-6.6511332988739014e-05,-0.00069985538721084595,-0.00063330959528684616,3.242948055267334,-0.0012835466768592596,-0.01573500782251358,2.4115853309631348,-0.00082224962534382939,-0.0072611430659890175,-1.4781835488975048e-07,1,0.81967818737030029,-0.014451463706791401,-0.0064388960599899292,-0.0038011383730918169,1.1852531433105469,0,0,0,1,0,0,0,0,0,1,0,0.68317961692810059,0.98795533180236816,348.21527099609375,-0.00020081549882888794,-0.0036486964672803879,-0.0034477910958230495,0.28966617584228516,0,-0.010814974084496498,-0.06618209183216095,-0.05163281038403511,0,-14.849955558776855,0,0.058860629796981812,0.041353903710842133,263.3874999609543,-0.014776075258851051,-0.011174430139362812,267.7679443359375,263.7364501953125,8.9979953765869141,4.6218605041503906,0.71456056833267212,0.060520675033330917
23280,114.05680850772812,1,0.29541543126106262,181.25,8.9571752548217773,0.24977909028530121,1,153.73097229003906,1,26.116374969482422,9.263157844543457,108.35396808234171,0.012316661886870861,0.0097925877198576927,-0.00041925490950234234,1.3223112821578979,-0.091508030891418457,-0.069203093647956848,-0.07030709832906723,-0.053169853985309601,2.7490472793579102,-0.00055803603027015924,-0.0039111878722906113,2.1073620319366455,-0.00035977846710011363,-0.0023419167846441269,2.4738255888223648e-10,1,0.9561464786529541,-0.0033531533554196358,-0.001982138492166996,-0.00049138045869767666,1.3880090713500977,0,0,0,1,0,0,0,0,0,1,0,0.93752020597457886,1.3605055809020996,348.50775146484375,-7.2967261075973511e-05,-0.00077804643660783768,-0.00070502999005839229,3.2549889087677002,-0.0013675475493073463,-0.016184590756893158,2.4148492813110352,-0.00078142754500731826,-0.0077907745726406574,-1.4802208170294762e-07,1,0.81436479091644287,-0.014817044138908386,-0.0070093479007482529,-0.0035631495993584394,1.1806859970092773,0,0,0,1,0,0,0,0,0,1,0,0.68509781360626221,0.99207615852355957,348.21188354492188,-0.00022278353571891785,-0.0037019141018390656,-0.0034792972728610039,0.29061657190322876,0,-0.010890502482652664,-0.06670447438955307,-0.051883436739444733,0,-14.96544075012207,0,0.052154108881950378,0.041264411062002182,263.38333329418674,-0.014890985563397408,-0.011261331848800182,267.76837158203125,263.73565673828125,9.0319023132324219,4.4944725036621094,0.71320712566375732,0.05860346183180809
23340,175.24398050134323,1,0.29379060864448547,181.25,8.9639577865600586,0.24934802949428558,1,152.67094421386719,1,25.021919250488281,9.311161994934082,166.48178147627607,0.013865504413843155,0.0098602082580327988,-0.00041523823165334761,1.3223112821578979,-0.090448498725891113,-0.068401820957660675,-0.069608241319656372,-0.052641343325376511,2.7572746276855469,-0.00032707682112231851,-0.0033549126237630844,2.1092653274536133,-0.00022037577582523227,-0.0021754014305770397,9.4587448984384537e-10,1,0.95916366577148438,-0.0030278372578322887,-0.0019550246652215719,-0.00031664915150031447,1.3962714672088623,0,0,0,1,0,0,0,0,0,1,0,0.9368051290512085,1.3633027076721191,348.50360107421875,-4.567950963973999e-05,-0.00075807422399520874,-0.00071237934753298759,3.2654011249542236,-0.00088189274538308382,-0.014939744025468826,2.4186625480651855,-0.00048147194320335984,-0.007512975949794054,-1.4767283573746681e-07,1,0.82097464799880981,-0.014057853259146214,-0.0070315059274435043,-0.00307459756731987,1.1941888332366943,0,0,0,1,0,0,0,0,0,1,0,0.68944686651229858,1.0017337799072266,348.20785522460938,-0.0001759752631187439,-0.0036161765456199646,-0.0034403544850647449,0.29136130213737488,0,-0.010950434952974319,-0.06710457056760788,-0.052083123475313187,0,-14.822064399719238,0,0.058900430798530579,0.041557449847459793,263.37916662741918,-0.014748322777450085,-0.011153442785143852,267.76809692382812,263.731201171875,9.0491237640380859,4.504244327545166,0.66638624668121338,0.056657113134860992
23400,195.17114888034718,1,0.29173815250396729,181.25,8.9734954833984375,0.25040993094444275,1,151.30171203613281,1,24.119565963745117,9.3942394256591797,185.41259143632982,0.013727062381803989,0.0098981224000453949,-0.00041027573752216995,1.3223112821578979,-0.089099772274494171,-0.0673818439245224,-0.068755023181438446,-0.051996093243360519,2.7608642578125,-0.0001582714612595737,-0.002592665608972311,2.1097497940063477,-9.3286478659138083e-05,-0.0018550856038928032,1.076841726899147e-09,1,0.96534574031829834,-0.0024343943223357201,-0.0017617978155612946,-0.00010135456977877766,1.4069007635116577,0,0,0,1,0,0,0,0,0,1,0,0.94309371709823608,1.3741303682327271,348.4990234375,-2.6129186153411865e-05,-0.00066199153661727905,-0.00063583831069990993,3.2718298435211182,-0.00064287963323295116,-0.01327435951679945,2.4214410781860352,-0.00032967055449262261,-0.0071312375366687775,-1.4828401617705822e-07,1,0.83475774526596069,-0.012631481513381004,-0.006801568903028965,-0.0023703381884843111,1.2161417007446289,0,0,0,1,0,0,0,0,0,1,0,0.69208747148513794,1.0071961879730225,348.20367431640625,-0.00014945864677429199,-0.0035539343953132629,-0.0034045903012156487,0.29158443212509155,0,-0.010972604155540466,-0.067227423191070557,-0.052112586796283722,0,-14.644927024841309,0,0.058295581489801407,0.041718475520610809,263.37499996065162,-0.014572066254913807,-0.011020148172974586,267.76815795898438,263.73208618164062,9.1633291244506836,4.658604621887207,0.72128438949584961,0.068592295050621033
23460,144.39514991964521,1,0.29163649678230286,181.25,8.9791955947875977,0.2486293762922287,1,150.90969848632812,1,24.014936447143555,9.3041372299194336,137.17539242366294,0.012841206043958664,0.0098985079675912857,-0.00041091168532148004,1.3223112821578979,-0.088982962071895599,-0.067293502390384674,-0.068777985870838165,-0.052013460546731949,2.7629380226135254,-0.00011966371675953269,-0.0023275408893823624,2.1110129356384277,-3.6005032598040998e-05,-0.0015676739858463407,1.1059455573558807e-09,1,0.9685218334197998,-0.0022078775800764561,-0.0015316675417125225,-0.00013844131899531931,1.41200852394104,0,0,0,1,0,0,0,0,0,1,0,0.94629800319671631,1.3794205188751221,348.49462890625,-8.9183449745178223e-06,-0.0006026439368724823,-0.00059379555750638247,3.2781591415405273,-0.00057494360953569412,-0.012675057165324688,2.4288051128387451,-0.00024069400387816131,-0.0071126879192888737,-1.4728720998391509e-07,1,0.8386194109916687,-0.012100115418434143,-0.0068719955161213875,-0.001980737317353487,1.2222312688827515,0,0,0,1,0,0,0,0,0,1,0,0.68348342180252075,0.99504780769348145,348.20062255859375,-9.7980722784996033e-05,-0.0035939086228609085,-0.0034961518831551075,0.29159551858901978,0,-0.010980820283293724,-0.067234672605991364,-0.052084784954786301,0,-14.667627334594727,0,0.054433822631835938,0.041718147695064545,263.37083329388406,-0.014594653621315956,-0.011037229560315609,267.76846313476562,263.7454833984375,9.0919990539550781,4.474217414855957,0.80925965309143066,0.058148432523012161
23520,164.54674917795498,1,0.29337635636329651,181.25,8.9983148574829102,0.24698898196220398,1,151.57672119140625,1,25.388275146484375,9.3725919723510742,156.31941171905723,0.012758852913975716,0.0098503138870000839,-0.00041646911995485425,1.3223112821578979,-0.090029358863830566,-0.068084843456745148,-0.069624990224838257,-0.052654009312391281,2.7668642997741699,-0.00013807640061713755,-0.002453287597745657,2.1147892475128174,-6.3268817029893398e-05,-0.0013374517438933253,7.1304384618997574e-10,1,0.96917158365249634,-0.002315211109817028,-0.0012741812970489264,-0.0004066110122948885,1.4138822555541992,0,0,0,1,0,0,0,0,0,1,0,0.94664442539215088,1.3808066844940186,348.49072265625,-1.292303204536438e-05,-0.0006015971302986145,-0.00058862322475761175,3.2860746383666992,-0.00062126485863700509,-0.013320381753146648,2.4393157958984375,-0.00033204490318894386,-0.0072345854714512825,-1.4767283573746681e-07,1,0.83286416530609131,-0.01269911602139473,-0.0069025424309074879,-0.002322040032595396,1.2145774364471436,0,0,0,1,0,0,0,0,0,1,0,0.6777184009552002,0.98735553026199341,348.1978759765625,-0.00012610852718353271,-0.0036895871162414551,-0.0035635395906865597,0.29175180196762085,0,-0.011003769934177399,-0.067310154438018799,-0.052123874425888062,0,-14.866002082824707,0,0.054075557738542557,0.041509773582220078,263.3666666271165,-0.014792041853070259,-0.011186504736542702,267.76840209960938,263.73837280273438,9.1237010955810547,4.3355083465576172,0.72968184947967529,0.053626153618097305
23580,182.3215239671234,1,0.29495716094970703,181.25,9.0176811218261719,0.24815982580184937,1,152.71527099609375,1,26.985012054443359,9.4494037628173828,173.20544776876721,0.012499863281846046,0.0098198773339390755,-0.00042008227319456637,1.3223112821578979,-0.090963318943977356,-0.06879115104675293,-0.070427574217319489,-0.053260963410139084,2.7727699279785156,-8.8196538854390383e-05,-0.0025076540187001228,2.1200494766235352,-5.4401461966335773e-05,-0.0011684698984026909,1.3096723705530167e-10,1,0.96938693523406982,-0.0024194580037146807,-0.0011140676215291023,-0.00059811008395627141,1.4164257049560547,0,0,0,1,0,0,0,0,0,1,0,0.94735425710678101,1.3840674161911011,348.48687744140625,-1.7352402210235596e-05,-0.00059913843870162964,-0.00058174540754407644,3.294611930847168,-0.00058024737518280745,-0.013774218037724495,2.4493813514709473,-0.00034907570807263255,-0.0070077711716294289,-1.4805118553340435e-07,1,0.83059471845626831,-0.013193967752158642,-0.0066586965695023537,-0.0028167713899165392,1.213097095489502,0,0,0,1,0,0,0,0,0,1,0,0.68128567934036255,0.99418151378631592,348.19451904296875,-0.00016380846500396729,-0.0037018954753875732,-0.0035381345078349113,0.29220020771026611,0,-0.011046959087252617,-0.067521646618843079,-0.052279751747846603,0,-14.994974136352539,0,0.052949704229831696,0.041381672024726868,263.36249996034894,-0.014920372515916824,-0.011283555068075657,267.76885986328125,263.7347412109375,9.0576057434082031,4.5472898483276367,0.77181136608123779,0.081075191497802734
23640,165.03309754400053,1,0.29791313409805298,181.25,9.0287084579467773,0.24818429350852966,1,153.98251342773438,1,27.569452285766602,9.4325971603393555,156.7814426668005,0.01269999798387289,0.0097487131133675575,-0.00042927695903927088,1.3223112821578979,-0.092832528054714203,-0.070204749703407288,-0.071798630058765411,-0.054297827184200287,2.7812800407409668,-0.00010331321391277015,-0.0030838949605822563,2.1254897117614746,-5.8716977946460247e-05,-0.0015009595081210136,1.4551915228366852e-10,1,0.96262210607528687,-0.0029805824160575867,-0.0014422415988519788,-0.00068934092996641994,1.4097659587860107,0,0,0,1,0,0,0,0,0,1,0,0.9357149600982666,1.3702337741851807,348.48333740234375,-4.5571476221084595e-05,-0.0007694438099861145,-0.00072380970232188702,3.3033761978149414,-0.00076081650331616402,-0.015444099903106689,2.4552657604217529,-0.00046448217472061515,-0.0072691119275987148,-1.470616552978754e-07,1,0.81780111789703369,-0.014683282934129238,-0.0068046292290091515,-0.0036282911896705627,1.1967666149139404,0,0,0,1,0,0,0,0,0,1,0,0.65088069438934326,0.9520304799079895,348.19097900390625,-0.00025206804275512695,-0.0041999891400337219,-0.0039480067789554596,0.29295694828033447,0,-0.011111009865999222,-0.067878611385822296,-0.052554894238710403,0,-15.32318115234375,0,0.053819600492715836,0.041076596826314926,263.35833329358138,-0.01524694636464119,-0.011530526913702488,267.76913452148438,263.7298583984375,9.0677490234375,4.6421709060668945,0.76537668704986572,0.068576820194721222
23700,207.29587164581775,1,0.29853546619415283,181.25,9.0401906967163086,0.24653224647045135,1,153.63487243652344,1,27.306703567504883,9.4520931243896484,196.93107806352685,0.011915147304534912,0.0097409281879663467,-0.00043295024079270661,1.3223112821578979,-0.09344598650932312,-0.070668675005435944,-0.071806758642196655,-0.054303973913192749,2.7898573875427246,-0.00017616967670619488,-0.0035056383349001408,2.1293683052062988,-0.00011464575072750449,-0.0017023395048454404,5.2386894822120667e-10,1,0.95906150341033936,-0.0033294688910245895,-0.0015876935794949532,-0.00078371906420215964,1.4089627265930176,0,0,0,1,0,0,0,0,0,1,0,0.9316985011100769,1.3683671951293945,348.4801025390625,-9.0971589088439941e-05,-0.00087778270244598389,-0.00078670360380783677,3.3100214004516602,-0.00090072816237807274,-0.015551352873444557,2.4571962356567383,-0.00055154750589281321,-0.0069457213394343853,-1.4630495570600033e-07,1,0.82215619087219238,-0.014650622382760048,-0.0063941748812794685,-0.0039174933917820454,1.2072508335113525,0,0,0,1,0,0,0,0,0,1,0,0.65156817436218262,0.95613235235214233,348.18820190429688,-0.00034259259700775146,-0.0042980760335922241,-0.0039555290713906288,0.29393640160560608,0,-0.011200722306966782,-0.068367674946784973,-0.052890896797180176,0,-15.454300880432129,0,0.050412494689226151,0.041039846837520599,263.35416662681382,-0.015377413481473923,-0.011629193089902401,267.76956176757812,263.72305297851562,9.0825433731079102,4.7930812835693359,0.87943351268768311,0.05531180277466774
23760,201.88992868957624,1,0.29758235812187195,181.25,9.0473661422729492,0.24623557925224304,1,153.12818908691406,1,27.863130569458008,9.4961404800415039,191.79543225509741,0.012300479225814342,0.009768512099981308,-0.0004302356974221766,1.3223112821578979,-0.09311068058013916,-0.070415101945400238,-0.071008816361427307,-0.053700529038906097,2.7962372303009033,-0.00012450187932699919,-0.0037188427522778511,2.1304943561553955,-9.5242772658821195e-05,-0.0015622377395629883,-9.0949470177292824e-11,1,0.95723509788513184,-0.0035943407565355301,-0.0014669941738247871,-0.0010421364568173885,1.4100524187088013,0,0,0,1,0,0,0,0,0,1,0,0.93379110097885132,1.3750677108764648,348.47637939453125,-9.0107321739196777e-05,-0.00085350498557090759,-0.00076318520586937666,3.3130340576171875,-0.00086770683992654085,-0.016083836555480957,2.4565291404724121,-0.00056040834169834852,-0.0063502704724669456,-1.4613033272325993e-07,1,0.82066524028778076,-0.015216129831969738,-0.0057898620143532753,-0.0047311186790466309,1.2090603113174438,0,0,0,1,0,0,0,0,0,1,0,0.66865992546081543,0.98440474271774292,348.18441772460938,-0.00036750733852386475,-0.0041301324963569641,-0.0037625445984303951,0.29465329647064209,0,-0.011272271163761616,-0.068762362003326416,-0.053088650107383728,0,-15.357402801513672,0,0.052083835005760193,0.041158296167850494,263.34999996004626,-0.015280997380614281,-0.011556278914213181,267.76934814453125,263.71224975585938,9.2204074859619141,4.602933406829834,0.93271356821060181,0.069701343774795532
23820,217.75612460407137,1,0.29706904292106628,181.25,9.039433479309082,0.24570155143737793,1,153.037353515625,1,29.388593673706055,9.8875494003295898,206.86831837386779,0.012642764486372471,0.0097645502537488937,-0.00042826717253774405,1.3223112821578979,-0.09279254823923111,-0.070174507796764374,-0.070760369300842285,-0.053512640297412872,2.802156925201416,0.00011840758816106245,-0.0037492143455892801,2.1306524276733398,7.426452066283673e-05,-0.0016541811637580395,-6.5483618527650833e-11,1,0.95250242948532104,-0.0038676215335726738,-0.0017284449422731996,-0.00099958246573805809,1.4057149887084961,0,0,0,1,0,0,0,0,0,1,0,0.92790216207504272,1.369006872177124,348.47222900390625,-1.5442259609699249e-05,-0.00083931908011436462,-0.00082366063725203276,3.3184080123901367,-0.0005948420730419457,-0.016858922317624092,2.4564146995544434,-0.00029256401467137039,-0.0065449383109807968,-1.4585384633392096e-07,1,0.80761480331420898,-0.016264081001281738,-0.0062523758970201015,-0.0049897674471139908,1.1923072338104248,0,0,0,1,0,0,0,0,0,1,0,0.65513455867767334,0.966483473777771,348.18048095703125,-0.00027055107057094574,-0.0041885972023010254,-0.0039182011969387531,0.2951277494430542,0,-0.011317768134176731,-0.069037005305290222,-0.053176939487457275,0,-15.287136077880859,0,0.053570769727230072,0.041141893714666367,263.3458332932787,-0.015211081132292747,-0.011503404006361961,267.76913452148438,263.70541381835938,9.4781169891357422,4.6498355865478516,0.84648680686950684,0.061962608247995377
23880,233.95866178285044,1,0.29709100723266602,181.25,9.014399528503418,0.24429601430892944,1,152.98393249511719,1,32.257896423339844,9.8070259094238281,222.2607286937079,0.012671226635575294,0.009759753942489624,-0.00042851167381741107,1.3223112821578979,-0.092946290969848633,-0.070290781557559967,-0.070586860179901123,-0.053381424397230148,2.8089704513549805,0.00016719690756872296,-0.0036750920116901398,2.1302876472473145,0.00013904616935178638,-0.001604999415576458,3.2014213502407074e-10,1,0.95275557041168213,-0.0038422881625592709,-0.0017440447118133307,-0.00096693506930023432,1.4077222347259521,0,0,0,1,0,0,0,0,0,1,0,0.92571753263473511,1.3675705194473267,348.46823120117188,4.3444335460662842e-05,-0.00080354511737823486,-0.0008468403248116374,3.329127311706543,-0.0005602362216450274,-0.017372975125908852,2.456181526184082,-0.00010586075950413942,-0.006389654241502285,-1.4435499906539917e-07,1,0.80315637588500977,-0.016812741756439209,-0.0062837959267199039,-0.0052814376540482044,1.1868023872375488,0,0,0,1,0,0,0,0,0,1,0,0.64426624774932861,0.95163547992706299,348.17709350585938,-0.00016032904386520386,-0.004206538200378418,-0.0040464536286890507,0.29548382759094238,0,-0.011350855231285095,-0.069244727492332458,-0.053222987800836563,0,-15.295864105224609,0,0.053694497793912888,0.041120737791061401,263.34166662651114,-0.015219765715301037,-0.01150997169315815,267.76898193359375,263.70571899414062,9.4838047027587891,4.5897436141967773,0.81831109523773193,0.065486252307891846
23940,223.00058527502509,1,0.29732120037078857,181.25,8.9995584487915039,0.24666690826416016,1,153.08992004394531,1,34.057998657226562,9.5481281280517578,211.85055601127382,0.01192071009427309,0.0097448304295539856,-0.00042921121348626912,1.3223112821578979,-0.093353129923343658,-0.070598453283309937,-0.070348963141441345,-0.053201515227556229,2.8172690868377686,8.834501204546541e-05,-0.0034828588832169771,2.1291155815124512,0.00010492878936929628,-0.0013866410590708256,-1.0550138540565968e-10,1,0.95719623565673828,-0.0035712029784917831,-0.0014915696810930967,-0.00099074619356542826,1.4157663583755493,0,0,0,1,0,0,0,0,0,1,0,0.92783379554748535,1.3723740577697754,348.46405029296875,5.4002739489078522e-05,-0.00076770316809415817,-0.00082162779290229082,3.3412525653839111,-0.00053863087669014931,-0.017156843096017838,2.4562897682189941,-4.8201327444985509e-05,-0.0059685441665351391,-1.4310353435575962e-07,1,0.8080790638923645,-0.016618214547634125,-0.0059203458949923515,-0.005417979322373867,1.1951766014099121,0,0,0,1,0,0,0,0,0,1,0,0.64411306381225586,0.95252203941345215,348.17333984375,-8.2142651081085205e-05,-0.0041360184550285339,-0.0040539652109146118,0.29581627249717712,0,-0.011382434517145157,-0.069468945264816284,-0.053237646818161011,0,-15.320833206176758,0,0.05043661966919899,0.041055396199226379,263.33749995974358,-0.015244610607624054,-0.011528761126101017,267.76837158203125,263.7037353515625,9.2889480590820312,4.542353630065918,0.86099147796630859,0.069997489452362061
24000,204.53364312026864,1,0.29688489437103271,181.25,8.9857244491577148,0.24874699115753174,1,152.88572692871094,1,31.379762649536133,9.557734489440918,194.30696096425518,0.012052107602357864,0.0097488183528184891,-0.00042789513827301562,1.3223112821578979,-0.093124955892562866,-0.070425897836685181,-0.070082060992717743,-0.052999667823314667,2.824678897857666,3.1291863706428558e-05,-0.0028765464667230844,2.1276435852050781,5.6148215662688017e-05,-0.0011102498974651098,1.127773430198431e-10,1,0.96549910306930542,-0.0029078377410769463,-0.0011663987534120679,-0.00084177451208233833,1.4291837215423584,0,0,0,1,0,0,0,0,0,1,0,0.93591558933258057,1.3856214284896851,348.45953369140625,3.9319507777690887e-05,-0.00068688113242387772,-0.00072618713602423668,3.3547463417053223,-0.00035542808473110199,-0.015977241098880768,2.458939790725708,-6.5765052568167448e-06,-0.0054743504151701927,-1.4319084584712982e-07,1,0.82045787572860718,-0.015621813014149666,-0.0054677762091159821,-0.0051441611722111702,1.2144538164138794,0,0,0,1,0,0,0,0,0,1,0,0.65551137924194336,0.97044926881790161,348.169677734375,-3.2365322113037109e-05,-0.0039562582969665527,-0.0039239954203367233,0.29604625701904297,0,-0.011405689641833305,-0.069658860564231873,-0.053209714591503143,0,-15.273856163024902,0,0.051006253808736801,0.041071437299251556,263.33333329297602,-0.015197866596281528,-0.011493410915136337,267.76797485351562,263.70944213867188,9.2831878662109375,4.5213003158569336,0.73279184103012085,0.055882230401039124
24060,211.07560556952021,1,0.29802408814430237,181.25,8.970646858215332,0.24833671748638153,1,153.76043701171875,1,28.511152267456055,9.4356327056884766,200.52182529104419,0.012779086828231812,0.0097067933529615402,-0.00043037746218033135,1.3223112821578979,-0.093786954879760742,-0.07092653214931488,-0.07069271057844162,-0.053461473435163498,2.8317599296569824,-3.5840981581714004e-05,-0.0024889085907489061,2.1280107498168945,-1.0564668627921492e-05,-0.001063851173967123,-1.0841176845133305e-09,1,0.97042405605316162,-0.0024530673399567604,-0.0010532874148339033,-0.00065135792829096317,1.4375864267349243,0,0,0,1,0,0,0,0,0,1,0,0.94046294689178467,1.3935081958770752,348.45489501953125,3.8938596844673157e-06,-0.00066892057657241821,-0.00067273294553160667,3.3673965930938721,-0.00035893102176487446,-0.015287486836314201,2.4626436233520508,-9.702012175694108e-05,-0.0058346837759017944,-1.4367105904966593e-07,1,0.82507407665252686,-0.014928555116057396,-0.0057376651093363762,-0.0044779814779758453,1.2222267389297485,0,0,0,1,0,0,0,0,0,1,0,0.66218215227127075,0.98139762878417969,348.16586303710938,-5.2310526371002197e-05,-0.0038996711373329163,-0.0038474188186228275,0.29627138376235962,0,-0.011425532400608063,-0.069830320775508881,-0.053201198577880859,0,-15.362462997436523,0,0.054163586348295212,0.040893085300922394,263.32916662620846,-0.015286033041775227,-0.011560087092220783,267.76766967773438,263.70370483398438,9.1707382202148438,4.3842754364013672,0.81137150526046753,0.063686363399028778
24120,192.54145847794697,1,0.299589604139328,181.25,8.9334383010864258,0.24971683323383331,1,154.81816101074219,1,28.45611572265625,9.5173559188842773,182.91438555404963,0.011769410222768784,0.0096439272165298462,-0.00043420851579867303,1.3223112821578979,-0.09477166086435318,-0.071671217679977417,-0.071441575884819031,-0.054027803242206573,2.838773250579834,-0.00025742413708940148,-0.0025657019577920437,2.1298627853393555,-0.00015185424126684666,-0.0011413336033001542,-1.4260876923799515e-09,1,0.97230875492095947,-0.0023082774132490158,-0.00098947994410991669,-0.00061237969202920794,1.442671537399292,0,0,0,1,0,0,0,0,0,1,0,0.94349265098571777,1.4002611637115479,348.45022583007812,-6.4179301261901855e-05,-0.00070483237504959106,-0.00064064131584018469,3.3752117156982422,-0.00076782726682722569,-0.015267267823219299,2.4644131660461426,-0.00033241556957364082,-0.0055906167253851891,-1.4371471479535103e-07,1,0.8327069878578186,-0.014499441720545292,-0.0052582020871341228,-0.0045928899198770523,1.2355830669403076,0,0,0,1,0,0,0,0,0,1,0,0.6724708080291748,0.99858731031417847,348.1610107421875,-0.00015366077423095703,-0.0038917958736419678,-0.0037382596638053656,0.29675012826919556,0,-0.011461113579571247,-0.070105671882629395,-0.053313255310058594,0,-15.499214172363281,0,0.049781125038862228,0.040622148662805557,263.3249999594409,-0.015422103926539421,-0.011662990786135197,267.767333984375,263.70175170898438,9.2860240936279297,4.5121603012084961,0.76235830783843994,0.057739146053791046
24180,206.92707855788882,1,0.29935112595558167,181.25,8.9573965072631836,0.25016358494758606,1,154.85711669921875,1,26.969791412353516,9.4797449111938477,196.58072462999436,0.011744472198188305,0.0096466317772865295,-0.00043306348379701376,1.3223112821578979,-0.094734996557235718,-0.071643494069576263,-0.071176201105117798,-0.053827114403247833,2.8442630767822266,-0.00025550869759172201,-0.0024662513751536608,2.1297369003295898,-0.00016405338828917593,-0.0010751169174909592,-9.0221874415874481e-10,1,0.97381186485290527,-0.0022107423283159733,-0.00091106363106518984,-0.00061504467157647014,1.4473230838775635,0,0,0,1,0,0,0,0,0,1,0,0.94888544082641602,1.4105992317199707,348.44512939453125,-7.5958669185638428e-05,-0.00065684691071510315,-0.00058092293329536915,3.378054141998291,-0.00053139938972890377,-0.014885437674820423,2.4618039131164551,-0.00026238308055326343,-0.0052829715423285961,-1.4365650713443756e-07,1,0.83591830730438232,-0.0143540408462286,-0.0050205891020596027,-0.0046840058639645576,1.2426276206970215,0,0,0,1,0,0,0,0,0,1,0,0.68250852823257446,1.0152910947799683,348.15582275390625,-0.0001309029757976532,-0.0037634260952472687,-0.0036323592066764832,0.29724478721618652,0,-0.011496128514409065,-0.070399701595306396,-0.053428180515766144,0,-15.458343505859375,0,0.04967309907078743,0.040633216500282288,263.32083329267334,-0.015381435863673687,-0.011632234789431095,267.7662353515625,263.69790649414062,9.129084587097168,4.5852360725402832,0.68098253011703491,0.059960007667541504
24240,202.71273006002829,1,0.29860055446624756,181.25,8.9650688171386719,0.25239115953445435,1,154.31280517578125,1,27.053304672241211,9.4522590637207031,192.57709355702687,0.011913093738257885,0.0097073744982481003,-0.00043133020517416298,1.3223112821578979,-0.09427565336227417,-0.07129611074924469,-0.070799574255943298,-0.053542289882898331,2.8475875854492188,-0.00013303830928634852,-0.0022370156366378069,2.128706693649292,-0.00010923192166956142,-0.00093124044360592961,-1.5570549294352531e-09,1,0.97534549236297607,-0.0021039771381765604,-0.00082200899487361312,-0.00061719317454844713,1.451113224029541,0,0,0,1,0,0,0,0,0,1,0,0.94987314939498901,1.4134573936462402,348.43994140625,-5.2332878112792969e-05,-0.00062371045351028442,-0.00057141727302223444,3.3792576789855957,-0.00018253718735650182,-0.014437824487686157,2.4592175483703613,-0.00016860492178238928,-0.0052921045571565628,-1.4352553989738226e-07,1,0.83639621734619141,-0.014255287125706673,-0.0051234997808933258,-0.004522235132753849,1.2445774078369141,0,0,0,1,0,0,0,0,0,1,0,0.68346285820007324,1.0174796581268311,348.150634765625,-9.2089176177978516e-05,-0.0037238150835037231,-0.0036315855104476213,0.29754239320755005,0,-0.011516235768795013,-0.070590704679489136,-0.053472742438316345,0,-15.396471977233887,0,0.050403621047735214,0.040896102786064148,263.31666662590578,-0.01531987264752388,-0.011585677973926067,267.76458740234375,263.69754028320312,9.1578741073608398,4.3225593566894531,0.85885435342788696,0.07333732396364212
24300,183.72896051576114,1,0.29880145192146301,181.25,8.9641990661621094,0.25561290979385376,1,154.12530517578125,1,29.269121170043945,9.5125265121459961,174.54251248997309,0.012362026609480381,0.0097220418974757195,-0.00043272715993225574,1.3223112821578979,-0.094341591000556946,-0.071345977485179901,-0.070976004004478455,-0.053675714880228043,2.8493411540985107,-0.00010127566929440945,-0.0023558028042316437,2.1276626586914062,-9.9067961855325848e-05,-0.00098686048295348883,-1.5243131201714277e-09,1,0.97384989261627197,-0.0022545265965163708,-0.00088779290672391653,-0.00065336492843925953,1.4496030807495117,0,0,0,1,0,0,0,0,0,1,0,0.94957172870635986,1.4136054515838623,348.434814453125,-3.8444064557552338e-05,-0.00061970576643943787,-0.00058126612566411495,3.3807041645050049,-0.00010657982784323394,-0.014205250889062881,2.4567229747772217,-0.00017407652921974659,-0.0054793255403637886,-1.4375473256222904e-07,1,0.83724057674407959,-0.014098672196269035,-0.0053052492439746857,-0.0042708730325102806,1.2462544441223145,0,0,0,1,0,0,0,0,0,1,0,0.68385589122772217,1.0183604955673218,348.146240234375,-8.0931931734085083e-05,-0.0037198159843683243,-0.0036386819556355476,0.29773157835006714,0,-0.011530334129929543,-0.07071356475353241,-0.053493093699216843,0,-15.446337699890137,0,0.052351046353578568,0.04095909371972084,263.31249995913822,-0.015369489789009094,-0.011623200960457325,267.76315307617188,263.6837158203125,9.1766300201416016,4.6925144195556641,1.0244522094726562,0.084642291069030762
24360,215.37901032684445,1,0.29968440532684326,181.25,8.9717655181884766,0.25613591074943542,1,154.0364990234375,1,30.154684066772461,9.5017642974853516,204.61005981050221,0.013407666236162186,0.0097276698797941208,-0.00043682625982910395,1.3223112821578979,-0.09492463618516922,-0.071786902844905853,-0.071363285183906555,-0.053968597203493118,2.8516359329223633,-0.00017577479593455791,-0.0027160609606653452,2.1269464492797852,-0.00014260350144468248,-0.0012627266114577651,-1.0331859812140465e-09,1,0.9701886773109436,-0.0025402852334082127,-0.0011201230809092522,-0.00064145162468776107,1.4450626373291016,0,0,0,1,0,0,0,0,0,1,0,0.94279128313064575,1.4042489528656006,348.43011474609375,-4.3980777263641357e-05,-0.00071276724338531494,-0.00066883116960525513,3.3834571838378906,-0.0003435215912759304,-0.014987628906965256,2.4534494876861572,-0.00034891930408775806,-0.0064000352285802364,-1.441221684217453e-07,1,0.82809954881668091,-0.014644108712673187,-0.0060511156916618347,-0.0039999037981033325,1.2332723140716553,0,0,0,1,0,0,0,0,0,1,0,0.67322897911071777,1.0030112266540527,348.141845703125,-0.0001004338264465332,-0.003878176212310791,-0.0037775731179863214,0.29798763990402222,0,-0.011557180434465408,-0.070864453911781311,-0.05355173721909523,0,-15.592657089233398,0,0.056901507079601288,0.040983833372592926,263.30833329237066,-0.015515081584453583,-0.011733304709196091,267.76181030273438,263.6817626953125,9.2599353790283203,4.4474034309387207,0.87956631183624268,0.086540721356868744
24420,234.41443188963729,1,0.30102139711380005,181.25,8.9717197418212891,0.25583738088607788,1,154.65321350097656,1,31.621337890625,9.5231914520263672,222.6937102951554,0.012829506769776344,0.0097126271575689316,-0.00044093353790231049,1.3223112821578979,-0.095903828740119934,-0.072527423501014709,-0.07182776927947998,-0.054319866001605988,2.8563418388366699,-0.00031264947028830647,-0.0030841720290482044,2.1277298927307129,-0.00021796528017148376,-0.0014448885340243578,-2.9103830456733704e-10,1,0.96746820211410522,-0.0027715216856449842,-0.0012269223807379603,-0.00069209298817440867,1.4430086612701416,0,0,0,1,0,0,0,0,0,1,0,0.93709909915924072,1.3976807594299316,348.42581176757812,-6.1690807342529297e-05,-0.00079847872257232666,-0.00073676678584888577,3.3885903358459473,-0.00074829452205449343,-0.016042808070778847,2.4526627063751221,-0.00055806536693125963,-0.0071824905462563038,-1.4313263818621635e-07,1,0.81848907470703125,-0.015294512733817101,-0.0066244248300790787,-0.0039214612916111946,1.2209188938140869,0,0,0,1,0,0,0,0,0,1,0,0.66239500045776367,0.98893642425537109,348.13751220703125,-0.00014112144708633423,-0.0040458589792251587,-0.0039046388119459152,0.29839980602264404,0,-0.011600429192185402,-0.071103706955909729,-0.053661171346902847,0,-15.739267349243164,0,0.054382912814617157,0.0409206822514534,263.3041666256031,-0.015660962089896202,-0.011843627318739891,267.76043701171875,263.672607421875,9.3715229034423828,4.3587241172790527,0.98397743701934814,0.06553339958190918
24480,242.96883849978516,1,0.30103033781051636,181.25,8.9763727188110352,0.25326931476593018,1,155.13002014160156,1,29.61796760559082,9.4202089309692383,230.82039657479589,0.013276402838528156,0.0097075905650854111,-0.00043961749179288745,1.3223112821578979,-0.096004016697406769,-0.072603188455104828,-0.071705713868141174,-0.054227560758590698,2.8605079650878906,-0.00031574233435094357,-0.0032375040464103222,2.1281068325042725,-0.00022769326460547745,-0.0014793253503739834,-1.1641532182693481e-10,1,0.96573483943939209,-0.0029217605479061604,-0.0012516315327957273,-0.0007578328950330615,1.4429508447647095,0,0,0,1,0,0,0,0,0,1,0,0.93965774774551392,1.4040806293487549,348.42120361328125,-5.035102367401123e-05,-0.00075344741344451904,-0.00070314080221578479,3.3910424709320068,-0.00079205213114619255,-0.015949364751577377,2.4511730670928955,-0.00057911581825464964,-0.0071158064529299736,-1.4196848496794701e-07,1,0.81980729103088379,-0.015157314948737621,-0.0065366905182600021,-0.0038881064392626286,1.2256076335906982,0,0,0,1,0,0,0,0,0,1,0,0.66951513290405273,1.0023747682571411,348.132568359375,-0.00012120604515075684,-0.0039368271827697754,-0.0038156402297317982,0.29887399077415466,0,-0.011643658392131329,-0.071381233632564545,-0.05378231406211853,0,-15.692289352416992,0,0.056329157203435898,0.040900401771068573,263.29999995883554,-0.015614218078553677,-0.011808277107775211,267.7606201171875,263.67581176757812,9.2786359786987305,4.5189704895019531,0.93193972110748291,0.05478300154209137
24540,267.13226791420635,1,0.29975563287734985,181.25,8.9947710037231445,0.25287738442420959,1,154.29281616210938,1,28.172069549560547,9.3390779495239258,253.775654518496,0.012951919808983803,0.0097509948536753654,-0.00043641164666041732,1.3223112821578979,-0.095283448696136475,-0.072058260440826416,-0.070978045463562012,-0.053677260875701904,2.8632793426513672,-0.00015366467414423823,-0.0029053199104964733,2.126807689666748,-0.00014636848936788738,-0.0013116043992340565,-1.7826096154749393e-10,1,0.96743059158325195,-0.0027516558766365051,-0.0011652357643470168,-0.00072357442695647478,1.4470555782318115,0,0,0,1,0,0,0,0,0,1,0,0.94399398565292358,1.4121385812759399,348.4163818359375,-1.9753351807594299e-05,-0.00066830404102802277,-0.00064856698736548424,3.3940098285675049,-0.00046120685874484479,-0.015828613191843033,2.4486610889434814,-0.00039986748015508056,-0.0066039040684700012,-1.4197576092556119e-07,1,0.81933200359344482,-0.015367407351732254,-0.0062040355987846851,-0.0042664012871682644,1.2267451286315918,0,0,0,1,0,0,0,0,0,1,0,0.6699676513671875,1.0043798685073853,348.12823486328125,-6.2394887208938599e-05,-0.003873877227306366,-0.0038116811774671078,0.29912912845611572,0,-0.011664126999676228,-0.071551144123077393,-0.053808361291885376,0,-15.577855110168457,0,0.054915659129619598,0.041086830198764801,263.29583329206798,-0.015500353649258614,-0.011722167022526264,267.76132202148438,263.66375732421875,9.0984745025634766,4.4435901641845703,0.91059231758117676,0.059958457946777344
24600,280.86236716861634,1,0.30097657442092896,181.25,9.0019083023071289,0.25422376394271851,1,154.54667663574219,1,28.512243270874023,9.4363222122192383,266.81924881018551,0.012720970436930656,0.0097246021032333374,-0.00044104046537540853,1.3223112821578979,-0.096022024750709534,-0.072616808116436005,-0.071610033512115479,-0.054155200719833374,2.8670539855957031,-0.00013574957847595215,-0.0029418845660984516,2.1255514621734619,-0.00013890716945752501,-0.0017055491916835308,-1.7462298274040222e-10,1,0.96423834562301636,-0.0028061359189450741,-0.0015666423132643104,-0.00042988531640730798,1.4432146549224854,0,0,0,1,0,0,0,0,0,1,0,0.9372667670249939,1.4027880430221558,348.41177368164062,-1.7121434211730957e-05,-0.00074803084135055542,-0.0007309796055778861,3.3991775512695312,-0.00042143650352954865,-0.016289394348859787,2.4458596706390381,-0.00040684815030544996,-0.0075282491743564606,-1.4182296581566334e-07,1,0.80940723419189453,-0.015867961570620537,-0.0071213999763131142,-0.0038194763474166393,1.2122659683227539,0,0,0,1,0,0,0,0,0,1,0,0.65726745128631592,0.98522019386291504,348.1234130859375,-5.5804848670959473e-05,-0.0040350854396820068,-0.0039793718606233597,0.29931855201721191,0,-0.011683432385325432,-0.071675851941108704,-0.053811825811862946,0,-15.743083953857422,0,0.053910821676254272,0.0409734807908535,263.29166662530042,-0.015664760023355484,-0.011846499517560005,267.76168823242188,263.67169189453125,9.1982288360595703,4.3798990249633789,0.96372520923614502,0.057346474379301071
24660,292.1766035526577,1,0.30219823122024536,181.25,9.0048084259033203,0.25328925251960754,1,155.13948059082031,1,28.880344390869141,9.4396266937255859,277.56777337502479,0.013693983666598797,0.0097043011337518692,-0.0004447269020602107,1.3223112821578979,-0.096728235483169556,-0.073150880634784698,-0.072292819619178772,-0.054671559482812881,2.8715124130249023,-0.00027208591927774251,-0.0032391799613833427,2.1266045570373535,-0.00020755850709974766,-0.0021246271207928658,-7.1304384618997574e-10,1,0.96095472574234009,-0.0029670950025320053,-0.0019170693121850491,-0.0002418773656245321,1.4401495456695557,0,0,0,1,0,0,0,0,0,1,0,0.92829322814941406,1.3912959098815918,348.4073486328125,-3.6545097827911377e-05,-0.00087802112102508545,-0.00084154255455359817,3.4039480686187744,-0.00043633818859234452,-0.016458038240671158,2.4443626403808594,-0.00037170798168517649,-0.0088819395750761032,-1.4143006410449743e-07,1,0.80013161897659302,-0.016021702438592911,-0.0085102319717407227,-0.0027954620309174061,1.1996099948883057,0,0,0,1,0,0,0,0,0,1,0,0.63211441040039062,0.94891941547393799,348.11871337890625,-6.868317723274231e-05,-0.0043598823249340057,-0.0042913053184747696,0.2997625470161438,0,-0.011723201721906662,-0.071910172700881958,-0.053933486342430115,0,-15.874672889709473,0,0.058151111006736755,0.040889691561460495,263.28749995853286,-0.015795694664120674,-0.011945518665015697,267.76132202148438,263.6715087890625,9.1473522186279297,4.4306831359863281,0.84693217277526855,0.062108606100082397
24720,182.6363032260011,1,0.30232232809066772,181.25,9.0077142715454102,0.25233817100524902,1,154.42718505859375,1,29.446987152099609,9.3678417205810547,173.50448806470104,0.01301391888409853,0.0096963690593838692,-0.00044732887181453407,1.3223112821578979,-0.096795514225959778,-0.073201760649681091,-0.072368510067462921,-0.054728798568248749,2.8757009506225586,-0.00025743874721229076,-0.0035729075316339731,2.1293439865112305,-0.00017279514577239752,-0.0020034648478031158,-6.6938810050487518e-10,1,0.95817101001739502,-0.003315469715744257,-0.0018306709825992584,-0.00051950442139059305,1.4384701251983643,0,0,0,1,0,0,0,0,0,1,0,0.91807818412780762,1.3789603710174561,348.403564453125,-2.8595328330993652e-05,-0.00098021328449249268,-0.00095169444102793932,3.4060494899749756,-0.00045605143532156944,-0.016723643988370895,2.4488208293914795,-0.00027968897484242916,-0.0091876918449997902,-1.4214310795068741e-07,1,0.79507577419281006,-0.016267593950033188,-0.008908003568649292,-0.0026249620132148266,1.1944897174835205,0,0,0,1,0,0,0,0,0,1,0,0.60818803310394287,0.91592913866043091,348.11508178710938,-7.7575445175170898e-05,-0.0046544075012207031,-0.0045769838616251945,0.30021759867668152,0,-0.01177071500569582,-0.072140492498874664,-0.054078053683042526,0,-15.967550277709961,0,0.055185560137033463,0.040852684527635574,263.2833332917653,-0.015888109803199768,-0.012015407904982567,267.76116943359375,263.66275024414062,9.1322002410888672,4.2885141372680664,0.85052812099456787,0.05682072788476944
24780,241.63372410116725,1,0.30294311046600342,181.25,8.9760894775390625,0.25510841608047485,1,153.87982177734375,1,29.320514678955078,9.516352653503418,229.55203789610889,0.012732262723147869,0.0097131561487913132,-0.00045169115765020251,1.3223112821578979,-0.097320906817913055,-0.073599092662334442,-0.072495177388191223,-0.054824594408273697,2.8805139064788818,-0.00022479757899418473,-0.0039351740851998329,2.1316471099853516,-0.0001648527686484158,-0.0019059334881603718,-9.0949470177292824e-10,1,0.9555785059928894,-0.0037103774957358837,-0.0017410819418728352,-0.00083122833166271448,1.4364404678344727,0,0,0,1,0,0,0,0,0,1,0,0.90777492523193359,1.3649227619171143,348.40020751953125,-2.1819025278091431e-05,-0.0011065304279327393,-0.0010848375968635082,3.412240743637085,-0.00063914258498698473,-0.017861953005194664,2.4545078277587891,-0.00037688331212848425,-0.0087243057787418365,-1.4220131561160088e-07,1,0.79179346561431885,-0.0172228142619133,-0.0083474218845367432,-0.0036386630963534117,1.1905717849731445,0,0,0,1,0,0,0,0,0,1,0,0.58669745922088623,0.88353615999221802,348.112060546875,-0.00010839849710464478,-0.0049725919961929321,-0.0048643946647644043,0.30063343048095703,0,-0.011824102140963078,-0.072356976568698883,-0.054196737706661224,0,-16.123264312744141,0,0.053959913551807404,0.040922589600086212,263.27916662499774,-0.016043048352003098,-0.012132580392062664,267.76144409179688,263.65274047851562,9.0844326019287109,4.4314737319946289,0.76736289262771606,0.075458802282810211
24840,164.70011224074656,1,0.30478635430335999,181.25,8.9683628082275391,0.2569277286529541,1,155.11404418945312,1,30.429012298583984,9.4228191375732422,156.46510662870924,0.012464256957173347,0.0096605010330677032,-0.00045632620458491147,1.3223112821578979,-0.098672054708003998,-0.074620895087718964,-0.073160409927368164,-0.055327676236629486,2.8891968727111816,-0.00033865490695461631,-0.0042942613363265991,2.1345453262329102,-0.00021574011771008372,-0.0020423985552042723,-7.8580342233181e-10,1,0.95315384864807129,-0.0039556063711643219,-0.0018266590777784586,-0.00089997705072164536,1.4355025291442871,0,0,0,1,0,0,0,0,0,1,0,0.90189886093139648,1.3585319519042969,348.39727783203125,-2.0250678062438965e-05,-0.0011863410472869873,-0.0011662036413326859,3.4249680042266846,-0.00084609026089310646,-0.01900530606508255,2.4600391387939453,-0.00045909243635833263,-0.0090746069326996803,-1.4272518455982208e-07,1,0.78297907114028931,-0.01815921813249588,-0.008615514263510704,-0.0039605451747775078,1.1793205738067627,0,0,0,1,0,0,0,0,0,1,0,0.58052700757980347,0.87554079294204712,348.1090087890625,-0.00010991096496582031,-0.0050872862339019775,-0.0049775270745158195,0.30122363567352295,0,-0.011894479393959045,-0.072680026292800903,-0.054358027875423431,0,-16.288713455200195,0,0.052795041352510452,0.040697555989027023,263.27499995823018,-0.016207674518227577,-0.012257079593837261,267.76171875,263.63961791992188,9.1381874084472656,4.4164772033691406,0.89883285760879517,0.080640017986297607
24900,190.77393138913868,1,0.30607181787490845,181.25,9.0009841918945312,0.25697273015975952,1,157.53639221191406,1,33.64703369140625,9.6085147857666016,181.23523481968175,0.012392623350024223,0.0095574706792831421,-0.00045501854037865996,1.3223112821578979,-0.099509373307228088,-0.07525411993265152,-0.073774464428424835,-0.055792056024074554,2.8986117839813232,-0.00037263752892613411,-0.0043289228342473507,2.1378800868988037,-0.00024148845113813877,-0.0020739329047501087,-5.8207660913467407e-11,1,0.9533926248550415,-0.0039562853053212166,-0.0018324452685192227,-0.00089704361744225025,1.439460277557373,0,0,0,1,0,0,0,0,0,1,0,0.91692852973937988,1.3848769664764404,348.39328002929688,-2.117455005645752e-05,-0.0010082423686981201,-0.00098708353471010923,3.4383955001831055,-0.00075043784454464912,-0.019064502790570259,2.4656429290771484,-0.0004119393415749073,-0.0092842942103743553,-1.4272518455982208e-07,1,0.78102725744247437,-0.018314067274332047,-0.0088723534718155861,-0.0038503145333379507,1.1793110370635986,0,0,0,1,0,0,0,0,0,1,0,0.60948938131332397,0.92255449295043945,348.1053466796875,-0.00010284781455993652,-0.0047392845153808594,-0.004636452067643404,0.30199065804481506,0,-0.011957943439483643,-0.073101311922073364,-0.054578930139541626,0,-16.242034912109375,0,0.052483916282653809,0.040256019681692123,263.27083329146262,-0.016161229461431503,-0.012221955694258213,267.76141357421875,263.62991333007812,9.2226104736328125,4.4774312973022461,1.0386672019958496,0.10061676800251007
24960,208.32400425189792,1,0.30499151349067688,181.25,9.0096645355224609,0.25700363516807556,1,157.38375854492188,1,35.626140594482422,9.4563560485839844,197.90780403930302,0.012561733834445477,0.0095222359523177147,-0.00045065412996336818,1.3223112821578979,-0.098747715353965759,-0.074678115546703339,-0.073336042463779449,-0.055460497736930847,2.906120777130127,-0.00021695753093808889,-0.0037578209303319454,2.1407856941223145,-0.00014451815513893962,-0.0018809656612575054,8.5856299847364426e-10,1,0.95811039209365845,-0.003540863748639822,-0.0017364481464028358,-0.00072490301681682467,1.4496426582336426,0,0,0,1,0,0,0,0,0,1,0,0.93159782886505127,1.4097385406494141,348.3883056640625,-1.4692544937133789e-05,-0.00083300471305847168,-0.00081828131806105375,3.4484853744506836,-0.00040653708856552839,-0.017767123878002167,2.4695525169372559,-0.00017680012388154864,-0.008928205817937851,-1.4336546882987022e-07,1,0.79171335697174072,-0.017360590398311615,-0.0087514044716954231,-0.0033657066524028778,1.1976330280303955,0,0,0,1,0,0,0,0,0,1,0,0.64256757497787476,0.97327899932861328,348.10147094726562,-8.5413455963134766e-05,-0.0043523311614990234,-0.0042670243419706821,0.30267152190208435,0,-0.011997074820101261,-0.073459222912788391,-0.054789744317531586,0,-16.086246490478516,0,0.053218569606542587,0.040101721882820129,263.26666662469506,-0.016006214544177055,-0.01210472546517849,267.76101684570312,263.63449096679688,9.1527137756347656,4.5101766586303711,1.0341644287109375,0.097575761377811432
25020,165.13919200319933,1,0.30268365144729614,181.25,9.0315341949462891,0.25241848826408386,1,156.13919067382812,1,35.603153228759766,9.3654842376708984,156.88223240303935,0.012789815664291382,0.0096246600151062012,-0.00044401225750334561,1.3223112821578979,-0.097295805811882019,-0.07358010858297348,-0.072180703282356262,-0.054586771875619888,2.9077599048614502,-8.5280131315812469e-05,-0.003006570041179657,2.1403224468231201,-5.8308316511102021e-05,-0.0013688997132703662,8.694769348949194e-10,1,0.96646237373352051,-0.0029212899971753359,-0.0013105921680107713,-0.00069211702793836594,1.4630613327026367,0,0,0,1,0,0,0,0,0,1,0,0.94267374277114868,1.4268975257873535,348.38226318359375,-7.9059973359107971e-06,-0.00070021674036979675,-0.00069225725019350648,3.4495267868041992,-0.00027597002917900681,-0.015734516084194183,2.4687209129333496,-0.00012668600538745522,-0.0075350329279899597,-1.437729224562645e-07,1,0.81797051429748535,-0.015458547510206699,-0.0074083460494875908,-0.0032976169604808092,1.2376058101654053,0,0,0,1,0,0,0,0,0,1,0,0.68429052829742432,1.0346896648406982,348.09576416015625,-8.9444220066070557e-05,-0.0038902312517166138,-0.0038008708506822586,0.30285102128982544,0,-0.011998125351965427,-0.073564648628234863,-0.054820463061332703,0,-15.849162101745605,0,0.054210256785154343,0.040542960166931152,263.2624999579275,-0.015770310536026955,-0.011926322244107723,267.76177978515625,263.63864135742188,9.1471233367919922,4.7342987060546875,1.2431890964508057,0.12155011296272278
25080,206.44542980651653,1,0.30286076664924622,181.25,9.0584115982055664,0.25210660696029663,1,155.95777893066406,1,35.055130004882812,9.3625411987304688,196.12315831619068,0.014032334089279175,0.0096192797645926476,-0.00044530953164212406,1.3223112821578979,-0.097397267818450928,-0.073656834661960602,-0.072281956672668457,-0.054663345217704773,2.9073762893676758,-8.4674014942720532e-05,-0.0031142616644501686,2.1385552883148193,-5.5854849051684141e-05,-0.0014614590909332037,5.2386894822120667e-10,1,0.96468865871429443,-0.0030295879114419222,-0.001405604649335146,-0.0006791704217903316,1.4603105783462524,0,0,0,1,0,0,0,0,0,1,0,0.93923008441925049,1.4215428829193115,348.37615966796875,-1.3642013072967529e-05,-0.00074708461761474609,-0.00073339510709047318,3.4468979835510254,-0.00034824223257601261,-0.015884919092059135,2.4657604694366455,-0.0002582449815236032,-0.0079125715419650078,-1.4358738553710282e-07,1,0.81529891490936279,-0.015536677092313766,-0.0076543260365724564,-0.0031342562288045883,1.233623743057251,0,0,0,1,0,0,0,0,0,1,0,0.67670965194702148,1.0227879285812378,348.08966064453125,-0.00012370385229587555,-0.0040197186172008514,-0.003896030131727457,0.30280452966690063,0,-0.011985487304627895,-0.073559127748012543,-0.054771002382040024,0,-15.895468711853027,0,0.05962979793548584,0.040520582348108292,263.25833329115994,-0.015816386789083481,-0.011961167678236961,267.7620849609375,263.63470458984375,9.1688089370727539,4.7257328033447266,1.0238624811172485,0.12499780207872391
25140,223.03296597378483,1,0.30350852012634277,181.25,9.0629673004150391,0.25211209058761597,1,156.01728820800781,1,34.66436767578125,9.4640321731567383,211.88131767509557,0.014392959885299206,0.00964399054646492,-0.00044800195610150695,1.3223112821578979,-0.097760878503322601,-0.073931820690631866,-0.072663456201553345,-0.054951854050159454,2.90779709815979,-0.00012782687554135919,-0.0033330707810819149,2.1390044689178467,-7.1865739300847054e-05,-0.0014439728111028671,1.1641532182693481e-10,1,0.96328592300415039,-0.0032052432652562857,-0.0013721071882173419,-0.00081216858234256506,1.4586681127548218,0,0,0,1,0,0,0,0,0,1,0,0.93722444772720337,1.4190008640289307,348.37091064453125,-1.4141201972961426e-05,-0.00077087804675102234,-0.00075661763548851013,3.4465534687042236,-0.00047871924471110106,-0.016571132466197014,2.467799186706543,-0.00031576305627822876,-0.0083095720037817955,-1.4371471479535103e-07,1,0.8080369234085083,-0.016092415899038315,-0.0079938089475035667,-0.0031980660278350115,1.2231615781784058,0,0,0,1,0,0,0,0,0,1,0,0.65526556968688965,0.9910663366317749,348.0849609375,-0.00012869387865066528,-0.0042772740125656128,-0.0041486583650112152,0.30288857221603394,0,-0.011988706886768341,-0.07360994815826416,-0.054786380380392075,0,-15.9915771484375,0,0.061208233237266541,0.04062904417514801,263.25416662439238,-0.015912016853690147,-0.012033487670123577,267.761474609375,263.6287841796875,9.2609329223632812,4.8292746543884277,0.98222041130065918,0.098595306277275085
25200,216.84116328069837,1,0.30522957444190979,181.25,9.065342903137207,0.24929815530776978,1,156.16828918457031,1,34.532009124755859,9.4861364364624023,205.99910511666343,0.01339243445545435,0.0096328649669885635,-0.00045522590517066419,1.3223112821578979,-0.099024206399917603,-0.074887216091156006,-0.073285654187202454,-0.05542239174246788,2.9124579429626465,-0.0002670573303475976,-0.0035416577011346817,2.1407210826873779,-0.0001487007102696225,-0.0014747544191777706,-3.1286617740988731e-10,1,0.96314382553100586,-0.0032746000215411186,-0.0013260531704872847,-0.00089212029706686735,1.459372878074646,0,0,0,1,0,0,0,0,0,1,0,0.93132960796356201,1.4107959270477295,348.366943359375,-3.2465904951095581e-05,-0.00086551904678344727,-0.00083292520139366388,3.4551434516906738,-0.00117242441046983,-0.01858961209654808,2.4709098339080811,-0.00070433609653264284,-0.0084133297204971313,-1.4324905350804329e-07,1,0.79887640476226807,-0.017417188733816147,-0.0077089946717023849,-0.0042186472564935684,1.2098886966705322,0,0,0,1,0,0,0,0,0,1,0,0.6341591477394104,0.95974469184875488,348.0816650390625,-0.00023037195205688477,-0.0046421289443969727,-0.004411804024130106,0.30310279130935669,0,-0.012011254206299782,-0.073727600276470184,-0.054846089333295822,0,-16.24943733215332,0,0.056835062801837921,0.040582731366157532,263.24999995762482,-0.016168594360351562,-0.012227525003254414,267.75997924804688,263.63262939453125,9.2337417602539062,4.4853367805480957,0.86476647853851318,0.070803217589855194
25260,201.10647712020949,1,0.3091467022895813,181.25,9.0726375579833984,0.24848055839538574,1,158.86415100097656,1,35.177692413330078,9.4901790618896484,191.051153264199,0.012726819142699242,0.009484022855758667,-0.00046495182323269546,1.3223112821578979,-0.10192586481571198,-0.077081598341464996,-0.074712060391902924,-0.056501112878322601,2.9231443405151367,-0.00039341917727142572,-0.0044994777999818325,2.1432886123657227,-0.00022318662377074361,-0.0019186175195500255,-2.9103830456733704e-10,1,0.95414388179779053,-0.0041060587391257286,-0.0016954310704022646,-0.0010859004687517881,1.4489750862121582,0,0,0,1,0,0,0,0,0,1,0,0.92800325155258179,1.4088478088378906,348.3634033203125,-5.7652592658996582e-05,-0.00094138830900192261,-0.00088364549446851015,3.4668927192687988,-0.00149869779124856,-0.020900391042232513,2.4721407890319824,-0.0008665106724947691,-0.0092347282916307449,-1.4307443052530289e-07,1,0.77888393402099609,-0.019401691854000092,-0.0083682192489504814,-0.0048396913334727287,1.1821024417877197,0,0,0,1,0,0,0,0,0,1,0,0.6414380669593811,0.97355353832244873,348.07794189453125,-0.00029262900352478027,-0.0046374201774597168,-0.0043449187651276588,0.30385351181030273,0,-0.012077679857611656,-0.074148297309875488,-0.055056128650903702,0,-16.596607208251953,0,0.053936243057250977,0.039942845702171326,263.24583329085726,-0.016514036804437637,-0.012488766573369503,267.75823974609375,263.62722778320312,9.1552562713623047,4.6127872467041016,0.9301726222038269,0.081898048520088196
25320,232.74624723450614,1,0.3104206919670105,181.25,9.0450553894042969,0.24971543252468109,1,160.11968994140625,1,37.788158416748047,9.4613456726074219,221.10893487278082,0.012603583745658398,0.0094302752986550331,-0.00046703265979886055,1.3223112821578979,-0.10294269025325775,-0.077850572764873505,-0.075089737772941589,-0.056786734610795975,2.9351396560668945,-0.00016068876720964909,-0.0051134675741195679,2.1458220481872559,-9.5475756097584963e-05,-0.0022400307934731245,-4.0745362639427185e-10,1,0.94430947303771973,-0.0049527790397405624,-0.0021445557940751314,-0.0012204245431348681,1.4392802715301514,0,0,0,1,0,0,0,0,0,1,0,0.92196786403656006,1.4051662683486938,348.35931396484375,-4.0367245674133301e-05,-0.00099930912256240845,-0.00095896073617041111,3.4773483276367188,-0.00083690416067838669,-0.021951768547296524,2.4727780818939209,-0.00049384124577045441,-0.0099210664629936218,-1.4272518455982208e-07,1,0.75831127166748047,-0.021114867180585861,-0.0094272270798683167,-0.0049746674485504627,1.1554877758026123,0,0,0,1,0,0,0,0,0,1,0,0.63517820835113525,0.96915078163146973,348.07342529296875,-0.00025263428688049316,-0.0046846568584442139,-0.0044320458546280861,0.30496874451637268,0,-0.012160170823335648,-0.074779883027076721,-0.055358123034238815,0,-16.670883178710938,0,0.053400460630655289,0.039711542427539825,263.2416666240897,-0.016587942838668823,-0.012544658035039902,267.75650024414062,263.62094116210938,9.2107067108154297,4.3238053321838379,0.96567285060882568,0.078605949878692627
25380,234.75786978607559,1,0.31005173921585083,181.25,9.0230789184570312,0.24994029104709625,1,160.32096862792969,1,39.540534973144531,9.4520235061645508,223.0199762967718,0.012701595202088356,0.0094381626695394516,-0.00046478505828417838,1.3223112821578979,-0.10270512104034424,-0.077670909464359283,-0.074901744723320007,-0.056644562631845474,2.9444198608398438,0.00014208152424544096,-0.0052544944919645786,2.147855281829834,5.3443262004293501e-05,-0.0023918941151350737,-6.8394001573324203e-10,1,0.93877887725830078,-0.0053965756669640541,-0.0024453378282487392,-0.0012366857845336199,1.4354450702667236,0,0,0,1,0,0,0,0,0,1,0,0.91868758201599121,1.4049506187438965,348.3546142578125,2.2426247596740723e-06,-0.00099726393818855286,-0.00099960062652826309,3.4851021766662598,3.1518618925474584e-05,-0.021691007539629936,2.4742634296417236,-4.1519269871059805e-05,-0.010446409694850445,-1.431108103133738e-07,1,0.74809694290161133,-0.021722525358200073,-0.010404892265796661,-0.0045324177481234074,1.1436454057693481,0,0,0,1,0,0,0,0,0,1,0,0.6347234845161438,0.97188788652420044,348.0687255859375,-0.00011999253183603287,-0.0045753000304102898,-0.0044552376493811607,0.30592936277389526,0,-0.012224378064274788,-0.075322933495044708,-0.055602535605430603,0,-16.590654373168945,0,0.053826570510864258,0.039747804403305054,263.23749995732214,-0.016508113592863083,-0.012484286911785603,267.75515747070312,263.61099243164062,9.2501029968261719,4.9159765243530273,1.2128322124481201,0.075887724757194519
25440,139.0894050036016,1,0.31053382158279419,181.25,9.0398473739624023,0.25044149160385132,1,160.66400146484375,1,38.303546905517578,9.7447452545166016,132.1349347534215,0.013327218592166901,0.0094173010438680649,-0.00046595951425842941,1.3223112821578979,-0.10288003087043762,-0.077803187072277069,-0.075332880020141602,-0.056970611214637756,2.9510443210601807,0.00012233684537932277,-0.0055585457012057304,2.1508984565734863,4.0825259929988533e-05,-0.0026015215553343296,-4.7293724492192268e-10,1,0.9351997971534729,-0.0056808823719620705,-0.0026423470117151737,-0.0012472638627514243,1.4336831569671631,0,0,0,1,0,0,0,0,0,1,0,0.91265606880187988,1.3992817401885986,348.3497314453125,2.4320557713508606e-05,-0.0010538958013057709,-0.0010782263707369566,3.4909119606018066,0.00016140996012836695,-0.022091291844844818,2.4790878295898438,4.7601526603102684e-05,-0.011535255238413811,-1.4330726116895676e-07,1,0.73751050233840942,-0.022252701222896576,-0.011582858860492706,-0.0038937395438551903,1.1301029920578003,0,0,0,1,0,0,0,0,0,1,0,0.6148759126663208,0.94289267063140869,348.06427001953125,-3.814697265625e-05,-0.0047709196805953979,-0.0047326283529400826,0.30669042468070984,0,-0.012271270155906677,-0.075742557644844055,-0.055805519223213196,0,-16.632575988769531,0,0.056550689041614532,0.039658889174461365,263.23333329055458,-0.01654982753098011,-0.012515833601355553,267.75454711914062,263.60833740234375,9.3784255981445312,4.4271831512451172,0.93620181083679199,0.085074111819267273
25500,218.0275099889374,1,0.31139793992042542,181.25,9.0295429229736328,0.25403869152069092,1,161.01931762695312,1,35.351688385009766,9.6549701690673828,207.12613448949051,0.012286780402064323,0.0093714362010359764,-0.00046882336027920246,1.3223112821578979,-0.10316430032253265,-0.078018166124820709,-0.076145946979522705,-0.057585492730140686,2.9573273658752441,-5.4656877182424068e-05,-0.005901494063436985,2.1571848392486572,-3.5218021366745234e-05,-0.0027947407215833664,-2.0372681319713593e-10,1,0.93323999643325806,-0.0058468380011618137,-0.0027595229912549257,-0.0012449896894395351,1.434672474861145,0,0,0,1,0,0,0,0,0,1,0,0.9116508960723877,1.4013528823852539,348.34539794921875,1.5288591384887695e-05,-0.0010821670293807983,-0.0010974409524351358,3.4949913024902344,-0.00015859957784414291,-0.022754903882741928,2.4860811233520508,-0.00010103383101522923,-0.012789098545908928,-1.4324905350804329e-07,1,0.72887426614761353,-0.022596303373575211,-0.012688066810369492,-0.0031857048161327839,1.1200491189956665,0,0,0,1,0,0,0,0,0,1,0,0.60031318664550781,0.92198717594146729,348.06048583984375,-7.2598457336425781e-05,-0.0050202906131744385,-0.0049476362764835358,0.30751624703407288,0,-0.012326083146035671,-0.076159074902534485,-0.056091584265232086,0,-16.73480224609375,0,0.052024379372596741,0.039460048079490662,263.22916662378702,-0.016651544719934464,-0.012592757120728493,267.7540283203125,263.6002197265625,9.3448657989501953,4.26531982421875,0.7722238302230835,0.072771772742271423
25560,238.77873713242457,1,0.31017246842384338,181.25,9.0032835006713867,0.25671860575675964,1,159.83419799804688,1,35.096858978271484,9.5679540634155273,226.83980027580333,0.011645109392702579,0.0094054993242025375,-0.00046674534678459167,1.3223112821578979,-0.10239887982606888,-0.077439315617084503,-0.075486838817596436,-0.057087041437625885,2.9608364105224609,-0.00018863283912651241,-0.0057853702455759048,2.1616725921630859,-9.7024778369814157e-05,-0.0024201455526053905,-4.3655745685100555e-11,1,0.93804186582565308,-0.005596737377345562,-0.0023231212981045246,-0.0014351285062730312,1.4449257850646973,0,0,0,1,0,0,0,0,0,1,0,0.9175792932510376,1.413249135017395,348.34088134765625,-7.0109963417053223e-06,-0.0010296329855918884,-0.0010225913720205426,3.4979867935180664,-0.00035537616349756718,-0.02222694456577301,2.4900155067443848,-0.00014852226013317704,-0.011772355996072292,-1.4323450159281492e-07,1,0.74162232875823975,-0.021871564909815788,-0.011623834259808064,-0.0035871043801307678,1.1425728797912598,0,0,0,1,0,0,0,0,0,1,0,0.61262023448944092,0.94327956438064575,348.05657958984375,-0.00010951608419418335,-0.0049089156091213226,-0.004799259826540947,0.30808037519454956,0,-0.012367041781544685,-0.076422825455665588,-0.056313656270503998,0,-16.660627365112305,0,0.049242906272411346,0.039603233337402344,263.22499995701946,-0.016577739268541336,-0.012536941096186638,267.7540283203125,263.6026611328125,9.3269672393798828,4.4491305351257324,0.884979248046875,0.05425812304019928
25620,210.51589586524864,1,0.30994266271591187,181.25,8.9960365295410156,0.2583005428314209,1,159.22056579589844,1,36.494754791259766,9.5604877471923828,199.9901010719862,0.012342019006609917,0.0094969384372234344,-0.0004675035597756505,1.3223112821578979,-0.10260125994682312,-0.077592365443706512,-0.074892356991767883,-0.056637462228536606,2.9637165069580078,-0.00023766839876770973,-0.0061101671308279037,2.1617999076843262,-0.00012402934953570366,-0.0022374042309820652,3.92901711165905e-10,1,0.93747061491012573,-0.0058724991977214813,-0.0021133753471076488,-0.001773709082044661,1.4455392360687256,0,0,0,1,0,0,0,0,0,1,0,0.91698551177978516,1.4136078357696533,348.33627319335938,-2.8043985366821289e-05,-0.0010661855340003967,-0.0010381600586697459,3.5005474090576172,-0.00038458884228020906,-0.022711358964443207,2.4887752532958984,-0.00013922224752604961,-0.010600190609693527,-1.4260876923799515e-07,1,0.74617874622344971,-0.022326767444610596,-0.010460969060659409,-0.0047988248988986015,1.1504948139190674,0,0,0,1,0,0,0,0,0,1,0,0.60808110237121582,0.93722021579742432,348.0523681640625,-0.0001170039176940918,-0.0049879103899002075,-0.0048706871457397938,0.30845260620117188,0,-0.012401712127029896,-0.076632976531982422,-0.056418336927890778,0,-16.687692642211914,0,0.052264180034399033,0.03999800980091095,263.2208332902519,-0.016604669392108917,-0.012557307258248329,267.75479125976562,263.60482788085938,9.2921695709228516,4.3082304000854492,0.83868813514709473,0.071984440088272095
25680,213.12232103217133,1,0.30881392955780029,181.25,9.00665283203125,0.25586751103401184,1,158.18550109863281,1,34.709056854248047,9.5977039337158203,202.46620498056276,0.012535609304904938,0.0095704654231667519,-0.00046544024371542037,1.3223112821578979,-0.10204765200614929,-0.077173694968223572,-0.074083693325519562,-0.056025911122560501,2.9664571285247803,-0.0001773384865373373,-0.0059386510401964188,2.1590676307678223,-7.1538612246513367e-05,-0.0020738043822348118,2.9103830456733704e-11,1,0.93927979469299316,-0.0057613123208284378,-0.0020022657699882984,-0.0017931051552295685,1.4489502906799316,0,0,0,1,0,0,0,0,0,1,0,0.92034471035003662,1.4195829629898071,348.331787109375,-9.9986791610717773e-06,-0.0010065659880638123,-0.00099655170924961567,3.5053515434265137,-0.00028575840406119823,-0.022238021716475487,2.4837474822998047,-2.9863091185688972e-05,-0.009864363819360733,-1.414446160197258e-07,1,0.75375449657440186,-0.02195226214826107,-0.0098345009610056877,-0.0050668925978243351,1.16251540184021,0,0,0,1,0,0,0,0,0,1,0,0.61162567138671875,0.94378674030303955,348.04833984375,-7.2807073593139648e-05,-0.0048969537019729614,-0.0048241568729281425,0.30860358476638794,0,-0.012424467131495476,-0.076768502593040466,-0.056400701403617859,0,-16.614042282104492,0,0.053105045109987259,0.040313780307769775,263.21666662348434,-0.016531385481357574,-0.012501886114478111,267.75494384765625,263.60464477539062,9.3245677947998047,4.2744150161743164,0.85499072074890137,0.057143472135066986
25740,221.38136263626726,1,0.30677062273025513,181.25,9.0040311813354492,0.2512805163860321,1,156.30355834960938,1,31.75322151184082,9.6655082702636719,210.31229450445389,0.012709144502878189,0.0096574081107974052,-0.00046175587340258062,1.3223112821578979,-0.10089739412069321,-0.076303817331790924,-0.072836220264434814,-0.055082507431507111,2.967470645904541,-2.3382541257888079e-05,-0.0054760612547397614,2.1535992622375488,1.5376077499240637e-05,-0.0017396042821928859,4.5110937207937241e-10,1,0.94286555051803589,-0.0054526799358427525,-0.0017549807671457529,-0.0018047955818474293,1.4541850090026855,0,0,0,1,0,0,0,0,0,1,0,0.92105960845947266,1.4207086563110352,348.3270263671875,1.9706785678863525e-05,-0.00095818936824798584,-0.00097784376703202724,3.50797438621521,-0.0001538975047878921,-0.020865913480520248,2.4758725166320801,2.7405912987887859e-05,-0.0085265496745705605,-1.4147371985018253e-07,1,0.77123874425888062,-0.02071201428771019,-0.0085539557039737701,-0.0053398357704281807,1.1894853115081787,0,0,0,1,0,0,0,0,0,1,0,0.62394034862518311,0.96321892738342285,348.043701171875,-3.7372112274169922e-05,-0.0046970769762992859,-0.0046596555039286613,0.30846321582794189,0,-0.012430939823389053,-0.076771855354309082,-0.056249205023050308,0,-16.482528686523438,0,0.053859397768974304,0.04068591445684433,263.21249995671678,-0.016400525346398354,-0.012402922846376896,267.7548828125,263.59823608398438,9.4349756240844727,4.4698143005371094,0.98614370822906494,0.058198165148496628
25800,153.88418364644104,1,0.30398291349411011,181.25,9.0076818466186523,0.24967309832572937,1,154.38186645507812,1,30.436006546020508,9.5779428482055664,146.18997446411899,0.012671608477830887,0.0097544612362980843,-0.00045487412717193365,1.3223112821578979,-0.099165722727775574,-0.07499423623085022,-0.07138843834400177,-0.053987618535757065,2.9656195640563965,0.0001040853385347873,-0.0045595858246088028,2.1450262069702148,0.00010175625357078388,-0.0014102569548413157,6.5847416408360004e-10,1,0.95049363374710083,-0.0046636727638542652,-0.0015120139578357339,-0.0015283497050404549,1.4634895324707031,0,0,0,1,0,0,0,0,0,1,0,0.92937535047531128,1.4311705827713013,348.32171630859375,3.7299469113349915e-05,-0.00083178188651800156,-0.00086902198381721973,3.5080740451812744,-9.6551142632961273e-05,-0.019012419506907463,2.4645805358886719,8.6513900896534324e-05,-0.0074695181101560593,-1.4204124454408884e-07,1,0.79148519039154053,-0.018915867432951927,-0.0075560309924185276,-0.0050542796961963177,1.2186788320541382,0,0,0,1,0,0,0,0,0,1,0,0.64612770080566406,0.99526786804199219,348.03805541992188,-3.5232864320278168e-05,-0.0044161491096019745,-0.0043808538466691971,0.30789193511009216,0,-0.012408723123371601,-0.07656358927488327,-0.055933035910129547,0,-16.236879348754883,0,0.053696166723966599,0.041102081537246704,263.20833328994922,-0.016156099736690521,-0.012218075804412365,267.75494384765625,263.590576171875,9.2648000717163086,4.4536566734313965,0.70105767250061035,0.045675616711378098
25860,178.58914998401696,1,0.30180341005325317,181.25,9.0004901885986328,0.25124117732048035,1,152.95809936523438,1,26.734262466430664,9.6058158874511719,169.65969248481611,0.01251043938100338,0.0098145473748445511,-0.00044930365402251482,1.3223112821578979,-0.097743630409240723,-0.073918774724006653,-0.070375598967075348,-0.053221657872200012,2.9606707096099854,0.00016194730415008962,-0.0037493733689188957,2.1352648735046387,0.00012296340719331056,-0.0010357783176004887,5.0931703299283981e-10,1,0.95886820554733276,-0.0039113210514187813,-0.001158742350526154,-0.0013684241566807032,1.4718924760818481,0,0,0,1,0,0,0,0,0,1,0,0.93899691104888916,1.4415237903594971,348.31570434570312,4.307180643081665e-05,-0.00070599466562271118,-0.00074902217602357268,3.503260612487793,4.9319467507302761e-05,-0.016886977478861809,2.4531240463256836,0.00011245917994529009,-0.006685297004878521,-1.4225952327251434e-07,1,0.81196326017379761,-0.016936296597123146,-0.0067977551370859146,-0.0044848332181572914,1.2463712692260742,0,0,0,1,0,0,0,0,0,1,0,0.67510521411895752,1.036495566368103,348.031494140625,-5.6624412536621094e-06,-0.0040156245231628418,-0.004009871743619442,0.30695873498916626,0,-0.012358800508081913,-0.076168835163116455,-0.055501244962215424,0,-16.038040161132812,0,0.052995681762695312,0.041358731687068939,263.20416662318166,-0.015958249568939209,-0.012068451382219791,267.75460815429688,263.6004638671875,9.2948684692382812,4.3513631820678711,0.85322678089141846,0.053719319403171539
25920,226.12989738586495,1,0.30160242319107056,181.25,9.0082607269287109,0.2509131133556366,1,152.94078063964844,1,26.052921295166016,9.5799779891967773,214.82340251657169,0.011871669441461563,0.0097900610417127609,-0.00044845740194432437,1.3223112821578979,-0.097695738077163696,-0.073882557451725006,-0.07016754150390625,-0.053064312785863876,2.9545104503631592,0.00010043138172477484,-0.0036997818388044834,2.1255619525909424,6.9079571403563023e-05,-0.00092231109738349915,5.2386894822120667e-10,1,0.96054112911224365,-0.0038002133369445801,-0.0009913912508636713,-0.0014334851875901222,1.4697649478912354,0,0,0,1,0,0,0,0,0,1,0,0.94204223155975342,1.4415853023529053,348.3092041015625,2.7701258659362793e-05,-0.0006793588399887085,-0.0007069974672049284,3.4965486526489258,-0.00010333233512938023,-0.01679423451423645,2.4429516792297363,-5.5756187066435814e-05,-0.0064197988249361515,-1.4237593859434128e-07,1,0.81532716751098633,-0.016690902411937714,-0.0063640419393777847,-0.0046694562770426273,1.2477068901062012,0,0,0,1,0,0,0,0,0,1,0,0.68749356269836426,1.0524049997329712,348.0242919921875,-2.1994113922119141e-05,-0.0038568079471588135,-0.0038346690125763416,0.30596759915351868,0,-0.012301772832870483,-0.075739413499832153,-0.055062342435121536,0,-16.007833480834961,0,0.050224099308252335,0.041252050548791885,263.1999999564141,-0.015928192064166069,-0.012045720592141151,267.75384521484375,263.5906982421875,9.2085714340209961,4.2870063781738281,0.80846405029296875,0.059901908040046692
25980,211.32028011619224,1,0.30343973636627197,181.25,9.034271240234375,0.25023245811462402,1,154.44638061523438,1,28.168256759643555,9.5518341064453125,200.75426611038262,0.012061487883329391,0.0097032124176621437,-0.00045225108624435961,1.3223112821578979,-0.099088072776794434,-0.074935510754585266,-0.070747964084148407,-0.053503260016441345,2.9526534080505371,-6.1454251408576965e-05,-0.0041182804852724075,2.1179242134094238,-3.946409560739994e-05,-0.00098035973496735096,6.4028427004814148e-10,1,0.95852673053741455,-0.0040568262338638306,-0.00094089575577527285,-0.0016138013452291489,1.4634606838226318,0,0,0,1,0,0,0,0,0,1,0,0.94277429580688477,1.4395327568054199,348.3028564453125,-7.6889991760253906e-06,-0.00070379674434661865,-0.00069602846633642912,3.4946141242980957,-0.00061720702797174454,-0.018606241792440414,2.4366660118103027,-0.00042615458369255066,-0.0064342040568590164,-1.4260876923799515e-07,1,0.805594801902771,-0.017989033833146095,-0.0060080485418438911,-0.0056758648715913296,1.2300324440002441,0,0,0,1,0,0,0,0,0,1,0,0.68762290477752686,1.0503883361816406,348.01708984375,-0.00011652708053588867,-0.0039367973804473877,-0.0038201408460736275,0.30530869960784912,0,-0.01226319931447506,-0.075485482811927795,-0.054735608398914337,0,-16.143251419067383,0,0.051046930253505707,0.040879003703594208,263.19583328964654,-0.016062935814261436,-0.012147620320320129,267.75299072265625,263.58432006835938,9.1365232467651367,4.2596821784973145,0.84020537137985229,0.071126297116279602
26040,200.12000822895035,1,0.30503565073013306,181.25,9.0488805770874023,0.2516004741191864,1,155.5079345703125,1,27.206981658935547,9.4980478286743164,190.11400781750282,0.011859987862408161,0.0096204224973917007,-0.00045628816587850451,1.3223112821578979,-0.10042575001716614,-0.07594713568687439,-0.071082413196563721,-0.053756188601255417,2.9555337429046631,-0.00021833274513483047,-0.0046631265431642532,2.1113338470458984,-0.00011954153887927532,-0.0012417533434927464,-2.0372681319713593e-10,1,0.95425611734390259,-0.0044447947293519974,-0.001122212503105402,-0.0016814109403640032,1.4558364152908325,0,0,0,1,0,0,0,0,0,1,0,0.93629664182662964,1.4286172389984131,348.296875,-4.3496489524841309e-05,-0.00082108378410339355,-0.00077748950570821762,3.4943113327026367,-0.0010247849859297276,-0.02019183337688446,2.4303398132324219,-0.00066430203150957823,-0.0064665116369724274,-1.4324905350804329e-07,1,0.79714095592498779,-0.019167045131325722,-0.0058022085577249527,-0.006490699015557766,1.2157714366912842,0,0,0,1,0,0,0,0,0,1,0,0.67745918035507202,1.0337251424789429,348.01040649414062,-0.00021469593048095703,-0.0041647553443908691,-0.0039497986435890198,0.3051319420337677,0,-0.012253841385245323,-0.075500890612602234,-0.054541464895009995,0,-16.287355422973633,0,0.050173502415418625,0.040523357689380646,263.19166662287898,-0.016206324100494385,-0.012256057932972908,267.75302124023438,263.56866455078125,9.2044792175292969,4.2789449691772461,0.67625397443771362,0.048294667154550552
26100,175.52827698255419,1,0.30415704846382141,181.25,9.046661376953125,0.24934771656990051,1,154.49411010742188,1,28.039276123046875,9.387150764465332,166.75186313342647,0.012520106509327888,0.009664156474173069,-0.00045532526564784348,1.3223112821578979,-0.099831804633140564,-0.075497962534427643,-0.070696532726287842,-0.053464364260435104,2.9579730033874512,-0.00023015571059659123,-0.0043978863395750523,2.1055784225463867,-0.00012716487981379032,-0.0014233359834179282,-2.7648638933897018e-10,1,0.95570725202560425,-0.0041677309200167656,-0.0012961713364347816,-0.0013800016604363918,1.4575285911560059,0,0,0,1,0,0,0,0,0,1,0,0.93302774429321289,1.4228497743606567,348.291259765625,-4.2043626308441162e-05,-0.00086513161659240723,-0.00082304619718343019,3.4918513298034668,-0.00092350738123059273,-0.019889743998646736,2.4229626655578613,-0.0005904659628868103,-0.0067631560377776623,-1.4359829947352409e-07,1,0.79705560207366943,-0.018966235220432281,-0.006172690074890852,-0.0060571376234292984,1.2148101329803467,0,0,0,1,0,0,0,0,0,1,0,0.66862046718597412,1.0187513828277588,348.00439453125,-0.00019973516464233398,-0.0042761266231536865,-0.0040762270800769329,0.30504769086837769,0,-0.012254195287823677,-0.075556091964244843,-0.054379820823669434,0,-16.252983093261719,0,0.053037676960229874,0.040709108114242554,263.18749995611142,-0.016172122210264206,-0.012230193242430687,267.7537841796875,263.55807495117188,9.1938686370849609,4.4467325210571289,0.92157256603240967,0.051582999527454376
26160,156.78864656728126,1,0.30178570747375488,181.25,9.0624837875366211,0.24661906063556671,1,153.0941162109375,1,28.774152755737305,9.4509124755859375,148.94921423891719,0.013984605669975281,0.0098025714978575706,-0.00044882547808811069,1.3223112821578979,-0.098107814788818359,-0.074194192886352539,-0.069842681288719177,-0.05281863734126091,2.9554269313812256,-8.9436041889712214e-05,-0.0035420586355030537,2.0999276638031006,-4.9224297981709242e-05,-0.0012683901004493237,-7.2759576141834259e-11,1,0.96201694011688232,-0.0034526220988482237,-0.0012191655114293098,-0.0010217992821708322,1.4655542373657227,0,0,0,1,0,0,0,0,0,1,0,0.93684828281402588,1.4271001815795898,348.28533935546875,-4.5597553253173828e-06,-0.00077630579471588135,-0.00077163183595985174,3.4864563941955566,-0.00040116684976965189,-0.017460532486438751,2.417241096496582,-0.00027015659725293517,-0.0065989429131150246,-1.4356919564306736e-07,1,0.81140995025634766,-0.017059363424777985,-0.0063287857919931412,-0.0048008193261921406,1.2357125282287598,0,0,0,1,0,0,0,0,0,1,0,0.67877459526062012,1.0334384441375732,347.99810791015625,-9.9916011095046997e-05,-0.0040360391139984131,-0.0039360462687909603,0.30466735363006592,0,-0.012234936468303204,-0.075430810451507568,-0.054153889417648315,0,-16.020973205566406,0,0.059421069920063019,0.041308924555778503,263.18333328934386,-0.015941265970468521,-0.012055607512593269,267.75433349609375,263.54876708984375,9.276738166809082,4.3519325256347656,0.87737596035003662,0.069691449403762817
26220,169.19262117910452,1,0.29969179630279541,181.25,9.0813398361206055,0.24744431674480438,1,151.806396484375,1,28.128658294677734,9.3947772979736328,160.73299012014928,0.014223761856555939,0.0098741799592971802,-0.00044327627983875573,1.3223112821578979,-0.096452623605728149,-0.072942450642585754,-0.069294214248657227,-0.052403859794139862,2.9482951164245605,-2.4426728487014771e-05,-0.0027942170854657888,2.095283031463623,6.2718754634261131e-07,-0.00094445294234901667,-1.1641532182693481e-10,1,0.96909952163696289,-0.0027697896584868431,-0.00094507943140342832,-0.00084852235158905387,1.4731258153915405,0,0,0,1,0,0,0,0,0,1,0,0.94533568620681763,1.4372086524963379,348.27911376953125,1.4066696166992188e-05,-0.00064210593700408936,-0.00065608962904661894,3.4787998199462891,-0.00018430454656481743,-0.015608702786266804,2.4152431488037109,-9.1696390882134438e-05,-0.0062407641671597958,-1.4388933777809143e-07,1,0.82446825504302979,-0.015424398705363274,-0.0061490675434470177,-0.0040034018456935883,1.2536983489990234,0,0,0,1,0,0,0,0,0,1,0,0.68570291996002197,1.0434920787811279,347.991943359375,-6.1243772506713867e-05,-0.003868401050567627,-0.0038070708978921175,0.30393272638320923,0,-0.012186551466584206,-0.075079306960105896,-0.053865738213062286,0,-15.822891235351562,0,0.060467373579740524,0.041616387665271759,263.1791666225763,-0.015744170174002647,-0.011906553991138935,267.75399780273438,263.552734375,9.1036548614501953,4.2364306449890137,0.76478034257888794,0.056886889040470123
26280,221.95804789627201,1,0.2993033230304718,181.25,9.0780630111694336,0.24656727910041809,1,151.19985961914062,1,29.293191909790039,9.3977432250976562,210.86014550145839,0.013440229929983616,0.0098801609128713608,-0.00044332601828500628,1.3223112821578979,-0.095932930707931519,-0.072549432516098022,-0.069488674402236938,-0.052550919353961945,2.9393041133880615,-1.6597507055848837e-05,-0.0026837484911084175,2.093059778213501,3.356661181896925e-06,-0.00085326971020549536,-3.4924596548080444e-10,1,0.97040784358978271,-0.0026671504601836205,-0.00085662561468780041,-0.00086555833695456386,1.4711275100708008,0,0,0,1,0,0,0,0,0,1,0,0.94596099853515625,1.4342195987701416,348.27294921875,6.5118074417114258e-06,-0.00064040720462799072,-0.00064681633375585079,3.4685273170471191,-8.3871651440858841e-05,-0.014916405081748962,2.4158058166503906,-4.2182859033346176e-05,-0.0065754689276218414,-1.4458782970905304e-07,1,0.82607996463775635,-0.014832532964646816,-0.0065332856029272079,-0.0033612921833992004,1.2529458999633789,0,0,0,1,0,0,0,0,0,1,0,0.68037891387939453,1.0327279567718506,347.98590087890625,-6.4179301261901855e-05,-0.0039179176092147827,-0.0038535927888005972,0.30311039090156555,0,-0.012132801115512848,-0.074639990925788879,-0.053606167435646057,0,-15.824667930603027,0,0.057043563574552536,0.041639603674411774,263.17499995580874,-0.015745937824249268,-0.011907890439033508,267.75338745117188,263.5535888671875,9.1892843246459961,4.4135661125183105,0.75462353229522705,0.056355271488428116
26340,231.61074202707252,1,0.30104339122772217,181.25,9.0790557861328125,0.24410918354988098,1,151.40432739257812,1,31.683979034423828,9.4164266586303711,220.03020492571889,0.01270942110568285,0.0098628271371126175,-0.00045049405889585614,1.3223112821578979,-0.096803262829780579,-0.07320762425661087,-0.070640638470649719,-0.053422093391418457,2.9319753646850586,-0.00011751509737223387,-0.0031649433076381683,2.0946586132049561,-7.3068251367658377e-05,-0.0011614157119765878,-4.3655745685100555e-10,1,0.9656907320022583,-0.0030474276281893253,-0.0010883469367399812,-0.00090050126891583204,1.4611557722091675,0,0,0,1,0,0,0,0,0,1,0,0.93464958667755127,1.4141182899475098,348.26763916015625,-1.887977123260498e-05,-0.00080780684947967529,-0.00078882451634854078,3.4608254432678223,-0.00027228845283389091,-0.015635132789611816,2.4198946952819824,-0.00016482023056596518,-0.0076352693140506744,-1.4505349099636078e-07,1,0.81555932760238647,-0.015362842939794064,-0.0074704480357468128,-0.0029227952472865582,1.2342019081115723,0,0,0,1,0,0,0,0,0,1,0,0.65330052375793457,0.98876035213470459,347.98077392578125,-0.00010028481483459473,-0.004292413592338562,-0.004191892221570015,0.30256175994873047,0,-0.012108512222766876,-0.074308812618255615,-0.053487267345190048,0,-16.080532073974609,0,0.053860589861869812,0.041564710438251495,263.17083328904118,-0.016000529751181602,-0.01210042554885149,267.75271606445312,263.55691528320312,9.2236042022705078,4.404088020324707,0.85184186697006226,0.070833951234817505
26400,247.14251404983978,1,0.30331721901893616,181.25,9.0868501663208008,0.24379873275756836,1,152.19377136230469,1,31.989435195922852,9.4986953735351562,234.78538834734778,0.012769229710102081,0.0098435040563344955,-0.00045838908408768475,1.3223112821578979,-0.098035052418708801,-0.07413916289806366,-0.072034180164337158,-0.054475963115692139,2.9284648895263672,-0.00017468369333073497,-0.0036736726760864258,2.0994193553924561,-0.00011724367504939437,-0.0016390287782996893,-9.0221874415874481e-10,1,0.95923447608947754,-0.0034989882260560989,-0.0015217846957966685,-0.00082033604849129915,1.450852632522583,0,0,0,1,0,0,0,0,0,1,0,0.92333143949508667,1.3964505195617676,348.26333618164062,-4.5277178287506104e-05,-0.00097715109586715698,-0.00093182059936225414,3.4607682228088379,-0.00037247547879815102,-0.016524363309144974,2.4242126941680908,-0.00022014928981661797,-0.0085466625168919563,-1.4499528333544731e-07,1,0.803688645362854,-0.01615188829600811,-0.0083265118300914764,-0.0027184425853192806,1.2155008316040039,0,0,0,1,0,0,0,0,0,1,0,0.63025319576263428,0.95342719554901123,347.976806640625,-0.00014060735702514648,-0.0046232938766479492,-0.0044824513606727123,0.302498459815979,0,-0.012127835303544998,-0.074197068810462952,-0.053580388426780701,0,-16.362348556518555,0,0.054120719432830811,0.041482962667942047,263.16666662227362,-0.016280943527817726,-0.012312489561736584,267.75186157226562,263.54855346679688,9.2570648193359375,4.2854633331298828,0.96408498287200928,0.083436042070388794
26460,263.99234017168908,1,0.30536171793937683,181.25,9.1200132369995117,0.24402837455272675,1,153.42344665527344,1,29.586790084838867,9.4862003326416016,250.79272316310463,0.012102324515581131,0.0097898794338107109,-0.00046397227561101317,1.3223112821578979,-0.099624492228031158,-0.075341179966926575,-0.072648711502552032,-0.054940704256296158,2.9307234287261963,-0.0001029206468956545,-0.0044162650592625141,2.1040933132171631,-8.4088744188193232e-05,-0.0018100265879184008,-6.7666405811905861e-10,1,0.95098155736923218,-0.004313343670219183,-0.001725937589071691,-0.0011412831954658031,1.4399173259735107,0,0,0,1,0,0,0,0,0,1,0,0.91445827484130859,1.384774923324585,348.2596435546875,-4.9933791160583496e-05,-0.0010919142514467239,-0.0010418975725769997,3.4663629531860352,-0.00030047359177842736,-0.018306827172636986,2.4267830848693848,-0.0002173176035284996,-0.0085396263748407364,-1.4391844160854816e-07,1,0.78757256269454956,-0.018006354570388794,-0.0083223078399896622,-0.0038373421411961317,1.1926954984664917,0,0,0,1,0,0,0,0,0,1,0,0.61704713106155396,0.93546497821807861,347.97332763671875,-0.00017052888870239258,-0.0048186630010604858,-0.0046477867290377617,0.3028486967086792,0,-0.012177919968962669,-0.074304893612861633,-0.053801015019416809,0,-16.561641693115234,0,0.051224034279584885,0.041253160685300827,263.16249995550606,-0.016479246318340302,-0.012462455779314041,267.75155639648438,263.5419921875,9.1902246475219727,4.279273509979248,0.90582478046417236,0.075143486261367798
26520,210.30697923401047,1,0.30577516555786133,181.25,9.1309194564819336,0.24235180020332336,1,153.88009643554688,1,29.648496627807617,9.4109678268432617,199.79163027230993,0.013185056857764721,0.0097850589081645012,-0.00046447693603113294,1.3223112821578979,-0.10032354295253754,-0.075869835913181305,-0.072253510355949402,-0.054641831666231155,2.9374992847442627,-8.2690385170280933e-05,-0.0046130227856338024,2.1065523624420166,-7.6399999670684338e-05,-0.0015357495285570621,-5.2386894822120667e-10,1,0.95071130990982056,-0.0045303311198949814,-0.001459349412471056,-0.0014869422884657979,1.4420361518859863,0,0,0,1,0,0,0,0,0,1,0,0.91295254230499268,1.3851644992828369,348.2559814453125,-4.7862529754638672e-05,-0.0011069774627685547,-0.0010590520687401295,3.4772827625274658,-0.00045034266076982021,-0.019360581412911415,2.4303641319274902,-0.00031736027449369431,-0.0079166106879711151,-1.4354009181261063e-07,1,0.78464406728744507,-0.018910236656665802,-0.007599247619509697,-0.0049626012332737446,1.1904571056365967,0,0,0,1,0,0,0,0,0,1,0,0.6112217903137207,0.92859727144241333,347.97003173828125,-0.00020015239715576172,-0.0049345493316650391,-0.0047340681776404381,0.30334579944610596,0,-0.012230556458234787,-0.074546761810779572,-0.053979802876710892,0,-16.579656600952148,0,0.055931046605110168,0.041234683245420456,263.1583332887385,-0.016497170552611351,-0.012476011179387569,267.751708984375,263.5303955078125,9.1815299987792969,4.4255809783935547,0.87951785326004028,0.080589339137077332
26580,168.41720653518553,1,0.30624184012413025,181.25,9.1336288452148438,0.24168094992637634,1,154.45025634765625,1,30.002653121948242,9.4981002807617188,159.99634620842625,0.013082638382911682,0.0097626317292451859,-0.00046488438965752721,1.3223112821578979,-0.10087987780570984,-0.076290570199489594,-0.07212597131729126,-0.054545380175113678,2.945758581161499,-9.2031288659200072e-05,-0.0045148525387048721,2.108004093170166,-7.6287629781290889e-05,-0.0013137597125023603,-1.3096723705530167e-10,1,0.95328021049499512,-0.0044228201732039452,-0.0012374714715406299,-0.0015978045994415879,1.4482135772705078,0,0,0,1,0,0,0,0,0,1,0,0.9154970645904541,1.3910367488861084,348.25213623046875,-3.8359314203262329e-05,-0.0010735355317592621,-0.0010351680684834719,3.4902362823486328,-0.00068598735379055142,-0.019552981480956078,2.4349603652954102,-0.00047169451136142015,-0.0071775522083044052,-1.442967914044857e-07,1,0.79171180725097656,-0.018866991624236107,-0.006705855019390583,-0.005636824294924736,1.2028211355209351,0,0,0,1,0,0,0,0,0,1,0,0.61043834686279297,0.92840570211410522,347.966796875,-0.00020823627710342407,-0.0049779340624809265,-0.0047694612294435501,0.30383256077766418,0,-0.012277186848223209,-0.074835360050201416,-0.054090455174446106,0,-16.594200134277344,0,0.0554848313331604,0.041139870882034302,263.15416662197094,-0.016511641442775726,-0.012486955150961876,267.75198364257812,263.53384399414062,9.2577800750732422,4.4416117668151855,0.80348002910614014,0.075853981077671051
26640,187.12416777560699,1,0.30521494150161743,181.25,9.1528615951538086,0.24184173345565796,1,153.85195922851562,1,27.972867965698242,9.4470691680908203,177.76795938682665,0.012726946733891964,0.0097607588395476341,-0.00046201312215998769,1.3223112821578979,-0.10031211376190186,-0.075861193239688873,-0.0714922696352005,-0.054066140204668045,2.9525079727172852,-4.5220062020234764e-05,-0.0040134894661605358,2.1076018810272217,-2.8569425921887159e-05,-0.0010151318274438381,7.2759576141834259e-11,1,0.95889490842819214,-0.0039682677015662193,-0.00098656187765300274,-0.0015296911587938666,1.4584678411483765,0,0,0,1,0,0,0,0,0,1,0,0.92701613903045654,1.4100532531738281,348.24807739257812,-1.9807368516921997e-05,-0.00091788731515407562,-0.00089804176241159439,3.4996483325958252,-0.00083547167014330626,-0.01880723237991333,2.4352700710296631,-0.0005624521872960031,-0.0062386584468185902,-1.4466058928519487e-07,1,0.80622780323028564,-0.017971757799386978,-0.0056762043386697769,-0.0059274295344948769,1.2265019416809082,0,0,0,1,0,0,0,0,0,1,0,0.62679046392440796,0.95421946048736572,347.96380615234375,-0.00023969635367393494,-0.0048252008855342865,-0.0045853541232645512,0.30418539047241211,0,-0.012309117242693901,-0.075067967176437378,-0.054134905338287354,0,-16.491710662841797,0,0.05393681675195694,0.041128091514110565,263.14999995520338,-0.016409661620855331,-0.012409832328557968,267.75177001953125,263.5235595703125,9.1561298370361328,4.4179744720458984,0.8509213924407959,0.063864648342132568
26700,181.11948322021635,1,0.30513760447502136,181.25,9.1521177291870117,0.23964810371398926,1,153.22004699707031,1,27.296554565429688,9.478693962097168,172.06350905920553,0.012089538387954235,0.0097723957151174545,-0.00046356601524166763,1.3223112821578979,-0.10048739612102509,-0.075993753969669342,-0.071137718856334686,-0.053798012435436249,2.9583292007446289,-6.0338177718222141e-05,-0.0039008324965834618,2.1046175956726074,-5.2903196774423122e-06,-0.00089244049740955234,-5.2386894822120667e-10,1,0.96072125434875488,-0.0038404942024499178,-0.00088714959565550089,-0.0015261928783729672,1.4618908166885376,0,0,0,1,0,0,0,0,0,1,0,0.93057560920715332,1.4159393310546875,348.24398803710938,-5.938112735748291e-06,-0.00086413323879241943,-0.00085818540537729859,3.5083632469177246,-0.00097654503770172596,-0.018920090049505234,2.4307644367218018,-0.0005467334995046258,-0.0055184913799166679,-1.4476245269179344e-07,1,0.81106162071228027,-0.017943542450666428,-0.004971756599843502,-0.0064574354328215122,1.2344136238098145,0,0,0,1,0,0,0,0,0,1,0,0.62718558311462402,0.95495939254760742,347.96060180664062,-0.0002646520733833313,-0.0048556029796600342,-0.0045910323970019817,0.30433312058448792,0,-0.012327650561928749,-0.075205191969871521,-0.054087124764919281,0,-16.547140121459961,0,0.051168568432331085,0.041176199913024902,263.14583328843582,-0.016464816406369209,-0.012451543472707272,267.7510986328125,263.52142333984375,9.174586296081543,4.4813308715820312,0.85011351108551025,0.065630450844764709
26760,188.98684254439365,1,0.30581098794937134,181.25,9.144587516784668,0.23784066736698151,1,153.05793762207031,1,28.037748336791992,9.48583984375,179.53750041717396,0.012129846028983593,0.009775049053132534,-0.00046713606570847332,1.3223112821578979,-0.10115882754325867,-0.076501525938510895,-0.071129709482192993,-0.05379195511341095,2.9652328491210938,-0.00015032617375254631,-0.0041049858555197716,2.1003684997558594,-1.6709731426090002e-05,-0.00093538028886541724,-2.6193447411060333e-10,1,0.95965629816055298,-0.003954659216105938,-0.00091867020819336176,-0.0015577748417854309,1.4612419605255127,0,0,0,1,0,0,0,0,0,1,0,0.93075549602508545,1.4171651601791382,348.24008178710938,-1.9785016775131226e-05,-0.00087866559624671936,-0.00085887353634461761,3.5148582458496094,-0.0011491365730762482,-0.019293265417218208,2.4241943359375,-0.00043891347013413906,-0.0054006250575184822,-1.4540273696184158e-07,1,0.81003308296203613,-0.018144130706787109,-0.0049617113545536995,-0.0065470081754028797,1.2333893775939941,0,0,0,1,0,0,0,0,0,1,0,0.62797069549560547,0.9564240574836731,347.95672607421875,-0.0002954825758934021,-0.0048918724060058594,-0.0045966724865138531,0.30455112457275391,0,-0.012360610067844391,-0.075400263071060181,-0.05403507873415947,0,-16.67457389831543,0,0.051343414932489395,0.041187290102243423,263.14166662166826,-0.016591615974903107,-0.01254743617027998,267.74920654296875,263.52938842773438,9.2573690414428711,4.6256446838378906,0.86312663555145264,0.068052887916564941
26820,208.92284732228916,1,0.30676203966140747,181.25,9.1416254043579102,0.23749625682830811,1,153.63810729980469,1,28.234973907470703,9.5801219940185547,198.4767049561747,0.012939176522195339,0.00975765660405159,-0.00046972744166851044,1.3223112821578979,-0.10203883051872253,-0.077167026698589325,-0.071216210722923279,-0.053857371211051941,2.9725050926208496,-0.00032452715095132589,-0.0044543175026774406,2.0958619117736816,-0.00014290364924818277,-0.0010539654176682234,-6.5483618527650833e-10,1,0.95826762914657593,-0.0041297893039882183,-0.00091106106992810965,-0.0016565707046538591,1.4605239629745483,0,0,0,1,0,0,0,0,0,1,0,0.93123990297317505,1.419459342956543,348.23583984375,-5.8412551879882812e-05,-0.00091160088777542114,-0.00085317110642790794,3.5196142196655273,-0.0013101357035338879,-0.020434550940990448,2.4187359809875488,-0.00056760275037959218,-0.0054002832621335983,-1.4581019058823586e-07,1,0.8026965856552124,-0.019124416634440422,-0.004832681268453598,-0.0071840696036815643,1.2233095169067383,0,0,0,1,0,0,0,0,0,1,0,0.62909233570098877,0.9594692587852478,347.9520263671875,-0.00032749772071838379,-0.0049182772636413574,-0.0045910375192761421,0.30484569072723389,0,-0.012400630861520767,-0.075657017529010773,-0.05399414524435997,0,-16.767074584960938,0,0.054860178381204605,0.041113749146461487,263.1374999549007,-0.016683656722307205,-0.012617041356861591,267.74752807617188,263.53115844726562,9.2972335815429688,4.3162508010864258,0.98418998718261719,0.074731685221195221
26880,233.61322067792747,1,0.30743876099586487,181.25,9.1185674667358398,0.23721790313720703,1,154.04312133789062,1,26.845298767089844,9.6722307205200195,221.9325596440311,0.012136041186749935,0.0097424136474728584,-0.00047159977839328349,1.3223112821578979,-0.10274583101272583,-0.077701695263385773,-0.071162119507789612,-0.053816463798284531,2.9807248115539551,-0.00038273731479421258,-0.0047633349895477295,2.0915005207061768,-0.00020808809495065361,-0.001087686512619257,-2.9467628337442875e-10,1,0.95635062456130981,-0.0043805977329611778,-0.00087959773372858763,-0.0018216706812381744,1.4595650434494019,0,0,0,1,0,0,0,0,0,1,0,0.92980492115020752,1.4187943935394287,348.2314453125,-7.5049698352813721e-05,-0.00095492415130138397,-0.00087998236995190382,3.5234208106994629,-0.0012151992414146662,-0.021288242191076279,2.4130229949951172,-0.00061863852897658944,-0.0056605427525937557,-1.44427758641541e-07,1,0.79368293285369873,-0.020073045045137405,-0.0050419047474861145,-0.0075200404971837997,1.211014986038208,0,0,0,1,0,0,0,0,0,1,0,0.62090718746185303,0.94764459133148193,347.94686889648438,-0.00029860064387321472,-0.0050191488116979599,-0.004720788449048996,0.30525395274162292,0,-0.012447248212993145,-0.07600034773349762,-0.053974658250808716,0,-16.833908081054688,0,0.051370274275541306,0.041047964245080948,263.13333328813314,-0.016750156879425049,-0.012667332775890827,267.74661254882812,263.52252197265625,9.4108715057373047,4.4206547737121582,0.74088424444198608,0.062230810523033142
26940,264.15910215808356,1,0.30550864338874817,181.25,9.1168308258056641,0.23397454619407654,1,153.39505004882812,1,25.818790435791016,9.5631532669067383,250.95114705017934,0.012387421913444996,0.0097893066704273224,-0.00046472830581478775,1.3223112821578979,-0.10143333673477173,-0.076709121465682983,-0.0703095942735672,-0.053171742707490921,2.9846334457397461,-0.00019396358402445912,-0.0043971179984509945,2.0869598388671875,-0.0001199943944811821,-0.00082634750287979841,-1.4551915228366852e-10,1,0.9591681957244873,-0.0042031547054648399,-0.00070635287556797266,-0.0018495502881705761,1.4646129608154297,0,0,0,1,0,0,0,0,0,1,0,0.93637579679489136,1.429072380065918,348.22616577148438,-3.2439827919006348e-05,-0.00084193795919418335,-0.00080960540799424052,3.5217781066894531,-0.00070723885437473655,-0.019674282521009445,2.4087035655975342,-0.00036220316542312503,-0.0052311918698251247,-1.4287070371210575e-07,1,0.80459272861480713,-0.018967043608427048,-0.0048689874820411205,-0.0069728116504848003,1.2283225059509277,0,0,0,1,0,0,0,0,0,1,0,0.64693820476531982,0.98729020357131958,347.9407958984375,-0.00016910582780838013,-0.0045839622616767883,-0.0044150869362056255,0.30544197559356689,0,-0.012471951544284821,-0.076226383447647095,-0.053886637091636658,0,-16.588628768920898,0,0.05246131494641304,0.041248977184295654,263.12916662136558,-0.016506098210811615,-0.012482763268053532,267.74615478515625,263.51400756835938,9.3751087188720703,4.3061976432800293,0.86112457513809204,0.047993913292884827
27000,246.3639850204865,1,0.30306249856948853,181.25,9.1585025787353516,0.23459100723266602,1,152.54934692382812,1,24.821306228637695,9.5668792724609375,234.04578576946216,0.012855919077992439,0.0098426323384046555,-0.0004561694513540715,1.3223112821578979,-0.099510088562965393,-0.075254663825035095,-0.069626748561859131,-0.052655339241027832,2.9823715686798096,-1.3304816093295813e-05,-0.0037293892819434404,2.0823283195495605,-1.0567498975433409e-05,-0.00075604580342769623,4.5838532969355583e-10,1,0.96312606334686279,-0.003716084873303771,-0.00074547802796587348,-0.0015308214351534843,1.4695206880569458,0,0,0,1,0,0,0,0,0,1,0,0.94259339570999146,1.4374529123306274,348.21954345703125,4.9769878387451172e-06,-0.00072484277188777924,-0.00072994385845959187,3.5145907402038574,-0.00031264586141332984,-0.017693782225251198,2.4036993980407715,-0.00012207328109070659,-0.0052799507975578308,-1.4220131561160088e-07,1,0.8159414529800415,-0.017381135374307632,-0.0051578767597675323,-0.0057983286678791046,1.244971752166748,0,0,0,1,0,0,0,0,0,1,0,0.6748310923576355,1.0292341709136963,347.933349609375,-9.3691051006317139e-05,-0.0041486211121082306,-0.0040551144629716873,0.30521219968795776,0,-0.012451760470867157,-0.076181359589099884,-0.053705975413322449,0,-16.283117294311523,0,0.054497841745615005,0.041478917002677917,263.12499995459802,-0.016202107071876526,-0.012252869084477425,267.74606323242188,263.5184326171875,9.2699975967407227,4.1676015853881836,0.8835606575012207,0.046505138278007507
27060,233.75761622779063,1,0.30011680722236633,181.25,9.1425418853759766,0.23968611657619476,1,150.95388793945312,1,24.05982780456543,9.6012468338012695,222.0697354164011,0.012371362186968327,0.0099078845232725143,-0.00044767893268726766,1.3223112821578979,-0.097243234515190125,-0.073540352284908295,-0.068765774369239807,-0.052004225552082062,2.9740240573883057,9.5393661467824131e-06,-0.0029430417343974113,2.0778851509094238,2.0302257325965911e-05,-0.00059828511439263821,5.6115823099389672e-10,1,0.97032076120376587,-0.0029525812715291977,-0.00061858695698902011,-0.001195116201415658,1.4774771928787231,0,0,0,1,0,0,0,0,0,1,0,0.94864463806152344,1.444115161895752,348.21200561523438,7.9809688031673431e-06,-0.00063478248193860054,-0.00064284401014447212,3.501166820526123,-0.00029418460326269269,-0.015605367720127106,2.3971052169799805,-9.4199669547379017e-05,-0.0051361885853111744,-1.416192390024662e-07,1,0.83380913734436035,-0.015311182476580143,-0.0050419876351952553,-0.0046997861936688423,1.2697658538818359,0,0,0,1,0,0,0,0,0,1,0,0.6958501935005188,1.0597457885742188,347.92486572265625,-8.5622072219848633e-05,-0.0038490965962409973,-0.003763681510463357,0.30456399917602539,0,-0.01239431370049715,-0.075854778289794922,-0.053457535803318024,0,-15.980045318603516,0,0.052391566336154938,0.041757557541131973,263.12083328783046,-0.015900542959570885,-0.012024810537695885,267.74591064453125,263.51629638671875,9.3739118576049805,4.109126091003418,0.92694377899169922,0.050891205668449402
27120,183.59667592014441,1,0.29799568653106689,181.25,9.1400394439697266,0.24031603336334229,1,149.86128234863281,1,26.165231704711914,9.5717134475708008,174.41684212413719,0.012169240973889828,0.0099666649475693703,-0.00044144896673969924,1.3223112821578979,-0.095522552728652954,-0.07223907858133316,-0.068290792405605316,-0.05164501816034317,2.961702823638916,5.1851384341716766e-07,-0.0022823256440460682,2.0737252235412598,1.3913202565163374e-05,-0.00044031592551618814,-2.6193447411060333e-10,1,0.97714942693710327,-0.0022828441578894854,-0.00045422895345836878,-0.0009462143643759191,1.4828760623931885,0,0,0,1,0,0,0,0,0,1,0,0.95689296722412109,1.4519269466400146,348.20416259765625,-2.5928020477294922e-06,-0.0005375295877456665,-0.00053500826470553875,3.4857728481292725,-0.00026331841945648193,-0.01399692427366972,2.3915925025939941,-9.8824384622275829e-05,-0.0052064643241465092,-1.414446160197258e-07,1,0.84687900543212891,-0.013733606785535812,-0.0051076393574476242,-0.0037494071293622255,1.2849195003509521,0,0,0,1,0,0,0,0,0,1,0,0.71694362163543701,1.0878821611404419,347.91644287109375,-9.3594193458557129e-05,-0.0035785883665084839,-0.0034851380623877048,0.3035443127155304,0,-0.012309886515140533,-0.075297921895980835,-0.053149618208408356,0,-15.757664680480957,0,0.051514308899641037,0.042009107768535614,263.1166666210629,-0.015679268166422844,-0.01185747142881155,267.74481201171875,263.514892578125,9.2800989151000977,4.1140050888061523,0.75419807434082031,0.047529403120279312
27180,157.03700924209892,1,0.29750794172286987,181.25,9.1349048614501953,0.24154059588909149,1,149.84078979492188,1,26.519968032836914,9.6524496078491211,149.18515877999397,0.012399377301335335,0.0099839270114898682,-0.00043934493442066014,1.3223112821578979,-0.094923913478851318,-0.071786358952522278,-0.06846599280834198,-0.051777515560388565,2.9478464126586914,-5.6089804274961352e-05,-0.0021498068235814571,2.0702548027038574,-2.2638254449702799e-05,-0.00060366850811988115,-3.5652192309498787e-10,1,0.97803735733032227,-0.0020937169902026653,-0.00058103003539144993,-0.00073800585232675076,1.478877067565918,0,0,0,1,0,0,0,0,0,1,0,0.96071004867553711,1.4525496959686279,348.19607543945312,-2.3595988750457764e-05,-0.00050888769328594208,-0.00048532563960179687,3.4680898189544678,-0.00034860189771279693,-0.013142401352524757,2.3850076198577881,-0.00013716728426516056,-0.0053093573078513145,-1.4121178537607193e-07,1,0.8543781042098999,-0.012793798930943012,-0.005172189325094223,-0.0031781368888914585,1.2912611961364746,0,0,0,1,0,0,0,0,0,1,0,0.73846268653869629,1.1163816452026367,347.90777587890625,-0.00012724846601486206,-0.0033287405967712402,-0.0032015326432883739,0.30247664451599121,0,-0.012220590375363827,-0.074687719345092773,-0.052884761244058609,0,-15.682560920715332,0,0.052513256669044495,0.042084239423274994,263.11249995429534,-0.015604537911713123,-0.011800956912338734,267.74374389648438,263.50497436523438,9.3493862152099609,4.2265596389770508,0.80706804990768433,0.052097603678703308
27240,178.91157724391263,1,0.29785007238388062,181.25,9.1614360809326172,0.2381376177072525,1,149.72645568847656,1,26.711864471435547,9.6516218185424805,169.96599838171699,0.012947671115398407,0.010009525343775749,-0.00044119905214756727,1.3223112821578979,-0.095089063048362732,-0.071911253035068512,-0.068697378039360046,-0.051952499896287918,2.9345066547393799,-0.00022103174705989659,-0.0027541215531527996,2.066392183303833,-0.00012836037785746157,-0.0011874844785779715,-2.1827872842550278e-10,1,0.97117847204208374,-0.0025330898351967335,-0.0010591237805783749,-0.00060875079361721873,1.4640727043151855,0,0,0,1,0,0,0,0,0,1,0,0.94915866851806641,1.4308569431304932,348.188232421875,-6.4939260482788086e-05,-0.00068955868482589722,-0.00062463409267365932,3.4489727020263672,-0.00061155075673013926,-0.014029125683009624,2.3745536804199219,-0.00030561746098101139,-0.0056760367006063461,-1.4071702025830746e-07,1,0.84707677364349365,-0.013417573645710945,-0.0053704185411334038,-0.003403843380510807,1.2762887477874756,0,0,0,1,0,0,0,0,0,1,0,0.71938753128051758,1.0845603942871094,347.89871215820312,-0.00017489492893218994,-0.003587767481803894,-0.0034128993283957243,0.30160254240036011,0,-0.012148408219218254,-0.074170976877212524,-0.052704334259033203,0,-15.748744964599609,0,0.054897163063287735,0.042198419570922852,263.10833328752778,-0.015670392662286758,-0.011850759387016296,267.743408203125,263.49703979492188,9.3735799789428711,4.4368705749511719,0.72775876522064209,0.055455625057220459
27300,151.31095013940569,1,0.29801690578460693,181.25,9.1607379913330078,0.2353765070438385,1,149.08383178710938,1,27.470731735229492,9.5245761871337891,143.7454026324354,0.013145859353244305,0.01005144789814949,-0.00044384584180079401,1.3223112821578979,-0.095269843935966492,-0.072047971189022064,-0.068671494722366333,-0.051932927221059799,2.9246487617492676,-0.00037312210770323873,-0.0034331441856920719,2.0624032020568848,-0.00023121639969758689,-0.0015994688728824258,3.8562575355172157e-10,1,0.96442949771881104,-0.0030600216705352068,-0.0013682516291737556,-0.00067263306118547916,1.450592041015625,0,0,0,1,0,0,0,0,0,1,0,0.93947601318359375,1.4129376411437988,348.18167114257812,-9.4538554549217224e-05,-0.0008372957818210125,-0.0007427275413647294,3.4339008331298828,-0.00090652646031230688,-0.015867901965975761,2.3648207187652588,-0.000563900510314852,-0.0066455826163291931,-1.4082615962252021e-07,1,0.82834398746490479,-0.014961376786231995,-0.0060816812328994274,-0.0037541883066296577,1.2450630664825439,0,0,0,1,0,0,0,0,0,1,0,0.67659413814544678,1.0170825719833374,347.891357421875,-0.0002305004745721817,-0.0041594523936510086,-0.0039291237480938435,0.30092981457710266,0,-0.012101017870008945,-0.073774844408035278,-0.052568797022104263,0,-15.843222618103027,0,0.055760245770215988,0.042377680540084839,263.10416662076022,-0.015764400362968445,-0.011921852827072144,267.7440185546875,263.48739624023438,9.2941770553588867,4.3728213310241699,0.69291961193084717,0.051728032529354095
27360,125.6626894465246,1,0.29693996906280518,181.25,9.1476469039916992,0.2377692312002182,1,147.81216430664062,1,26.358512878417969,9.5690584182739258,119.37955497419836,0.012360136955976486,0.010136459022760391,-0.00044282872113399208,1.3223112821578979,-0.094689764082431793,-0.071609281003475189,-0.068027123808860779,-0.051445618271827698,2.9171073436737061,-0.00029353445279411972,-0.0034124408848583698,2.0594577789306641,-0.0001839115284383297,-0.0014503567945212126,7.2759576141834259e-11,1,0.96429383754730225,-0.003118906170129776,-0.0012664442183449864,-0.000785027164965868,1.4475560188293457,0,0,0,1,0,0,0,0,0,1,0,0.93981456756591797,1.4106216430664062,348.176025390625,-6.839260458946228e-05,-0.00080411136150360107,-0.00073571107350289822,3.4232439994812012,-0.00067944446345791221,-0.016012163832783699,2.3612751960754395,-0.00042945047607645392,-0.0066707772202789783,-1.4080433174967766e-07,1,0.82306802272796631,-0.015332720242440701,-0.0062413262203335762,-0.0038351593539118767,1.2347660064697266,0,0,0,1,0,0,0,0,0,1,0,0.66356229782104492,0.9949723482131958,347.8856201171875,-0.00017261505126953125,-0.0042542256414890289,-0.0040817055851221085,0.30032208561897278,0,-0.012069534510374069,-0.073439061641693115,-0.052419673651456833,0,-15.806915283203125,0,0.052342828363180161,0.042742110788822174,263.09999995399266,-0.01572827436029911,-0.011894532479345798,267.74508666992188,263.48233032226562,9.2089710235595703,4.3148579597473145,0.75184714794158936,0.04874332994222641
27420,165.7539396409951,1,0.29428359866142273,181.25,9.1656970977783203,0.23607070744037628,1,146.41880798339844,1,25.486867904663086,9.5832757949829102,157.46624265894533,0.012887716293334961,0.010218657553195953,-0.00043515229481272399,1.3223112821578979,-0.092976599931716919,-0.070313699543476105,-0.066852428019046783,-0.050557255744934082,2.9077005386352539,-3.6889221519231796e-05,-0.0026528299786150455,2.0559501647949219,-1.1883006663993001e-05,-0.00091724051162600517,-3.2014213502407074e-10,1,0.97061759233474731,-0.0026159412227571011,-0.00090535671915858984,-0.00078307802323251963,1.4531105756759644,0,0,0,1,0,0,0,0,0,1,0,0.95017039775848389,1.4224114418029785,348.169921875,2.2873282432556152e-06,-0.00059926882386207581,-0.00060159526765346527,3.4126489162445068,-4.6775443479418755e-05,-0.014618251472711563,2.3593103885650635,5.5128242820501328e-05,-0.0058033536188304424,-1.4150282368063927e-07,1,0.83049303293228149,-0.014571476727724075,-0.0058584818616509438,-0.0037011955864727497,1.2429804801940918,0,0,0,1,0,0,0,0,0,1,0,0.68439888954162598,1.0240041017532349,347.87945556640625,-1.3381242752075195e-05,-0.0038125067949295044,-0.0037992268335074186,0.29945364594459534,0,-0.012018968351185322,-0.072983980178833008,-0.052154973149299622,0,-15.532903671264648,0,0.054636199027299881,0.043095618486404419,263.0958332872251,-0.015455625951290131,-0.01168834138661623,267.74551391601562,263.47702026367188,9.3141860961914062,4.5049552917480469,0.7892920970916748,0.063881419599056244
27480,181.37581163165083,1,0.29348805546760559,181.25,9.1872091293334961,0.2348785400390625,1,146.44406127929688,1,26.048093795776367,9.5166664123535156,172.30702105006827,0.014101185835897923,0.010234692133963108,-0.00043155837920494378,1.3223112821578979,-0.092416755855083466,-0.069890320301055908,-0.066571816802024841,-0.050345040857791901,2.8968536853790283,4.745658952742815e-05,-0.0025023615453392267,2.0520894527435303,3.3678312320262194e-05,-0.00063454534392803907,-3.92901711165905e-10,1,0.97244101762771606,-0.002549818018451333,-0.00066822301596403122,-0.00094522442668676376,1.4509608745574951,0,0,0,1,0,0,0,0,0,1,0,0.95786285400390625,1.4292266368865967,348.1630859375,1.8082559108734131e-05,-0.00048404932022094727,-0.00050215405644848943,3.400327205657959,9.831390343606472e-05,-0.014531166292726994,2.3575854301452637,8.0620171502232552e-05,-0.0053281607106328011,-1.4202669262886047e-07,1,0.83143818378448486,-0.014629478566348553,-0.00540878064930439,-0.0041303280740976334,1.2404036521911621,0,0,0,1,0,0,0,0,0,1,0,0.69399833679199219,1.0355182886123657,347.87271118164062,-1.3306736946105957e-05,-0.0036633908748626709,-0.0036500799469649792,0.29842871427536011,0,-0.011946541257202625,-0.072442755103111267,-0.051833119243383408,0,-15.404617309570312,0,0.059930972754955292,0.043166518211364746,263.09166662045754,-0.015327977016568184,-0.011591807007789612,267.7452392578125,263.47756958007812,9.2490253448486328,4.2891945838928223,0.91883808374404907,0.075460359454154968
27540,176.21748197869783,1,0.29517349600791931,181.25,9.1959695816040039,0.23260357975959778,1,146.9241943359375,1,32.502861022949219,9.4742603302001953,167.40660787976293,0.015753773972392082,0.010248453356325626,-0.00043760146945714951,1.3223112821578979,-0.093432798981666565,-0.070658698678016663,-0.067405872046947479,-0.050975795835256577,2.8897051811218262,-6.2714330852031708e-05,-0.0029792673885822296,2.0501208305358887,-2.7931208023801446e-05,-0.00079218106111511588,-9.0949470177292824e-10,1,0.96807456016540527,-0.0029165539890527725,-0.00076424953294917941,-0.0010809714440256357,1.4409530162811279,0,0,0,1,0,0,0,0,0,1,0,0.95248091220855713,1.4177765846252441,348.1572265625,-1.2999400496482849e-05,-0.00057433359324932098,-0.00056139408843591809,3.396059513092041,-0.00017028278671205044,-0.016780920326709747,2.3584997653961182,-7.3293136665597558e-05,-0.0057708439417183399,-1.4201214071363211e-07,1,0.80989265441894531,-0.016610637307167053,-0.0056975511834025383,-0.0050554098561406136,1.2056469917297363,0,0,0,1,0,0,0,0,0,1,0,0.65956497192382812,0.98198080062866211,347.86767578125,-8.3014369010925293e-05,-0.0041254498064517975,-0.0040424182079732418,0.29767096042633057,0,-0.011894073337316513,-0.07203376293182373,-0.051612954586744308,0,-15.620326042175293,0,0.067187048494815826,0.043229609727859497,263.08749995368998,-0.015542613342404366,-0.011754126287996769,267.74484252929688,263.4686279296875,9.2510948181152344,4.3110017776489258,1.2338709831237793,0.090603210031986237
27600,172.01263627325091,1,0.29729318618774414,181.25,9.2134408950805664,0.23226037621498108,1,147.15452575683594,1,34.604335784912109,9.5115365982055664,163.41200445958836,0.013359260745346546,0.010173287242650986,-0.00044639696716330945,1.3223112821578979,-0.09504314512014389,-0.07187652587890625,-0.06801055371761322,-0.05143309012055397,2.891160249710083,-6.8545166868716478e-05,-0.0032594564836472273,2.0500288009643555,2.2062740754336119e-06,-0.00091859092935919762,-6.9849193096160889e-10,1,0.96443051099777222,-0.0031909123063087463,-0.00092079705791547894,-0.0011132385116070509,1.4343243837356567,0,0,0,1,0,0,0,0,0,1,0,0.94590544700622559,1.4068372249603271,348.15322875976562,-1.8410384654998779e-05,-0.00065759196877479553,-0.00063929671887308359,3.4079461097717285,-0.00023985555162653327,-0.018880171701312065,2.3600506782531738,4.0791521314531565e-05,-0.006032194010913372,-1.4284159988164902e-07,1,0.78836363554000854,-0.018640315160155296,-0.0060729850083589554,-0.0059348475188016891,1.1726865768432617,0,0,0,1,0,0,0,0,0,1,0,0.62907731533050537,0.93601775169372559,347.86480712890625,-0.00011465698480606079,-0.0045174360275268555,-0.0044027687981724739,0.29741746187210083,0,-0.011892111971974373,-0.071899816393852234,-0.051544189453125,0,-15.934286117553711,0,0.056690406054258347,0.042901225388050079,263.08333328692243,-0.015855010598897934,-0.011990376748144627,267.74423217773438,263.46304321289062,9.273982048034668,4.59228515625,1.1790364980697632,0.089375503361225128
27660,169.66304344157138,1,0.30049258470535278,181.25,9.2203922271728516,0.23130570352077484,1,149.19139099121094,1,33.482536315917969,9.6081228256225586,161.1798912694928,0.012638592161238194,0.010026019066572189,-0.00045467127347365022,1.3223112821578979,-0.097201615571975708,-0.073508873581886292,-0.069339752197265625,-0.052438296377658844,2.898193359375,1.7463462427258492e-06,-0.0036054730881005526,2.0521173477172852,1.7330050468444824e-05,-0.0014838401693850756,-6.4028427004814148e-10,1,0.95707666873931885,-0.0036072197835892439,-0.0015011696377769113,-0.00088226050138473511,1.4244089126586914,0,0,0,1,0,0,0,0,0,1,0,0.94068646430969238,1.4000387191772461,348.1495361328125,-6.3255429267883301e-06,-0.00071287155151367188,-0.00070667953696101904,3.4244465827941895,-0.00028109014965593815,-0.019590787589550018,2.3646130561828613,-5.7318364270031452e-05,-0.0075431475415825844,-1.4327815733850002e-07,1,0.7738109827041626,-0.019309699535369873,-0.0074858283624053001,-0.0051634861156344414,1.1515817642211914,0,0,0,1,0,0,0,0,0,1,0,0.62461096048355103,0.92997336387634277,347.8621826171875,-0.00010763108730316162,-0.0045783072710037231,-0.0044706379994750023,0.29766899347305298,0,-0.011930152773857117,-0.072042584419250488,-0.051604133099317551,0,-16.229639053344727,0,0.053552620112895966,0.04226645827293396,263.07916662015487,-0.016148895025253296,-0.012212627567350864,267.743896484375,263.46701049804688,9.3944883346557617,4.4400620460510254,1.2331719398498535,0.10283052176237106
27720,200.82128089997647,1,0.30314987897872925,181.25,9.2178630828857422,0.230704665184021,1,151.12466430664062,1,36.418853759765625,9.6298723220825195,190.78021685497765,0.012351209297776222,0.0099362349137663841,-0.00046086832298897207,1.3223112821578979,-0.098616331815719604,-0.074578754603862762,-0.071006886661052704,-0.0536990687251091,2.9065041542053223,-5.3571027819998562e-05,-0.0038879956118762493,2.0595834255218506,-5.2929986850358546e-05,-0.0022745945025235415,-2.1827872842550278e-10,1,0.95117056369781494,-0.0038344247732311487,-0.0022216644138097763,-0.00042110122740268707,1.4189554452896118,0,0,0,1,0,0,0,0,0,1,0,0.93315279483795166,1.3919761180877686,348.14593505859375,-3.2298266887664795e-06,-0.00081248022615909576,-0.00080934609286487103,3.4373519420623779,-0.00028887437656521797,-0.019594699144363403,2.3744626045227051,-0.00021622295025736094,-0.01007524598389864,-1.4272518455982208e-07,1,0.76073455810546875,-0.019305825233459473,-0.0098590226843953133,-0.0032189409248530865,1.1343135833740234,0,0,0,1,0,0,0,0,0,1,0,0.61082857847213745,0.91078650951385498,347.85986328125,-0.00010181218385696411,-0.0047795325517654419,-0.0046777953393757343,0.29847538471221924,0,-0.011999072507023811,-0.072431623935699463,-0.051884546875953674,0,-16.450845718383789,0,0.052304070442914963,0.041883450001478195,263.07499995338731,-0.01636900007724762,-0.012379081919789314,267.74356079101562,263.46878051757812,9.4269847869873047,4.5566673278808594,1.0615756511688232,0.090805426239967346
27780,207.33535295010134,1,0.30379503965377808,181.25,9.1999549865722656,0.23032285273075104,1,151.01744079589844,1,39.250251770019531,9.6862726211547852,196.96858530259627,0.013440440408885479,0.0099466945976018906,-0.0004641463456209749,1.3223112821578979,-0.098758108913898468,-0.074685975909233093,-0.071694537997245789,-0.054219108074903488,2.9131717681884766,-4.3928623199462891e-05,-0.0040107816457748413,2.0705642700195312,-3.5532517358660698e-05,-0.0022898195311427116,5.8207660913467407e-11,1,0.94951218366622925,-0.0039668530225753784,-0.0022542865481227636,-0.0004820306203328073,1.421265721321106,0,0,0,1,0,0,0,0,0,1,0,0.926247239112854,1.3863910436630249,348.14279174804688,-1.195073127746582e-05,-0.00090290606021881104,-0.00089095637667924166,3.4470903873443604,-0.00018771365284919739,-0.019727341830730438,2.389812707901001,-0.00011126324534416199,-0.010653004981577396,-1.4225952327251434e-07,1,0.75430405139923096,-0.019539624452590942,-0.01054174080491066,-0.00283840112388134,1.1292091608047485,0,0,0,1,0,0,0,0,0,1,0,0.59139877557754517,0.88530182838439941,347.8580322265625,-0.00011196732521057129,-0.0050434470176696777,-0.0049313372001051903,0.29939326643943787,0,-0.012076625600457191,-0.072830051183700562,-0.052269872277975082,0,-16.567855834960938,0,0.057044476270675659,0.041928660124540329,263.07083328661975,-0.016485428437590599,-0.012467131018638611,267.74319458007812,263.45684814453125,9.4242696762084961,4.6219191551208496,1.1669960021972656,0.094022691249847412
27840,235.61555756843316,1,0.30499526858329773,181.25,9.1905326843261719,0.22473932802677155,1,151.57870483398438,1,39.407730102539062,9.576725959777832,223.83477969001149,0.012308310717344284,0.0098888212814927101,-0.00046793025103397667,1.3223112821578979,-0.099700361490249634,-0.075398556888103485,-0.072040736675262451,-0.054480921477079391,2.9207572937011719,-5.6441640481352806e-05,-0.0044529763981699944,2.0801775455474854,-6.9450470618903637e-06,-0.0021103112958371639,2.9103830456733704e-10,1,0.94652527570724487,-0.0043965354561805725,-0.0021033657249063253,-0.00086170173017308116,1.4212889671325684,0,0,0,1,0,0,0,0,0,1,0,0.92212194204330444,1.3848063945770264,348.13973999023438,-1.576542854309082e-05,-0.00095532089471817017,-0.00093953637406229973,3.4586405754089355,-0.0003524350468069315,-0.021042872220277786,2.401456356048584,-0.0001015722518786788,-0.010139019228518009,-1.4173565432429314e-07,1,0.74811244010925293,-0.020690437406301498,-0.010037446394562721,-0.0039371447637677193,1.123637318611145,0,0,0,1,0,0,0,0,0,1,0,0.59072029590606689,0.88764822483062744,347.85580444335938,-0.00011870265007019043,-0.005080878734588623,-0.004962175153195858,0.30027827620506287,0,-0.012156073004007339,-0.073216535151004791,-0.05264580249786377,0,-16.702922821044922,0,0.052117850631475449,0.041677936911582947,263.06666661985219,-0.01661982387304306,-0.012568768113851547,267.74276733398438,263.45184326171875,9.3886280059814453,4.4231882095336914,1.1901122331619263,0.10292406380176544
27900,254.34784696077793,1,0.30760613083839417,181.25,9.2093868255615234,0.22313512861728668,1,153.46231079101562,1,39.873210906982422,9.6406354904174805,241.63045461273902,0.012574228458106518,0.0098054241389036179,-0.00047415815060958266,1.3223112821578979,-0.10175176709890366,-0.076949931681156158,-0.072810530662536621,-0.055063080042600632,2.9319107532501221,-7.0902868174016476e-05,-0.0052006356418132782,2.0879640579223633,-2.9525835998356342e-05,-0.0023385840468108654,2.1827872842550278e-10,1,0.93970322608947754,-0.0051297331228852272,-0.0023090578615665436,-0.0011187841882929206,1.4157230854034424,0,0,0,1,0,0,0,0,0,1,0,0.91432863473892212,1.3776264190673828,348.13653564453125,-9.6857547760009766e-06,-0.0010574907064437866,-0.001047747558914125,3.4741206169128418,-0.00046900985762476921,-0.023216418921947479,2.407456636428833,-0.00020598864648491144,-0.01071787066757679,-1.4150282368063927e-07,1,0.72956490516662598,-0.022747408598661423,-0.010511880740523338,-0.0047518713399767876,1.0991456508636475,0,0,0,1,0,0,0,0,0,1,0,0.57003641128540039,0.85937583446502686,347.8531494140625,-0.00011713802814483643,-0.005370698869228363,-0.0052536376751959324,0.30136677622795105,0,-0.012246254831552505,-0.073754794895648956,-0.053034845739603043,0,-16.925230026245117,0,0.053272858262062073,0.041322842240333557,263.06249995308463,-0.016841024160385132,-0.012736051343381405,267.74285888671875,263.44927978515625,9.4346590042114258,4.4983515739440918,1.0545544624328613,0.10720227658748627
27960,222.47880590116006,1,0.30926701426506042,181.25,9.2188453674316406,0.22257749736309052,1,154.47775268554688,1,39.846004486083984,9.7035360336303711,211.35486560610204,0.012650082819163799,0.009738309308886528,-0.00047871255083009601,1.3223112821578979,-0.10313279926776886,-0.077994339168071747,-0.073207072913646698,-0.055362965911626816,2.9460082054138184,-0.00024244195083156228,-0.0055792359635233879,2.093991756439209,-0.00015668751439079642,-0.0024873320944607258,-1.6007106751203537e-10,1,0.93848800659179688,-0.0053367940708994865,-0.0023306445218622684,-0.0012182160280644894,1.4197859764099121,0,0,0,1,0,0,0,0,0,1,0,0.9162604808807373,1.3859245777130127,348.13348388671875,-5.8062374591827393e-05,-0.0011014640331268311,-0.0010433740681037307,3.4919877052307129,-0.00078841438516974449,-0.024609548971056938,2.4114763736724854,-0.00046119181206449866,-0.01146136038005352,-1.4156103134155273e-07,1,0.71930223703384399,-0.023821134120225906,-0.011000167578458786,-0.0049735317006707191,1.0882477760314941,0,0,0,1,0,0,0,0,0,1,0,0.57065629959106445,0.86266887187957764,347.850830078125,-0.00019888579845428467,-0.0055142194032669067,-0.005315316841006279,0.3026619553565979,0,-0.012348003685474396,-0.074448227882385254,-0.053426101803779602,0,-17.087800979614258,0,0.053602568805217743,0.041034139692783356,263.05833328631707,-0.017002787441015244,-0.012858385220170021,267.74334716796875,263.44540405273438,9.4723758697509766,4.4108047485351562,0.91050875186920166,0.10239569842815399
28020,274.30271442584001,1,0.30961751937866211,181.25,9.2184209823608398,0.22127075493335724,1,154.26539611816406,1,40.169715881347656,9.5717220306396484,260.58757870454798,0.013099842704832554,0.0097593730315566063,-0.00048100331332534552,1.3223112821578979,-0.10333351790904999,-0.078146137297153473,-0.073419816792011261,-0.055523853749036789,2.9591960906982422,-0.0005853555048815906,-0.0055065578781068325,2.100078821182251,-0.00040037086000666022,-0.0024418414104729891,2.0372681319713593e-10,1,0.94433188438415527,-0.00492120161652565,-0.0020414702594280243,-0.0011985433520749211,1.4345927238464355,0,0,0,1,0,0,0,0,0,1,0,0.91673284769058228,1.3928102254867554,348.13031005859375,-0.00013988744467496872,-0.0011797482147812843,-0.0010398251470178366,3.5106081962585449,-0.0016269695479422808,-0.024780765175819397,2.4182400703430176,-0.00099050055723637342,-0.011926175095140934,-1.4124088920652866e-07,1,0.72820085287094116,-0.023153796792030334,-0.010935675352811813,-0.0045759649947285652,1.1058632135391235,0,0,0,1,0,0,0,0,0,1,0,0.56196016073226929,0.85299748182296753,347.8487548828125,-0.0003512650728225708,-0.0058210045099258423,-0.0054700523614883423,0.30390983819961548,0,-0.012446990236639977,-0.075115755200386047,-0.053806863725185394,0,-17.169570922851562,0,0.055559765547513962,0.041126631200313568,263.05416661954951,-0.017084149643778801,-0.012919914908707142,267.74337768554688,263.42819213867188,9.3481836318969727,4.5341558456420898,1.0428730249404907,0.11055776476860046
28080,185.85822133879958,1,0.31034305691719055,181.25,9.2153606414794922,0.22206005454063416,1,153.61335754394531,1,38.473720550537109,9.5673923492431641,176.5653102718596,0.013560633175075054,0.0097910482436418533,-0.00048644878552295268,1.3223112821578979,-0.1037483811378479,-0.078459873795509338,-0.073862724006175995,-0.055858802050352097,2.9723443984985352,-0.0005547613836824894,-0.0050954245962202549,2.107151985168457,-0.00035309052327647805,-0.0021766882855445147,4.0745362639427185e-10,1,0.94913280010223389,-0.0045406627468764782,-0.0018235973548144102,-0.0011535187950357795,1.4469627141952515,0,0,0,1,0,0,0,0,0,1,0,0.90712249279022217,1.3830441236495972,348.12820434570312,-0.00010718405246734619,-0.0012755841016769409,-0.001168449642136693,3.532322883605957,-0.0016924361698329449,-0.025043826550245285,2.4312806129455566,-0.00090338010340929031,-0.012675290927290916,-1.4167744666337967e-07,1,0.72288185358047485,-0.023351388052105904,-0.011771911755204201,-0.0039887852035462856,1.1016209125518799,0,0,0,1,0,0,0,0,0,1,0,0.51742011308670044,0.78842043876647949,347.84814453125,-0.00028344988822937012,-0.0063901841640472412,-0.0061067845672369003,0.30493152141571045,0,-0.012542068958282471,-0.075671441853046417,-0.05412369966506958,0,-17.363948822021484,0,0.057568915188312531,0.041264168918132782,263.04999995278195,-0.017277561128139496,-0.013066182844340801,267.74267578125,263.42938232421875,9.2780895233154297,4.6306548118591309,0.92678558826446533,0.10255296528339386
28140,193.15576961214813,1,0.31528016924858093,181.25,9.2294559478759766,0.2215336412191391,1,155.77998352050781,1,37.257408142089844,9.5714254379272461,183.49798113154071,0.015444927848875523,0.0096981404349207878,-0.00050294253742322326,1.3223112821578979,-0.10708354413509369,-0.080982096493244171,-0.07622036337852478,-0.05764177069067955,2.9890778064727783,-0.00075361056951805949,-0.0059078843332827091,2.1162066459655762,-0.00043886789353564382,-0.0027425657026469707,3.3469405025243759e-10,1,0.94211107492446899,-0.0051542739383876324,-0.0023036976344883442,-0.0011184604372829199,1.4422799348831177,0,0,0,1,0,0,0,0,0,1,0,0.88715946674346924,1.3576591014862061,348.1268310546875,-0.00012961775064468384,-0.0015815198421478271,-0.0014519456308335066,3.5577645301818848,-0.0022564067039638758,-0.026659902185201645,2.4418940544128418,-0.0011649001389741898,-0.013169215060770512,-1.4058605302125216e-07,1,0.71620261669158936,-0.024403495714068413,-0.012004315853118896,-0.004390970803797245,1.0955078601837158,0,0,0,1,0,0,0,0,0,1,0,0.49633392691612244,0.75803953409194946,347.84710693359375,-0.00032185763120651245,-0.0068238303065299988,-0.0065017538145184517,0.30633032321929932,0,-0.01267707534134388,-0.0763959139585495,-0.054606355726718903,0,-17.952695846557617,0,0.065826982259750366,0.040867548435926437,263.04583328601439,-0.017863379791378975,-0.013509209267795086,267.74188232421875,263.42703247070312,9.2991790771484375,4.6031661033630371,1.0595279932022095,0.10379362106323242
28200,162.97180747735291,1,0.31993240118026733,181.25,9.2193775177001953,0.21705643832683563,1,158.5833740234375,1,38.018680572509766,9.6283349990844727,154.82321710348526,0.01387441623955965,0.0095578990876674652,-0.00051624642219394445,1.3223112821578979,-0.11081668734550476,-0.083805292844772339,-0.077708423137664795,-0.058767117559909821,3.0104103088378906,-0.0010242206044495106,-0.0074079385958611965,2.1236333847045898,-0.00060687505174428225,-0.0036481746938079596,2.9103830456733704e-10,1,0.9292144775390625,-0.0063837189227342606,-0.0030412999913096428,-0.0012300501111894846,1.4312534332275391,0,0,0,1,0,0,0,0,0,1,0,0.86288893222808838,1.3287663459777832,348.12554931640625,-0.00017914175987243652,-0.0019768774509429932,-0.0017977394163608551,3.5832159519195557,-0.0030578547157347202,-0.028954347595572472,2.443204402923584,-0.0017342553474009037,-0.014456538483500481,-1.3981480151414871e-07,1,0.70451927185058594,-0.02589648962020874,-0.012722281739115715,-0.0046461764723062515,1.083859920501709,0,0,0,1,0,0,0,0,0,1,0,0.47912761569023132,0.7370765209197998,347.84445190429688,-0.00043544173240661621,-0.0072964727878570557,-0.0068606212735176086,0.30840635299682617,0,-0.012867212295532227,-0.07751581072807312,-0.055282488465309143,0,-18.427583694458008,0,0.058939367532730103,0.040265657007694244,263.04166661924683,-0.01833590492606163,-0.01386655680835247,267.741455078125,263.42431640625,9.4208965301513672,4.5182762145996094,1.3294250965118408,0.11991982161998749
28260,201.79730083009693,1,0.32011869549751282,181.25,9.2282819747924805,0.21880915760993958,1,159.70217895507812,1,35.167720794677734,9.6685047149658203,191.70743578859208,0.013678697869181633,0.009479522705078125,-0.0005135258543305099,1.3223112821578979,-0.1113542765378952,-0.084211848676204681,-0.07721313089132309,-0.05839255079627037,3.0310382843017578,-0.00085946719627827406,-0.0084167886525392532,2.1282176971435547,-0.00052041665185242891,-0.0038202102296054363,7.2759576141834259e-10,1,0.91901922225952148,-0.0075573213398456573,-0.0032997936941683292,-0.0016931435093283653,1.4250950813293457,0,0,0,1,0,0,0,0,0,1,0,0.85152590274810791,1.3201175928115845,348.123046875,-0.00016349554061889648,-0.0021370872855186462,-0.001973587553948164,3.6020729541778564,-0.0027035365346819162,-0.029540842399001122,2.4408779144287109,-0.0016027240781113505,-0.014434664510190487,-1.3987300917506218e-07,1,0.69926625490188599,-0.026837296783924103,-0.012831938453018665,-0.0050579952076077461,1.0836825370788574,0,0,0,1,0,0,0,0,0,1,0,0.47684255242347717,0.73997259140014648,347.84048461914062,-0.00045156478881835938,-0.007316887378692627,-0.0068648401647806168,0.31054118275642395,0,-0.013045503757894039,-0.078716062009334564,-0.055895321071147919,0,-18.330472946166992,0,0.058084335178136826,0.039926297962665558,263.03749995247927,-0.018239276483654976,-0.013793481513857841,267.7412109375,263.4146728515625,9.445953369140625,4.557525634765625,1.1234116554260254,0.12144945561885834
28320,186.21537758327207,1,0.31931760907173157,181.25,9.2241182327270508,0.22107991576194763,1,159.91998291015625,1,36.248306274414062,9.5778560638427734,176.90460870410845,0.012654321268200874,0.0094480626285076141,-0.00050898606423288584,1.3223112821578979,-0.1113848015666008,-0.084234930574893951,-0.075973421335220337,-0.057455021888017654,3.0495882034301758,-0.00044884835369884968,-0.0091984095051884651,2.1266474723815918,-0.00030350632732734084,-0.0036997417919337749,6.4028427004814148e-10,1,0.90837311744689941,-0.0087495595216751099,-0.0033962354063987732,-0.0022656107321381569,1.4168844223022461,0,0,0,1,0,0,0,0,0,1,0,0.84480804204940796,1.3175420761108398,348.11944580078125,-9.8913908004760742e-05,-0.0021696388721466064,-0.0020708013325929642,3.6200356483459473,-0.0013485021190717816,-0.030973711982369423,2.4358651638031006,-0.00089231721358373761,-0.013390511274337769,-1.4051329344511032e-07,1,0.67916959524154663,-0.029625203460454941,-0.012498191557824612,-0.0068394718691706657,1.0594358444213867,0,0,0,1,0,0,0,0,0,1,0,0.45858216285705566,0.71708589792251587,347.8375244140625,-0.00026910006999969482,-0.0073872357606887817,-0.0071177920326590538,0.31224077939987183,0,-0.013169010169804096,-0.079720906913280487,-0.056267939507961273,0,-18.168422698974609,0,0.053621012717485428,0.03978995606303215,263.03333328571171,-0.0180780328810215,-0.013671540655195713,267.740966796875,263.41717529296875,9.3795270919799805,4.6838321685791016,0.9613577127456665,0.10857851058244705
28380,196.95051850464114,1,0.31852602958679199,181.25,9.2142095565795898,0.22347563505172729,1,159.59452819824219,1,37.062164306640625,9.593266487121582,187.10299257940906,0.012642465531826019,0.0094670718535780907,-0.00050624040886759758,1.3223112821578979,-0.11125002056360245,-0.084133006632328033,-0.074982516467571259,-0.056705646216869354,3.0676977634429932,-0.00037686701398342848,-0.0090379063040018082,2.1221826076507568,-0.00026567187160253525,-0.0033741970546543598,5.0931703299283981e-11,1,0.91045975685119629,-0.0086610391736030579,-0.0031085256487131119,-0.0024178652092814445,1.4262846708297729,0,0,0,1,0,0,0,0,0,1,0,0.852774977684021,1.3356225490570068,348.11572265625,-6.5501779317855835e-05,-0.0020333603024482727,-0.0019678408280014992,3.6416780948638916,-0.00094020337564870715,-0.031103169545531273,2.4339985847473145,-0.0005637418944388628,-0.012983942404389381,-1.4150282368063927e-07,1,0.67629736661911011,-0.030162960290908813,-0.012420197017490864,-0.0070954067632555962,1.0596292018890381,0,0,0,1,0,0,0,0,0,1,0,0.45634743571281433,0.71529626846313477,347.83547973632812,-0.00014624744653701782,-0.0073695927858352661,-0.0072229141369462013,0.31344163417816162,0,-0.013250652700662613,-0.080520689487457275,-0.056390844285488129,0,-18.070417404174805,0,0.053569469600915909,0.039870541542768478,263.02916661894415,-0.017980514094233513,-0.013597792014479637,267.74114990234375,263.40213012695312,9.3963603973388672,4.4066081047058105,0.99077963829040527,0.10608716309070587
28440,210.38104179332794,1,0.31787183880805969,181.25,9.2045564651489258,0.22638897597789764,1,159.49403381347656,1,38.509025573730469,9.5684194564819336,199.86198970366152,0.012321782298386097,0.0094686038792133331,-0.00050344463670626283,1.3223112821578979,-0.11084364354610443,-0.083825677633285522,-0.074600420892238617,-0.056416686624288559,3.0825943946838379,-0.00041300000157207251,-0.0085175912827253342,2.1187310218811035,-0.00023880566004663706,-0.0029481102246791124,-3.4924596548080444e-10,1,0.9172632098197937,-0.0081045906990766525,-0.0027093049138784409,-0.0023945816792547703,1.4414660930633545,0,0,0,1,0,0,0,0,0,1,0,0.86265444755554199,1.355269193649292,348.1114501953125,-2.5272369384765625e-05,-0.0018628537654876709,-0.0018376547377556562,3.6591708660125732,-0.00091894716024398804,-0.029588455334305763,2.4365220069885254,-0.00039018690586090088,-0.012210575863718987,-1.4196848496794701e-07,1,0.69355428218841553,-0.028669504448771477,-0.011820385232567787,-0.0066287578083574772,1.0899674892425537,0,0,0,1,0,0,0,0,0,1,0,0.48501032590866089,0.76144802570343018,347.83221435546875,-9.72747802734375e-05,-0.0069729983806610107,-0.0068754609674215317,0.3143400251865387,0,-0.013311553746461868,-0.081173494458198547,-0.056437917053699493,0,-17.970621109008789,0,0.052176326513290405,0.039875954389572144,263.02499995217659,-0.017881214618682861,-0.013522696681320667,267.74090576171875,263.39407348632812,9.3898630142211914,4.1844563484191895,1.0194019079208374,0.096778705716133118
28500,237.25801606714978,1,0.31518906354904175,181.25,9.2149085998535156,0.22460736334323883,1,158.70634460449219,1,38.925788879394531,9.6455936431884766,225.39511526379229,0.012296924367547035,0.0094682900235056877,-0.00049324095016345382,1.3223112821578979,-0.10907916724681854,-0.082491293549537659,-0.073199748992919922,-0.055357426404953003,3.0921525955200195,-0.00050314731197431684,-0.0073319440707564354,2.1144447326660156,-0.00026395422173663974,-0.0019419980235397816,2.3283064365386963e-10,1,0.93377465009689331,-0.0068287951871752739,-0.0016780432779341936,-0.0024905700702220201,1.4690907001495361,0,0,0,1,0,0,0,0,0,1,0,0.88644570112228394,1.3944028615951538,348.10589599609375,-2.3610889911651611e-05,-0.0015392452478408813,-0.0015155975706875324,3.6735444068908691,-0.0012011630460619926,-0.027616199105978012,2.439307689666748,-0.00040686293505132198,-0.010281939059495926,-1.4298711903393269e-07,1,0.72376269102096558,-0.026415033265948296,-0.009875074028968811,-0.0068535837344825268,1.138880729675293,0,0,0,1,0,0,0,0,0,1,0,0.5263906717300415,0.82822728157043457,347.82809448242188,-0.00012581050395965576,-0.0064384341239929199,-0.0063123344443738461,0.31466394662857056,0,-0.013320371508598328,-0.08150617778301239,-0.056320317089557648,0,-17.60639762878418,0,0.052068423479795456,0.039872489869594574,263.02083328540903,-0.017518803477287292,-0.013248622417449951,267.74041748046875,263.4041748046875,9.3595647811889648,4.0869932174682617,1.2483503818511963,0.082637935876846313
28560,234.83600798330693,1,0.3170628547668457,181.25,9.1829614639282227,0.22316841781139374,1,159.94789123535156,1,41.906520843505859,9.7684040069580078,223.09420758414157,0.01205812580883503,0.0093769952654838562,-0.00049819290870800614,1.3223112821578979,-0.1105237677693367,-0.0835837721824646,-0.073857963085174561,-0.055855199694633484,3.1023249626159668,-0.00071652157930657268,-0.0071789785288274288,2.1103615760803223,-0.00041093089384958148,-0.0018514796392992139,1.8189894035458565e-10,1,0.93829751014709473,-0.006462455727159977,-0.0014405478723347187,-0.0024687738623470068,1.477095365524292,0,0,0,1,0,0,0,0,0,1,0,0.89604943990707397,1.4101219177246094,348.10031127929688,-9.0651214122772217e-05,-0.0014818832278251648,-0.0013911384157836437,3.6902947425842285,-0.0018531172536313534,-0.028519097715616226,2.4397368431091309,-0.00089881749590858817,-0.01009504497051239,-1.4224497135728598e-07,1,0.72537875175476074,-0.026665978133678436,-0.0091962274163961411,-0.0075077619403600693,1.1424950361251831,0,0,0,1,0,0,0,0,0,1,0,0.53315162658691406,0.83941996097564697,347.8238525390625,-0.00029535964131355286,-0.0065329596400260925,-0.0062372041866183281,0.31486517190933228,0,-0.013314858078956604,-0.081757336854934692,-0.056177034974098206,0,-17.783159255981445,0,0.051032360643148422,0.039479844272136688,263.01666661864147,-0.017694685608148575,-0.013381633907556534,267.73956298828125,263.40274047851562,9.5164270401000977,4.2553501129150391,0.94985032081604004,0.085148870944976807
28620,266.96665979768517,1,0.32059270143508911,181.25,9.1458349227905273,0.22484852373600006,1,161.8985595703125,1,45.751087188720703,9.8823032379150391,253.61832680780091,0.012472379952669144,0.0092776324599981308,-0.00050881266361102462,1.3223112821578979,-0.11332893371582031,-0.085705183446407318,-0.075014606118202209,-0.056729912757873535,3.1178188323974609,-0.00078642077278345823,-0.0077195093035697937,2.1082797050476074,-0.00044878650805912912,-0.0020155583042651415,5.347828846424818e-10,1,0.93398904800415039,-0.0069330856204032898,-0.0015667716506868601,-0.0026102389674633741,1.4736089706420898,0,0,0,1,0,0,0,0,0,1,0,0.89494168758392334,1.4114329814910889,348.09579467773438,-0.00012836325913667679,-0.0015431344509124756,-0.0014146626926958561,3.7107384204864502,-0.0023049984592944384,-0.030297137796878815,2.4387011528015137,-0.0012248436687514186,-0.010564912110567093,-1.4201214071363211e-07,1,0.7144278883934021,-0.027992134913802147,-0.0093400673940777779,-0.0080574173480272293,1.1279149055480957,0,0,0,1,0,0,0,0,0,1,0,0.52351927757263184,0.82597064971923828,347.82025146484375,-0.00042616203427314758,-0.0068263523280620575,-0.0064000575803220272,0.31560209393501282,0,-0.013355143368244171,-0.082296371459960938,-0.056206829845905304,0,-18.162235260009766,0,0.052830327302217484,0.039053015410900116,263.01249995187391,-0.018071874976158142,-0.013666884042322636,267.73892211914062,263.39450073242188,9.5044717788696289,4.526911735534668,1.0713832378387451,0.080185122787952423
28680,278.10483858837051,1,0.32155320048332214,181.25,9.1279687881469727,0.22499069571495056,1,162.317138671875,1,44.319843292236328,9.7670364379882812,264.19959665895198,0.011873370036482811,0.0092663466930389404,-0.00051207566866651177,1.3223112821578979,-0.11417096853256226,-0.086341977119445801,-0.075219511985778809,-0.056884873658418655,3.133969783782959,-0.00080994871677830815,-0.0076360101811587811,2.1061561107635498,-0.00045332423178479075,-0.0021800082176923752,6.8394001573324203e-10,1,0.93466085195541382,-0.0068260584957897663,-0.001726683578453958,-0.0023983484134078026,1.4791728258132935,0,0,0,1,0,0,0,0,0,1,0,0.89541912078857422,1.4162607192993164,348.0914306640625,-0.00013948976993560791,-0.0015623271465301514,-0.0014227877836674452,3.7277495861053467,-0.002675976138561964,-0.02989581972360611,2.435542106628418,-0.001467882888391614,-0.010576063767075539,-1.4042598195374012e-07,1,0.72517150640487671,-0.02721983939409256,-0.0091081783175468445,-0.0077147716656327248,1.1474051475524902,0,0,0,1,0,0,0,0,0,1,0,0.54200100898742676,0.85627007484436035,347.81591796875,-0.00050783157348632812,-0.0066861510276794434,-0.0061781271360814571,0.31662249565124512,0,-0.013422640040516853,-0.082998909056186676,-0.056325502693653107,0,-18.278707504272461,0,0.050231471657752991,0.039005402475595474,263.00833328510635,-0.018187768757343292,-0.013754528947174549,267.73797607421875,263.3995361328125,9.4522132873535156,4.5088644027709961,1.1921608448028564,0.089451014995574951
28740,283.84111403777894,1,0.31942963600158691,181.25,9.1352481842041016,0.22440963983535767,1,160.94493103027344,1,39.14776611328125,9.895660400390625,269.64905833589,0.011866526678204536,0.009310687892138958,-0.00050627719610929489,1.3223112821578979,-0.1125807911157608,-0.085139401257038116,-0.074361443519592285,-0.056235957890748978,3.145097017288208,-0.00051748869009315968,-0.0066524343565106392,2.1027352809906006,-0.00028563558589667082,-0.0020682674366980791,1.3824319466948509e-10,1,0.94016373157501221,-0.0061349431052803993,-0.0017826312687247992,-0.0019463867647573352,1.4913818836212158,0,0,0,1,0,0,0,0,0,1,0,0.89681488275527954,1.4214396476745605,348.08636474609375,-7.6783820986747742e-05,-0.0014878064393997192,-0.0014109923504292965,3.7362296581268311,-0.001905658864416182,-0.027343586087226868,2.4304099082946777,-0.0010576260974630713,-0.0099448366090655327,-1.4000397641211748e-07,1,0.74210941791534424,-0.02543792687356472,-0.0088872089982032776,-0.0068436721339821815,1.1770206689834595,0,0,0,1,0,0,0,0,0,1,0,0.56615602970123291,0.89623463153839111,347.81008911132812,-0.00036426633596420288,-0.006276208907365799,-0.0059119453653693199,0.31734633445739746,0,-0.013474192470312119,-0.083522327244281769,-0.056383989751338959,0,-18.07172966003418,0,0.050201829522848129,0.039193592965602875,263.00416661833879,-0.017981819808483124,-0.013598780147731304,267.73660278320312,263.38824462890625,9.6038293838500977,4.5505161285400391,1.1284713745117188,0.092170499265193939
28800,195.82385114454027,1,0.31503468751907349,181.25,9.122624397277832,0.22680731117725372,1,158.96403503417969,1,33.474651336669922,9.6656827926635742,186.03265858731325,0.012054530903697014,0.0094248298555612564,-0.00049171812133863568,1.3223112821578979,-0.10938552021980286,-0.082722969353199005,-0.072508588433265686,-0.05483473464846611,3.1465120315551758,-2.7806381694972515e-05,-0.0051893843337893486,2.0962488651275635,-3.0313240131363273e-06,-0.0015312766190618277,2.4010660126805305e-10,1,0.94908881187438965,-0.0051615750417113304,-0.001528243999928236,-0.0016066791722550988,1.5056581497192383,0,0,0,1,0,0,0,0,0,1,0,0.90769684314727783,1.4387271404266357,348.0797119140625,1.2781471014022827e-05,-0.0012451596558094025,-0.0012578822206705809,3.7334098815917969,-0.00061897182604297996,-0.023524042218923569,2.4217605590820312,-0.0002543365117162466,-0.0081340949982404709,-1.3932731235399842e-07,1,0.767098069190979,-0.02290506474673748,-0.0078797554597258568,-0.0062463516369462013,1.217498779296875,0,0,0,1,0,0,0,0,0,1,0,0.59768754243850708,0.94681704044342041,347.80242919921875,-0.00014856457710266113,-0.0055819284170866013,-0.0054332492873072624,0.3172982931137085,0,-0.013459736481308937,-0.083587199449539185,-0.056223548948764801,0,-17.552040100097656,0,0.051016759127378464,0.039683505892753601,262.99999995157123,-0.017464715987443924,-0.013207718729972839,267.7352294921875,263.38763427734375,9.4525356292724609,4.4583911895751953,0.86986035108566284,0.076689168810844421
28860,216.34660275213992,1,0.31200358271598816,193.75,9.1039295196533203,0.1573079526424408,1,157.418701171875,1,29.48375129699707,9.7697725296020508,205.52927261453291,0.012015393003821373,0.0094980467110872269,-0.00048235018039122224,1.3223112821578979,-0.10719861835241318,-0.081069126725196838,-0.071258783340454102,-0.053889568895101547,3.1407313346862793,0.00019079458434134722,-0.0042622638866305351,2.0867383480072021,0.00010650057811290026,-0.0012979947496205568,-2.9103830456733704e-10,1,0.9551817774772644,-0.004453056026250124,-0.0014044943964108825,-0.0013113680761307478,1.5120571851730347,0,0,0,1,0,0,0,0,0,1,0,0.91703951358795166,1.4506480693817139,348.0718994140625,2.7902424335479736e-05,-0.0010922998189926147,-0.0011202690657228231,3.7228198051452637,-8.7569700554013252e-05,-0.021078862249851227,2.4091298580169678,3.3696065656840801e-05,-0.0071164923720061779,-1.4016404747962952e-07,1,0.78533744812011719,-0.020991291850805283,-0.0071501880884170532,-0.0057703657075762749,1.2440228462219238,0,0,0,1,0,0,0,0,0,1,0,0.62412101030349731,0.98728048801422119,347.79385375976562,-9.3474984169006348e-05,-0.0051299929618835449,-0.005036551970988512,0.3165833055973053,0,-0.013386771082878113,-0.083254337310791016,-0.055871307849884033,0,-17.217647552490234,0,0.050847053527832031,0.039996333420276642,262.99583328480367,-0.0171319879591465,-0.012956093065440655,267.73468017578125,263.39108276367188,9.3951206207275391,4.3843178749084473,0.92864596843719482,0.065387748181819916
28920,204.99793568986541,1,0.31084051728248596,193.75,9.0988903045654297,0.15702758729457855,1,156.67123413085938,1,29.043117523193359,9.6734905242919922,194.74803890537214,0.01142229326069355,0.0095432847738265991,-0.00047925164108164608,1.3223112821578979,-0.10641471296548843,-0.080476291477680206,-0.070707708597183228,-0.053472816944122314,3.1322016716003418,5.1964088925160468e-05,-0.0040589701384305954,2.0770783424377441,2.6384521333966404e-05,-0.0012821011478081346,-2.1100277081131935e-10,1,0.95820105075836182,-0.0041109318844974041,-0.0013084849342703819,-0.0011915937066078186,1.5124564170837402,0,0,0,1,0,0,0,0,0,1,0,0.92153209447860718,1.4540833234786987,348.06396484375,-1.4387071132659912e-05,-0.0010582879185676575,-0.001043905271217227,3.707453727722168,-0.00041196937672793865,-0.020346082746982574,2.3956079483032227,-0.00015083042671903968,-0.0071279788389801979,-1.3969838619232178e-07,1,0.79375457763671875,-0.019934114068746567,-0.0069771492853760719,-0.0052897538989782333,1.2536302804946899,0,0,0,1,0,0,0,0,0,1,0,0.63730204105377197,1.0059679746627808,347.7850341796875,-0.00017020106315612793,-0.0049873515963554382,-0.0048171523958444595,0.31565701961517334,0,-0.013299821875989437,-0.082795411348342896,-0.055469166487455368,0,-17.10704231262207,0,0.048278793692588806,0.040191061794757843,262.99166661803611,-0.017021933570504189,-0.012872864492237568,267.7330322265625,263.39279174804688,9.4903583526611328,4.2069315910339355,0.76586759090423584,0.067460477352142334
28980,222.72668191932559,1,0.31003811955451965,193.75,9.099513053894043,0.15693803131580353,1,156.19364929199219,1,31.187429428100586,9.5821399688720703,211.59034782335931,0.011452687904238701,0.0095577361062169075,-0.00047700386494398117,1.3223112821578979,-0.10587270557880402,-0.080066397786140442,-0.070333100855350494,-0.053189519792795181,3.1232645511627197,-0.000112311085104011,-0.0040933028794825077,2.0680735111236572,-3.2018288038671017e-05,-0.0011820411309599876,5.0931703299283981e-10,1,0.95975697040557861,-0.0039809886366128922,-0.0011500217951834202,-0.001243487698957324,1.5104987621307373,0,0,0,1,0,0,0,0,0,1,0,0.92566835880279541,1.4566571712493896,348.05621337890625,-2.8949230909347534e-05,-0.0010062605142593384,-0.00097730290144681931,3.6921558380126953,-0.0008592893136665225,-0.020230211317539215,2.3845200538635254,-0.00031132504227571189,-0.0068454807624220848,-1.416192390024662e-07,1,0.79949134588241577,-0.019370920956134796,-0.0065341563895344734,-0.0053121047094464302,1.2589977979660034,0,0,0,1,0,0,0,0,0,1,0,0.65108078718185425,1.0251239538192749,347.776611328125,-0.00020708143711090088,-0.0048054493963718414,-0.0045985658653080463,0.31471198797225952,0,-0.013216560706496239,-0.082332208752632141,-0.055077459663152695,0,-17.026809692382812,0,0.048410281538963318,0.040252313017845154,262.98749995126855,-0.016942098736763,-0.012812488712370396,267.73294067382812,263.388671875,9.3843669891357422,4.194159984588623,0.80229008197784424,0.052289731800556183
29040,141.23816651289158,1,0.30922940373420715,193.75,9.0956964492797852,0.15570677816867828,1,156.05874633789062,1,31.344459533691406,9.459996223449707,134.17625818724699,0.012020665220916271,0.0095810834318399429,-0.0004736900154966861,1.3223112821578979,-0.10527711361646652,-0.079615980386734009,-0.070032812654972076,-0.052962426096200943,3.1145482063293457,-0.00021520450536627322,-0.0040317564271390438,2.0597333908081055,-7.046862447168678e-05,-0.0011270500253885984,2.4010660126805305e-10,1,0.96138083934783936,-0.0038165503647178411,-0.0010565808042883873,-0.0012365344446152449,1.5087239742279053,0,0,0,1,0,0,0,0,0,1,0,0.93392390012741089,1.4652841091156006,348.04843139648438,-3.0793249607086182e-05,-0.00089613348245620728,-0.00086540600750595331,3.6780979633331299,-0.0011679015588015318,-0.0195810217410326,2.3753480911254883,-0.00042140483856201172,-0.0065815411508083344,-1.417938619852066e-07,1,0.80874454975128174,-0.018413117155432701,-0.0061601372435688972,-0.0050930487923324108,1.269665002822876,0,0,0,1,0,0,0,0,0,1,0,0.67432719469070435,1.0580226182937622,347.76898193359375,-0.00022996962070465088,-0.0045037716627120972,-0.0042738108895719051,0.31379836797714233,0,-0.013136133551597595,-0.081888675689697266,-0.054717399179935455,0,-16.908519744873047,0,0.050869934260845184,0.040352743119001389,262.98333328450099,-0.016824398189783096,-0.012723477557301521,267.73388671875,263.38955688476562,9.2896633148193359,4.1848244667053223,0.9401976466178894,0.05336441844701767
29100,181.94718053572868,1,0.30792510509490967,181.25,9.1012325286865234,0.22668164968490601,1,155.25009155273438,1,29.852327346801758,9.5409297943115234,172.84982150894223,0.012011144310235977,0.0096489898860454559,-0.0004701575671788305,1.3223112821578979,-0.10422198474407196,-0.078818038105964661,-0.06969655305147171,-0.052708130329847336,3.1040225028991699,-0.0002762586809694767,-0.0038063391111791134,2.0521612167358398,-0.00011858792277052999,-0.0011132617946714163,5.6752469390630722e-10,1,0.96388983726501465,-0.0035300799645483494,-0.00099467369727790356,-0.0011279585305601358,1.5079398155212402,0,0,0,1,0,0,0,0,0,1,0,0.94339799880981445,1.4753954410552979,348.0406494140625,-5.7406723499298096e-05,-0.00079525262117385864,-0.00073796970536932349,3.6637516021728516,-0.0012813021894544363,-0.018461884930729866,2.3675937652587891,-0.00056256202515214682,-0.0064167212694883347,-1.4185206964612007e-07,1,0.81958138942718506,-0.017180584371089935,-0.0058541600592434406,-0.0046540242619812489,1.2827533483505249,0,0,0,1,0,0,0,0,0,1,0,0.69929045438766479,1.0936682224273682,347.76153564453125,-0.0002800673246383667,-0.0042030513286590576,-0.0039229835383594036,0.31281280517578125,0,-0.01305022370070219,-0.08139549195766449,-0.054369505494832993,0,-16.782426834106445,0,0.050828646868467331,0.040644936263561249,262.97916661773343,-0.016698932275176048,-0.012628594413399696,267.73385620117188,263.3846435546875,9.3742504119873047,4.1219692230224609,0.98122859001159668,0.055435333400964737
29160,193.73680475037975,1,0.30946439504623413,193.75,9.0972423553466797,0.15569263696670532,1,154.95376586914062,1,30.302473068237305,9.4501638412475586,184.04996451286075,0.012258006259799004,0.0096655208617448807,-0.00047815637663006783,1.3223112821578979,-0.10508804023265839,-0.079472996294498444,-0.070661336183547974,-0.053437747061252594,3.0966489315032959,-0.000317465077387169,-0.0040261889807879925,2.0482444763183594,-0.00013572516036219895,-0.0014990612398833036,8.8039087131619453e-10,1,0.96006637811660767,-0.0037087236996740103,-0.0013633357593789697,-0.00091903121210634708,1.4979293346405029,0,0,0,1,0,0,0,0,0,1,0,0.93424654006958008,1.4571036100387573,348.0341796875,-9.2033296823501587e-05,-0.00094784796237945557,-0.00085578998550772667,3.6585655212402344,-0.0016252059722319245,-0.020022621378302574,2.3637967109680176,-0.00072259083390235901,-0.0079067377373576164,-1.4269608072936535e-07,1,0.80039209127426147,-0.018397416919469833,-0.0071841469034552574,-0.0042208665981888771,1.2495397329330444,0,0,0,1,0,0,0,0,0,1,0,0.66726779937744141,1.040924072265625,347.75518798828125,-0.00040000677108764648,-0.0047232508659362793,-0.0043231062591075897,0.31197816133499146,0,-0.012988484464585781,-0.080954276025295258,-0.054116763174533844,0,-17.067947387695312,0,0.051899481564760208,0.040717087686061859,262.97499995096587,-0.0169830322265625,-0.01284344494342804,267.73260498046875,263.38397216796875,9.2775840759277344,4.2308697700500488,0.84662574529647827,0.058211665600538254
29220,186.76679187133257,1,0.31347140669822693,193.75,9.1017065048217773,0.15518166124820709,1,156.68238830566406,1,33.080554962158203,9.4663276672363281,177.42845227776593,0.012880814261734486,0.0095864422619342804,-0.00049148878315463662,1.3223112821578979,-0.10784684121608734,-0.081559345126152039,-0.072473645210266113,-0.054808307439088821,3.097571849822998,-0.00041501963278278708,-0.0048265773802995682,2.0488948822021484,-0.00018024560995399952,-0.0021143998019397259,8.149072527885437e-10,1,0.95140492916107178,-0.0044115586206316948,-0.001934153726324439,-0.00085032964125275612,1.4834737777709961,0,0,0,1,0,0,0,0,0,1,0,0.91952776908874512,1.4330053329467773,348.0294189453125,-0.00010722875595092773,-0.00116758793592453,-0.0010603272821754217,3.6604523658752441,-0.0020120483823120594,-0.022438466548919678,2.363649845123291,-0.00090233760420233011,-0.009550437331199646,-1.4214310795068741e-07,1,0.77541071176528931,-0.020426418632268906,-0.0086480984464287758,-0.0041689975187182426,1.209593653678894,0,0,0,1,0,0,0,0,0,1,0,0.63521862030029297,0.99008786678314209,347.7498779296875,-0.00048676133155822754,-0.0052396059036254883,-0.0047529139555990696,0.31187984347343445,0,-0.012997660785913467,-0.080889195203781128,-0.054128944873809814,0,-17.543851852416992,0,0.054606169462203979,0.040379524230957031,262.97083328419831,-0.017456568777561188,-0.013201558031141758,267.73123168945312,263.37057495117188,9.3070430755615234,4.2961807250976562,0.75629252195358276,0.056844614446163177
29280,156.2283870365392,1,0.31572622060775757,193.75,9.1035480499267578,0.15310089290142059,1,157.462646484375,1,33.753715515136719,9.5494489669799805,148.41696768471223,0.012667786329984665,0.0095397830009460449,-0.00049968273378908634,1.3223112821578979,-0.10944250226020813,-0.082766063511371613,-0.07346256822347641,-0.055556181818246841,3.1018741130828857,-0.00050054152961820364,-0.0055505270138382912,2.0518667697906494,-0.00025237846421077847,-0.0025094379670917988,5.8207660913467407e-10,1,0.94483256340026855,-0.005049985833466053,-0.0022570588625967503,-0.00094643118791282177,1.4751267433166504,0,0,0,1,0,0,0,0,0,1,0,0.90645074844360352,1.4143928289413452,348.02545166015625,-0.00011470913887023926,-0.0013562291860580444,-0.0012416579993441701,3.6627719402313232,-0.0018416121602058411,-0.023842915892601013,2.3648552894592285,-0.00089090503752231598,-0.010542931966483593,-1.4295801520347595e-07,1,0.75777709484100342,-0.022001301869750023,-0.0096520259976387024,-0.0042293095029890537,1.1834160089492798,0,0,0,1,0,0,0,0,0,1,0,0.60439705848693848,0.94332444667816162,347.74508666992188,-0.00045576691627502441,-0.0056293904781341553,-0.0051736161112785339,0.3123721182346344,0,-0.013058150187134743,-0.081140220165252686,-0.054334994405508041,0,-17.836339950561523,0,0.053679563105106354,0.040179654955863953,262.96666661743075,-0.017747601494193077,-0.013421651907265186,267.7296142578125,263.35723876953125,9.2991828918457031,4.1770563125610352,0.88513660430908203,0.077686071395874023
29340,205.32589447551297,1,0.3155665397644043,193.75,9.0917654037475586,0.15378130972385406,1,157.63092041015625,1,31.422798156738281,9.5030231475830078,195.05959975173732,0.013164466246962547,0.0095580043271183968,-0.00049839244456961751,1.3223112821578979,-0.10953278839588165,-0.082834348082542419,-0.073087945580482483,-0.055272873491048813,3.1054437160491943,-0.00047965708654373884,-0.0059639834798872471,2.0530288219451904,-0.00028727386961691082,-0.002608015201985836,3.4924596548080444e-10,1,0.94127285480499268,-0.0054843276739120483,-0.0023207403719425201,-0.0011297090677544475,1.4721584320068359,0,0,0,1,0,0,0,0,0,1,0,0.90154922008514404,1.4095733165740967,348.02117919921875,-8.8974833488464355e-05,-0.0013970136642456055,-0.0013081558281555772,3.6625833511352539,-0.0010713911615312099,-0.024056622758507729,2.362147331237793,-0.00064277276396751404,-0.010221391916275024,-1.4499528333544731e-07,1,0.75083905458450317,-0.022985231131315231,-0.0095786182209849358,-0.0048215286806225777,1.1747922897338867,0,0,0,1,0,0,0,0,0,1,0,0.59347426891326904,0.92912882566452026,347.73956298828125,-0.00028973817825317383,-0.0056096911430358887,-0.0053200656548142433,0.31296700239181519,0,-0.013124620541930199,-0.081456810235977173,-0.05454205721616745,0,-17.790279388427734,0,0.055841322988271713,0.040259480476379395,262.96249995066319,-0.017701771110296249,-0.013386992737650871,267.73004150390625,263.34237670898438,9.3193464279174805,4.193267822265625,0.82940757274627686,0.076050654053688049
29400,183.01550914986365,1,0.31372982263565063,193.75,9.0776863098144531,0.15410186350345612,1,156.891357421875,1,28.661943435668945,9.4724531173706055,173.86473369237046,0.014099035412073135,0.0096354354172945023,-0.00049204903189092875,1.3223112821578979,-0.10832670331001282,-0.081922240555286407,-0.072141788899898529,-0.054557342082262039,3.1059317588806152,-0.00049261713866144419,-0.0060563841834664345,2.0513315200805664,-0.00032771681435406208,-0.0027190784458070993,-1.4551915228366852e-10,1,0.94034492969512939,-0.0055637676268815994,-0.0023913613986223936,-0.0011039664968848228,1.472180962562561,0,0,0,1,0,0,0,0,0,1,0,0.90015280246734619,1.4090989828109741,348.01620483398438,-6.7546963691711426e-05,-0.0013956017792224884,-0.0013281748397275805,3.6589741706848145,-0.00079559371806681156,-0.023418314754962921,2.3561551570892334,-0.00058181030908599496,-0.010368822142481804,-1.4652323443442583e-07,1,0.7532801628112793,-0.022622723132371902,-0.0097870100289583206,-0.0044299941509962082,1.1797276735305786,0,0,0,1,0,0,0,0,0,1,0,0.58550423383712769,0.91793644428253174,347.73397827148438,-0.00019876286387443542,-0.0056334584951400757,-0.0054347263649106026,0.31328621506690979,0,-0.013156453147530556,-0.081636026501655579,-0.054609380662441254,0,-17.563850402832031,0,0.059921551495790482,0.040595937520265579,262.95833328389563,-0.017476467415690422,-0.013216606341302395,267.7303466796875,263.3466796875,9.2989234924316406,4.274695873260498,0.83430027961730957,0.075838342308998108
29460,181.05286056429568,1,0.31119647622108459,193.75,9.094818115234375,0.15277102589607239,1,155.09317016601562,1,27.669605255126953,9.6976461410522461,172.0002175360809,0.013485242612659931,0.0097094755619764328,-0.00048579307622276247,1.3223112821578979,-0.10647684335708618,-0.080523282289505005,-0.071142479777336121,-0.053801614791154861,3.1024227142333984,-0.00069902645191177726,-0.0058089098893105984,2.0487236976623535,-0.00047659984556958079,-0.0025809044018387794,-6.4028427004814148e-10,1,0.94548308849334717,-0.0051098847761750221,-0.0021043040324002504,-0.0010885393712669611,1.4795784950256348,0,0,0,1,0,0,0,0,0,1,0,0.9062502384185791,1.4181089401245117,348.01104736328125,-8.7186694145202637e-05,-0.0013314336538314819,-0.0012442735023796558,3.6514439582824707,-0.0011059609241783619,-0.022247936576604843,2.3507909774780273,-0.00086837215349078178,-0.010359698906540871,-1.4674151316285133e-07,1,0.76803576946258545,-0.021141977980732918,-0.0094913262873888016,-0.0038607809692621231,1.2014944553375244,0,0,0,1,0,0,0,0,0,1,0,0.60319876670837402,0.94401156902313232,347.72860717773438,-0.00021249055862426758,-0.0054315924644470215,-0.0052191689610481262,0.31311050057411194,0,-0.013150665909051895,-0.081546217203140259,-0.054524034261703491,0,-17.340541839599609,0,0.057239938527345657,0.040910825133323669,262.95416661712807,-0.017254270613193512,-0.013048569671809673,267.7308349609375,263.35354614257812,9.4220705032348633,4.1401376724243164,1.1065946817398071,0.083267092704772949
29520,217.80257031597534,1,0.31064015626907349,193.75,9.107513427734375,0.15456818044185638,1,154.95730590820312,1,28.689260482788086,9.6644735336303711,206.91244180017657,0.013296329416334629,0.0096775870770215988,-0.00048361608060076833,1.3223112821578979,-0.10605554282665253,-0.080204673111438751,-0.070949636399745941,-0.053655773401260376,3.0971922874450684,-0.00086079235188663006,-0.0059957606717944145,2.0461499691009521,-0.00056962925009429455,-0.0027654885780066252,-4.3655745685100555e-10,1,0.94395864009857178,-0.0051349704153835773,-0.0021958602592349052,-0.0010206269798800349,1.4755954742431641,0,0,0,1,0,0,0,0,0,1,0,0.90742558240890503,1.418536901473999,348.0052490234375,-9.5337629318237305e-05,-0.0013122633099555969,-0.0012170139234513044,3.6436338424682617,-0.001217921613715589,-0.022682037204504013,2.3455343246459961,-0.00090564758284017444,-0.010903885588049889,-1.4668330550193787e-07,1,0.76170331239700317,-0.021464116871356964,-0.0099982386454939842,-0.003612184664234519,1.1899073123931885,0,0,0,1,0,0,0,0,0,1,0,0.60705482959747314,0.94837009906768799,347.72238159179688,-0.00017575919628143311,-0.0053389221429824829,-0.005163128487765789,0.31267115473747253,0,-0.013125156983733177,-0.0813155397772789,-0.05436992272734642,0,-17.262832641601562,0,0.056416001170873642,0.040771789848804474,262.94999995036051,-0.017176948487758636,-0.012990094721317291,267.73129272460938,263.34194946289062,9.4422779083251953,4.3998322486877441,1.1054525375366211,0.079234704375267029
29580,179.79469978130652,1,0.30988112092018127,193.75,9.1104030609130859,0.15228188037872314,1,154.91366577148438,1,28.617609024047852,9.5003728866577148,170.80496479224118,0.012392334640026093,0.0096962498500943184,-0.00048021483235061169,1.3223112821578979,-0.10555733740329742,-0.07982790470123291,-0.07057422399520874,-0.053371869027614594,3.0928983688354492,-0.00076069217175245285,-0.0060118371620774269,2.043912410736084,-0.00049527920782566071,-0.0026373779401183128,-3.7834979593753815e-10,1,0.9427793025970459,-0.0052511477842926979,-0.0021420991979539394,-0.0011267056688666344,1.4720008373260498,0,0,0,1,0,0,0,0,0,1,0,0.91144412755966187,1.4234495162963867,347.99932861328125,-4.9561262130737305e-05,-0.0012033581733703613,-0.0011539150727912784,3.6390409469604492,-0.0009757261723279953,-0.02266542986035347,2.3417930603027344,-0.00063875922933220863,-0.010925286449491978,-1.4650868251919746e-07,1,0.75683820247650146,-0.021689705550670624,-0.010286528617143631,-0.0034959893673658371,1.1811474561691284,0,0,0,1,0,0,0,0,0,1,0,0.60936009883880615,0.95121586322784424,347.7166748046875,-0.00010029971599578857,-0.0052156448364257812,-0.0051152016967535019,0.31224092841148376,0,-0.013093665242195129,-0.081089965999126434,-0.054222304373979568,0,-17.141426086425781,0,0.052482664585113525,0.0408511683344841,262.94583328359295,-0.017056144773960114,-0.012898736633360386,267.73202514648438,263.34390258789062,9.3015117645263672,4.4344120025634766,0.92758667469024658,0.077112495899200439
29640,188.79122352378485,1,0.30758357048034668,193.75,9.1179571151733398,0.15169885754585266,1,153.6329345703125,1,28.01463508605957,9.5787458419799805,179.35166234759561,0.012207343243062496,0.0097817247733473778,-0.00047352735418826342,1.3223112821578979,-0.10399020463228226,-0.078642755746841431,-0.069543071091175079,-0.052592057734727859,3.087144136428833,-0.00049564358778297901,-0.0052925655618309975,2.0410737991333008,-0.0003350015904288739,-0.002136188093572855,-3.4924596548080444e-10,1,0.94828253984451294,-0.004796923603862524,-0.0018011865904554725,-0.0011562580475583673,1.4776432514190674,0,0,0,1,0,0,0,0,0,1,0,0.92370903491973877,1.4397094249725342,347.99310302734375,-8.2850456237792969e-06,-0.00099699944257736206,-0.00098884454928338528,3.6351790428161621,-0.00055696279741823673,-0.020943537354469299,2.341109037399292,-0.00035395659506320953,-0.0096754021942615509,-1.467997208237648e-07,1,0.77223145961761475,-0.020386576652526855,-0.0093214455991983414,-0.0035693529061973095,1.2029342651367188,0,0,0,1,0,0,0,0,0,1,0,0.63569885492324829,0.98997414112091064,347.71133422851562,-6.0364603996276855e-05,-0.0048189312219619751,-0.0047585074789822102,0.31160128116607666,0,-0.013042004778981209,-0.08075655996799469,-0.053998790681362152,0,-16.902713775634766,0,0.051679633557796478,0.041217796504497528,262.94166661682539,-0.016818620264530182,-0.012719107791781425,267.7318115234375,263.34170532226562,9.3858461380004883,4.5810375213623047,0.98432087898254395,0.082590669393539429
29700,202.45909257809015,1,0.3069310188293457,193.75,9.1086511611938477,0.15231014788150787,1,152.93882751464844,1,29.398002624511719,9.5041542053222656,192.33613794918563,0.012739685364067554,0.0097972378134727478,-0.00047265537432394922,1.3223112821578979,-0.10372307151556015,-0.078440740704536438,-0.068987958133220673,-0.052172251045703888,3.0819282531738281,-0.00035790429683402181,-0.0048522721044719219,2.0359933376312256,-0.00022707603056915104,-0.0017363481456413865,-4.8021320253610611e-10,1,0.95207667350769043,-0.0044943699613213539,-0.0015092729590833187,-0.0012373337522149086,1.4796237945556641,0,0,0,1,0,0,0,0,0,1,0,0.93227005004882812,1.4491031169891357,347.98678588867188,-6.0014426708221436e-06,-0.00087573006749153137,-0.00086987641407176852,3.6368322372436523,-0.00049569818656891584,-0.020974848419427872,2.3366787433624268,-0.00021088853827677667,-0.0080598620697855949,-1.4639226719737053e-07,1,0.77795368432998657,-0.020479150116443634,-0.007848973385989666,-0.004861750639975071,1.2090729475021362,0,0,0,1,0,0,0,0,0,1,0,0.64884412288665771,1.0080411434173584,347.70608520507812,-8.7670981884002686e-05,-0.0046451017260551453,-0.0045573292300105095,0.31073993444442749,0,-0.012975273653864861,-0.080314964056015015,-0.053688898682594299,0,-16.871585845947266,0,0.05399220809340477,0.041282758116722107,262.93749995005783,-0.01678764820098877,-0.012695685960352421,267.73129272460938,263.33697509765625,9.3824329376220703,4.1823768615722656,1.0145466327667236,0.082636900246143341
29760,233.02859133546846,1,0.31122788786888123,193.75,9.0764913558959961,0.15290412306785583,1,154.69052124023438,1,32.97247314453125,9.6139373779296875,221.37716176869503,0.011946925893425941,0.0097125694155693054,-0.00048720513586886227,1.3223112821578979,-0.10725288838148117,-0.081110164523124695,-0.070014379918575287,-0.052948486059904099,3.085230827331543,-0.00040517625166103244,-0.0057781361974775791,2.0308723449707031,-0.00020792029681615531,-0.0019180100644007325,-9.822542779147625e-10,1,0.94390910863876343,-0.0053729615174233913,-0.0017100902041420341,-0.0015539848245680332,1.4648089408874512,0,0,0,1,0,0,0,0,0,1,0,0.91888320446014404,1.425858736038208,347.98165893554688,-3.6124140024185181e-05,-0.0010918192565441132,-0.0010558610083535314,3.6455075740814209,-0.00095592718571424484,-0.024137437343597412,2.3307836055755615,-0.00040351832285523415,-0.008753729984164238,-1.4650868251919746e-07,1,0.75314193964004517,-0.023181511089205742,-0.0083502121269702911,-0.0059151872992515564,1.1678552627563477,0,0,0,1,0,0,0,0,0,1,0,0.61625325679779053,0.95462197065353394,347.70126342773438,-0.00017429888248443604,-0.0051797628402709961,-0.0050053508020937443,0.31039199233055115,0,-0.012959071435034275,-0.080203160643577576,-0.053473681211471558,0,-17.390945434570312,0,0.050550252199172974,0.040920160710811615,262.93333328329027,-0.017304424196481705,-0.013086497783660889,267.73007202148438,263.31964111328125,9.4128608703613281,4.4313850402832031,0.78183043003082275,0.068860284984111786
29820,226.05500227355637,1,0.31410294771194458,193.75,9.0588703155517578,0.15317434072494507,1,156.57084655761719,1,33.619987487792969,9.6489372253417969,214.75225215987854,0.012244224548339844,0.0096871405839920044,-0.000494817562866956,1.3223112821578979,-0.10939736664295197,-0.082731932401657104,-0.071077823638916016,-0.05375271663069725,3.0926823616027832,-0.00060409342404454947,-0.0065428642556071281,2.0287566184997559,-0.00032856245525181293,-0.0023283499758690596,-7.2759576141834259e-10,1,0.93854504823684692,-0.005938773974776268,-0.0019997882191091776,-0.0016137970378622413,1.4577727317810059,0,0,0,1,0,0,0,0,0,1,0,0.91167473793029785,1.4156484603881836,347.97720336914062,-6.3955783843994141e-05,-0.0012336522340774536,-0.0011698761954903603,3.6497883796691895,-0.0014348004478961229,-0.024878237396478653,2.3270020484924316,-0.00075223948806524277,-0.010195503011345863,-1.4615943655371666e-07,1,0.74782049655914307,-0.023443436250090599,-0.009443262591958046,-0.0050870678387582302,1.1592768430709839,0,0,0,1,0,0,0,0,0,1,0,0.61579477787017822,0.95322990417480469,347.6964111328125,-0.00023686885833740234,-0.0052994191646575928,-0.0050625996664166451,0.31083977222442627,0,-0.013008780777454376,-0.080572694540023804,-0.053470876067876816,0,-17.662675857543945,0,0.051839683204889297,0.040814682841300964,262.92916661652271,-0.017574802041053772,-0.013290971517562866,267.72900390625,263.31875610351562,9.4638328552246094,4.569176197052002,0.68927681446075439,0.055729180574417114
29880,89.160061767099577,1,0.31112083792686462,193.75,9.0696649551391602,0.15048480033874512,1,154.66371154785156,1,29.155010223388672,9.4879674911499023,84.702058678744592,0.013069339096546173,0.0098118269816040993,-0.00048678688472136855,1.3223112821578979,-0.10697467625141144,-0.080899767577648163,-0.07027842104434967,-0.053148165345191956,3.0934562683105469,-0.00057514035142958164,-0.006071493960916996,2.0268697738647461,-0.00034618479548953474,-0.0023461210075765848,0,1,0.94307178258895874,-0.0054963557049632072,-0.0019999365322291851,-0.0013613180490210652,1.4657340049743652,0,0,0,1,0,0,0,0,0,1,0,0.91487908363342285,1.4208621978759766,347.9720458984375,-5.5953860282897949e-05,-0.0012033954262733459,-0.0011475977953523397,3.6456701755523682,-0.0011273969430476427,-0.022582404315471649,2.323967456817627,-0.00062051857821643353,-0.0098623353987932205,-1.4610122889280319e-07,1,0.7666010856628418,-0.021455008536577225,-0.0092418156564235687,-0.004133155569434166,1.1895352602005005,0,0,0,1,0,0,0,0,0,1,0,0.6323249340057373,0.97884964942932129,347.6910400390625,-0.00020149350166320801,-0.0050739198923110962,-0.0048724100925028324,0.31113830208778381,0,-0.013042913749814034,-0.080826215445995331,-0.053481977432966232,0,-17.376016616821289,0,0.05542692169547081,0.041351277381181717,262.92499994975515,-0.017289569601416588,-0.013075264170765877,267.7283935546875,263.33065795898438,9.402801513671875,4.1935806274414062,0.71233946084976196,0.051490098237991333
29940,248.02113247743713,1,0.30630823969841003,193.75,9.0808525085449219,0.14894653856754303,1,151.24728393554688,1,24.377662658691406,9.4625473022460938,235.62007585356525,0.012766311876475811,0.0099353417754173279,-0.00047503810492344201,1.3223112821578979,-0.10347247123718262,-0.078251220285892487,-0.068452134728431702,-0.051767036318778992,3.0867190361022949,-0.00017141169519163668,-0.005042586475610733,2.0224957466125488,-0.00010589990415610373,-0.0019261932466179132,-4.3655745685100555e-10,1,0.9486011266708374,-0.0048711765557527542,-0.0018202936043962836,-0.0011709828395396471,1.4725737571716309,0,0,0,1,0,0,0,0,0,1,0,0.91972643136978149,1.4261785745620728,347.96615600585938,-1.4901161193847656e-08,-0.0010824780911207199,-0.0010825677309185266,3.635796070098877,-0.00037948251701891422,-0.020134279504418373,2.3182945251464844,-0.00011636325507424772,-0.0085936877876520157,-1.4668330550193787e-07,1,0.78286921977996826,-0.019754797220230103,-0.0084773227572441101,-0.0038446122780442238,1.2145178318023682,0,0,0,1,0,0,0,0,0,1,0,0.64491820335388184,0.99754172563552856,347.68487548828125,-8.4212049841880798e-05,-0.0047741569578647614,-0.0046899793669581413,0.31065070629119873,0,-0.013018847443163395,-0.080581046640872955,-0.053292922675609589,0,-16.956640243530273,0,0.054108019918203354,0.041877932846546173,262.92083328298759,-0.016872279345989227,-0.012759688310325146,267.72775268554688,263.31845092773438,9.3279094696044922,4.0767965316772461,0.77168601751327515,0.049040362238883972
30000,193.82079970424405,1,0.30298209190368652,193.75,9.0919342041015625,0.15059402585029602,1,149.02734375,1,24.360752105712891,9.3811149597167969,184.12975971903185,0.012276330962777138,0.010031448677182198,-0.00046657869825139642,1.3223112821578979,-0.1011509969830513,-0.07649560272693634,-0.067104160785675049,-0.050747629255056381,3.075770378112793,-8.6775602540001273e-05,-0.0041627134196460247,2.0160646438598633,-3.105282667092979e-05,-0.0014472885522991419,2.1827872842550278e-11,1,0.95653367042541504,-0.0040759393014013767,-0.0014162365114316344,-0.0010763424215838313,1.4803438186645508,0,0,0,1,0,0,0,0,0,1,0,0.92830491065979004,1.4353631734848022,347.959716796875,2.3264437913894653e-06,-0.00094738788902759552,-0.00094980793073773384,3.6228146553039551,-0.00040219497168436646,-0.018695492297410965,2.3110930919647217,-3.1053452403284609e-05,-0.0075578829273581505,-1.4694523997604847e-07,1,0.79802286624908447,-0.018293296918272972,-0.0075268284417688847,-0.0038421666249632835,1.234774112701416,0,0,0,1,0,0,0,0,0,1,0,0.65908271074295044,1.0172556638717651,347.677734375,-0.00010862201452255249,-0.0045663639903068542,-0.0044577131047844887,0.30954843759536743,0,-0.012948262505233288,-0.0799751877784729,-0.052910160273313522,0,-16.654678344726562,0,0.051979038864374161,0.042288556694984436,262.91666661622003,-0.01657181978225708,-0.012532465159893036,267.7269287109375,263.31417846679688,9.2609710693359375,4.0738525390625,0.78700113296508789,0.049523092806339264
30060,234.40942316100856,1,0.3016393780708313,193.75,9.0559091567993164,0.15093666315078735,1,148.33024597167969,1,26.435930252075195,9.515070915222168,222.68895200295813,0.012000225484371185,0.01006127055734396,-0.00046256667701527476,1.3223112821578979,-0.10018477588891983,-0.075764894485473633,-0.066618651151657104,-0.050380460917949677,3.0638389587402344,-0.00024505853070877492,-0.0037566772662103176,2.0088376998901367,-0.00010646779264789075,-0.0012958438601344824,1.2732925824820995e-11,1,0.9622117280960083,-0.003511620219796896,-0.0011893770424649119,-0.0009504106710664928,1.4830042123794556,0,0,0,1,0,0,0,0,0,1,0,0.93586838245391846,1.4414901733398438,347.95285034179688,-3.696046769618988e-05,-0.00087549351155757904,-0.00083865481428802013,3.609074592590332,-0.00075828301487490535,-0.017950229346752167,2.3023018836975098,-0.00019965070532634854,-0.006963169202208519,-1.4584657037630677e-07,1,0.81003069877624512,-0.017191946506500244,-0.0067635164596140385,-0.003862608689814806,1.2483315467834473,0,0,0,1,0,0,0,0,0,1,0,0.6747058629989624,1.0378965139389038,347.6697998046875,-0.00020180270075798035,-0.0044177733361721039,-0.0042157825082540512,0.30823695659637451,0,-0.012861374765634537,-0.079264432191848755,-0.052476495504379272,0,-16.511468887329102,0,0.050781283527612686,0.042415395379066467,262.91249994945247,-0.016429321840405464,-0.012424700893461704,267.7265625,263.306884765625,9.3431186676025391,4.0629825592041016,0.64992523193359375,0.041012577712535858
30120,168.3509500704441,1,0.29994544386863708,193.75,9.0677556991577148,0.15028384327888489,1,147.51974487304688,1,25.9615478515625,9.5512847900390625,159.9334025669219,0.013157271780073643,0.010125312954187393,-0.00045731620048172772,1.3223112821578979,-0.099031046032905579,-0.074892386794090271,-0.06592009961605072,-0.049852181226015091,3.0508937835693359,-0.00026966046425513923,-0.0033145444467663765,2.0009291172027588,-0.00013028419925831258,-0.0011039924575015903,-5.8207660913467407e-11,1,0.96736925840377808,-0.0030448848847299814,-0.00097370886942371726,-0.00087238388368859887,1.4844682216644287,0,0,0,1,0,0,0,0,0,1,0,0.94535267353057861,1.449928879737854,347.945556640625,-5.07403165102005e-05,-0.00076204538345336914,-0.00071151810698211193,3.59173583984375,-0.00073088315548375249,-0.016325404867529869,2.2915575504302979,-0.00027611196856014431,-0.006226065568625927,-1.4623219612985849e-07,1,0.82745778560638428,-0.015594523400068283,-0.0059499521739780903,-0.0036583160981535912,1.2695753574371338,0,0,0,1,0,0,0,0,0,1,0,0.69866549968719482,1.0702757835388184,347.66140747070312,-0.00021538883447647095,-0.0040974617004394531,-0.0038820183835923672,0.30691045522689819,0,-0.012770656496286392,-0.078559562563896179,-0.052053861320018768,0,-16.324050903320312,0,0.055809967219829559,0.042690549045801163,262.90833328268491,-0.016242837533354759,-0.012283671647310257,267.72613525390625,263.29617309570312,9.4605112075805664,4.027430534362793,0.66429245471954346,0.050321858376264572
30180,167.68560805624125,1,0.29675671458244324,193.75,9.0739603042602539,0.15096205472946167,1,145.62567138671875,1,24.10411262512207,9.6460332870483398,159.30132765342918,0.013439355418086052,0.010255156084895134,-0.00044864590745419264,1.3223112821578979,-0.096869856119155884,-0.073257982730865479,-0.064626157283782959,-0.048873633146286011,3.0346062183380127,-0.00012889897334389389,-0.0026128229219466448,1.9915159940719604,-6.7806264269165695e-05,-0.00078561139525845647,4.220055416226387e-10,1,0.97345638275146484,-0.0024839248508214951,-0.00071780569851398468,-0.00077689148019999266,1.4863746166229248,0,0,0,1,0,0,0,0,0,1,0,0.95472019910812378,1.4570965766906738,347.93771362304688,-2.8340145945549011e-05,-0.0006120242178440094,-0.00058387056924402714,3.5715627670288086,-0.00037768430775031447,-0.014243033714592457,2.278447151184082,-0.0001548725413158536,-0.005313302855938673,-1.4678516890853643e-07,1,0.84514701366424561,-0.013865351676940918,-0.0051584290340542793,-0.003369572339579463,1.2907207012176514,0,0,0,1,0,0,0,0,0,1,0,0.71618688106536865,1.092553973197937,347.6533203125,-0.00015571713447570801,-0.0037679150700569153,-0.0036121434532105923,0.30536648631095886,0,-0.012660646811127663,-0.077745497226715088,-0.051566310226917267,0,-16.014562606811523,0,0.057039733976125717,0.043250370770692825,262.90416661591735,-0.015934888273477554,-0.012050784192979336,267.725830078125,263.30380249023438,9.5123043060302734,3.945037841796875,0.68334615230560303,0.045079730451107025
30240,198.13978436184789,1,0.29496815800666809,181.25,9.0664777755737305,0.22282947599887848,1,144.17430114746094,1,22.373136520385742,9.5448532104492188,188.23279514375548,0.013466283679008484,0.010343161411583424,-0.00044501791126094759,1.3223112821578979,-0.095681577920913696,-0.072359345853328705,-0.06388566642999649,-0.04831363633275032,3.0177865028381348,1.7957310774363577e-05,-0.0021695273462682962,1.9816250801086426,5.876350769540295e-06,-0.00059587386203929782,8.4219209384173155e-10,1,0.97648298740386963,-0.0021874851081520319,-0.00060175062390044332,-0.00071039132308214903,1.482490062713623,0,0,0,1,0,0,0,0,0,1,0,0.95819401741027832,1.4542546272277832,347.93011474609375,3.8240104913711548e-06,-0.00052677281200885773,-0.00053066294640302658,3.5539774894714355,-0.00015933456597849727,-0.013479982502758503,2.2670900821685791,-6.8500339693855494e-05,-0.0050508780404925346,-1.4617398846894503e-07,1,0.84869801998138428,-0.013320649042725563,-0.004982377402484417,-0.0032223905436694622,1.2892142534255981,0,0,0,1,0,0,0,0,0,1,0,0.72117143869400024,1.0949320793151855,347.64532470703125,-9.6367672085762024e-05,-0.0035931896418333054,-0.0034967768006026745,0.30361732840538025,0,-0.012537455186247826,-0.076823748648166656,-0.051009364426136017,0,-15.88506031036377,0,0.05715719610452652,0.043628349900245667,262.89999994914979,-0.015806030482053757,-0.011953335255384445,267.72567749023438,263.30291748046875,9.3653450012207031,3.9751801490783691,0.76835924386978149,0.041649885475635529
30300,215.16828186301552,1,0.2959311306476593,181.25,9.0678939819335938,0.22427737712860107,1,144.62825012207031,1,22.006345748901367,9.5502099990844727,204.40986776986475,0.01340495515614748,0.010325518436729908,-0.00044798021554015577,1.3223112821578979,-0.096204116940498352,-0.072754517197608948,-0.064457759261131287,-0.04874628409743309,3.0041048526763916,-5.5498087021987885e-05,-0.0024153434205800295,1.9746406078338623,-4.0151477151084691e-05,-0.00091185892233625054,9.0585672296583652e-10,1,0.97317695617675781,-0.0023598456755280495,-0.00087170815095305443,-0.00058149662800133228,1.4701793193817139,0,0,0,1,0,0,0,0,0,1,0,0.95155704021453857,1.4372341632843018,347.92288208007812,-2.9150396585464478e-07,-0.00060702860355377197,-0.00060680974274873734,3.5380415916442871,-0.00050738960271701217,-0.014221706427633762,2.259737491607666,-0.00029012755840085447,-0.0060736942104995251,-1.466250978410244e-07,1,0.83927619457244873,-0.0137143200263381,-0.0057835672050714493,-0.0027743356768041849,1.2683272361755371,0,0,0,1,0,0,0,0,0,1,0,0.70941835641860962,1.0718646049499512,347.63681030273438,-0.00012445077300071716,-0.0037371739745140076,-0.0036126726772636175,0.30214101076126099,0,-0.012437310069799423,-0.076037883758544922,-0.050550885498523712,0,-15.990799903869629,0,0.05688968300819397,0.043554425239562988,262.89583328238223,-0.015911243855953217,-0.012032903730869293,267.72537231445312,263.29464721679688,9.3643226623535156,4.1287569999694824,0.71984028816223145,0.046505898237228394
30360,217.06924016405446,1,0.29656696319580078,193.75,9.0611515045166016,0.15377709269523621,1,145.089599609375,1,22.845592498779297,9.5883989334106445,206.21577815585172,0.01314664538949728,0.010298647917807102,-0.0004494403547141701,1.3223112821578979,-0.096425458788871765,-0.072921909391880035,-0.065021447837352753,-0.049172572791576385,2.9927117824554443,-0.00024017237592488527,-0.0027600547764450312,1.9711265563964844,-0.00015898028505034745,-0.0013059150660410523,-3.92901711165905e-10,1,0.9700775146484375,-0.0025198827497661114,-0.0011469358578324318,-0.00044424654333852232,1.4603557586669922,0,0,0,1,0,0,0,0,0,1,0,0.94345623254776001,1.4199705123901367,347.9158935546875,-2.8233975172042847e-05,-0.00073407962918281555,-0.00070596032310277224,3.5208051204681396,-0.00091678916942328215,-0.014653660356998444,2.255591869354248,-0.00057839235523715615,-0.006995906587690115,-1.4639226719737053e-07,1,0.83493673801422119,-0.013736873865127563,-0.0064175128936767578,-0.0022711637429893017,1.256915807723999,0,0,0,1,0,0,0,0,0,1,0,0.69969397783279419,1.0530422925949097,347.62796020507812,-0.00018291175365447998,-0.0039026141166687012,-0.0037196902558207512,0.3011150062084198,0,-0.012370702810585499,-0.075477674603462219,-0.050274394452571869,0,-16.042919158935547,0,0.055763673037290573,0.043440073728561401,262.89166661561467,-0.015963103622198105,-0.012072122655808926,267.7255859375,263.29238891601562,9.3834819793701172,4.1723241806030273,0.65519404411315918,0.047999240458011627
30420,232.64480973640252,1,0.29479244351387024,181.25,9.066248893737793,0.22547069191932678,1,144.57951354980469,1,22.490734100341797,9.5676345825195312,221.01256924958238,0.013399082235991955,0.010354445315897465,-0.00044297814019955695,1.3223112821578979,-0.095031782984733582,-0.071867935359477997,-0.064604893326759338,-0.048857551068067551,2.9794049263000488,-0.00020297366427257657,-0.0025246185250580311,1.9691689014434814,-0.00013462756760418415,-0.0011877546785399318,-2.9103830456733704e-10,1,0.97237974405288696,-0.0023216456174850464,-0.0010531280422583222,-0.00041730579687282443,1.4589555263519287,0,0,0,1,0,0,0,0,0,1,0,0.94813835620880127,1.4221324920654297,347.9085693359375,-1.5050172805786133e-05,-0.00066227838397026062,-0.00064728216966614127,3.5023934841156006,-0.00064896728144958615,-0.013231927528977394,2.2551212310791016,-0.00038350309478119016,-0.0066925641149282455,-1.4569377526640892e-07,1,0.84536546468734741,-0.012582961469888687,-0.0063090603798627853,-0.0017484682612121105,1.2683200836181641,0,0,0,1,0,0,0,0,0,1,0,0.71416854858398438,1.0707828998565674,347.6199951171875,-0.00013315677642822266,-0.0036619976162910461,-0.0035288159269839525,0.30012544989585876,0,-0.012301644310355186,-0.07492385059595108,-0.050049949437379837,0,-15.812249183654785,0,0.056864053010940552,0.043680354952812195,262.88749994884711,-0.015733581036329269,-0.011898545548319817,267.72640991210938,263.29129028320312,9.2940406799316406,4.0630946159362793,0.64024144411087036,0.047045990824699402
30480,200.05012019801578,1,0.29332482814788818,193.75,9.0654973983764648,0.15474425256252289,1,143.72944641113281,1,22.476144790649414,9.4684553146362305,190.04761418811498,0.014080618508160114,0.010429596528410912,-0.00043897595605812967,1.3223112821578979,-0.093770503997802734,-0.070914089679718018,-0.064427636563777924,-0.048723503947257996,2.9639434814453125,-5.4076779633760452e-05,-0.0023273981641978025,1.9682216644287109,-3.6105513572692871e-05,-0.0010315192630514503,1.0186340659856796e-10,1,0.97294819355010986,-0.0022733223158866167,-0.0009954151464626193,-0.00044542390969581902,1.4543700218200684,0,0,0,1,0,0,0,0,0,1,0,0.94945085048675537,1.4187219142913818,347.9012451171875,5.505979061126709e-06,-0.00062220916152000427,-0.00062775728292763233,3.4839282035827637,-0.00024390977341681719,-0.012568634003400803,2.2552890777587891,-0.00010083138477057219,-0.0065832072868943214,-1.4639226719737053e-07,1,0.84553325176239014,-0.012324724346399307,-0.0064823739230632782,-0.0014981512213125825,1.2638058662414551,0,0,0,1,0,0,0,0,0,1,0,0.70554924011230469,1.0535955429077148,347.6124267578125,-8.1971287727355957e-05,-0.0036965534090995789,-0.0036144829355180264,0.2990020215511322,0,-0.012216688133776188,-0.074273638427257538,-0.049816098064184189,0,-15.669390678405762,0,0.05984099954366684,0.04400533065199852,262.88333328207955,-0.015591433271765709,-0.011791045777499676,267.7265625,263.2822265625,9.2685785293579102,3.9100923538208008,0.74710208177566528,0.054967664182186127
30540,195.52935817921787,1,0.29261353611946106,193.75,9.0626411437988281,0.1560782790184021,1,142.84295654296875,1,24.921697616577148,9.6284675598144531,185.75289027025696,0.014125941321253777,0.010488853789865971,-0.00043849478242918849,1.3223112821578979,-0.093180060386657715,-0.070467568933963776,-0.064313352108001709,-0.048637073487043381,2.9499545097351074,1.3296987162902951e-05,-0.0021329834125936031,1.9683693647384644,6.9143425207585096e-06,-0.00083460111636668444,2.5465851649641991e-10,1,0.97488832473754883,-0.0021462810691446066,-0.0008415158954448998,-0.00050653191283345222,1.4519283771514893,0,0,0,1,0,0,0,0,0,1,0,0.95058810710906982,1.4151959419250488,347.89459228515625,4.7162175178527832e-06,-0.00060498341917991638,-0.00060979509726166725,3.4702908992767334,-0.00015269441064447165,-0.012798150070011616,2.2565948963165283,-8.6953165009617805e-05,-0.0064664315432310104,-1.4646502677351236e-07,1,0.84213811159133911,-0.012645456939935684,-0.0063794767484068871,-0.0017899493686854839,1.2540512084960938,0,0,0,1,0,0,0,0,0,1,0,0.68723785877227783,1.0222235918045044,347.60601806640625,-0.00010368227958679199,-0.0039211809635162354,-0.0038174332585185766,0.29790216684341431,0,-0.012137033045291901,-0.073613762855529785,-0.049611885100603104,0,-15.652213096618652,0,0.060039278119802475,0.04426148533821106,262.87916661531199,-0.015574341639876366,-0.011778120882809162,267.72625732421875,263.27249145507812,9.3861303329467773,4.1014013290405273,0.64365756511688232,0.062497749924659729
30600,178.00966537592478,1,0.29176005721092224,193.75,9.076045036315918,0.15437290072441101,1,141.82395935058594,1,26.384195327758789,9.4825868606567383,169.10918210712853,0.013195973820984364,0.010540181770920753,-0.00043779212865047157,1.3223112821578979,-0.092642411589622498,-0.070060968399047852,-0.063931316137313843,-0.048348158597946167,2.9379260540008545,2.0281702745705843e-05,-0.0018686119001358747,1.9680265188217163,1.0241739801131189e-05,-0.00058863696176558733,-1.0186340659856796e-10,1,0.9786713719367981,-0.0018888937775045633,-0.00059887929819524288,-0.00056929769925773144,1.452601432800293,0,0,0,1,0,0,0,0,0,1,0,0.95523226261138916,1.4173641204833984,347.88845825195312,-9.7230076789855957e-07,-0.00055065937340259552,-0.00054974469821900129,3.4606132507324219,-0.00019814196275547147,-0.01232212595641613,2.2559700012207031,-0.0001589895982760936,-0.005631985142827034,-1.4627585187554359e-07,1,0.85164231061935425,-0.012123985216021538,-0.0054729930125176907,-0.0022775521501898766,1.2639691829681396,0,0,0,1,0,0,0,0,0,1,0,0.69215208292007446,1.026414155960083,347.60073852539062,-0.00010971724987030029,-0.0038439631462097168,-0.003734236815944314,0.29688447713851929,0,-0.012071771547198296,-0.073009669780731201,-0.049413152039051056,0,-15.627132415771484,0,0.055978596210479736,0.044479593634605408,262.87499994854443,-0.015549385920166969,-0.011759247630834579,267.72555541992188,263.27804565429688,9.2894868850708008,4.1591653823852539,0.84281480312347412,0.067552424967288971
30660,186.66888277266239,1,0.29085084795951843,193.75,9.0808563232421875,0.15301761031150818,1,140.956298828125,1,25.474531173706055,9.42236328125,177.33543863402926,0.012976585887372494,0.010606424883008003,-0.00043638166971504688,1.3223112821578979,-0.092126518487930298,-0.069670826196670532,-0.0634455606341362,-0.047980803996324539,2.9268956184387207,3.9428356103599072e-05,-0.0016727922484278679,1.9658060073852539,2.879404928535223e-05,-0.00038377332384698093,-2.3283064365386963e-10,1,0.98130381107330322,-0.001712220604531467,-0.00041256786789745092,-0.00062766904011368752,1.4516249895095825,0,0,0,1,0,0,0,0,0,1,0,0.95906472206115723,1.4184578657150269,347.88250732421875,1.3988465070724487e-05,-0.00048381462693214417,-0.00049777020467445254,3.4527177810668945,-0.00023693183902651072,-0.01142079196870327,2.2534670829772949,-0.00014599840505979955,-0.004800841212272644,-1.4652323443442583e-07,1,0.86455976963043213,-0.011183860711753368,-0.0046548414975404739,-0.0024486877955496311,1.2789328098297119,0,0,0,1,0,0,0,0,0,1,0,0.70230573415756226,1.0385332107543945,347.59597778320312,-8.4765255451202393e-05,-0.00366988405585289,-0.003585142083466053,0.29587498307228088,0,-0.012010466307401657,-0.072433911263942719,-0.049181573092937469,0,-15.576786041259766,0,0.055023040622472763,0.044764958322048187,262.87083328177687,-0.015499289147555828,-0.011721362359821796,267.7244873046875,263.27984619140625,9.2162456512451172,4.339111328125,0.94512462615966797,0.057594038546085358
30720,207.22171216921325,1,0.29075813293457031,193.75,9.0737133026123047,0.15241679549217224,1,140.59698486328125,1,26.71428108215332,9.4552478790283203,196.86062656075256,0.012940273620188236,0.010623902082443237,-0.0004370786773506552,1.3223112821578979,-0.092066004872322083,-0.069625064730644226,-0.063407719135284424,-0.047952186316251755,2.9171442985534668,-2.0553809008561075e-05,-0.0016975648468360305,1.9637924432754517,-6.2182662077248096e-06,-0.00040131353307515383,-3.92901711165905e-10,1,0.98159873485565186,-0.0016770109068602324,-0.00039509576163254678,-0.00062113051535561681,1.4475393295288086,0,0,0,1,0,0,0,0,0,1,0,0.96060216426849365,1.4164062738418579,347.8768310546875,8.6640939116477966e-06,-0.00046544801443815231,-0.00047412031562998891,3.4446241855621338,-0.00046757943346165121,-0.011464112438261509,2.2529325485229492,-0.00024828760069794953,-0.0048250551335513592,-1.4665420167148113e-07,1,0.866050124168396,-0.010996533557772636,-0.0045767668634653091,-0.0024148104712367058,1.2770980596542358,0,0,0,1,0,0,0,0,0,1,0,0.70446145534515381,1.0384523868560791,347.59075927734375,-0.00012505054473876953,-0.0036672502756118774,-0.0035421790089458227,0.29494845867156982,0,-0.011958515271544456,-0.071921467781066895,-0.048952788114547729,0,-15.601666450500488,0,0.054864957928657532,0.044840700924396515,262.86666661500931,-0.015524046495556831,-0.011740084737539291,267.72354125976562,263.27447509765625,9.3460330963134766,4.1979579925537109,0.83451992273330688,0.07203596830368042
30780,209.62073960779489,1,0.29358997941017151,181.25,9.072606086730957,0.21937642991542816,1,141.77922058105469,1,31.050397872924805,9.467951774597168,199.13970262740514,0.013287723064422607,0.010539066046476364,-0.0004462221113499254,1.3223112821578979,-0.093779578804969788,-0.070920951664447784,-0.064777210354804993,-0.048987869173288345,2.9130856990814209,-2.3693777620792389e-05,-0.002184583805501461,1.9653987884521484,-1.9026803784072399e-05,-0.00081575446529313922,-2.9103830456733704e-10,1,0.97442352771759033,-0.0021608902607113123,-0.0007967284182086587,-0.00055959366727620363,1.43422532081604,0,0,0,1,0,0,0,0,0,1,0,0.94911819696426392,1.3967897891998291,347.8720703125,3.293156623840332e-06,-0.00060873478651046753,-0.00061207148246467113,3.4459362030029297,-0.00035121652763336897,-0.013939490541815758,2.2571947574615479,-0.00021769816521555185,-0.0062702386640012264,-1.4665420167148113e-07,1,0.8316771388053894,-0.013588274829089642,-0.0060525387525558472,-0.0026569580659270287,1.2238520383834839,0,0,0,1,0,0,0,0,0,1,0,0.66602456569671631,0.97966134548187256,347.5859375,-0.00012735277414321899,-0.0041279643774032593,-0.0040006032213568687,0.29440480470657349,0,-0.011938245035707951,-0.071600936353206635,-0.04885411262512207,0,-15.928044319152832,0,0.056378491222858429,0.044475730508565903,262.86249994824175,-0.015848800539970398,-0.011985680088400841,267.72341918945312,263.26544189453125,9.3435478210449219,4.1796884536743164,0.91489517688751221,0.066581845283508301
30840,183.98670022319604,1,0.29772526025772095,181.25,9.0893802642822266,0.22001704573631287,1,144.65678405761719,1,31.732538223266602,9.5109367370605469,174.78736521203624,0.015201989561319351,0.010382293723523617,-0.00045608758227899671,1.3223112821578979,-0.096383064985275269,-0.072889842092990875,-0.066697187721729279,-0.050439853221178055,2.9161677360534668,-0.00013874075375497341,-0.0028509336989372969,1.9715203046798706,-8.4590166807174683e-05,-0.0015276687918230891,-7.2759576141834259e-10,1,0.96519029140472412,-0.0027121929451823235,-0.0014430792070925236,-0.00033720157807692885,1.4216775894165039,0,0,0,1,0,0,0,0,0,1,0,0.93759363889694214,1.381122350692749,347.8677978515625,-2.4586915969848633e-05,-0.00077430903911590576,-0.00074974901508539915,3.4531052112579346,-0.00060053879860788584,-0.015781771391630173,2.2643406391143799,-0.00034935527946799994,-0.0082338722422719002,-1.4627585187554359e-07,1,0.80565369129180908,-0.015181232243776321,-0.0078845154494047165,-0.002054769080132246,1.1860270500183105,0,0,0,1,0,0,0,0,0,1,0,0.64565402269363403,0.95082467794418335,347.5810546875,-0.00018489360809326172,-0.0044370442628860474,-0.0042519960552453995,0.29464399814605713,0,-0.011973991058766842,-0.071668505668640137,-0.049014203250408173,0,-16.280195236206055,0,0.064758434891700745,0.043804973363876343,262.85833328147419,-0.016199199482798576,-0.012250670231878757,267.72305297851562,263.25384521484375,9.3312892913818359,4.1224040985107422,0.89858543872833252,0.073069468140602112
30900,231.02147372706776,1,0.30000191926956177,181.25,9.0937395095825195,0.21860131621360779,1,146.12510681152344,1,30.157489776611328,9.5025081634521484,219.47040004071437,0.014270417392253876,0.010286759585142136,-0.00046194175956770778,1.3223112821578979,-0.097714222967624664,-0.073896534740924835,-0.067935287952423096,-0.051376167684793472,2.921438455581665,-0.00025597363128326833,-0.0034558605402708054,1.9804425239562988,-0.00014716581790708005,-0.0021060500293970108,-2.3283064365386963e-10,1,0.9578062891960144,-0.0031998874619603157,-0.0019588849972933531,-0.00019751186482608318,1.4143421649932861,0,0,0,1,0,0,0,0,0,1,0,0.92546600103378296,1.3669382333755493,347.86370849609375,-4.8350542783737183e-05,-0.00094835087656974792,-0.00090001715580001473,3.4605064392089844,-0.00088549812790006399,-0.017083775252103806,2.2720143795013428,-0.00045056728413328528,-0.0095354737713932991,-1.4627585187554359e-07,1,0.79032254219055176,-0.016198277473449707,-0.0090849054977297783,-0.0016828349325805902,1.1659364700317383,0,0,0,1,0,0,0,0,0,1,0,0.61013144254684448,0.9009697437286377,347.576904296875,-0.00023195892572402954,-0.0049350559711456299,-0.0047029322013258934,0.29544001817703247,0,-0.012040100991725922,-0.072005681693553925,-0.049378339201211929,0,-16.489162445068359,0,0.060671612620353699,0.043394811451435089,262.85416661470663,-0.016407126560807228,-0.012407915666699409,267.72232055664062,263.24111938476562,9.2496490478515625,4.1363377571105957,1.0999879837036133,0.072366818785667419
30960,198.20146724735031,1,0.29982233047485352,181.25,9.0985593795776367,0.21620017290115356,1,145.59286499023438,1,28.828313827514648,9.559941291809082,188.2913938849828,0.013837271369993687,0.010297369211912155,-0.00046279840171337128,1.3223112821578979,-0.097569376230239868,-0.073786996304988861,-0.067894071340560913,-0.051344998180866241,2.9268946647644043,-0.00029045550036244094,-0.0036232215352356434,1.9879515171051025,-0.00015533031546510756,-0.0022204495035111904,2.9103830456733704e-11,1,0.95642346143722534,-0.0033327662386000156,-0.0020651200320571661,-0.0001986313727684319,1.4159891605377197,0,0,0,1,0,0,0,0,0,1,0,0.92071020603179932,1.3633759021759033,347.86013793945312,-5.0470232963562012e-05,-0.0010181069374084473,-0.00096770696109160781,3.4664461612701416,-0.0010252731153741479,-0.017626011744141579,2.2765476703643799,-0.00048408389557152987,-0.0097906393930315971,-1.4557735994458199e-07,1,0.78649121522903442,-0.01660073921084404,-0.0093065556138753891,-0.0017670972738415003,1.1633665561676025,0,0,0,1,0,0,0,0,0,1,0,0.59193789958953857,0.87616485357284546,347.57391357421875,-0.00024746358394622803,-0.0052050948143005371,-0.0049574305303394794,0.29625481367111206,0,-0.012112453579902649,-0.072353944182395935,-0.049748927354812622,0,-16.519741058349609,0,0.058777060359716415,0.0434374138712883,262.84999994793907,-0.016437552869319916,-0.012430924922227859,267.72183227539062,263.24139404296875,9.3273591995239258,4.1785144805908203,1.0108885765075684,0.065793447196483612
31020,206.46510923203286,1,0.29786220192909241,181.25,9.0885124206542969,0.21521784365177155,1,144.82057189941406,1,28.609561920166016,9.7296819686889648,196.1418537704312,0.012847979553043842,0.010344743728637695,-0.00045620065066032112,1.3223112821578979,-0.096363499760627747,-0.072875052690505981,-0.066914692521095276,-0.050604343414306641,2.9300358295440674,-0.00020701195171568543,-0.0030617853626608849,1.992098331451416,-8.2857164670713246e-05,-0.0019137142226099968,1.964508555829525e-10,1,0.96242612600326538,-0.0028547723777592182,-0.0018308574799448252,-0.00012264410906936973,1.4271185398101807,0,0,0,1,0,0,0,0,0,1,0,0.9325634241104126,1.3831131458282471,347.85586547851562,-2.454221248626709e-05,-0.00084999203681945801,-0.00082545343320816755,3.4699263572692871,-0.00098435860127210617,-0.016696451231837273,2.2796158790588379,-0.0003668073914013803,-0.0087660867720842361,-1.4458782970905304e-07,1,0.8004603385925293,-0.015712091699242592,-0.0083992797881364822,-0.0020202989690005779,1.1864109039306641,0,0,0,1,0,0,0,0,0,1,0,0.63490700721740723,0.94237899780273438,347.5703125,-0.00021726638078689575,-0.0046505630016326904,-0.00443316251039505,0.2966998815536499,0,-0.01215473935008049,-0.072526134550571442,-0.049971755594015121,0,-16.284231185913086,0,0.054463297128677368,0.043638542294502258,262.84583328117151,-0.016203215345740318,-0.012253707274794579,267.72100830078125,263.23828125,9.5428237915039062,4.0954780578613281,0.97797024250030518,0.074830994009971619
31080,220.33840406065593,1,0.29700425267219543,181.25,9.0781793594360352,0.2145557701587677,1,144.57411193847656,1,30.123575210571289,9.5241889953613281,209.32148385762312,0.013101610355079174,0.010372661054134369,-0.00045304099330678582,1.3223112821578979,-0.096020996570587158,-0.072616033256053925,-0.066223695874214172,-0.050081774592399597,2.9310641288757324,-0.00015887638437561691,-0.0028397864662110806,1.9927519559860229,-5.9014353610109538e-05,-0.0016323142917826772,-1.0913936421275139e-11,1,0.96532219648361206,-0.0026809105183929205,-0.0015732999891042709,-0.0002326571848243475,1.4322099685668945,0,0,0,1,0,0,0,0,0,1,0,0.93825966119766235,1.3923881053924561,347.85061645507812,-8.4619969129562378e-06,-0.00076030008494853973,-0.00075179338455200195,3.4720497131347656,-0.00093913974706083536,-0.016416236758232117,2.2802906036376953,-0.00035527395084500313,-0.0077455462887883186,-1.4396937331184745e-07,1,0.80822843313217163,-0.015477096661925316,-0.0073902728036046028,-0.0027120970189571381,1.1991498470306396,0,0,0,1,0,0,0,0,0,1,0,0.64666855335235596,0.96115988492965698,347.56561279296875,-0.00018585100769996643,-0.004462849348783493,-0.0042771259322762489,0.2968059778213501,0,-0.012161806225776672,-0.072553239762783051,-0.050030447542667389,0,-16.171445846557617,0,0.055567480623722076,0.043760441243648529,262.84166661440395,-0.016090990975499153,-0.012168837711215019,267.71966552734375,263.23306274414062,9.2950553894042969,4.2194128036499023,0.93653666973114014,0.06927933543920517
31140,192.38936225381835,1,0.2960875928401947,193.75,9.0652866363525391,0.1449873149394989,1,144.17546081542969,1,30.99864387512207,9.6629915237426758,182.76989414112742,0.012921081855893135,0.010418929159641266,-0.00045010025496594608,1.3223112821578979,-0.095596969127655029,-0.072295360267162323,-0.065571635961532593,-0.049588654190301895,2.9313309192657471,-0.00018860877025872469,-0.0025946574751287699,1.9912827014923096,-0.00010867053060792387,-0.0013370395172387362,-1.6007106751203537e-10,1,0.96977448463439941,-0.0024060490541160107,-0.0012283690739423037,-0.00036049907794222236,1.4389239549636841,0,0,0,1,0,0,0,0,0,1,0,0.94718939065933228,1.4054914712905884,347.84512329101562,-1.3396143913269043e-05,-0.00065666437149047852,-0.00064329011365771294,3.4729907512664795,-0.00094016408547759056,-0.015621542930603027,2.2790286540985107,-0.00050010066479444504,-0.0068351137451827526,-1.4423858374357224e-07,1,0.82184034585952759,-0.014681379310786724,-0.0063350144773721695,-0.0031252382323145866,1.2196574211120605,0,0,0,1,0,0,0,0,0,1,0,0.66714370250701904,0.99112188816070557,347.56060791015625,-0.00017906352877616882,-0.0042080655694007874,-0.0040290700271725655,0.29678159952163696,0,-0.01215752400457859,-0.072547361254692078,-0.049996927380561829,0,-16.066474914550781,0,0.054781418293714523,0.043960005044937134,262.83749994763639,-0.015986543148756027,-0.012089848518371582,267.7183837890625,263.2275390625,9.3692417144775391,4.2595682144165039,1.069333553314209,0.075584679841995239
31200,192.77599286262961,1,0.29419812560081482,193.75,9.0745182037353516,0.14494697749614716,1,143.13865661621094,1,27.904682159423828,9.5856904983520508,183.13719321949813,0.012788394466042519,0.010485977865755558,-0.00044473650632426143,1.3223112821578979,-0.094340428709983826,-0.071345098316669464,-0.064796224236488342,-0.049002248793840408,2.9283907413482666,-0.00013681763084605336,-0.0020324676297605038,1.9882146120071411,-9.2571834102272987e-05,-0.0010481004137545824,-2.4010660126805305e-10,1,0.97603762149810791,-0.0018956505227833986,-0.0009555289288982749,-0.00029406839166767895,1.4469118118286133,0,0,0,1,0,0,0,0,0,1,0,0.95868611335754395,1.4208863973617554,347.83905029296875,-6.5714120864868164e-06,-0.00051165372133255005,-0.00050506310071796179,3.4699859619140625,-0.00057484436547383666,-0.013674946501851082,2.2759475708007812,-0.00034154474269598722,-0.0061721848323941231,-1.440348569303751e-07,1,0.8392372727394104,-0.013100104406476021,-0.0058306409046053886,-0.0026364102959632874,1.2443931102752686,0,0,0,1,0,0,0,0,0,1,0,0.69197928905487061,1.0260679721832275,347.55535888671875,-0.00012221932411193848,-0.0038523003458976746,-0.0037301941774785519,0.29647839069366455,0,-0.012131194584071636,-0.072413228452205658,-0.049865663051605225,0,-15.875014305114746,0,0.054204065352678299,0.044248152524232864,262.83333328086883,-0.015796033665537834,-0.011945775710046291,267.71786499023438,263.2332763671875,9.3361234664916992,4.4726147651672363,1.0551934242248535,0.071632906794548035
31260,225.2942433937705,1,0.29291477799415588,193.75,9.081599235534668,0.14692741632461548,1,142.05915832519531,1,27.979806900024414,9.5777578353881836,214.02953122408198,0.013528600335121155,0.010573213919997215,-0.00044227720354683697,1.3223112821578979,-0.09341798722743988,-0.070647500455379486,-0.064379215240478516,-0.048686884343624115,2.9228239059448242,-0.00014651636593043804,-0.0016012010164558887,1.9849923849105835,-9.657291229814291e-05,-0.00081016024341806769,-2.0372681319713593e-10,1,0.98158401250839233,-0.0014546847669407725,-0.00071358727291226387,-0.00023782244534231722,1.4524660110473633,0,0,0,1,0,0,0,0,0,1,0,0.96553599834442139,1.4283385276794434,347.8328857421875,-8.7097287178039551e-06,-0.00042871385812759399,-0.00041999886161647737,3.4654135704040527,-0.00040288281161338091,-0.012316329404711723,2.274299144744873,-0.00023919076193124056,-0.0057468507438898087,-1.4374381862580776e-07,1,0.85179662704467773,-0.011913446709513664,-0.0055076610296964645,-0.0022186755668371916,1.2607047557830811,0,0,0,1,0,0,0,0,0,1,0,0.7036057710647583,1.0409951210021973,347.55007934570312,-0.00010804831981658936,-0.0036903172731399536,-0.0035822237841784954,0.2959250807762146,0,-0.012090006843209267,-0.07214529812335968,-0.049674898386001587,0,-15.787230491638184,0,0.057429105043411255,0.044624581933021545,262.82916661410127,-0.015708686783909798,-0.011879718862473965,267.71749877929688,263.22906494140625,9.3639593124389648,4.2860422134399414,0.93628561496734619,0.08247501403093338
31320,225.04917412927614,1,0.29339078068733215,181.25,9.0747671127319336,0.21815091371536255,1,141.96694946289062,1,27.624425888061523,9.5273408889770508,213.79671542281233,0.013270482420921326,0.010519048199057579,-0.00044472565059550107,1.3223112821578979,-0.093703433871269226,-0.070863373577594757,-0.064615294337272644,-0.048865418881177902,2.919032096862793,-0.00018469005590304732,-0.0015391219640150666,1.9832112789154053,-0.00012537671136669815,-0.00069808843545615673,-6.4028427004814148e-10,1,0.98347783088684082,-0.0013544324319809675,-0.00057271169498562813,-0.00029466260457411408,1.4525666236877441,0,0,0,1,0,0,0,0,0,1,0,0.97010040283203125,1.4325137138366699,347.8272705078125,-2.0071864128112793e-05,-0.00038386881351470947,-0.00036371842725202441,3.465123176574707,-0.00042121054138988256,-0.012713437899947166,2.27701735496521,-0.00027737743221223354,-0.0056757931597530842,-1.442094799131155e-07,1,0.84863638877868652,-0.012292226776480675,-0.0053984178230166435,-0.0025206736754626036,1.2536131143569946,0,0,0,1,0,0,0,0,0,1,0,0.70465970039367676,1.0405293703079224,347.5455322265625,-0.00013680756092071533,-0.0037009119987487793,-0.0035640313290059566,0.29538965225219727,0,-0.012055782601237297,-0.07187972217798233,-0.049503915011882782,0,-15.874626159667969,0,0.056303352117538452,0.044387660920619965,262.82499994733371,-0.015795648097991943,-0.011945484206080437,267.71804809570312,263.23782348632812,9.302978515625,4.0942764282226562,1.0305923223495483,0.079436950385570526
31380,204.38545519424582,1,0.29557669162750244,181.25,9.0792427062988281,0.21702930331230164,1,143.15670776367188,1,29.57447624206543,9.510197639465332,194.16618243453351,0.01234098058193922,0.010409647598862648,-0.00045096085523255169,1.3223112821578979,-0.095159709453582764,-0.071964681148529053,-0.06550220400094986,-0.049536146223545074,2.920121431350708,-0.00012663443339988589,-0.0018148268572986126,1.9839012622833252,-8.3913306298200041e-05,-0.00083444861229509115,-5.2750692702829838e-10,1,0.97921115159988403,-0.0016881927149370313,-0.0007505349931307137,-0.00033964242902584374,1.4454270601272583,0,0,0,1,0,0,0,0,0,1,0,0.96663951873779297,1.4266571998596191,347.82220458984375,-8.625909686088562e-06,-0.00041438359767198563,-0.00040572881698608398,3.4688377380371094,-0.00039878379902802408,-0.013804536312818527,2.2806634902954102,-0.00022214039927348495,-0.0059236157685518265,-1.4453689800575376e-07,1,0.83601248264312744,-0.013405751436948776,-0.0057014767080545425,-0.0029108165763318539,1.2342965602874756,0,0,0,1,0,0,0,0,0,1,0,0.70331728458404541,1.0381569862365723,347.5408935546875,-0.00011571310460567474,-0.0036948751658201218,-0.0035791641566902399,0.29522705078125,0,-0.012052169069647789,-0.071797303855419159,-0.049451559782028198,0,-16.097194671630859,0,0.052259653806686401,0.043914340436458588,262.82083328056615,-0.016017109155654907,-0.012112963944673538,267.71807861328125,263.22518920898438,9.3193702697753906,4.1286916732788086,1.0864787101745605,0.073934152722358704
31440,221.96812212149126,1,0.29758203029632568,181.25,9.0732831954956055,0.21847213804721832,1,144.65513610839844,1,32.432933807373047,9.4990558624267578,210.86971601541669,0.012774283066391945,0.010320106521248817,-0.00045543484156951308,1.3223112821578979,-0.096434041857719421,-0.072928398847579956,-0.066424883902072906,-0.050233922898769379,2.9242439270019531,-4.9385707825422287e-05,-0.0022205570712685585,1.9861630201339722,-5.1386887207627296e-06,-0.0010803129989653826,2.0372681319713593e-10,1,0.9726564884185791,-0.0021711708977818489,-0.0010751739609986544,-0.00034943796345032752,1.4369418621063232,0,0,0,1,0,0,0,0,0,1,0,0.95835840702056885,1.4155788421630859,347.81719970703125,1.5210360288619995e-05,-0.00049328804016113281,-0.00050835742149502039,3.4747533798217773,-0.0005543992156162858,-0.014733958058059216,2.2843689918518066,-0.0001895376481115818,-0.0064684092067182064,-1.4505349099636078e-07,1,0.82540476322174072,-0.01417955756187439,-0.0062788715586066246,-0.0028838973958045244,1.2195736169815063,0,0,0,1,0,0,0,0,0,1,0,0.69906735420227051,1.0327033996582031,347.53561401367188,-0.00010131299495697021,-0.0037402063608169556,-0.0036390074528753757,0.29548370838165283,0,-0.012074775993824005,-0.071920707821846008,-0.049530230462551117,0,-16.256895065307617,0,0.054142680019140244,0.043530993163585663,262.81666661379859,-0.016176015138626099,-0.012233137153089046,267.7164306640625,263.218994140625,9.3137378692626953,4.3219633102416992,0.83589863777160645,0.060358449816703796
31500,225.62893398960483,1,0.29814061522483826,181.25,9.0798530578613281,0.21936970949172974,1,145.52853393554688,1,33.924846649169922,9.425044059753418,214.34748729012458,0.012554663233458996,0.010291695594787598,-0.00045525559107773006,1.3223112821578979,-0.096779599785804749,-0.073189727962017059,-0.06669887900352478,-0.050441130995750427,2.9293055534362793,-2.0262668840587139e-05,-0.0022981143556535244,1.9890203475952148,2.8467271476984024e-05,-0.0011746829841285944,-5.5297277867794037e-10,1,0.97101002931594849,-0.00227785250172019,-0.0012031499063596129,-0.00030653379508294165,1.4367036819458008,0,0,0,1,0,0,0,0,0,1,0,0.9601978063583374,1.4204152822494507,347.81207275390625,1.7032027244567871e-05,-0.00047186017036437988,-0.0004888176335953176,3.4793601036071777,-0.00062651047483086586,-0.014892777428030968,2.2873082160949707,-0.00023506581783294678,-0.0064795808866620064,-1.4365650713443756e-07,1,0.82587713003158569,-0.01426626555621624,-0.0062445146031677723,-0.0029651466757059097,1.2217879295349121,0,0,0,1,0,0,0,0,0,1,0,0.70525664091110229,1.0428292751312256,347.5302734375,-0.00012309849262237549,-0.0037046223878860474,-0.0035815485753118992,0.29595267772674561,0,-0.0121060935780406,-0.072147496044635773,-0.049692623317241669,0,-16.250495910644531,0,0.05318782851099968,0.043409384787082672,262.81249994703103,-0.016169648617506027,-0.012228322215378284,267.71640014648438,263.22320556640625,9.2773704528808594,4.6697726249694824,0.88922429084777832,0.060679405927658081
31560,247.92283596713699,1,0.29707980155944824,181.25,9.0705499649047852,0.2168298065662384,1,144.90818786621094,1,34.126869201660156,9.6096725463867188,235.52669416878012,0.012510289438068867,0.010359606705605984,-0.00045234151184558868,1.3223112821578979,-0.096076250076293945,-0.072657816112041473,-0.066248118877410889,-0.050100244581699371,2.9313678741455078,9.0442670625634491e-05,-0.0020520123653113842,1.9902236461639404,6.3985644374042749e-05,-0.0010706136235967278,1.4915713109076023e-10,1,0.97281360626220703,-0.0021424556616693735,-0.0011345988605171442,-0.0002826869604177773,1.4407486915588379,0,0,0,1,0,0,0,0,0,1,0,0.96397924423217773,1.427539587020874,347.80667114257812,2.3981556296348572e-05,-0.00041719339787960052,-0.00044113639160059392,3.4789566993713379,-0.00018276262562721968,-0.014170330017805099,2.2877058982849121,-0.00010172469774261117,-0.0062378179281949997,-1.4359829947352409e-07,1,0.82950025796890259,-0.013987565413117409,-0.0061360942199826241,-0.0028897130396217108,1.2283638715744019,0,0,0,1,0,0,0,0,0,1,0,0.71051204204559326,1.0516539812088013,347.5250244140625,-8.729100227355957e-05,-0.0036079436540603638,-0.0035207441542297602,0.29624167084693909,0,-0.012120331637561321,-0.072290033102035522,-0.049796685576438904,0,-16.146478652954102,0,0.052995007485151291,0.043702911585569382,262.80833328026347,-0.016066147014498711,-0.012150049209594727,267.71600341796875,263.21963500976562,9.4448108673095703,4.4874181747436523,0.8517606258392334,0.063311055302619934
31620,248.91012787653935,1,0.29573339223861694,181.25,9.0756158828735352,0.21370302140712738,1,143.89761352539062,1,32.212062835693359,9.6582431793212891,236.46462148271237,0.012452478520572186,0.01042654924094677,-0.00044935286859981716,1.3223112821578979,-0.095141306519508362,-0.071950763463973999,-0.065744712948799133,-0.049719542264938354,2.9301695823669434,0.0001075471518561244,-0.0017520261462777853,1.990282416343689,5.1685841754078865e-05,-0.00091832084581255913,3.2014213502407074e-10,1,0.97640615701675415,-0.0018595734145492315,-0.00097000616369768977,-0.00025748377083800733,1.4462907314300537,0,0,0,1,0,0,0,0,0,1,0,0.96948575973510742,1.4359830617904663,347.80099487304688,1.8257647752761841e-05,-0.00035364925861358643,-0.00037181496736593544,3.4745097160339355,-4.3440028093755245e-05,-0.013219602406024933,2.2877013683319092,-4.0177954360842705e-05,-0.0059001380577683449,-1.4383113011717796e-07,1,0.83868354558944702,-0.013176159933209419,-0.0058599617332220078,-0.0026557911187410355,1.2422704696655273,0,0,0,1,0,0,0,0,0,1,0,0.72838282585144043,1.0786752700805664,347.51925659179688,-7.0795416831970215e-05,-0.0033662468194961548,-0.0032955915667116642,0.29626798629760742,0,-0.01211851742118597,-0.072291083633899689,-0.04981757327914238,0,-16.039796829223633,0,0.052743867039680481,0.043990187346935272,262.80416661349591,-0.015959996730089188,-0.012069772928953171,267.71511840820312,263.21267700195312,9.4158391952514648,4.021552562713623,0.82021814584732056,0.060881465673446655
31680,183.95683803175223,1,0.29493579268455505,181.25,9.0824365615844727,0.21262733638286591,1,143.38862609863281,1,31.181838989257812,9.6275911331176758,174.7589961301646,0.014710790477693081,0.010499792173504829,-0.00044730911031365395,1.3223112821578979,-0.094531454145908356,-0.071489565074443817,-0.065531179308891296,-0.049558058381080627,2.9260320663452148,5.5679258366581053e-05,-0.0017289025709033012,1.9892373085021973,2.0972547645214945e-05,-0.00085874891374260187,-2.255546860396862e-10,1,0.97758448123931885,-0.0017845821566879749,-0.00087972101755440235,-0.00028988326084800065,1.447210431098938,0,0,0,1,0,0,0,0,0,1,0,0.97112047672271729,1.4376814365386963,347.794921875,1.0170042514801025e-05,-0.00033896788954734802,-0.00034900725586339831,3.4667658805847168,-5.6621487601660192e-05,-0.012808430939912796,2.2862052917480469,-3.4828924981411546e-05,-0.0056747733615338802,-1.4334364095702767e-07,1,0.84357482194900513,-0.012751808390021324,-0.0056399470195174217,-0.0025993487797677517,1.248991847038269,0,0,0,1,0,0,0,0,0,1,0,0.73433279991149902,1.0875295400619507,347.51284790039062,-5.3764320909976959e-05,-0.0032618939876556396,-0.0032080886885523796,0.29608634114265442,0,-0.012104099616408348,-0.072182096540927887,-0.049780718982219696,0,-15.96684455871582,0,0.062601439654827118,0.044309556484222412,262.79999994672835,-0.015887407585978508,-0.012014877051115036,267.71487426757812,263.2003173828125,9.4145908355712891,4.1958141326904297,0.77363687753677368,0.067577019333839417
31740,183.82129920242576,1,0.29370775818824768,181.25,9.0842275619506836,0.2178606241941452,1,142.358642578125,1,30.906147003173828,9.4923725128173828,174.63023424230445,0.01582472026348114,0.01064559631049633,-0.00044494096073321998,1.3223112821578979,-0.093769103288650513,-0.070913031697273254,-0.064953133463859558,-0.049120910465717316,2.9212872982025146,1.5882484149187803e-05,-0.0015121588949114084,1.9877479076385498,4.5706401579082012e-06,-0.00052926887292414904,-4.6566128730773926e-10,1,0.98211026191711426,-0.0015280412044376135,-0.00053383881459012628,-0.00042999390279874206,1.4523434638977051,0,0,0,1,0,0,0,0,0,1,0,0.97146713733673096,1.4366524219512939,347.7891845703125,9.9986791610717773e-06,-0.00033351778984069824,-0.00034336885437369347,3.4605159759521484,-6.0563907027244568e-05,-0.012660641223192215,2.2866115570068359,-3.4413300454616547e-05,-0.0046675638295710087,-1.4301622286438942e-07,1,0.85089468955993652,-0.012600076384842396,-0.0046331523917615414,-0.0033444929867982864,1.2586159706115723,0,0,0,1,0,0,0,0,0,1,0,0.71915429830551147,1.0643644332885742,347.50714111328125,-4.5672059059143066e-05,-0.0034238100051879883,-0.0033779903315007687,0.29575693607330322,0,-0.012080932036042213,-0.071999415755271912,-0.049700811505317688,0,-15.882312774658203,0,0.067499749362468719,0.044948086142539978,262.79583327996079,-0.015803296118974686,-0.011951267719268799,267.71331787109375,263.19168090820312,9.3466157913208008,4.4838142395019531,0.82636559009552002,0.061751272529363632
31800,248.48172767664636,1,0.2933850884437561,181.25,9.0519504547119141,0.21652349829673767,1,141.13838195800781,1,29.819082260131836,9.4625148773193359,236.05764129281403,0.01618078351020813,0.01074676401913166,-0.00044731036177836359,1.3223112821578979,-0.093715503811836243,-0.070872500538825989,-0.064590029418468475,-0.048846311867237091,2.9181628227233887,-7.8352284617722034e-05,-0.0013984917895868421,1.9847338199615479,-4.8071378841996193e-05,-0.00028159789508208632,1.1641532182693481e-10,1,0.98608946800231934,-0.0013201392721384764,-0.00023352615244220942,-0.00055688165593892336,1.456048846244812,0,0,0,1,0,0,0,0,0,1,0,0.9685710072517395,1.4302645921707153,347.7845458984375,-1.1906027793884277e-05,-0.00039099156856536865,-0.00037896746653132141,3.4593381881713867,-0.00024120032321661711,-0.013323679566383362,2.2859897613525391,-0.00018770992755889893,-0.0032037859782576561,-1.4388933777809143e-07,1,0.85676050186157227,-0.013082478195428848,-0.0030160781461745501,-0.0049430918879806995,1.2652097940444946,0,0,0,1,0,0,0,0,0,1,0,0.68742632865905762,1.0158365964889526,347.50274658203125,-0.00010183453559875488,-0.0038619339466094971,-0.0037599934730678797,0.29533344507217407,0,-0.012060815468430519,-0.071787014603614807,-0.049565933644771576,0,-15.966889381408691,0,0.069070585072040558,0.045390091836452484,262.79166661319323,-0.01588745228946209,-0.012014910578727722,267.71395874023438,263.19058227539062,9.2605781555175781,4.1447381973266602,0.70173847675323486,0.061144057661294937
31860,256.01778484850996,1,0.2947966456413269,181.25,9.0858602523803711,0.21464027464389801,1,140.54493713378906,1,28.077093124389648,9.4658479690551758,243.21689560608445,0.014617298729717731,0.010629871860146523,-0.00045571400551125407,1.3223112821578979,-0.094917476177215576,-0.071781493723392487,-0.064778506755828857,-0.048988848924636841,2.9191148281097412,-0.00018989702221006155,-0.0017366255633533001,1.9814736843109131,-0.00011928987805731595,-0.00033165747299790382,1.7462298274040222e-10,1,0.98405474424362183,-0.0015467285411432385,-0.00021236742031760514,-0.00070200953632593155,1.4517910480499268,0,0,0,1,0,0,0,0,0,1,0,0.96371257305145264,1.4218220710754395,347.78094482421875,-4.8536807298660278e-05,-0.00048673897981643677,-0.00043808616464957595,3.4617476463317871,-0.00053056911565363407,-0.014230165630578995,2.2845907211303711,-0.00042498449329286814,-0.0030834372155368328,-1.4397664926946163e-07,1,0.85305798053741455,-0.01369959581643343,-0.0026584542356431484,-0.0055841789580881596,1.2586486339569092,0,0,0,1,0,0,0,0,0,1,0,0.67800617218017578,1.0010688304901123,347.49920654296875,-0.00018690526485443115,-0.0040646940469741821,-0.0038777047302573919,0.29507187008857727,0,-0.012071959674358368,-0.071689076721668243,-0.049436852335929871,0,-16.266860961914062,0,0.062191411852836609,0.044869445264339447,262.78749994642567,-0.016185931861400604,-0.01224063616245985,267.71444702148438,263.19448852539062,9.3084545135498047,4.040705680847168,0.79539358615875244,0.071513853967189789
31920,198.96625978078538,1,0.29786258935928345,181.25,9.1115293502807617,0.21735197305679321,1,141.85064697265625,1,30.042110443115234,9.4142007827758789,189.01794679174611,0.013249066658318043,0.010498255491256714,-0.00046575398300774395,1.3223112821578979,-0.097167797386646271,-0.073483303189277649,-0.065741881728172302,-0.049717403948307037,2.9234147071838379,-0.00019489729311317205,-0.0029029110446572304,1.9811626672744751,-0.00013127119746059179,-0.00056442077038809657,-1.7462298274040222e-10,1,0.97150754928588867,-0.0027080143336206675,-0.00043314963113516569,-0.0011730482801795006,1.434563159942627,0,0,0,1,0,0,0,0,0,1,0,0.94293862581253052,1.3924175500869751,347.7774658203125,-6.1780214309692383e-05,-0.00075253099203109741,-0.00069064955459907651,3.4629426002502441,-0.0006119654281064868,-0.016469120979309082,2.2849829196929932,-0.00047510850708931684,-0.0039116679690778255,-1.4444231055676937e-07,1,0.8272712230682373,-0.015857156366109848,-0.0034365605097264051,-0.0061389259062707424,1.221980094909668,0,0,0,1,0,0,0,0,0,1,0,0.64818888902664185,0.95816922187805176,347.49459838867188,-0.00021697580814361572,-0.0044689476490020752,-0.0042520193383097649,0.29530683159828186,0,-0.012128151953220367,-0.071864739060401917,-0.049424942582845688,0,-16.625240325927734,0,0.056210000067949295,0.044299587607383728,262.78333327965811,-0.016542527824640274,-0.012510312721133232,267.71368408203125,263.18209838867188,9.2249355316162109,4.1459684371948242,0.83975565433502197,0.069460973143577576
31980,221.74919156672661,1,0.29989597201347351,181.25,9.1135826110839844,0.21771320700645447,1,142.62727355957031,1,32.670707702636719,9.4361801147460938,210.66173198839027,0.013524203561246395,0.010430488735437393,-0.0004727694031316787,1.3223112821578979,-0.098677970468997955,-0.074625372886657715,-0.066377200186252594,-0.050197862088680267,2.9297943115234375,-8.7412423454225063e-05,-0.0041300803422927856,1.9824000597000122,-2.7062371373176575e-05,-0.00086246966384351254,-3.2014213502407074e-10,1,0.95646834373474121,-0.0040426691994071007,-0.00083540799096226692,-0.0015796765219420195,1.4155434370040894,0,0,0,1,0,0,0,0,0,1,0,0.91789883375167847,1.3583309650421143,347.77423095703125,-2.9072165489196777e-05,-0.00103759765625,-0.0010084856767207384,3.4632248878479004,-0.00045093393418937922,-0.018153296783566475,2.2855606079101562,-0.00021728972205892205,-0.0049333833158016205,-1.4528632164001465e-07,1,0.80257558822631836,-0.017702361568808556,-0.0047160955145955086,-0.0060762460343539715,1.1878437995910645,0,0,0,1,0,0,0,0,0,1,0,0.6099172830581665,0.90280693769454956,347.490234375,-0.00016270577907562256,-0.0049319267272949219,-0.0047693094238638878,0.29599365592002869,0,-0.012219037860631943,-0.072285182774066925,-0.04952656477689743,0,-16.87565803527832,0,0.057409927248954773,0.044007427990436554,262.77916661289055,-0.016791699454188347,-0.012698749080300331,267.7125244140625,263.17031860351562,9.1939430236816406,4.3387889862060547,0.79070711135864258,0.061075616627931595
32040,198.84609624415572,1,0.29937499761581421,181.25,9.1045370101928711,0.21580928564071655,1,142.74986267089844,1,33.12188720703125,9.4617881774902344,188.90379143194792,0.01323649100959301,0.010431138798594475,-0.00046990584814921021,1.3223112821578979,-0.098180107772350311,-0.074248865246772766,-0.06637708842754364,-0.050197776407003403,2.9351177215576172,-5.8422854635864496e-05,-0.0045006508007645607,1.9844506978988647,1.5482015442103148e-05,-0.00091858976520597935,-3.0559021979570389e-10,1,0.9522203803062439,-0.0044422298669815063,-0.00093407195527106524,-0.0017199541907757521,1.4125428199768066,0,0,0,1,0,0,0,0,0,1,0,0.91454106569290161,1.3563975095748901,347.77069091796875,-1.2010335922241211e-05,-0.0010691508650779724,-0.0010571108432486653,3.4640228748321533,-0.00035024387761950493,-0.019037293270230293,2.2886834144592285,-6.3814455643296242e-05,-0.005156857892870903,-1.4546094462275505e-07,1,0.7916906476020813,-0.018687047064304352,-0.0050930436700582504,-0.0063080647960305214,1.1745316982269287,0,0,0,1,0,0,0,0,0,1,0,0.60092544555664062,0.89159464836120605,347.48626708984375,-0.00011594593524932861,-0.0050245970487594604,-0.004908714909106493,0.29668033123016357,0,-0.012300614267587662,-0.072686493396759033,-0.049655944108963013,0,-16.773443222045898,0,0.056155182421207428,0.04401005432009697,262.77499994612299,-0.016689993441104889,-0.012621833942830563,267.71188354492188,263.17330932617188,9.2365360260009766,4.1947975158691406,0.8151746392250061,0.068063236773014069
32100,219.38130647259433,1,0.30059406161308289,181.25,9.1043968200683594,0.21684657037258148,1,143.72230529785156,1,32.752132415771484,9.4877519607543945,208.4122411489646,0.01403727475553751,0.010401429608464241,-0.00047245124005712569,1.3223112821578979,-0.098908945918083191,-0.074800044298171997,-0.067025706171989441,-0.050688296556472778,2.9411215782165527,-0.00018285820260643959,-0.0050915023311972618,1.9864604473114014,-6.6508655436336994e-05,-0.0011464179260656238,-4.0745362639427185e-10,1,0.94719606637954712,-0.0049086445942521095,-0.0010799095034599304,-0.0018603908829391003,1.4076502323150635,0,0,0,1,0,0,0,0,0,1,0,0.9089539647102356,1.3506059646606445,347.76690673828125,-5.2012503147125244e-05,-0.0011829733848571777,-0.0011308786924928427,3.4686384201049805,-0.0004935351898893714,-0.020787486806511879,2.2934219837188721,-0.00017562007997184992,-0.0059722852893173695,-1.4668330550193787e-07,1,0.77321231365203857,-0.020293951034545898,-0.005796666257083416,-0.0066235875710844994,1.149134635925293,0,0,0,1,0,0,0,0,0,1,0,0.57642412185668945,0.85660552978515625,347.48236083984375,-0.00018002092838287354,-0.0054210126399993896,-0.0052408976480364799,0.29723390936851501,0,-0.012360673397779465,-0.072994649410247803,-0.049782268702983856,0,-16.864301681518555,0,0.059651412069797516,0.043885931372642517,262.77083327935543,-0.016780398786067963,-0.012690203264355659,267.711669921875,263.17123413085938,9.2847938537597656,4.1991968154907227,0.80204677581787109,0.08283369243144989
32160,164.01929111614473,1,0.30328550934791565,181.25,9.1316242218017578,0.21448446810245514,1,145.07191467285156,1,33.093696594238281,9.4983234405517578,155.81832656033748,0.013313497416675091,0.01030805055052042,-0.00048074155347421765,1.3223112821578979,-0.10052573680877686,-0.076022744178771973,-0.068470291793346405,-0.051780767738819122,2.9504339694976807,-0.00022560008801519871,-0.005990002304315567,1.9919713735580444,-0.00014495279174298048,-0.0016827428480610251,-2.3283064365386963e-10,1,0.93685942888259888,-0.0057644019834697247,-0.0015377906383946538,-0.001973599661141634,1.3961706161499023,0,0,0,1,0,0,0,0,0,1,0,0.89322781562805176,1.3309396505355835,347.76376342773438,-8.9794397354125977e-05,-0.0014275610446929932,-0.0013376920251175761,3.4792771339416504,-0.00044119148515164852,-0.022968340665102005,2.3008017539978027,-0.00021321559324860573,-0.0078317737206816673,-1.4726538211107254e-07,1,0.742881178855896,-0.022527150809764862,-0.0076185581274330616,-0.0063842860981822014,1.1067466735839844,0,0,0,1,0,0,0,0,0,1,0,0.54064607620239258,0.80489826202392578,347.47869873046875,-0.00021827220916748047,-0.0059567391872406006,-0.0057384306564927101,0.29809471964836121,0,-0.012442516162991524,-0.073438704013824463,-0.050051171332597733,0,-17.160224914550781,0,0.056490857154130936,0.043483875691890717,262.76666661258787,-0.01707485131919384,-0.012912883423268795,267.7119140625,263.1563720703125,9.3136739730834961,4.2838077545166016,0.95650917291641235,0.073172450065612793
32220,144.23645117394304,1,0.30562493205070496,181.25,9.13623046875,0.21168693900108337,1,147.40861511230469,1,32.666122436523438,9.4952144622802734,137.02462861524589,0.01406168844550848,0.010215071961283684,-0.00048415394849143922,1.3223112821578979,-0.10202272236347198,-0.077154844999313354,-0.069618441164493561,-0.052649054676294327,2.9622740745544434,-0.00013399671297520399,-0.006845010444521904,1.9998593330383301,-9.8185089882463217e-05,-0.0020187133923172951,-2.0372681319713593e-10,1,0.92643839120864868,-0.0067110136151313782,-0.0019205285934731364,-0.002191201550886035,1.3858884572982788,0,0,0,1,0,0,0,0,0,1,0,0.88267123699188232,1.3202533721923828,347.76046752929688,-4.3749809265136719e-05,-0.0015257894992828369,-0.0014819877687841654,3.4917826652526855,-0.00033458264078944921,-0.024735152721405029,2.3092114925384521,-0.0002027205191552639,-0.0090705808252096176,-1.4810939319431782e-07,1,0.72048777341842651,-0.024400569498538971,-0.0088678598403930664,-0.006407272070646286,1.0769264698028564,0,0,0,1,0,0,0,0,0,1,0,0.52527433633804321,0.78435784578323364,347.47503662109375,-0.00014130771160125732,-0.0061264932155609131,-0.0059852395206689835,0.2992708683013916,0,-0.012538793496787548,-0.074020937085151672,-0.050455644726753235,0,-17.282033920288086,0,0.059758193790912628,0.043086007237434387,262.76249994582031,-0.017196053639054298,-0.013004542328417301,267.71255493164062,263.14886474609375,9.336583137512207,4.3665332794189453,0.8244088888168335,0.070359326899051666
32280,165.39900233441216,1,0.30478936433792114,181.25,9.1542024612426758,0.21215397119522095,1,147.86959838867188,1,29.150173187255859,9.4672756195068359,157.12905221769154,0.013670376501977444,0.010212596505880356,-0.00047869683476164937,1.3223112821578979,-0.1014636904001236,-0.076732076704502106,-0.069241143763065338,-0.052363723516464233,2.9723377227783203,-0.00016005418729037046,-0.0068548228591680527,2.0056521892547607,-8.0993049778044224e-05,-0.0020466905552893877,-6.1118043959140778e-10,1,0.92721474170684814,-0.006694769486784935,-0.001965697156265378,-0.0021377452649176121,1.3920153379440308,0,0,0,1,0,0,0,0,0,1,0,0.88904166221618652,1.3345445394515991,347.75616455078125,-2.3342669010162354e-05,-0.0014379173517227173,-0.0014144927263259888,3.5003619194030762,-0.00057717692106962204,-0.024588169530034065,2.3128242492675781,-0.00030822970438748598,-0.0088566690683364868,-1.4767283573746681e-07,1,0.7290959358215332,-0.024010989814996719,-0.0085484394803643227,-0.0064425980672240257,1.093271017074585,0,0,0,1,0,0,0,0,0,1,0,0.54975354671478271,0.82344961166381836,347.4713134765625,-0.00012783706188201904,-0.0058498233556747437,-0.0057221287861466408,0.30039364099502563,0,-0.012612821534276009,-0.074579566717147827,-0.050846725702285767,0,-17.087240219116211,0,0.058048013597726822,0.043075956404209137,262.75833327905275,-0.017002228647470474,-0.012857962399721146,267.71221923828125,263.14154052734375,9.3029270172119141,4.2276763916015625,0.80112683773040771,0.065712049603462219
32340,170.79274126833729,1,0.30209150910377502,181.25,9.1576709747314453,0.21070940792560577,1,146.12528991699219,1,28.134647369384766,9.4548254013061523,162.25310420492042,0.014182421378791332,0.010332923382520676,-0.00047166115837171674,1.3223112821578979,-0.099762856960296631,-0.075445815920829773,-0.067892491817474365,-0.051343806087970734,2.9771974086761475,-0.0002033000928349793,-0.0062117306515574455,2.0068175792694092,-7.9155812272801995e-05,-0.001736891339533031,-2.9103830456733704e-10,1,0.93565303087234497,-0.0060084303840994835,-0.0016577355563640594,-0.0020120458211749792,1.4071433544158936,0,0,0,1,0,0,0,0,0,1,0,0.90107327699661255,1.3547375202178955,347.75115966796875,-3.1773000955581665e-05,-0.0013000369071960449,-0.0012682450469583273,3.5061726570129395,-0.00095402647275477648,-0.023413421586155891,2.3109147548675537,-0.00038616708479821682,-0.0077867563813924789,-1.4784745872020721e-07,1,0.75161552429199219,-0.022459398955106735,-0.0074005890637636185,-0.006532927043735981,1.1289839744567871,0,0,0,1,0,0,0,0,0,1,0,0.56160390377044678,0.84158408641815186,347.46783447265625,-0.00019158422946929932,-0.0057941675186157227,-0.0056026121601462364,0.30091002583503723,0,-0.012637676671147346,-0.074845448136329651,-0.051027543842792511,0,-16.836099624633789,0,0.060286417603492737,0.043593663722276688,262.75416661228519,-0.016752338036894798,-0.012668982148170471,267.71139526367188,263.132568359375,9.226038932800293,4.2595310211181641,0.8463515043258667,0.075311988592147827
32400,174.54190353432801,1,0.30085396766662598,181.25,9.1584758758544922,0.20687663555145264,1,144.65480041503906,1,29.595344543457031,9.4318809509277344,165.81480835761161,0.013493974693119526,0.010380776599049568,-0.0004706243344116956,1.3223112821578979,-0.099167682230472565,-0.074995718896389008,-0.06701214611530304,-0.050678040832281113,2.9805092811584473,-8.3938677562400699e-05,-0.0055845770984888077,2.0049667358398438,-6.9837551563978195e-06,-0.0013922706712037325,-1.076841726899147e-09,1,0.941569983959198,-0.0055006388574838638,-0.001385287381708622,-0.0019518816843628883,1.4165253639221191,0,0,0,1,0,0,0,0,0,1,0,0.90840590000152588,1.3658668994903564,347.74652099609375,-1.2822449207305908e-05,-0.0011876598000526428,-0.0011748907854780555,3.5141158103942871,-0.0008357528131455183,-0.023369953036308289,2.3086915016174316,-0.00024454577942378819,-0.0074561368674039841,-1.4732358977198601e-07,1,0.75080907344818115,-0.022534200921654701,-0.0072115901857614517,-0.0067242812365293503,1.1289446353912354,0,0,0,1,0,0,0,0,0,1,0,0.55996918678283691,0.83959305286407471,347.4649658203125,-0.00016678497195243835,-0.0057837329804897308,-0.005616986658424139,0.30093976855278015,0,-0.012637615203857422,-0.074887529015541077,-0.051007047295570374,0,-16.799089431762695,0,0.057278025895357132,0.043797750025987625,262.74999994551763,-0.016715511679649353,-0.01264113187789917,267.71044921875,263.12942504882812,9.2555503845214844,4.1137628555297852,0.89302444458007812,0.079244941473007202
