time_s,boundary_layer_height,boundary_layer_height_valid,friction_velocity,low_level_jet_height,low_level_jet_speed,low_level_jet_turning_from_geostrophic,low_level_jet_valid,obukhov_length,obukhov_length_valid,resolved_tke_vertical_integral,speed_maximum,stress_height_0_05,surface_bulk_richardson_maximum,surface_bulk_richardson_mean,surface_buoyancy_flux,surface_density,surface_drag_u_dynamic_flux,surface_drag_u_kinematic_flux,surface_drag_v_dynamic_flux,surface_drag_v_kinematic_flux,surface_layer_face1_filtered_u_mean,surface_layer_face1_filtered_u_mean_w_mean_transport,surface_layer_face1_filtered_uw_product,surface_layer_face1_filtered_v_mean,surface_layer_face1_filtered_v_mean_w_mean_transport,surface_layer_face1_filtered_vw_product,surface_layer_face1_filtered_w_mean,surface_layer_face1_momentum_active_fraction,surface_layer_face1_momentum_deficit,surface_layer_face1_momentum_deficit_zero_fraction,surface_layer_face1_momentum_stability_function,surface_layer_face1_momentum_valid_zero_deficit_fraction,surface_layer_face1_numerical_u_correction,surface_layer_face1_numerical_v_correction,surface_layer_face1_reconstructed_u_flux,surface_layer_face1_reconstructed_v_flux,surface_layer_face1_resolved_u_flux,surface_layer_face1_resolved_v_flux,surface_layer_face1_scalar_stability_function,surface_layer_face1_scheme_u_flux,surface_layer_face1_scheme_v_flux,surface_layer_face1_transverse_resolved_stress,surface_layer_face1_viscosity,surface_layer_face1_viscosity_cap_fraction,surface_layer_face1_viscosity_zero_fraction,surface_layer_face1_ρqᵛ_active_fraction,surface_layer_face1_ρqᵛ_cap_fraction,surface_layer_face1_ρqᵛ_deficit,surface_layer_face1_ρqᵛ_diffusivity,surface_layer_face1_ρqᵛ_filtered_scalar_mean,surface_layer_face1_ρqᵛ_filtered_scalar_mean_w_mean_transport,surface_layer_face1_ρqᵛ_filtered_scalar_w_product,surface_layer_face1_ρqᵛ_numerical_correction,surface_layer_face1_ρqᵛ_reconstructed_flux,surface_layer_face1_ρqᵛ_resolved_flux,surface_layer_face1_ρqᵛ_scheme_flux,surface_layer_face1_ρθ_active_fraction,surface_layer_face1_ρθ_cap_fraction,surface_layer_face1_ρθ_deficit,surface_layer_face1_ρθ_deficit_zero_fraction,surface_layer_face1_ρθ_diffusivity,surface_layer_face1_ρθ_diffusivity_zero_fraction,surface_layer_face1_ρθ_filtered_scalar_mean,surface_layer_face1_ρθ_filtered_scalar_mean_w_mean_transport,surface_layer_face1_ρθ_filtered_scalar_w_product,surface_layer_face1_ρθ_numerical_correction,surface_layer_face1_ρθ_reconstructed_flux,surface_layer_face1_ρθ_resolved_flux,surface_layer_face1_ρθ_scheme_flux,surface_layer_face1_ρθ_valid_zero_deficit_fraction,surface_layer_face2_filtered_u_mean,surface_layer_face2_filtered_u_mean_w_mean_transport,surface_layer_face2_filtered_uw_product,surface_layer_face2_filtered_v_mean,surface_layer_face2_filtered_v_mean_w_mean_transport,surface_layer_face2_filtered_vw_product,surface_layer_face2_filtered_w_mean,surface_layer_face2_momentum_active_fraction,surface_layer_face2_momentum_deficit,surface_layer_face2_numerical_u_correction,surface_layer_face2_numerical_v_correction,surface_layer_face2_reconstructed_u_flux,surface_layer_face2_reconstructed_v_flux,surface_layer_face2_resolved_u_flux,surface_layer_face2_resolved_v_flux,surface_layer_face2_scheme_u_flux,surface_layer_face2_scheme_v_flux,surface_layer_face2_transverse_resolved_stress,surface_layer_face2_viscosity,surface_layer_face2_viscosity_cap_fraction,surface_layer_face2_ρqᵛ_active_fraction,surface_layer_face2_ρqᵛ_cap_fraction,surface_layer_face2_ρqᵛ_deficit,surface_layer_face2_ρqᵛ_diffusivity,surface_layer_face2_ρqᵛ_filtered_scalar_mean,surface_layer_face2_ρqᵛ_filtered_scalar_mean_w_mean_transport,surface_layer_face2_ρqᵛ_filtered_scalar_w_product,surface_layer_face2_ρqᵛ_numerical_correction,surface_layer_face2_ρqᵛ_reconstructed_flux,surface_layer_face2_ρqᵛ_resolved_flux,surface_layer_face2_ρqᵛ_scheme_flux,surface_layer_face2_ρθ_active_fraction,surface_layer_face2_ρθ_cap_fraction,surface_layer_face2_ρθ_deficit,surface_layer_face2_ρθ_diffusivity,surface_layer_face2_ρθ_filtered_scalar_mean,surface_layer_face2_ρθ_filtered_scalar_mean_w_mean_transport,surface_layer_face2_ρθ_filtered_scalar_w_product,surface_layer_face2_ρθ_numerical_correction,surface_layer_face2_ρθ_reconstructed_flux,surface_layer_face2_ρθ_resolved_flux,surface_layer_face2_ρθ_scheme_flux,surface_layer_filtered_friction_velocity,surface_layer_filtered_surface_flux_ρqᵛ,surface_layer_filtered_surface_flux_ρθ,surface_layer_filtered_surface_u_flux,surface_layer_filtered_surface_v_flux,surface_layer_inverse_obukhov_length,surface_layer_neutral_column_fraction,surface_layer_stable_column_fraction,surface_layer_upward_flux_column_fraction,surface_neutral_fallback_fraction,surface_sensible_heat_flux,surface_stability_cap_fraction,surface_stability_parameter_maximum,surface_stability_parameter_mean,surface_temperature,surface_theta_dynamic_flux,surface_theta_kinematic_flux,theta_maximum,theta_minimum,u_absolute_maximum,v_absolute_maximum,w_absolute_maximum,w_variance_maximum
0,6.25,1,0.926940023899,3.125,8,0,1,210053.421875,1,5.95226367868e-26,8,5.9375,9.08703950699e-05,4.32727028965e-06,-9.47905755311e-06,1.32231128216,-1.13615334034,-0.859217762947,0,0,8,1.74578258338e-06,1.74578258338e-06,0,0,0,2.18222822923e-07,0,1,0,1,0,-1.13686837722e-13,0,-1.13686837722e-13,0,0,0,1,1.74578258338e-06,0,0,0,0,1,0,0,1,0,0,0,0,0,0,0,0,0,0,1,0,0,1,265.002380371,5.7829565776e-05,5.7829565776e-05,8.37716940087e-13,8.37716940087e-13,0,5.7829565776e-05,0,8,2.53235907621e-06,2.53235907621e-06,0,0,0,3.16544884527e-07,0,1,0,0,0,0,0,0,2.53235907621e-06,0,0,0,0,0,0,1,0,0,0,0,0,0,0,0,0,0,1,0,265.000640869,8.38846026454e-05,8.38846026454e-05,5.44457035012e-10,5.44457035012e-10,0,8.38851410663e-05,0,0,0,0,0,0,1,0,0,0.4462890625,-0.338358044624,0,0.000312824937282,8.66349000717e-05,265,-0.00033667468233,-0.000254610757111,267.96875,264.950073242,8,0,1.08278118205e-06,1.29246970711e-26
60,18.6330935794,1,0.759957194328,353.125,8.00000190735,-6.75313860388e-10,1,125287.21875,1,0.0275416709483,8.02314186096,17.7014389005,0.000346714863554,4.00185890612e-05,-8.75791192811e-06,1.32231128216,-0.763680815697,-0.577534854412,-0.000437979877461,-0.000331222981913,7.65687847137,6.77700882079e-07,-1.43645738717e-05,0.000951906433329,5.15775111509e-09,1.06422675117e-07,1.79615653906e-07,1,0.999884665012,0,1.00354623795,0,-1.1253310106e-07,9.10128328258e-09,-1.51547919813e-05,1.10366173089e-07,-1.50422620209e-05,1.01264930663e-07,1.00576269627,-1.44770638144e-05,1.15523974387e-07,-1.11409875103e-07,0.911438763142,0,0,0,0,1,0,0,0,0,0,0,0,0,0.999755859375,0,1.02926039696,0.00537109375,0.936005711555,0.005615234375,265.002105713,4.87465877086e-05,5.48420939595e-05,1.77932356349e-11,6.09715971223e-06,6.09714197708e-06,5.48416282982e-05,0.00537109375,7.91576337814,1.64305674843e-06,-1.69422128238e-05,0.000333236064762,1.4144038829e-08,1.66851037875e-07,2.99281964544e-07,1,0.999014616013,-0.000113267436973,5.58351359814e-07,-0.000131852691993,7.11058419256e-07,-1.85852695722e-05,1.52707059442e-07,-0.000130209708004,7.25202426111e-07,-7.29481143935e-07,0.907481968403,0,0,0,1,0,0,0,0,0,0,0,0,0.999755859375,0,1.04866695404,0.948424577713,265.000549316,8.16497486085e-05,9.29003581405e-05,5.55842689209e-07,1.18073239719e-05,1.12514808279e-05,9.34563577175e-05,0.365902304649,0,-4.45500554633e-05,-0.133884519339,-1.97388726519e-05,1.35774389491e-05,0.000244140625,0.56005859375,0.439697265625,0.34130859375,-0.312616527081,0,0.00119414110668,0.000222580478294,264.995833333,-0.000311061216053,-0.000235240542679,267.967071533,264.943603516,8.02313709259,0.0524023473263,0.0732155591249,0.00063703849446
120,19.222055951,1,0.567904472351,46.875,8.00005817413,1.20758913909e-05,1,51595.3203125,1,0.201581850648,8.05629062653,18.2609531534,0.000316791149089,9.45474312175e-05,-8.87473743205e-06,1.32231128216,-0.426463603973,-0.322513788939,-0.00137735856697,-0.00104162958451,7.00211334229,-9.65748768067e-06,-6.82556128595e-05,0.00543674593791,1.6641500622e-08,8.30176020372e-07,1.50877895067e-07,1,0.999658107758,0,1.00280296803,0,-1.41424152389e-07,6.25414458e-08,-5.87395334151e-05,8.76076001077e-07,-5.85980851611e-05,8.13534370536e-07,1.00455486774,-6.83971084072e-05,8.92717253009e-07,-9.01286171029e-07,1.079818964,0,0,0,0,1,0,0,0,0,0,0,0,0,1,0,1.01660037041,0.002685546875,1.09628355503,0.002685546875,265.001464844,4.27914783359e-05,4.83258627355e-05,3.20130207065e-13,5.52446090296e-06,5.52446090296e-06,4.83221374452e-05,0.002685546875,7.53128290176,-1.81971408892e-05,-0.000155312562129,0.00352469994687,7.40878434158e-08,2.87088414552e-06,2.83789631794e-07,1,0.998950779438,-5.50821168872e-05,2.82143787445e-06,-0.0001921976218,5.61823435419e-06,-0.000137115508551,2.79679670712e-06,-0.00021039468993,5.69232179259e-06,-5.73789020564e-06,1.07607960701,0,0,0,1,0,0,0,0,0,0,0,0,1,0,1.03090500832,1.10677170753,265.000244141,8.1148929894e-05,9.33529809117e-05,5.59331795102e-07,1.27548091768e-05,1.21954772112e-05,9.39071178436e-05,0.433272302151,0,-7.87691387814e-05,-0.187725126743,-0.000142793229315,1.45090762089e-05,0,0.572998046875,0.427001953125,0.037353515625,-0.316786646843,0,0.00109102169517,0.000328537804307,264.991666666,-0.000315210607368,-0.000238378517679,267.965637207,264.949279785,8.05618000031,0.153775274754,0.125971421599,0.00179213972297
180,21.9334663528,1,0.449750721455,46.875,8.00008487701,4.16576112912e-05,1,22342.9785156,1,1.1260215044,8.20641708374,20.8367930351,0.000294506346108,0.000150242238306,-1.01792202258e-05,1.32231128216,-0.267461836338,-0.202268436551,-0.00227163173258,-0.00171792507172,6.33499622345,-4.96810680488e-05,-0.000193228755961,0.0137420948595,2.32660966049e-08,2.35573133978e-06,1.24340658658e-07,1,0.999148190022,0,1.00266623497,0,1.26884089013e-07,4.69901024758e-08,-0.000143420678796,2.37945619119e-06,-0.000143547556945,2.33246555581e-06,1.00433254242,-0.000193101805053,2.40272242991e-06,-2.52239942711e-06,1.11277365685,0,0,0,0,1,0,0,0,0,0,0,0,0,1,0,1.02070379257,0.00439453125,1.13502180576,0.00439453125,265.000610352,3.70983034372e-05,4.1329767555e-05,-7.90154816577e-11,4.23280971518e-06,4.23288884122e-06,4.13348898292e-05,0.00439453125,6.97149276733,-0.000106453604531,-0.000744942051824,0.011276178062,1.22588403428e-07,1.45753037941e-05,2.71771568805e-07,1,0.997229814529,0.000117021496408,1.2594711734e-05,-0.00052146735834,2.70474283752e-05,-0.00063848879654,1.44527202792e-05,-0.00062792096287,2.71700155281e-05,-2.78257648461e-05,1.10774743557,0,0,0,1,0,0,0,0,0,0,0,0,1,0,1.08026576042,1.19660449028,264.999755859,8.11023637652e-05,9.1846100986e-05,4.74159321584e-07,1.12821990115e-05,1.08080403152e-05,9.23126935959e-05,0.446637392044,0,-0.000110695058538,-0.199486792088,-0.000370573776308,1.86515117093e-05,0,0.58837890625,0.41162109375,0,-0.363350629807,0,0.00101423764136,0.000517288863193,264.9875,-0.000361542915925,-0.000273417390417,267.964813232,264.954803467,8.20630836487,0.705418467522,0.438878685236,0.0102676153183
240,44.9013949993,1,0.383395075798,59.375,8.00006866455,-1.40696602102e-05,1,11815.4521484,1,13.640622139,8.80292320251,42.6563252494,0.000638807541691,0.000184544944204,-1.1924201317e-05,1.32231128216,-0.194343268871,-0.14697240293,-0.00315605546348,-0.00238677184097,5.7485294342,-0.000152431835886,-0.00166369788349,0.0255019553006,1.27189628074e-06,7.76688248152e-05,1.01739715319e-07,1,0.991822481155,0,1.00275659561,0,-9.56516851147e-06,3.98313068217e-06,-0.00152083102148,8.0380064901e-05,-0.00151126587298,7.63969292166e-05,1.00447940826,-0.00167326303199,8.16519459477e-05,-8.54634636198e-05,1.08952212334,0,0,0,0,1,0,0,0,0,0,0,0,0,1,0,1.03972232342,0.005859375,1.14098334312,0.005859375,264.999786377,3.33804637194e-05,3.72193753719e-05,1.16387940952e-11,3.84867780667e-06,3.84866643799e-06,3.72175127268e-05,0.005859375,6.43561410904,-0.000288752722554,-0.00807650759816,0.0227047726512,6.44823967377e-06,7.39103415981e-05,2.5809276849e-07,1,0.961866259575,0.000457758957054,3.54717922164e-05,-0.00732999760658,0.000102933867311,-0.00778775569052,6.74621260259e-05,-0.00761874904856,0.000109382126539,-0.000128265470266,1.05378961563,0,0,0,1,0,0,0,0,0,0,0,0,1,0,1.09758174419,1.19929361343,264.999084473,7.81565904617e-05,9.97185707092e-05,1.56989540301e-06,2.33983719227e-05,2.1828478566e-05,0.000101283192635,0.440523654222,0,-0.000144452526001,-0.194067567587,-0.000678215699736,2.53957732639e-05,0,0.618408203125,0.381591796875,0,-0.425638228655,0,0.00220133364201,0.000635462463833,264.983333333,-0.000423520628829,-0.000320288148941,267.964141846,264.967285156,8.80215167999,1.81962680817,1.62034153938,0.243351787329
300,67.7476517735,1,0.374378919601,90.625,7.99999237061,2.90169828077e-06,1,8783.70996094,1,44.296245575,8.93126583099,64.3602691848,0.000440046889707,0.000128426137962,-1.49346888065e-05,1.32231128216,-0.185313269496,-0.140143454075,-0.00281153270043,-0.00212622596882,5.35704040527,-0.000576944090426,-0.0132658639923,0.0297094322741,1.98625057237e-05,0.00183106446639,8.25966708362e-08,1,0.929689645767,0,1.00298392773,0,-9.17160505196e-05,6.05604764132e-05,-0.012780636549,0.00187176233158,-0.0126889208332,0.00181120168418,1.00484883785,-0.0133575797081,0.00189162499737,-0.00194146030117,0.994878053665,0,0,0,0,1,0,0,0,0,0,0,0,0,1,0,1.07192778587,0.04248046875,1.14640164375,0.04248046875,264.998535156,2.44900584221e-05,2.34991312027e-05,9.39516242582e-10,-1.12862926471e-06,-1.129566499e-06,2.34544277191e-05,0.04248046875,6.08152627945,-0.00087459711358,-0.0390571504831,0.0312319789082,6.47782726446e-05,0.00528153358027,2.41794623435e-07,1,0.781558513641,-0.00188878970221,-0.000224506715313,-0.0400713421404,0.00499224895611,-0.0381825491786,0.00521675590426,-0.0409459397197,0.00505702709779,-0.00520765502006,0.834189653397,0,0,0,1,0,0,0,0,0,0,0,0,1,0,1.42512989044,1.51832342148,264.998260498,6.7800283432e-05,7.65323638916e-05,4.63371122805e-07,9.33028422878e-06,8.86691486812e-06,7.70390033722e-05,0.429082214832,0,-0.000182837859029,-0.184125348926,-0.000996791990474,3.47562308889e-05,0,0.660400390625,0.339599609375,0,-0.533098578453,0,0.00151585182175,0.000442167220172,264.979166666,-0.000530446355697,-0.000401150900871,267.963500977,264.982116699,8.9139251709,2.91098976135,2.40381383896,0.430143713951
360,95.8035645154,1,0.420048862696,284.375,7.99997282028,6.94083226449e-08,1,8624.38378906,1,58.1929893494,8.99184513092,91.0133862896,0.000358338380465,0.00011382997036,-2.14838146348e-05,1.32231128216,-0.233309775591,-0.176440879703,0.000323012238368,0.000244278518949,5.20016479492,-0.00142613518983,-0.0299340970814,0.0181216653436,5.36464358447e-05,0.00594050996006,6.89178705215e-08,1,0.837778270245,0,1.00330233574,0,-0.000250100099947,0.000116818177048,-0.028758065775,0.00600368203595,-0.0285079628229,0.00588686345145,1.00536608696,-0.0301842000335,0.0060573280789,-0.00618159864098,0.884551048279,0,0,0,0,1,0,0,0,0,0,0,0,0,1,0,1.6408162117,0.110595703125,1.74331736565,0.110595703125,264.997192383,1.54376029968e-05,-2.50339508057e-05,1.25802823714e-09,-4.17175324401e-05,-4.17187839048e-05,-2.50339508057e-05,0.110595703125,5.92176485062,-0.00259364396334,-0.0738236159086,0.0303370691836,0.000199664267711,0.0113031277433,2.28174030781e-07,1,0.57376152277,-0.00478954333812,-0.00103633059189,-0.0760195180774,0.010067133233,-0.0712299793959,0.0111034642905,-0.0786131620407,0.0102667976171,-0.0105133494362,0.604688704014,0,0,0,1,0,0,0,0,0,0,0,0,1,0,3.47186970711,3.69318342209,264.997619629,5.48958778381e-05,-1.62124633789e-05,-2.6441330192e-06,-7.3961346061e-05,-7.13172121323e-05,-1.87158584595e-05,0.423232734203,0,-0.000237315180129,-0.179159402847,-0.0010329131037,4.68175348942e-05,0,0.7275390625,0.2724609375,0,-0.766871750355,0,0.00123420543969,0.000391899433453,264.974999999,-0.000763056450523,-0.000577062659431,267.962890625,264.98651123,8.98575401306,2.84749126434,2.90129375458,0.457668215036
420,121.251421669,1,0.462583512068,284.375,7.99996185303,1.47413416585e-07,1,8197.67675781,1,55.5325508118,8.91737747192,115.188850586,0.000598090060521,0.000129782842123,-3.01869822579e-05,1.32231128216,-0.282948374748,-0.213980153203,0.00158548098989,0.00119902251754,5.14026641846,-0.00216529332101,-0.0390708968043,0.0100695965812,2.89591407636e-05,0.00395224709064,5.70435076952e-08,1,0.792308092117,0,1.00380027294,0,-0.000341658422258,7.88489851402e-05,-0.0372472554445,0.0040021375753,-0.0369056016207,0.00392328808084,1.00617551804,-0.0394125506282,0.00403109658509,-0.00417100917548,0.844544649124,0,0,0,0,1,0,0,0,0,0,0,0,0,1,0,2.11791229248,0.181884765625,2.28202772141,0.181884765625,264.996337891,8.52346420288e-06,-7.02738761902e-05,6.52401355161e-10,-8.04855662864e-05,-8.04862138466e-05,-7.02738761902e-05,0.181884765625,5.85783576965,-0.00441437773407,-0.089715115726,0.0274901725352,0.000182954856427,0.00688582286239,2.16998159885e-07,1,0.493676245213,-0.00626682117581,-0.00125645310618,-0.0915675610304,0.00544641586021,-0.0853007361293,0.00670286873356,-0.0959819257259,0.00562936998904,-0.00581652345136,0.526903152466,0,0,0,1,0,0,0,0,0,0,0,0,1,0,2.80295372009,3.01382732391,264.997314453,4.47034835815e-05,-9.29832458496e-05,-5.42750967725e-06,-0.000144001969602,-0.000138574454468,-9.84668731689e-05,0.427022993565,0,-0.000320868566632,-0.182449907064,-0.000627500528935,6.14457239863e-05,0,0.860107421875,0.139892578125,0,-1.07753407955,0,0.00206085690297,0.000446832040325,264.970833333,-0.00107217323966,-0.000810832716525,267.962249756,264.984161377,8.91104888916,3.08819007874,2.72160863876,0.359800219536
480,124.440885746,1,0.480520814657,284.375,7.99994945526,3.62929341691e-07,1,7418.85009766,1,47.211807251,9.37236213684,118.218841459,0.000450769468443,0.000150022096932,-3.73886723537e-05,1.32231128216,-0.305320978165,-0.230899468064,-0.000790389196482,-0.000597733072937,5.08333826065,-0.00253393035382,-0.0458060577512,0.0183167569339,4.26611732109e-05,0.00301239173859,4.63332980871e-08,1,0.765347957611,0,1.00463342667,0,-0.000445728888735,0.000101255041955,-0.043717853725,0.00307098613121,-0.0432721301913,0.00296973111108,1.00752925873,-0.0462517887354,0.00311364745721,-0.00324209406972,0.832544088364,0,0,0,0,1,0,0,0,0,0,0,0,0,1,0,0.975662887096,0.108642578125,1.05755388737,0.108642578125,264.995513916,5.90085983276e-06,-0.000102162361145,6.24483575962e-10,-0.000108209089376,-0.000108209715108,-0.000102043151855,0.108642578125,5.8082151413,-0.00557707995176,-0.0989354550838,0.031855173409,0.000242556125158,0.00415068352595,2.06520780921e-07,1,0.463730126619,-0.00743997143582,-0.000659551122226,-0.100798338652,0.00324857584201,-0.0933583676815,0.00390812661499,-0.106375418603,0.00349113112316,-0.00358447758481,0.506233096123,0,0,0,1,0,0,0,0,0,0,0,0,1,0,1.03323936462,1.11581873894,264.997009277,4.15444374084e-05,-0.000141143798828,-9.01145540411e-06,-0.000192710096599,-0.000183698633919,-0.000150203704834,0.435742914677,0,-0.000428894622019,-0.190050512552,-0.000452931562904,7.72175844759e-05,0,0.998046875,0.001953125,0,-1.33460080624,0,0.00155282753985,0.00051653245464,264.966666666,-0.00132796098478,-0.00100427260622,267.961639404,264.945831299,9.36133575439,2.10972738266,2.06197571754,0.309524834156
540,131.028791272,1,0.479804098606,284.375,7.99993419647,8.65092999902e-07,1,6603.72070312,1,39.81772995,8.6994304657,124.477351708,0.000465074350359,0.000175935943844,-4.18160634581e-05,1.32231128216,-0.304389715195,-0.230195209384,-0.003673463827,-0.00277806282975,5.00453567505,-0.00235840491951,-0.0504861995578,0.0330686308444,2.36834603129e-05,0.00252560758963,3.80678102374e-08,1,0.748824596405,0,1.00556159019,0,-0.000524173956364,8.15413513919e-05,-0.0486519709229,0.00258346553892,-0.0481277927756,0.00250192405656,1.00903773308,-0.0510103777051,0.0026071483735,-0.0028100379277,0.830157876015,0,0,0,0,1,0,0,0,0,0,0,0,0,1,0,0.715774655342,0.0263671875,0.791091859341,0.0263671875,264.99432373,7.21216201782e-06,-0.000133246183395,9.24255727508e-10,-0.000139405718073,-0.000139406649396,-0.000133335590363,0.0263671875,5.73883628845,-0.00557813514024,-0.104391083121,0.0422522872686,0.000223740877118,0.00280448491685,1.99070200324e-07,1,0.454026043415,-0.00829191319644,-0.000200748618226,-0.107104860246,0.00237999577075,-0.0988129451871,0.00258074421436,-0.11268299818,0.00260373670608,-0.00285569671541,0.504725754261,0,0,0,1,0,0,0,0,0,0,0,0,1,0,0.554146647453,0.610403835773,264.996398926,4.12464141846e-05,-0.000183999538422,-1.34856636578e-05,-0.000239459739532,-0.000225974057685,-0.000197649002075,0.444292634726,0,-0.000545423594303,-0.197619199753,-0.00069851835724,9.269410657e-05,0,1,0,0,-1.49263811111,0,0.00160214246716,0.000605783483479,264.962499999,-0.00148521200754,-0.00112319388427,267.961029053,264.885253906,8.66451263428,2.35436487198,1.87113571167,0.208805128932
600,132.78184905,1,0.467039704323,340.625,7.99991321564,6.39679342385e-07,1,5762.90185547,1,34.2725372314,8.48763179779,126.142756597,0.000674672191963,0.000213390419958,-4.41936863353e-05,1.32231128216,-0.288394868374,-0.218099072576,-0.00453976960853,-0.00343320798129,4.89459991455,-0.00275832042098,-0.0528057292104,0.0418823473155,-4.51404048363e-06,0.00273302895948,2.9569491744e-08,1,0.745962023735,0,1.00645947456,0,-0.00058889715001,0.000167617516126,-0.0506363064051,0.00290516042151,-0.0500474050641,0.00273754308,1.01049649715,-0.0533946231008,0.00290064653382,-0.00325875915587,0.835967361927,0,0,0,0,1,0,0,0,0,0,0,0,0,1,0,0.730834007263,0.004638671875,0.816297888756,0.004638671875,264.992797852,2.50339508057e-06,-0.000162869691849,9.61648316533e-10,-0.000165120785823,-0.000165121746249,-0.000162869691849,0.004638671875,5.64048480988,-0.00655361637473,-0.104851916432,0.0505097098649,8.76909180079e-05,0.0039380020462,1.94646418095e-07,1,0.463826477528,-0.00903156772256,1.60695053637e-05,-0.107329875231,0.00386638054624,-0.0982982963324,0.00385031080805,-0.113883495331,0.00395407062024,-0.00460172537714,0.51996588707,0,0,0,1,0,0,0,0,0,0,0,0,1,0,0.565077662468,0.62726354599,264.995391846,4.18424606323e-05,-0.000222086906433,-1.87756395462e-05,-0.000282824796159,-0.000264049158432,-0.000241219997406,0.449792712927,0,-0.000656820193399,-0.202527731657,-0.00116041512229,0.000107656342152,0,1,0,0,-1.57750809193,0,0.00232507288456,0.000734803499654,264.958333332,-0.00156965979841,-0.00118705770001,267.960357666,264.93536377,8.4841632843,1.90059709549,1.54079985619,0.180054008961
660,138.9477235,1,0.446614027023,340.625,7.99989795685,1.05798324057e-06,1,4907.13964844,1,30.5242137909,8.38296508789,132.000337325,0.000964889244642,0.000259084510617,-4.53846114397e-05,1.32231128216,-0.263712644577,-0.199433103204,-0.00465062586591,-0.00351704307832,4.75671958923,-0.00287119392306,-0.0524470582604,0.0484486594796,-3.92263318645e-05,0.00194235960953,2.61934474111e-08,1,0.75020968914,0,1.00737428665,0,-0.000627083820291,8.75423866091e-05,-0.0502029433846,0.00206912821159,-0.0495758615434,0.00198158575222,1.0119831562,-0.053074143827,0.00202990183607,-0.00250513223,0.841869533062,0,0,0,0,1,0,0,0,0,0,0,0,0,1,0,0.740767359734,0.002197265625,0.82845723629,0.002197265625,264.991149902,1.49011611938e-07,-0.000187933444977,1.74799885677e-09,-0.000187513112905,-0.000187514844583,-0.000187993049622,0.002197265625,5.51449394226,-0.00673770718277,-0.102638952434,0.0558117181063,-9.46032814682e-05,0.00256147049367,1.93482264876e-07,1,0.476303964853,-0.00978387892246,-3.85756720789e-06,-0.105685129762,0.0026522167027,-0.0959012508392,0.00265607400797,-0.112422838807,0.00255761295557,-0.0035634203814,0.533442020416,0,0,0,1,0,0,0,0,0,0,0,0,1,0,0.556662619114,0.617734611034,264.99420166,3.91006469727e-05,-0.000267028808594,-2.67608520517e-05,-0.000332387309754,-0.000305626483168,-0.000293493270874,0.451058089733,0,-0.000756144057959,-0.203645706177,-0.00156549178064,0.00012290358427,0,1,0,0,-1.62001848221,0,0.0033269696869,0.000892234616913,264.954166666,-0.00161195872352,-0.00121904630214,267.959686279,264.963439941,8.38053703308,1.60355484486,1.57281720638,0.144684031606
720,138.569566547,1,0.427561193705,384.375,7.9998755455,7.88620582171e-07,1,4176.140625,1,30.8942470551,8.24587440491,131.64108822,0.000712844426744,0.000297560414765,-4.67907157145e-05,1.32231128216,-0.241656750441,-0.182753294706,-0.00594460824504,-0.00449561933056,4.61237239838,-0.00309517141432,-0.0523601621389,0.0610338896513,-6.04561355431e-05,0.00108626694418,2.23517417908e-08,1,0.749245882034,0,1.00836801529,0,-0.000629856833257,-9.79591277428e-06,-0.0498948544264,0.00113692670129,-0.0492649972439,0.00114672281779,1.01359808445,-0.0529900193214,0.00107647059485,-0.00167285476346,0.834740519524,0,0,0,0,1,0,0,0,0,0,0,0,0,1,0,0.743120670319,0.001708984375,0.825207829475,0.001708984375,264.989562988,-3.24845314026e-06,-0.000212728977203,5.17720755155e-10,-0.000208885379834,-0.000208885889151,-0.000212758779526,0.001708984375,5.37557935715,-0.00727815553546,-0.102197542787,0.0646829530597,-0.000115745002404,0.00131963263266,1.962762326e-07,1,0.473553150892,-0.0102243050933,5.50507247681e-05,-0.10514370352,0.00149042799603,-0.094919398427,0.00143537740223,-0.11242185533,0.0013746827608,-0.00260334229097,0.525655984879,0,0,0,1,0,0,0,0,0,0,0,0,1,0,0.537769556046,0.591514110565,264.992950439,3.75509262085e-05,-0.000318169593811,-3.48285248037e-05,-0.000389896740671,-0.000355068244971,-0.000353515148163,0.448391348124,0,-0.000843333662488,-0.201246604323,-0.00200666021556,0.000139467359986,0,1,0,0,-1.67020988464,0,0.0024567884393,0.00102481129579,264.949999999,-0.00166190043092,-0.00125681480858,267.95904541,264.966674805,8.24244022369,2.09776306152,1.54188251495,0.154713541269
780,133.830077205,1,0.413080334663,384.375,7.99986314774,1.04060165995e-06,1,3597.85913086,1,32.1800727844,8.24279308319,127.138573345,0.000915848359,0.000334026000928,-4.89778140036e-05,1.32231128216,-0.225534826517,-0.170561075211,-0.00665675802156,-0.00503418361768,4.47765922546,-0.00343503057957,-0.0513614937663,0.0712212324142,-6.21647923253e-05,0.000682772835717,1.78115442395e-08,1,0.750470399857,0,1.00948011875,0,-0.000589174916968,-4.36891677964e-05,-0.0485156364739,0.000701248412952,-0.0479264594615,0.000744937453419,1.01540529728,-0.0519506707788,0.000639083271381,-0.00135400122963,0.825599849224,0,0,0,0,1,0,0,0,0,0,0,0,0,1,0,0.744049429893,0,0.815567731857,0,264.988067627,-9.74535942078e-06,-0.000236809253693,6.35417274353e-10,-0.000228093820624,-0.000228094446356,-0.00023677945137,0,5.24064159393,-0.00822238437831,-0.101664766669,0.0698276609182,-0.000164888086147,0.00130087463185,1.94879248738e-07,1,0.465704143047,-0.0105164861307,0.000295039673802,-0.103958874941,0.00176080281381,-0.0934423878789,0.00146576273255,-0.112181261182,0.00159591413103,-0.00315557699651,0.510315775871,0,0,0,1,0,0,0,0,0,0,0,0,1,0,0.515469908714,0.559494614601,264.991760254,2.43782997131e-05,-0.000378847122192,-4.3352785724e-05,-0.000448859878816,-0.000405507104006,-0.000422418117523,0.443258047104,0,-0.000923403014895,-0.196679502726,-0.00252026482485,0.00015800257097,0,1,0,0,-1.74827897549,0,0.00315759284422,0.00115047581494,264.945833332,-0.00173958111554,-0.00131556100678,267.958374023,264.964447021,8.23935317993,1.63479757309,1.43381071091,0.14197011292
840,125.564558892,1,0.404296308756,390.625,7.99984931946,1.20702407003e-06,1,3162.59863281,1,35.5990562439,8.31277942657,119.286330948,0.000956913456321,0.000374677561922,-5.22390546394e-05,1.32231128216,-0.216043293476,-0.163383081555,-0.00643312186003,-0.00486505869776,4.35824632645,-0.00388937536627,-0.0515274107456,0.0778597891331,-7.61397532187e-05,0.000835856131744,1.39698386192e-08,1,0.744164168835,0,1.01073396206,0,-0.000571676762775,-1.96958262677e-05,-0.0482097044587,0.000892300100531,-0.0476380288601,0.000911996059585,1.01744282246,-0.0520990863442,0.000816160289105,-0.00168138218578,0.806602239609,0,0,0,0,1,0,0,0,0,0,0,0,0,1,0,0.736605525017,0,0.794395327568,0,264.986663818,-2.01463699341e-05,-0.000272631645203,9.06525299271e-10,-0.000255305028986,-0.000255305931205,-0.000272512435913,0,5.11500310898,-0.00863274000585,-0.102396398783,0.0794376209378,-0.000249922159128,0.00167816528119,1.91852450371e-07,1,0.447441726923,-0.0106654269621,0.000269391952315,-0.104429081082,0.00219747982919,-0.0937636569142,0.00192808767315,-0.1130618155,0.0019475572044,-0.00389301683754,0.483187258244,0,0,0,1,0,0,0,0,0,0,0,0,1,0,0.476639658213,0.508271694183,264.990661621,1.18017196655e-05,-0.000457167625427,-5.29484532308e-05,-0.00052475038683,-0.000471801962703,-0.000509858131409,0.437004745007,0,-0.00100216083229,-0.191187173128,-0.00296785007231,0.000178899572347,0,1,0,0,-1.86469006538,0,0.00329942605458,0.0012906154152,264.941666665,-0.00185541296378,-0.00140315899625,267.957702637,264.960784912,8.29744529724,1.81652021408,2.11926746368,0.164564818144
900,126.039815112,1,0.400429695845,390.625,7.99983406067,1.65097810623e-06,1,2841.30151367,1,39.3036422729,8.34146785736,119.737824356,0.00105025514495,0.000404784164857,-5.6493889133e-05,1.32231128216,-0.21191367507,-0.160260051489,-0.00685771834105,-0.0051861605607,4.26063632965,-0.00410166848451,-0.0521714873612,0.0885495692492,-8.89839720912e-05,0.000503442948684,1.16415321827e-08,1,0.734107494354,0,1.0121332407,0,-0.000563541078009,-3.46298293152e-05,-0.048633351922,0.000557797087822,-0.0480698123574,0.000592426862568,1.01971662045,-0.0527350232005,0.000468813144835,-0.00149523606524,0.783564090729,0,0,0,0,1,0,0,0,0,0,0,0,0,1,0,0.731256842613,0,0.775728583336,0,264.985321045,-2.59876251221e-05,-0.000303626060486,1.1021634716e-09,-0.000282749999315,-0.000282751076156,-0.000303745269775,0,5.01032018661,-0.00864680297673,-0.103798419237,0.0952322632074,-0.000270169082796,0.00102886522654,1.92318111658e-07,1,0.423084676266,-0.0111225368455,-2.99546518363e-05,-0.106274150312,0.00126907974482,-0.0951516181231,0.00129903480411,-0.114920973778,0.000998910632916,-0.00330492248759,0.449825704098,0,0,0,1,0,0,0,0,0,0,0,0,1,0,0.444425672293,0.465654283762,264.989746094,3.09944152832e-06,-0.000529527664185,-6.7364264396e-05,-0.000606556364801,-0.000539192114957,-0.000597476959229,0.43077263236,0,-0.00108533271123,-0.185791015625,-0.00333318673074,0.000202221606742,0,1,0,0,-2.01656794548,0,0.00362188694999,0.00139442074578,264.937499998,-0.0020065351855,-0.00151744543109,267.957244873,264.957244873,8.33932113647,2.07134318352,1.95257377625,0.178301155567
960,131.431043713,1,0.39805957675,390.625,7.99981403351,2.37263407143e-06,1,2579.55419922,1,40.0295906067,8.38755130768,124.859491527,0.00115623523016,0.00044335811981,-6.11279174336e-05,1.32231128216,-0.209378629923,-0.158342927694,-0.00775205157697,-0.00586250144988,4.1817855835,-0.00301967002451,-0.0517543405294,0.100126817822,-6.97459909134e-05,0.000436801754404,1.07102096081e-08,1,0.723899722099,0,1.01366734505,0,-0.000550703960471,-2.2985650503e-05,-0.0492853708565,0.000483562005684,-0.048734664917,0.000506547512487,1.02220928669,-0.0523050427437,0.000413816043874,-0.00157875020523,0.761299908161,0,0,0,0,1,0,0,0,0,0,0,0,0,1,0,0.711807966232,0,0.742958247662,0,264.984161377,-2.00867652893e-05,-0.000344336032867,8.44459169258e-10,-0.000330362148816,-0.000330362992827,-0.000344395637512,0,4.9251909256,-0.00674943812191,-0.103831499815,0.106476292014,-0.000235931627685,0.00124661903828,1.89989805222e-07,1,0.399541586637,-0.0115046985447,6.85397244524e-05,-0.108586758375,0.00155109027401,-0.0970820561051,0.00148255063687,-0.115336209536,0.00131515832618,-0.00391943054274,0.418465256691,0,0,0,1,0,0,0,0,0,0,0,0,1,0,0.395204752684,0.407330513,264.989013672,9.05990600586e-06,-0.000624179840088,-8.29333657748e-05,-0.000723979319446,-0.000641045975499,-0.000707030296326,0.425145447254,0,-0.00117528240662,-0.181001037359,-0.00374785368331,0.000227787677431,0,1,0,0,-2.18198084831,0,0.00398813467473,0.00152740522753,264.933333332,-0.00217112526298,-0.00164191692602,267.956817627,264.957244873,8.38419628143,2.06829309464,1.79941105843,0.172955855727
1020,136.695776625,1,0.396182179451,390.625,7.99978876114,3.39602638633e-06,1,2345.65576172,1,40.4571609497,8.4315032959,129.860987793,0.00137258018367,0.000478213856695,-6.62766396999e-05,1.32231128216,-0.20740494132,-0.15685030818,-0.00776911247522,-0.00587540352717,4.1175327301,-0.00228857900947,-0.0520089752972,0.105812594295,-5.26272269781e-05,0.000462489319034,9.42964106798e-09,1,0.712510168552,0,1.0153465271,0,-0.000561810913496,-3.54367366526e-05,-0.050282202661,0.000479679525597,-0.0497203953564,0.00051511626225,1.02493810654,-0.0525707826018,0.000427052465966,-0.00171815464273,0.738727331161,0,0,0,0,1,0,0,0,0,0,0,0,0,1,0,0.693830430508,0.001220703125,0.712597072124,0.001220703125,264.983093262,-1.65104866028e-05,-0.00039541721344,1.02233288501e-09,-0.000384069979191,-0.000384071026929,-0.00039541721344,0.001220703125,4.85903930664,-0.00571725517511,-0.104858666658,0.111693561077,-0.000205152260605,0.00200696848333,1.89058482647e-07,1,0.371862947941,-0.0121930744499,0.000114684458822,-0.111334480345,0.00232680561021,-0.0991414040327,0.0022121204529,-0.11705173552,0.00212165270932,-0.00499058421701,0.382869124413,0,0,0,1,0,0,0,0,0,0,0,0,1,0,0.344112157822,0.347600400448,264.988464355,1.25169754028e-05,-0.000737905502319,-9.92181012407e-05,-0.000853584613651,-0.000754366395995,-0.000836968421936,0.420060187578,0,-0.0012725610286,-0.176734745502,-0.00414251396433,0.000255774735706,0,1,0,0,-2.36576628685,0,0.00473623769358,0.0016476000892,264.929166665,-0.00235399627127,-0.00178021343891,267.956359863,264.950836182,8.42417049408,1.87301397324,1.44725441933,0.181770384312
1080,144.378499565,1,0.39607951045,390.625,7.99976062775,4.77498997498e-06,1,2158.89868164,1,38.9585151672,8.42660713196,137.159574587,0.00230714632198,0.000515313935466,-7.19539821148e-05,1.32231128216,-0.207302570343,-0.156772896647,-0.00762756820768,-0.00576836057007,4.06725120544,-0.00274412613362,-0.0532431378961,0.111028447747,-2.77866929537e-05,0.000274664576864,7.21774995327e-09,1,0.701165318489,0,1.01716423035,0,-0.000576450082008,-2.11104725167e-05,-0.0510754622519,0.000281340617221,-0.0504990145564,0.000302451167954,1.02789187431,-0.0538195893168,0.000253553997027,-0.00162252224982,0.718492567539,0,0,0,0,1,0,0,0,0,0,0,0,0,1,0,0.678202629089,0,0.687684297562,0,264.982116699,-2.30669975281e-05,-0.000456213951111,2.28650609557e-09,-0.000437277078163,-0.000437279377365,-0.000456154346466,0,4.80246448517,-0.00634395331144,-0.105281233788,0.119685515761,-0.00013391309767,0.00186058669351,1.91386789083e-07,1,0.357400178909,-0.0123379128054,-5.1327777328e-05,-0.111275188625,0.00194317195565,-0.0989372879267,0.00199449970387,-0.117619141936,0.00180925871246,-0.0048028039746,0.363278150558,0,0,0,1,0,0,0,0,0,0,0,0,1,0,0.323144644499,0.321331858635,264.988037109,2.26497650146e-06,-0.00083065032959,-0.000113595757284,-0.000950730929617,-0.000837135186885,-0.000944256782532,0.415677666664,0,-0.00137860828545,-0.173094138503,-0.00444241333753,0.000286069873255,0,1,0,0,-2.56842088699,0,0.00797473452985,0.00177563761827,264.924999998,-0.00255564274266,-0.00193270889577,267.9559021,264.950531006,8.42520141602,2.06953978539,1.47350156307,0.175983861089
1140,140.282116608,1,0.39366286993,390.625,7.99972724915,6.61210651742e-06,1,1982.44470215,1,37.1950492859,8.37789535522,133.268010778,0.00340182776563,0.000571437878534,-7.69329271861e-05,1.32231128216,-0.204776674509,-0.154862686992,-0.00764065794647,-0.00577825959772,4.01484918594,-0.00309958215803,-0.0528411343694,0.115702942014,-1.60918352776e-05,0.000257808715105,5.12227416039e-09,1,0.700635313988,0,1.01909053326,0,-0.000569981639273,-4.8495210649e-05,-0.0503115281463,0.000225405136007,-0.04974155128,0.000273900426691,1.03102219105,-0.0534111149609,0.000209313322557,-0.00164654385298,0.710118412971,0,0,0,0,1,0,0,0,0,0,0,0,0,1,0,0.674952745438,0,0.675928711891,0,264.981262207,-3.00407409668e-05,-0.000507116317749,1.93129512382e-09,-0.000480486633023,-0.000480488524772,-0.000507116317749,0,4.73969268799,-0.00653782114387,-0.103627070785,0.125514671206,-5.61230699532e-05,0.00199630670249,1.90921127796e-07,1,0.356936484575,-0.0121293030679,-0.000184694101335,-0.109218545258,0.00186773599125,-0.0970892459154,0.00205243006349,-0.115756377578,0.00181161251385,-0.00488240784034,0.358389317989,0,0,0,1,0,0,0,0,0,0,0,0,1,0,0.31621581316,0.309851229191,264.987548828,-7.7486038208e-06,-0.000910878181458,-0.0001266728068,-0.00103259005118,-0.000905917142518,-0.00103759765625,0.411998987198,0,-0.00149247888476,-0.170022368431,-0.00469163153321,0.000318176520523,0,1,0,0,-2.74614620209,0,0.0117825055495,0.00196926156059,264.920833331,-0.00273248367012,-0.00206644507125,267.955444336,264.944244385,8.3724899292,1.81381773949,1.6037658453,0.164624676108
1200,144.099042938,1,0.386228531599,390.625,7.99968910217,8.89004877536e-06,1,1804.2532959,1,34.7430114746,8.35974884033,136.894090791,0.00155826180708,0.000623880070634,-7.98317269073e-05,1.32231128216,-0.197082489729,-0.149043947458,-0.00818671565503,-0.00619121687487,3.95342254639,-0.00290786847472,-0.0514161251485,0.1244289428,-4.5205859351e-05,-0.000524450442754,3.0267983675e-09,1,0.703130722046,0,1.02111816406,0,-0.000582091452088,-0.000107651168946,-0.0490903481841,-0.000586895854212,-0.0485082566738,-0.000479244568851,1.0343170166,-0.0519982166588,-0.000632101669908,-0.000876267265994,0.703912556171,0,0,0,0,1,0,0,0,0,0,0,0,0,1,0,0.675892114639,0.000732421875,0.667563021183,0.000732421875,264.980163574,-3.21567058563e-05,-0.000546783208847,2.17089812793e-09,-0.000517420237884,-0.000517422449775,-0.000546723604202,0.000732421875,4.67592525482,-0.00588153023273,-0.100351139903,0.133610084653,-3.20277758874e-05,0.000693776120897,1.92085281014e-07,1,0.358253419399,-0.0124008571729,-0.000248381285928,-0.106870472431,0.000477422843687,-0.0944696068764,0.0007258040132,-0.112751990557,0.000445394893177,-0.00362172024325,0.353970170021,0,0,0,1,0,0,0,0,0,0,0,0,1,0,0.313320338726,0.301322340965,264.987030029,-8.46385955811e-06,-0.000976622104645,-0.000141946497024,-0.00111155782361,-0.000969611282926,-0.00111854076385,0.408057928085,0,-0.00160436169244,-0.166765540838,-0.0049154125154,0.000351969094481,0,1,0,0,-2.849619627,0,0.00537876784801,0.00215007131919,264.916666665,-0.00283544231206,-0.00214430782944,267.954681396,264.943847656,8.35284042358,1.83223724365,1.33909153938,0.160361081362
1260,150.568804722,1,0.376822382212,390.625,7.99964332581,1.15849616122e-05,1,1639.59838867,1,33.8201904297,8.33396339417,143.040364486,0.00222325255163,0.000685126229655,-8.15854291432e-05,1.32231128216,-0.187543585896,-0.141830131412,-0.00904885306954,-0.00684320926666,3.88441324234,-0.00222890311852,-0.0499654859304,0.136569067836,-4.66372148367e-05,-0.00100828614086,4.54019755125e-09,1,0.702237188816,0,1.02327752113,0,-0.000592186639551,-0.000120195938507,-0.0483287684619,-0.00108184467535,-0.0477365814149,-0.000961648824159,1.03782606125,-0.0505576655269,-0.00112848193385,-0.000454722205177,0.692463815212,0,0,0,0,1,0,0,0,0,0,0,0,0,1,0,0.677833557129,0.00146484375,0.658902287483,0.00146484375,264.978942871,-2.61962413788e-05,-0.000571936368942,1.33699273874e-09,-0.000548820418771,-0.000548821757548,-0.000571966171265,0.00146484375,4.60476303101,-0.00461818184704,-0.0971926376224,0.145455613732,-8.63848254085e-06,-0.000490962469485,1.92550942302e-07,1,0.359964549541,-0.0124006969854,-0.000118576426757,-0.104975149035,-0.000600900617428,-0.092574454844,-0.000482324277982,-0.109593324363,-0.000609539041761,-0.00272878701799,0.34885507822,0,0,0,1,0,0,0,0,0,0,0,0,1,0,0.314590603113,0.296474933624,264.986419678,-4.17232513428e-07,-0.00102001428604,-0.00015670232824,-0.00117796368431,-0.00102126132697,-0.0011767745018,0.403254806995,0,-0.00170685118064,-0.162863135338,-0.00520937610418,0.000387959385989,0,1,0,0,-2.91221833229,0,0.00768356723711,0.00236149085686,264.912499998,-0.00289772963151,-0.00219141272828,267.953796387,264.941680908,8.33262443542,1.65809035301,1.37706255913,0.124546825886
1320,151.993052298,1,0.369930684566,390.625,7.99958896637,1.49786192196e-05,1,1510.59741211,1,35.0869483948,8.24886226654,144.393399683,0.00231086369604,0.000747297948692,-8.37823172333e-05,1.32231128216,-0.180651932955,-0.136618316174,-0.0104959551245,-0.00793758220971,3.81850886345,-0.00166360661387,-0.0490008965135,0.153281450272,-3.11655603582e-05,-0.00187773338985,4.65661287308e-09,1,0.698138594627,0,1.02556574345,0,-0.000580694526434,-0.000113664384116,-0.047917984426,-0.00196023238823,-0.0473372861743,-0.00184656796046,1.04154443741,-0.0495815873146,-0.00199139793403,0.000296134094242,0.676954090595,0,0,0,0,1,0,0,0,0,0,0,0,0,1,0,0.676846385002,0.00048828125,0.646060049534,0.00048828125,264.977722168,-2.20537185669e-05,-0.000601977109909,1.2312337816e-09,-0.000582915032282,-0.000582916312851,-0.000602006912231,0.00048828125,4.53598690033,-0.00376449152827,-0.0952615588903,0.163040995598,1.31140404847e-05,-0.00180606497452,1.92318111658e-07,1,0.349902510643,-0.0125204408541,-0.000173026768607,-0.10401750356,-0.0019922060892,-0.0914970636368,-0.00181917927694,-0.107781991363,-0.00197909213603,-0.00162741763052,0.331793785095,0,0,0,1,0,0,0,0,0,0,0,0,1,0,0.297035306692,0.273106843233,264.985839844,3.8743019104e-06,-0.00109511613846,-0.000175408975338,-0.00127611216158,-0.00110070314258,-0.00127053260803,0.397881448269,0,-0.00180009426549,-0.158540904522,-0.0056049823761,0.00042609628872,0,1,0,0,-2.9906373024,0,0.00798764079809,0.0025761607103,264.908333331,-0.00297575839795,-0.0022504220251,267.953094482,264.93637085,8.24846839905,1.60763549805,1.41191411018,0.123628899455
1380,152.076511836,1,0.365175127983,390.625,7.99953079224,1.90987193491e-05,1,1400.9630127,1,35.4264221191,8.25222873688,144.472686244,0.00296124606393,0.000797946297098,-8.68994320626e-05,1.32231128216,-0.175942599773,-0.133056864142,-0.0117425099015,-0.00888029206544,3.75695896149,-0.00138210994191,-0.0489320456982,0.171349912882,-2.3847722332e-05,-0.00148387800436,3.78349795938e-09,1,0.689546227455,0,1.02797722816,0,-0.000556774670258,-0.000121712771943,-0.0481067076325,-0.0015817428939,-0.0475499369204,-0.00146003009286,1.04546332359,-0.0494888201356,-0.00160559057258,-0.000305166118778,0.657460451126,0,0,0,0,1,0,0,0,0,0,0,0,0,1,0,0.665395617485,0.00048828125,0.62377601862,0.00048828125,264.976593018,-1.93417072296e-05,-0.000651270151138,1.07449138476e-09,-0.000634400057606,-0.000634401105344,-0.000651270151138,0.00048828125,4.46356058121,-0.00292760506272,-0.0930996611714,0.182046368718,-2.53773760051e-06,-0.000721659511328,1.92900188267e-07,1,0.345411598682,-0.0121231637895,-0.000258462445345,-0.102295219898,-0.000977584626526,-0.0901720523834,-0.000719121890143,-0.105222821236,-0.000980122131296,-0.00304186996073,0.320835530758,0,0,0,1,0,0,0,0,0,0,0,0,1,0,0.296384930611,0.266564548016,264.985137939,1.30534172058e-05,-0.00114864110947,-0.000183745694812,-0.00134689465631,-0.0011631490197,-0.00133243203163,0.392442286015,0,-0.00188939284999,-0.154211610556,-0.00613928493112,0.000466289347969,0,1,0,0,-3.10190343857,0,0.0102480910718,0.00275113387033,264.904166664,-0.00308647099882,-0.00233414862305,267.952362061,264.935333252,8.25147819519,1.70846700668,1.39089882374,0.125824987888
1440,152.599640589,1,0.356342852116,390.625,7.99947452545,2.3465599952e-05,1,1282.5546875,1,33.8593292236,8.25934314728,144.969658559,0.00280077429488,0.000896324985661,-8.81999440026e-05,1.32231128216,-0.167516544461,-0.126684650779,-0.0114499628544,-0.00865905266255,3.68529272079,-0.00090066366829,-0.0460127554834,0.180517435074,-4.35490874224e-05,-0.00136715639383,2.67755240202e-09,1,0.695969581604,0,1.03052306175,0,-0.000546351191588,-0.00011110806372,-0.0456584468484,-0.00143471511547,-0.0451120957732,-0.00132360705175,1.04959988594,-0.0465591102839,-0.00147826434113,-0.000547023140825,0.653068423271,0,0,0,0,1,0,0,0,0,0,0,0,0,1,0,0.667804121971,0,0.615061283112,0,264.975250244,-1.57356262207e-05,-0.000669836997986,5.13370457256e-11,-0.000656398246065,-0.000656398304272,-0.000669807195663,0,4.38197803497,-0.00176618620753,-0.0867357254028,0.192040070891,-8.07586766314e-05,-0.0002135199029,1.94762833416e-07,1,0.359676599503,-0.0119417011738,-8.49040370667e-05,-0.0969112366438,-0.00021766545251,-0.08496953547,-0.000132761197165,-0.0986774265766,-0.000298424158245,-0.00399175100029,0.32886916399,0,0,0,1,0,0,0,0,0,0,0,0,1,0,0.299846231937,0.264551728964,264.984344482,2.35736370087e-05,-0.00116804242134,-0.000198784080567,-0.00139164878055,-0.00119286472909,-0.00136697292328,0.38691920042,0,-0.00197465205565,-0.149864196777,-0.00662550702691,0.000508715980686,0,1,0,0,-3.1483259201,0,0.00968983955681,0.00309082679451,264.899999998,-0.00313266250305,-0.00236908090301,267.951934814,264.933837891,8.2573184967,1.83601617813,1.45090842247,0.140410140157
1500,160.270920352,1,0.346062123775,390.625,7.99942159653,2.78902389255e-05,1,1163.1463623,1,35.2367286682,8.26132583618,152.257374334,0.00360666820779,0.000959918776061,-8.90774608706e-05,1.32231128216,-0.157969787717,-0.11946490407,-0.0110908700153,-0.00838748831302,3.60833978653,-0.000603273045272,-0.0452775135636,0.189294278622,-4.06642284361e-05,-0.00129941059276,3.84170562029e-09,1,0.687721133232,0,1.03326129913,0,-0.00054122810252,-7.37081936677e-05,-0.0452154651284,-0.0013324546162,-0.0446742363274,-0.00125874648802,1.05404961109,-0.0458187386394,-0.00137311872095,-0.000792951032054,0.633540391922,0,0,0,0,1,0,0,0,0,0,0,0,0,1,0,0.647505283356,0,0.584591507912,0,264.973876953,-1.33514404297e-05,-0.0007314234972,3.41159211992e-10,-0.000720126088709,-0.000720126437955,-0.0007314234972,0,4.30080366135,-0.00103637692519,-0.0849158912897,0.204718708992,-3.28498863382e-05,-0.000418570940383,1.95519533008e-07,1,0.343004077673,-0.0119431335479,-0.000232650840189,-0.0958226472139,-0.000618372112513,-0.0838795155287,-0.000385720981285,-0.096859022975,-0.000651221955195,-0.00390113051981,0.30767250061,0,0,0,1,0,0,0,0,0,0,0,0,1,0,0.269619196653,0.23297868669,264.983581543,2.77012586594e-05,-0.00128056108952,-0.000216843633098,-0.00152630615048,-0.00130946247373,-0.00149743258953,0.38056987524,0,-0.00204701139592,-0.144916549325,-0.00696788541973,0.000554355036002,0,1,0,0,-3.17964887619,0,0.0124967880547,0.0033105565235,264.895833331,-0.00316382967867,-0.00239265128039,267.951507568,264.922271729,8.25905799866,1.98790621758,1.4565808773,0.144561380148
1560,157.425997811,1,0.342377722263,390.625,7.99936771393,3.25353285007e-05,1,1079.29333496,1,36.2569732666,8.24066352844,149.554697921,0.00320816016756,0.000980516313575,-9.2964473879e-05,1.32231128216,-0.154603511095,-0.116919152439,-0.0111443111673,-0.00842790305614,3.54816031456,-0.000977283460088,-0.046014200896,0.198463141918,-4.65887860628e-05,-0.00130976038054,2.79396772385e-09,1,0.673034548759,0,1.03621971607,0,-0.000557177118026,-8.24353701319e-05,-0.0455940961838,-0.00134560698643,-0.045036919415,-0.00126317178365,1.05885708332,-0.0465713813901,-0.00139219593257,-0.000961769314017,0.608424961567,0,0,0,0,1,0,0,0,0,0,0,0,0,1,0,0.630218863487,0,0.557354032993,0,264.972808838,-1.94609165192e-05,-0.000799506902695,9.21920872976e-11,-0.000781568407547,-0.000781568465754,-0.000799521803856,0,4.22985601425,-0.00173964642454,-0.085575312376,0.215594649315,-4.60269220639e-05,-0.00083863287,1.95519533008e-07,1,0.31825080514,-0.0119875594974,-0.000206738157431,-0.0958232283592,-0.00099934451282,-0.0838356614113,-0.00079260620987,-0.0975628718734,-0.00104537117295,-0.00388646684587,0.279641211033,0,0,0,1,0,0,0,0,0,0,0,0,1,0,0.258376866579,0.217646002769,264.982940674,1.60187482834e-05,-0.0013592839241,-0.000226310396101,-0.00160291290376,-0.00137660244945,-0.00158557295799,0.374188184738,0,-0.00211885245517,-0.140002980828,-0.0072268685326,0.000603662570938,0,1,0,0,-3.31839728355,0,0.0111076971516,0.00338165019639,264.891666664,-0.00330188777298,-0.00249705789611,267.950897217,264.922088623,8.23931884766,1.67521727085,1.42894434929,0.13647121191
1620,155.66695758,1,0.342966526747,390.625,7.99930047989,3.75671043003e-05,1,1034.90258789,1,37.1242027283,8.22821426392,147.883609701,0.00304497638717,0.000984456622973,-9.74531139946e-05,1.32231128216,-0.15506438911,-0.117267690599,-0.0121318046004,-0.00917469616979,3.50833129883,-0.00139549560845,-0.0468449853361,0.211499899626,-3.34326177835e-05,-0.00209115399048,2.27009877563e-09,1,0.6594414711,0,1.03928279877,0,-0.000556051265448,-0.00012592553685,-0.0460055395961,-0.00218364689499,-0.045449487865,-0.00205772160552,1.063834548,-0.0474010333419,-0.00221707951277,-0.000325882429024,0.585763037205,0,0,0,0,1,0,0,0,0,0,0,0,0,1,0,0.624032855034,0,0.541254043579,0,264.971740723,-2.30669975281e-05,-0.000847175717354,-1.54500856553e-10,-0.00082543224562,-0.000825432070997,-0.000847205519676,0,4.17723846436,-0.00246544973925,-0.0872710496187,0.228086292744,-1.06199877337e-07,-0.00231818505563,1.97673216462e-07,1,0.292163729668,-0.0117509700358,-8.24347007438e-05,-0.0965565666556,-0.00240051373839,-0.0848055928946,-0.00231807911769,-0.0990220159292,-0.00240061990917,-0.00289729749784,0.251755952835,0,0,0,1,0,0,0,0,0,0,0,0,1,0,0.251601725817,0.206874400377,264.98236084,8.10623168945e-06,-0.00144648551941,-0.000232478967519,-0.00168832670897,-0.00145584775601,-0.00167879462242,0.368668317795,0,-0.00219872454181,-0.135827362537,-0.00750595424324,0.000654713483527,0,1,0,0,-3.47862076759,0,0.0105395009741,0.00339534832165,264.887499997,-0.00346131413244,-0.00261762435548,267.950195312,264.922821045,8.22778129578,2.07014679909,1.41143870354,0.148284003139
1680,162.382860433,1,0.343769192696,390.625,7.99921894073,4.25004582212e-05,1,997.009399414,1,36.617389679,8.25289440155,154.263717411,0.00343135697767,0.00103349564597,-0.000101868892671,1.32231128216,-0.15570512414,-0.117752246559,-0.0132412509993,-0.0100137172267,3.47689771652,-0.00137583795004,-0.0466752126813,0.226753950119,-1.83862721315e-05,-0.00228226184845,3.31783667207e-09,1,0.652051448822,0,1.04233062267,0,-0.000563487119507,-0.000162608193932,-0.0458628572524,-0.00242648390122,-0.0452993735671,-0.00226387567818,1.06878733635,-0.0472387000918,-0.00244487030432,-0.000289705349132,0.570626318455,0,0,0,0,1,0,0,0,0,0,0,0,0,1,0,0.615384161472,0,0.525031983852,0,264.970703125,-2.20537185669e-05,-0.00089804828167,4.47396036884e-10,-0.000877290731296,-0.000877291196957,-0.000898078083992,0,4.13583755493,-0.00250182207674,-0.0862580761313,0.243751883507,5.34646969754e-05,-0.00309933908284,1.98604539037e-07,1,0.286488354206,-0.0115101169795,-9.51626425376e-05,-0.0952663645148,-0.00324796629138,-0.0837562531233,-0.00315280351788,-0.0977681875229,-0.00319450162351,-0.00241668499075,0.242560461164,0,0,0,1,0,0,0,0,0,0,0,0,1,0,0.243865132332,0.196764528751,264.981872559,9.685754776e-06,-0.00151824951172,-0.000244803610258,-0.00177433248609,-0.00152952899225,-0.00176292657852,0.364246368408,0,-0.00228609144688,-0.132530197501,-0.00789300817996,0.000705511076376,0,1,0,0,-3.63624334335,0,0.0118854464963,0.00356472306885,264.883333331,-0.00361815257929,-0.00273623364046,267.949584961,264.912994385,8.25220775604,2.02071547508,1.38361215591,0.137617409229
1740,156.683247568,1,0.341648429632,396.875,7.9991645813,3.34425276378e-05,1,951.133483887,1,36.9425201416,8.32359790802,148.84908519,0.00298757664859,0.00109286047518,-0.000104818223917,1.32231128216,-0.153653651476,-0.116200819612,-0.0145923374221,-0.0110354786739,3.44468736649,-0.00115243229084,-0.0460236631334,0.246308386326,-2.01669026865e-05,-0.00311743654311,4.3073669076e-09,1,0.647428631783,0,1.04538178444,0,-0.000569016381633,-0.000164658296853,-0.045440249145,-0.00326192821376,-0.0448712334037,-0.00309726991691,1.0737452507,-0.0465926826,-0.00328209483996,0.00032985227881,0.559112012386,0,0,0,0,1,0,0,0,0,0,0,0,0,1,0,0.612020969391,0,0.514526963234,0,264.969573975,-1.93417072296e-05,-0.000937223434448,3.98096000609e-11,-0.000919248326682,-0.000919248326682,-0.000937238335609,0,4.09978485107,-0.00221082847565,-0.0849473401904,0.264193564653,8.37084371597e-05,-0.00470795016736,1.99885107577e-07,1,0.278584033251,-0.0117081608623,-6.47936976748e-05,-0.0944446697831,-0.00485645281151,-0.0827365070581,-0.00479165930301,-0.0966555029154,-0.00477274460718,-0.00123887287918,0.232191592455,0,0,0,1,0,0,0,0,0,0,0,0,1,0,0.235874086618,0.186755657196,264.98135376,1.23381614685e-05,-0.00158414244652,-0.000258101150393,-0.00185633962974,-0.00159823847935,-0.00184214115143,0.360433340073,0,-0.00237554125488,-0.129725381732,-0.00837027840316,0.000756361172535,0,1,0,0,-3.74152088165,0,0.0103397145867,0.0037699486129,264.879166664,-0.0037229063455,-0.0028154538013,267.949066162,264.910217285,8.3225774765,1.83935439587,1.62361288071,0.137540876865
1800,155.660196845,1,0.338058948517,396.875,7.99912786484,3.67025058949e-05,1,902.419799805,1,36.2095031738,8.26120948792,147.877187003,0.00459204241633,0.00116906303447,-0.000107030777144,1.32231128216,-0.150247633457,-0.113625012338,-0.0162032004446,-0.0122536960989,3.4115190506,-0.000833737896755,-0.0444364957511,0.269587635994,-2.3143918952e-05,-0.00357648241334,3.0267983675e-09,1,0.649747252464,0,1.04845964909,0,-0.000564371817745,-0.000183940253919,-0.0441671311855,-0.0037372787483,-0.0436027571559,-0.00355333834887,1.07874691486,-0.0450008697808,-0.00376042257994,0.000595540099312,0.553840756416,0,0,0,0,1,0,0,0,0,0,0,0,0,1,0,0.615457117558,0,0.50988394022,0,264.968444824,-1.44317746162e-05,-0.000956911593676,-2.51446863331e-10,-0.00094355433248,-0.000943554099649,-0.000956933945417,0,4.06822156906,-0.00150194345042,-0.0819246992469,0.287258386612,6.23366213404e-05,-0.00535448594019,2.00816430151e-07,1,0.281624436378,-0.0119759049267,-7.17481161701e-05,-0.0923986583948,-0.00548857124522,-0.0804227516055,-0.0054168230854,-0.0939006060362,-0.00542623456568,-0.00107426033355,0.230991184711,0,0,0,1,0,0,0,0,0,0,0,0,1,0,0.235730290413,0.183185890317,264.980957031,2.51531600952e-05,-0.00161668658257,-0.000276471779216,-0.00191936618648,-0.00164289446548,-0.001893222332,0.356791317463,0,-0.00246146786958,-0.127056002617,-0.0089762751013,0.000807660690043,0,1,0,0,-3.82049846649,0,0.0159405991435,0.00403356133029,264.874999997,-0.00380149111152,-0.00287488359027,267.948730469,264.912475586,8.25962352753,2.06776618958,1.30156767368,0.118701100349
1860,162.471466942,1,0.332707554102,396.875,7.99909210205,3.96812902181e-05,1,849.763366699,1,34.5379829407,8.26701545715,154.347893595,0.00706923380494,0.00125003117137,-0.000108350264782,1.32231128216,-0.145403936505,-0.109961956739,-0.0168095417321,-0.0127122420818,3.37216615677,-0.00104301120155,-0.0432354286313,0.289108455181,-6.81927485857e-05,-0.00324525451288,2.09547579288e-09,1,0.653371930122,0,1.05163514614,0,-0.000575131503865,-0.00015006227477,-0.042767547071,-0.00332712428644,-0.0421924218535,-0.00317706190981,1.08390712738,-0.0438105612993,-0.00339531688951,-2.28430144489e-06,0.549260020256,0,0,0,0,1,0,0,0,0,0,0,0,0,1,0,0.619586586952,0,0.505189418793,0,264.967193604,-2.03996896744e-05,-0.000982627272606,-5.91334203826e-10,-0.000962995050941,-0.000962994410656,-0.000982567667961,0,4.03134012222,-0.00166196702048,-0.0797427669168,0.310734033585,-7.70314945839e-05,-0.00482660997659,2.01631337404e-07,1,0.284964382648,-0.0122658768669,-0.000157598115038,-0.0903466716409,-0.00490717682987,-0.0780808031559,-0.0047495784238,-0.0920086428523,-0.00498420838267,-0.00212173187174,0.229842722416,0,0,0,1,0,0,0,0,0,0,0,0,1,0,0.230486512184,0.17566357553,264.980438232,1.9371509552e-05,-0.00167044997215,-0.000305181776639,-0.0019957604818,-0.00169057864696,-0.0019756257534,0.352933555841,0,-0.00253946590237,-0.124264508486,-0.00962831266224,0.000860585598275,0,1,0,0,-3.86759805679,0,0.0246568284929,0.00431401096284,264.87083333,-0.00384835619479,-0.0029103255365,267.947509766,264.906982422,8.26642799377,1.98802495003,1.58962082863,0.134912997484
1920,162.879967357,1,0.329914182425,396.875,7.9990606308,4.23719466198e-05,1,805.988342285,1,35.4146728516,8.24505233765,154.735968989,0.00592564931139,0.00131727615371,-0.000111381792522,1.32231128216,-0.142951473594,-0.108107276261,-0.016710113734,-0.0126370498911,3.33728981018,-0.00107397232205,-0.0430758222938,0.302117317915,-2.76154023595e-05,-0.00248741987161,2.67755240202e-09,1,0.64692902565,0,1.05493474007,0,-0.000572718039621,-0.000116555849672,-0.0425745695829,-0.00257636024617,-0.042001850903,-0.00245980452746,1.08926904202,-0.0436485409737,-0.00260397559032,-0.00100528018083,0.536574602127,0,0,0,0,1,0,0,0,0,0,0,0,0,1,0,0.60676586628,0,0.487489998341,0,264.966064453,-2.24113464355e-05,-0.00104367733002,7.18037851399e-10,-0.00102160370443,-0.00102160428651,-0.00104367733002,0,3.99468994141,-0.00182017218322,-0.0789448544383,0.328163921833,2.04350799322e-05,-0.00290843425319,2.00932845473e-07,1,0.282026588917,-0.0121889840811,-0.000135144262458,-0.0893136709929,-0.00306401401758,-0.0771246775985,-0.00292887026444,-0.0911338329315,-0.00304357893765,-0.00444149365649,0.224056556821,0,0,0,1,0,0,0,0,0,0,0,0,1,0,0.224353596568,0.167946577072,264.980041504,9.11951065063e-06,-0.00177383422852,-0.000317620113492,-0.00210101017728,-0.00178338983096,-0.00209164619446,0.34902369976,0,-0.00261371885426,-0.121486365795,-0.0102009642869,0.000915579730645,0,1,0,0,-3.97580933571,0,0.0206224620342,0.00454635173082,264.866666663,-0.00395602919161,-0.00299175339751,267.945556641,264.899688721,8.24436950684,1.87436270714,1.56404256821,0.126929566264
1980,167.961243416,1,0.326181203127,396.875,7.99903297424,4.47689672001e-05,1,761.006713867,1,34.0925521851,8.20468711853,159.563181245,0.00318102352321,0.00138622522354,-0.000114006157673,1.32231128216,-0.139790743589,-0.105716973543,-0.0158480852842,-0.0119851399213,3.3037853241,-0.00137993879616,-0.0414199456573,0.307237803936,9.27830114961e-07,-0.00222130143084,2.56113708019e-09,1,0.656096220016,0,1.05838489532,0,-0.000570713949855,-0.000113790993055,-0.0406107231975,-0.00233602011576,-0.0400400087237,-0.00222222926095,1.09487533569,-0.0419906638563,-0.00233509228565,-0.00128479092382,0.536552429199,0,0,0,0,1,0,0,0,0,0,0,0,0,1,0,0.616005539894,0,0.487091839314,0,264.965057373,-3.03983688354e-05,-0.00105631351471,1.04522812627e-09,-0.00102624413557,-0.00102624518331,-0.00105631351471,0,3.96218776703,-0.0026493286714,-0.0764201954007,0.335759043694,8.55665421113e-05,-0.00232562143356,2.01165676117e-07,1,0.288326472044,-0.0123489834368,-0.000241965797613,-0.0861198529601,-0.00265315314755,-0.0737708732486,-0.00241118762642,-0.0887691825628,-0.00256758672185,-0.0049930755049,0.225297003984,0,0,0,1,0,0,0,0,0,0,0,0,1,0,0.222707360983,0.163454145193,264.979766846,-1.03116035461e-05,-0.00182110071182,-0.000336805358529,-0.00214761868119,-0.00181081343908,-0.00215780735016,0.345266759396,0,-0.00268960325047,-0.118858225644,-0.0105863260105,0.000973080634139,0,1,0,0,-4.06948661804,0,0.01101319585,0.00478456448764,264.862499997,-0.00404924061149,-0.00306224473752,267.944824219,264.906890869,8.20428371429,1.81933963299,1.51333498955,0.12583206594
2040,171.818383186,1,0.322622269392,396.875,7.9990067482,4.66582932859e-05,1,721.106079102,1,34.7939300537,8.2656211853,163.227464027,0.00347692146897,0.00142140383832,-0.00011641898891,1.32231128216,-0.136836469173,-0.103482797742,-0.0147852823138,-0.0111813927069,3.27207708359,-0.00130231305957,-0.0411612614989,0.308073222637,-1.32430868689e-05,-0.00182773347478,3.49245965481e-09,1,0.651410102844,0,1.06200444698,0,-0.000577337807044,-8.26160103315e-05,-0.0404362902045,-0.0018971064128,-0.0398589521646,-0.00181449018419,1.10075724125,-0.0417385995388,-0.00191034947056,-0.00185097428039,0.524589776993,0,0,0,0,1,0,0,0,0,0,0,0,0,1,0,0.610379219055,0,0.474117517471,0,264.963989258,-2.97725200653e-05,-0.00110271573067,6.61478649633e-10,-0.00107319874223,-0.00107319932431,-0.00110271573067,0,3.93280911446,-0.00260013062507,-0.0762546360493,0.3413220644,8.52886587381e-05,-0.00204021017998,2.00234353542e-07,1,0.26898252964,-0.0126013569534,-0.000402168516302,-0.0862558633089,-0.00252766697668,-0.0736545026302,-0.00212549837306,-0.0888559967279,-0.00244237855077,-0.00539980456233,0.206578552723,0,0,0,1,0,0,0,0,0,0,0,0,1,0,0.205693051219,0.147502571344,264.979431152,-1.07288360596e-05,-0.00191205739975,-0.000349355454091,-0.00225087022409,-0.00190151459537,-0.00226134061813,0.341418713331,0,-0.00276218727231,-0.116224758327,-0.0107624391094,0.00103340833448,0,1,0,0,-4.15561389923,0,0.012044291012,0.00490630092099,264.85833333,-0.00413493905216,-0.00312705431134,267.944091797,264.90133667,8.26426124573,1.77301430702,1.34298586845,0.127004206181
2100,170.752498222,1,0.323963522911,396.875,7.99898195267,4.80401795357e-05,1,697.629394531,1,35.8359031677,8.35765647888,162.214873311,0.00461820140481,0.00143351103179,-0.000121843841043,1.32231128216,-0.13800355792,-0.104365408421,-0.0146568510681,-0.0110842669383,3.25555276871,-0.00133473007008,-0.042013566941,0.311423838139,-6.91120512784e-05,-0.00206362782046,2.56113708019e-09,1,0.638028383255,0,1.06570291519,0,-0.000584626453929,-7.60852417443e-05,-0.041263461113,-0.00207060109824,-0.0406788364053,-0.00199451600201,1.10676717758,-0.0425981916487,-0.00213971338235,-0.00184669124428,0.506688296795,0,0,0,0,1,0,0,0,0,0,0,0,0,1,0,0.59738522768,0,0.456274271011,0,264.963256836,-2.7596950531e-05,-0.0011730492115,7.83914433367e-10,-0.00114558008499,-0.0011455808999,-0.00117295980453,0,3.91187667847,-0.00264133885503,-0.0782285928726,0.348820924759,-2.41144443862e-05,-0.00265262485482,1.99768692255e-07,1,0.247792929411,-0.0125961285084,-0.00049170065904,-0.088183388114,-0.0031202104874,-0.0755872577429,-0.00262850988656,-0.0908247306943,-0.00314432498999,-0.0051729422994,0.187374800444,0,0,0,1,0,0,0,0,0,0,0,0,1,0,0.191338300705,0.134359180927,264.979278564,-5.42402267456e-06,-0.00203603506088,-0.000357925426215,-0.00238833762705,-0.00203041220084,-0.00239384174347,0.338043272495,0,-0.00284118275158,-0.113962218165,-0.0108209438622,0.00109504838474,0,1,0,0,-4.34925556183,0,0.0160321965814,0.00494846375659,264.854166663,-0.00432761758566,-0.00327276764438,267.943969727,264.891723633,8.35379123688,2.06944656372,1.43090224266,0.134254962206
2160,170.809097799,1,0.324556350708,396.875,7.99895858765,4.92206308991e-05,1,677.28503418,1,33.634803772,8.37288761139,162.268642909,0.00705001782626,0.00149327970576,-0.000126194048789,1.32231128216,-0.138433247805,-0.104690365493,-0.0154077280313,-0.0116521185264,3.24140310287,-0.000941939651966,-0.041273560375,0.320005506277,-7.10116291884e-05,-0.00285833864473,2.56113708019e-09,1,0.634540498257,0,1.0693154335,0,-0.000605181150604,-0.00012714874174,-0.0409367978573,-0.00291447597556,-0.040331620723,-0.00278732692823,1.11263751984,-0.0418787412345,-0.00298548745923,-0.00104663008824,0.4986500144,0,0,0,0,1,0,0,0,0,0,0,0,0,1,0,0.594114601612,0,0.448323845863,0,264.962402344,-1.71363353729e-05,-0.00120609998703,5.85145931709e-10,-0.00118890835438,-0.00118890893646,-0.00120607018471,0,3.89146280289,-0.00159962847829,-0.0765836089849,0.359204232693,-4.48112259619e-05,-0.00393178407103,1.99768692255e-07,1,0.245761707425,-0.0124265197664,-0.000613763695583,-0.0874105021358,-0.00450073601678,-0.0749839842319,-0.0038869723212,-0.0890101268888,-0.00454554799944,-0.00387723534368,0.183758467436,0,0,0,1,0,0,0,0,0,0,0,0,1,0,0.195200949907,0.135283231735,264.978912354,1.91628932953e-05,-0.00208136439323,-0.000357090873877,-0.00245752511546,-0.00210043415427,-0.00243863463402,0.33556073904,0,-0.00293197785504,-0.112303502858,-0.0109188277274,0.00115525582805,0,1,0,0,-4.5045375824,0,0.0245888922364,0.00515556614846,264.849999996,-0.00448212679476,-0.00338961556554,267.944244385,264.881866455,8.37287139893,2.08302783966,1.30938029289,0.128129571676
2220,165.819934247,1,0.32169058919,396.875,7.9989361763,5.02160874021e-05,1,650.46282959,1,31.2707462311,8.30431842804,157.528937535,0.00531480321661,0.00155239610467,-0.000127947714645,1.32231128216,-0.135842770338,-0.102731309831,-0.0164832063019,-0.0124654509127,3.22210550308,-0.000462595140561,-0.0404451265931,0.334915608168,-5.58680039831e-05,-0.00335625815205,2.32830643654e-09,1,0.631536602974,0,1.07286691666,0,-0.000626033055596,-0.000171495223185,-0.0406085662544,-0.00347188534215,-0.039982534945,-0.00330039020628,1.11840856075,-0.0410711616278,-0.00352775352076,-0.00058735453058,0.491493105888,0,0,0,0,1,0,0,0,0,0,0,0,0,1,0,0.594133377075,0,0.443401962519,0,264.961303711,-7.16745853424e-06,-0.00122782588005,7.59439511278e-10,-0.00122055958491,-0.0012205602834,-0.0012278854847,0,3.87085866928,-0.000742678996176,-0.0753968060017,0.373702704906,-3.46398446709e-05,-0.00546909682453,1.99885107577e-07,1,0.23845936358,-0.0124310087413,-0.000612834759522,-0.0870851352811,-0.00604729168117,-0.0746541246772,-0.00543445674703,-0.0878278166056,-0.00608193129301,-0.00259435875341,0.176032602787,0,0,0,1,0,0,0,0,0,0,0,0,1,0,0.195022672415,0.133353099227,264.97845459,3.57031822205e-05,-0.00212720036507,-0.000369216199033,-0.00253177434206,-0.00216255825944,-0.00249642133713,0.333302229643,0,-0.0030196593143,-0.110740400851,-0.011129505001,0.00121444708202,0,1,0,0,-4.56713533401,0,0.018474958837,0.00536007108167,264.84583333,-0.00454441318288,-0.00343671976589,267.943267822,264.883880615,8.30097961426,1.74151134491,1.26066696644,0.122601337731
2280,170.483285364,1,0.318382233381,396.875,7.99891281128,5.10181343998e-05,1,626.481323242,1,29.8015193939,8.1840133667,161.959121096,0.00392942177132,0.00162474112585,-0.000128788873553,1.32231128216,-0.132864654064,-0.100479103625,-0.0177045874298,-0.0133891226724,3.19887256622,-0.000478103058413,-0.0391499623656,0.353025943041,-4.68234939035e-05,-0.00353110907599,1.51339918375e-09,1,0.637736856937,0,1.07636785507,0,-0.000627171248198,-0.000199741567485,-0.0392990335822,-0.00368402758613,-0.0386718586087,-0.00348428590223,1.12409758568,-0.0397771373391,-0.00373085099272,-0.000430616841186,0.491279065609,0,0,0,0,1,0,0,0,0,0,0,0,0,1,0,0.606288313866,0,0.447154045105,0,264.959960938,-1.13546848297e-05,-0.0012241601944,7.1504735466e-10,-0.00121286255307,-0.00121286325157,-0.00122413039207,0,3.84792542458,-0.00088841188699,-0.0730006694794,0.391341686249,-2.97279912047e-05,-0.00552231259644,1.99885107577e-07,1,0.246842294931,-0.0123756863177,-0.000504425901454,-0.0844879448414,-0.00599701050669,-0.072112262249,-0.00549258477986,-0.0853763595223,-0.00602673925459,-0.00280903698877,0.179429352283,0,0,0,1,0,0,0,0,0,0,0,0,1,0,0.209435552359,0.140705361962,264.977966309,2.8133392334e-05,-0.00212627649307,-0.000381490215659,-0.00253535248339,-0.00215386226773,-0.0025078356266,0.330974638462,0,-0.00309802219272,-0.109092876315,-0.0114676738158,0.0012727965368,0,1,0,0,-4.59716081619,0,0.0136233484372,0.00561040500179,264.841666663,-0.00457428954542,-0.00345931365155,267.941436768,264.890136719,8.18376922607,1.86357188225,1.31111359596,0.116177134216
2340,173.755280987,1,0.315233767033,396.875,7.99888134003,5.18995620951e-05,1,599.930358887,1,29.7574100494,8.32009410858,165.067516938,0.00430149259046,0.00171299162321,-0.000130538115627,1.32231128216,-0.130119174719,-0.0984028354287,-0.018310168758,-0.0138470940292,3.17345476151,-0.000821085181087,-0.0387395583093,0.368006080389,-0.000100147968624,-0.00344555266201,2.32830643654e-09,1,0.63891941309,0,1.07989835739,0,-0.000636400887743,-0.000220765650738,-0.0385548733175,-0.00356617034413,-0.0379184745252,-0.0033454047516,1.12983489037,-0.0393759608269,-0.00366631848738,-0.000686911051162,0.486884683371,0,0,0,0,1,0,0,0,0,0,0,0,0,1,0,0.595706701279,0,0.433787882328,0,264.958679199,-2.09212303162e-05,-0.00129437446594,4.9157811155e-10,-0.00127334031276,-0.00127334077843,-0.00129437446594,0,3.82361221313,-0.00166108412668,-0.0721896141768,0.406599223614,-0.000228294287808,-0.00542045896873,2.01049260795e-07,1,0.252051144838,-0.012574441731,-0.000515836640261,-0.0831029713154,-0.00570800155401,-0.0705285295844,-0.00519216479734,-0.0847640559077,-0.00593629572541,-0.003416209016,0.18048286438,0,0,0,1,0,0,0,0,0,0,0,0,1,0,0.204595312476,0.134900659323,264.977416992,1.0073184967e-05,-0.00223261117935,-0.000402420846513,-0.00264417612925,-0.00224175513722,-0.00263488292694,0.32843875885,0,-0.00316685275175,-0.10731883347,-0.0118683632463,0.00133163901046,0,1,0,0,-4.65960073471,0,0.014923796989,0.00591635797173,264.837499996,-0.00463641854003,-0.00350629887544,267.940155029,264.883728027,8.31474971771,2.05125498772,1.42803657055,0.109410770237
2400,172.580193597,1,0.31352558732,396.875,7.99884366989,5.31495606992e-05,1,576.154296875,1,28.587726593,8.4124917984,163.951183917,0.00420402735472,0.00174005376175,-0.00013372732792,1.32231128216,-0.128667742014,-0.0973051860929,-0.0184297841042,-0.0139375533909,3.15294742584,-0.00102701806463,-0.0387677624822,0.380867540836,-0.000134938949486,-0.00310334237292,1.7462298274e-09,1,0.635614752769,0,1.08356952667,0,-0.000631996197626,-0.000205148477107,-0.0383727401495,-0.00317355198786,-0.0377407446504,-0.00296840351075,1.13580060005,-0.0393997579813,-0.00330849085003,-0.00124913186301,0.478929519653,0,0,0,0,1,0,0,0,0,0,0,0,0,1,0,0.589093923569,0,0.423462331295,0,264.957550049,-3.00705432892e-05,-0.00135281682014,1.15025999836e-09,-0.00132266315632,-0.00132266420405,-0.0013527572155,0,3.79950165749,-0.00206587323919,-0.0719109326601,0.42327773571,-0.000281924149022,-0.0052680214867,2.00234353542e-07,1,0.252795487642,-0.0124983973801,-0.000713340938091,-0.0823434516788,-0.0056994385086,-0.0698450580239,-0.00498609757051,-0.0844093337655,-0.00598136242479,-0.00374782271683,0.178505331278,0,0,0,1,0,0,0,0,0,0,0,0,1,0,0.203367859125,0.131867498159,264.976837158,-4.08291816711e-06,-0.00230693817139,-0.000408401305322,-0.00271079083905,-0.00230238959193,-0.00271552801132,0.325892686844,0,-0.00323607726023,-0.105580694973,-0.0122436732054,0.0013928276021,0,1,0,0,-4.77344036102,0,0.0145829645917,0.00600994657725,264.833333329,-0.00474969204515,-0.00359196215868,267.938964844,264.875183105,8.41030693054,1.90585148335,1.15920114517,0.107623666525
2460,178.588997554,1,0.313025504351,396.875,7.99880504608,5.45839175174e-05,1,558.51373291,1,29.375328064,8.35825824738,169.659547676,0.00530256517231,0.00179107009899,-0.000137292037834,1.32231128216,-0.128275051713,-0.0970082134008,-0.0182488672435,-0.0138007346541,3.13421583176,-0.000752846943215,-0.0394020974636,0.391040802002,-7.61022383813e-05,-0.00258752866648,5.23868948221e-10,1,0.62290418148,0.003173828125,1.08730483055,0.003173828125,-0.000613275333308,-0.000167218619026,-0.039262522012,-0.00267864530906,-0.0386492498219,-0.00251142657362,1.14187037945,-0.0400153696537,-0.00275474763475,-0.00201029330492,0.464444041252,0,0.003173828125,0,0,1,0,0,0,0,0,0,0,0,1,0,0.577436327934,0.002197265625,0.409970879555,0.002197265625,264.956390381,-1.89691781998e-05,-0.00141189992428,5.08142583566e-10,-0.00139279616997,-0.00139279663563,-0.00141181051731,0.002197265625,3.77267456055,-0.00139026064426,-0.0716897398233,0.439700335264,-0.000161602860317,-0.00478641316295,1.99535861611e-07,1,0.247261747718,-0.0118752242997,-0.000816452899016,-0.0821746960282,-0.00544126331806,-0.0702994763851,-0.00462481053546,-0.0835649594665,-0.00560286641121,-0.00435344409198,0.172106444836,0,0,0,1,0,0,0,0,0,0,0,0,1,0,0.198303192854,0.126336708665,264.976104736,2.08914279938e-05,-0.00235176086426,-0.000405881175539,-0.00277828681283,-0.0023724057246,-0.00275778770447,0.323599308729,0,-0.00330962100998,-0.104040697217,-0.0125458398834,0.00145508092828,0,1,0,0,-4.90068387985,0,0.0184319857508,0.00618728995323,264.829166663,-0.0048763025552,-0.00368771143258,267.938842773,264.866027832,8.35602855682,1.67736244202,1.27251601219,0.106476604939
2520,174.236716262,1,0.310919284821,396.875,7.99876689911,5.57982857572e-05,1,540.351623535,1,29.7883148193,8.36133289337,165.524880449,0.00629224348813,0.00188142177649,-0.000139061376103,1.32231128216,-0.12652105093,-0.0956817418337,-0.0182386897504,-0.0137930382043,3.11181569099,-0.0010310781654,-0.0383381396532,0.403208494186,-9.47254884522e-05,-0.00230400450528,1.65891833603e-09,1,0.632518529892,0.004638671875,1.09102797508,0.004638671875,-0.000604680972174,-0.000157400383614,-0.0379117429256,-0.00236667925492,-0.037307061255,-0.00220927875489,1.14792048931,-0.0389428213239,-0.00246140453964,-0.00230395747349,0.466698110104,0,0.004638671875,0,0,1,0,0,0,0,0,0,0,0,1,0,0.588356375694,0.002685546875,0.412664353848,0.002685546875,264.954956055,-2.87145376205e-05,-0.0014179572463,8.24807111499e-10,-0.00138940336183,-0.00138940417673,-0.00141800194979,0.002685546875,3.74594402313,-0.00196507852525,-0.0692944526672,0.460947215557,-0.000226440359256,-0.00527311349288,1.97149347514e-07,1,0.266416788101,-0.011654978618,-0.00110409129411,-0.0789843574166,-0.00615076441318,-0.067329376936,-0.00504667311907,-0.0809494331479,-0.00637720571831,-0.00357735110447,0.182570815086,0,0,0,1,0,0,0,0,0,0,0,0,1,0,0.221640110016,0.138516306877,264.975250244,4.17232513428e-07,-0.0023393034935,-0.000418086943682,-0.00275754393078,-0.00233945692889,-0.00275750458241,0.321545243263,0,-0.00338440435007,-0.102683648467,-0.012775266543,0.00151713285595,0,1,0,0,-4.96384096146,0,0.0219137519598,0.00650033773854,264.824999996,-0.00493914540857,-0.00373523659073,267.938812256,264.858184814,8.3593082428,1.92321586609,1.2184933424,0.106994509697
2580,174.426119054,1,0.307669878006,396.875,7.99873399734,5.68452196603e-05,1,521.358215332,1,30.9688587189,8.28644371033,165.704813101,0.00501743191853,0.00193719984964,-0.000139655705425,1.32231128216,-0.123785287142,-0.09361281991,-0.0185735523701,-0.0140462787822,3.08709740639,-0.00124939845409,-0.0382167994976,0.416645824909,-0.000127414314193,-0.00209440058097,3.14321368933e-09,1,0.631566345692,0.0029296875,1.09482038021,0.0029296875,-0.000586602720432,-0.000154344059411,-0.0375540032983,-0.00212133023888,-0.0369674004614,-0.00196698610671,1.15408325195,-0.0388033986092,-0.00224874424748,-0.00264817732386,0.460846841335,0,0.0029296875,0,0,1,0,0,0,0,0,0,0,0,1,0,0.585879206657,0.0029296875,0.405585765839,0.0029296875,264.953369141,-3.48538160324e-05,-0.00146023184061,9.24730500507e-11,-0.00142532074824,-0.00142532086466,-0.00146021693945,0.0029296875,3.71995615959,-0.00219766842201,-0.0693186894059,0.480938136578,-0.000248647585977,-0.00508513441309,1.99535861611e-07,1,0.252159565687,-0.0113663356751,-0.00123991630971,-0.0784873515368,-0.00607640296221,-0.067121013999,-0.00483648711815,-0.0806850194931,-0.00632505072281,-0.00388564262539,0.170359671116,0,0,0,1,0,0,0,0,0,0,0,0,1,0,0.219356536865,0.134559243917,264.974243164,-6.51180744171e-06,-0.0024054646492,-0.000420612283051,-0.00281935767271,-0.00239874562249,-0.00282637774944,0.319238781929,0,-0.00344864884391,-0.101197265089,-0.0129839219153,0.00158034008928,0,1,0,0,-4.98505592346,0,0.0174313597381,0.00669381581247,264.820833329,-0.00496025476605,-0.00375120062381,267.937927246,264.860443115,8.28627109528,1.82128930092,1.21293962002,0.0934756845236
2640,170.891474203,1,0.305778443813,396.875,7.99870109558,5.85267043789e-05,1,506.53213501,1,31.4411678314,8.27366828918,162.346900492,0.00535864988342,0.00201817671768,-0.000141108626849,1.32231128216,-0.122159771621,-0.092383518815,-0.0190533008426,-0.0144090885296,3.06572198868,-0.00132053345442,-0.0376095473766,0.428929924965,-0.000148699691636,-0.00206945626996,2.27009877563e-09,1,0.632655918598,0.00048828125,1.0986020565,0.00048828125,-0.000569103751332,-0.000119833013741,-0.0368581153452,-0.00204058969393,-0.0362890101969,-0.0019207567675,1.16022825241,-0.0381786525249,-0.00218928931281,-0.00278435368091,0.456961095333,0,0.00048828125,0,0,1,0,0,0,0,0,0,0,0,1,0,0.589614927769,0,0.403353303671,0,264.951721191,-3.52412462234e-05,-0.00146839022636,-2.61371480015e-12,-0.00143317854963,-0.00143317854963,-0.00146840512753,0,3.69504213333,-0.00214215135202,-0.0683966875076,0.495730429888,-0.000256182102021,-0.00512867234647,2.01864168048e-07,1,0.247850999236,-0.011185429059,-0.00118203251623,-0.0774399638176,-0.00605452340096,-0.0662545412779,-0.00487249065191,-0.0795821100473,-0.00631070462987,-0.00407765759155,0.166022956371,0,0,0,1,0,0,0,0,0,0,0,0,1,0,0.219672322273,0.133360862732,264.973144531,-3.8743019104e-07,-0.00241038203239,-0.000420927535743,-0.00283089652658,-0.00240996899083,-0.00283172726631,0.316919207573,0,-0.00350768701173,-0.0997119396925,-0.0132170123979,0.00164336664602,0,1,0,0,-5.03691864014,0,0.0186289381236,0.00697514787316,264.816666662,-0.00501185934991,-0.00379022653215,267.936553955,264.861816406,8.27333831787,1.90214776993,1.31721353531,0.099767819047
2700,163.610985829,1,0.303391128778,396.875,7.99866628647,6.15128592472e-05,1,491.434265137,1,31.9848918915,8.19335460663,155.430436538,0.00598653405905,0.00209963321686,-0.000142063727253,1.32231128216,-0.120156943798,-0.0908688753843,-0.0194044262171,-0.0146746281534,3.04289388657,-0.000987002393231,-0.03748113662,0.439989864826,-0.000166733079823,-0.00240860879421,1.22236087918e-09,1,0.624762892723,0,1.10229420662,0,-0.000567740644328,-0.000125931415823,-0.0370618775487,-0.00236780708656,-0.0364941358566,-0.00224187597632,1.16622817516,-0.0380488783121,-0.00253454060294,-0.00264947605319,0.446561038494,0,0,0,0,1,0,0,0,0,0,0,0,0,1,0,0.580264210701,0,0.39200592041,0,264.949951172,-2.98917293549e-05,-0.00151843577623,4.81740342062e-11,-0.00148843647912,-0.00148843647912,-0.00151842087507,0,3.66584277153,-0.00156980194151,-0.0682067424059,0.509080886841,-0.000360134028597,-0.00519532291219,2.01573129743e-07,1,0.237135916948,-0.0108497440815,-0.00116168649402,-0.0774866789579,-0.00599687546492,-0.066636942327,-0.00483518838882,-0.0790564864874,-0.00635700905696,-0.00448317453265,0.156972438097,0,0,0,1,0,0,0,0,0,0,0,0,1,0,0.205772906542,0.123218476772,264.971893311,5.60283660889e-06,-0.00249344110489,-0.000422747427365,-0.00292121898383,-0.00249847187661,-0.00291635096073,0.314620494843,0,-0.0035604883451,-0.0982268303633,-0.013461953029,0.00170490413439,0,1,0,0,-5.07101106644,0,0.020836789161,0.00725863547996,264.812499995,-0.00504578230903,-0.00381588074379,267.936004639,264.858917236,8.19180297852,2.03245067596,1.48945808411,0.10856320709
2760,174.497730293,1,0.303612887859,396.875,7.99863100052,6.55021358398e-05,1,478.904968262,1,32.8469161987,8.18820571899,165.772843778,0.00692644715309,0.00215260963887,-0.000146100355778,1.32231128216,-0.120138175786,-0.0908546820283,-0.0206011012197,-0.0155796157196,3.02535676956,-0.000872710254043,-0.0381636619568,0.455446213484,-0.000198549067136,-0.00361271295696,1.49884726852e-09,1,0.608559608459,0,1.1059243679,0,-0.000550646451302,-0.00016914436128,-0.0378415994346,-0.00358330830932,-0.037290956825,-0.00341416383162,1.17212712765,-0.038714312017,-0.00378185743466,-0.00173836783506,0.431430697441,0,0,0,0,1,0,0,0,0,0,0,0,0,1,0,0.557241261005,0,0.373042404652,0,264.948547363,-2.9694288969e-05,-0.00161744654179,4.6916102947e-11,-0.00158777204342,-0.00158777215984,-0.00161743536592,0,3.63761663437,-0.00127143796999,-0.0690457001328,0.522869348526,-0.000376312469598,-0.00692094163969,2.02737282962e-07,1,0.223637551069,-0.0103811454028,-0.00111072661821,-0.0781554058194,-0.00765535607934,-0.0677742660046,-0.00654462911189,-0.0794268473983,-0.00803166814148,-0.0033231084235,0.147201701999,0,0,0,1,0,0,0,0,0,0,0,0,1,0,0.185946241021,0.110803075135,264.970703125,9.64850187302e-06,-0.00264172255993,-0.000407887739129,-0.00305863562971,-0.002650748007,-0.00304977595806,0.312569499016,0,-0.00361595512368,-0.0968744978309,-0.0137629238889,0.00176540599205,0,1,0,0,-5.21510028839,0,0.0241520982236,0.00744282081723,264.808333329,-0.00518915429711,-0.00392430601642,267.935516357,264.85269165,8.18709754944,2.02029705048,1.20177125931,0.0945531651378
2820,175.679458378,1,0.302792280912,396.875,7.99860048294,6.96417846484e-05,1,466.845397949,1,32.8492851257,8.17254638672,166.895485459,0.0102298147976,0.00218845997006,-0.000148662467836,1.32231128216,-0.119341082871,-0.0902518853545,-0.021337935701,-0.0161368474364,3.00777769089,-0.00110105762724,-0.0380772203207,0.470377504826,-0.000222379021579,-0.00351395644248,-4.07453626394e-10,1,0.606829404831,0.002685546875,1.10954475403,0.002685546875,-0.000541147426702,-0.000156242836965,-0.0375173129141,-0.00344782019965,-0.0369761623442,-0.00329157710075,1.1780102253,-0.03861836344,-0.00367019907571,-0.0020607507322,0.42707362771,0,0.002685546875,0,0,1,0,0,0,0,0,0,0,0,1,0,0.56483912468,0.0009765625,0.374625355005,0.0009765625,264.947021484,-3.48314642906e-05,-0.00161968171597,-5.82431491924e-10,-0.00158477923833,-0.00158477877267,-0.00161971896887,0.0009765625,3.61067724228,-0.00172086106613,-0.0685032904148,0.537367224693,-0.000424720637966,-0.00639501214027,2.02504452318e-07,1,0.234441101551,-0.009880120866,-0.000918104720768,-0.0766625478864,-0.00688839610666,-0.0667824298143,-0.00597029179335,-0.0783834084868,-0.00731311645359,-0.0043624304235,0.152787715197,0,0,0,1,0,0,0,0,0,0,0,0,1,0,0.204275891185,0.119904078543,264.969604492,-3.35276126862e-07,-0.00264497101307,-0.000405010010581,-0.00304920156486,-0.00264419149607,-0.00305014848709,0.310883879662,0,-0.00367982126772,-0.0957460477948,-0.0141640575603,0.00182574556675,0,1,0,0,-5.30655574799,0,0.0359042361379,0.00756768416613,264.804166662,-0.0052801547572,-0.00399312516674,267.934448242,264.844177246,8.17238521576,2.350522995,1.69526362419,0.109544791281
2880,180.475556295,1,0.298494637012,396.875,7.99856805801,7.34077621019e-05,1,450.117095947,1,31.1640415192,8.22720146179,171.45177848,0.00604118593037,0.00229638814926,-0.000147714832565,1.32231128216,-0.115879632533,-0.0876341536641,-0.0212763696909,-0.0160902887583,2.98399353027,-0.000939373043366,-0.0361782684922,0.482456505299,-0.000188161269762,-0.00333093083464,4.36557456851e-10,1,0.620982050896,0.001953125,1.11318075657,0.001953125,-0.000537735933904,-0.00014930756879,-0.0357766337693,-0.00329207722098,-0.0352388955653,-0.00314276991412,1.18391871452,-0.0367160066962,-0.00348023860715,-0.00217423052527,0.432856142521,0,0.001953125,0,0,1,0,0,0,0,0,0,0,0,1,0,0.578257858753,0.000732421875,0.379348397255,0.000732421875,264.945159912,-3.03089618683e-05,-0.00159000605345,-1.01613473191e-09,-0.00155981909484,-0.00155981816351,-0.00158998370171,0.000732421875,3.58844232559,-0.00165187392849,-0.0650561749935,0.551890313625,-0.000413676083554,-0.00604804884642,2.03610397875e-07,1,0.260842055082,-0.00992617756128,-0.000942348095123,-0.0733304768801,-0.0065767201595,-0.0634042993188,-0.00563437212259,-0.0749823600054,-0.00699039641768,-0.00461789779365,0.167390346527,0,0,0,1,0,0,0,0,0,0,0,0,1,0,0.228447601199,0.131574720144,264.968566895,-1.38580799103e-06,-0.00256980955601,-0.000420668249717,-0.00298881833442,-0.00256815017201,-0.00299057364464,0.309077620506,0,-0.00373614672571,-0.0945532247424,-0.0145325120538,0.0018863461446,0,1,0,0,-5.27272891998,0,0.0210292171687,0.00794076733291,264.799999995,-0.00524649629369,-0.00396767118946,267.933288574,264.841766357,8.2264919281,1.96919167042,1.23895418644,0.102633610368
2940,183.601541991,1,0.292696833611,396.875,7.99853134155,7.69328398746e-05,1,429.120574951,1,29.2630119324,8.25358104706,174.421464891,0.00763579644263,0.00236973632127,-0.000146088088513,1.32231128216,-0.111349545419,-0.0842082723975,-0.0208473559469,-0.0157658457756,2.95366644859,-0.000707907020114,-0.0357095785439,0.491295039654,-0.000117948882689,-0.00286783999763,1.32422428578e-09,1,0.619021892548,0,1.11708676815,0,-0.000554317375645,-0.000190091130207,-0.0355559885502,-0.0029399828054,-0.0350016728044,-0.00274989125319,1.19026589394,-0.036263898015,-0.00305793108419,-0.00267738150433,0.426024973392,0,0,0,0,1,0,0,0,0,0,0,0,0,1,0,0.569301187992,0.0009765625,0.36798286438,0.0009765625,264.943115234,-2.34059989452e-05,-0.0016371589154,-7.69926011834e-10,-0.00161380227655,-0.00161380134523,-0.00163718871772,0.0009765625,3.56119585037,-0.00140016293153,-0.0635131075978,0.564051747322,-0.000329926871927,-0.00530684320256,2.0390143618e-07,1,0.261937856674,-0.0100967390463,-0.00110447069164,-0.0722096860409,-0.0060813864693,-0.0621129497886,-0.00497691566125,-0.0736098438501,-0.0064113130793,-0.00533677544445,0.165016800165,0,0,0,1,0,0,0,0,0,0,0,0,1,0,0.215886428952,0.121564015746,264.967224121,7.83056020737e-06,-0.00261427462101,-0.000449025945272,-0.00307095609605,-0.00262193009257,-0.00306333601475,0.306586265564,0,-0.00377240870148,-0.0929406434298,-0.0147915910929,0.00195144629106,0,1,0,0,-5.21466159821,0,0.0266623981297,0.00819557346404,264.795833328,-0.00518871797249,-0.00392397632822,267.932952881,264.842987061,8.25216674805,2.10833740234,1.19161391258,0.109383195639
3000,186.936775925,1,0.289622336626,396.875,7.9984960556,8.06322568678e-05,1,412.506866455,1,28.6122207642,8.2515039444,177.589937128,0.00915446691215,0.00248342938721,-0.00014723293134,1.32231128216,-0.109020993114,-0.0824472978711,-0.0204202737659,-0.0154428640381,2.92723798752,-0.000760619004723,-0.0353148244321,0.496950447559,-7.77226159698e-05,-0.00281658442691,4.36557456851e-11,1,0.617684781551,0,1.12128043175,0,-0.000544162350707,-0.000172733241925,-0.0350983701646,-0.00291159539483,-0.0345542058349,-0.00273886183277,1.19708061218,-0.0358589850366,-0.00298931775615,-0.00280449446291,0.419384270906,0,0,0,0,1,0,0,0,0,0,0,0,0,1,0,0.564192533493,0,0.358890771866,0,264.941314697,-2.78502702713e-05,-0.00167725980282,-5.87309700872e-10,-0.00164941302501,-0.00164941255935,-0.00167733430862,0,3.53323149681,-0.00144956435543,-0.0631053894758,0.571873962879,-0.000237799758906,-0.00508561823517,2.05691321753e-07,1,0.248936027288,-0.00983007065952,-0.00101796537638,-0.0714858919382,-0.00586578343064,-0.061655819416,-0.00484781805426,-0.072935461998,-0.00610358314589,-0.00577662326396,0.15434923768,0,0,0,1,0,0,0,0,0,0,0,0,1,0,0.199555113912,0.110408589244,264.966003418,3.72529029846e-06,-0.00270557403564,-0.000451945321402,-0.00316129857674,-0.00270935334265,-0.00315767526627,0.303793698549,0,-0.0038019567728,-0.091171681881,-0.0149406725541,0.00202133925632,0,1,0,0,-5.25552749634,0,0.0320610962808,0.0085920477286,264.791666662,-0.00522938044742,-0.00395472720265,267.932342529,264.839599609,8.25052070618,1.90778541565,1.08295214176,0.105761393905
3060,182.923054889,1,0.288429349661,396.875,7.99846601486,8.48146082717e-05,1,400.640625,1,28.5745105743,8.28543663025,173.776902145,0.00786518957466,0.00251957634464,-0.00014972811914,1.32231128216,-0.108104050159,-0.0817538574338,-0.0203623306006,-0.0153990443796,2.90547227859,-0.000722576631233,-0.0351683422923,0.502541422844,-0.000100411387393,-0.00287327216938,6.54836185277e-10,1,0.612400114536,0.000244140625,1.12563419342,0.000244140625,-0.000529726210516,-0.000169852777617,-0.0349754914641,-0.00294271344319,-0.0344457663596,-0.00277286092751,1.20415568352,-0.0356980636716,-0.00304312491789,-0.00289625721052,0.410541892052,0,0.000244140625,0,0,1,0,0,0,0,0,0,0,0,1,0,0.55905777216,0,0.350531756878,0,264.939727783,-3.07708978653e-05,-0.00171304121614,-1.27669722016e-10,-0.0016823123442,-0.00168231222779,-0.00171304866672,0,3.50739002228,-0.00158710952383,-0.06276281178,0.578849375248,-0.000286605965812,-0.00536546111107,2.0390143618e-07,1,0.24059318006,-0.00974544323981,-0.00100889685564,-0.0709211528301,-0.0060877520591,-0.0611757077277,-0.0050788554363,-0.0725082606077,-0.00637435726821,-0.00574467517436,0.146635890007,0,0,0,1,0,0,0,0,0,0,0,0,1,0,0.194404155016,0.105454817414,264.96484375,-3.03238630295e-06,-0.00275217741728,-0.000452323671198,-0.00320146069862,-0.00274913711473,-0.00320468842983,0.301131725311,0,-0.00383612536825,-0.0895249545574,-0.0150324143469,0.0020939046517,0,1,0,0,-5.34459447861,0,0.0274757351726,0.00871744193137,264.787499995,-0.00531800463796,-0.00402174936607,267.932189941,264.826507568,8.28452110291,1.88014161587,1.08845043182,0.0909304171801
3120,182.148596059,1,0.288274854422,396.875,7.99844121933,8.96956335055e-05,1,392.306182861,1,28.2300453186,8.21512985229,173.041166256,0.00868591573089,0.0024991191458,-0.000152663458721,1.32231128216,-0.107930630445,-0.0816227123141,-0.020644184202,-0.0156121971086,2.8904645443,-0.000909562921152,-0.0357962734997,0.509965419769,-0.000106852821773,-0.00309191900305,2.18278728426e-10,1,0.601391911507,0,1.12999510765,0,-0.000532262143679,-0.000158218550496,-0.035418972373,-0.0031432849355,-0.0348867103457,-0.00298506580293,1.21124196053,-0.036328535527,-0.0032501372043,-0.00290814973414,0.39840605855,0,0,0,0,1,0,0,0,0,0,0,0,0,1,0,0.550527453423,0,0.340343505144,0,264.938201904,-3.50065529346e-05,-0.00176840648055,-3.01736025055e-10,-0.00173359853216,-0.00173359829932,-0.00176841020584,0,3.48592472076,-0.00190187431872,-0.06371409446,0.586661934853,-0.000200970098376,-0.00582479871809,2.02853698283e-07,1,0.227780297399,-0.00967617705464,-0.000813104328699,-0.0714884027839,-0.00643693376333,-0.0618122294545,-0.00562382955104,-0.0733902677894,-0.00663790293038,-0.00576804811135,0.136589840055,0,0,0,1,0,0,0,0,0,0,0,0,1,0,0.188026025891,0.100107349455,264.963775635,-1.05649232864e-05,-0.00281934440136,-0.000451025203802,-0.00325985369273,-0.00280882837251,-0.00327037274837,0.29876562953,0,-0.00387632520869,-0.0880779325962,-0.0151185765862,0.00216658320278,0,1,0,0,-5.44937181473,0,0.0303918812424,0.0086462367326,264.783333328,-0.00542226061225,-0.0041005932726,267.931549072,264.836456299,8.21350193024,2.23269867897,1.03372275829,0.0850208997726
3180,187.070089951,1,0.290049284697,396.875,7.99841690063,9.42178448895e-05,1,389.029510498,1,27.7499580383,8.19144535065,177.716585454,0.00829032808542,0.00251525780186,-0.000156809677719,1.32231128216,-0.109232485294,-0.0826072394848,-0.0210602320731,-0.0159268341959,2.88062429428,-0.0010396190919,-0.0362568236887,0.51550424099,-0.000106541861896,-0.0031110830605,2.91038304567e-11,1,0.592624366283,0,1.13407886028,0,-0.000545259972569,-0.000188008736586,-0.035762462765,-0.00319255003706,-0.0352172031999,-0.00300454138778,1.21787834167,-0.0368020832539,-0.00329909170978,-0.00303734163754,0.389032185078,0,0,0,0,1,0,0,0,0,0,0,0,0,1,0,0.54602086544,0.000732421875,0.333826094866,0.000732421875,264.936584473,-3.57814133167e-05,-0.00180900096893,-9.64313351393e-12,-0.00177347450517,-0.00177347450517,-0.00180899724364,0.000732421875,3.46503400803,-0.00195643212646,-0.0636955723166,0.59044611454,-0.000139807176311,-0.0053702024743,2.03028321266e-07,1,0.224059462547,-0.0094370059669,-0.00066619500285,-0.0711761415005,-0.00589659065008,-0.0617391392589,-0.00523039558902,-0.0731325745583,-0.00603639706969,-0.00650223437697,0.132781788707,0,0,0,1,0,0,0,0,0,0,0,0,1,0,0.202124044299,0.105789989233,264.962310791,-8.01682472229e-06,-0.00282527506351,-0.000441283598775,-0.00325849466026,-0.002817211207,-0.00326649844646,0.297016620636,0,-0.00392805598676,-0.0870054066181,-0.0152477305382,0.00223464868031,0,1,0,0,-5.59737253189,0,0.0289850924164,0.00870215613395,264.779166661,-0.00556952506304,-0.00421196222305,267.930145264,264.838104248,8.19128322601,1.94961047173,1.22304177284,0.0887467861176
3240,189.887864228,1,0.288689464331,396.875,7.99839067459,9.77890158538e-05,1,381.685089111,1,27.7741184235,8.23467350006,180.393471016,0.0094710085541,0.00264125620015,-0.000157589602168,1.32231128216,-0.108308933675,-0.0819087997079,-0.0203469227999,-0.0153873926029,2.86708593369,-0.000736304034945,-0.0354686677456,0.515952944756,-6.65748375468e-05,-0.00229751504958,-2.91038304567e-10,1,0.594509720802,0,1.13780283928,0,-0.00056671112543,-0.000187647194252,-0.03529907763,-0.00241858768277,-0.0347323678434,-0.00223094061948,1.22392952442,-0.0360353812575,-0.00248516211286,-0.00380778172985,0.387634307146,0,0,0,0,1,0,0,0,0,0,0,0,0,1,0,0.550058484077,0.002685546875,0.333558738232,0.002685546875,264.93460083,-2.84537672997e-05,-0.0018063634634,-1.84397636049e-10,-0.00177814962808,-0.00177814951167,-0.00180637836456,0.002685546875,3.44643330574,-0.00154251838103,-0.0619335733354,0.59399998188,-4.47225756943e-05,-0.00428559537977,2.04658135772e-07,1,0.229534626007,-0.00931137893349,-0.000908989459276,-0.0697024315596,-0.00514986226335,-0.0603910535574,-0.00424087233841,-0.0712449550629,-0.00519458483905,-0.00717289606109,0.135259464383,0,0,0,1,0,0,0,0,0,0,0,0,1,0,0.207258462906,0.107550568879,264.96081543,2.50339508057e-06,-0.00282250344753,-0.000449019455118,-0.00327410222962,-0.0028250827454,-0.00327159464359,0.295670330524,0,-0.00398310646415,-0.0861794278026,-0.0153400013223,0.00229671318084,0,1,0,0,-5.62521266937,0,0.0331906042993,0.00914059393108,264.774999995,-0.0055972263217,-0.00423291139305,267.929321289,264.835144043,8.23428726196,2.05980420113,1.20087504387,0.0894025415182
3300,174.827547521,1,0.284523159266,396.875,7.99836158752,0.000100573772215,1,369.12588501,1,27.362537384,8.2171831131,166.086170145,0.0125644095242,0.0027782516554,-0.000155997768161,1.32231128216,-0.105240024626,-0.0795879364014,-0.0195782165974,-0.0148060573265,2.84672880173,-0.000443924334832,-0.0341131985188,0.516651809216,-3.51883354597e-05,-0.00223629688844,3.49245965481e-10,1,0.600878000259,0,1.14158403873,0,-0.000556331477128,-0.000217729713768,-0.0342256054282,-0.00241883844137,-0.0336692780256,-0.0022011087276,1.23007392883,-0.0346695333719,-0.00245402636938,-0.00369446282275,0.388767659664,0,0,0,0,1,0,0,0,0,0,0,0,0,1,0,0.558421254158,0,0.335518807173,0,264.932403564,-1.43647193909e-05,-0.00177307426929,-1.50577703084e-10,-0.00175895937718,-0.00175895914435,-0.00177309662104,0,3.42939662933,-0.00118786050007,-0.0598075762391,0.59884428978,-8.77268030308e-06,-0.00444381125271,2.05705873668e-07,1,0.238620728254,-0.00926524680108,-0.00113202747889,-0.0678849592805,-0.00556706590578,-0.0586197152734,-0.00443503819406,-0.0690728202462,-0.00557583849877,-0.00658387131989,0.139222338796,0,0,0,1,0,0,0,0,0,0,0,0,1,0,0.217375814915,0.111594818532,264.959381104,2.55554914474e-05,-0.00276777893305,-0.000455412577139,-0.00324877351522,-0.00279336096719,-0.00322310626507,0.294024258852,0,-0.0040250797756,-0.0851975157857,-0.015294091776,0.0023597329855,0,1,0,0,-5.56839084625,0,0.0443076044321,0.00961791630834,264.770833328,-0.00554068759084,-0.00419015390798,267.928649902,264.806274414,8.21645927429,2.01301121712,1.25711643696,0.0922316014767
3360,175.681530901,1,0.279412060976,396.875,7.99833011627,0.000102757636341,1,356.036590576,1,26.6301593781,8.21441078186,166.897454356,0.0129231140018,0.00290553318337,-0.000153172528371,1.32231128216,-0.101449862123,-0.0767216160893,-0.0191114470363,-0.0144530618563,2.82044363022,-0.000426623621024,-0.032854821533,0.517360985279,-0.000101775862277,-0.00207399670035,8.73114913702e-10,1,0.610271275043,0.000244140625,1.14563250542,0.000244140625,-0.000543606991414,-0.000209871679544,-0.0329718068242,-0.00218209298328,-0.0324281975627,-0.0019722210709,1.2366528511,-0.0333984307945,-0.00228386837989,-0.00376811507158,0.390397399664,0,0.000244140625,0,0,1,0,0,0,0,0,0,0,0,1,0,0.566758871078,0.001708984375,0.336156964302,0.001708984375,264.929840088,-1.87754631042e-05,-0.00175446271896,2.80204526248e-10,-0.00173599179834,-0.00173599203117,-0.00175449252129,0.001708984375,3.40700387955,-0.000961649697274,-0.0577397830784,0.601586818695,-0.000108594016638,-0.00405342085287,2.0710285753e-07,1,0.251174509525,-0.00935495086014,-0.0011673681438,-0.0661330893636,-0.00511219538748,-0.0567781366408,-0.00394482724369,-0.0670947358012,-0.00522078899667,-0.00684224907309,0.144203171134,0,0,0,1,0,0,0,0,0,0,0,0,1,0,0.220677047968,0.111299313605,264.957733154,2.44379043579e-05,-0.00276574492455,-0.000470956700156,-0.00326132029295,-0.00279036350548,-0.00323665142059,0.291826844215,0,-0.00404767878354,-0.0839127749205,-0.0151774398983,0.00242720916867,0,1,0,0,-5.46754360199,0,0.0456061773002,0.0100607136264,264.766666661,-0.00544034177437,-0.00411426695064,267.928222656,264.812652588,8.21431159973,2.1421790123,1.15924501419,0.0943354070187
3420,181.911057874,1,0.273526906967,396.875,7.99829721451,0.000104116930743,1,340.082946777,1,26.418636322,8.15549755096,172.81550498,0.00763284787536,0.00298993405886,-0.000150437248521,1.32231128216,-0.0971271172166,-0.073452539742,-0.018807657063,-0.0142233204097,2.791264534,-0.000524417497218,-0.0306391455233,0.519642710686,-0.00013089805725,-0.00209481688216,2.03726813197e-10,1,0.630141973495,0.00048828125,1.15007591248,0.00048828125,-0.000531977741048,-0.000184686097782,-0.0306467078626,-0.00214860518463,-0.0301147289574,-0.00196391902864,1.24387335777,-0.0311711244285,-0.00227950280532,-0.0034440769814,0.397803276777,0,0.00048828125,0,0,1,0,0,0,0,0,0,0,0,1,0,0.582453012466,0.0029296875,0.340330719948,0.0029296875,264.927368164,-2.7634203434e-05,-0.00170125439763,-2.37331099218e-10,-0.00167387223337,-0.00167387211695,-0.00170128419995,0.0029296875,3.3853302002,-0.00122012780048,-0.0551099106669,0.608260095119,-0.000204993528314,-0.00441346690059,2.07393895835e-07,1,0.265861809254,-0.00963855907321,-0.00132802105509,-0.0635283440351,-0.00553649431095,-0.0538897812366,-0.00420847348869,-0.0647484660149,-0.00574148772284,-0.00608292967081,0.15001642704,0,0,0,1,0,0,0,0,0,0,0,0,1,0,0.229751884937,0.113693535328,264.956237793,3.96370887756e-06,-0.00272764265537,-0.000491629820317,-0.00322343735024,-0.00273180752993,-0.00321920216084,0.289059937,0,-0.00405307579786,-0.0823061019182,-0.0150263616815,0.00250126514584,0,1,0,0,-5.36990642548,0,0.0266519524157,0.0103532830253,264.762499994,-0.00534319039434,-0.00404079630971,267.927185059,264.803497314,8.15489196777,1.94095849991,1.08350753784,0.0904193520546
3480,182.476800591,1,0.26981061697,396.875,7.99826002121,0.000104283819383,1,327.851531982,1,27.406337738,8.14199066162,173.352960562,0.0104961479083,0.00301367300563,-0.000149775194586,1.32231128216,-0.0943189561367,-0.0713288635015,-0.0192398708314,-0.0145501829684,2.76560640335,-0.000839507440105,-0.0297028422356,0.526799619198,-0.00016307484475,-0.00249790027738,1.65891833603e-09,1,0.636260986328,0.00048828125,1.15494346619,0.00048828125,-0.000521823880263,-0.000191742015886,-0.0293851587921,-0.00252656824887,-0.0288633350283,-0.00233482616022,1.25178313255,-0.0302246659994,-0.00268964236602,-0.00293297320604,0.395636558533,0,0.00048828125,0,0,1,0,0,0,0,0,0,0,0,1,0,0.584718346596,0.006591796875,0.33572691679,0.006591796875,264.925048828,-4.16040420532e-05,-0.00170601159334,-4.2925801802e-12,-0.0016646492295,-0.0016646492295,-0.0017059892416,0.006591796875,3.36879968643,-0.00200695544481,-0.0549167618155,0.618873596191,-0.000345455482602,-0.00505987834185,2.08150595427e-07,1,0.259187698364,-0.00982878543437,-0.00144783896394,-0.0627385824919,-0.0061622611247,-0.0529098063707,-0.00471442239359,-0.0647455453873,-0.00650771707296,-0.00548740196973,0.143708646297,0,0,0,1,0,0,0,0,0,0,0,0,1,0,0.225212082267,0.109051369131,264.954803467,-3.14265489578e-05,-0.00277633965015,-0.000506263575517,-0.00325140263885,-0.00274513894692,-0.00328274071217,0.285870343447,0,-0.00404729088768,-0.0804618671536,-0.0149082140997,0.00258239149116,0,1,0,0,-5.34627437592,0,0.0368587262928,0.0104373693466,264.758333327,-0.00531967589632,-0.00402301317081,267.926269531,264.800079346,8.14175605774,2.09938097,1.1622133255,0.0893215090036
3540,185.243434717,1,0.270788908005,396.875,7.99822044373,0.000104128434032,1,323.86605835,1,28.2083511353,8.15941238403,175.981262982,0.010134649463,0.00301641994156,-0.000153273533215,1.32231128216,-0.0947700738907,-0.0716700181365,-0.0204938370734,-0.015498496592,2.75045275688,-0.0010047639953,-0.0293170623481,0.541168570518,-0.000207637684071,-0.00308638298884,3.05590219796e-09,1,0.635284781456,0,1.15980029106,0,-0.00050392432604,-0.000194624328287,-0.0288162231445,-0.00307336961851,-0.0283122994006,-0.00287874531932,1.25967550278,-0.0298209860921,-0.00328100728802,-0.00239577516913,0.389290094376,0,0,0,0,1,0,0,0,0,0,0,0,0,1,0,0.580926179886,0.003173828125,0.328068822622,0.003173828125,264.923095703,-5.05074858665e-05,-0.00173138082027,-2.10662681743e-10,-0.0016811095411,-0.00168110919185,-0.00173141807318,0.003173828125,3.35499620438,-0.00232776254416,-0.0552002564073,0.638033688068,-0.000481300085085,-0.0064464872703,2.08092387766e-07,1,0.243975520134,-0.00977932848036,-0.00162230851129,-0.0626518279314,-0.00758749479428,-0.0528724938631,-0.00596518628299,-0.0649795904756,-0.00806879624724,-0.00430103763938,0.133215397596,0,0,0,1,0,0,0,0,0,0,0,0,1,0,0.212559968233,0.101183958352,264.953369141,-4.19616699219e-05,-0.00284159183502,-0.000524619594216,-0.00332439504564,-0.00279977545142,-0.0033663213253,0.283014953136,0,-0.00405048392713,-0.078813098371,-0.0149305742234,0.00266333878972,0,1,0,0,-5.47114849091,0,0.0355634354055,0.0104477182031,264.754166661,-0.00544392876327,-0.0041169798933,267.925292969,264.806976318,8.159116745,2.14176988602,1.14759922028,0.0903936773539
3600,189.678351818,1,0.274133116007,396.875,7.99818086624,0.000105251769128,1,322.871917725,1,29.1884975433,8.20975208282,180.194434227,0.0101346634328,0.00297499587759,-0.000159512317623,1.32231128216,-0.096897020936,-0.0732785239816,-0.0220324769616,-0.0166620947421,2.74503755569,-0.00109516095836,-0.0302719809115,0.559832930565,-0.000187370620552,-0.00325102661736,1.2805685401e-09,1,0.618547439575,0,1.1642563343,0,-0.000503722636495,-0.000199402071303,-0.0296805426478,-0.00326305814087,-0.0291768200696,-0.00306365592405,1.26691651344,-0.0307757016271,-0.00345042883419,-0.00253862538375,0.375196069479,0,0,0,0,1,0,0,0,0,0,0,0,0,1,0,0.558499217033,0.002197265625,0.311890006065,0.002197265625,264.921661377,-5.39273023605e-05,-0.00183145701885,-5.61267532451e-10,-0.00177783123218,-0.00177783053368,-0.00183144211769,0.002197265625,3.34576225281,-0.00263652857393,-0.0568390637636,0.661423563957,-0.000381795543944,-0.00661645550281,2.09518475458e-07,1,0.228967770934,-0.00993787124753,-0.00181077164598,-0.0641404092312,-0.00804543122649,-0.0542025342584,-0.00623465888202,-0.0667769387364,-0.00842722691596,-0.00448848493397,0.123725749552,0,0,0,1,0,0,0,0,0,0,0,0,1,0,0.194254100323,0.0913343131542,264.952148438,-5.36292791367e-05,-0.00299049913883,-0.000526213436387,-0.00346323102713,-0.00293701747432,-0.00351677834988,0.281037956476,0,-0.00407714396715,-0.077645778656,-0.0151501912624,0.00273760501295,0,1,0,0,-5.69384384155,0,0.0355634838343,0.010303908959,264.749999994,-0.0056655164808,-0.00428455602378,267.924499512,264.78793335,8.20881271362,2.34314250946,1.20877790451,0.0798886120319
3660,182.742005496,1,0.279679179192,259.375,7.99822187424,0.000300326384604,1,325.506011963,1,29.659368515,8.15787029266,173.604905221,0.00760910380632,0.00290056318045,-0.000168020167621,1.32231128216,-0.10068897903,-0.0761462002993,-0.0236614085734,-0.0178939774632,2.75159549713,-0.00174592866097,-0.0317113399506,0.581411361694,-0.000312687538099,-0.00361225078814,1.77533365786e-09,1,0.606118917465,0,1.16797614098,0,-0.000529808865394,-0.00023142126156,-0.0304952207953,-0.00353098474443,-0.0299654118717,-0.00329956342466,1.27296113968,-0.0322411470115,-0.00384367210791,-0.00263164448552,0.365454852581,0,0,0,0,1,0,0,0,0,0,0,0,0,1,0,0.544060111046,0.004150390625,0.30144071579,0.004150390625,264.920654297,-7.87451863289e-05,-0.00194445252419,-4.73717176597e-10,-0.00186593283433,-0.00186593248509,-0.00194445252419,0.004150390625,3.34084701538,-0.00409595062956,-0.0593841671944,0.687855005264,-0.000616868550424,-0.00745365256444,2.10886355489e-07,1,0.220915138721,-0.00956086069345,-0.00206714915112,-0.0648490786552,-0.00890393275768,-0.0552882105112,-0.00683678407222,-0.0689450204372,-0.00952080171555,-0.00420783925802,0.118190653622,0,0,0,1,0,0,0,0,0,0,0,0,1,0,0.181512504816,0.0841457992792,264.951049805,-0.000114858150482,-0.00316835939884,-0.000517028267495,-0.00357067654841,-0.00305364839733,-0.00368541479111,0.280279815197,0,-0.00413604825735,-0.077115803957,-0.0155458096415,0.00279960059561,0,1,0,0,-5.99753475189,0,0.0265678018332,0.0100433640182,264.745833327,-0.00596769619733,-0.00451307976618,267.923553467,264.801422119,8.15765190125,2.08277106285,1.20902729034,0.0922642424703
3720,185.248740776,1,0.283729106188,396.875,7.99812507629,0.000111065921374,1,326.637817383,1,28.8900146484,8.29038715363,175.986303737,0.00680099520832,0.00292692193761,-0.000174817629158,1.32231128216,-0.103424623609,-0.0782150328159,-0.025193868205,-0.0190529022366,2.76249074936,-0.00202882126905,-0.0316895470023,0.605084896088,-0.000452492735349,-0.00410778215155,2.50292941928e-09,1,0.611473202705,0,1.17092072964,0,-0.00054743909277,-0.000222696340643,-0.0302081666887,-0.00387798622251,-0.0296607259661,-0.00365528976545,1.27774620056,-0.0322369895875,-0.00433047860861,-0.00243710936047,0.367599010468,0,0,0,0,1,0,0,0,0,0,0,0,0,1,0,0.552187383175,0.0029296875,0.304539889097,0.0029296875,264.91986084,-9.90033149719e-05,-0.0019750893116,-2.50484161191e-10,-0.00187615060713,-0.0018761503743,-0.00197507441044,0.0029296875,3.34394192696,-0.00494505977258,-0.0599074698985,0.714653670788,-0.00103012251202,-0.00853654462844,2.10362486541e-07,1,0.220573082566,-0.00929534900934,-0.00198640720919,-0.0642577558756,-0.0094928285107,-0.0549624115229,-0.00750642176718,-0.0692028254271,-0.0105229523033,-0.00393031071872,0.117008626461,0,0,0,1,0,0,0,0,0,0,0,0,1,0,0.182163670659,0.0836566388607,264.950469971,-0.000164091587067,-0.00325489044189,-0.000514301471412,-0.00360524421558,-0.00309094274417,-0.00376915931702,0.280599176884,0,-0.00422330293804,-0.0771636515856,-0.0160902626812,0.00284867873415,0,1,0,0,-6.24017238617,0,0.0237088799477,0.0101339053363,264.74166666,-0.00620912667364,-0.00469566183165,267.92276001,264.804260254,8.29005432129,2.21312856674,1.3078622818,0.0988006442785
3780,188.897801582,1,0.286290019751,396.875,7.99810028076,0.000114655835205,1,325.64630127,1,28.3828678131,8.33568286896,179.452911502,0.00743986992165,0.00289313611574,-0.000180140967132,1.32231128216,-0.105066515505,-0.0794567167759,-0.0265911333263,-0.0201095864177,2.77242565155,-0.00164630776271,-0.0327333435416,0.629443228245,-0.000377997261239,-0.00450713001192,2.56113708019e-09,1,0.595132470131,0.004150390625,1.17347168922,0.004150390625,-0.000579814310186,-0.00021613331046,-0.0316668488085,-0.00434526614845,-0.0310870334506,-0.00412913272157,1.2818915844,-0.0333131551743,-0.00472326297313,-0.00248073879629,0.357919931412,0,0.004150390625,0,0,1,0,0,0,0,0,0,0,0,1,0,0.533046483994,0.0048828125,0.293905109167,0.0048828125,264.918884277,-8.01533460617e-05,-0.00208307802677,-4.56479021249e-10,-0.00200298335403,-0.00200298288837,-0.00208307802677,0.0048828125,3.35107040405,-0.0041319266893,-0.0610425770283,0.739559233189,-0.000954382237978,-0.00919492077082,2.0710285753e-07,1,0.205552905798,-0.00910960696638,-0.0017394782044,-0.066020257771,-0.009980016388,-0.056910648942,-0.00824053958058,-0.0701521784067,-0.0109343994409,-0.00426511326805,0.108966313303,0,0,0,1,0,0,0,0,0,0,0,0,1,0,0.186569303274,0.085553124547,264.949798584,-0.00012880563736,-0.00333765149117,-0.000499782152474,-0.00370875000954,-0.00320896785706,-0.00383749604225,0.281357526779,0,-0.00432176282629,-0.0774577707052,-0.0167363416404,0.00289119617082,0,1,0,0,-6.43019104004,0,0.025968329981,0.0100161917508,264.737499994,-0.00639820005745,-0.00483864871785,267.921905518,264.803863525,8.33481216431,2.23062992096,1.47893738747,0.103013888001
3840,190.62518429,1,0.28886961937,396.875,7.99806594849,0.000117540075735,1,325.271026611,1,28.6251373291,8.20113945007,181.093925076,0.0118276812136,0.00290690269321,-0.000185267912457,1.32231128216,-0.1067334041,-0.0807173028588,-0.0279847420752,-0.0211635045707,2.78283166885,-0.00124001014046,-0.0333925560117,0.654157400131,-0.000274136138614,-0.00531771499664,2.96859070659e-09,1,0.581769347191,0.0107421875,1.17569589615,0.0107421875,-0.000606185989454,-0.00021985899366,-0.0327587276697,-0.00526343751699,-0.0321525447071,-0.00504357879981,1.28550565243,-0.0339987389743,-0.00553757417947,-0.0020530577749,0.3511967659,0,0.0107421875,0,0,1,0,0,0,0,0,0,0,0,1,0,0.519194722176,0.0107421875,0.287040650845,0.0107421875,264.917785645,-5.7652592659e-05,-0.00217038393021,-5.29508659142e-10,-0.0021127264481,-0.00211272574961,-0.00217040628195,0.0107421875,3.35587882996,-0.0031741540879,-0.0615980662405,0.764676332474,-0.000703646335751,-0.0107610132545,2.04658135772e-07,1,0.203010767698,-0.00875868182629,-0.00171043060254,-0.0671825930476,-0.0117677971721,-0.0584239065647,-0.0100573673844,-0.0703567415476,-0.0124714439735,-0.00327172735706,0.108105748892,0,0,0,1,0,0,0,0,0,0,0,0,1,0,0.183052226901,0.0841906666756,264.948974609,-8.79466533661e-05,-0.00344759225845,-0.000487534154672,-0.00384741695598,-0.00335988285951,-0.00393515825272,0.282474160194,0,-0.00442963838577,-0.0779570713639,-0.0174534060061,0.00292826350778,0,1,0,0,-6.61319828033,0,0.0416467823088,0.0100648952648,264.733333327,-0.00658029690385,-0.00497636012733,267.92175293,264.765777588,8.1983795166,2.42449855804,1.23049235344,0.103872701526
3900,191.203994782,1,0.287841379642,246.875,7.99838399887,0.000181587412953,1,320.113739014,1,28.1754703522,8.22246646881,181.643795043,0.00992168392986,0.00308065558784,-0.00018624959921,1.32231128216,-0.105713680387,-0.0799461379647,-0.0287637468427,-0.0217526294291,2.78343963623,-0.000797160435468,-0.0324710309505,0.67756074667,-0.000198359950446,-0.00519034778699,3.49245965481e-09,1,0.589942574501,0.004638671875,1.17774200439,0.004638671875,-0.00059499865165,-0.00021356419893,-0.0322688668966,-0.00520555209368,-0.0316738672554,-0.00499198772013,1.28883075714,-0.0330660268664,-0.00540391169488,-0.00228039128706,0.356985449791,0,0.004638671875,0,0,1,0,0,0,0,0,0,0,0,1,0,0.521504640579,0.007080078125,0.288729012012,0.007080078125,264.916381836,-3.56584787369e-05,-0.00218519568443,1.51043205721e-11,-0.00214949226938,-0.00214949203655,-0.00218518078327,0.007080078125,3.35530209541,-0.00249988446012,-0.059312492609,0.788974642754,-0.000655904761516,-0.0103537291288,2.02911905944e-07,1,0.223370715976,-0.00844659470022,-0.00163049111143,-0.0652592033148,-0.0113283153623,-0.0568126067519,-0.00969782285392,-0.0677590817213,-0.0119842197746,-0.00382782332599,0.119106307626,0,0,0,1,0,0,0,0,0,0,0,0,1,0,0.198329344392,0.0911568179727,264.948242188,-5.68926334381e-05,-0.0034267604351,-0.000479656649986,-0.00384981441312,-0.00337015767582,-0.00390657782555,0.283571958542,0,-0.00453318096697,-0.0784244686365,-0.018204536289,0.00296236714348,0,1,0,0,-6.64824056625,0,0.0348012708127,0.0106693711132,264.72916666,-0.00661516468972,-0.00500272866338,267.920318604,264.776794434,8.22207641602,2.13232183456,1.23490357399,0.0945469588041
3960,193.189906463,1,0.281387895346,259.375,7.99897384644,0.000242567824898,1,307.115264893,1,26.9811248779,8.26747703552,183.53041114,0.00938530266285,0.00330833625048,-0.000181365569006,1.32231128216,-0.100860603154,-0.0762759894133,-0.0280913151801,-0.0212441012263,2.76475191116,-0.000429179053754,-0.0304993558675,0.691899061203,-0.000116715440527,-0.00467245467007,3.72529029846e-09,1,0.612425923347,0.00244140625,1.1803188324,0.00244140625,-0.000578966806643,-0.000214850559132,-0.0306491442025,-0.0047705899924,-0.0300701763481,-0.00455573946238,1.29301798344,-0.0310783237219,-0.0048873052001,-0.00256384070963,0.369583576918,0,0.00244140625,0,0,1,0,0,0,0,0,0,0,0,1,0,0.538929104805,0.0078125,0.29707378149,0.0078125,264.914123535,-2.30967998505e-05,-0.00213304162025,3.15257514538e-10,-0.00210997858085,-0.00210997904651,-0.00213304162025,0.0078125,3.34358692169,-0.00159992929548,-0.0551796332002,0.806719183922,-0.000450462917797,-0.00892319623381,2.04425305128e-07,1,0.250593066216,-0.00827826932073,-0.00160492374562,-0.0618579685688,-0.0100776562467,-0.0535796992481,-0.00847273226827,-0.0634578987956,-0.0105281183496,-0.00471626874059,0.132743388414,0,0,0,1,0,0,0,0,0,0,0,0,1,0,0.217113852501,0.0988522693515,264.946990967,-1.52587890625e-05,-0.00329679250717,-0.000482346804347,-0.00376409711316,-0.00328175048344,-0.00377917289734,0.283774256706,0,-0.00460804346949,-0.0783924460411,-0.018823556602,0.00300531229004,0,1,0,0,-6.47390270233,0,0.0328846238554,0.0114626698196,264.724999993,-0.00644169421867,-0.0048715416342,267.919189453,264.791442871,8.26474571228,2.16452908516,1.29317808151,0.0904189050198
4020,174.372758261,1,0.272874444723,215.625,7.99874639511,0.000738274247851,1,292.037445068,1,25.1113891602,8.22927856445,165.654120348,0.0109113305807,0.00345936696976,-0.000173936219653,1.32231128216,-0.0947737544775,-0.0716728046536,-0.0266887359321,-0.0201833993196,2.7326169014,-0.000342918559909,-0.0288756005466,0.698335886002,-8.17075488158e-05,-0.00419778004289,2.91038304567e-09,1,0.630129575729,0,1.18389594555,0,-0.000565972644836,-0.000224908668315,-0.0290986578912,-0.00434098113328,-0.0285326838493,-0.00411607231945,1.29883098602,-0.0294415764511,-0.00442268885672,-0.00279633561149,0.377156734467,0,0,0,0,1,0,0,0,0,0,0,0,0,1,0,0.557919800282,0.000732421875,0.304527997971,0.000732421875,264.911132812,-1.39176845551e-05,-0.00205054879189,1.64118579837e-11,-0.00203654798679,-0.00203654798679,-0.00205057859421,0.000732421875,3.3191781044,-0.00108315097168,-0.0523506850004,0.816873073578,-0.000308852177113,-0.00769110443071,2.02562659979e-07,1,0.270176142454,-0.00840345397592,-0.00167811685242,-0.059670984745,-0.00906036794186,-0.0512675307691,-0.00738225132227,-0.0607541389763,-0.00936922058463,-0.00555742578581,0.141297072172,0,0,0,1,0,0,0,0,0,0,0,0,1,0,0.234211206436,0.104895435274,264.945129395,2.00867652893e-05,-0.003178358078,-0.000499739719089,-0.00369816413149,-0.0031984243542,-0.0036780834198,0.282526701689,0,-0.00463747605681,-0.0775733217597,-0.0191733725369,0.00306493300013,0,1,0,0,-6.20871019363,0,0.0383487977087,0.0119898375124,264.720833327,-0.00617782119662,-0.00467198714614,267.918426514,264.775390625,8.22754192352,2.10493803024,1.28783082962,0.0784684717655
4080,186.821314287,1,0.266439825296,290.625,7.99811840057,8.26884133858e-05,1,280.607513428,1,24.1595649719,8.16161251068,177.480248572,0.00910269469023,0.00354786450043,-0.000168514830875,1.32231128216,-0.0903518348932,-0.0683287158608,-0.0254623740911,-0.0192559603602,2.69826889038,-0.000537270912901,-0.028106437996,0.700128674507,-0.000173967448063,-0.00384355359711,4.07453626394e-09,1,0.637201786041,0,1.18822932243,0,-0.000547295901924,-0.000225437019253,-0.0281164627522,-0.00389502337202,-0.0275691654533,-0.00366958649829,1.30587267876,-0.0286537334323,-0.00406899070367,-0.0031429475639,0.376915812492,0,0,0,0,1,0,0,0,0,0,0,0,0,1,0,0.564203381538,0.002197265625,0.303852677345,0.002197265625,264.907867432,-2.63303518295e-05,-0.00202862918377,6.08163908122e-10,-0.00200221152045,-0.00200221221894,-0.00202861428261,0.002197265625,3.28692531586,-0.00134552456439,-0.0507284291089,0.821098089218,-0.000436080386862,-0.00700561609119,2.03028321266e-07,1,0.279764056206,-0.00859761051834,-0.0017570508644,-0.0579805113375,-0.0083265863359,-0.0493829026818,-0.0065695354715,-0.0593260377645,-0.00876266602427,-0.00618403637782,0.144237935543,0,0,0,1,0,0,0,0,0,0,0,0,1,0,0.239590749145,0.105532884598,264.942871094,2.89082527161e-06,-0.00314357876778,-0.000523319118656,-0.00366980396211,-0.00314648495987,-0.0036669075489,0.280150175095,0,-0.00462827645242,-0.0761625915766,-0.0192709043622,0.00313715613447,0,1,0,0,-6.01519203186,0,0.0318764969707,0.0122983194888,264.71666666,-0.0059852655977,-0.00452636647969,267.917907715,264.723846436,8.15938186646,2.1334810257,1.00541448593,0.0780908316374
4140,182.423082363,1,0.260895520449,253.125,7.99813890457,0.000192337000044,1,269.824005127,1,23.251367569,8.17324352264,173.301928245,0.00959824863821,0.0036977417767,-0.000164535391377,1.32231128216,-0.0865848958492,-0.0654799640179,-0.0245757699013,-0.0185854639858,2.6617834568,-0.000706926453859,-0.0260281898081,0.701438069344,-0.000228984863497,-0.00372140109539,2.56113708019e-09,1,0.659157037735,0,1.19304227829,0,-0.000527566066012,-0.000209567777347,-0.0258488282561,-0.00370198418386,-0.0253212619573,-0.00349241634831,1.31369376183,-0.0265557542443,-0.00393096916378,-0.00289128627628,0.384140193462,0,0,0,0,1,0,0,0,0,0,0,0,0,1,0,0.585675358772,0.000732421875,0.310149073601,0.000732421875,264.904571533,-3.31699848175e-05,-0.00192600488663,7.33633154226e-11,-0.00189269217663,-0.00189269217663,-0.00192600488663,0.000732421875,3.25161314011,-0.00157566927373,-0.0474624708295,0.824343681335,-0.00048700615298,-0.00699605885893,2.04308889806e-07,1,0.301826626062,-0.00849861092865,-0.00171340582892,-0.0543854050338,-0.00822245702147,-0.0458867959678,-0.00650905212387,-0.0559610761702,-0.00870946422219,-0.00565123092383,0.152778357267,0,0,0,1,0,0,0,0,0,0,0,0,1,0,0.258504450321,0.111672982574,264.94039917,-1.6987323761e-06,-0.0030072927475,-0.000526946154423,-0.00353259965777,-0.00300565361977,-0.00353425741196,0.277221769094,0,-0.00460026739165,-0.0744807422161,-0.0192081294954,0.00321737257764,0,1,0,0,-5.87314414978,0,0.0336450412869,0.0128212776035,264.712499993,-0.00584392435849,-0.00441947719082,267.91708374,264.753967285,8.17296695709,2.09358358383,0.978172779083,0.067198716104
4200,183.80324199,1,0.255801737309,253.125,7.9988861084,0.000286652444629,1,260.348937988,1,23.3413829803,8.178565979,174.613079891,0.00933433882892,0.00378252286464,-0.000160729134222,1.32231128216,-0.0830968916416,-0.0628421530128,-0.0241133272648,-0.0182357411832,2.62142324448,-0.000917133176699,-0.0244041774422,0.703863739967,-0.000266115355771,-0.0037392617669,8.14907252789e-10,1,0.67532479763,0,1.19838356972,0,-0.000498618115671,-0.000206112948945,-0.0239856597036,-0.00367925921455,-0.0234870426357,-0.00347314612009,1.3223733902,-0.0249027945101,-0.00394537486136,-0.00255329045467,0.386907875538,0,0,0,0,1,0,0,0,0,0,0,0,0,1,0,0.604207038879,0,0.313739836216,0,264.900848389,-4.27514314651e-05,-0.0018358528614,-7.90376541993e-10,-0.00179313519038,-0.00179313437548,-0.00183582305908,0,3.21218776703,-0.0018388715107,-0.0448916181922,0.828499674797,-0.000532689271495,-0.00712631456554,2.0710285753e-07,1,0.318087935448,-0.00840261671692,-0.00169963075314,-0.051455359906,-0.0082932561636,-0.0430527441204,-0.00659362506121,-0.0532942339778,-0.00882594566792,-0.00507834367454,0.157810419798,0,0,0,1,0,0,0,0,0,0,0,0,1,0,0.273801147938,0.115547932684,264.937530518,-1.42157077789e-05,-0.00287991762161,-0.000535772647709,-0.00340118864551,-0.0028654159978,-0.00341558456421,0.273834079504,0,-0.0045573329553,-0.072588160634,-0.0190628301352,0.00330639304593,0,1,0,0,-5.73727893829,0,0.0327027365565,0.0131174977869,264.708333326,-0.0057087354362,-0.00431724032387,267.915618896,264.75970459,8.17587947845,2.10017681122,1.15455102921,0.0769229829311
4260,199.63053396,1,0.252610057592,265.625,7.99864912033,0.000302780972561,1,253.892562866,1,24.8475589752,8.19125556946,189.649007262,0.00820926111192,0.00386444409378,-0.000158723734785,1.32231128216,-0.0808187425137,-0.0611193031073,-0.0242521353066,-0.0183407161385,2.58423089981,-0.00106580904685,-0.0233261547983,0.709558665752,-0.00025614106562,-0.00384777900763,-8.73114913702e-10,1,0.682658672333,0,1.20402765274,0,-0.000478042667964,-0.00023006965057,-0.0227383859456,-0.00382170826197,-0.0222603436559,-0.00359163829125,1.3315448761,-0.0238041952252,-0.00407784897834,-0.00221057189628,0.384362339973,0,0,0,0,1,0,0,0,0,0,0,0,0,1,0,0.615926802158,0,0.313634455204,0,264.897338867,-5.71459531784e-05,-0.00177512317896,-5.05657626881e-10,-0.00171793391928,-0.0017179333372,-0.0017751455307,0,3.17411708832,-0.00229058368132,-0.0443261750042,0.835547029972,-0.000486595265102,-0.00734074274078,2.0710285753e-07,1,0.313072651625,-0.00836267042905,-0.00181210436858,-0.050398260355,-0.00866625178605,-0.0420355908573,-0.0068541476503,-0.0526888482273,-0.00915284734219,-0.00468689296395,0.15226586163,0,0,0,1,0,0,0,0,0,0,0,0,1,0,0.264274597168,0.109079912305,264.934783936,-5.51044940948e-05,-0.00288566946983,-0.000562434433959,-0.00339255528525,-0.0028301209677,-0.00344806909561,0.270290255547,0,-0.00450783967972,-0.0706446021795,-0.0189236141741,0.00340046035126,0,1,0,0,-5.66569519043,0,0.0286970790476,0.0134048499167,264.70416666,-0.00563750788569,-0.0042633744888,267.914733887,264.760070801,8.19077301025,2.19421982765,1.11338734627,0.0663494765759
4320,201.864861619,1,0.252384662628,271.875,7.99873924255,0.000274637102848,1,250.465698242,1,26.4742279053,8.26617527008,191.771618538,0.00968235265464,0.00384933990426,-0.000160465104273,1.32231128216,-0.0805346220732,-0.0609044358134,-0.024670470506,-0.0186570826918,2.55824279785,-0.0010805305792,-0.0231582410634,0.715867161751,-0.000246018869802,-0.00376852042973,-1.48429535329e-09,1,0.678156971931,0,1.20963191986,0,-0.000467340869363,-0.000243924732786,-0.0225450508296,-0.00376642635092,-0.0220777094364,-0.00352250155993,1.34065175056,-0.0236255805939,-0.00401244545355,-0.00233832374215,0.375496268272,0,0,0,0,1,0,0,0,0,0,0,0,0,1,0,0.610162377357,0,0.304865777493,0,264.894348145,-6.5878033638e-05,-0.00179287046194,4.974434753e-11,-0.00172713049687,-0.00172713072971,-0.0017928481102,0,3.14658355713,-0.00234438711777,-0.0448330715299,0.844267427921,-0.000416331051383,-0.00694832671434,2.05880496651e-07,1,0.29035744071,-0.00841367058456,-0.00204427586868,-0.0509023554623,-0.00857627112418,-0.0424886867404,-0.00653199572116,-0.0532467439771,-0.00899260304868,-0.0051833759062,0.138629898429,0,0,0,1,0,0,0,0,0,0,0,0,1,0,0.242949455976,0.0982696115971,264.932312012,-6.8411231041e-05,-0.00295279920101,-0.00057292956626,-0.00345698161982,-0.00288405222818,-0.00352562963963,0.267042279243,0,-0.00446652295068,-0.0688783824444,-0.0188554879278,0.00349386432208,0,1,0,0,-5.7278547287,0,0.0339455455542,0.0133518651128,264.699999993,-0.0056993579492,-0.00431014830247,267.914276123,264.767272949,8.26556777954,2.38854646683,1.25878381729,0.0813260823488
4380,194.528957153,1,0.253803104162,290.625,7.99847412109,0.000127327642986,1,248.08392334,1,26.7160987854,8.14330387115,184.802509295,0.0100340619683,0.00385179440491,-0.000164752549608,1.32231128216,-0.0814370065928,-0.0615868642926,-0.0249661654234,-0.0188807025552,2.54334425926,-0.000707306782715,-0.0230657421052,0.721625387669,-0.000127304490888,-0.0034189587459,-1.10594555736e-09,1,0.669155776501,0,1.21492803097,0,-0.000447179772891,-0.000232411752222,-0.0228056162596,-0.00352406618185,-0.0223584361374,-0.00329165393487,1.34925818443,-0.02351292409,-0.00365137076005,-0.00274572707713,0.365534096956,0,0,0,0,1,0,0,0,0,0,0,0,0,1,0,0.598434448242,0,0.29453253746,0,264.891937256,-4.61339950562e-05,-0.0018158853054,2.36749120308e-10,-0.00176981545519,-0.00176981568802,-0.00181587040424,0,3.12878918648,-0.00185361551121,-0.0452965050936,0.853756666183,-0.000237692263909,-0.00615536235273,2.06928234547e-07,1,0.26943808794,-0.00860752537847,-0.00216851010919,-0.0520504154265,-0.0080861793831,-0.043442890048,-0.00591766927391,-0.0539040267467,-0.00832387246192,-0.0062063569203,0.126738712192,0,0,0,1,0,0,0,0,0,0,0,0,1,0,0.22203618288,0.0884500592947,264.930175781,-4.50313091278e-05,-0.00301672518253,-0.000585438101552,-0.00355692952871,-0.00297149131075,-0.00360205769539,0.264483571053,0,-0.00444865552709,-0.0674898549914,-0.0188531205058,0.00358213461004,0,1,0,0,-5.88089609146,0,0.0352033674717,0.0133602283895,264.695833326,-0.00585163803771,-0.00442531052977,267.913879395,264.747650146,8.14329910278,2.60616588593,1.05095863342,0.0816124156117
4440,201.10448852,1,0.255325645208,290.625,7.99863910675,0.000197037050384,1,246.514556885,1,25.6814537048,8.20264911652,191.049264094,0.00821493566036,0.00381910637952,-0.000168803235283,1.32231128216,-0.0824918150902,-0.0623845644295,-0.0250213183463,-0.0189224109054,2.53462076187,-0.000616521341726,-0.0231812838465,0.725095510483,-8.91932286322e-05,-0.00353784440085,-2.32830643654e-10,1,0.661054253578,0,1.21973347664,0,-0.000440020405222,-0.000231811529375,-0.0230047814548,-0.00368046225049,-0.0225647632033,-0.00344865070656,1.35706663132,-0.023621302098,-0.00376965594478,-0.00274459365755,0.35738670826,0,0,0,0,1,0,0,0,0,0,0,0,0,1,0,0.591893434525,0,0.287756681442,0,264.889770508,-3.9666891098e-05,-0.00183975696564,3.06690617347e-10,-0.00180021813139,-0.00180021836422,-0.00183975696564,0,3.11400866508,-0.00193482812028,-0.0452007837594,0.859492778778,-0.000231341924518,-0.00613767467439,2.07161065191e-07,1,0.260685354471,-0.00870598480105,-0.00214000092819,-0.0519719421864,-0.00804633274674,-0.0432659573853,-0.00590633181855,-0.0539067685604,-0.00827767513692,-0.00645193550736,0.121394641697,0,0,0,1,0,0,0,0,0,0,0,0,1,0,0.212397918105,0.08351559937,264.928253174,-4.47034835815e-05,-0.00305186212063,-0.00060839386424,-0.00361550576054,-0.00300711160526,-0.00366023182869,0.262657642365,0,-0.00445459038019,-0.0664927959442,-0.0188681241125,0.00366222206503,0,1,0,0,-6.02548694611,0,0.0287172440439,0.0132455285639,264.691666659,-0.0059955092147,-0.00453411322087,267.91317749,264.761627197,8.20250701904,2.3695397377,1.11299097538,0.0831037759781
4500,195.554211479,1,0.257104456425,284.375,7.99901008606,0.000267287541647,1,245.142044067,1,25.4610214233,8.27020740509,185.776500906,0.0114941559732,0.003839711193,-0.00017332090647,1.32231128216,-0.0836312919855,-0.0632462948561,-0.0254170708358,-0.0192217007279,2.52786922455,-0.00062121252995,-0.0238403379917,0.73080688715,-0.000141804135637,-0.00380420428701,-4.36557456851e-10,1,0.648170948029,0,1.22401022911,0,-0.000449978630058,-0.00025188975269,-0.0236691031605,-0.00391428964213,-0.0232191253453,-0.00366239994764,1.3640165329,-0.0242903158069,-0.00405609421432,-0.00278676464222,0.347581148148,0,0,0,0,1,0,0,0,0,0,0,0,0,1,0,0.577770650387,0.0009765625,0.278284311295,0.0009765625,264.8878479,-3.61502170563e-05,-0.00191045552492,2.16181184065e-10,-0.00187440798618,-0.00187440810259,-0.00191044062376,0.0009765625,3.0992269516,-0.00198192149401,-0.0457233786583,0.867200791836,-0.00040369850467,-0.00677627976984,2.06142431125e-07,1,0.253983318806,-0.00848374515772,-0.00221837265417,-0.0522251985967,-0.00859095342457,-0.0437414497137,-0.00637258030474,-0.0542071163654,-0.00899465195835,-0.00616987748072,0.116852276027,0,0,0,1,0,0,0,0,0,0,0,0,1,0,0.205446511507,0.0797605365515,264.926513672,-4.14811074734e-05,-0.00314843654633,-0.000612538540736,-0.00371926580556,-0.00310672726482,-0.00376095250249,0.26146364212,0,-0.00448002945632,-0.0658241212368,-0.0189090147614,0.00373350386508,0,1,0,0,-6.18674659729,0,0.0404449291527,0.0133188776672,264.687499992,-0.00615596678108,-0.00465545943007,267.912322998,264.7550354,8.26690483093,2.40315151215,0.976414680481,0.0786762535572
4560,196.712139519,1,0.258870661259,284.375,7.99913597107,0.000265120062977,1,244.607528687,1,25.7540912628,8.22219181061,186.876532543,0.0117294834927,0.00398698123172,-0.000177304071258,1.32231128216,-0.084702834487,-0.0640566498041,-0.0260339193046,-0.019688192755,2.52406954765,-0.000855389342178,-0.0238889511675,0.739996492863,-0.000254934770055,-0.00383453816175,-3.49245965481e-10,1,0.650049209595,0.00048828125,1.22782385349,0.00048828125,-0.000451946776593,-0.000276299309917,-0.0234855059534,-0.00385590223595,-0.0230335593224,-0.00357960327528,1.37021374702,-0.0243408977985,-0.00411083735526,-0.00286602415144,0.346491932869,0,0.00048828125,0,0,1,0,0,0,0,0,0,0,0,1,0,0.58137267828,0.002685546875,0.278050810099,0.002685546875,264.886108398,-4.75570559502e-05,-0.0019249022007,1.40918110514e-10,-0.00187735282816,-0.00187735306099,-0.00192489475012,0.002685546875,3.09050107002,-0.00215677218512,-0.0456756688654,0.879905581474,-0.000599659397267,-0.00736411008984,2.06549884751e-07,1,0.245729446411,-0.00852111820132,-0.00240932591259,-0.052040014416,-0.00917377695441,-0.0435188934207,-0.00676445057616,-0.0541967824101,-0.00977343507111,-0.00571652827784,0.112176336348,0,0,0,1,0,0,0,0,0,0,0,0,1,0,0.199941575527,0.0768966376781,264.925170898,-5.00120222569e-05,-0.0032010897994,-0.000620954146143,-0.00377202662639,-0.00315107265487,-0.00382208824158,0.260833114386,0,-0.00452308356762,-0.0654494017363,-0.0190188270062,0.00379706476815,0,1,0,0,-6.32892656326,0,0.04129274562,0.0138362385333,264.683333326,-0.00629743933678,-0.00476244837046,267.911743164,264.749908447,8.22017478943,2.36039471626,1.1713476181,0.0796174407005
4620,201.539302893,1,0.259266674519,290.625,7.99891519547,0.000238051521592,1,241.914932251,1,26.1348934174,8.31373691559,191.462337749,0.014178564772,0.00402303179726,-0.000180101531441,1.32231128216,-0.0848249793053,-0.0641490221024,-0.0265559330583,-0.0200829654932,2.52012825012,-0.000867567607202,-0.0241071395576,0.751366138458,-0.000327100337017,-0.00408450793475,-6.98491930962e-10,1,0.644169807434,0,1.23143219948,0,-0.000462840631371,-0.000292816490401,-0.0237024109811,-0.00405022408813,-0.0232395716012,-0.00375740719028,1.37607729435,-0.0245699789375,-0.00437732459977,-0.00281523913145,0.342269062996,0,0,0,0,1,0,0,0,0,0,0,0,0,1,0,0.569268107414,0.000244140625,0.27115920186,0.000244140625,264.884399414,-4.93600964546e-05,-0.00199715048075,-2.79542777815e-10,-0.00194774242118,-0.00194774207193,-0.00199716538191,0.000244140625,3.08301949501,-0.00211128545925,-0.0458406880498,0.894869208336,-0.000774255255237,-0.00801765173674,2.05676769838e-07,1,0.239633798599,-0.00852389074862,-0.00255850190297,-0.0522532947361,-0.00980189815164,-0.0437294021249,-0.00724339717999,-0.0543645769358,-0.0105761541054,-0.00534621579573,0.109283015132,0,0,0,1,0,0,0,0,0,0,0,0,1,0,0.197183847427,0.0755890011787,264.92364502,-5.04218041897e-05,-0.0032704398036,-0.000608099391684,-0.00382808060385,-0.00321998097934,-0.00387854874134,0.260452628136,0,-0.00457324553281,-0.0652042850852,-0.0191809460521,0.00385720282793,0,1,0,0,-6.42878293991,0,0.0501670055091,0.0139623433352,264.679166659,-0.00639679888263,-0.00483758933842,267.91116333,264.724304199,8.3134059906,2.29514336586,1.0335726738,0.0858215242624
4680,182.543032073,1,0.258553862572,290.625,7.99841213226,0.000202211274882,1,238.423812866,1,26.1635437012,8.28717803955,173.415880469,0.0109993647784,0.00411090999842,-0.000181235576747,1.32231128216,-0.0840815529227,-0.0635868087411,-0.027281075716,-0.0206313561648,2.51225996017,-0.000747715937905,-0.0234147068113,0.766433954239,-0.000316205288982,-0.00420546811074,5.82076609135e-11,1,0.64986884594,0,1.23496258259,0,-0.0004705102765,-0.000326807610691,-0.0231375023723,-0.00421607028693,-0.022666990757,-0.0038892631419,1.38181400299,-0.0238852165639,-0.00453227572143,-0.00259618577547,0.34429037571,0,0,0,0,1,0,0,0,0,0,0,0,0,1,0,0.573564112186,0.005615234375,0.272076487541,0.005615234375,264.882354736,-4.47928905487e-05,-0.00199355185032,-8.90164275624e-10,-0.0019487447571,-0.00194874382578,-0.00199355185032,0.005615234375,3.07240724564,-0.00176949286833,-0.0442616567016,0.912818491459,-0.000764332304243,-0.00821315776557,2.06637196243e-07,1,0.255211591721,-0.00835335534066,-0.00265782000497,-0.0508455224335,-0.0101066455245,-0.0424921661615,-0.00744882598519,-0.0526150166988,-0.0108709782362,-0.00488285440952,0.115955621004,0,0,0,1,0,0,0,0,0,0,0,0,1,0,0.213199183345,0.081132017076,264.921875,-3.42279672623e-05,-0.00320819020271,-0.000601263658609,-0.00377507391386,-0.00317380996421,-0.00380952656269,0.260164678097,0,-0.00462578702718,-0.0649851411581,-0.0194084756076,0.00391604145989,0,1,0,0,-6.46926307678,0,0.0386650823057,0.014267959632,264.674999992,-0.00643707765266,-0.00486805010587,267.910003662,264.733123779,8.28205490112,2.42708659172,1.11082959175,0.0817026942968
4740,189.191148219,1,0.254710674286,246.875,7.99778270721,0.000554043217562,1,231.816101074,1,24.87358284,8.15308570862,179.731590808,0.00911651924253,0.00416882056743,-0.000178212372703,1.32231128216,-0.0813036859035,-0.0614860393107,-0.0273740999401,-0.0207017064095,2.49422645569,-0.0006223032251,-0.022475477308,0.778384029865,-0.000255097984336,-0.00424353312701,1.16415321827e-09,1,0.657560944557,0,1.2387368679,0,-0.000467158330139,-0.000330257375026,-0.0223203338683,-0.00431869272143,-0.0218531750143,-0.00398843549192,1.38794744015,-0.022942636162,-0.00457379082218,-0.00238994229585,0.347005724907,0,0,0,0,1,0,0,0,0,0,0,0,0,1,0,0.582449197769,0.00439453125,0.274892449379,0.00439453125,264.879577637,-3.99947166443e-05,-0.00195562839508,-1.28995480964e-09,-0.00191556545906,-0.0019155642949,-0.00195562839508,0.00439453125,3.05628848076,-0.00118684442714,-0.041841942817,0.925871968269,-0.000535415951163,-0.0076783974655,2.04774551094e-07,1,0.27905985713,-0.00820251740515,-0.00268958415836,-0.048857614398,-0.0098325656727,-0.0406550988555,-0.00714298104867,-0.0500444620848,-0.0103679811582,-0.00484239682555,0.12602442503,0,0,0,1,0,0,0,0,0,0,0,0,1,0,0.235042840242,0.0884575694799,264.919677734,-6.82473182678e-06,-0.00308427214622,-0.000604198197834,-0.00368153164163,-0.00307733379304,-0.00368854403496,0.259493768215,0,-0.00466292630881,-0.0645442008972,-0.0196489598602,0.00397894810885,0,1,0,0,-6.361348629,0,0.0319257825613,0.0144668053836,264.670833325,-0.00632970035076,-0.00478684576228,267.908447266,264.739685059,8.1519947052,2.35940217972,1.10154175758,0.0770572498441
4800,196.359642121,1,0.250317335129,253.125,7.99813127518,0.000336883298587,1,225.301605225,1,23.8956642151,8.13614273071,186.541660015,0.00949799828231,0.00429804064333,-0.000174039785634,1.32231128216,-0.0782713741064,-0.0591928511858,-0.0271743033081,-0.0205506104976,2.47016429901,-0.000548395968508,-0.0217809733003,0.789486825466,-0.000184714968782,-0.00407025311142,2.09547579288e-09,1,0.663544535637,0,1.24293375015,0,-0.000453318061773,-0.000312510790536,-0.0216858964413,-0.00419804826379,-0.0212325789034,-0.0038855378516,1.3947674036,-0.0222342908382,-0.00438276305795,-0.0024455008097,0.347304403782,0,0,0,0,1,0,0,0,0,0,0,0,0,1,0,0.590187311172,0.002197265625,0.275715053082,0.002197265625,264.876342773,-3.9741396904e-05,-0.00192433595657,-1.51263734871e-09,-0.00188446289394,-0.00188446138054,-0.00192433595657,0.002197265625,3.03356218338,-0.000812345184386,-0.0407619811594,0.938433170319,-0.000334915355779,-0.0079280724749,2.05647666007e-07,1,0.288141310215,-0.00814425479621,-0.00275230174884,-0.0480938926339,-0.0103454589844,-0.0399496331811,-0.00759315723553,-0.048906236887,-0.0106803737581,-0.00440848013386,0.128569364548,0,0,0,1,0,0,0,0,0,0,0,0,1,0,0.244574964046,0.0906883776188,264.91708374,7.06315040588e-06,-0.00305408239365,-0.000609368958976,-0.00367035577074,-0.00306098675355,-0.00366349518299,0.258189797401,0,-0.0046745641157,-0.063766874373,-0.01983480528,0.00404889602214,0,1,0,0,-6.21240663528,0,0.0332869663835,0.0149198919535,264.666666659,-0.00618149898946,-0.00467476854101,267.907867432,264.739349365,8.13578224182,2.19225788116,1.06751155853,0.0747077763081
4860,204.636459647,1,0.247857391834,284.375,7.99782657623,0.000246975308983,1,220.514022827,1,24.2548732758,8.25072002411,194.404636665,0.0164561271667,0.00438362360001,-0.000172627260326,1.32231128216,-0.0765736475587,-0.0579089410603,-0.0271187871695,-0.0205086264759,2.4495306015,-0.000592559343204,-0.0217827986926,0.800550699234,-0.000162923475727,-0.00397485308349,3.0267983675e-09,1,0.660327672958,0.00048828125,1.24740433693,0.00048828125,-0.000437528826296,-0.000302840897348,-0.0216277688742,-0.00411477033049,-0.0211902391165,-0.00381192984059,1.40203213692,-0.0222203265876,-0.00427769403905,-0.0026391861029,0.342199921608,0,0.00048828125,0,0,1,0,0,0,0,0,0,0,0,1,0,0.585143268108,0.006103515625,0.270229816437,0.006103515625,264.87322998,-4.33176755905e-05,-0.00194948911667,-9.39843647352e-10,-0.00190607109107,-0.00190607004333,-0.00194950401783,0.006103515625,3.01497817039,-0.00093975965865,-0.0407274588943,0.953066051006,-0.000265140435658,-0.00793065316975,2.05996911973e-07,1,0.2927313447,-0.00799905508757,-0.00275320792571,-0.04778675735,-0.010418722406,-0.0397877022624,-0.00766551401466,-0.0487265139818,-0.0106838615611,-0.00453816913068,0.128786489367,0,0,0,1,0,0,0,0,0,0,0,0,1,0,0.242949396372,0.0886945426464,264.914459229,5.06639480591e-07,-0.00308109819889,-0.000605232315138,-0.00368686486036,-0.00308163231239,-0.00368632376194,0.256503790617,0,-0.00466937199235,-0.0627933889627,-0.0199629217386,0.00412340695038,0,1,0,0,-6.16198635101,0,0.0585053376853,0.0152224795893,264.662499992,-0.00613132957369,-0.0046368278563,267.906951904,264.728881836,8.24720859528,2.25821256638,1.15568470955,0.0735699087381
4920,210.258855387,1,0.247334703803,284.375,7.99787139893,7.47601006879e-05,1,218.019836426,1,24.0154724121,8.29827308655,199.745912618,0.0212843753397,0.00446714647114,-0.000173499851371,1.32231128216,-0.0760831534863,-0.0575380064547,-0.0274739079177,-0.0207771863788,2.43190979958,-0.000654197239783,-0.0218597054482,0.811348378658,-0.000183801908861,-0.00407856050879,1.33877620101e-09,1,0.657499551773,0.009033203125,1.2518362999,0.009033203125,-0.000430874351878,-0.000295664300211,-0.0216363854706,-0.00419042259455,-0.0212055109441,-0.00389475864358,1.40923404694,-0.0222905799747,-0.00437422469258,-0.00270489556715,0.337101101875,0,0.009033203125,0,0,1,0,0,0,0,0,0,0,0,1,0,0.580829441547,0.009033203125,0.264757692814,0.009033203125,264.870178223,-4.94047999382e-05,-0.00198177993298,-2.88327889342e-10,-0.001932306448,-0.00193230621517,-0.00198173522949,0.009033203125,2.99522137642,-0.00108871585689,-0.0405484996736,0.966387629509,-0.000274059915682,-0.00785808824003,2.04658135772e-07,1,0.29487451911,-0.00777383800596,-0.0027279262431,-0.0472336187959,-0.0103119537234,-0.0394597835839,-0.00758402701467,-0.0483223348856,-0.0105860140175,-0.00476455315948,0.127525940537,0,0,0,1,0,0,0,0,0,0,0,0,1,0,0.241463288665,0.0864409357309,264.911773682,-7.06315040588e-06,-0.00307944417,-0.000600681523792,-0.00367315090261,-0.00307246949524,-0.00368016958237,0.254886895418,0,-0.00466516939923,-0.0618665255606,-0.0200929213315,0.00419727200642,0,1,0,0,-6.19313430786,0,0.0764682367444,0.0155189661309,264.658333325,-0.00616232259199,-0.00466026598588,267.906494141,264.717895508,8.2981338501,2.28358459473,0.927506327629,0.0695787519217
4980,199.230168018,1,0.247070640326,290.625,7.99769496918,2.10007547139e-05,1,216.209152222,1,23.6759281158,8.19516468048,189.268659617,0.025510577485,0.00451758224517,-0.000174393106136,1.32231128216,-0.0757793560624,-0.0573082566261,-0.0278038308024,-0.0210266914219,2.4174554348,-0.000672235502861,-0.0217017717659,0.82091486454,-0.000191061233636,-0.00420379964635,2.50292941928e-09,1,0.657772421837,0.00390625,1.25613498688,0.00390625,-0.000422171520768,-0.000285476766294,-0.0214517079294,-0.00429821526632,-0.021029535681,-0.0040127383545,1.41621923447,-0.0221239421517,-0.00448927655816,-0.00266817142256,0.333642780781,0,0.00390625,0,0,1,0,0,0,0,0,0,0,0,1,0,0.582498788834,0.006103515625,0.262216508389,0.006103515625,264.867126465,-4.91738319397e-05,-0.00198182463646,3.54971246841e-10,-0.00193262775429,-0.00193262821995,-0.00198179483414,0.006103515625,2.97536683083,-0.00130649423227,-0.0403619632125,0.97687125206,-0.000315112061799,-0.00745514081791,2.05007381737e-07,1,0.29378837347,-0.00756345549598,-0.0027504065074,-0.0466189272702,-0.00989043526351,-0.0390554741025,-0.00714002829045,-0.0479254238307,-0.0102055482566,-0.00524533865973,0.125402033329,0,0,0,1,0,0,0,0,0,0,0,0,1,0,0.246262818575,0.086883276701,264.908813477,-1.7523765564e-05,-0.00306403636932,-0.000592316733673,-0.00363880256191,-0.00304648582824,-0.00365644693375,0.253480374813,0,-0.00466733984649,-0.0610682070255,-0.0202525481582,0.00426891539246,0,1,0,0,-6.22501897812,0,0.0925288274884,0.0156973712146,264.654166658,-0.00619404856116,-0.0046842591837,267.905700684,264.698608398,8.19263553619,2.29278898239,0.929547190666,0.0607133358717
5040,201.454765508,1,0.246338680387,290.625,7.99773693085,6.23728046776e-05,1,213.522842407,1,24.159488678,8.17163181305,191.382027232,0.0171632114798,0.00454903580248,-0.00017502233095,1.32231128216,-0.0752417370677,-0.0569016821682,-0.0278814584017,-0.021085396409,2.40425896645,-0.000701380660757,-0.0214342866093,0.82884401083,-0.000173335312866,-0.00433791009709,3.49245965481e-09,1,0.659495234489,0.005859375,1.26029825211,0.005859375,-0.000423581339419,-0.000293663440971,-0.0211564879864,-0.00445823837072,-0.0207329057157,-0.00416457466781,1.42298483849,-0.02185786888,-0.0046315738,-0.00254584127106,0.33146867156,0,0.005859375,0,0,1,0,0,0,0,0,0,0,0,1,0,0.581804513931,0.0048828125,0.258932113647,0.0048828125,264.864135742,-5.97238540649e-05,-0.00200429558754,4.73998118533e-10,-0.00194463669322,-0.00194463692605,-0.00200429558754,0.0048828125,2.958796978,-0.00163448043168,-0.0400813519955,0.984866917133,-0.000348461209796,-0.00762886181474,2.03726813197e-07,1,0.289832979441,-0.0073546920903,-0.00264780526049,-0.0458015650511,-0.00992820598185,-0.0384468734264,-0.00728040048853,-0.0474360473454,-0.0102766677737,-0.00522510055453,0.122150652111,0,0,0,1,0,0,0,0,0,0,0,0,1,0,0.243053525686,0.0844815894961,264.905944824,-5.10811805725e-05,-0.00310951471329,-0.000573032943066,-0.00363128609024,-0.00305825308897,-0.0036826133728,0.252195984125,0,-0.00467166304588,-0.0603471770883,-0.0204064045101,0.00433830544353,0,1,0,0,-6.24747943878,0,0.0611112825572,0.0158037804067,264.649999992,-0.00621639750898,-0.00470116036013,267.904846191,264.70602417,8.17010116577,2.35141086578,0.971806406975,0.0611164681613
5100,204.318687374,1,0.244662106037,290.625,7.99806499481,0.000102041143691,1,210.375549316,1,24.0173206329,8.23375415802,194.102753005,0.0171866305172,0.0045958366245,-0.000174038330442,1.32231128216,-0.0740654170513,-0.0560120902956,-0.0279195904732,-0.0211142338812,2.38946771622,-0.00055500655435,-0.0206707790494,0.838104009628,-0.000140210555401,-0.00459011830389,3.37604433298e-09,1,0.662396669388,0.004150390625,1.26445150375,0.004150390625,-0.000429170875577,-0.000307854788844,-0.020544944331,-0.00475776242092,-0.0201157741249,-0.00444990769029,1.429733634,-0.0210999511182,-0.00489797256887,-0.00218959036283,0.330501556396,0,0.004150390625,0,0,1,0,0,0,0,0,0,0,0,1,0,0.58444237709,0.001953125,0.257793575525,0.001953125,264.860992432,-4.99486923218e-05,-0.00197839736938,8.45861047871e-10,-0.00192853074986,-0.00192853156477,-0.00197848677635,0.001953125,2.94603872299,-0.00134913669899,-0.039013069123,0.996236741543,-0.000292002223432,-0.00835972465575,2.04890966415e-07,1,0.283288240433,-0.00754753267393,-0.00273762061261,-0.0452114641666,-0.0108053442091,-0.0376639291644,-0.00806772336364,-0.0465606004,-0.0110973455012,-0.00448295194656,0.118597753346,0,0,0,1,0,0,0,0,0,0,0,0,1,0,0.239907801151,0.0827272906899,264.903320312,-3.8206577301e-05,-0.003093957901,-0.000579935440328,-0.00363542279229,-0.00305548729375,-0.00367391109467,0.250926136971,0,-0.00467517320067,-0.0596455857158,-0.020538425073,0.0044075245969,0,1,0,0,-6.21235513687,0,0.0611977353692,0.0159664712846,264.645833325,-0.00618144776672,-0.00467472942546,267.903991699,264.678741455,8.23209953308,2.67755508423,0.991925597191,0.0635411813855
5160,203.315179366,1,0.243732795119,284.375,7.99830007553,0.000218961664359,1,208.038131714,1,23.6512451172,8.22395324707,193.149420397,0.0145911099389,0.00461074383929,-0.000173995882506,1.32231128216,-0.073253467679,-0.0553980506957,-0.0283632017672,-0.0214497167617,2.37667179108,-0.000305886147544,-0.0204730331898,0.85192155838,-7.69972102717e-05,-0.00499731209129,2.03726813197e-09,1,0.653808116913,0.001953125,1.26847076416,0.001953125,-0.000441298703663,-0.000331355287926,-0.0206084456295,-0.0052516697906,-0.0201671458781,-0.00492031499743,1.43626499176,-0.0209143310785,-0.00532866688445,-0.00187568611,0.323965340853,0,0.001953125,0,0,1,0,0,0,0,0,0,0,0,1,0,0.571913301945,0.00537109375,0.250381082296,0.00537109375,264.858062744,-3.23355197906e-05,-0.00201007723808,6.40988928602e-10,-0.00197779317386,-0.00197779387236,-0.00201009213924,0.00537109375,2.93604660034,-0.000829414697364,-0.0389645919204,1.01225233078,-0.000143367738929,-0.00929598510265,2.02446244657e-07,1,0.261898368597,-0.00766849378124,-0.00283797970042,-0.0458036661148,-0.0119905974716,-0.0381351746619,-0.00915261730552,-0.0466330833733,-0.0121339643374,-0.00385220185854,0.108931511641,0,0,0,1,0,0,0,0,0,0,0,0,1,0,0.221556469798,0.075842037797,264.900878906,-5.69224357605e-06,-0.00315469503403,-0.000588109425735,-0.00373705010861,-0.00314894062467,-0.00374281406403,0.249649494886,0,-0.00467403046787,-0.0589188747108,-0.0206762515008,0.00447451323271,0,1,0,0,-6.21083974838,0,0.0516711659729,0.0160202700645,264.641666658,-0.00617993995547,-0.00467358948663,267.90335083,264.701446533,8.22342300415,2.53390216827,1.0285615921,0.0647980719805
5220,197.081062428,1,0.244130045176,290.625,7.9982790947,0.000179838811164,1,206.855819702,1,22.7448482513,8.14775657654,187.227009307,0.0135603565723,0.00461043417454,-0.000175847380888,1.32231128216,-0.0732429921627,-0.0553901270032,-0.0290918070823,-0.0220007244498,2.36600732803,-0.000355741707608,-0.0205664969981,0.866375207901,-0.00012836548558,-0.00512615870684,1.1787051335e-09,1,0.651519715786,0.000732421875,1.27217960358,0.000732421875,-0.000446319638286,-0.000344153027982,-0.0206570737064,-0.00534194521606,-0.0202107541263,-0.00499779265374,1.4422917366,-0.0210128165781,-0.0054703108035,-0.00194755266421,0.320020854473,0,0.000732421875,0,0,1,0,0,0,0,0,0,0,0,1,0,0.566152453423,0.00048828125,0.245443508029,0.00048828125,264.855407715,-3.21492552757e-05,-0.00204293429852,3.47369855103e-10,-0.00201078364626,-0.00201078387909,-0.00204290449619,0.00048828125,2.92533349991,-0.000752739259042,-0.0383575931191,1.02701544762,-0.000217106746277,-0.00919603835791,2.01107468456e-07,1,0.260750740767,-0.00759261893108,-0.00273290043697,-0.0451974719763,-0.0117118321359,-0.0376048535109,-0.00897893216461,-0.0459502190351,-0.0119289392605,-0.00422144681215,0.106751024723,0,0,0,1,0,0,0,0,0,0,0,0,1,0,0.214080303907,0.0723006278276,264.898620605,4.87267971039e-06,-0.00318015739322,-0.000585625646636,-0.00377060240135,-0.00318497675471,-0.00376575067639,0.248599365354,0,-0.0046782460995,-0.0582767874002,-0.0208766683936,0.00453632604331,0,1,0,0,-6.27692985535,0,0.0479180775583,0.0160174034536,264.637499991,-0.00624570157379,-0.00472332164645,267.902801514,264.707061768,8.14763069153,2.50270414352,1.16096234322,0.0662127733231
5280,192.882241768,1,0.243458688259,290.625,7.99798154831,0.000320295424899,1,204.117095947,1,22.3076515198,8.14306163788,183.23812968,0.0114411022514,0.00473580602556,-0.000176740650204,1.32231128216,-0.072612285614,-0.0549131557345,-0.0295006092638,-0.0223098825663,2.35337972641,-0.000435426773038,-0.0200341697782,0.879548430443,-0.000149872052134,-0.00507912784815,2.99769453704e-09,1,0.660167694092,0,1.27575230598,0,-0.000448205624707,-0.000326811277773,-0.0200469493866,-0.00525606609881,-0.0195987410843,-0.00492925522849,1.44809758663,-0.0204823724926,-0.00540593825281,-0.00196736678481,0.321954399347,0,0,0,0,1,0,0,0,0,0,0,0,0,1,0,0.56944257021,0.004150390625,0.24488055706,0.004150390625,264.852722168,-3.68095934391e-05,-0.00204108655453,5.29988386511e-10,-0.00200423458591,-0.00200423505157,-0.0020410977304,0.004150390625,2.91398000717,-0.000997361028567,-0.0374151840806,1.0411683321,-0.000299729290418,-0.00928900204599,2.01958755497e-07,1,0.273195564747,-0.00770185980946,-0.00269896257669,-0.0441196858883,-0.0116882361472,-0.0364178270102,-0.00898927263916,-0.045117046684,-0.0119879636914,-0.00419855257496,0.110440954566,0,0,0,1,0,0,0,0,0,0,0,0,1,0,0.21574409306,0.071915268898,264.89642334,-1.18818134069e-05,-0.0031951982528,-0.000603127176873,-0.00378634291701,-0.00318321562372,-0.00379832834005,0.247734159231,0,-0.00468969158828,-0.0577234886587,-0.0211233329028,0.00459587341174,0,1,0,0,-6.30881500244,0,0.0402539037168,0.0164567437023,264.633333324,-0.00627742800862,-0.00474731484428,267.902038574,264.706787109,8.14298057556,2.45303845406,1.08513331413,0.0710943564773
5340,201.659631016,1,0.24138893187,290.625,7.99785280228,0.000361226702807,1,200.32208252,1,21.8036422729,8.17271518707,191.576649465,0.0111825689673,0.00477860821411,-0.000175534820301,1.32231128216,-0.0712210536003,-0.0538610331714,-0.0293964073062,-0.022231079638,2.34018135071,-0.000577313243411,-0.0193135365844,0.891254723072,-0.000203671224881,-0.00489203352481,1.44791556522e-09,1,0.674146771431,0,1.27955043316,0,-0.000451716507087,-0.00030006095767,-0.0191879421473,-0.00498842308298,-0.0187362227589,-0.00468836165965,1.45426940918,-0.0197652541101,-0.00519209448248,-0.00206022150815,0.325982809067,0,0,0,0,1,0,0,0,0,0,0,0,0,1,0,0.584366321564,0,0.248737588525,0,264.849884033,-5.12972474098e-05,-0.00199500843883,1.87420717834e-10,-0.00194369326346,-0.00194369337987,-0.00199500657618,0,2.90552520752,-0.00141495803837,-0.0366391278803,1.0567637682,-0.000463431118988,-0.00913404952735,2.02941009775e-07,1,0.286106407642,-0.0078999325633,-0.00273836869746,-0.043124102056,-0.0114089874551,-0.0352241694927,-0.00867061875761,-0.0445390567183,-0.0118724182248,-0.00442529516295,0.11444003135,0,0,0,1,0,0,0,0,0,0,0,0,1,0,0.232047453523,0.0762991309166,264.894378662,-4.08105552197e-05,-0.00312690064311,-0.000618696270976,-0.00370479328558,-0.00308609707281,-0.00374569371343,0.246750384569,0,-0.00469752307981,-0.0571185015142,-0.0213399790227,0.00465917401016,0,1,0,0,-6.26577281952,0,0.0393236614764,0.0166058409959,264.629166658,-0.00623459974304,-0.00471492577344,267.900817871,264.715057373,8.17243766785,2.56528353691,0.93209707737,0.0660898163915
5400,208.809440489,1,0.240634441376,215.625,7.99870538712,0.000328756606905,1,198.346252441,1,21.9719810486,8.16240406036,198.368968465,0.0110442610458,0.00475854100659,-0.00017562622088,1.32231128216,-0.0706160292029,-0.0534034855664,-0.0295987706631,-0.0223841164261,2.32883071899,-0.000806969939731,-0.019309386611,0.903165459633,-0.000274578371318,-0.00497551402077,1.00408215076e-09,1,0.67633831501,0.001708984375,1.28341150284,0.001708984375,-0.000445591314929,-0.00030659858021,-0.018948007375,-0.00500753335655,-0.0185024142265,-0.00470093544573,1.46054375172,-0.0197549760342,-0.00528211239725,-0.00208867737092,0.324242532253,0,0.001708984375,0,0,1,0,0,0,0,0,0,0,0,1,0,0.587090611458,0.002685546875,0.24728885293,0.002685546875,264.847076416,-6.8187713623e-05,-0.00200681760907,2.31219821067e-10,-0.00193859904539,-0.00193859939463,-0.00200682505965,0.002685546875,2.89684700966,-0.0018413295038,-0.036708638072,1.07148742676,-0.000600112893153,-0.00936914421618,2.02373485081e-07,1,0.288859665394,-0.0079507548362,-0.002872930374,-0.0428180620074,-0.0116419624537,-0.0348673053086,-0.00876903161407,-0.0446593910456,-0.0122420741245,-0.00438229274005,0.114158943295,0,0,0,1,0,0,0,0,0,0,0,0,1,0,0.222095549107,0.0720111727715,264.892333984,-6.81206583977e-05,-0.00318623334169,-0.000636553915683,-0.00375471729785,-0.00311816297472,-0.00382287427783,0.245658874512,0,-0.00469969213009,-0.0564703047276,-0.0215181857347,0.0047235256061,0,1,0,0,-6.26903486252,0,0.0388264246285,0.0165362134576,264.624999991,-0.00623784586787,-0.00471738073975,267.900238037,264.692352295,8.16226959229,2.43826270103,1.140863657,0.0589150413871
5460,205.105527313,1,0.241005375981,221.875,7.99861049652,0.000540231820196,1,196.805892944,1,22.514169693,8.13401889801,194.850250948,0.0118226073682,0.00471630925313,-0.000177820606041,1.32231128216,-0.0707849562168,-0.0535312369466,-0.0298066120595,-0.0225412975997,2.32462120056,-0.000827738142107,-0.0191854797304,0.913491725922,-0.000254923827015,-0.00458631850779,-9.16770659387e-10,1,0.678366720676,0,1.28710007668,0,-0.00044896939653,-0.00029479895602,-0.0188067127019,-0.00462619401515,-0.0183577425778,-0.00433139503002,1.4665375948,-0.0196344517171,-0.00488111749291,-0.00251011783257,0.323131084442,0,0,0,0,1,0,0,0,0,0,0,0,0,1,0,0.58053791523,0,0.242762431502,0,264.844848633,-6.7226588726e-05,-0.0020366422832,-3.87856136097e-11,-0.00196938263252,-0.00196938263252,-0.00203661993146,0,2.89323377609,-0.00196068827063,-0.0377731025219,1.08604454994,-0.000599372084253,-0.00873692706227,2.05007381737e-07,1,0.270751804113,-0.0081962607801,-0.00291159749031,-0.0440086722374,-0.0110491532832,-0.0358124114573,-0.00813755579293,-0.045969363302,-0.0116485245526,-0.00562627986073,0.10629440099,0,0,0,1,0,0,0,0,0,0,0,0,1,0,0.202637434006,0.0653666853905,264.890625,-6.63548707962e-05,-0.00327555090189,-0.000649911467917,-0.00385920051485,-0.00320928916335,-0.00392546504736,0.244747251272,0,-0.0047079664655,-0.0559221059084,-0.0217020586133,0.00478500127792,0,1,0,0,-6.34736442566,0,0.0416284762323,0.0163863394409,264.620833324,-0.00631578546017,-0.00477632274851,267.899261475,264.652832031,8.13364219666,2.419049263,1.09464025497,0.0544457733631
5520,196.321035216,1,0.242803841829,246.875,7.99878787994,0.000506752054207,1,197.043380737,1,22.2819194794,8.12549495697,186.504983456,0.0128677338362,0.00464357668534,-0.000181612122105,1.32231128216,-0.0719165503979,-0.0543870069087,-0.0300834514201,-0.0227506570518,2.32544374466,-0.00087235920364,-0.0197139345109,0.922274053097,-0.00031742057763,-0.0046859504655,-1.26601662487e-09,1,0.669374763966,0,1.29045808315,0,-0.000453993008705,-0.000316531513818,-0.0192955713719,-0.0046850615181,-0.0188415758312,-0.00436852965504,1.47199463844,-0.020167928189,-0.0050024818629,-0.00273020635359,0.317218601704,0,0,0,0,1,0,0,0,0,0,0,0,0,1,0,0.573230862617,0.003662109375,0.238191470504,0.003662109375,264.842498779,-6.74799084663e-05,-0.00208383053541,-1.29455196562e-10,-0.00201632035896,-0.00201632012613,-0.00208382308483,0.003662109375,2.88787984848,-0.00195131124929,-0.0382718779147,1.09870254993,-0.000670579320285,-0.00911697093397,2.06215190701e-07,1,0.264136433601,-0.00796749908477,-0.00297985831276,-0.0442880652845,-0.0114262504503,-0.036320567131,-0.0084463916719,-0.0462393760681,-0.0120968297124,-0.00560396024957,0.102974422276,0,0,0,1,0,0,0,0,0,0,0,0,1,0,0.209333240986,0.0666390806437,264.888305664,-5.60991466045e-05,-0.00328894890845,-0.000632664829027,-0.00386555120349,-0.00323288631625,-0.00392166338861,0.244179323316,0,-0.00472913868725,-0.0555559098721,-0.0218744557351,0.00484097003937,0,1,0,0,-6.4827041626,0,0.0454055666924,0.0161330513656,264.616666657,-0.0064504519105,-0.00487816426903,267.898040771,264.666595459,8.12520313263,2.50274515152,0.952286541462,0.0595334991813
5580,192.494538164,1,0.245829060674,253.125,7.99896383286,0.000425287696999,1,198.804946899,1,22.1732215881,8.17316627502,182.869811256,0.0119070373476,0.00460377242416,-0.000186815319466,1.32231128216,-0.0736725702882,-0.0557149983943,-0.0309504587203,-0.0234063342214,2.32826852798,-0.000955362687819,-0.0204668659717,0.9352607131,-0.000384166894946,-0.0051581999287,-1.83354131877e-09,1,0.655660510063,0.0009765625,1.29285740852,0.0009765625,-0.000465473975055,-0.000339416670613,-0.0199769772589,-0.00511344941333,-0.0195115040988,-0.0047740326263,1.47589302063,-0.0209323409945,-0.00549761625007,-0.00266714650206,0.310378432274,0,0.0009765625,0,0,1,0,0,0,0,0,0,0,0,1,0,0.559114634991,0.0048828125,0.231858074665,0.0048828125,264.840393066,-7.68713653088e-05,-0.00217649713159,-9.60282964257e-11,-0.00209961854853,-0.0020996183157,-0.0021764934063,0.0048828125,2.87917804718,-0.00207149190828,-0.0392699204385,1.11490654945,-0.000811264268123,-0.010470720008,2.0585139282e-07,1,0.26162147522,-0.00776092847809,-0.00303627783433,-0.0449593551457,-0.0126957334578,-0.0371984280646,-0.00965945608914,-0.0470308475196,-0.0135069973767,-0.00485045928508,0.101747199893,0,0,0,1,0,0,0,0,0,0,0,0,1,0,0.205827414989,0.0650666058064,264.886077881,-7.09481537342e-05,-0.00342898443341,-0.000627094705123,-0.00398537842557,-0.00335828354582,-0.00405615195632,0.244197562337,0,-0.00476890662685,-0.0554693751037,-0.0220978036523,0.00488095497712,0,1,0,0,-6.66843414307,0,0.0419329814613,0.0159940607846,264.612499991,-0.00663525797427,-0.00501792412251,267.897277832,264.678649902,8.17291259766,2.49287414551,0.976404666901,0.0652967095375
5640,188.76911972,1,0.248247787356,215.625,7.99907827377,0.000430639076512,1,200.090667725,1,21.9523124695,8.20394992828,179.330663734,0.0171022713184,0.00461028888822,-0.000191147832084,1.32231128216,-0.07490208745,-0.0566448234022,-0.0320983268321,-0.0242744106799,2.33075666428,-0.000824489863589,-0.0210566371679,0.951941132545,-0.000291853852104,-0.00566358398646,-2.8230715543e-09,1,0.642416834831,0.00439453125,1.29429221153,0.00439453125,-0.000465296325274,-0.000349085894413,-0.0206974446774,-0.00572081608698,-0.0202321484685,-0.00537172984332,1.47822499275,-0.0215219333768,-0.00601266976446,-0.0024550172966,0.304489314556,0,0.00439453125,0,0,1,0,0,0,0,0,0,0,0,1,0,0.551281034946,0.00244140625,0.228720769286,0.00244140625,264.838287354,-6.69211149216e-05,-0.00222899019718,-1.9274591645e-10,-0.00216206163168,-0.00216206163168,-0.00222899019718,0.00244140625,2.87065792084,-0.00190111948177,-0.0396002456546,1.13234102726,-0.000683236459736,-0.0112686771899,2.05414835364e-07,1,0.25597769022,-0.00735392235219,-0.00289678247645,-0.045053049922,-0.0134822223336,-0.0376991257071,-0.0105854412541,-0.0469541698694,-0.0141654592007,-0.00434444332495,0.0995426625013,0,0,0,1,0,0,0,0,0,0,0,0,1,0,0.213001966476,0.0673215463758,264.883911133,-6.50063157082e-05,-0.00344507396221,-0.00060353934532,-0.00398389762267,-0.00338035821915,-0.00404872745275,0.244749933481,0,-0.0048258411698,-0.0556108020246,-0.022424634546,0.00490487087518,0,1,0,0,-6.8230843544,0,0.0608863532543,0.0160183943808,264.608333324,-0.00678913854063,-0.0051342966035,267.896606445,264.666381836,8.2037191391,2.5928041935,1.02863311768,0.0630663558841
5700,205.220177274,1,0.249496415257,221.875,7.99928092957,0.000698900315911,1,200.496337891,1,22.0923976898,8.18942260742,194.95916841,0.0143880201504,0.00467244815081,-0.000193653992028,1.32231128216,-0.0753799378872,-0.0570061989129,-0.0330621227622,-0.0250032823533,2.33076047897,-0.000921167898923,-0.021305590868,0.968091547489,-0.000316797784762,-0.00610293541104,-1.2805685401e-09,1,0.64099919796,0.0009765625,1.29514825344,0.0009765625,-0.000456451321952,-0.000355349853635,-0.0208408758044,-0.00614148750901,-0.0203844234347,-0.00578613765538,1.47961604595,-0.0217620432377,-0.00645828526467,-0.00222016987391,0.304296076298,0,0.0009765625,0,0,1,0,0,0,0,0,0,0,0,1,0,0.553261220455,0.0048828125,0.229889392853,0.0048828125,264.835876465,-7.0296227932e-05,-0.00225386023521,-2.54827103863e-10,-0.00218356680125,-0.00218356680125,-0.00225384905934,0.0048828125,2.86372709274,-0.00228678947315,-0.0399463176727,1.14725136757,-0.000756030087359,-0.0118637513369,2.04774551094e-07,1,0.259220391512,-0.00711853941903,-0.00268689915538,-0.0447780713439,-0.01379461959,-0.0376595333219,-0.011107721366,-0.0470648631454,-0.0145506504923,-0.00417964952067,0.100760310888,0,0,0,1,0,0,0,0,0,0,0,0,1,0,0.218046098948,0.0689250379801,264.881652832,-8.80211591721e-05,-0.00347256660461,-0.000601356150582,-0.00398626551032,-0.00338490935974,-0.00407406687737,0.245550200343,0,-0.0048892502673,-0.0558453425765,-0.0228400155902,0.00491913873702,0,1,0,0,-6.91254234314,0,0.050930339843,0.0162354372442,264.604166657,-0.00687815155834,-0.00520161306486,267.895690918,264.666625977,8.18900489807,2.63553738594,1.06854248047,0.0705572515726
5760,196.37616132,1,0.249272719026,221.875,7.9984164238,0.000620032427832,1,200.344818115,1,22.8009433746,8.13949489594,186.557353254,0.0117224557325,0.00472444389015,-0.000193279673113,1.32231128216,-0.0749328956008,-0.0566681213677,-0.0337051190436,-0.0254895500839,2.3291182518,-0.00118076032959,-0.0212546885014,0.984380602837,-0.000427697057603,-0.00632766867056,-7.85803422332e-10,1,0.647924363613,0,1.29588007927,0,-0.00046400327119,-0.00037442392204,-0.0205379314721,-0.00627439469099,-0.0200739279389,-0.00589997088537,1.48080527782,-0.0217186920345,-0.00670209247619,-0.00209724297747,0.308010220528,0,0,0,0,1,0,0,0,0,0,0,0,0,1,0,0.566949009895,0.004150390625,0.235886454582,0.004150390625,264.833221436,-8.6136162281e-05,-0.00222684442997,-1.52499277095e-10,-0.00214066612534,-0.00214066589251,-0.00222683697939,0.004150390625,2.86211013794,-0.00296540162526,-0.0401086248457,1.1638635397,-0.00108659593388,-0.0124301705509,2.05123797059e-07,1,0.268640160561,-0.00707819499075,-0.00261205248535,-0.0442214198411,-0.0139556266367,-0.0371432267129,-0.0113435741514,-0.0471868216991,-0.0150422239676,-0.00407255813479,0.104416593909,0,0,0,1,0,0,0,0,0,0,0,0,1,0,0.228285819292,0.0721877515316,264.87979126,-0.00013530254364,-0.00349676609039,-0.00060821569059,-0.00397014291957,-0.0033619273454,-0.00410518050194,0.246259555221,0,-0.00494557153434,-0.0560312159359,-0.0232897978276,0.00493133580312,0,1,0,0,-6.89918088913,0,0.041267413646,0.0164181757718,264.59999999,-0.00686485646293,-0.00519155850634,267.894805908,264.655212402,8.13937759399,2.7504594326,0.982383608818,0.0779906362295
5820,196.050710456,1,0.248856708407,246.875,7.99863576889,0.000631880597211,1,199.731582642,1,23.094379425,8.13344764709,186.248174934,0.012700131163,0.00476761907339,-0.000192904059077,1.32231128216,-0.0745297670364,-0.0563632547855,-0.0339312888682,-0.0256605912,2.32834982872,-0.000936298863962,-0.0214858911932,0.997523665428,-0.000338571495377,-0.00596144609153,-5.82076609135e-11,1,0.644602000713,0,1.29671621323,0,-0.000461013609311,-0.000376896408852,-0.0210106056184,-0.0059997709468,-0.0205495916307,-0.00562287401408,1.4821639061,-0.0219469070435,-0.00633834255859,-0.00265069142915,0.306669473648,0,0,0,0,1,0,0,0,0,0,0,0,0,1,0,0.565518975258,0.00244140625,0.235506340861,0.00244140625,264.830474854,-6.67795538902e-05,-0.00223270058632,-6.59574950213e-10,-0.00216586817987,-0.00216586748138,-0.0022327080369,0.00244140625,2.86440515518,-0.00237728632055,-0.0406317561865,1.18193244934,-0.00086436222773,-0.011423908174,2.04949174076e-07,1,0.265125215054,-0.00709542538971,-0.00267683039419,-0.0453498996794,-0.0132363764569,-0.0382544770837,-0.0105595458299,-0.0477271825075,-0.0141007369384,-0.00544522469863,0.103171356022,0,0,0,1,0,0,0,0,0,0,0,0,1,0,0.232033535838,0.0736162140965,264.87802124,-9.62242484093e-05,-0.00349293649197,-0.000605438021012,-0.00400250451639,-0.00339706637897,-0.00409852713346,0.246734246612,0,-0.0049892347306,-0.0561193488538,-0.023720709607,0.00494527025148,0,1,0,0,-6.88577318192,0,0.0447987094522,0.0165695603937,264.595833324,-0.00685151573271,-0.00518146948889,267.893859863,264.647521973,8.13335132599,2.72639131546,1.20889663696,0.082451954484
5880,200.150186511,1,0.24896197021,215.625,8.00097179413,0.000383062142646,1,198.656478882,1,22.4581336975,8.11644268036,190.142677185,0.0114580336958,0.00474349502474,-0.000194194217329,1.32231128216,-0.0746429562569,-0.056448854506,-0.0338496938348,-0.0255988836288,2.33096170425,-0.000801568385214,-0.0221524592489,1.0058375597,-0.000284790643491,-0.00607017520815,-6.14818418398e-10,1,0.632125675678,0,1.29773342609,0,-0.000481683237012,-0.000409149914049,-0.0218325741589,-0.00619453424588,-0.021350890398,-0.00578538421541,1.48381686211,-0.0226341411471,-0.00647932523862,-0.00291121937335,0.30090534687,0,0,0,0,1,0,0,0,0,0,0,0,0,1,0,0.543529272079,0.00048828125,0.226523414254,0.00048828125,264.827850342,-5.57173043489e-05,-0.00234633684158,-6.00362315417e-10,-0.00229059439152,-0.00229059369303,-0.00234633125365,0.00048828125,2.86755299568,-0.00218323152512,-0.0416333563626,1.19365751743,-0.000820466782898,-0.0112470220774,2.04105162993e-07,1,0.246542438865,-0.00718103861436,-0.00275950576179,-0.0466311648488,-0.0131860617548,-0.0394501276314,-0.0104265548289,-0.04881439358,-0.0140065271407,-0.00625302549452,0.0961190834641,0,0,0,1,0,0,0,0,0,0,0,0,1,0,0.204501390457,0.0650863721967,264.875793457,-8.00117850304e-05,-0.00365202873945,-0.000604309956543,-0.00417656078935,-0.00357225094922,-0.00425647199154,0.247040420771,0,-0.00502513442189,-0.0561538264155,-0.024069711566,0.00496222311631,0,1,0,0,-6.93182611465,0,0.0403148643672,0.0164841972291,264.591666657,-0.00689733959734,-0.00521612400189,267.893096924,264.618804932,8.11546516418,2.70788311958,1.0005569458,0.0906878337264
5940,206.22979317,1,0.250987887383,215.625,8.00204563141,0.000469357619295,1,198.16217041,1,21.8448619843,8.15060138702,195.918303511,0.0104232709855,0.00472917221487,-0.000199469985091,1.32231128216,-0.0759786516428,-0.057458974421,-0.0341459996998,-0.0258229654282,2.33662414551,-0.000650981150102,-0.0229193829,1.0140850544,-0.000258007872617,-0.00621990393847,-1.22236087918e-09,1,0.618530213833,0,1.29882764816,0,-0.00050102797104,-0.000411022658227,-0.0227694306523,-0.00637291837484,-0.0222684033215,-0.00596189545467,1.48559486866,-0.0234204120934,-0.00663092639297,-0.00320195360109,0.294796943665,0,0,0,0,1,0,0,0,0,0,0,0,0,1,0,0.52782958746,0.00634765625,0.220109567046,0.00634765625,264.825744629,-4.78886067867e-05,-0.0024431347847,-4.96118701676e-11,-0.00239518471062,-0.00239518494345,-0.00244311988354,0.00634765625,2.86923003197,-0.00189142394811,-0.0421329475939,1.20566105843,-0.000821514637209,-0.0118198487908,2.07495759241e-07,1,0.229947835207,-0.0070591326803,-0.00275952531956,-0.0473006553948,-0.013757860288,-0.0402415245771,-0.0109983347356,-0.0491920784116,-0.0145793752745,-0.00617315992713,0.0898537710309,0,0,0,1,0,0,0,0,0,0,0,0,1,0,0.193422824144,0.061395868659,264.873718262,-6.49504363537e-05,-0.00371191650629,-0.0006113932468,-0.00425858236849,-0.00364718912169,-0.00432336702943,0.247518718243,0,-0.00507265329361,-0.0562976486981,-0.0243744887412,0.00498045934364,0,1,0,0,-7.12014627457,0,0.0365974530578,0.0164330378175,264.58749999,-0.00708472263068,-0.00535783264786,267.892425537,264.647827148,8.15032291412,2.7757229805,1.19880449772,0.0770472586155
6000,205.870720987,1,0.251468509436,215.625,8.00036239624,0.000542053661775,1,197.376678467,1,21.3442516327,8.12494945526,195.577184937,0.0129054151475,0.00482071470469,-0.000201416463824,1.32231128216,-0.076230853796,-0.057649705559,-0.0343636833131,-0.0259875897318,2.33886194229,-0.00053428998217,-0.0225559622049,1.023016572,-0.00023201762815,-0.00641272077337,7.85803422332e-10,1,0.621393084526,0,1.29982101917,0,-0.000517223961651,-0.000425940350397,-0.0225388947874,-0.00660664308816,-0.0220216717571,-0.00618070270866,1.48720920086,-0.0230731852353,-0.00683866115287,-0.00295182177797,0.297077953815,0,0,0,0,1,0,0,0,0,0,0,0,0,1,0,0.529511332512,0.002685546875,0.221699148417,0.002685546875,264.823364258,-4.05833125114e-05,-0.00243920087814,-4.65658289706e-10,-0.00239858683199,-0.00239858636633,-0.00243923068047,0.002685546875,2.87353134155,-0.00165047578048,-0.0412839129567,1.2182379961,-0.000717393413652,-0.0120725063607,2.07422999665e-07,1,0.223808646202,-0.00720899738371,-0.00278378813528,-0.0468424335122,-0.0141389006749,-0.0396334379911,-0.0113551132381,-0.0484929122031,-0.0148562956601,-0.00575991161168,0.0880354046822,0,0,0,1,0,0,0,0,0,0,0,0,1,0,0.197761103511,0.0630642473698,264.871948242,-5.55962324142e-05,-0.00371205806732,-0.000634618161712,-0.00429127644747,-0.00365665811114,-0.00434674322605,0.248193949461,0,-0.00513133686036,-0.0565515719354,-0.0246663223952,0.00499701686203,0,1,0,0,-7.18962621689,0,0.0455420650542,0.0167553350329,264.583333323,-0.0071538570337,-0.00541011570022,267.891845703,264.653808594,8.12469100952,2.7243180275,0.883806347847,0.0761652216315
6060,199.086901849,1,0.249805808067,221.875,7.99885559082,0.000701371522155,1,194.575836182,1,20.7423706055,8.13035392761,189.132556756,0.0132564902306,0.00492654973641,-0.000200289738132,1.32231128216,-0.0750173777342,-0.0567320100963,-0.0343700870872,-0.0259924326092,2.33527708054,-0.000614834250882,-0.0219060350209,1.03291964531,-0.000284773355816,-0.00654454436153,1.22236087918e-09,1,0.630998730659,0.002197265625,1.30114531517,0.002197265625,-0.000511289865244,-0.000428872997873,-0.0218024924397,-0.00668864371255,-0.0212912019342,-0.00625977106392,1.48936104774,-0.0224173255265,-0.0069734165445,-0.00265353079885,0.302536666393,0,0.002197265625,0,0,1,0,0,0,0,0,0,0,0,1,0,0.540929555893,0.00146484375,0.227062478662,0.00146484375,264.820770264,-5.20944595337e-05,-0.00240494310856,-2.6884566795e-10,-0.0023528453894,-0.00235284492373,-0.00240495055914,0.00146484375,2.87584877014,-0.00163598055951,-0.0398076176643,1.23196530342,-0.000755955465138,-0.0124071361497,2.0643346943e-07,1,0.251333862543,-0.00730899581686,-0.00299191940576,-0.0454806350172,-0.0146431000903,-0.0381716415286,-0.0116511806846,-0.0471166148782,-0.0153990555555,-0.00489359069616,0.0990999639034,0,0,0,1,0,0,0,0,0,0,0,0,1,0,0.221545487642,0.0706621259451,264.870239258,-6.83292746544e-05,-0.00362739712,-0.000640760059468,-0.00419999565929,-0.00355923548341,-0.00426825135946,0.248614788055,0,-0.00517997983843,-0.0566756986082,-0.0249154344201,0.00501908827573,0,1,0,0,-7.14940738678,0,0.0468148589134,0.0171267203987,264.579166656,-0.00711383810267,-0.00537985144183,267.891113281,264.663513184,8.13018226624,2.6228928566,1.18343663216,0.0781701803207
6120,193.264450318,1,0.247420027852,221.875,8.00032806396,0.000673755304888,1,191.843688965,1,19.470489502,8.10589504242,183.601227802,0.0120232803747,0.00499050505459,-0.000197377215954,1.32231128216,-0.0732827633619,-0.0554202049971,-0.0343821570277,-0.0260015614331,2.32520365715,-0.000669301196467,-0.0212302692235,1.04362463951,-0.000310752540827,-0.00641323719174,9.53150447458e-10,1,0.643346488476,0,1.30291438103,0,-0.000501583330333,-0.000426569837146,-0.0210625529289,-0.00652905460447,-0.0205609686673,-0.00610248465091,1.49223589897,-0.0217318516225,-0.0068398071453,-0.00258810771629,0.307897686958,0,0,0,0,1,0,0,0,0,0,0,0,0,1,0,0.551765084267,0.00244140625,0.231063365936,0.00244140625,264.8175354,-5.97573816776e-05,-0.00237251445651,9.79836906057e-11,-0.00231273379177,-0.00231273379177,-0.00237252563238,0.00244140625,2.8708691597,-0.001619447954,-0.038460470736,1.24778962135,-0.000750142615288,-0.0121330562979,2.05545802601e-07,1,0.269167482853,-0.00737027963623,-0.0031627099961,-0.0442112982273,-0.0145456241444,-0.0368410199881,-0.0113829141483,-0.0458307489753,-0.015295766294,-0.00465606106445,0.105518758297,0,0,0,1,0,0,0,0,0,0,0,0,1,0,0.236541494727,0.0751538574696,264.868011475,-7.13765621185e-05,-0.00357009097934,-0.000653180177324,-0.00415208144113,-0.00349890138023,-0.00422329083085,0.248584657907,0,-0.00520882569253,-0.0565645359457,-0.0251197777689,0.00504857348278,0,1,0,0,-7.04544448853,0,0.0423523932695,0.0173506289721,264.57499999,-0.00701039237902,-0.00530162034556,267.890991211,264.643707275,8.10537719727,2.75278544426,0.962575554848,0.0704942792654
6180,201.839283896,1,0.245417103171,221.875,8.00017166138,0.000477520632558,1,188.59677124,1,18.4291400909,8.10231208801,191.747319701,0.0105670616031,0.0051151169464,-0.000195938700926,1.32231128216,-0.0718703344464,-0.0543520525098,-0.034315276891,-0.0259509831667,2.311876297,-0.000771481194533,-0.0206761620939,1.05171585083,-0.000348654866684,-0.00622098660097,2.91038304567e-11,1,0.65418702364,0,1.30523133278,0,-0.000489096739329,-0.000410318665672,-0.0203937795013,-0.00628265086561,-0.0199046842754,-0.00587233202532,1.49600100517,-0.0211652591825,-0.00663130544126,-0.00263966410421,0.31192111969,0,0,0,0,1,0,0,0,0,0,0,0,0,1,0,0.554154276848,0.003173828125,0.231170788407,0.003173828125,264.81427002,-6.90259039402e-05,-0.00237372145057,-1.71687539186e-10,-0.00230468367226,-0.00230468343943,-0.00237371399999,0.003173828125,2.86009597778,-0.00165768514853,-0.0371129587293,1.25994288921,-0.000780626141932,-0.0116845071316,2.04425305128e-07,1,0.287121713161,-0.00737027963623,-0.00320357689634,-0.0428255572915,-0.0141074582934,-0.035455275327,-0.0109038809314,-0.0444832406938,-0.0148880844936,-0.00470106722787,0.111993521452,0,0,0,1,0,0,0,0,0,0,0,0,1,0,0.239713668823,0.0760039761662,264.86529541,-7.53849744797e-05,-0.00353787839413,-0.000653788563795,-0.0041163796559,-0.00346259074286,-0.00419172644615,0.248154997826,0,-0.00522205699235,-0.0562608130276,-0.0252863876522,0.00508718937635,0,1,0,0,-6.99409580231,0,0.0371130481362,0.017787180841,264.570833323,-0.00695929909125,-0.00526298116893,267.890472412,264.604370117,8.10204696655,2.81254053116,0.837342023849,0.0611144043505
6240,205.265780571,1,0.242333561182,221.875,7.99999237061,0.00048165989574,1,184.103317261,1,17.7139511108,8.08610153198,195.002491543,0.0134567124769,0.00523250456899,-0.000193249798031,1.32231128216,-0.0697912424803,-0.05277973786,-0.0340476594865,-0.0257485955954,2.29410386086,-0.000795948551968,-0.0196055006236,1.05974268913,-0.000351273047272,-0.00615589413792,-2.61934474111e-10,1,0.668786525726,0,1.30836701393,0,-0.000481648370624,-0.000401768949814,-0.0192911997437,-0.00620639044791,-0.0188095532358,-0.00580462068319,1.50109660625,-0.0200871489942,-0.00655766297132,-0.00234922789969,0.317138016224,0,0,0,0,1,0,0,0,0,0,0,0,0,1,0,0.558467507362,0.0029296875,0.231630951166,0.0029296875,264.810791016,-6.94468617439e-05,-0.00234687328339,-3.48847506437e-10,-0.00227745203301,-0.00227745156735,-0.00234686583281,0.0029296875,2.84544467926,-0.0016340916045,-0.0355701968074,1.27138519287,-0.000738799688406,-0.0117515409365,2.05560354516e-07,1,0.297172218561,-0.00760554382578,-0.00336130615324,-0.0415416508913,-0.0143740475178,-0.0339361056685,-0.0110127413645,-0.0431757420301,-0.0151128470898,-0.00413821917027,0.115345694125,0,0,0,1,0,0,0,0,0,0,0,0,1,0,0.240496695042,0.0760759413242,264.862213135,-7.09220767021e-05,-0.00348450243473,-0.000675821036566,-0.00408947374672,-0.00341365276836,-0.00416035205126,0.247324541211,0,-0.00522304791957,-0.0557732991874,-0.0253965314478,0.00513945193961,0,1,0,0,-6.89811420441,0,0.0475416183472,0.0181996971369,264.566666656,-0.00686379522085,-0.00519075617194,267.889434814,264.632141113,8.08528423309,2.63410162926,0.762945771217,0.0553015731275
6300,188.375233921,1,0.239873483777,221.875,7.99990129471,0.000616608827841,1,180.830108643,1,17.6371097565,8.14410877228,178.956472225,0.0138638531789,0.00519600510597,-0.00019081652863,1.32231128216,-0.068112641573,-0.0515102930367,-0.0339053422213,-0.0256409682333,2.27639627457,-0.00066258670995,-0.0190116483718,1.06810760498,-0.000286907074042,-0.00600447319448,-7.56699591875e-10,1,0.673991501331,0.00146484375,1.3121907711,0.00146484375,-0.000472124957014,-0.000408710242482,-0.0188211873174,-0.0061262762174,-0.0183490626514,-0.00571756623685,1.50730991364,-0.0194837730378,-0.00641318364069,-0.00233278144151,0.316991537809,0,0.00146484375,0,0,1,0,0,0,0,0,0,0,0,1,0,0.568059027195,0.00048828125,0.233271509409,0.00048828125,264.807220459,-6.0647726059e-05,-0.00228681415319,1.23279719766e-11,-0.00222618272528,-0.00222618272528,-0.00228679180145,0.00048828125,2.82929897308,-0.00145403924398,-0.0350944027305,1.2807533741,-0.000640535377897,-0.0116758886725,2.07917764783e-07,1,0.303346276283,-0.00762158306316,-0.0033805090934,-0.0412619486451,-0.0144158620387,-0.0336403623223,-0.0110353538767,-0.0427159890532,-0.0150563986972,-0.00422268453985,0.116501770914,0,0,0,1,0,0,0,0,0,0,0,0,1,0,0.242159366608,0.0755748674273,264.859069824,-6.38663768768e-05,-0.00346438586712,-0.000678219250403,-0.00407873094082,-0.003400511574,-0.00414265692234,0.246128082275,0,-0.00521079543978,-0.0551037788391,-0.0254562553018,0.00520317815244,0,1,0,0,-6.81125831604,0,0.0490213744342,0.0180689431727,264.562499989,-0.0067773712799,-0.0051253978163,267.888305664,264.628692627,8.14360618591,2.52879428864,0.756110668182,0.0456330403686
6360,181.769648982,1,0.237540438771,221.875,7.99998378754,0.000662464590278,1,178.197036743,1,17.3892040253,8.10049724579,172.681166533,0.0120744807646,0.00528721045703,-0.000188040838111,1.32231128216,-0.0666105300188,-0.0503743179142,-0.033615346998,-0.0254216585308,2.25983667374,-0.000458452152088,-0.0180078726262,1.07450950146,-0.00021753195324,-0.00563867716119,-4.36557456851e-10,1,0.685795068741,0.001953125,1.31611180305,0.001953125,-0.000444695411716,-0.000378142285626,-0.0179941151291,-0.00579928793013,-0.0175494197756,-0.00542114535347,1.51368176937,-0.0184525679797,-0.00601681973785,-0.00239885039628,0.319619357586,0,0.001953125,0,0,1,0,0,0,0,0,0,0,0,1,0,0.580508112907,0,0.235772207379,0,264.803588867,-4.37498092651e-05,-0.00219925493002,4.64885047124e-10,-0.00215553538874,-0.0021555358544,-0.00219924002886,0,2.81452178955,-0.00112741789781,-0.0342101156712,1.28844773769,-0.000516019179486,-0.0111456969753,2.08208803087e-07,1,0.308838278055,-0.00745132658631,-0.00331068085507,-0.0405340231955,-0.0139403576031,-0.0330826938152,-0.0106296772137,-0.0416614413261,-0.0144563773647,-0.00460907118395,0.117079526186,0,0,0,1,0,0,0,0,0,0,0,0,1,0,0.249620616436,0.0765257775784,264.856140137,-4.04193997383e-05,-0.00339007377625,-0.000678793468978,-0.00402844510972,-0.00334965158254,-0.0040689483285,0.24476391077,0,-0.00518839480355,-0.0543466955423,-0.0254792198539,0.00526853092015,0,1,0,0,-6.71217918396,0,0.0425372049212,0.0183910634369,264.558333323,-0.00667878519744,-0.00505084171891,267.887237549,264.616912842,8.10011291504,2.79940223694,0.795207560062,0.0473714992404
6420,204.995575911,1,0.236151471734,221.875,8.00042057037,0.000479360780446,1,176.11000061,1,17.541103363,8.08873558044,194.745797116,0.0152652245015,0.00532439164817,-0.000186951059732,1.32231128216,-0.065710246563,-0.0496934764087,-0.0334671325982,-0.0253095719963,2.24322509766,-0.000530423480086,-0.0175347030163,1.08009278774,-0.000229026190937,-0.00544096389785,-1.54250301421e-09,1,0.693008601665,0,1.32006859779,0,-0.000424596189987,-0.000364879757399,-0.0174288768321,-0.0055768173188,-0.0170042812824,-0.00521193724126,1.5201113224,-0.017959298566,-0.00580584397539,-0.0024555628188,0.31986322999,0,0,0,0,1,0,0,0,0,0,0,0,0,1,0,0.583279132843,0,0.234115734696,0,264.799865723,-4.39696013927e-05,-0.00218071043491,2.8778776584e-10,-0.00213674316183,-0.00213674362749,-0.0021806769073,0,2.79798078537,-0.000884255277924,-0.0335118211806,1.29528367519,-0.000396763469325,-0.0111759658903,2.10086000152e-07,1,0.30386942625,-0.00742994900793,-0.00330185797065,-0.0400575101376,-0.0140810590237,-0.0326275639236,-0.0107792019844,-0.0409417673945,-0.0144778238609,-0.00451032072306,0.1138574332,0,0,0,1,0,0,0,0,0,0,0,0,1,0,0.242937445641,0.0734212175012,264.852783203,-1.13509595394e-05,-0.00336316972971,-0.00067705771653,-0.00402877200395,-0.00335171446204,-0.00404020771384,0.243303909898,0,-0.00515943439677,-0.0535521507263,-0.0254613086581,0.00533447507769,0,1,0,0,-6.67327880859,0,0.0541348867118,0.0185247249901,264.554166656,-0.00664007849991,-0.00502156978473,267.886474609,264.598846436,8.08852386475,2.63636612892,0.883229494095,0.0453156530857
6480,198.63961366,1,0.235460504889,221.875,8.00034809113,0.000235058032558,1,174.906188965,1,17.6605148315,8.10267829895,188.707632977,0.0124293603003,0.00535767804831,-0.000186590274097,1.32231128216,-0.0651886761189,-0.0492990389466,-0.0335403755307,-0.0253649614751,2.22662377357,-0.00066630722722,-0.0169998351485,1.08695554733,-0.000284856272629,-0.00528102135286,-7.71251507103e-10,1,0.7020149827,0,1.32395100594,0,-0.000399671756895,-0.000357235665433,-0.016733199358,-0.00535340048373,-0.016333527863,-0.00499616516754,1.52642011642,-0.0173995047808,-0.00563825760037,-0.0024461208377,0.321285992861,0,0,0,0,1,0,0,0,0,0,0,0,0,1,0,0.596394300461,0,0.237004116178,0,264.796020508,-5.31524419785e-05,-0.00211392343044,-5.37130229183e-10,-0.00206069648266,-0.00206069578417,-0.00211389735341,0,2.7802772522,-0.00102016492747,-0.0327367559075,1.30544149876,-0.000464871496661,-0.0112501960248,2.11759470403e-07,1,0.307033896446,-0.00739650335163,-0.00345396762714,-0.0391130968928,-0.0142392925918,-0.0317165926099,-0.010785324499,-0.0401332639158,-0.0147041641176,-0.00418539671227,0.114372484386,0,0,0,1,0,0,0,0,0,0,0,0,1,0,0.24995623529,0.0748815238476,264.849304199,-1.77770853043e-05,-0.00326263159513,-0.000694883288816,-0.00393964350224,-0.00324476067908,-0.00395754724741,0.241937473416,0,-0.0051341066137,-0.0528201386333,-0.0254449024796,0.00539918150753,0,1,0,0,-6.6604013443,0,0.0438192337751,0.0186408013105,264.549999989,-0.00662726489827,-0.00501187937334,267.885650635,264.606170654,8.10266304016,2.74550962448,0.795883834362,0.0443144440651
6540,193.501905265,1,0.235732898116,221.875,8.00044059753,0.000268340460025,1,174.945755005,1,17.4324817657,8.06933498383,183.826810001,0.0124145420268,0.00533934449777,-0.000187196259503,1.32231128216,-0.0651613995433,-0.0492784120142,-0.0339621268213,-0.0256839115173,2.21355867386,-0.000825729162898,-0.0169784650207,1.09425008297,-0.000343823223375,-0.00530658802018,1.7462298274e-09,1,0.70196557045,0,1.32747018337,0,-0.000391475972719,-0.000360646256013,-0.0165442135185,-0.00532341049984,-0.0161527376622,-0.00496276374906,1.5321393013,-0.017369940877,-0.00566723430529,-0.00248360238038,0.31899112463,0,0,0,0,1,0,0,0,0,0,0,0,0,1,0,0.600901961327,0,0.236789166927,0,264.792175293,-7.05868005753e-05,-0.00209838151932,-1.57827625968e-10,-0.00202780636027,-0.00202780612744,-0.00209838151932,0,2.76466345787,-0.00139685464092,-0.0327990502119,1.31419062614,-0.00059031881392,-0.0108340904117,2.10828147829e-07,1,0.31070664525,-0.00740814069286,-0.0034471610561,-0.0388103350997,-0.0136909326538,-0.0314021967351,-0.0102437715977,-0.0402071923018,-0.0142812514678,-0.00475809071213,0.114797636867,0,0,0,1,0,0,0,0,0,0,0,0,1,0,0.255941271782,0.0758364871144,264.845672607,-4.91738319397e-05,-0.00324836373329,-0.000696157105267,-0.00389533373527,-0.00319917639717,-0.00394460558891,0.240740135312,0,-0.00511279143393,-0.0521721802652,-0.0254655666649,0.0054578371346,0,1,0,0,-6.68203115463,0,0.0437656491995,0.0185765996575,264.545833322,-0.00664878729731,-0.00502815609798,267.88470459,264.625183105,8.06893825531,2.78780937195,0.870429635048,0.0473239198327
6600,186.052842118,1,0.235583275557,221.875,8.00027179718,0.000474514235975,1,174.748519897,1,17.4887886047,8.07744121552,176.750200012,0.01070790831,0.00541473878548,-0.000187050929526,1.32231128216,-0.0649162456393,-0.0490930117667,-0.0342289172113,-0.0258856732398,2.20043373108,-0.000708385254256,-0.016387809068,1.09994888306,-0.000285517424345,-0.0053178044036,1.04773789644e-09,1,0.706631839275,0,1.33036959171,0,-0.000376857526135,-0.000345607259078,-0.0160562805831,-0.0053778947331,-0.015679422766,-0.00503228744492,1.53685069084,-0.0167646668851,-0.00566341215745,-0.00231756991707,0.319303452969,0,0,0,0,1,0,0,0,0,0,0,0,0,1,0,0.608409166336,0,0.238368570805,0,264.788269043,-6.18696212769e-05,-0.00203990936279,1.16541304385e-10,-0.00197804439813,-0.00197804463096,-0.00203990936279,0,2.74734115601,-0.00133868539706,-0.0317817740142,1.32027959824,-0.000569378957152,-0.0106583461165,2.11643055081e-07,1,0.320485889912,-0.00723803695291,-0.0034395235125,-0.0376811288297,-0.0135284923017,-0.0304430872202,-0.010088969022,-0.0390198156238,-0.0140978712589,-0.00462079932913,0.117665961385,0,0,0,1,0,0,0,0,0,0,0,0,1,0,0.2658200562,0.0783191397786,264.84185791,-4.96506690979e-05,-0.00320300459862,-0.000685082573909,-0.0038384613581,-0.0031533788424,-0.00388813018799,0.239812701941,0,-0.00509802112356,-0.0516435205936,-0.0255374461412,0.00550615973771,0,1,0,0,-6.67684412003,0,0.037618406117,0.0188402086496,264.541666656,-0.0066436259076,-0.00502425245941,267.884033203,264.621185303,8.07698535919,2.75248908997,0.980133533478,0.0457056313753
6660,178.426613089,1,0.233706757426,221.875,8.00087070465,0.00050112925237,1,172.517333984,1,17.3352603912,8.08114433289,169.505282434,0.0117513900623,0.00557921780273,-0.000184978402103,1.32231128216,-0.0636920034885,-0.04816718027,-0.0340515300632,-0.0257515236735,2.18326854706,-0.00035552342888,-0.0155170131475,1.1044485569,-0.0001664821757,-0.00515340734273,1.62981450558e-09,1,0.713258981705,0,1.33317327499,0,-0.00035823622602,-0.000320051651215,-0.0155197260901,-0.00530697684735,-0.0151614900678,-0.00498692505062,1.54140639305,-0.0158752482384,-0.00547345960513,-0.00222399597988,0.320399820805,0,0,0,0,1,0,0,0,0,0,0,0,0,1,0,0.614506840706,0,0.239141047001,0,264.784118652,-3.3512711525e-05,-0.00197443366051,5.37769828668e-11,-0.00194093328901,-0.00194093328901,-0.00197443366051,0,2.72795391083,-0.000811207573861,-0.0303192380816,1.32576799393,-0.000402904464863,-0.0103485845029,2.13505700231e-07,1,0.332657158375,-0.00694348616526,-0.00331817497499,-0.0364515185356,-0.0132638551295,-0.0295080300421,-0.009945679456,-0.0372627303004,-0.0136667592451,-0.00450031179935,0.121208921075,0,0,0,1,0,0,0,0,0,0,0,0,1,0,0.267219156027,0.0781175121665,264.838043213,-1.17421150208e-05,-0.00312256813049,-0.000673852511682,-0.00378473685123,-0.00311088422313,-0.00379651784897,0.238873645663,0,-0.00507995439693,-0.0511044636369,-0.0256003569812,0.00555288605392,0,1,0,0,-6.60286474228,0,0.041371718049,0.0194182209671,264.537499989,-0.00657001463696,-0.00496858404949,267.883087158,264.624328613,8.08109283447,2.78774642944,0.952992856503,0.0505965799093
6720,185.085887242,1,0.231006100774,221.875,8.0006570816,0.00030280998908,1,169.537750244,1,17.2409763336,8.09400558472,175.83159288,0.0162105951458,0.0056766490452,-0.000181779076229,1.32231128216,-0.0620335899293,-0.0469130016863,-0.0336311161518,-0.0254335850477,2.16243839264,-0.000256084778812,-0.0148405525833,1.1080981493,-0.000152476597577,-0.00492572691292,1.62981450558e-09,1,0.721387386322,0,1.33641886711,0,-0.000344839412719,-0.000294604426017,-0.0149293066934,-0.00506785511971,-0.0145844677463,-0.00477324984968,1.54668080807,-0.0151853924617,-0.00522033171728,-0.00224582850933,0.321733117104,0,0,0,0,1,0,0,0,0,0,0,0,0,1,0,0.622137129307,0,0.240083113313,0,264.779724121,-2.35661864281e-05,-0.00191632658243,-4.12784056936e-10,-0.00189271732233,-0.00189271685667,-0.00191631913185,0,2.70727586746,-0.000639449805021,-0.0294604599476,1.33215761185,-0.000363605970051,-0.0101780518889,2.13622115552e-07,1,0.332337975502,-0.00691602006555,-0.00336065632291,-0.0357370302081,-0.0131751019508,-0.0288210101426,-0.00981444492936,-0.0363764837384,-0.0135387089103,-0.00444775167853,0.12032070756,0,0,0,1,0,0,0,0,0,0,0,0,1,0,0.262425243855,0.076220870018,264.834259033,5.30481338501e-06,-0.00309607386589,-0.000673945411108,-0.00377539126202,-0.00310144550167,-0.00377015769482,0.237676665187,0,-0.00505186477676,-0.0504573360085,-0.0256063584238,0.00560698192567,0,1,0,0,-6.4886636734,0,0.0576023682952,0.0197627712041,264.533333322,-0.00645638164133,-0.00488264905289,267.882141113,264.61920166,8.0938129425,2.84928917885,1.04146707058,0.0535759627819
6780,179.905443288,1,0.229581221938,221.875,8.00089550018,0.00018557914882,1,167.217514038,1,17.6882038116,8.08650016785,170.910171124,0.0130525203422,0.00559920910746,-0.000180911985808,1.32231128216,-0.0610885024071,-0.0461982749403,-0.033551376313,-0.025373281911,2.14575910568,-0.000346961634932,-0.0148925548419,1.11225628853,-0.000176465197001,-0.00511980755255,1.92085281014e-09,1,0.71624225378,0,1.34017467499,0,-0.000349059293512,-0.00030134577537,-0.0148946512491,-0.00524468813092,-0.0145455934107,-0.00494334194809,1.55278372765,-0.0152416145429,-0.00542115326971,-0.00215895636939,0.317003905773,0,0,0,0,1,0,0,0,0,0,0,0,0,1,0,0.615414977074,0,0.235494554043,0,264.775787354,-2.98470258713e-05,-0.00193803012371,-5.60420987394e-10,-0.00190820312127,-0.0019082025392,-0.00193802267313,0,2.69151973724,-0.000765095581301,-0.0300511941314,1.33826243877,-0.000377600605134,-0.0102196605876,2.13214661926e-07,1,0.321922749281,-0.00693133287132,-0.00342525658198,-0.0362174324691,-0.0132673159242,-0.0292861014605,-0.00984206050634,-0.0369825325906,-0.0136449160054,-0.00479522021487,0.115988075733,0,0,0,1,0,0,0,0,0,0,0,0,1,0,0.247304946184,0.0716303139925,264.831054688,4.47034835815e-07,-0.00316674262285,-0.000683802587446,-0.00385105470195,-0.00316725228913,-0.00385064631701,0.23626974225,0,-0.00501730199903,-0.0497325062752,-0.0255691446364,0.00566957611591,0,1,0,0,-6.4577126503,0,0.0460751391947,0.0194884128869,264.529166655,-0.00642558466643,-0.00485935853794,267.881317139,264.601226807,8.08648204803,3.076795578,1.11835384369,0.0584189891815
6840,182.322758761,1,0.230787307024,221.875,8.00116348267,0.000322905776557,1,167.17074585,1,18.0575351715,8.07077598572,173.206620823,0.0181835535914,0.00554473185912,-0.000183829615708,1.32231128216,-0.0616174899042,-0.0465983226895,-0.0341125577688,-0.025797676295,2.13700652122,-0.000368623586837,-0.0154396155849,1.11875295639,-0.000215419684537,-0.00545234885067,2.03726813197e-10,1,0.701509475708,0,1.34376060963,0,-0.000351207738277,-0.000315994955599,-0.0154221998528,-0.00555292330682,-0.0150709925219,-0.00523692881688,1.55861091614,-0.0157908238471,-0.00576834380627,-0.00221738265827,0.308501958847,0,0,0,0,1,0,0,0,0,0,0,0,0,1,0,0.599316000938,0.000732421875,0.227942541242,0.000732421875,264.77255249,-3.23466956615e-05,-0.0020023919642,-4.29180690986e-10,-0.00196997774765,-0.00196997728199,-0.00200238823891,0.000732421875,2.68178725243,-0.000661715457682,-0.0313009023666,1.34523200989,-0.0004173911002,-0.0107793416828,2.09955032915e-07,1,0.295712798834,-0.00700538186356,-0.00344016123563,-0.037644572556,-0.0138021102175,-0.0306391902268,-0.0103619489819,-0.0383062884212,-0.0142195019871,-0.00520129967481,0.106038868427,0,0,0,1,0,0,0,0,0,0,0,0,1,0,0.227590680122,0.0655937194824,264.82824707,7.36862421036e-06,-0.00329681485891,-0.000705652288161,-0.00400987640023,-0.00330422446132,-0.00400251150131,0.235097825527,0,-0.00499453395605,-0.0491166487336,-0.0255750790238,0.00572934187949,0,1,0,0,-6.56185817719,0,0.0648864209652,0.0193018503487,264.524999988,-0.00652921199799,-0.00493772700429,267.880615234,264.590484619,8.0706205368,2.84376144409,0.868293464184,0.0638964176178
6900,183.17026192,1,0.232935190201,246.875,7.99985122681,0.000449895655038,1,167.311004639,1,18.5573425293,8.08490085602,174.011748824,0.0159234702587,0.00553387356922,-0.000188851656276,1.32231128216,-0.0627223998308,-0.0474339127541,-0.0348358526826,-0.0263446681201,2.13618612289,-0.000273760932032,-0.0157053433359,1.12811899185,-0.000158882787218,-0.00565943028778,-5.82076609135e-11,1,0.691195607185,0,1.34661102295,0,-0.000362006685464,-0.000323661428411,-0.0157935898751,-0.00582420919091,-0.0154315829277,-0.00550054758787,1.56324291229,-0.0160673521459,-0.00598309189081,-0.00223603099585,0.302801162004,0,0,0,0,1,0,0,0,0,0,0,0,0,1,0,0.583040416241,0.01025390625,0.220827072859,0.01025390625,264.770233154,-2.02879309654e-05,-0.00207082927227,-8.46273606747e-11,-0.00205051153898,-0.00205051153898,-0.00207082182169,0.01025390625,2.67813849449,-0.000402450677939,-0.0322249382734,1.35623693466,-0.000269583310001,-0.011285725981,2.0710285753e-07,1,0.268915444613,-0.00723957177252,-0.00355105334893,-0.0390620566905,-0.0145671954378,-0.0318224877119,-0.0110161434859,-0.039464507252,-0.0148367788643,-0.00538960471749,0.0962775349617,0,0,0,1,0,0,0,0,0,0,0,0,1,0,0.195091992617,0.0559593886137,264.826049805,2.71946191788e-05,-0.00348229706287,-0.000727465027012,-0.00423694774508,-0.00350948283449,-0.00420977175236,0.234490126371,0,-0.00499703735113,-0.0487436950207,-0.0256746411324,0.00577685050666,0,1,0,0,-6.74112129211,0,0.0565476939082,0.0192617382854,264.520833322,-0.00670758355409,-0.00507262069732,267.879638672,264.579681396,8.08454418182,2.90579628944,1.03320837021,0.0588402375579
6960,202.703120578,1,0.235492452979,253.125,7.99985408783,0.000293926015729,1,167.572189331,1,19.7033615112,8.09163475037,192.56796455,0.0122587876394,0.00545584224164,-0.000194835927687,1.32231128216,-0.0639901980758,-0.0483926869929,-0.0358146950603,-0.0270849205554,2.14027786255,-0.000257248437265,-0.0161203183234,1.13949072361,-0.000125940568978,-0.00628989422694,-9.16770659387e-10,1,0.678047001362,0,1.3488035202,0,-0.000371937232558,-0.000338355312124,-0.0162350051105,-0.00650230888277,-0.0158630684018,-0.00616395333782,1.56680560112,-0.0164922550321,-0.00662824977189,-0.0019369040383,0.2965721488,0,0,0,0,1,0,0,0,0,0,0,0,0,1,0,0.569600045681,0.009033203125,0.215128004551,0.009033203125,264.768493652,-2.60435044765e-05,-0.00215907767415,3.69550223756e-11,-0.00213300762698,-0.00213300809264,-0.00215907394886,0.009033203125,2.68042087555,-0.000281537708361,-0.0331148765981,1.36836862564,-0.000156329289894,-0.0119307357818,2.07175617106e-07,1,0.252722144127,-0.00719137955457,-0.00358902383596,-0.0400247201324,-0.0153634306043,-0.0328333415091,-0.0117744076997,-0.0403062552214,-0.0155197605491,-0.00533973332494,0.0901574492455,0,0,0,1,0,0,0,0,0,0,0,0,1,0,0.186099112034,0.0530266053975,264.824249268,2.63452529907e-05,-0.00359092280269,-0.00071053695865,-0.00432787742466,-0.00361734023318,-0.0043014921248,0.234422445297,0,-0.00502523221076,-0.0485919862986,-0.0258681662381,0.00581339001656,0,1,0,0,-6.95473241806,0,0.0432027801871,0.0189853459597,264.516666655,-0.00692013185471,-0.00523336045444,267.87902832,264.58392334,8.09162139893,2.85505104065,0.903254270554,0.0558032467961
7020,197.672440226,1,0.237392112613,221.875,7.99974870682,0.000279003608739,1,168.190383911,1,20.0653934479,8.12362480164,187.788818215,0.0123755289242,0.00548957940191,-0.000198855530471,1.32231128216,-0.0648949369788,-0.0490768998861,-0.0366293564439,-0.0277010090649,2.1457669735,-0.000365113723092,-0.0160393230617,1.15230703354,-0.000161260890309,-0.00642936164513,2.91038304567e-10,1,0.682325184345,0,1.35024309158,0,-0.000376899144612,-0.000335367076332,-0.0160511098802,-0.00660346774384,-0.0156742092222,-0.00626810034737,1.56914496422,-0.0164162218571,-0.00676472904161,-0.00183196295984,0.298259735107,0,0,0,0,1,0,0,0,0,0,0,0,0,1,0,0.576234340668,0.010498046875,0.217305853963,0.010498046875,264.766540527,-4.09781932831e-05,-0.00216506421566,1.3559239842e-10,-0.00212401314639,-0.00212401291355,-0.00216506421566,0.010498046875,2.68562507629,-0.000460506416857,-0.0331975780427,1.3822517395,-0.000175711116754,-0.0124032674357,2.07975972444e-07,1,0.255771011114,-0.00720218056813,-0.00365113187581,-0.0399392545223,-0.015878688544,-0.0327370762825,-0.0122275566682,-0.0403997600079,-0.0160543993115,-0.00501835951582,0.0906011164188,0,0,0,1,0,0,0,0,0,0,0,0,1,0,0.199722737074,0.0562539100647,264.822418213,3.78489494324e-06,-0.00359591841698,-0.000686451618094,-0.00428622728214,-0.00359977572225,-0.00428245961666,0.234830841422,0,-0.00507427705452,-0.0486314594746,-0.026160525158,0.00583738274872,0,1,0,0,-7.0982131958,0,0.0436246432364,0.0191035810858,264.512499988,-0.00706289848313,-0.00534132821485,267.878112793,264.590942383,8.12357902527,2.84966731071,0.846110582352,0.0594380311668
7080,195.448480526,1,0.239027157426,221.875,8.00018024445,0.000292843848001,1,168.876083374,1,20.143163681,8.1623916626,185.6760565,0.0120425671339,0.00548816053197,-0.000202168550459,1.32231128216,-0.0656896084547,-0.0496778711677,-0.0373163856566,-0.0282205753028,2.15108156204,-0.000342827639543,-0.0164163522422,1.16549682617,-0.000146451347973,-0.00658502196893,8.73114913702e-10,1,0.676209807396,0,1.35119199753,0,-0.000400539021939,-0.000344376341673,-0.0164740607142,-0.00678294664249,-0.0160735230893,-0.00643857009709,1.57068681717,-0.0168168880045,-0.00692939944565,-0.00193961476907,0.295996367931,0,0,0,0,1,0,0,0,0,0,0,0,0,1,0,0.568568527699,0.009033203125,0.214576244354,0.009033203125,264.764434814,-3.84002923965e-05,-0.00222881138325,-2.02698330343e-10,-0.0021903552115,-0.0021903552115,-0.00222878158092,0.009033203125,2.6902153492,-0.000534362625331,-0.0334892868996,1.3983309269,-0.00018055876717,-0.0126153435558,2.05647666007e-07,1,0.259649008512,-0.00708041153848,-0.00370818283409,-0.0400353334844,-0.0161429680884,-0.0329549238086,-0.012434784323,-0.0405696965754,-0.0163235254586,-0.00498255994171,0.0916504487395,0,0,0,1,0,0,0,0,0,0,0,0,1,0,0.199143409729,0.0558978095651,264.82043457,9.23871994019e-07,-0.00364524126053,-0.000688923988491,-0.00433498807251,-0.00364606431685,-0.00433422625065,0.235461503267,0,-0.0051309093833,-0.0487687923014,-0.0264967754483,0.00585319846869,0,1,0,0,-7.21647262573,0,0.0424220077693,0.0190989226103,264.508333321,-0.00718056969345,-0.00543031701818,267.877288818,264.562164307,8.16229534149,2.86130738258,0.966116964817,0.0568460524082
7140,189.319375271,1,0.239619940519,221.875,7.99971675873,0.000209402598557,1,168.489944458,1,19.5886688232,8.13262557983,179.853406508,0.0128673845902,0.00563644338399,-0.000204143187148,1.32231128216,-0.0659386664629,-0.0498662218451,-0.0376372225583,-0.0284632090479,2.15414333344,-0.000282633322058,-0.0163582786918,1.17757177353,-0.000128688407131,-0.00645234715194,-3.05590219796e-10,1,0.679531872272,0,1.35194480419,0,-0.000405534810852,-0.00034740002593,-0.016481179744,-0.0066710584797,-0.0160756446421,-0.00632365839556,1.57191038132,-0.0167638137937,-0.00679974770173,-0.00209168368019,0.298053503036,0,0,0,0,1,0,0,0,0,0,0,0,0,1,0,0.564502120018,0.00927734375,0.213375031948,0.00927734375,264.762268066,-3.42652201653e-05,-0.00227420032024,2.82836531973e-11,-0.00223989319056,-0.00223989319056,-0.00227419659495,0.00927734375,2.69364213943,-0.000540715758689,-0.0330379232764,1.41706097126,-0.000187956669834,-0.0125662814826,2.05676769838e-07,1,0.261341094971,-0.0072694607079,-0.00402652751654,-0.0397666729987,-0.0164048522711,-0.0324972122908,-0.0123783238232,-0.0403073877096,-0.0165928099304,-0.00475437287241,0.0921140164137,0,0,0,1,0,0,0,0,0,0,0,0,1,0,0.193793475628,0.054291382432,264.818664551,-1.48266553879e-06,-0.00372315943241,-0.00070275424514,-0.0044243177399,-0.00372156337835,-0.0044259801507,0.236199945211,0,-0.00519076688215,-0.0489624217153,-0.026845401153,0.00586574710906,0,1,0,0,-7.28695821762,0,0.0454042963684,0.0196248479187,264.504166655,-0.00725070480257,-0.00548335677013,267.876678467,264.554656982,8.13057518005,2.9903588295,0.873018145561,0.0588486641645
7200,193.075699409,1,0.239380225539,246.875,8.00043678284,0.000395973445848,1,167.322143555,1,19.2078456879,8.07212638855,183.421914438,0.0133114755154,0.00570811936632,-0.00020495163335,1.32231128216,-0.0656829550862,-0.0496728383005,-0.0377781018615,-0.0285697486252,2.15475773811,-0.000327539426507,-0.0161786861718,1.18998432159,-0.000143035344081,-0.00631995685399,-1.80443748832e-09,1,0.68602335453,0,1.35301744938,0,-0.000401920900913,-0.000350382411852,-0.0162530690432,-0.00652730278671,-0.0158511474729,-0.00617692060769,1.57365345955,-0.0165806058794,-0.00667033903301,-0.00216244719923,0.301444649696,0,0,0,0,1,0,0,0,0,0,0,0,0,1,0,0.565343081951,0.004638671875,0.214078992605,0.004638671875,264.760192871,-3.81208956242e-05,-0.00229468941689,5.04609354302e-10,-0.00225651543587,-0.00225651590154,-0.00229468010366,0.004638671875,2.69525408745,-0.000794469611719,-0.0327106043696,1.43552923203,-0.000286115013296,-0.0126810511574,2.04658135772e-07,1,0.264778673649,-0.00720671843737,-0.00417796894908,-0.0391228534281,-0.0165729038417,-0.0319161377847,-0.0123949348927,-0.0399173274636,-0.0168590210378,-0.00443576462567,0.0934341698885,0,0,0,1,0,0,0,0,0,0,0,0,1,0,0.186787247658,0.0524818524718,264.817077637,-1.88276171684e-05,-0.00375861674547,-0.000706645892933,-0.00444645900279,-0.0037398126442,-0.00446531921625,0.236808627844,0,-0.00524622015655,-0.0491152480245,-0.0271586328745,0.00588362431154,0,1,0,0,-7.31581497192,0,0.0470143780112,0.0198784545064,264.499999988,-0.00727941794321,-0.00550507148728,267.876159668,264.577575684,8.07207870483,2.93335723877,1.02508664131,0.0644592642784
7260,199.092665236,1,0.237986430526,221.875,8.00066375732,0.000259561813436,1,165.187133789,1,19.1982784271,8.05961227417,189.138031974,0.0181509368122,0.00578497489914,-0.000203995397897,1.32231128216,-0.0647193193436,-0.0489440858364,-0.0376867465675,-0.0285006612539,2.14997339249,-0.000369528890587,-0.0156697370112,1.20024108887,-0.000173884647666,-0.00628887070343,-2.19733919948e-09,1,0.697239279747,0,1.35460960865,0,-0.000390091154259,-0.000337942736223,-0.0156903006136,-0.00645292876288,-0.015300209634,-0.00611498579383,1.57624065876,-0.0160598289222,-0.00662681367248,-0.00201510218903,0.306259512901,0,0,0,0,1,0,0,0,0,0,0,0,0,1,0,0.572572827339,0,0.216644927859,0,264.757659912,-4.43905591965e-05,-0.00228586420417,9.18295162133e-11,-0.00224145594984,-0.00224145594984,-0.00228586047888,0,2.69269800186,-0.000889990944415,-0.031549885869,1.45072245598,-0.000374670489691,-0.0123776644468,2.03581294045e-07,1,0.283045142889,-0.00712053757161,-0.00417589442804,-0.0377804338932,-0.0161788892001,-0.0306598972529,-0.0120029933751,-0.0386704280972,-0.0165535584092,-0.00427351333201,0.0998662859201,0,0,0,1,0,0,0,0,0,0,0,0,1,0,0.196102261543,0.0551728121936,264.815246582,-2.88803130388e-05,-0.00371015816927,-0.000705767306499,-0.00438702851534,-0.00368126062676,-0.00441596843302,0.23714491725,0,-0.00529139302671,-0.0491593554616,-0.0274177752435,0.00591015955433,0,1,0,0,-7.2816824913,0,0.0647654682398,0.0201493650675,264.495833321,-0.00724545540288,-0.00547938700765,267.875579834,264.551605225,8.05916213989,2.8131673336,0.987349748611,0.0691730752587
7320,203.568217629,1,0.236282810569,221.875,8.00159740448,0.000326840323396,1,162.798843384,1,19.3006057739,8.10459804535,193.389806748,0.0161643512547,0.0057958252728,-0.000202574636205,1.32231128216,-0.0635320469737,-0.0480462126434,-0.0375988185406,-0.0284341666847,2.14120864868,-0.000283559114905,-0.0152276102453,1.20937085152,-0.000124980200781,-0.00636862032115,-7.85803422332e-10,1,0.701854467392,0,1.35681319237,0,-0.000379543635063,-0.000331996765453,-0.0153235951439,-0.00657563703135,-0.0149440513924,-0.00624364009127,1.5798214674,-0.0156071539968,-0.00670061726123,-0.00179398641922,0.307832419872,0,0,0,0,1,0,0,0,0,0,0,0,0,1,0,0.57667016983,0,0.217763096094,0,264.754730225,-3.21492552757e-05,-0.00226287543774,1.46269260592e-10,-0.00223070243374,-0.00223070243374,-0.00226285308599,0,2.68806695938,-0.000720832613297,-0.0306284688413,1.46353602409,-0.000296223210171,-0.0124180670828,2.02911905944e-07,1,0.2898478508,-0.00736147072166,-0.00423186272383,-0.0372691079974,-0.0163537058979,-0.0299076363444,-0.0121218431741,-0.0379899404943,-0.0166499279439,-0.00402435846627,0.102214872837,0,0,0,1,0,0,0,0,0,0,0,0,1,0,0.209294989705,0.0587130188942,264.812988281,-9.38773155212e-06,-0.00360958278179,-0.000722879602108,-0.00432291999459,-0.00360004045069,-0.00433251261711,0.237122610211,0,-0.00532220304012,-0.0490397103131,-0.0276147685945,0.00594688719139,0,1,0,0,-7.23096752167,0,0.0574324205518,0.0201837159693,264.491666654,-0.0071949926205,-0.00544122466817,267.874938965,264.556610107,8.10418891907,3.17527389526,0.904049873352,0.0630903169513
7380,207.924045866,1,0.235376805067,221.875,8.00074768066,0.000186862525879,1,161.699951172,1,19.4901618958,8.08274841309,197.527843573,0.0124208470806,0.00570698827505,-0.0002016142098,1.32231128216,-0.0627531558275,-0.0474571734667,-0.0378011092544,-0.0285871494561,2.13353610039,-0.00023121596314,-0.014930171892,1.2193530798,-8.7519059889e-05,-0.00659941136837,-8.14907252789e-10,1,0.70218539238,0,1.35924088955,0,-0.000390798668377,-0.000357190030627,-0.0150897540152,-0.00686908233911,-0.0146989561617,-0.00651189265773,1.58376646042,-0.0153209688142,-0.00695660151541,-0.00148938212078,0.307163238525,0,0,0,0,1,0,0,0,0,0,0,0,0,1,0,0.57814592123,0,0.217646360397,0,264.751495361,-1.91926956177e-05,-0.00224727392197,1.92314081326e-10,-0.00222803722136,-0.00222803745419,-0.00224727392197,0,2.68484735489,-0.000645075808279,-0.0308058653027,1.47603464127,-0.000286098453216,-0.0129547547549,2.02679075301e-07,1,0.280781388283,-0.00759800337255,-0.00429102964699,-0.0377587936819,-0.0169596858323,-0.0301607903093,-0.0126686561853,-0.0384038686752,-0.0172457844019,-0.00390732986853,0.0988298356533,0,0,0,1,0,0,0,0,0,0,0,0,1,0,0.211085349321,0.0589842200279,264.810241699,7.24196434021e-06,-0.00361336767673,-0.000745674595237,-0.00436606165022,-0.00362038658932,-0.00435902178288,0.236859306693,0,-0.00534092541784,-0.0487985387444,-0.0277805328369,0.00598734850064,0,1,0,0,-7.19668483734,0,0.0437884517014,0.0198706071824,264.487499988,-0.0071608806029,-0.00541542749852,267.874206543,264.565368652,8.08269882202,3.04048967361,1.04330682755,0.0653499215841
7440,207.482636126,1,0.236175507307,246.875,8.00003147125,0.000363736762665,1,162.7237854,1,20.3355236053,8.12084007263,197.10850432,0.0128822149709,0.00561359804124,-0.000202392082429,1.32231128216,-0.0629206448793,-0.0475838370621,-0.0384849533439,-0.0291043072939,2.13067960739,-0.000350528483978,-0.0152364736423,1.23073124886,-0.000139761803439,-0.00673811743036,-1.55705492944e-09,1,0.697776794434,0,1.36114215851,0,-0.000393721653381,-0.000374420604203,-0.015279667452,-0.00697277672589,-0.0148859452456,-0.00659835617989,1.58685588837,-0.0156301949173,-0.00711253844202,-0.00158305675723,0.304509162903,0,0,0,0,1,0,0,0,0,0,0,0,0,1,0,0.576707005501,0,0.216419056058,0,264.748382568,-3.09534370899e-05,-0.00227141752839,-4.40511793709e-10,-0.00224038143642,-0.00224038097076,-0.0022714138031,0,2.68541622162,-0.000868917442858,-0.0315955355763,1.48920893669,-0.000419765827246,-0.0131684094667,2.02213414013e-07,1,0.274282872677,-0.00772729841992,-0.00429239217192,-0.0384539142251,-0.0170410349965,-0.0307266172022,-0.0127486428246,-0.0393228344619,-0.0174608007073,-0.00440151477233,0.0960657075047,0,0,0,1,0,0,0,0,0,0,0,0,1,0,0.208261311054,0.0579259507358,264.807800293,-1.1183321476e-05,-0.00365149229765,-0.000765183242038,-0.00440544029698,-0.00364025705494,-0.00441663712263,0.236634105444,0,-0.00535480584949,-0.0485527664423,-0.0279780048877,0.00601903442293,0,1,0,0,-7.22445106506,0,0.0454580150545,0.0195416584611,264.483333321,-0.00718850875273,-0.00543632125482,267.873382568,264.559295654,8.1208114624,3.05811405182,0.903569102287,0.0669578015804
7500,198.959236823,1,0.238519147038,246.875,7.99981737137,0.00031260412652,1,164.461486816,1,21.2087173462,8.1211681366,189.011274982,0.0133750196546,0.00555584114045,-0.000206274489756,1.32231128216,-0.0641528218985,-0.0485156737268,-0.0392897613347,-0.0297129433602,2.13258886337,-0.000515910680406,-0.0159019529819,1.24188160896,-0.000272594043054,-0.00682914070785,3.20142135024e-10,1,0.692320227623,0,1.36209201813,0,-0.000394960516132,-0.000382836675271,-0.0157810039818,-0.00693938322365,-0.0153860421851,-0.00655654678121,1.58839964867,-0.0162969138473,-0.00721197761595,-0.00194901740178,0.301662236452,0,0,0,0,1,0,0,0,0,0,0,0,0,1,0,0.568113565445,0.00244140625,0.212704196572,0.00244140625,264.745544434,-5.52013516426e-05,-0.0023602694273,-5.42132894132e-10,-0.00230501685292,-0.00230501638725,-0.00236024707556,0.00244140625,2.68633317947,-0.000950415327679,-0.0322735905647,1.50401473045,-0.000566814560443,-0.0134302219376,2.01893271878e-07,1,0.260587513447,-0.00788898114115,-0.00447447178885,-0.0392121523619,-0.0173378773034,-0.031323172152,-0.0128634069115,-0.0401625707746,-0.0179046932608,-0.00473603140563,0.0907658785582,0,0,0,1,0,0,0,0,0,0,0,0,1,0,0.196866735816,0.0544216260314,264.805328369,-2.5175511837e-05,-0.00374026596546,-0.00077975174645,-0.00449466146529,-0.00371490954421,-0.00452001392841,0.236769735813,0,-0.00537847261876,-0.0484602823853,-0.0282479785383,0.00603486783803,0,1,0,0,-7.36303520203,0,0.0472450107336,0.0193383693695,264.479166654,-0.0073264031671,-0.00554060377181,267.872375488,264.540039062,8.12086582184,3.11215376854,1.0991795063,0.0630945935845
7560,203.784280728,1,0.241122826934,221.875,7.99979114532,0.000276091130218,1,165.996078491,1,21.4521064758,8.09327697754,193.595066692,0.0161271169782,0.00553192384541,-0.000211133505218,1.32231128216,-0.0655906051397,-0.0496030002832,-0.0401039235294,-0.0303286556154,2.13779163361,-0.00048591470113,-0.0162830092013,1.25429534912,-0.000299117760733,-0.00686718802899,2.91038304567e-10,1,0.687347888947,0,1.36231219769,0,-0.000423816381954,-0.000405431550462,-0.0162209123373,-0.00697350129485,-0.0157970972359,-0.00656806956977,1.58875715733,-0.016706828028,-0.00727261975408,-0.00220606965013,0.300070136786,0,0,0,0,1,0,0,0,0,0,0,0,0,1,0,0.564759075642,0.001220703125,0.211734488606,0.001220703125,264.743103027,-5.43594360352e-05,-0.00239828974009,-4.17844397971e-10,-0.0023439261131,-0.00234392588027,-0.00239827483892,0.001220703125,2.69039726257,-0.000818481435999,-0.0328133180737,1.52022182941,-0.000554899219424,-0.0135427862406,2.02329829335e-07,1,0.249893724918,-0.00817354395986,-0.00472124991938,-0.0401683785021,-0.0177091360092,-0.0319948345423,-0.0129878865555,-0.0409868583083,-0.0182640366256,-0.0050677289255,0.0872908607125,0,0,0,1,0,0,0,0,0,0,0,0,1,0,0.185868322849,0.0515319593251,264.803161621,-1.82539224625e-05,-0.00381201505661,-0.000808374839835,-0.00460201688111,-0.00379364215769,-0.00462038815022,0.237348139286,0,-0.00542122125626,-0.0485830530524,-0.0285843759775,0.00603853538632,0,1,0,0,-7.53647899628,0,0.0572955906391,0.0192551072687,264.474999987,-0.00749898422509,-0.00567111885175,267.871368408,264.509735107,8.09314346313,3.07864427567,0.885916352272,0.0566027089953
7620,206.840146865,1,0.242281988263,221.875,8.00003910065,0.000208989105886,1,166.381576538,1,20.9886398315,8.12198162079,196.498139522,0.0141070317477,0.00560696050525,-0.000213696868741,1.32231128216,-0.0662418007851,-0.0500954650342,-0.0404592752457,-0.030597390607,2.14452004433,-0.000347579363734,-0.0160967316478,1.26589000225,-0.000211899488932,-0.00664470717311,6.69388100505e-10,1,0.691441893578,0,1.36207437515,0,-0.000438528484665,-0.000395861105062,-0.0161876808852,-0.00682866945863,-0.0157491527498,-0.00643280893564,1.58837080002,-0.0165352597833,-0.00704056862742,-0.00237683625892,0.302908957005,0,0,0,0,1,0,0,0,0,0,0,0,0,1,0,0.56091272831,0,0.211009353399,0,264.740783691,-4.20287251472e-05,-0.00242968648672,4.73990569017e-11,-0.00238768570125,-0.00238768570125,-0.00242968648672,0,2.69762253761,-0.000874126213603,-0.0329179614782,1.53592014313,-0.000514340703376,-0.0135082816705,2.01689545065e-07,1,0.247962206602,-0.00823876727372,-0.00476368516684,-0.040282599628,-0.0177576243877,-0.0320438370109,-0.0129939410836,-0.0411567315459,-0.0182719677687,-0.00524502666667,0.0868712216616,0,0,0,1,0,0,0,0,0,0,0,0,1,0,0.183025985956,0.0509002283216,264.801269531,-3.20374965668e-05,-0.00387313961983,-0.000805170391686,-0.00464614015073,-0.00384096964262,-0.00467826426029,0.238164097071,0,-0.00547362118959,-0.0488268733025,-0.0289389118552,0.00603457214311,0,1,0,0,-7.62798023224,0,0.0499064773321,0.0195187740028,264.470833321,-0.00759002985433,-0.00573997199535,267.870361328,264.537780762,8.12165260315,3.2492351532,0.809350967407,0.057503875345
7680,208.652513301,1,0.242449194193,246.875,8.00017261505,0.000421537755756,1,165.269897461,1,20.5197296143,8.15169525146,198.219887636,0.0135449795052,0.00563159305602,-0.000215579988435,1.32231128216,-0.0662921518087,-0.0501335449517,-0.0405823625624,-0.0306904762983,2.14791607857,-0.000432596949395,-0.0159580595791,1.27580428123,-0.000247553049121,-0.00677539873868,1.537046046e-09,1,0.696385145187,0,1.36207163334,0,-0.000445969140856,-0.000400628196076,-0.0159714333713,-0.00692847371101,-0.0155254639685,-0.00652784574777,1.58836627007,-0.0164040289819,-0.00717602670193,-0.0022370768711,0.305901437998,0,0,0,0,1,0,0,0,0,0,0,0,0,1,0,0.559387803078,0.001220703125,0.210826858878,0.001220703125,264.738220215,-4.91770915687e-05,-0.00247434061021,2.43722542148e-11,-0.00242514209822,-0.00242514209822,-0.00247432291508,0.001220703125,2.70144629478,-0.00120211194735,-0.032570540905,1.55046010017,-0.000623341184109,-0.0136315571144,2.00452632271e-07,1,0.260817408562,-0.00825981609523,-0.00486232712865,-0.0396282449365,-0.0178705435246,-0.0313684269786,-0.013008216396,-0.0408303588629,-0.0184938833117,-0.00495520420372,0.0914527177811,0,0,0,1,0,0,0,0,0,0,0,0,1,0,0.197040081024,0.0548367202282,264.79888916,-6.18994235992e-05,-0.00387095659971,-0.000806494557764,-0.00461538834497,-0.00380889349617,-0.00467740371823,0.238931804895,0,-0.00552684254944,-0.0490653589368,-0.0292541235685,0.00603452604264,0,1,0,0,-7.69519805908,0,0.0478622056544,0.0196043830365,264.466666654,-0.00765691371635,-0.0057905530557,267.86932373,264.554168701,8.15161323547,3.16066670418,1.08856296539,0.0647087842226
7740,208.33182672,1,0.244372621179,221.875,8.00042915344,0.000279852654785,1,166.403961182,1,21.2466259003,8.13644790649,197.915235384,0.0148496655747,0.00551377609372,-0.000219247158384,1.32231128216,-0.0671366602182,-0.0507722049952,-0.0415723398328,-0.0314391478896,2.15260028839,-0.000523963710293,-0.0167934000492,1.28796637058,-0.000310960807838,-0.00760716944933,1.68802216649e-09,1,0.680890381336,0,1.36215662956,0,-0.000463202683022,-0.000448367354693,-0.0167326387018,-0.00774457585067,-0.0162694361061,-0.00729620829225,1.58850455284,-0.0172566007823,-0.00805553700775,-0.00198027538136,0.299739807844,0,0,0,0,1,0,0,0,0,0,0,0,0,1,0,0.551599144936,0,0.208162382245,0,264.735717773,-5.86658716202e-05,-0.00256182998419,1.18650145264e-10,-0.00250313919969,-0.00250313943252,-0.00256182998419,0,2.70455360413,-0.00140835833736,-0.0341537408531,1.5634829998,-0.00075697619468,-0.0148502532393,2.01282091439e-07,1,0.241045057774,-0.00817061308771,-0.00483682425693,-0.0409159958363,-0.0189301017672,-0.0327453836799,-0.0140932770446,-0.0423243530095,-0.0196870770305,-0.00483826734126,0.0845783799887,0,0,0,1,0,0,0,0,0,0,0,0,1,0,0.186075761914,0.0519095733762,264.796569824,-8.64267349243e-05,-0.00400991737843,-0.000802700174972,-0.00472607836127,-0.00392337795347,-0.00481250882149,0.239697217941,0,-0.00558206532151,-0.0493018627167,-0.0295793302357,0.0060359435156,0,1,0,0,-7.82609891891,0,0.0526152551174,0.0191933363676,264.462499987,-0.0077871629037,-0.00588905438781,267.868347168,264.552947998,8.13515663147,3.00272679329,0.943702161312,0.0620914027095
7800,195.344672651,1,0.247313275933,221.875,8.0009355545,0.000485024531372,1,169.188247681,1,20.8198509216,8.13845539093,185.577439018,0.0172953903675,0.00545947439969,-0.000223517796258,1.32231128216,-0.0686207562685,-0.051894556731,-0.0428063869476,-0.0323723964393,2.15969133377,-0.0002648634254,-0.017290931195,1.3015332222,-0.000154673878569,-0.00784189067781,1.16415321827e-10,1,0.669807434082,0.001953125,1.36138880253,0.001953125,-0.000464528158773,-0.000463721138658,-0.0174905955791,-0.00815093889832,-0.0170260686427,-0.00768721755594,1.58725678921,-0.0177554599941,-0.00830561295152,-0.00207944237627,0.296313464642,0,0.001953125,0,0,1,0,0,0,0,0,0,0,0,1,0,0.55030298233,0.00732421875,0.208736717701,0.00732421875,264.733215332,-3.08901071548e-05,-0.00257831811905,-9.21569209833e-11,-0.00254739494994,-0.00254739494994,-0.00257832556963,0.00732421875,2.70919561386,-0.000910598319024,-0.033919095993,1.57647299767,-0.00047815812286,-0.0151678929105,2.01049260795e-07,1,0.243194580078,-0.00815602950752,-0.00476213917136,-0.0411645285785,-0.0194518752396,-0.0330085009336,-0.0146897351369,-0.0420751273632,-0.0199300330132,-0.00465150922537,0.0859073400497,0,0,0,1,0,0,0,0,0,0,0,0,1,0,0.19420479238,0.0545878186822,264.794311523,-4.05013561249e-05,-0.00396990776062,-0.000798500841483,-0.00472782179713,-0.00392932072282,-0.00476840138435,0.240828305483,0,-0.00564978457987,-0.0496856309474,-0.0300211142749,0.0060231462121,0,1,0,0,-7.97854137421,0,0.0615993440151,0.0190029144287,264.45833332,-0.00793884694576,-0.00600376538932,267.867553711,264.506286621,8.13844299316,3.09375953674,0.977246165276,0.0625943467021
7860,193.841874425,1,0.24690335989,221.875,8.00079345703,0.000332485651597,1,168.95199585,1,19.4846115112,8.11975955963,184.149780704,0.0185790881515,0.00560754816979,-0.000222719216254,1.32231128216,-0.06834500283,-0.0516860149801,-0.0427422076464,-0.0323238633573,2.16077518463,-6.52811140753e-05,-0.0168495327234,1.31070756912,-5.50738768652e-05,-0.00733388727531,1.7462298274e-10,1,0.680035173893,0.00537109375,1.36027491093,0.00537109375,-0.000466094963485,-0.000459772214526,-0.0172503478825,-0.00773858651519,-0.0167842525989,-0.00727881398052,1.58544659615,-0.0173156280071,-0.00779366027564,-0.0023625283502,0.302800416946,0,0.00537109375,0,0,1,0,0,0,0,0,0,0,0,1,0,0.553674578667,0.010009765625,0.21155372262,0.010009765625,264.730010986,-1.50427222252e-05,-0.00257237255573,3.36805472401e-10,-0.00255727302283,-0.00255727325566,-0.00257237255573,0.010009765625,2.71017098427,-0.00031653221231,-0.032916508615,1.58851516247,-0.000170620740391,-0.0141234006733,1.99652276933e-07,1,0.262702018023,-0.0083947815001,-0.00483573880047,-0.0409947559237,-0.0187885165215,-0.0325999744236,-0.0139527786523,-0.0413112863898,-0.0189591385424,-0.00526150688529,0.0935612469912,0,0,0,1,0,0,0,0,0,0,0,0,1,0,0.208642601967,0.0590833462775,264.791625977,1.62571668625e-05,-0.00390368700027,-0.000823905691504,-0.00474373577163,-0.00391983008012,-0.00472754985094,0.242005616426,0,-0.00571435969323,-0.0500968247652,-0.0304713938385,0.00600458029658,0,1,0,0,-7.95003509521,0,0.0663545653224,0.019521612674,264.454166653,-0.00791048258543,-0.00598231516778,267.867126465,264.488677979,8.11956977844,3.43537998199,0.914714455605,0.0626871958375
7920,209.001771254,1,0.244125515223,221.875,8.00085067749,0.00027372839395,1,165.584579468,1,18.8035316467,8.09821510315,198.551682691,0.0149611188099,0.00570560619235,-0.000219664390897,1.32231128216,-0.0667885839939,-0.0505089722574,-0.0418293215334,-0.0316334888339,2.15656471252,-3.06401634589e-05,-0.0163522381335,1.31475901604,-3.5807461245e-05,-0.00712114851922,1.01863406599e-09,1,0.688557982445,0.0048828125,1.36018979549,0.0048828125,-0.000457067362731,-0.00045487852185,-0.0167786646634,-0.00754021946341,-0.0163215957582,-0.00708534102887,1.58530831337,-0.0168093033135,-0.00757602741942,-0.00233401358128,0.307868212461,0,0.0048828125,0,0,1,0,0,0,0,0,0,0,0,1,0,0.552473545074,0.01123046875,0.211997359991,0.01123046875,264.726715088,-1.00210309029e-05,-0.00258795917034,1.09127995529e-09,-0.00257788784802,-0.00257788901217,-0.00258798152208,0.01123046875,2.70888924599,-0.000265178037807,-0.0320157408714,1.59585702419,-0.000122806464788,-0.0137855969369,1.9880826585e-07,1,0.278661191463,-0.00845286156982,-0.00488795433193,-0.0402034260333,-0.0185507461429,-0.0317505672574,-0.0136627908796,-0.0404686033726,-0.0186735522002,-0.00517038907856,0.0998267233372,0,0,0,1,0,0,0,0,0,0,0,0,1,0,0.205934435129,0.0586926788092,264.788757324,1.82464718819e-05,-0.0039424970746,-0.000827634707093,-0.00478828512132,-0.00396065041423,-0.00477012246847,0.242629498243,0,-0.00575533229858,-0.050282869488,-0.0307515542954,0.00600316282362,0,1,0,0,-7.84099245071,0,0.0530225373805,0.0198625475168,264.449999987,-0.00780198257416,-0.00590026145801,267.866333008,264.540985107,8.0982093811,3.20390081406,0.907650828362,0.0626034289598
7980,214.740596625,1,0.242249369621,221.875,8.00058174133,0.000324083404848,1,162.862625122,1,19.0708446503,8.12021160126,204.003566794,0.0116087431088,0.00569334020838,-0.000218226021389,1.32231128216,-0.0657158195972,-0.0496976934373,-0.0412688329816,-0.0312096197158,2.15122961998,-0.000165016070241,-0.016519382596,1.31819665432,-0.000113550398964,-0.00701245246455,3.14321368933e-09,1,0.690046489239,0.005859375,1.36124956608,0.005859375,-0.000453027139883,-0.000444570090622,-0.0168073941022,-0.00734347291291,-0.016354367137,-0.00689890235662,1.58703064919,-0.0169724095613,-0.0074570234865,-0.00256194034591,0.30847081542,0,0.005859375,0,0,1,0,0,0,0,0,0,0,0,1,0,0.552407264709,0.013916015625,0.211831599474,0.013916015625,264.72354126,-2.93478369713e-05,-0.00261903554201,5.95490212696e-10,-0.0025896129664,-0.0025896136649,-0.00261900573969,0.013916015625,2.70462989807,-0.000472425715998,-0.0321684107184,1.60233664513,-0.000208853336517,-0.0137613415718,1.98109773919e-07,1,0.280913770199,-0.00838902685791,-0.00468709506094,-0.0400850176811,-0.0182395838201,-0.0316959880292,-0.0135524868965,-0.040557436645,-0.0184484366328,-0.00548555562273,0.100281774998,0,0,0,1,0,0,0,0,0,0,0,0,1,0,0.203065052629,0.0574631541967,264.785827637,-2.85357236862e-06,-0.0040088146925,-0.000806787749752,-0.00481271697208,-0.00400592945516,-0.00481556355953,0.242707744241,0,-0.00577660836279,-0.0502377673984,-0.0308719407767,0.00602082721889,0,1,0,0,-7.78964948654,0,0.0408576503396,0.0198181383312,264.44583332,-0.00775089487433,-0.00586162647232,267.86541748,264.528656006,8.11978340149,3.21406912804,0.881297230721,0.054810475558
8040,208.714181186,1,0.241850137711,246.875,8.00067806244,0.000493834901135,1,161.888671875,1,19.2445583344,8.10933589935,198.278472127,0.015118050389,0.00567795662209,-0.000218455301365,1.32231128216,-0.0654322430491,-0.0494832359254,-0.0412396490574,-0.0311875492334,2.1463932991,-0.00027969176881,-0.0164612904191,1.32009625435,-0.000179470545845,-0.00709841400385,3.17231751978e-09,1,0.692021369934,0.000732421875,1.36270141602,0.000732421875,-0.000438845803728,-0.000436343922047,-0.0166204459965,-0.00735528813675,-0.0161815993488,-0.00691894395277,1.58938980103,-0.0169001370668,-0.00753475818783,-0.00249904301018,0.308822333813,0,0.000732421875,0,0,1,0,0,0,0,0,0,0,0,1,0,0.560590386391,0.007568359375,0.214468821883,0.007568359375,264.720245361,-4.13283705711e-05,-0.00258291512728,6.82778722449e-10,-0.00254154577851,-0.00254154670984,-0.0025829076767,0.007568359375,2.69641780853,-0.000758152687922,-0.0319542102516,1.60448431969,-0.000396805466153,-0.0136536667123,1.98750058189e-07,1,0.282379746437,-0.00823942758143,-0.00448867119849,-0.0394354835153,-0.0177455320954,-0.0311960596591,-0.0132568618283,-0.0401936396956,-0.0181423369795,-0.00565347960219,0.100544124842,0,0,0,1,0,0,0,0,0,0,0,0,1,0,0.213116168976,0.0600942708552,264.782348633,-2.60770320892e-05,-0.00395782291889,-0.000773524167016,-0.00470523815602,-0.00393171422184,-0.00473136454821,0.242603242397,0,-0.00579294655472,-0.0501211732626,-0.0309377014637,0.00604502344504,0,1,0,0,-7.79783296585,0,0.0535963624716,0.0197647940367,264.441666653,-0.00775903789327,-0.00586778484285,267.864532471,264.479248047,8.10813522339,3.17554831505,0.888897538185,0.0512797422707
8100,205.558339251,1,0.2407438308,253.125,8.0004196167,0.000440315663582,1,161.028213501,1,18.982131958,8.13323688507,195.280422289,0.011464160867,0.00574153941125,-0.00021662247309,1.32231128216,-0.0647768899798,-0.0489876270294,-0.0409552678466,-0.0309724863619,2.13880085945,-0.000280756590655,-0.0160388294607,1.32103943825,-0.000212379527511,-0.00689381873235,3.57977114618e-09,1,0.699957311153,0.000244140625,1.364189744,0.000244140625,-0.00042150891386,-0.000410959066357,-0.0161795802414,-0.00709239812568,-0.0157580729574,-0.00668143900111,1.59180831909,-0.0164603386074,-0.00730477739125,-0.00252310046926,0.311798661947,0,0.000244140625,0,0,1,0,0,0,0,0,0,0,0,1,0,0.570159077644,0.00634765625,0.217681050301,0.00634765625,264.716339111,-4.07956540585e-05,-0.00252790749073,3.5922337327e-10,-0.00248712371103,-0.00248712394387,-0.00252791121602,0.00634765625,2.68570947647,-0.000897337216884,-0.0309986583889,1.60709524155,-0.000555880949832,-0.0137630673125,1.98051566258e-07,1,0.296134084463,-0.00810543261468,-0.00440657604486,-0.038206756115,-0.017613761127,-0.0301013216376,-0.0132071860135,-0.0391040928662,-0.0181696414948,-0.00519185280427,0.105156108737,0,0,0,1,0,0,0,0,0,0,0,0,1,0,0.228679612279,0.0642538145185,264.778625488,-2.98693776131e-05,-0.00387030094862,-0.000759604736231,-0.0046001104638,-0.00384050537832,-0.00462987273932,0.242390334606,0,-0.00580282509327,-0.0499697327614,-0.0309758670628,0.00606982782483,0,1,0,0,-7.73241043091,0,0.0403369292617,0.0199885293841,264.437499986,-0.00769394077361,-0.00581855466589,267.863983154,264.454162598,8.13264465332,2.96709704399,1.00982260704,0.0462651103735
8160,213.24258193,1,0.239042446017,253.125,8.00010585785,0.000451521133073,1,159.730926514,1,18.7779750824,8.17308712006,202.580452834,0.0137049537152,0.00580109329894,-0.000213784427615,1.32231128216,-0.0636955797672,-0.0481698848307,-0.0406444519758,-0.0307374317199,2.12840080261,-0.000396960997023,-0.0155626367778,1.32332742214,-0.000241386354901,-0.00684587750584,3.14321368933e-09,1,0.708814740181,0,1.36590051651,0,-0.000424033700256,-0.000399985554395,-0.0155897093937,-0.00700447708368,-0.0151656754315,-0.00660449173301,1.59458827972,-0.0159866698086,-0.00724586285651,-0.00231136078946,0.314562261105,0,0,0,0,1,0,0,0,0,0,0,0,0,1,0,0.577594220638,0.002685546875,0.219563633204,0.002685546875,264.712219238,-4.57242131233e-05,-0.00248582661152,5.17710208037e-10,-0.00244014849886,-0.00244014896452,-0.00248581171036,0.002685546875,2.67375850677,-0.00109111098573,-0.0306866317987,1.61172223091,-0.000633099116385,-0.0138766337186,1.98080670089e-07,1,0.302458167076,-0.00798659399152,-0.0044154394418,-0.0375821143389,-0.0176589749753,-0.02959552221,-0.0132435346022,-0.0386732295156,-0.0182920731604,-0.00489303423092,0.106762260199,0,0,0,1,0,0,0,0,0,0,0,0,1,0,0.227427959442,0.0635743290186,264.774871826,-4.06950712204e-05,-0.00385580956936,-0.000773541571107,-0.00458859559149,-0.00381505442783,-0.00462930649519,0.241933062673,0,-0.00579821364954,-0.0497179850936,-0.0309577807784,0.00609834119678,0,1,0,0,-7.63110542297,0,0.048443544656,0.0201982632279,264.43333332,-0.0075931395404,-0.00574232358485,267.863250732,264.510009766,8.17162704468,3.10344552994,0.79428845644,0.0440614670515
8220,209.898274675,1,0.238589018583,246.875,8.00022792816,0.000479188049212,1,159.502471924,1,18.3640670776,8.17278575897,199.403360941,0.0135602261871,0.00573775591329,-0.000212874641875,1.32231128216,-0.0632305219769,-0.0478181838989,-0.0408387631178,-0.030884379521,2.12007808685,-0.000542804948054,-0.0154420863837,1.32806289196,-0.000308354210574,-0.00710569880903,1.57160684466e-09,1,0.710255146027,0,1.36777997017,0,-0.000439824769273,-0.000411045155488,-0.0153391063213,-0.00720838969573,-0.0148992817849,-0.00679734442383,1.59764242172,-0.0158819109201,-0.00751674361527,-0.00204832712188,0.31370434165,0,0,0,0,1,0,0,0,0,0,0,0,0,1,0,0.58386516571,0.000244140625,0.220599472523,0.000244140625,264.708251953,-6.05061650276e-05,-0.00246554613113,5.75981595752e-10,-0.00240507349372,-0.00240507442504,-0.00246554613113,0.000244140625,2.6648004055,-0.00143117795233,-0.0307720955461,1.61707091331,-0.000802509021014,-0.0145796313882,1.97760527954e-07,1,0.298752605915,-0.0080358562991,-0.00446316134185,-0.0373767726123,-0.018240282312,-0.0293409172446,-0.0137771219015,-0.0388079509139,-0.0190427899361,-0.00440725125372,0.104699596763,0,0,0,1,0,0,0,0,0,0,0,0,1,0,0.225577384233,0.0625385344028,264.771240234,-7.02440738678e-05,-0.00387228280306,-0.000781307346188,-0.00458334479481,-0.00380203779787,-0.0046536102891,0.241329088807,0,-0.00578453019261,-0.0493962801993,-0.0309305116534,0.00612966623157,0,1,0,0,-7.59862947464,0,0.0479175932705,0.019975643605,264.429166653,-0.00756082544103,-0.00571788614616,267.862518311,264.500091553,8.17164802551,3.04943990707,0.855213940144,0.0509519204497
8280,199.373181494,1,0.239742696285,253.125,8.00046634674,0.000335885182722,1,160.281082153,1,17.9895153046,8.12312984467,189.404522419,0.0122046442702,0.00567701784894,-0.000214928440982,1.32231128216,-0.0636238530278,-0.0481156408787,-0.0415727645159,-0.0314394682646,2.11503267288,-0.000602507614531,-0.0155746638775,1.33508849144,-0.000340247352142,-0.00719322636724,1.89174897969e-09,1,0.708257436752,0,1.36931967735,0,-0.000446572666988,-0.000417085451772,-0.0154187269509,-0.00727006420493,-0.0149721559137,-0.00685297884047,1.60014462471,-0.0160212367773,-0.0076103117317,-0.00209422595799,0.31178599596,0,0,0,0,1,0,0,0,0,0,0,0,0,1,0,0.58262938261,0.0029296875,0.219328820705,0.0029296875,264.704467773,-7.10990279913e-05,-0.00248196348548,4.95437690873e-10,-0.00241080718115,-0.00241080764681,-0.00248194858432,0.0029296875,2.65950202942,-0.00158005207777,-0.0310082249343,1.62334632874,-0.000881135230884,-0.0146341128275,1.95926986635e-07,1,0.294809162617,-0.00809123925865,-0.00435704737902,-0.0375194139779,-0.0181100256741,-0.0294281765819,-0.0137529773638,-0.0390994660556,-0.0189911611378,-0.00472418963909,0.102951586246,0,0,0,1,0,0,0,0,0,0,0,0,1,0,0.228486850858,0.0630982220173,264.76763916,-9.17837023735e-05,-0.00386632606387,-0.000776163709816,-0.00455068144947,-0.00377451744862,-0.0046424716711,0.240900427103,0,-0.00577698368579,-0.0491360351443,-0.0309812128544,0.00615532882512,0,1,0,0,-7.67194080353,0,0.043007209897,0.0197604596615,264.424999986,-0.00763377174735,-0.00577305210754,267.861663818,264.529296875,8.12172317505,3.14280533791,0.904914557934,0.0532999113202
8340,195.618460886,1,0.240046560764,221.875,8.00065040588,0.000420407392085,1,160.324188232,1,17.1588039398,8.0977935791,185.837537841,0.0124838091433,0.00577665865421,-0.000215688720345,1.32231128216,-0.0636309608817,-0.0481210164726,-0.041913382709,-0.0316970609128,2.10934400558,-0.000796898733824,-0.0151632046327,1.3395524025,-0.000435579102486,-0.00703138718382,2.1536834538e-09,1,0.719231069088,0,1.37046766281,0,-0.000453089713119,-0.000434637622675,-0.0148193947971,-0.00703044608235,-0.0143663063645,-0.00659580808133,1.60200977325,-0.0156162939966,-0.00746602518484,-0.00203250185587,0.316043913364,0,0,0,0,1,0,0,0,0,0,0,0,0,1,0,0.594681560993,0,0.223403528333,0,264.700500488,-9.26032662392e-05,-0.00243529677391,2.24425478201e-10,-0.00234264787287,-0.00234264787287,-0.00243529677391,0,2.65355062485,-0.00182256253902,-0.0298590622842,1.62702858448,-0.000951166206505,-0.013780977577,1.96509063244e-07,1,0.317444086075,-0.00815899204463,-0.00427142577246,-0.0361954942346,-0.0171012356877,-0.0280365012586,-0.0128298103809,-0.0380180552602,-0.0180524028838,-0.00500774662942,0.110527001321,0,0,0,1,0,0,0,0,0,0,0,0,1,0,0.23838417232,0.0655668750405,264.763763428,-0.000124886631966,-0.00379139184952,-0.000799406901933,-0.00446591898799,-0.00366651220247,-0.0045907497406,0.240698382258,0,-0.00577921001241,-0.0489641837776,-0.0311034042388,0.00617445912212,0,1,0,0,-7.69907951355,0,0.044016096741,0.0201126802713,264.420833319,-0.0076607754454,-0.0057934736833,267.860931396,264.523468018,8.09750938416,3.20200824738,0.920145690441,0.0541447550058
8400,208.344086745,1,0.239340573549,221.875,8.00085449219,0.000379679113394,1,159.847961426,1,17.2574195862,8.13237380981,197.926882408,0.0127209136263,0.00582073442638,-0.000214428189793,1.32231128216,-0.0631749033928,-0.0477761216462,-0.0417919009924,-0.0316051915288,2.10067462921,-0.00100832432508,-0.0149115733802,1.34117984772,-0.000547577510588,-0.00695622805506,1.80443748832e-09,1,0.727647781372,0,1.37158417702,0,-0.00043903166079,-0.000422033277573,-0.0143422801048,-0.00683068390936,-0.0139032490551,-0.00640865042806,1.60382425785,-0.0153506053612,-0.00737826153636,-0.00199735839851,0.319242328405,0,0,0,0,1,0,0,0,0,0,0,0,0,1,0,0.610683679581,0,0.229114875197,0,264.696258545,-0.000109329819679,-0.00235714763403,6.17035311734e-10,-0.00224774889648,-0.00224774959497,-0.00235716253519,0,2.64309549332,-0.00213178200647,-0.0292332563549,1.62954640388,-0.00115316233132,-0.0137275597081,1.94646418095e-07,1,0.33185005188,-0.0080342432484,-0.00443131383508,-0.0351357161999,-0.0170057099313,-0.0271014720201,-0.0125743970275,-0.037267498672,-0.0181588735431,-0.00464209914207,0.11534717679,0,0,0,1,0,0,0,0,0,0,0,0,1,0,0.255747228861,0.0701541751623,264.759857178,-0.000154927372932,-0.00371435284615,-0.000796342967078,-0.00435572676361,-0.00355938426219,-0.00451062619686,0.240468889475,0,-0.0057792365551,-0.0487850159407,-0.0312127638608,0.00619306974113,0,1,0,0,-7.65408468246,0,0.0448739342391,0.0202679149806,264.416666653,-0.00761600444093,-0.0057596154511,267.86026001,264.514343262,8.13158988953,3.09065413475,0.990142226219,0.0531621649861
8460,209.688930307,1,0.238268300891,221.875,8.00058555603,0.000422804034315,1,159.036270142,1,17.6861457825,8.13265037537,199.204483792,0.0148330880329,0.00582676148042,-0.000212638857192,1.32231128216,-0.0625100508332,-0.0472733266652,-0.0415691360831,-0.0314367264509,2.09173965454,-0.000863692723215,-0.0145449759439,1.34415125847,-0.000472481478937,-0.00674662785605,1.04773789644e-09,1,0.732506275177,0,1.37278485298,0,-0.000424002268119,-0.000417013245169,-0.0141052855179,-0.00669115968049,-0.0136812832206,-0.00627414649352,1.60577535629,-0.0149689773098,-0.00716364104301,-0.00202885083854,0.320449113846,0,0,0,0,1,0,0,0,0,0,0,0,0,1,0,0.617757618427,0,0.230976939201,0,264.691986084,-9.31993126869e-05,-0.0023013651371,4.97516028375e-10,-0.00220811599866,-0.00220811669715,-0.0023013651371,0,2.63469338417,-0.00184913247358,-0.0288663432002,1.63717627525,-0.0010506012477,-0.0135949868709,1.94617314264e-07,1,0.333335101604,-0.0078432476148,-0.00452196225524,-0.034860458225,-0.0170663483441,-0.0270172134042,-0.0125443860888,-0.0367095917463,-0.0181169491261,-0.00454290769994,0.11557790637,0,0,0,1,0,0,0,0,0,0,0,0,1,0,0.257400512695,0.0702371820807,264.756347656,-0.000125482678413,-0.00367828458548,-0.000799998873845,-0.0043527521193,-0.00355275324546,-0.00447827577591,0.24010618031,0,-0.00577118713409,-0.0485607758164,-0.0312780663371,0.00621308013797,0,1,0,0,-7.59021377563,0,0.0525546818972,0.0202874653041,264.412499986,-0.0075524514541,-0.00571155315265,267.859619141,264.485198975,8.13198566437,3.21754646301,0.943419098854,0.0493550859392
8520,214.835599585,1,0.236670076847,221.875,8.00032329559,0.000427897990448,1,157.598739624,1,17.2390289307,8.10837745667,204.093819605,0.0114856744185,0.00587771786377,-0.000210289363167,1.32231128216,-0.0615328811109,-0.0465343371034,-0.0412251874804,-0.0311766136438,2.0801756382,-0.000638276687823,-0.0140962023288,1.34707331657,-0.00033899731352,-0.00656244903803,5.82076609135e-11,1,0.735581636429,0,1.37417817116,0,-0.000413006491726,-0.000407677551266,-0.0138709321618,-0.00663112895563,-0.0134579259902,-0.00622345134616,1.60803937912,-0.0145092085004,-0.00697012618184,-0.00199517095461,0.320771694183,0,0,0,0,1,0,0,0,0,0,0,0,0,1,0,0.619695663452,0.001220703125,0.230938121676,0.001220703125,264.687408447,-7.15926289558e-05,-0.00226181745529,2.27271451658e-10,-0.00219020410441,-0.00219020433724,-0.00226183235645,0.001220703125,2.62314248085,-0.00144426210318,-0.0279236622155,1.64401745796,-0.000825230614282,-0.0134188421071,1.93307641894e-07,1,0.334963738918,-0.00780836958438,-0.00468687480316,-0.0342877693474,-0.017280485481,-0.0264794006944,-0.0125936120749,-0.0357320308685,-0.0181057155132,-0.00416061421856,0.115992091596,0,0,0,1,0,0,0,0,0,0,0,0,1,0,0.256652921438,0.0699905082583,264.752258301,-8.87587666512e-05,-0.00362006574869,-0.000815749983303,-0.00434716092423,-0.00353141082451,-0.00443582236767,0.239582687616,0,-0.00575463892892,-0.0482653416693,-0.0312911123037,0.00623630173504,0,1,0,0,-7.50634717941,0,0.0404143929482,0.0204661563039,264.408333319,-0.00746900215745,-0.00564844487235,267.858734131,264.431854248,8.10819244385,3.34964513779,0.902998447418,0.0571100339293
8580,210.605166,1,0.235853105783,284.375,8.00032138824,0.000414502021158,1,156.227600098,1,17.8876934052,8.10541725159,200.0749077,0.0126395551488,0.00584653671831,-0.000209945719689,1.32231128216,-0.0609172582626,-0.0460687726736,-0.041225515306,-0.0311768613756,2.07031297684,-0.000568238203414,-0.014053943567,1.35265350342,-0.000326882582158,-0.00664305500686,6.69388100505e-10,1,0.732963144779,0,1.37577605247,0,-0.000410545209888,-0.000406961597037,-0.0138962510973,-0.00672313477844,-0.01348570548,-0.00631617289037,1.61063623428,-0.0144644873217,-0.00705001689494,-0.00198138598353,0.318387746811,0,0,0,0,1,0,0,0,0,0,0,0,0,1,0,0.614226698875,0,0.228049173951,0,264.683319092,-6.58389180899e-05,-0.00227664411068,7.01414371029e-10,-0.00221079681069,-0.00221079750918,-0.00227664224803,0,2.61524581909,-0.00144077185541,-0.028340222314,1.65230774879,-0.000876834033988,-0.0140685504302,1.95213942789e-07,1,0.318422228098,-0.0078438706696,-0.00482537038624,-0.0347433239222,-0.0180170852691,-0.0268994532526,-0.0131917167455,-0.0361840948462,-0.0188939198852,-0.00393101107329,0.109645679593,0,0,0,1,0,0,0,0,0,0,0,0,1,0,0.238652259111,0.0646780580282,264.748596191,-8.9056789875e-05,-0.00370202213526,-0.000829232623801,-0.00444234069437,-0.0036131083034,-0.00453128665686,0.238939806819,0,-0.00573313608766,-0.047900531441,-0.0312686190009,0.00626293523237,0,1,0,0,-7.49408102036,0,0.044579487294,0.0203574597836,264.404166652,-0.00745679717511,-0.00563921453431,267.857879639,264.490570068,8.10529708862,3.3192191124,0.82667863369,0.0527995377779
8640,210.106133993,1,0.236829936504,228.125,8.00071239471,0.00047674702364,1,156.864685059,1,18.5299491882,8.12192153931,199.600827294,0.012667584233,0.00578201189637,-0.000211701830267,1.32231128216,-0.061160672456,-0.0462528541684,-0.0419525876641,-0.0317267104983,2.06573486328,-0.000741840805858,-0.0140311000869,1.36232066154,-0.000445012614364,-0.00685385148972,-5.52972778678e-10,1,0.733835875988,0,1.37702393532,0,-0.000406155275414,-0.000406788574765,-0.0136954151094,-0.00681562768295,-0.0132892597467,-0.00640883902088,1.61266386509,-0.0144372545183,-0.0072606401518,-0.00184349657502,0.317843407393,0,0,0,0,1,0,0,0,0,0,0,0,0,1,0,0.621230244637,0,0.229953408241,0,264.679626465,-7.89016485214e-05,-0.00224307924509,6.98547941713e-10,-0.00216412195005,-0.00216412264854,-0.00224307924509,0,2.61358976364,-0.00189714762382,-0.0289811119437,1.66288089752,-0.00112625735346,-0.0148418173194,1.97789631784e-07,1,0.308975815773,-0.00799383036792,-0.00476923258975,-0.0350777953863,-0.0184847936034,-0.0270839650184,-0.0137155596167,-0.0369749441743,-0.0196110494435,-0.00386863062158,0.105684161186,0,0,0,1,0,0,0,0,0,0,0,0,1,0,0.236052274704,0.0636868774891,264.745239258,-0.000134974718094,-0.00373649597168,-0.00083473790437,-0.00443643331528,-0.00360169517808,-0.00457136332989,0.238470032811,0,-0.00572026520967,-0.0475810319185,-0.0313049145043,0.00628373213112,0,1,0,0,-7.55676555634,0,0.0446809194982,0.0201314017177,264.399999985,-0.00751916971058,-0.00568638416007,267.857147217,264.489654541,8.12184715271,3.13871145248,0.905120611191,0.0518993139267
8700,204.285672556,1,0.238493084908,221.875,8.0022649765,0.000588046561461,1,158.683502197,1,18.3625469208,8.11573028564,194.071388928,0.0138800432906,0.00572013575584,-0.000213715291466,1.32231128216,-0.0618012323976,-0.046737279743,-0.0428649634123,-0.0324166975915,2.0645096302,-0.000797309854534,-0.0139055065811,1.37263584137,-0.00047264364548,-0.00686517870054,8.73114913702e-10,1,0.737043440342,0,1.37745392323,0,-0.000401420955313,-0.000396421586629,-0.0135096181184,-0.00678895693272,-0.0131081975996,-0.00639253482223,1.61336255074,-0.0143069270998,-0.00726159987971,-0.00182061188389,0.318807303905,0,0,0,0,1,0,0,0,0,0,0,0,0,1,0,0.629431843758,0.0009765625,0.232551008463,0.0009765625,264.676055908,-7.72550702095e-05,-0.0021991841495,7.6259265569e-10,-0.00212193233892,-0.00212193327025,-0.00219919532537,0.0009765625,2.61246776581,-0.00193903734908,-0.0288769379258,1.67375993729,-0.00111805845518,-0.0146404383704,1.97091139853e-07,1,0.314427405596,-0.00793170649558,-0.00468631554395,-0.034869607538,-0.0182086955756,-0.0269379019737,-0.0135223800316,-0.0368086472154,-0.0193267539144,-0.00413857866079,0.106960825622,0,0,0,1,0,0,0,0,0,0,0,0,1,0,0.238797262311,0.0640219449997,264.741943359,-0.000129230320454,-0.00371168553829,-0.000831729208585,-0.00441424921155,-0.00358251994476,-0.00454347580671,0.238348603249,0,-0.00571958674118,-0.0473905615509,-0.0314589999616,0.00629089865834,0,1,0,0,-7.62863683701,0,0.0490802824497,0.0199143514037,264.395833319,-0.00759068364277,-0.00574046652764,267.85647583,264.464294434,8.11409854889,3.1975004673,0.974783957005,0.0509444959462
8760,200.839843518,1,0.239346504211,228.125,8.00062847137,0.000545902585145,1,159.313262939,1,17.8602390289,8.14470863342,190.797851342,0.0143200755119,0.00576615193859,-0.000215163861867,1.32231128216,-0.0621543936431,-0.0470043569803,-0.0433016456664,-0.0327469371259,2.06237435341,-0.000784437172115,-0.013775261119,1.3813867569,-0.000457164569525,-0.00676385918632,1.22236087918e-09,1,0.739653944969,0,1.37737846375,0,-0.000394383154344,-0.000389217282645,-0.0133852073923,-0.00669591128826,-0.0129908248782,-0.00630669482052,1.61324000359,-0.0141696445644,-0.00715307658538,-0.00188914965838,0.32020765543,0,0,0,0,1,0,0,0,0,0,0,0,0,1,0,0.628780186176,0,0.232569351792,0,264.672363281,-7.48485326767e-05,-0.00219991058111,1.1282269563e-09,-0.00212502246723,-0.00212502363138,-0.00219990313053,0,2.6060333252,-0.00183237763122,-0.0286457743496,1.68270277977,-0.00104883359745,-0.0147522184998,1.97032932192e-07,1,0.31581735611,-0.00790587440133,-0.00471340212971,-0.0347192697227,-0.0184167865664,-0.0268133953214,-0.0137033835053,-0.0365516468883,-0.0194656215608,-0.00403062347323,0.107510983944,0,0,0,1,0,0,0,0,0,0,0,0,1,0,0.236076146364,0.0633864998817,264.73815918,-0.00012019276619,-0.00372278690338,-0.000831159239169,-0.00443376228213,-0.00360260298476,-0.00455403327942,0.238470390439,0,-0.00572722032666,-0.0473061427474,-0.031676761806,0.00628964044154,0,1,0,0,-7.68034410477,0,0.0506826527417,0.0200772918761,264.391666652,-0.00764213362709,-0.00577937578782,267.855712891,264.479675293,8.1446685791,3.33627891541,1.04458355904,0.0487829744816
8820,207.980685742,1,0.239175587893,228.125,8.00052165985,0.000524018483702,1,158.810852051,1,17.8539676666,8.11222076416,197.581651455,0.0153402732685,0.00582405924797,-0.00021538247529,1.32231128216,-0.0619610324502,-0.0468581281602,-0.0433896183968,-0.0328134670854,2.05790948868,-0.000722479831893,-0.0135467909276,1.38819956779,-0.000418848765548,-0.00662783812732,7.27595761418e-10,1,0.743028044701,0,1.37733435631,0,-0.000387899723137,-0.000389853841625,-0.0132122123614,-0.00659884419292,-0.0128243118525,-0.00620899023488,1.61316823959,-0.0139346914366,-0.00701769255102,-0.00192644260824,0.321976095438,0,0,0,0,1,0,0,0,0,0,0,0,0,1,0,0.632754981518,0,0.234048679471,0,264.668518066,-7.4714422226e-05,-0.00218275561929,7.08119674009e-10,-0.00210804957896,-0.00210805051029,-0.00218275934458,0,2.59825468063,-0.00160731351934,-0.0284348465502,1.69032216072,-0.000927673419937,-0.0144963376224,1.97251210921e-07,1,0.319566458464,-0.00772657990456,-0.00458912970498,-0.0345541164279,-0.0181577950716,-0.0268275327981,-0.0135686639696,-0.0361614301801,-0.0190854687244,-0.00429641129449,0.109161965549,0,0,0,1,0,0,0,0,0,0,0,0,1,0,0.234350308776,0.0630966424942,264.734436035,-0.000107157975435,-0.00371642038226,-0.000833894242533,-0.00444315560162,-0.00360926100984,-0.00455037876964,0.2386238873,0,-0.00573752447963,-0.0472454465926,-0.0318882092834,0.0062889046967,0,1,0,0,-7.6881480217,0,0.0544096156955,0.0202806740999,264.387499985,-0.00764989852905,-0.00578524777666,267.854858398,264.475402832,8.11219024658,3.380443573,0.83330976963,0.046782836318
8880,208.602696395,1,0.238882541656,228.125,8.00080776215,0.00056773389224,1,157.610656738,1,18.8302497864,8.09304332733,198.172561575,0.0142881916836,0.00592363812029,-0.00021622586064,1.32231128216,-0.0617616511881,-0.0467073470354,-0.0433513149619,-0.032784499228,2.05287265778,-0.000645893858746,-0.0135917654261,1.39335358143,-0.000388908287277,-0.00647080969065,1.03318598121e-09,1,0.742320775986,0,1.37769889832,0,-0.000384983984986,-0.000385715306038,-0.0133308554068,-0.00646761711687,-0.0129458718002,-0.00608190149069,1.61376059055,-0.0139767499641,-0.00685652485117,-0.00214992463589,0.321790337563,0,0,0,0,1,0,0,0,0,0,0,0,0,1,0,0.625090122223,0,0.231245875359,0,264.664916992,-7.25202262402e-05,-0.00222528353333,7.20416171163e-10,-0.00215274537914,-0.00215274607763,-0.0022252984345,0,2.58962774277,-0.00147939869203,-0.028494656086,1.69736933708,-0.000874974182807,-0.0144311171025,1.96829205379e-07,1,0.316703557968,-0.00759747531265,-0.00461736973375,-0.0346127338707,-0.0181735120714,-0.0270152576268,-0.0135561432689,-0.0360921323299,-0.0190484896302,-0.00444493070245,0.108417347074,0,0,0,1,0,0,0,0,0,0,0,0,1,0,0.22288556397,0.0600918978453,264.730773926,-0.000101923942566,-0.00380186736584,-0.000831734214444,-0.00453166943043,-0.00369993504137,-0.00463362038136,0.238689154387,0,-0.00574796367437,-0.0471647381783,-0.0320618897676,0.00629497971386,0,1,0,0,-7.71825265884,0,0.0505664497614,0.0206331238151,264.383333318,-0.00767985358834,-0.00580790126696,267.854095459,264.464202881,8.0925693512,3.43275594711,0.906731247902,0.0490224659443
8940,208.222824786,1,0.238442599773,228.125,8.00134944916,0.000564550922718,1,156.189819336,1,19.6810951233,8.10342788696,197.811683547,0.0146502088755,0.00595177151263,-0.000216989545152,1.32231128216,-0.0614762082696,-0.0464914813638,-0.0432745069265,-0.0327264145017,2.04829454422,-0.000599073828198,-0.0134392809123,1.39878296852,-0.000365440617315,-0.00658521056175,1.41153577715e-09,1,0.741846561432,0,1.37861466408,0,-0.000374305498553,-0.000380097480956,-0.0132145117968,-0.00659986864775,-0.0128402076662,-0.00621977075934,1.61524868011,-0.0138135859743,-0.00696530891582,-0.00201675062999,0.321578085423,0,0,0,0,1,0,0,0,0,0,0,0,0,1,0,0.621770501137,0,0.23010802269,0,264.661621094,-6.98380172253e-05,-0.00223808921874,7.04046876354e-10,-0.00216830824502,-0.00216830894351,-0.00223809666932,0,2.58433055878,-0.00132035580464,-0.0287579372525,1.7053848505,-0.000817870663013,-0.0149617074057,1.9752769731e-07,1,0.313355475664,-0.00756450369954,-0.00456425035372,-0.0350020825863,-0.0187080875039,-0.0274375788867,-0.0141438366845,-0.0363224409521,-0.0195259582251,-0.00431755371392,0.107632532716,0,0,0,1,0,0,0,0,0,0,0,0,1,0,0.222949281335,0.0603641010821,264.727722168,-8.83899629116e-05,-0.00387642160058,-0.000853229081258,-0.00464130751789,-0.00378807866946,-0.00472971796989,0.238668575883,0,-0.00576047226787,-0.0470640063286,-0.0321914032102,0.00631024222821,0,1,0,0,-7.74551296234,0,0.0518868565559,0.0207325182855,264.379166652,-0.00770697789267,-0.00582841411233,267.85333252,264.448425293,8.10315322876,3.38392019272,0.896963477135,0.054692812264
9000,217.578157928,1,0.239516884089,228.125,8.00125789642,0.000512807222549,1,156.388000488,1,20.3127040863,8.1314163208,206.699250032,0.0183387994766,0.00584919797257,-0.000219656969421,1.32231128216,-0.0618612542748,-0.0467826724052,-0.0439060553908,-0.033204022795,2.04690289497,-0.000558310188353,-0.0139517690986,1.40760505199,-0.000349150825059,-0.00722252763808,-1.52795109898e-10,1,0.727538764477,0,1.37971162796,0,-0.000370677065803,-0.000381466263207,-0.0137641364709,-0.00725484360009,-0.0133934598416,-0.00687337759882,1.61703145504,-0.0143224457279,-0.00760399410501,-0.00182762322947,0.315148055553,0,0,0,0,1,0,0,0,0,0,0,0,0,1,0,0.615212380886,0,0.227394849062,0,264.658660889,-6.28475099802e-05,-0.00227827578783,-2.74769096364e-12,-0.00221542152576,-0.00221542129293,-0.00227828510106,0,2.58295202255,-0.00123289250769,-0.0297768041492,1.71484518051,-0.000765314674936,-0.0161634013057,1.94748281501e-07,1,0.290992319584,-0.00754454452544,-0.00444542663172,-0.0360884554684,-0.0198435112834,-0.028543908149,-0.0153980851173,-0.0373213477433,-0.0206088274717,-0.00411651656032,0.0996647626162,0,0,0,1,0,0,0,0,0,0,0,0,1,0,0.214924961329,0.0580091103911,264.724914551,-7.43456184864e-05,-0.00395988672972,-0.000836769933812,-0.00472228974104,-0.00388552015647,-0.00479663163424,0.238686189055,0,-0.00577827915549,-0.0469772443175,-0.0323291234672,0.00632852781564,0,1,0,0,-7.84072780609,0,0.0654623433948,0.0203748345375,264.374999985,-0.00780171900988,-0.00590006215498,267.852539062,264.38848877,8.13094615936,3.42093372345,0.889957666397,0.0601955875754
9060,205.8693132,1,0.243469253182,228.125,8.00031280518,0.000465149933007,1,159.301635742,1,21.2768554688,8.11089992523,195.57584754,0.0122888255864,0.00572334462777,-0.000226491611102,1.32231128216,-0.063789114356,-0.0482406169176,-0.0455504655838,-0.0344476103783,2.05178833008,-0.000721897115,-0.015160988085,1.42049920559,-0.000423437799327,-0.00782744958997,-1.2805685401e-09,1,0.710200786591,0,1.37995266914,0,-0.000374702853151,-0.000384642771678,-0.0148137938231,-0.0077886544168,-0.0144390910864,-0.00740401167423,1.61742305756,-0.0155356908217,-0.00821209233254,-0.0020436688792,0.307794183493,0,0,0,0,1,0,0,0,0,0,0,0,0,1,0,0.605188965797,0,0.22387906909,0,264.656066895,-7.30082392693e-05,-0.00236853212118,-2.28547528125e-10,-0.00229552784003,-0.0022955276072,-0.00236853212118,0,2.58232307434,-0.00158245896455,-0.031344294548,1.72567975521,-0.00086885667406,-0.0171011649072,1.94064341486e-07,1,0.277961909771,-0.00745197106153,-0.00432631466538,-0.0372138097882,-0.020558623597,-0.0297618359327,-0.016232309863,-0.0387962646782,-0.0214274823666,-0.00433208420873,0.0951158478856,0,0,0,1,0,0,0,0,0,0,0,0,1,0,0.208563044667,0.0563426055014,264.722106934,-9.37655568123e-05,-0.00409504026175,-0.000825009250548,-0.00482616946101,-0.00400116061792,-0.00492003560066,0.23918196559,0,-0.00581721076742,-0.047075226903,-0.0326103083789,0.00633254414424,0,1,0,0,-8.08469200134,0,0.04331131652,0.0199304632843,264.370833318,-0.00804447010159,-0.0060836430639,267.851898193,264.469146729,8.11029052734,3.29948949814,0.907544016838,0.0636347830296
9120,204.931889182,1,0.245624497533,246.875,8.00047016144,0.000505171890836,1,161.256027222,1,21.2778224945,8.1493062973,194.685294723,0.0127547718585,0.00571956392378,-0.000229741286603,1.32231128216,-0.0649107545614,-0.0490888617933,-0.0463782846928,-0.0350736528635,2.05927371979,-0.000678475247696,-0.0154472393915,1.43239951134,-0.000368474517018,-0.00778569187969,-1.13504938781e-09,1,0.709085226059,0,1.37906908989,0,-0.000386310741305,-0.000377269636374,-0.0151550751179,-0.00779448729008,-0.0147687643766,-0.00741721782833,1.61598718166,-0.0158335529268,-0.00816296227276,-0.00230099423788,0.308517277241,0,0,0,0,1,0,0,0,0,0,0,0,0,1,0,0.601678133011,0,0.223493978381,0,264.653381348,-6.41793012619e-05,-0.00240696966648,-2.29003552232e-11,-0.00234279921278,-0.00234279897995,-0.0024069622159,0,2.5868844986,-0.00162954302505,-0.0322395190597,1.73842978477,-0.000791962025687,-0.0172579456121,1.94006133825e-07,1,0.27840423584,-0.00764929037541,-0.00446075201035,-0.0382592640817,-0.0209267344326,-0.030609972775,-0.0164659842849,-0.0398888066411,-0.0217186976224,-0.00478324759752,0.0956950709224,0,0,0,1,0,0,0,0,0,0,0,0,1,0,0.208090379834,0.0565727762878,264.719451904,-8.41468572617e-05,-0.00411714613438,-0.000865130277816,-0.00489802379161,-0.004032893572,-0.00498229265213,0.24017752707,0,-0.00587466498837,-0.047382004559,-0.033021569252,0.00631781760603,0,1,0,0,-8.20069026947,0,0.0449965000153,0.019917357713,264.366666651,-0.00815989077091,-0.00617093034089,267.851104736,264.446166992,8.14910507202,3.3720741272,0.93642783165,0.0694940313697
9180,215.987697777,1,0.248397156596,246.875,8.00099849701,0.00049294391647,1,162.65625,1,21.7988262177,8.1872177124,205.188312888,0.015261140652,0.00557758286595,-0.000235564089962,1.32231128216,-0.0664474666119,-0.0502510033548,-0.0473429523408,-0.0358031839132,2.07270336151,-0.000550939003006,-0.0165603701025,1.44600045681,-0.000312153249979,-0.00852523650974,-3.35421646014e-09,1,0.685813307762,0,1.37767028809,0,-0.000419964402681,-0.000404052669182,-0.0164293963462,-0.00861713569611,-0.0160094313323,-0.00821308232844,1.61371445656,-0.0169803351164,-0.00892928987741,-0.00238749664277,0.300242722034,0,0,0,0,1,0,0,0,0,0,0,0,0,1,0,0.577933549881,0.006591796875,0.215727359056,0.006591796875,264.651123047,-5.46220690012e-05,-0.00257316604257,-3.30693000761e-10,-0.00251856306568,-0.00251856260002,-0.00257316045463,0.006591796875,2.59787535667,-0.00153083191253,-0.0343267507851,1.75394821167,-0.000819846638478,-0.0184340365231,1.93234882317e-07,1,0.261462330818,-0.00752115529031,-0.0044794823043,-0.0403170734644,-0.0220936723053,-0.0327959172428,-0.017614191398,-0.0418479070067,-0.0229135192931,-0.00508665107191,0.0904216766357,0,0,0,1,0,0,0,0,0,0,0,0,1,0,0.196710556746,0.0535480491817,264.71685791,-6.73914328218e-05,-0.00428395718336,-0.000841428060085,-0.00505785131827,-0.00421642325819,-0.00512540061027,0.241394042969,0,-0.00594123313203,-0.0477917790413,-0.033459469676,0.00629450753331,0,1,0,0,-8.40853786469,0,0.0541199296713,0.0194170549512,264.362499985,-0.00836670398712,-0.00632733292878,267.850463867,264.429931641,8.18664932251,3.60679864883,1.0672712326,0.0706847906113
9240,219.93270331,1,0.252324134111,253.125,8.00027561188,0.000428271450801,1,165.618408203,1,22.3817615509,8.16016483307,208.936068145,0.0136815626174,0.00550314970315,-0.00024249778653,1.32231128216,-0.0685401856899,-0.0518336221576,-0.0488865561783,-0.0369705371559,2.08972668648,-0.000718525727279,-0.0174893438816,1.46129190922,-0.000440394447651,-0.00909291766584,-2.80851963907e-09,1,0.674545288086,0,1.3754016161,0,-0.000452740350738,-0.000440613017417,-0.01722355932,-0.00909313745797,-0.0167708192021,-0.0086525240913,1.61002755165,-0.0179420858622,-0.0095335310325,-0.0024706190452,0.297771930695,0,0,0,0,1,0,0,0,0,0,0,0,0,1,0,0.56632232666,0.009521484375,0.213208585978,0.009521484375,264.648864746,-6.16051256657e-05,-0.00268878787756,-2.9899624443e-11,-0.00262716552243,-0.0026271652896,-0.00268879905343,0.009521484375,2.61165571213,-0.00182216800749,-0.0358358472586,1.76921069622,-0.0010820091702,-0.019175644964,1.92318111658e-07,1,0.252386212349,-0.0073930406943,-0.00451036728919,-0.0414067171514,-0.0226040035486,-0.0340136811137,-0.0180936343968,-0.0432288870215,-0.0236860122532,-0.00534023530781,0.088102415204,0,0,0,1,0,0,0,0,0,0,0,0,1,0,0.191777914762,0.0527699589729,264.714355469,-7.5176358223e-05,-0.00444444268942,-0.000827348965686,-0.00519658252597,-0.00436923373491,-0.00527180731297,0.243060752749,0,-0.00602873601019,-0.0483886450529,-0.0340018309653,0.00625669304281,0,1,0,0,-8.65603733063,0,0.0483585260808,0.0191558822989,264.358333318,-0.0086129726842,-0.00651357416064,267.849609375,264.431396484,8.15985488892,3.57956504822,1.18595349789,0.0730262994766
9300,214.328362535,1,0.255494683981,284.375,7.99948692322,0.000219483321416,1,168.28326416,1,22.9643745422,8.18896579742,203.611944408,0.0126955192536,0.00554314488545,-0.000247767689871,1.32231128216,-0.0703036040068,-0.0531672127545,-0.050080601126,-0.0378735326231,2.10724115372,-0.000915188342333,-0.0179723054171,1.47626531124,-0.000593792297877,-0.00940500944853,-1.62981450558e-09,1,0.673183977604,0,1.37245357037,0,-0.000486999342684,-0.000468945014291,-0.0175441149622,-0.00928016193211,-0.0170571170747,-0.0088112168014,1.60523700714,-0.0184593051672,-0.00987395457923,-0.00251481309533,0.300473809242,0,0,0,0,1,0,0,0,0,0,0,0,0,1,0,0.559452116489,0.01318359375,0.213571503758,0.01318359375,264.646881104,-7.17490911484e-05,-0.00277930498123,-9.51452527875e-11,-0.00270753121004,-0.00270753074437,-0.00277931988239,0.01318359375,2.62517642975,-0.00217836000957,-0.0364252664149,1.78600716591,-0.00144290470053,-0.019826091826,1.90688297153e-07,1,0.261923700571,-0.00720411492512,-0.00451628630981,-0.0414510220289,-0.0228994749486,-0.0342469029129,-0.0183831881732,-0.0436293780804,-0.0243423804641,-0.00514387432486,0.0929004698992,0,0,0,1,0,0,0,0,0,0,0,0,1,0,0.19665646553,0.0556274466217,264.712341309,-8.58902931213e-05,-0.00456714630127,-0.000827735464554,-0.00530899688601,-0.00448126113042,-0.00539481639862,0.245079785585,0,-0.00613101478666,-0.0491533651948,-0.0346412956715,0.00620755925775,0,1,0,0,-8.84414863586,0,0.0447820238769,0.0192974898964,264.354166651,-0.00880014803261,-0.00665512587875,267.8487854,264.447692871,8.1885433197,3.53422999382,0.955579638481,0.0743732899427
9360,197.9764814,1,0.25596126914,284.375,8.00001430511,0.000179679860594,1,168.048782349,1,22.8980636597,8.16038131714,188.07765733,0.0182611849159,0.00563951861113,-0.000249475211604,1.32231128216,-0.0705209374428,-0.0533315688372,-0.0503193214536,-0.0380540676415,2.11897921562,-0.00110899168067,-0.0175407323986,1.48832774162,-0.000721971213352,-0.00935807172209,1.45519152284e-10,1,0.688418567181,0,1.36970961094,0,-0.00049508549273,-0.000484096817672,-0.0169268250465,-0.00912019796669,-0.0164317395538,-0.0086361002177,1.60077810287,-0.0180358178914,-0.00984216853976,-0.00229469477199,0.310451745987,0,0,0,0,1,0,0,0,0,0,0,0,0,1,0,0.565027952194,0.005126953125,0.218411386013,0.005126953125,264.645019531,-9.72747802734e-05,-0.0028035864234,-5.25026688791e-11,-0.00270621315576,-0.00270621315576,-0.0028035864234,0.005126953125,2.6385307312,-0.00249539245851,-0.0355784446001,1.8009313345,-0.00159895361867,-0.0196241121739,1.87719706446e-07,1,0.284402579069,-0.0071968510747,-0.00455796904862,-0.0402799025178,-0.0225831270218,-0.0330830514431,-0.0180251598358,-0.0427752956748,-0.0241820812225,-0.00473938323557,0.102141574025,0,0,0,1,0,0,0,0,0,0,0,0,1,0,0.192801162601,0.0554307922721,264.711120605,-0.000136971473694,-0.00466324388981,-0.000856210943311,-0.00538247078657,-0.0045262593776,-0.00551941990852,0.247055232525,0,-0.00623200740665,-0.0499242097139,-0.0352661386132,0.00616182759404,0,1,0,0,-8.9050989151,0,0.0651743710041,0.0196335874498,264.349999984,-0.00886079482734,-0.00670099025592,267.848052979,264.415618896,8.15894317627,3.5076880455,0.977112770081,0.0723982155323
9420,207.719719105,1,0.254304468632,253.125,7.99988460541,0.000445669837063,1,165.590133667,1,23.4326286316,8.17497444153,197.33373315,0.0119675192982,0.00566359516233,-0.000248294731136,1.32231128216,-0.0694524496794,-0.0525235235691,-0.0498913861811,-0.0377304404974,2.12336993217,-0.00122900446877,-0.0172602180392,1.49762892723,-0.000783205847256,-0.00931510794908,-5.31144905835e-10,1,0.697994351387,0,1.36813902855,0,-0.000486638280563,-0.000477362656966,-0.0165178515017,-0.00900926534086,-0.0160312131047,-0.00853190291673,1.59822583199,-0.0177468582988,-0.00979247130454,-0.00217497511767,0.31719648838,0,0,0,0,1,0,0,0,0,0,0,0,0,1,0,0.572759151459,0.004638671875,0.223059266806,0.004638671875,264.642822266,-0.000130359083414,-0.00281937047839,2.73874256607e-10,-0.00268890941516,-0.00268890964799,-0.00281936116517,0.004638671875,2.64977121353,-0.00288099469617,-0.0349024869502,1.81682729721,-0.0018464459572,-0.0199026018381,1.87355908565e-07,1,0.299376398325,-0.0073548797518,-0.00473956298083,-0.0393763706088,-0.0227957181633,-0.0320214927197,-0.0180561561137,-0.0422573648393,-0.0246421657503,-0.00409955251962,0.108365520835,0,0,0,1,0,0,0,0,0,0,0,0,1,0,0.208369404078,0.0599355921149,264.709869385,-0.000209853053093,-0.00466091185808,-0.000854540267028,-0.00530538801104,-0.00445084739476,-0.0055154338479,0.248491942883,0,-0.00631400803104,-0.0504714250565,-0.035748526454,0.00613564951345,0,1,0,0,-8.8629617691,0,0.0421511940658,0.0197158232331,264.345833317,-0.00881886761636,-0.00666928244755,267.847320557,264.432739258,8.17481040955,3.64048218727,1.02281737328,0.0718020945787
9480,213.69914393,1,0.254187345505,228.125,7.99989318848,0.000461784162326,1,164.512405396,1,22.6204814911,8.13093948364,203.014186734,0.0139905754477,0.0056524798274,-0.000249576143688,1.32231128216,-0.0691270977259,-0.0522774755955,-0.0502073392272,-0.0379693806171,2.12608623505,-0.00137036573142,-0.0172516796738,1.50958776474,-0.000855198130012,-0.00950312614441,-9.67702362686e-10,1,0.701244056225,0,1.36752974987,0,-0.000484391930513,-0.00047643770813,-0.0163657069206,-0.00912436470389,-0.0158813148737,-0.00864792708308,1.59723591805,-0.0177360735834,-0.00997956376523,-0.00202764687128,0.320170879364,0,0,0,0,1,0,0,0,0,0,0,0,0,1,0,0.573506236076,0.000244140625,0.224400952458,0.000244140625,264.640441895,-0.000153165310621,-0.00286457501352,7.49242223819e-10,-0.00271134008653,-0.00271134078503,-0.0028645824641,0.000244140625,2.65357542038,-0.00321156485006,-0.034396469593,1.83421349525,-0.00202745106071,-0.020234040916,1.88709236681e-07,1,0.312709242105,-0.00738826207817,-0.00478748092428,-0.0385731682181,-0.0229940712452,-0.0311849080026,-0.0182065889239,-0.0417847335339,-0.0250215232372,-0.00354737602174,0.113764092326,0,0,0,1,0,0,0,0,0,0,0,0,1,0,0.221230566502,0.0637693181634,264.707763672,-0.000257976353168,-0.00466854125261,-0.000830952776596,-0.005241362378,-0.0044104102999,-0.00549940019846,0.249486654997,0,-0.0063807265833,-0.0508156493306,-0.0361327342689,0.00612549576908,0,1,0,0,-8.90870189667,0,0.0494824908674,0.0196782108396,264.341666651,-0.00886438041925,-0.0067037018016,267.8465271,264.440216064,8.13027381897,3.62317276001,1.02288866043,0.0754640698433
9540,218.844417396,1,0.253849506378,271.875,7.99966096878,0.000507011311129,1,163.649307251,1,21.6591873169,8.11708927155,207.902196527,0.0196889284998,0.00570583716035,-0.00024989337544,1.32231128216,-0.0687328204513,-0.05197930336,-0.0503627061844,-0.0380868762732,2.12460422516,-0.00122618488967,-0.0170325748622,1.51805400848,-0.000765803968534,-0.00942261796445,-7.27595761418e-10,1,0.703016161919,0,1.36740159988,0,-0.000478170084534,-0.000478812493384,-0.0162845626473,-0.00913562625647,-0.0158063918352,-0.00865681283176,1.597027421,-0.017510747537,-0.00990143045783,-0.00200148532167,0.322402000427,0,0,0,0,1,0,0,0,0,0,0,0,0,1,0,0.573185861111,0.000732421875,0.225343376398,0.000732421875,264.637359619,-0.000134550035,-0.00286939740181,7.22631787742e-10,-0.00273472233675,-0.00273472303525,-0.00286937877536,0.000732421875,2.652323246,-0.00273182801902,-0.0340100564063,1.84506952763,-0.00179316359572,-0.0194891821593,1.88738340512e-07,1,0.320451796055,-0.00745844002813,-0.00491608539596,-0.0387366637588,-0.0226121041924,-0.0312782265246,-0.0176960173994,-0.0414684936404,-0.0244052670896,-0.00402152305469,0.117451921105,0,0,0,1,0,0,0,0,0,0,0,0,1,0,0.225830852985,0.0658126473427,264.704956055,-0.000220656394958,-0.00461911410093,-0.000835765502416,-0.00523403147236,-0.00439826585352,-0.00545486062765,0.250281661749,0,-0.00644107162952,-0.0510624684393,-0.0364915877581,0.00612335838377,0,1,0,0,-8.9200258255,0,0.0704883560538,0.019868157804,264.337499984,-0.00887564755976,-0.00671222247183,267.845947266,264.426116943,8.11606025696,3.48809957504,0.919135153294,0.0626789778471
9600,221.347526708,1,0.253542661667,284.375,8.00047111511,0.000330218230374,1,162.953491211,1,21.5985393524,8.11940193176,210.280150373,0.0127111487091,0.00564481690526,-0.00025005149655,1.32231128216,-0.0683786869049,-0.0517114885151,-0.0504967048764,-0.0381882116199,2.1234228611,-0.000806966214441,-0.0172169487923,1.52564072609,-0.00055082316976,-0.00984718371183,-6.69388100505e-10,1,0.689214289188,0,1.36749947071,0,-0.000470775179565,-0.000485282478621,-0.0168807581067,-0.00978164281696,-0.0164099819958,-0.00929636042565,1.59718668461,-0.0176877230406,-0.0103324670345,-0.00185607909225,0.317197620869,0,0,0,0,1,0,0,0,0,0,0,0,0,1,0,0.560912013054,0,0.221292465925,0,264.634399414,-7.98404216766e-05,-0.00290732830763,5.26483967533e-10,-0.00282732909545,-0.00282732956111,-0.00290730595589,0,2.64866828918,-0.00181887310464,-0.0344308540225,1.85319519043,-0.0012873186497,-0.0199924409389,1.86613760889e-07,1,0.305886536837,-0.0073738284409,-0.00496561778709,-0.0399858094752,-0.0236707404256,-0.0326119810343,-0.0187051221728,-0.0418046824634,-0.0249580591917,-0.00400316063315,0.112684562802,0,0,0,1,0,0,0,0,0,0,0,0,1,0,0.21507807076,0.0629532709718,264.702026367,-0.00012244284153,-0.00471956282854,-0.000829124706797,-0.00542594864964,-0.00459682382643,-0.00554865598679,0.250871062279,0,-0.00649022171274,-0.0512037798762,-0.0367954000831,0.00612499099225,0,1,0,0,-8.9256696701,0,0.0448385886848,0.0196510422975,264.333333317,-0.00888126343489,-0.00671646930277,267.845062256,264.409729004,8.11931419373,3.64321208,0.946395158768,0.053550299257
9660,192.598913075,1,0.253916949034,290.625,8.00014972687,0.000407031562645,1,163.135574341,1,21.2199745178,8.15208911896,182.968967421,0.0138525599614,0.00565099529922,-0.000250880199019,1.32231128216,-0.0683318376541,-0.0516760610044,-0.0509812086821,-0.0385546199977,2.12138128281,-0.000774427899159,-0.017310442403,1.53354418278,-0.000558377476409,-0.0102568501607,-1.90993887372e-09,1,0.685527324677,0,1.36742758751,0,-0.000476700137369,-0.000508363416884,-0.0170127153397,-0.0102068362758,-0.0165360160172,-0.00969847291708,1.59706997871,-0.0177871435881,-0.0107652135193,-0.00165741529781,0.315932422876,0,0,0,0,1,0,0,0,0,0,0,0,0,1,0,0.561619460583,0.003173828125,0.221708267927,0.003173828125,264.631225586,-7.54473730922e-05,-0.0029236478731,3.23726767615e-10,-0.00284814881161,-0.00284814927727,-0.00292364135385,0.003173828125,2.64169716835,-0.00167663593311,-0.0341123118997,1.85926485062,-0.00131093384698,-0.0200315732509,1.86890247278e-07,1,0.303407281637,-0.00711799180135,-0.00487877242267,-0.03955366835,-0.023599408567,-0.0324356779456,-0.0187206380069,-0.0412303060293,-0.0249103456736,-0.00398289784789,0.111495293677,0,0,0,1,0,0,0,0,0,0,0,0,1,0,0.222008496523,0.0647028982639,264.698822021,-0.000108759850264,-0.00465564802289,-0.000814950792119,-0.00536152161658,-0.00454657152295,-0.00547052919865,0.251427918673,0,-0.00653330422938,-0.0512967444956,-0.0370902791619,0.00612379424274,0,1,0,0,-8.95525074005,0,0.0489802919328,0.0196725465357,264.32916665,-0.00891069695354,-0.00673872884363,267.844329834,264.384490967,8.15189933777,3.53467273712,1.08046340942,0.0525913648307
9720,203.383135874,1,0.254044383764,234.375,8.00023460388,0.00071832438698,1,162.823532104,1,21.239484787,8.13531017303,193.21397908,0.0128607396036,0.00571570172906,-0.000251739635132,1.32231128216,-0.0683105513453,-0.051659964025,-0.0511526353657,-0.0386842601001,2.11787438393,-0.000900567218196,-0.0177633389831,1.53916311264,-0.000616561796051,-0.0102938804775,-1.51339918375e-09,1,0.683609247208,0,1.36743950844,0,-0.000490739534143,-0.0005263464991,-0.0173535123467,-0.0102036651224,-0.0168627724051,-0.00967731885612,1.59708929062,-0.0182540789247,-0.0108202276751,-0.00193126138765,0.315311580896,0,0,0,0,1,0,0,0,0,0,0,0,0,1,0,0.556109309196,0.001220703125,0.21956756711,0.001220703125,264.6277771,-9.69953835011e-05,-0.0030074454844,-4.75457589966e-11,-0.0029103832785,-0.00291038351133,-0.00300745666027,0.001220703125,2.63365530968,-0.00169243430719,-0.0343776270747,1.86335408688,-0.00125139963347,-0.0196888502687,1.84823875315e-07,1,0.306083440781,-0.00694327987731,-0.00483651645482,-0.0396284721792,-0.0232739672065,-0.0326851904392,-0.018437448889,-0.0413209050894,-0.0245253667235,-0.00445757247508,0.112300395966,0,0,0,1,0,0,0,0,0,0,0,0,1,0,0.224695324898,0.0654266625643,264.695129395,-0.000114787369967,-0.004712741822,-0.000804374460131,-0.00540207186714,-0.00459769740701,-0.00551708601415,0.251920580864,0,-0.00657228473574,-0.0513661727309,-0.0373815447092,0.00612399354577,0,1,0,0,-8.98592853546,0,0.0453802384436,0.0199000276625,264.324999984,-0.00894122198224,-0.00676181307063,267.84362793,264.37677002,8.13509273529,3.49320173264,0.958787083626,0.0579981207848
9780,202.137434783,1,0.254364639521,228.125,7.99993181229,0.000790557824075,1,162.785583496,1,20.9720573425,8.11168193817,192.030563044,0.0183744896203,0.00572887156159,-0.000252751808148,1.32231128216,-0.0684931278229,-0.0517980381846,-0.0512680113316,-0.0387715138495,2.11442446709,-0.00104294670746,-0.0179821029305,1.54241573811,-0.000700931879692,-0.0104335090145,-1.10594555736e-09,1,0.683701634407,0,1.36775434017,0,-0.000507793971337,-0.000561440538149,-0.017446950078,-0.0102940183133,-0.0169391557574,-0.00973257794976,1.59760069847,-0.0184898972511,-0.0109949503094,-0.00197487673722,0.315531790257,0,0,0,0,1,0,0,0,0,0,0,0,0,1,0,0.56370806694,0,0.222731232643,0,264.624267578,-0.000114854425192,-0.00299718976021,-1.25213450719e-11,-0.00288227899,-0.00288227899,-0.00299719721079,0,2.62682008743,-0.00175140122883,-0.034314788878,1.86647295952,-0.00122296437621,-0.0196589417756,1.84896634892e-07,1,0.307930707932,-0.00700615532696,-0.00483797071502,-0.0395695418119,-0.02327394858,-0.0325633846223,-0.0184359773993,-0.0413209423423,-0.0244969129562,-0.00456167757511,0.113233558834,0,0,0,1,0,0,0,0,0,0,0,0,1,0,0.229276642203,0.0669904947281,264.691650391,-0.000124827027321,-0.00469364970922,-0.000803822011221,-0.00537248374894,-0.0045686615631,-0.00549740344286,0.252323508263,0,-0.00660987989977,-0.0514398887753,-0.0376360230148,0.00612923782319,0,1,0,0,-9.02205753326,0,0.0655948221684,0.0199473910034,264.320833317,-0.00897717196494,-0.00678900070488,267.842956543,264.331970215,8.1104221344,3.54430007935,0.926948964596,0.0648628473282
9840,194.026608044,1,0.253280550241,228.125,8.00020122528,0.000578490609769,1,162.158950806,1,20.565120697,8.10935115814,184.325277642,0.0134624950588,0.00575953768566,-0.00025049818214,1.32231128216,-0.0678963586688,-0.0513467304409,-0.0508508756757,-0.038456056267,2.11086511612,-0.000833806698211,-0.017513865605,1.54446685314,-0.000576951832045,-0.0101360818371,-6.62112142891e-10,1,0.688359022141,0,1.36819005013,0,-0.000518557208125,-0.000570847652853,-0.0171986147761,-0.0101299770176,-0.0166800580919,-0.00955913029611,1.59830880165,-0.0180324222893,-0.01070692949,-0.00200395891443,0.318134516478,0,0,0,0,1,0,0,0,0,0,0,0,0,1,0,0.572407543659,0,0.226565301418,0,264.620483398,-9.44025814533e-05,-0.00292511284351,3.84948822818e-10,-0.00283066369593,-0.00283066392876,-0.00292512774467,0,2.62664580345,-0.00148636172526,-0.0338074117899,1.87200331688,-0.00109982327558,-0.0191899389029,1.84867531061e-07,1,0.30624294281,-0.00729121640325,-0.00504362164065,-0.0396122634411,-0.0231337361038,-0.0323210507631,-0.0180901139975,-0.0410986244678,-0.0242335610092,-0.00478973658755,0.113013744354,0,0,0,1,0,0,0,0,0,0,0,0,1,0,0.23813483119,0.069864153862,264.688598633,-9.49203968048e-05,-0.00459571182728,-0.000840171938762,-0.00534095382318,-0.00450078165159,-0.00543589890003,0.252580046654,0,-0.00663839746267,-0.0514811426401,-0.0378301814198,0.00613650027663,0,1,0,0,-8.941614151,0,0.0475626140833,0.0200518388301,264.31666665,-0.00889712851495,-0.0067284675315,267.842102051,264.384490967,8.10930728912,3.63117790222,0.963584065437,0.0581221729517
9900,192.736678339,1,0.250855833292,246.875,7.99983787537,0.000539819360711,1,160.631820679,1,20.083732605,8.1002368927,183.099844422,0.0132118500769,0.00583127140999,-0.000245686358539,1.32231128216,-0.0665541738272,-0.0503317005932,-0.0499465465546,-0.0377721562982,2.10514116287,-0.000645987398457,-0.0167316496372,1.54445409775,-0.000477495515952,-0.00976498238742,8.44011083245e-10,1,0.697172939777,0,1.36892747879,0,-0.000516598927788,-0.000565127003938,-0.0166022591293,-0.00985261425376,-0.0160856619477,-0.00928748771548,1.59950709343,-0.0172482468188,-0.0103301089257,-0.0019083826337,0.32220095396,0,0,0,0,1,0,0,0,0,0,0,0,0,1,0,0.580232381821,0,0.229905128479,0,264.616241455,-7.439032197e-05,-0.00284330919385,3.17519954773e-10,-0.00276892865077,-0.00276892911643,-0.00284333527088,0,2.62558841705,-0.00136624532752,-0.0325802527368,1.87588763237,-0.00106317736208,-0.0185950249434,1.8380524125e-07,1,0.319614261389,-0.0074155125767,-0.00510545959696,-0.0386295206845,-0.0226373076439,-0.0312140099704,-0.0175318457186,-0.0399957671762,-0.0237004868686,-0.00468788994476,0.117927111685,0,0,0,1,0,0,0,0,0,0,0,0,1,0,0.248579829931,0.0730366706848,264.684936523,-8.31335783005e-05,-0.00446683168411,-0.000862531131133,-0.00524618336931,-0.00438365200534,-0.00532940775156,0.252465754747,0,-0.00664288923144,-0.0513710901141,-0.0378896258771,0.00614879094064,0,1,0,0,-8.76985454559,0,0.0466529093683,0.0203046109527,264.312499983,-0.00872622337192,-0.00659922044724,267.841278076,264.386901855,8.10021781921,3.57284784317,0.960786819458,0.0604008249938
9960,206.781696658,1,0.24820664525,234.375,8.00094795227,0.000674962706398,1,158.923965454,1,20.138463974,8.10584926605,196.442611825,0.0136776659638,0.00583363138139,-0.000240541950916,1.32231128216,-0.0650330781937,-0.049181368202,-0.0490603968501,-0.0371020026505,2.09636640549,-0.000591814750805,-0.0161392036825,1.54270219803,-0.000435791152995,-0.00951590389013,2.53203324974e-09,1,0.704350292683,0,1.37014806271,0,-0.000509946141392,-0.000547885079868,-0.0160573348403,-0.00962799787521,-0.0155473891646,-0.00908011198044,1.60149073601,-0.0166491493583,-0.0100637879223,-0.00180038902909,0.324642449617,0,0,0,0,1,0,0,0,0,0,0,0,0,1,0,0.589688181877,0,0.232997745275,0,264.611633301,-6.43022358418e-05,-0.00275801494718,2.67382171959e-10,-0.00269377045333,-0.00269377068616,-0.0027580074966,0,2.62165307999,-0.00137236923911,-0.0321725346148,1.8777037859,-0.00100382859819,-0.0182519778609,1.84823875315e-07,1,0.318905472755,-0.00746507942677,-0.00517057301477,-0.0382652431726,-0.0224187225103,-0.0308001637459,-0.0172481499612,-0.0396376140416,-0.0234225522727,-0.00472236145288,0.117284551263,0,0,0,1,0,0,0,0,0,0,0,0,1,0,0.243249803782,0.0711978971958,264.681518555,-8.15987586975e-05,-0.00440173596144,-0.000876887177583,-0.00519703421742,-0.00432014744729,-0.00527865812182,0.251913607121,0,-0.00662117218599,-0.0510729774833,-0.0378099009395,0.00616913475096,0,1,0,0,-8.58622360229,0,0.0483443625271,0.0203121360391,264.308333317,-0.00854350626469,-0.00646104011685,267.840515137,264.395874023,8.10558891296,3.55564641953,0.946934342384,0.0621219426394
10020,211.40987798,1,0.247099801898,234.375,8.00065994263,0.000626836845186,1,157.859329224,1,20.9007778168,8.11337280273,200.839384081,0.0128846364096,0.00583075731993,-0.00023893895559,1.32231128216,-0.0644338279963,-0.0487281829119,-0.0486510209739,-0.0367924124002,2.08941316605,-0.000492205668706,-0.0158261656761,1.54269242287,-0.000344277010299,-0.00919603556395,2.43016984314e-09,1,0.708060503006,0,1.37162482738,0,-0.000492241058964,-0.000519160763361,-0.0158261992037,-0.00937091931701,-0.0153339589015,-0.0088517582044,1.60389018059,-0.0163184069097,-0.00971519574523,-0.00190130562987,0.324912428856,0,0,0,0,1,0,0,0,0,0,0,0,0,1,0,0.589519500732,0,0.231724023819,0,264.607208252,-5.08278608322e-05,-0.0027341991663,1.90337509642e-10,-0.00268342066556,-0.00268342066556,-0.00273420661688,0,2.61918997765,-0.00108774215914,-0.0316599868238,1.88181638718,-0.000714638736099,-0.0181963648647,1.84372765943e-07,1,0.310342699289,-0.00738671701401,-0.00527039263397,-0.0379589647055,-0.0227521192282,-0.0305722430348,-0.0174817256629,-0.0390467047691,-0.0234667565674,-0.00433868262917,0.113590329885,0,0,0,1,0,0,0,0,0,0,0,0,1,0,0.238463789225,0.0692992210388,264.67791748,-6.02602958679e-05,-0.00434366613626,-0.000874632038176,-0.00515807699412,-0.00428344495595,-0.00521839410067,0.251141130924,0,-0.00658688228577,-0.0506830960512,-0.0376562103629,0.00619374588132,0,1,0,0,-8.52900505066,0,0.0454667918384,0.0203032325953,264.30416665,-0.00848657172173,-0.00641798321158,267.83984375,264.367736816,8.11332988739,3.53100061417,0.896646380424,0.0510129034519
10080,203.100518016,1,0.246901229024,234.375,8.00040626526,0.000615618017036,1,157.568481445,1,21.6087093353,8.10734939575,192.945492115,0.0116891879588,0.00583134312183,-0.000238803317188,1.32231128216,-0.0643042549491,-0.0486301928759,-0.0486073493958,-0.0367593839765,2.08300447464,-0.000393909751438,-0.0157460980117,1.54292297363,-0.000282463966869,-0.00890677887946,2.59024091065e-09,1,0.70839124918,0,1.37312233448,0,-0.000479123933474,-0.000504546100274,-0.015831310302,-0.00912886112928,-0.0153521886095,-0.00862431433052,1.60632383823,-0.0162252224982,-0.00941132567823,-0.00212402408943,0.323771268129,0,0,0,0,1,0,0,0,0,0,0,0,0,1,0,0.589281439781,0,0.230452477932,0,264.602844238,-4.93191182613e-05,-0.00272230245173,-8.88624174245e-11,-0.00267300661653,-0.0026730063837,-0.00272229500115,0,2.61527395248,-0.000942990998738,-0.0317292287946,1.88451814651,-0.000559904612601,-0.0177966952324,1.84343662113e-07,1,0.305060505867,-0.0075191212818,-0.00532544357702,-0.0383053570986,-0.0225622337312,-0.0307862367481,-0.0172367915511,-0.0392483472824,-0.0231221392751,-0.00476007722318,0.111146122217,0,0,0,1,0,0,0,0,0,0,0,0,1,0,0.230395033956,0.0663459300995,264.674194336,-6.39036297798e-05,-0.0043643862009,-0.000893806689419,-0.00519441952929,-0.00430061295629,-0.00525824725628,0.250397562981,0,-0.00655501103029,-0.0503177270293,-0.0375013388693,0.00621870579198,0,1,0,0,-8.52416229248,0,0.0411475151777,0.0203056577593,264.299999983,-0.00848175399005,-0.00641433987767,267.839233398,264.402130127,8.1073102951,3.61255025864,0.839692831039,0.0521730855107
10140,211.576212887,1,0.247718214989,234.375,8.00108337402,0.00064382009441,1,157.254745483,1,21.6475849152,8.13411998749,200.997402243,0.0131261041388,0.00586141552776,-0.000241662957706,1.32231128216,-0.0647981017828,-0.0490036681294,-0.0488400235772,-0.0369353443384,2.07949852943,-0.000298813654808,-0.0159546248615,1.54209160805,-0.000194851018023,-0.00886290706694,2.37196218222e-09,1,0.702798485756,0,1.37454092503,0,-0.000466263561975,-0.000490739243105,-0.0161220729351,-0.00915879569948,-0.0156558100134,-0.00866805575788,1.60862886906,-0.0164208859205,-0.00935364607722,-0.00228650588542,0.320270836353,0,0,0,0,1,0,0,0,0,0,0,0,0,1,0,0.575728774071,0.00048828125,0.224517792463,0.00048828125,264.598937988,-4.28780913353e-05,-0.00279361754656,-1.03167016596e-10,-0.00275073805824,-0.00275073829107,-0.00279362499714,0.00048828125,2.61145305634,-0.000813034479506,-0.0315693616867,1.88409495354,-0.00040160107892,-0.0171759016812,1.83703377843e-07,1,0.313697099686,-0.00752569129691,-0.00528062228113,-0.0382820181549,-0.0220549218357,-0.0307563282549,-0.0167743004858,-0.0390950515866,-0.022456523031,-0.0052066850476,0.113732673228,0,0,0,1,0,0,0,0,0,0,0,0,1,0,0.23136651516,0.0662267655134,264.670227051,-4.91738319397e-05,-0.00438833236694,-0.00088638626039,-0.00522554293275,-0.00433915667236,-0.00527475774288,0.249846175313,0,-0.00653642928228,-0.0500524863601,-0.0373933650553,0.0062423478812,0,1,0,0,-8.62623786926,0,0.0463419407606,0.0204110015184,264.295833316,-0.00858332123607,-0.00649115024135,267.838653564,264.318603516,8.13338661194,3.89389324188,0.92310488224,0.0567796975374
10200,213.441088242,1,0.247392743826,234.375,8.00151443481,0.000656292773783,1,155.826721191,1,20.3719043732,8.19375038147,202.76903383,0.0141167258844,0.00592235568911,-0.000242917565629,1.32231128216,-0.0647903382778,-0.0489977970719,-0.0484955571592,-0.0366748422384,2.07600927353,-0.000329652189976,-0.0158373340964,1.53854215145,-0.00020147037867,-0.00837409682572,2.2555468604e-09,1,0.709144294262,0,1.3761960268,0,-0.000469930877443,-0.000487765588332,-0.0159776136279,-0.00866039190441,-0.0155076812953,-0.0081726256758,1.61131858826,-0.0163072645664,-0.00886186305434,-0.00261435331777,0.322040319443,0,0,0,0,1,0,0,0,0,0,0,0,0,1,0,0.577461719513,0,0.224226266146,0,264.595123291,-4.52976673841e-05,-0.00278865359724,1.43151365761e-10,-0.0027433463838,-0.00274334661663,-0.00278864614666,0,2.60858130455,-0.000897838443052,-0.0311828926206,1.88279259205,-0.000447535188869,-0.0165265742689,1.83383235708e-07,1,0.313067615032,-0.00773070938885,-0.00532210618258,-0.0380157604814,-0.0214011445642,-0.0302850548178,-0.0160790383816,-0.0389136001468,-0.0218486804515,-0.00560677191243,0.112934999168,0,0,0,1,0,0,0,0,0,0,0,0,1,0,0.223696604371,0.0637086182833,264.666473389,-4.9140304327e-05,-0.00437149778008,-0.000914585078135,-0.00523700378835,-0.00432241894305,-0.00528610497713,0.249434411526,0,-0.0065324860625,-0.049871340394,-0.0373012013733,0.00626993365586,0,1,0,0,-8.67102146149,0,0.0499417744577,0.020626436919,264.29166665,-0.0086278822273,-0.00652484968305,267.83795166,264.357849121,8.14952659607,3.65567541122,0.893947124481,0.0512704998255
10260,211.671500886,1,0.246783003211,234.375,8.00145530701,0.000651458220091,1,154.967102051,1,18.8088035583,8.11786079407,201.087925842,0.0158854406327,0.0059439977631,-0.000242463414907,1.32231128216,-0.0646239519119,-0.0488719642162,-0.0480522662401,-0.0363396033645,2.07289099693,-0.000341313192621,-0.0158240124583,1.53502249718,-0.000222357048187,-0.00829800032079,2.12457962334e-09,1,0.708761930466,0,1.37808227539,0,-0.000478133792058,-0.000494789564982,-0.0159608311951,-0.00857043173164,-0.0154826985672,-0.00807564239949,1.61438369751,-0.0163021460176,-0.00879278965294,-0.00267553329468,0.320971310139,0,0,0,0,1,0,0,0,0,0,0,0,0,1,0,0.581617891788,0.001953125,0.225077316165,0.001953125,264.591278076,-4.74713742733e-05,-0.00276223942637,1.76363701421e-10,-0.00271480763331,-0.00271480763331,-0.00276225432754,0.001953125,2.60143566132,-0.000890925060958,-0.0311467368156,1.88037955761,-0.000498547160532,-0.0166110545397,1.83295924217e-07,1,0.311618000269,-0.00776233617216,-0.0052477736026,-0.0380181446671,-0.0213602818549,-0.0302558150142,-0.0161125063896,-0.0389090701938,-0.0218588281423,-0.00563202239573,0.112036541104,0,0,0,1,0,0,0,0,0,0,0,0,1,0,0.227762550116,0.064552359283,264.662414551,-4.66257333755e-05,-0.00430158525705,-0.000918296223972,-0.00517327152193,-0.00425497535616,-0.00521989911795,0.248990684748,0,-0.00653025973588,-0.0497053712606,-0.0371608436108,0.00630137138069,0,1,0,0,-8.65481090546,0,0.0564080961049,0.020703561604,264.287499983,-0.00861175172031,-0.0065126507543,267.837219238,264.357330322,8.11785888672,3.8678355217,0.85277736187,0.0558221749961
10320,214.313653892,1,0.246811240911,234.375,8.00067138672,0.000523051712662,1,155.141052246,1,18.110660553,8.15424060822,203.597971198,0.013326253742,0.00593792786822,-0.00024227470567,1.32231128216,-0.0646776482463,-0.0489125736058,-0.0480109006166,-0.0363083183765,2.06956124306,-0.000383915496059,-0.0158167593181,1.53225135803,-0.000263541121967,-0.00835199654102,1.76078174263e-09,1,0.708374500275,0,1.37964308262,0,-0.000484255404444,-0.000509507663082,-0.015917096287,-0.00859796348959,-0.0154328420758,-0.00808845553547,1.61691999435,-0.0163010135293,-0.00886150542647,-0.00262396596372,0.319853365421,0,0,0,0,1,0,0,0,0,0,0,0,0,1,0,0.584576964378,0,0.225486323237,0,264.586975098,-4.89428639412e-05,-0.00274419412017,5.1709414528e-10,-0.00269530410878,-0.00269530457444,-0.0027441829443,0,2.59092712402,-0.0010725655593,-0.0309652909636,1.87761175632,-0.000693893525749,-0.016408868134,1.83033989742e-07,1,0.317316353321,-0.00758831528947,-0.00527247320861,-0.0374810397625,-0.0209874473512,-0.0298927221447,-0.0157149750739,-0.0385536029935,-0.021681342274,-0.00559820700437,0.11345499754,0,0,0,1,0,0,0,0,0,0,0,0,1,0,0.238041818142,0.0671292692423,264.657714844,-6.72340393066e-05,-0.00424167513847,-0.000916435557883,-0.00509087508544,-0.00417443923652,-0.00515810400248,0.248589798808,0,-0.00652667973191,-0.0495633259416,-0.0370141416788,0.00632738415152,0,1,0,0,-8.64807510376,0,0.0470680147409,0.0206811800599,264.283333316,-0.00860504992306,-0.00650758249685,267.836517334,264.366851807,8.15391159058,3.62231850624,0.785522937775,0.0512254163623
10380,219.644058165,1,0.245284333825,259.375,8.00057983398,0.000456923735328,1,154.568649292,1,17.7007255554,8.13826465607,208.661855256,0.0155784236267,0.00594462733716,-0.000238686567172,1.32231128216,-0.0637024492025,-0.0481750778854,-0.0476567596197,-0.0360404998064,2.06123638153,-0.000315109733492,-0.0150752151385,1.52886795998,-0.000194925436517,-0.00821184180677,1.61526259035e-09,1,0.717208623886,0,1.38093590736,0,-0.000481216236949,-0.00050144753186,-0.0152413211763,-0.00851836428046,-0.0147601049393,-0.0080169159919,1.61902070045,-0.0155564313754,-0.00871328916401,-0.00228989380412,0.322882473469,0,0,0,0,1,0,0,0,0,0,0,0,0,1,0,0.59913122654,0,0.23021236062,0,264.582305908,-3.5785138607e-05,-0.00263515301049,7.93244248065e-10,-0.00259937113151,-0.00259937183,-0.0026351492852,0,2.58052968979,-0.000931648886763,-0.0294628683478,1.87554478645,-0.000597273465246,-0.0159597415477,1.82495568879e-07,1,0.337083280087,-0.00750736985356,-0.00527589209378,-0.0360385887325,-0.0206383597106,-0.0285312198102,-0.0153624676168,-0.0369702354074,-0.0212356336415,-0.0050236415118,0.120091594756,0,0,0,1,0,0,0,0,0,0,0,0,1,0,0.257768034935,0.0723750591278,264.653533936,-4.8290938139e-05,-0.00409185141325,-0.000930512498599,-0.00497411843389,-0.00404360517859,-0.00502242147923,0.248158365488,0,-0.00651609152555,-0.0493965446949,-0.0368776284158,0.00634893029928,0,1,0,0,-8.51999473572,0,0.0552820302546,0.0207005254924,264.279166649,-0.00847760681063,-0.0064112036489,267.835845947,264.353881836,8.13783454895,3.59556627274,0.837003827095,0.053525108844
10440,222.104235727,1,0.242676943541,253.125,8.00122642517,0.000522677320987,1,153.085342407,1,17.689250946,8.12424564362,210.99902394,0.0122040174901,0.00602923054248,-0.000233395199757,1.32231128216,-0.062069684267,-0.0469402968884,-0.0470283515751,-0.035565264523,2.04861879349,-0.000274392368738,-0.0143750524148,1.52598702908,-0.000165602818015,-0.00812460295856,4.72937244922e-10,1,0.725217163563,0,1.38245427608,0,-0.000468007085146,-0.00049676100025,-0.0145686659962,-0.008455760777,-0.0141006596386,-0.00795899983495,1.62148821354,-0.0148430587724,-0.0086213639006,-0.00195450149477,0.325042426586,0,0,0,0,1,0,0,0,0,0,0,0,0,1,0,0.604472696781,0,0.23117877543,0,264.577484131,-2.93720513582e-05,-0.00257931835949,8.26959223321e-10,-0.00254995841533,-0.00254995934665,-0.00257930904627,0,2.5713467598,-0.000816186715383,-0.0285269618034,1.87598490715,-0.000496089749504,-0.0157562941313,1.83004885912e-07,1,0.341888397932,-0.00749472714961,-0.00545806065202,-0.0352055057883,-0.0207182653248,-0.0277107730508,-0.0152602056041,-0.0360216870904,-0.0212143566459,-0.00450010085478,0.121187068522,0,0,0,1,0,0,0,0,0,0,0,0,1,0,0.248086616397,0.069357201457,264.649841309,-2.98321247101e-05,-0.00407499074936,-0.000965546583757,-0.00501078832895,-0.00404524197802,-0.0050405189395,0.247408390045,0,-0.00648326938972,-0.0490654334426,-0.0366888307035,0.00637423805892,0,1,0,0,-8.33111763,0,0.04300493747,0.0209969878197,264.274999982,-0.00828966964036,-0.00626907590777,267.835083008,264.346954346,8.1238117218,3.54086327553,0.783726811409,0.0546121224761
10500,177.374720844,1,0.240506246686,246.875,8.00033664703,0.000575673184358,1,151.188110352,1,17.7649707794,8.15149497986,168.505984801,0.0118313515559,0.00608395040035,-0.000230038960581,1.32231128216,-0.0606072433293,-0.045834325254,-0.0466582402587,-0.0352853685617,2.03539633751,-0.000273914134596,-0.0137376273051,1.5258564949,-0.000169211270986,-0.0080584269017,4.32919478044e-10,1,0.732239603996,0,1.38447809219,0,-0.000462715164758,-0.000495066225994,-0.0139264287427,-0.00838428176939,-0.0134637132287,-0.00788921583444,1.62477684021,-0.0142003428191,-0.00855349376798,-0.00165345938876,0.326237618923,0,0,0,0,1,0,0,0,0,0,0,0,0,1,0,0.610073447227,0.001220703125,0.231788188219,0.001220703125,264.573028564,-2.91019678116e-05,-0.0025244243443,2.06703848482e-10,-0.00249531981535,-0.00249532004818,-0.00252441689372,0.001220703125,2.56324100494,-0.000715774658602,-0.0275994483382,1.87944340706,-0.00045403954573,-0.0159765500575,1.82873918675e-07,1,0.337368428707,-0.00777391530573,-0.00565147493035,-0.0346575900912,-0.0211739838123,-0.0268836729228,-0.015522508882,-0.0353733599186,-0.0216280240566,-0.00386962015182,0.118696473539,0,0,0,1,0,0,0,0,0,0,0,0,1,0,0.236249059439,0.0655947849154,264.646179199,-1.32247805595e-05,-0.00405560061336,-0.000990121043287,-0.00503262039274,-0.00404249923304,-0.00504572689533,0.246363937855,0,-0.00643505249172,-0.0485742762685,-0.036460518837,0.00640796776861,0,1,0,0,-8.2113161087,0,0.04166001454,0.0211914107203,264.270833316,-0.0081704640761,-0.00617892621085,267.834259033,264.341186523,8.15104103088,3.75394511223,0.937587797642,0.0520843602717
10560,210.81651168,1,0.240059018135,234.375,8.00043678284,0.000486172095407,1,150.451705933,1,17.8929748535,8.10532951355,200.275686096,0.0123416623101,0.00606444943696,-0.000229877739912,1.32231128216,-0.0600764453411,-0.0454329065979,-0.0468791611493,-0.0354524403811,2.0244269371,-0.00032229279168,-0.0134823601693,1.52857089043,-0.000202980852919,-0.00791156198829,6.03904481977e-10,1,0.736190855503,0,1.38676548004,0,-0.00045196065912,-0.0004833030398,-0.01361202728,-0.008191883564,-0.0131600666791,-0.00770858069882,1.62849366665,-0.0139343198389,-0.00839486531913,-0.00165907503106,0.325894296169,0,0,0,0,1,0,0,0,0,0,0,0,0,1,0,0.615720033646,0.00048828125,0.232149422169,0.00048828125,264.568725586,-3.79271805286e-05,-0.00248146802187,-4.51165771409e-11,-0.00244356226176,-0.00244356226176,-0.00248147174716,0.00048828125,2.55574154854,-0.000758798851166,-0.0273622348905,1.8880853653,-0.000432778615505,-0.0156780593097,1.81549694389e-07,1,0.333031892776,-0.00789627619088,-0.0058266739361,-0.0344997122884,-0.0210719555616,-0.0266034360975,-0.0152452802286,-0.0352585092187,-0.0215047337115,-0.0039597498253,0.116007328033,0,0,0,1,0,0,0,0,0,0,0,0,1,0,0.23719407618,0.0650175064802,264.642333984,-1.38208270073e-05,-0.00399853289127,-0.000994116533548,-0.00497889146209,-0.0039847753942,-0.00499264895916,0.245272189379,0,-0.006387187168,-0.0480339229107,-0.0362658575177,0.00644608866423,0,1,0,0,-8.2055606842,0,0.0435022450984,0.021123830229,264.266666649,-0.00816473737359,-0.00617459556088,267.833587646,264.355773926,8.10393047333,3.70230436325,0.99057495594,0.0485937595367
10620,218.126303153,1,0.240292206407,234.375,8.00091075897,0.000533108832315,1,150.491088867,1,18.4226970673,8.10596370697,207.219987995,0.0128380740061,0.00602605380118,-0.000230487974477,1.32231128216,-0.060069411993,-0.0454275868833,-0.0471285134554,-0.035641014576,2.01564860344,-0.000391193665564,-0.0134703144431,1.53182899952,-0.000259960681433,-0.00770111568272,8.58562998474e-10,1,0.738916397095,0,1.3889093399,0,-0.000432332337368,-0.000457660586108,-0.0135114528239,-0.00789881590754,-0.0130791198462,-0.00744115514681,1.63197767735,-0.0139026455581,-0.00815877690911,-0.00188223319128,0.325300306082,0,0,0,0,1,0,0,0,0,0,0,0,0,1,0,0.6194216609,0,0.23204395175,0,264.564453125,-4.8004090786e-05,-0.00245719775558,-8.29180502038e-10,-0.00240918435156,-0.00240918342024,-0.00245719775558,0,2.54853248596,-0.000922431470826,-0.027384640649,1.89734840393,-0.000579203362577,-0.0153995724395,1.83077645488e-07,1,0.331666767597,-0.00800505466759,-0.00605308264494,-0.0344672650099,-0.0208734516054,-0.0264622084796,-0.0148203680292,-0.0353896915913,-0.0214526541531,-0.00422961357981,0.114773631096,0,0,0,1,0,0,0,0,0,0,0,0,1,0,0.236234739423,0.0644048675895,264.638671875,-2.74032354355e-05,-0.00401861220598,-0.00101157510653,-0.00500278407708,-0.00399120943621,-0.00503016263247,0.244348958135,0,-0.00634978851303,-0.0475628450513,-0.0361436381936,0.0064818225801,0,1,0,0,-8.22734451294,0,0.0452981293201,0.0209886617959,264.262499982,-0.00818641204387,-0.00619098683819,267.832794189,264.354095459,8.10595798492,3.6264667511,0.963508307934,0.0541133880615
10680,203.924320296,1,0.241911292076,234.375,8.00218868256,0.000579858082347,1,151.258987427,1,19.1200752258,8.11343574524,193.728104281,0.0123788118362,0.00599681213498,-0.000233984581428,1.32231128216,-0.0607705563307,-0.0459578298032,-0.0479069948196,-0.0362297408283,2.011677742,-0.000432587956311,-0.0136549547315,1.53904795647,-0.000321069295751,-0.00788421928883,0,1,0.735389232635,0,1.3906570673,0,-0.000434193119872,-0.000465300516225,-0.0136565594003,-0.00802845042199,-0.0132223656401,-0.00756315002218,1.63481760025,-0.0140891475603,-0.00834951922297,-0.00191558385268,0.322308778763,0,0,0,0,1,0,0,0,0,0,0,0,0,1,0,0.613524198532,0,0.228641837835,0,264.560852051,-5.3096562624e-05,-0.00249754264951,-9.13590092466e-10,-0.00244450662285,-0.00244450569153,-0.0024975463748,0,2.5441403389,-0.00103098805994,-0.0280532483011,1.9073946476,-0.000729797990061,-0.0161121468991,1.82917574421e-07,1,0.31179100275,-0.00811288878322,-0.00626031216234,-0.0351351499557,-0.0216426607221,-0.0270222611725,-0.0153823476285,-0.036166138947,-0.0223724581301,-0.00414555938914,0.107336327434,0,0,0,1,0,0,0,0,0,0,0,0,1,0,0.217908844352,0.0591150596738,264.635101318,-3.83406877518e-05,-0.00414673238993,-0.0010198999662,-0.00512831611559,-0.00410841591656,-0.00516656786203,0.24371817708,0,-0.00632849149406,-0.0472220107913,-0.0361074469984,0.00651095062494,0,1,0,0,-8.35215568542,0,0.0436365008354,0.0208859816194,264.258333315,-0.00831060297787,-0.00628490652889,267.831970215,264.358886719,8.113322258,3.56904029846,0.938736081123,0.0532943569124
10740,184.799325274,1,0.243648454547,234.375,8.00232696533,0.000546735653188,1,152.02142334,1,19.4898204803,8.12152576447,175.55935901,0.0127139296383,0.00600480660796,-0.000237862594076,1.32231128216,-0.0615382865071,-0.0465384274721,-0.048734433949,-0.0368554927409,2.01086592674,-0.00041356717702,-0.0136842643842,1.54757666588,-0.000298041384667,-0.00777808576822,3.49245965481e-10,1,0.735220551491,0,1.39172589779,0,-0.000420092808781,-0.000457840331364,-0.0136907901615,-0.00793788488954,-0.0132706966251,-0.00748004391789,1.6365544796,-0.0141043579206,-0.00823592580855,-0.00206302152947,0.321911275387,0,0,0,0,1,0,0,0,0,0,0,0,0,1,0,0.610927283764,0,0.227643504739,0,264.557678223,-4.6968460083e-05,-0.00250098109245,-1.01237618289e-09,-0.00245404569432,-0.002454044763,-0.00250099599361,0,2.54337954521,-0.00073665427044,-0.028308339417,1.91620731354,-0.000570730422623,-0.0161503255367,1.82189978659e-07,1,0.306169092655,-0.00808392465115,-0.00616371165961,-0.0356556102633,-0.0217433050275,-0.0275716818869,-0.0155795942992,-0.0363922640681,-0.0223140344024,-0.00451855221763,0.105532556772,0,0,0,1,0,0,0,0,0,0,0,0,1,0,0.215495690703,0.0585325323045,264.631774902,-9.23871994019e-06,-0.00419351458549,-0.00100059132092,-0.00518491864204,-0.0041843270883,-0.00519409775734,0.243528500199,0,-0.00633096136153,-0.0470542125404,-0.0362003035843,0.00652876449749,0,1,0,0,-8.4905834198,0,0.0448486618698,0.0209167264402,264.254166649,-0.00844834186137,-0.00638907169923,267.83114624,264.348754883,8.12134361267,3.71148014069,0.859428286552,0.053725708276
10800,197.980724015,1,0.24538949132,240.625,8.00091171265,0.000710203370545,1,152.988861084,1,19.900188446,8.10987758636,188.081687814,0.0141193820164,0.00598375452682,-0.000241461617406,1.32231128216,-0.0623779371381,-0.0471734143794,-0.049487605691,-0.0374250784516,2.01166200638,-0.000305703433696,-0.014068139717,1.55459499359,-0.000228075368796,-0.00800756923854,3.92901711166e-10,1,0.725811123848,0,1.39211201668,0,-0.00043694928172,-0.000469758786494,-0.0141993854195,-0.00824925303459,-0.0137624368072,-0.00777949439362,1.6371819973,-0.0145050883293,-0.00847732834518,-0.00217413227074,0.317916572094,0,0,0,0,1,0,0,0,0,0,0,0,0,1,0,0.602627396584,0,0.224600940943,0,264.554443359,-3.57087701559e-05,-0.00255049020052,-8.26693435929e-11,-0.00251480424777,-0.00251480401494,-0.00255048647523,0,2.54387497902,-0.000460748095065,-0.0287844780833,1.92255008221,-0.000407921004808,-0.0161541216075,1.81476934813e-07,1,0.298076868057,-0.00824410375208,-0.00619486067444,-0.0365678332746,-0.021941062063,-0.0283237323165,-0.0157462004572,-0.037028580904,-0.0223489813507,-0.00503076333553,0.10271345824,0,0,0,1,0,0,0,0,0,0,0,0,1,0,0.204034909606,0.0555706955492,264.628479004,8.06897878647e-06,-0.00423749163747,-0.00100993737578,-0.00525553291664,-0.00424559554085,-0.00524743646383,0.243694186211,0,-0.00635053496808,-0.0470239929855,-0.0363814085722,0.00653520040214,0,1,0,0,-8.61905097961,0,0.0499514527619,0.0208432376385,264.249999982,-0.00857617054135,-0.00648574251682,267.830413818,264.348968506,8.10713005066,3.89456129074,0.908493280411,0.056393802166
10860,189.150064755,1,0.246958345175,253.125,8.00096702576,0.000472418236313,1,154.009658813,1,19.9958534241,8.11206626892,179.692561517,0.0117538971826,0.00591195002198,-0.000244491151534,1.32231128216,-0.0632175654173,-0.0478083826602,-0.0500726103783,-0.0378674902022,2.01559495926,-0.000258893473074,-0.0143597964197,1.56153583527,-0.000174518892891,-0.00809148792177,-2.91038304567e-10,1,0.720721960068,0,1.39192008972,0,-0.000454717373941,-0.000476371962577,-0.0145556200296,-0.0083933416754,-0.0141009036452,-0.00791696924716,1.63687038422,-0.0148145137355,-0.00856786035001,-0.00231774384156,0.316310048103,0,0,0,0,1,0,0,0,0,0,0,0,0,1,0,0.603137016296,0,0.225317850709,0,264.551422119,-3.52337956429e-05,-0.00255914777517,-7.65956326143e-11,-0.00252394028939,-0.00252394028939,-0.00255914404988,0,2.54732561111,-0.000550967291929,-0.0295736193657,1.92708301544,-0.000439504772658,-0.0166492424905,1.82335497811e-07,1,0.288702726364,-0.00831184536219,-0.00611007818952,-0.037334498018,-0.0223198160529,-0.0290226489305,-0.0162097383291,-0.0378854610026,-0.022759322077,-0.00530498148873,0.0997791066766,0,0,0,1,0,0,0,0,0,0,0,0,1,0,0.19919770956,0.054587520659,264.625183105,-1.46776437759e-05,-0.00429799407721,-0.00100764143281,-0.00529103074223,-0.00428338954225,-0.0053057000041,0.24415050447,0,-0.0063835028559,-0.0471189320087,-0.0366252623498,0.00653200270608,0,1,0,0,-8.72719192505,0,0.0413807593286,0.020588953048,264.245833315,-0.00868377275765,-0.00656711682677,267.829772949,264.334136963,8.0928478241,3.75127673149,0.902351856232,0.0566995739937
10920,205.447246738,1,0.247888743877,253.125,8.00076675415,0.000376676296582,1,154.869003296,1,20.4644203186,8.10737037659,195.174884402,0.0128757031634,0.00588950514793,-0.000245892850216,1.32231128216,-0.0637756213546,-0.0482304133475,-0.0503484010696,-0.0380760580301,2.02167367935,-0.000352210074198,-0.0145903136581,1.56829714775,-0.000269056297839,-0.00816524215043,-5.3842086345e-10,1,0.719492316246,0,1.39132368565,0,-0.000465855817311,-0.000475448701764,-0.0147039601579,-0.00837163440883,-0.0142381042242,-0.00789618585259,1.63590097427,-0.0150561695918,-0.00864069070667,-0.00245391437784,0.31689915061,0,0,0,0,1,0,0,0,0,0,0,0,0,1,0,0.601655960083,0,0.225665405393,0,264.548217773,-5.01349568367e-05,-0.00259270891547,2.09227607462e-10,-0.00254264334217,-0.00254264334217,-0.00259269028902,0,2.55295848846,-0.000702914549038,-0.0302037075162,1.93297934532,-0.000621544371825,-0.017055220902,1.82073563337e-07,1,0.287413030863,-0.00833891890943,-0.00607162574306,-0.0378397107124,-0.0225053019822,-0.0295007899404,-0.0164336767048,-0.038542624563,-0.0231268461794,-0.00554188434035,0.0999296233058,0,0,0,1,0,0,0,0,0,0,0,0,1,0,0.200153231621,0.0551727674901,264.621948242,-2.98991799355e-05,-0.00437393039465,-0.000992425135337,-0.00533654354513,-0.00434411875904,-0.00536632537842,0.244747191668,0,-0.00642030779272,-0.047289557755,-0.0368794985116,0.00652206037194,0,1,0,0,-8.77722549438,0,0.0454344339669,0.0205109529197,264.241666648,-0.0087335575372,-0.00660476693884,267.82913208,264.326751709,8.10703849792,3.7954287529,0.867431879044,0.0646630451083
10980,206.026497229,1,0.248991936445,259.375,7.99977254868,0.000394628848881,1,155.098510742,1,20.7055091858,8.10540962219,195.725172368,0.0121488021687,0.00587516557425,-0.000248821685091,1.32231128216,-0.0644427165389,-0.0487349070609,-0.050672903657,-0.0383214652538,2.02939176559,-0.000441816053353,-0.0147330379114,1.57358849049,-0.00034348689951,-0.00836974009871,5.82076609135e-11,1,0.718648910522,0,1.39053630829,0,-0.000469899940072,-0.000473672116641,-0.0147611219436,-0.00849992502481,-0.0142912212759,-0.00802625343204,1.63462162018,-0.0152029376477,-0.00884341169149,-0.00240218942054,0.317659676075,0,0,0,0,1,0,0,0,0,0,0,0,0,1,0,0.593413114548,0,0.223420113325,0,264.545410156,-5.55515289307e-05,-0.00266610085964,-3.25967336456e-10,-0.00261059496552,-0.00261059449986,-0.00266608595848,0,2.55882787704,-0.000632517039776,-0.0308265760541,1.93899297714,-0.000556779792532,-0.0170118231326,1.80792994797e-07,1,0.282546699047,-0.00834079738706,-0.00597167620435,-0.0385348573327,-0.022426718846,-0.0301940590143,-0.0164550431073,-0.0391673743725,-0.0229834988713,-0.00606762804091,0.0986260697246,0,0,0,1,0,0,0,0,0,0,0,0,1,0,0.186838239431,0.0516787692904,264.619049072,-1.44094228745e-05,-0.00448997318745,-0.00100224697962,-0.00547783309594,-0.00447558611631,-0.00549221038818,0.245425879955,0,-0.00646060239524,-0.0475113689899,-0.0371260344982,0.00650893896818,0,1,0,0,-8.88177108765,0,0.0428055338562,0.0204577073455,264.237499982,-0.00883758347481,-0.00668343668804,267.828460693,264.320831299,8.10487365723,3.81531381607,0.963019788265,0.0571196079254
11040,189.908443719,1,0.250191032887,234.375,8.00041007996,0.000180005576112,1,155.639877319,1,21.1406269073,8.09159851074,180.413021533,0.0127553902566,0.00578829646111,-0.000251555815339,1.32231128216,-0.0651039406657,-0.0492349565029,-0.0511124618351,-0.0386538803577,2.03678774834,-0.000500072143041,-0.0150862503797,1.57880592346,-0.000353393261321,-0.00893223285675,1.68802216649e-09,1,0.710284888744,0,1.38981580734,0,-0.000489820260555,-0.000493887695484,-0.0150759993121,-0.00907272659242,-0.0145861776546,-0.00857883971184,1.63345050812,-0.0155760701746,-0.00942612066865,-0.00215146690607,0.315143913031,0,0,0,0,1,0,0,0,0,0,0,0,0,1,0,0.587655246258,0,0.222075104713,0,264.542480469,-5.25191426277e-05,-0.00272031128407,1.62103871992e-10,-0.00266783544794,-0.0026678359136,-0.00272030010819,0,2.56486415863,-0.000673483358696,-0.0314272455871,1.94342589378,-0.000506712298375,-0.0183725096285,1.80560164154e-07,1,0.264819860458,-0.00834184326231,-0.00584503635764,-0.0390956066549,-0.0237108338624,-0.0307537615299,-0.0178657993674,-0.0397690907121,-0.0242175459862,-0.00541838305071,0.0927327796817,0,0,0,1,0,0,0,0,0,0,0,0,1,0,0.181190684438,0.0502078682184,264.615905762,-1.31130218506e-06,-0.00454594939947,-0.000976822338998,-0.00552148977295,-0.00454466789961,-0.0055228099227,0.246177151799,0,-0.00650750380009,-0.0477802753448,-0.0373758226633,0.00649692863226,0,1,0,0,-8.97936725616,0,0.0449987463653,0.0201532170177,264.233333315,-0.00893469341099,-0.00675687612966,267.827819824,264.297027588,8.09153175354,3.84330034256,0.990634560585,0.0711781606078
11100,183.743603389,1,0.253128826618,234.375,8.00256633759,0.000421168690082,1,157.275695801,1,21.7625617981,8.12817668915,174.556423219,0.0120216310024,0.00573725858703,-0.000257812032942,1.32231128216,-0.0665639936924,-0.0503391250968,-0.0524188578129,-0.0396418459713,2.04700756073,-0.000699346186593,-0.0156892221421,1.58969330788,-0.000479602837004,-0.00952404178679,2.23735696636e-09,1,0.703260183334,0,1.38873457909,0,-0.000504390627611,-0.000508197466843,-0.0154942665249,-0.00955263525248,-0.0149898761883,-0.00904443766922,1.63169360161,-0.01619361341,-0.0100322384387,-0.00204156991094,0.313319295645,0,0,0,0,1,0,0,0,0,0,0,0,0,1,0,0.575420737267,0,0.218434751034,0,264.54006958,-6.97001814842e-05,-0.0028460053727,-4.14498685375e-10,-0.00277627445757,-0.00277627399191,-0.00284600909799,0,2.57379174232,-0.00122025748715,-0.0325393080711,1.95233595371,-0.000768935540691,-0.0197082869709,1.79090420716e-07,1,0.257609665394,-0.00827990379184,-0.00569105381146,-0.0395989567041,-0.0246304050088,-0.031319051981,-0.018939351663,-0.0408192127943,-0.0253993421793,-0.00501621048898,0.0903337448835,0,0,0,1,0,0,0,0,0,0,0,0,1,0,0.169612526894,0.0471781268716,264.61315918,-3.96110117435e-05,-0.00473614409566,-0.000971628294792,-0.00566817820072,-0.00469654984772,-0.00570780783892,0.247175127268,0,-0.00656787957996,-0.0481482930481,-0.037705950439,0.00647890847176,0,1,0,0,-9.20268535614,0,0.0423464477062,0.0199738517404,264.229166648,-0.00915690045804,-0.00692492024973,267.82723999,264.332611084,8.12798404694,3.94100427628,0.984211921692,0.0730310082436
11160,182.130647542,1,0.254781544209,234.375,8.00388240814,0.000463125994429,1,158.321792603,1,22.0938415527,8.10249996185,173.024115164,0.0151908854023,0.00572477420792,-0.00026115795481,1.32231128216,-0.0673381388187,-0.0509245730937,-0.0532296970487,-0.0402550436556,2.05549120903,-0.000879230618011,-0.0156112639233,1.59890604019,-0.000565521302633,-0.00973820965737,3.86535248253e-09,1,0.70815372467,0,1.38735175133,0,-0.000513642909937,-0.000522332789842,-0.0152456760406,-0.00969502143562,-0.0147320330143,-0.00917268916965,1.6294465065,-0.0161249060184,-0.0102605428547,-0.00178036955185,0.317453324795,0,0,0,0,1,0,0,0,0,0,0,0,0,1,0,0.580862879753,0,0.222195312381,0,264.537231445,-8.57738777995e-05,-0.00285320170224,-5.51489853784e-10,-0.00276746880263,-0.00276746833697,-0.00285319704562,0,2.58198261261,-0.00163319322746,-0.0326662287116,1.96039271355,-0.000985934981145,-0.0195979289711,1.77722540684e-07,1,0.271138012409,-0.00819384492934,-0.00564331747591,-0.0392268821597,-0.0242553129792,-0.031033039093,-0.0186119955033,-0.0408600755036,-0.0252412483096,-0.00510498089716,0.0959625318646,0,0,0,1,0,0,0,0,0,0,0,0,1,0,0.193716272712,0.054680980742,264.609954834,-7.6100230217e-05,-0.00466560944915,-0.000954036484472,-0.00554352626204,-0.00458949012682,-0.00561969727278,0.248421251774,0,-0.0066429907456,-0.0486185662448,-0.0381312072277,0.00645586149767,0,1,0,0,-9.32211780548,0,0.0538628362119,0.0199301056564,264.224999981,-0.0092757390812,-0.00701479241252,267.826507568,264.313873291,8.10231018066,3.85242605209,1.04324269295,0.0772003829479
11220,179.106914976,1,0.255325824022,234.375,8.00339317322,0.00038990250323,1,159.187850952,1,22.5882396698,8.12672042847,170.151569228,0.0121005410329,0.00566472439095,-0.000261405220954,1.32231128216,-0.067583322525,-0.051109995693,-0.0535114780068,-0.0404681414366,2.06309199333,-0.000869591720402,-0.0156874656677,1.60647475719,-0.000580140796956,-0.00983775313944,2.87764123641e-09,1,0.709984004498,0,1.38584446907,0,-0.000509681296535,-0.000511953374371,-0.0153275541961,-0.00976956542581,-0.014817873016,-0.00925761274993,1.62699723244,-0.0161971449852,-0.0103497058153,-0.00179235660471,0.32001054287,0,0,0,0,1,0,0,0,0,0,0,0,0,1,0,0.584402799606,0,0.224938869476,0,264.533935547,-8.95615667105e-05,-0.00286357291043,-1.19348975147e-11,-0.00277411239222,-0.00277411239222,-0.00286357197911,0,2.59095096588,-0.00165773578919,-0.0331079140306,1.97004055977,-0.00104329083115,-0.0201845057309,1.77402398549e-07,1,0.266137480736,-0.00817260891199,-0.00573800876737,-0.0396227911115,-0.0248792227358,-0.0314501821995,-0.0191412139684,-0.0412805229425,-0.0259225144982,-0.00490834284574,0.0950812101364,0,0,0,1,0,0,0,0,0,0,0,0,1,0,0.193639114499,0.0552185624838,264.606933594,-8.86991620064e-05,-0.00476630777121,-0.000954888120759,-0.00563248479739,-0.00467759650201,-0.0057212356478,0.249610513449,0,-0.00671185366809,-0.0490645170212,-0.0385517701507,0.00643074139953,0,1,0,0,-9.33094501495,0,0.0426312945783,0.0197163745761,264.220833314,-0.00928452238441,-0.00702143460512,267.825805664,264.333862305,8.12616920471,3.89571690559,1.01530444622,0.073216445744
11280,182.747426881,1,0.255301564932,234.375,8.00163936615,0.000304647983285,1,159.634658813,1,22.6304321289,8.07732200623,173.610055537,0.0127178672701,0.00569641869515,-0.000260599277681,1.32231128216,-0.0673920065165,-0.0509653128684,-0.0537259578705,-0.0406303405762,2.06946635246,-0.000720991112757,-0.0152897704393,1.61733794212,-0.000492135819513,-0.0100605236366,2.61934474111e-09,1,0.712146818638,0,1.38423466682,0,-0.000495736196171,-0.000510193640366,-0.0150645170361,-0.0100785819814,-0.0145687786862,-0.0095683876425,1.62438118458,-0.0157855078578,-0.0105707179755,-0.00141027057543,0.322808355093,0,0,0,0,1,0,0,0,0,0,0,0,0,1,0,0.587686896324,0,0.22762940824,0,264.531066895,-8.09878110886e-05,-0.00285161659122,-1.6253687285e-10,-0.00277071166784,-0.00277071143501,-0.00285163521767,0,2.60399627686,-0.00136537395883,-0.0329597741365,1.98452985287,-0.000912362360395,-0.0211440660059,1.79454218596e-07,1,0.256879031658,-0.00823762454093,-0.00588584132493,-0.0398320220411,-0.0261175446212,-0.0315943993628,-0.0202317032963,-0.0411973968148,-0.0270299073309,-0.00412355642766,0.0924933701754,0,0,0,1,0,0,0,0,0,0,0,0,1,0,0.185790523887,0.0532908700407,264.605194092,-7.164478302e-05,-0.00489912927151,-0.00098148197867,-0.00580895878375,-0.00482747657225,-0.00588062405586,0.250622838736,0,-0.0067653907463,-0.0494272448123,-0.0389188043773,0.00640390999615,0,1,0,0,-9.30217647552,0,0.0448629073799,0.0198297090828,264.216666648,-0.00925589725375,-0.0069997869432,267.825073242,264.287109375,8.0772895813,4.05426597595,1.14693164825,0.0788802802563
11340,191.683785797,1,0.257125943899,253.125,8.0012254715,0.000428406579886,1,160.377227783,1,22.7292385101,8.08984565735,182.099596507,0.0128020457923,0.0056415759027,-0.000264993344899,1.32231128216,-0.068139128387,-0.0515303239226,-0.0547707416117,-0.0414204597473,2.077480793,-0.000451119965874,-0.0159827135503,1.63066053391,-0.000319471379044,-0.0106719192117,2.08092387766e-09,1,0.692599058151,0,1.38258266449,0,-0.000524178263731,-0.000541108427569,-0.0160557702184,-0.0108935553581,-0.0155315920711,-0.010352447629,1.62169671059,-0.016506889835,-0.0112130269408,-0.00141934608109,0.315973937511,0,0,0,0,1,0,0,0,0,0,0,0,0,1,0,0.563075065613,0,0.219604849815,0,264.529022217,-4.88311052322e-05,-0.00300062075257,4.54775106462e-12,-0.0029518418014,-0.00295184203424,-0.00300061330199,0,2.61586308479,-0.000947212451138,-0.0340856462717,1.99747049809,-0.000721023767255,-0.0219243727624,1.78231857717e-07,1,0.239133059978,-0.00837501138449,-0.00610459316522,-0.0415134467185,-0.027307940647,-0.033138435334,-0.0212033465505,-0.0424606576562,-0.0280289649963,-0.00430973339826,0.086806178093,0,0,0,1,0,0,0,0,0,0,0,0,1,0,0.167005389929,0.0481724888086,264.603668213,-3.48687171936e-05,-0.00510668754578,-0.00100497098174,-0.00607676431537,-0.00507179321721,-0.00611166656017,0.251605331898,0,-0.0068160048686,-0.0497468113899,-0.0392993465066,0.00637637637556,0,1,0,0,-9.45902347565,0,0.0451676696539,0.0196384936571,264.212499981,-0.00941196363419,-0.00711781252176,267.824462891,264.320556641,8.08971977234,3.96465921402,0.934402227402,0.0720000714064
11400,192.416157824,1,0.259936660528,253.125,8.001329422,0.000473096675705,1,161.124969482,1,22.2903156281,8.07792758942,182.795349933,0.0119785210118,0.005657939706,-0.000272508303169,1.32231128216,-0.0696904212236,-0.0527034923434,-0.0559081323445,-0.0422806143761,2.09004282951,-0.000406244100304,-0.0168148204684,1.64282464981,-0.000303589127725,-0.0106284581125,5.52972778678e-10,1,0.685976207256,0,1.38083052635,0,-0.000538918422535,-0.00054802763043,-0.0169474948198,-0.0108728967607,-0.0164085756987,-0.0103248693049,1.61884951591,-0.0173537395895,-0.0111764855683,-0.00202599097975,0.31466126442,0,0,0,0,1,0,0,0,0,0,0,0,0,1,0,0.551586866379,0,0.216081738472,0,264.527496338,-5.10513782501e-05,-0.00312669202685,-2.96176722037e-10,-0.00307569792494,-0.00307569769211,-0.00312670692801,0,2.62970376015,-0.0009603172075,-0.0354524888098,2.01061534882,-0.000742927892134,-0.0216757394373,1.77562469617e-07,1,0.223180085421,-0.00870683789253,-0.00634224759415,-0.0431990101933,-0.0272750593722,-0.0344921723008,-0.0209328103811,-0.0441593229771,-0.0280179865658,-0.0054658325389,0.0813703835011,0,0,0,1,0,0,0,0,0,0,0,0,1,0,0.148789286613,0.0429788678885,264.602264404,-3.98680567741e-05,-0.00524815917015,-0.00103908707388,-0.0062474263832,-0.00520833954215,-0.0062872543931,0.252900838852,0,-0.00688973022625,-0.0501843504608,-0.0397813990712,0.00634717475623,0,1,0,0,-9.72727298737,0,0.0421908795834,0.0196960680187,264.208333314,-0.00967887882143,-0.00731966737658,267.823822021,264.270965576,8.07765960693,3.9457423687,0.937437355518,0.0686805918813
11460,183.252475653,1,0.262248128653,234.375,8.00141525269,7.15486385161e-05,1,161.450073242,1,22.0211639404,8.0874710083,174.089851871,0.0137626575306,0.00565262092277,-0.00027927942574,1.32231128216,-0.071089759469,-0.0537617430091,-0.056713886559,-0.0428899675608,2.10547709465,-0.000436985632405,-0.0169365461916,1.65458369255,-0.000326453242451,-0.0109548270702,3.20142135024e-10,1,0.684605240822,0,1.37922930717,0,-0.000559510721359,-0.000556572456844,-0.0170590709895,-0.0111849457026,-0.0164995603263,-0.0106283733621,1.61624777317,-0.0174960568547,-0.0115113984793,-0.0018596398877,0.316522479057,0,0,0,0,1,0,0,0,0,0,0,0,0,1,0,0.547532439232,0.000732421875,0.216354683042,0.000732421875,264.526031494,-6.50510191917e-05,-0.00320816040039,-1.31141569826e-10,-0.00314315641299,-0.00314315641299,-0.00320815294981,0.000732421875,2.64728713036,-0.00100178469438,-0.0354528091848,2.02435684204,-0.000781338952947,-0.0224097650498,1.77620677277e-07,1,0.227400138974,-0.00906499195844,-0.00644039083272,-0.0435160212219,-0.0280688162893,-0.0344510264695,-0.0216284245253,-0.0445178039372,-0.0288501549512,-0.00506020709872,0.0836042612791,0,0,0,1,0,0,0,0,0,0,0,0,1,0,0.155737772584,0.0453614033759,264.600708008,-5.48362731934e-05,-0.00528088212013,-0.00103867938742,-0.00626475643367,-0.00522607751191,-0.00631955265999,0.254429399967,0,-0.00698583619669,-0.0507553741336,-0.0403030589223,0.00632048863918,0,1,0,0,-9.96897029877,0,0.0486533418298,0.0196772068739,264.204166647,-0.00991937331855,-0.00750154163688,267.823150635,264.303527832,8.08718967438,3.96436071396,1.14659571648,0.0669381693006
11520,200.067197549,1,0.26405441761,234.375,8.00288772583,0.000312152027618,1,162.493865967,1,21.4481697083,8.06661319733,190.063837671,0.0145473135635,0.00560177210718,-0.000283258763375,1.32231128216,-0.0721149966121,-0.0545370802283,-0.0574444234371,-0.0434424355626,2.11847639084,-0.000478097063024,-0.01737354137,1.66604018211,-0.000368351786165,-0.0111078042537,7.27595761418e-11,1,0.681122481823,0,1.37760591507,0,-0.000571421696804,-0.000571450334974,-0.0174668654799,-0.0113109014928,-0.0168954432011,-0.0107394512743,1.61360967159,-0.0179449617863,-0.0116792535409,-0.00201588775963,0.317656010389,0,0,0,0,1,0,0,0,0,0,0,0,0,1,0,0.551163077354,0.000732421875,0.219603836536,0.000732421875,264.524078369,-7.18049705029e-05,-0.00323360785842,1.04593805839e-10,-0.0031617837958,-0.00316178426147,-0.00323360040784,0.000732421875,2.65865135193,-0.00102051428985,-0.0357351265848,2.03664827347,-0.000781500013545,-0.0224520713091,1.76834873855e-07,1,0.234972387552,-0.00895561091602,-0.0064012305811,-0.0436702221632,-0.0280718021095,-0.0347146093845,-0.0216705724597,-0.0446907356381,-0.0288533028215,-0.0051710405387,0.0874581560493,0,0,0,1,0,0,0,0,0,0,0,0,1,0,0.164836019278,0.0483839772642,264.598571777,-6.41942024231e-05,-0.00527364388108,-0.00102668767795,-0.00623624632135,-0.0052095586434,-0.00630030781031,0.256042897701,0,-0.00709021929651,-0.0513803437352,-0.0408345460892,0.0062934323214,0,1,0,0,-10.1110143661,0,0.0515113547444,0.0194992702454,264.199999981,-0.0100607108325,-0.00760842859745,267.822479248,264.274139404,8.06647014618,3.83131861687,0.908481121063,0.0684344097972
11580,198.334014069,1,0.265141397715,234.375,8.00355911255,0.000319609243888,1,163.683654785,1,21.0166759491,8.07816696167,188.417313366,0.0138129051775,0.00554168689996,-0.000284686801024,1.32231128216,-0.0727851241827,-0.0550438649952,-0.0578238293529,-0.0437293611467,2.1288523674,-0.00039917655522,-0.0178386643529,1.67308914661,-0.000296799698845,-0.0115040168166,-2.91038304567e-10,1,0.674586236477,0,1.37573075294,0,-0.00057364400709,-0.000558910891414,-0.0180131308734,-0.0117661273107,-0.0174394845963,-0.0112072164193,1.61056232452,-0.0184123069048,-0.012062927708,-0.00200480641797,0.316857486963,0,0,0,0,1,0,0,0,0,0,0,0,0,1,0,0.548657238483,0.000732421875,0.220342040062,0.000732421875,264.52142334,-5.84796071053e-05,-0.00328259542584,-5.26086813002e-11,-0.0032240501605,-0.0032240501605,-0.00328257121146,0.000732421875,2.66446447372,-0.000938730488997,-0.0362214632332,2.04125595093,-0.0006741330144,-0.0225257463753,1.77285983227e-07,1,0.239028632641,-0.00875511672348,-0.00606497749686,-0.0440378524363,-0.0279165916145,-0.0352827347815,-0.0218516141176,-0.044976580888,-0.0285907238722,-0.00555155239999,0.0895259082317,0,0,0,1,0,0,0,0,0,0,0,0,1,0,0.176481515169,0.0521227940917,264.595794678,-4.4509768486e-05,-0.00527220219374,-0.000994657864794,-0.0062223514542,-0.00522769335657,-0.00626684725285,0.257628619671,0,-0.00718801142648,-0.0520072467625,-0.0413440465927,0.00626217760146,0,1,0,0,-10.1619882584,0,0.0488360710442,0.01928569749,264.195833314,-0.0101114306599,-0.00764678558335,267.821807861,264.274627686,8.07802963257,4.1388926506,1.02536773682,0.0621883422136
11640,181.128073791,1,0.265252411366,234.375,8.00336074829,0.000251781952102,1,163.930053711,1,20.6592903137,8.07660102844,172.071670102,0.0112830353901,0.00568601302803,-0.000284616078716,1.32231128216,-0.072782382369,-0.0550417900085,-0.0579523667693,-0.0438265688717,2.1335606575,-0.000534129445441,-0.0177143923938,1.67687511444,-0.000359563186066,-0.0115835051984,-7.56699591875e-10,1,0.681789875031,0,1.37393605709,0,-0.000572618795559,-0.000560855492949,-0.0177528802305,-0.0117847975343,-0.0171802621335,-0.0112239429727,1.60764610767,-0.0182870104909,-0.0121443606913,-0.001839537872,0.322189927101,0,0,0,0,1,0,0,0,0,0,0,0,0,1,0,0.554359555244,0,0.22406360507,0,264.518005371,-7.12275505066e-05,-0.0032963603735,-7.63169638596e-10,-0.00322505924851,-0.00322505878285,-0.0032963603735,0,2.66413211823,-0.00124445499387,-0.0353010855615,2.04218840599,-0.000808266049717,-0.0222120452672,1.76311004907e-07,1,0.261506408453,-0.00841622799635,-0.00586586352438,-0.0424728579819,-0.0272696428001,-0.0340566299856,-0.021403780207,-0.0437173135579,-0.0280779078603,-0.00510164629668,0.0986143797636,0,0,0,1,0,0,0,0,0,0,0,0,1,0,0.192937001586,0.0574707910419,264.592041016,-6.79790973663e-05,-0.00517612695694,-0.000963637023233,-0.00607187347487,-0.00510823633522,-0.00613974034786,0.259056806564,0,-0.00727312779054,-0.0525804311037,-0.0418077707291,0.00623226771131,0,1,0,0,-10.1594648361,0,0.0396850407124,0.0197939164937,264.191666647,-0.0101089198142,-0.00764488661662,267.82119751,264.300750732,8.07653236389,3.7931573391,1.02786099911,0.0621830485761
11700,190.884816912,1,0.262390226126,234.375,8.00283813477,0.000239629909629,1,162.246307373,1,20.226764679,8.0802488327,181.340576066,0.0115926861763,0.00579717662185,-0.000278360879747,1.32231128216,-0.0712316259742,-0.0538690313697,-0.0566940233111,-0.042874943465,2.12876272202,-0.000558560481295,-0.0172194708139,1.67483615875,-0.000356033269782,-0.0111167952418,-1.16415321827e-10,1,0.695067822933,0,1.37292909622,0,-0.000569974887185,-0.000560184533242,-0.0172308832407,-0.0113209467381,-0.0166609100997,-0.0107607617974,1.60600972176,-0.0177894439548,-0.0116769801825,-0.0018753062468,0.329606056213,0,0,0,0,1,0,0,0,0,0,0,0,0,1,0,0.572532117367,0,0.232187569141,0,264.513549805,-7.54818320274e-05,-0.00319742411375,-4.30231017479e-10,-0.00312182563357,-0.00312182540074,-0.00319742038846,0,2.65843391418,-0.0013186740689,-0.0340317711234,2.04365420341,-0.000870857271366,-0.0214244164526,1.76456524059e-07,1,0.280776649714,-0.00835190527141,-0.00611027097329,-0.0410650074482,-0.0266638323665,-0.0327131003141,-0.0205535590649,-0.0423836782575,-0.0275346878916,-0.00470336480066,0.106287375093,0,0,0,1,0,0,0,0,0,0,0,0,1,0,0.206479206681,0.061813980341,264.588378906,-7.29113817215e-05,-0.00502189993858,-0.00100584258325,-0.00595488771796,-0.00494904536754,-0.00602778792381,0.259938955307,0,-0.0073267640546,-0.0529386512935,-0.0421057865024,0.00621548434719,0,1,0,0,-9.93618202209,0,0.0407997965813,0.0201844610274,264.18749998,-0.00988674815744,-0.00747686903924,267.820587158,264.271118164,8.08011245728,3.77356886864,1.00099754333,0.0630868449807
11760,190.489360303,1,0.259183615446,234.375,8.00309181213,0.000214755753404,1,160.264297485,1,19.7213916779,8.07091140747,180.964892287,0.0147544909269,0.00577819533646,-0.000271597557003,1.32231128216,-0.0694166719913,-0.0524964667857,-0.0554229170084,-0.0419136695564,2.12132835388,-0.000474079191918,-0.0171769950539,1.67235279083,-0.00030572275864,-0.0110332965851,-6.11180439591e-10,1,0.695298135281,0,1.37297308445,0,-0.000568460149225,-0.000570700329263,-0.0172713790089,-0.01129827369,-0.0167029183358,-0.0107275741175,1.60608124733,-0.0177454575896,-0.0116039980203,-0.00191938434727,0.329747915268,0,0,0,0,1,0,0,0,0,0,0,0,0,1,0,0.576451539993,0,0.233767658472,0,264.508911133,-6.73681497574e-05,-0.00316574424505,3.55229012872e-10,-0.00309821916744,-0.00309821986593,-0.00316574424505,0,2.65383052826,-0.00133666489273,-0.0341066792607,2.04640483856,-0.000941797043197,-0.0213872790337,1.76951289177e-07,1,0.277536392212,-0.00857896357775,-0.00640855636448,-0.0413489788771,-0.0268540401012,-0.0327700152993,-0.020445484668,-0.0426856428385,-0.0277958381921,-0.00472807511687,0.104863442481,0,0,0,1,0,0,0,0,0,0,0,0,1,0,0.202210277319,0.060229908675,264.584716797,-7.83801078796e-05,-0.00503455102444,-0.0010402938351,-0.00599650852382,-0.00495621468872,-0.00607489049435,0.260035902262,0,-0.00733472127467,-0.0529694445431,-0.0421510413289,0.00621621776372,0,1,0,0,-9.69476413727,0,0.0522676035762,0.0201176796108,264.183333314,-0.00964653119445,-0.00729520432651,267.819915771,264.286834717,8.07073879242,3.94954872131,0.840273797512,0.0573627054691
11820,190.124892872,1,0.2586158216,234.375,8.0030002594,0.000147831393406,1,160.063552856,1,19.9330348969,8.08449745178,180.618648229,0.0130591774359,0.00575936120003,-0.000270154851023,1.32231128216,-0.0691333115101,-0.0522821769118,-0.0551547370851,-0.041710857302,2.11792230606,-0.000606336107012,-0.0173588208854,1.67256879807,-0.00042189436499,-0.0108409533277,-8.80390871316e-10,1,0.697167158127,0,1.37329077721,0,-0.000561179418582,-0.000576725928113,-0.0173136629164,-0.0109957847744,-0.0167524833232,-0.0104190595448,1.60659754276,-0.017919998616,-0.0114176794887,-0.00218318030238,0.33022364974,0,0,0,0,1,0,0,0,0,0,0,0,0,1,0,0.581603884697,0,0.235597848892,0,264.504669189,-7.89389014244e-05,-0.00313449278474,6.46596109988e-11,-0.00305537693202,-0.00305537693202,-0.00313447788358,0,2.64915680885,-0.0013953645248,-0.0343779474497,2.05099201202,-0.00103971036151,-0.0214144531637,1.76660250872e-07,1,0.27672535181,-0.00847302842885,-0.00644593173638,-0.0414556115866,-0.0268206745386,-0.0329825803638,-0.0203747469932,-0.0428509786725,-0.0278603862971,-0.00482934527099,0.104023016989,0,0,0,1,0,0,0,0,0,0,0,0,1,0,0.203621983528,0.0601243749261,264.580993652,-9.08318907022e-05,-0.00502392835915,-0.00104098254815,-0.00597407855093,-0.00493309646845,-0.0060648880899,0.259821206331,0,-0.0073227006942,-0.0528594553471,-0.0420922376215,0.00622151279822,0,1,0,0,-9.64326667786,0,0.0460992716253,0.0200513526797,264.179166647,-0.00959528982639,-0.0072564529255,267.819274902,264.259765625,8.08444404602,3.90056419373,0.845401287079,0.0615276917815
11880,195.857050915,1,0.258541017771,234.375,8.00279808044,0.000135517519084,1,159.981506348,1,19.6144580841,8.06884860992,186.064198369,0.012215600349,0.00580762233585,-0.000270058983006,1.32231128216,-0.0690269172192,-0.0522017143667,-0.0552059747279,-0.0417496040463,2.11445093155,-0.000770852493588,-0.0170772206038,1.67305779457,-0.000589751871303,-0.0107778953388,-3.78349795938e-10,1,0.705038189888,0,1.37353336811,0,-0.000558159663342,-0.000568092276808,-0.0168645288795,-0.0107562355697,-0.0163063686341,-0.0101881437004,1.60699176788,-0.0176353808492,-0.0113459872082,-0.00209064316005,0.333314776421,0,0,0,0,1,0,0,0,0,0,0,0,0,1,0,0.589437961578,0,0.238323196769,0,264.500396729,-0.000101126730442,-0.00309984013438,-4.00398360301e-11,-0.00299859279767,-0.00299859279767,-0.00309982523322,0,2.64519500732,-0.00161172635853,-0.0342818051577,2.05346059799,-0.00126988359261,-0.0210575591773,1.75408786163e-07,1,0.284059941769,-0.00848143361509,-0.0063473158516,-0.0411515124142,-0.0261349920183,-0.0326700806618,-0.0197876766324,-0.0427632406354,-0.0274048745632,-0.0051825135015,0.106121957302,0,0,0,1,0,0,0,0,0,0,0,0,1,0,0.206821113825,0.0608565062284,264.577209473,-0.000127032399178,-0.00500901043415,-0.00104742858093,-0.00592927029356,-0.00488184159622,-0.0060563236475,0.259604245424,0,-0.00731015764177,-0.0527546331286,-0.0420336984098,0.00622555566952,0,1,0,0,-9.63984298706,0,0.0430467687547,0.0202227998525,264.17499998,-0.00959188397974,-0.00725387735292,267.818572998,264.2421875,8.06872463226,4.08182811737,0.89637362957,0.0649608373642
11940,203.346694479,1,0.258006095886,234.375,8.00291061401,0.000224611489102,1,159.164199829,1,19.7625179291,8.06336212158,193.179359755,0.0127518968657,0.00584017811343,-0.000269764306722,1.32231128216,-0.068675942719,-0.0519362911582,-0.0550597421825,-0.0416390188038,2.110932827,-0.000670825480483,-0.0166341252625,1.67160451412,-0.000512002618052,-0.0104773193598,-1.14232534543e-09,1,0.711666285992,0,1.37399399281,0,-0.000553402816877,-0.000552894023713,-0.0165167041123,-0.0105182100087,-0.0159633010626,-0.0099653173238,1.60774028301,-0.0171875283122,-0.011030212976,-0.00206559314393,0.3357437253,0,0,0,0,1,0,0,0,0,0,0,0,0,1,0,0.593044042587,0,0.239210188389,0,264.49609375,-8.62330198288e-05,-0.00306012295187,-7.20691228917e-10,-0.00297380844131,-0.00297380750999,-0.00306010991335,0,2.64387273788,-0.0015379707329,-0.0337525159121,2.05353736877,-0.00115708634257,-0.0206526499242,1.75248715095e-07,1,0.290563493967,-0.00862411037087,-0.0063976822421,-0.0408386513591,-0.025893246755,-0.0322145447135,-0.0194955635816,-0.0423766262829,-0.0270503312349,-0.0052003711462,0.108347266912,0,0,0,1,0,0,0,0,0,0,0,0,1,0,0.209571495652,0.0616544224322,264.573394775,-0.000114414840937,-0.00495541468263,-0.0010734325042,-0.00591434491798,-0.00484091229737,-0.00602876767516,0.259361863136,0,-0.00730008119717,-0.0526414737105,-0.0419880375266,0.00623323302716,0,1,0,0,-9.6293258667,0,0.0449860990047,0.0203355364501,264.170833313,-0.00958141870797,-0.00724596297368,267.817901611,264.263061523,8.05668258667,3.95619297028,0.932124495506,0.0644379705191
12000,203.822827417,1,0.25702893734,234.375,8.00351810455,0.000286937865894,1,158.092147827,1,19.6313285828,8.0665063858,193.631686046,0.0110092973337,0.00584802124649,-0.000268519448582,1.32231128216,-0.0681110471487,-0.0515090860426,-0.0547003820539,-0.041367251426,2.10716962814,-0.000625713728368,-0.0161434803158,1.66975390911,-0.000495111336932,-0.0102534880862,-8.47649062052e-10,1,0.718563139439,0,1.37484848499,0,-0.000556286657229,-0.000545542570762,-0.0160740539432,-0.0103039201349,-0.0155177665874,-0.0097583765164,1.60912883282,-0.0166997686028,-0.010799029842,-0.00196436163969,0.338180780411,0,0,0,0,1,0,0,0,0,0,0,0,0,1,0,0.598323225975,0,0.240647986531,0,264.491943359,-7.58431851864e-05,-0.00300934631377,3.44620970649e-10,-0.00293338065967,-0.00293338112533,-0.00300935469568,0,2.64429807663,-0.00155912898481,-0.0331791639328,2.05498409271,-0.00121557037346,-0.0202520694584,1.74390152097e-07,1,0.299462616444,-0.0087413918227,-0.00643544644117,-0.0403614267707,-0.0254719443619,-0.0316200405359,-0.0190364997834,-0.0419205576181,-0.0266875140369,-0.00525651173666,0.11117272824,0,0,0,1,0,0,0,0,0,0,0,0,1,0,0.206340104342,0.0605725646019,264.570007324,-0.000112297013402,-0.00496432930231,-0.00109734595753,-0.00594939384609,-0.00485204765573,-0.00606160983443,0.259005278349,0,-0.0072870599106,-0.0524789988995,-0.0419076532125,0.00624747527763,0,1,0,0,-9.58488941193,0,0.0387007854879,0.020361892879,264.166666646,-0.00953720323741,-0.00721252523363,267.817199707,264.258209229,8.06637763977,4.06617736816,0.911839306355,0.062599606812
12060,189.824517567,1,0.255858659744,234.375,8.00382328033,0.000283378991298,1,156.794631958,1,19.2787647247,8.10346698761,180.333291689,0.0123143345118,0.00590203283355,-0.000267060211627,1.32231128216,-0.0674062073231,-0.050976049155,-0.0543103292584,-0.0410722717643,2.10187292099,-0.000713686516974,-0.015564433299,1.66849637032,-0.000586648355238,-0.00996539928019,-6.2573235482e-10,1,0.729155361652,0,1.37607312202,0,-0.000532709469553,-0.000525336596183,-0.0153834568337,-0.00990408658981,-0.0148507468402,-0.00937875080854,1.61111879349,-0.0160971432924,-0.0104907359928,-0.00186371710151,0.342294335365,0,0,0,0,1,0,0,0,0,0,0,0,0,1,0,0.608449220657,0,0.244127064943,0,264.487945557,-8.98465514183e-05,-0.00293757021427,7.52876483379e-10,-0.00284753693268,-0.00284753763117,-0.00293756276369,0,2.64236736298,-0.00154019752517,-0.0325048081577,2.05567216873,-0.00130523205735,-0.0201773233712,1.75321474671e-07,1,0.306506097317,-0.00870259664953,-0.00658030901104,-0.0396672077477,-0.0254523977637,-0.0309646092355,-0.018872089684,-0.0412074029446,-0.0267576314509,-0.00486934836954,0.113549202681,0,0,0,1,0,0,0,0,0,0,0,0,1,0,0.211715728045,0.0621098205447,264.566589355,-0.000119376927614,-0.00488381832838,-0.00111194816418,-0.00587632041425,-0.0047643724829,-0.00599569827318,0.258519858122,0,-0.00726981880143,-0.0522601306438,-0.0417894497514,0.00626788567752,0,1,0,0,-9.53280162811,0,0.0434034727514,0.0205533951521,264.16249998,-0.00948537513614,-0.00717333005741,267.816619873,264.235717773,8.10330200195,4.05847120285,0.97652220726,0.0627415925264
12120,198.526778755,1,0.255354732275,234.375,8.00359630585,0.000182591567864,1,156.653518677,1,18.6640739441,8.10982608795,188.600439817,0.0120728090405,0.00587649643421,-0.000265724462224,1.32231128216,-0.0670851096511,-0.0507332198322,-0.0541658438742,-0.0409630052745,2.09577178955,-0.00060192134697,-0.0153985917568,1.66692018509,-0.000495424144901,-0.00965609867126,-2.18278728426e-11,1,0.730059862137,0,1.37740182877,0,-0.000519538647495,-0.000508195953444,-0.0153162097558,-0.00966887082905,-0.0147966705263,-0.00916067510843,1.61327803135,-0.0159181300551,-0.0101642953232,-0.00202372530475,0.341961801052,0,0,0,0,1,0,0,0,0,0,0,0,0,1,0,0.619028568268,0,0.247799411416,0,264.483581543,-7.69877806306e-05,-0.00283287279308,4.72879624347e-10,-0.00275569176301,-0.00275569222867,-0.00283285789192,0,2.63607120514,-0.00125407567248,-0.0319659113884,2.05299282074,-0.0010763250757,-0.0195918176323,1.73458829522e-07,1,0.312126725912,-0.00851392932236,-0.00635241810232,-0.0392257682979,-0.0248679108918,-0.0307118408382,-0.0185154937208,-0.0404798425734,-0.025944236666,-0.00509427115321,0.115517452359,0,0,0,1,0,0,0,0,0,0,0,0,1,0,0.221392661333,0.06477445364,264.562561035,-9.96291637421e-05,-0.00475804507732,-0.00111322035082,-0.00577151868492,-0.00465829856694,-0.00587122142315,0.257971346378,0,-0.00724908849224,-0.0520065799356,-0.0416574925184,0.0062900306657,0,1,0,0,-9.48512172699,0,0.0425311736763,0.0204631332308,264.158333313,-0.00943793170154,-0.00713745085523,267.815948486,264.244720459,8.08539390564,3.99327611923,0.997878670692,0.0633855164051
12180,205.079139543,1,0.253782629967,240.625,8.00106906891,0.000520728062838,1,155.341049194,1,19.0834274292,8.07927703857,194.825182566,0.0128299733624,0.00600955681875,-0.00026305069332,1.32231128216,-0.0662228390574,-0.0500811263919,-0.0535489544272,-0.0404964797199,2.0876762867,-0.000417646573624,-0.0145856710151,1.66310894489,-0.000359862810001,-0.00920027680695,-1.08411768451e-09,1,0.73885345459,0,1.37867903709,0,-0.000494536245242,-0.000488688936457,-0.0146625619382,-0.00932910293341,-0.0141680259258,-0.00884041469544,1.61535346508,-0.0150802079588,-0.00968896597624,-0.00189966743346,0.345183312893,0,0,0,0,1,0,0,0,0,0,0,0,0,1,0,0.623766124249,0,0.248972967267,0,264.479034424,-5.92060387135e-05,-0.00276548787951,2.23142462841e-10,-0.00270614540204,-0.00270614586771,-0.00276547204703,0,2.63135361671,-0.000833380152471,-0.0312990508974,2.05053186417,-0.000733096385375,-0.0192330516875,1.7270212993e-07,1,0.308736801147,-0.00849248468876,-0.00642365915701,-0.0389581546187,-0.0249236151576,-0.0304656736553,-0.0184999573976,-0.0397915393114,-0.0256567113101,-0.00492802867666,0.114090561867,0,0,0,1,0,0,0,0,0,0,0,0,1,0,0.216152787209,0.0631599724293,264.558654785,-5.89154660702e-05,-0.00471907109022,-0.0011293948628,-0.00578945828602,-0.00466006342322,-0.00584848597646,0.257370769978,0,-0.00722246570513,-0.0517286285758,-0.0415016114712,0.00631131744012,0,1,0,0,-9.38967990875,0,0.0452688075602,0.0209322459996,264.154166646,-0.00934296473861,-0.00706563191488,267.8152771,264.252349854,8.07914924622,3.96038293839,0.927839279175,0.060185611248
12240,208.124603609,1,0.252499878407,253.125,8.00098609924,0.000455977075035,1,153.845855713,1,20.0867099762,8.20645904541,197.718373428,0.0136660113931,0.00601745024323,-0.000261599983787,1.32231128216,-0.0654889196157,-0.0495260991156,-0.0530907064676,-0.0401499308646,2.08129811287,-0.000402341742301,-0.0141970291734,1.65932559967,-0.000336596596753,-0.00905392132699,-1.35332811624e-09,1,0.742254734039,0,1.38035261631,0,-0.000487325858558,-0.000483298237668,-0.014282014221,-0.00920062325895,-0.0137946885079,-0.00871732551605,1.6180729866,-0.0146843558177,-0.00953722000122,-0.00176889169961,0.345528304577,0,0,0,0,1,0,0,0,0,0,0,0,0,1,0,0.62506121397,0,0.248614668846,0,264.474731445,-5.61699271202e-05,-0.00273398309946,1.5437534584e-10,-0.00267769536003,-0.00267769559287,-0.00273397564888,0,2.63217353821,-0.000720980577171,-0.0308859255165,2.04900240898,-0.000634213909507,-0.0187032781541,1.73429725692e-07,1,0.305135786533,-0.00893902033567,-0.00662624882534,-0.0391039699316,-0.024695314467,-0.0301649458706,-0.018069062382,-0.0398249477148,-0.0253295265138,-0.00523340888321,0.112328544259,0,0,0,1,0,0,0,0,0,0,0,0,1,0,0.205293744802,0.0598018281162,264.55480957,-3.72380018234e-05,-0.0047090575099,-0.00118087534793,-0.00585277238861,-0.00467189727351,-0.00588999688625,0.256601333618,0,-0.00718949828297,-0.0513757839799,-0.04129107669,0.00633921055123,0,1,0,0,-9.33789634705,0,0.0483019836247,0.0209602415562,264.149999979,-0.00929143931717,-0.00702666584402,267.814605713,264.266571045,8.09830856323,4.03686237335,0.856710672379,0.0596719458699
12300,207.38970903,1,0.253916442394,290.625,8.00013160706,0.000276270759059,1,154.340866089,1,21.5848197937,8.24028205872,197.020223578,0.0131831178442,0.00585212698206,-0.000265174399829,1.32231128216,-0.0661974847317,-0.0500619523227,-0.0537229627371,-0.0406280755997,2.08138418198,-0.000492464518175,-0.0145482467487,1.66000258923,-0.000393529888242,-0.00968030374497,-1.1787051335e-09,1,0.73225414753,0,1.38192594051,0,-0.000483212759718,-0.000489963626023,-0.014538994059,-0.00977673754096,-0.0140557819977,-0.00928677432239,1.62062978745,-0.01503145881,-0.0101702660322,-0.0014946453739,0.339668035507,0,0,0,0,1,0,0,0,0,0,0,0,0,1,0,0.617689371109,0,0.244727954268,0,264.471160889,-6.67944550514e-05,-0.00278732925653,1.38276681771e-10,-0.00272045936435,-0.00272045983002,-0.00278731808066,0,2.6359629631,-0.000936382624786,-0.0318924970925,2.05033636093,-0.000810535915662,-0.0200396198779,1.72090949491e-07,1,0.276272982359,-0.00919576175511,-0.00679397583008,-0.0401518754661,-0.0260230600834,-0.0309561155736,-0.0192290842533,-0.0410882607102,-0.0268335938454,-0.00489186774939,0.101274266839,0,0,0,1,0,0,0,0,0,0,0,0,1,0,0.18493783474,0.0536003112793,264.551086426,-5.95599412918e-05,-0.00487297773361,-0.00116787012666,-0.00598141551018,-0.00481354538351,-0.00604094564915,0.255962222815,0,-0.00716632045805,-0.0510756373405,-0.0411189422011,0.00636543286964,0,1,0,0,-9.46548652649,0,0.0465486980975,0.0203780438751,264.145833313,-0.00941839441657,-0.00712267588824,267.813934326,264.239959717,8.16094303131,4.00223827362,0.981518030167,0.0711705833673
12360,208.990774541,1,0.257123202085,240.625,8.00090885162,0.000242141832132,1,156.236358643,1,22.1832809448,8.20240020752,198.541235814,0.0132123650983,0.00572852464393,-0.00027200797922,1.32231128216,-0.0677297636867,-0.051220741123,-0.0552732087672,-0.0418004505336,2.08597993851,-0.000452334817965,-0.0147043773904,1.66764593124,-0.000359852681868,-0.0102527700365,-1.14960130304e-09,1,0.723347008228,0,1.3826649189,0,-0.000494492880534,-0.000518886954524,-0.0147465355694,-0.0104118045419,-0.0142520423979,-0.0098929181695,1.62183058262,-0.0151988696307,-0.0107716564089,-0.00114798685536,0.335330188274,0,0,0,0,1,0,0,0,0,0,0,0,0,1,0,0.605629682541,0,0.239785596728,0,264.468048096,-6.31362199783e-05,-0.00287178903818,9.48926492939e-10,-0.00280859530903,-0.00280859647319,-0.00287177041173,0,2.64144706726,-0.000900376471691,-0.0321605615318,2.05689406395,-0.000785238516983,-0.0211317017674,1.71916326508e-07,1,0.262083292007,-0.00919710751623,-0.00690612290055,-0.0404572933912,-0.0272525884211,-0.0312601849437,-0.0203464645892,-0.0413576699793,-0.028037827462,-0.00417069531977,0.0960454791784,0,0,0,1,0,0,0,0,0,0,0,0,1,0,0.174917280674,0.0506659597158,264.547637939,-6.80387020111e-05,-0.00496849045157,-0.0011574330274,-0.00605794554576,-0.00490051228553,-0.00612594559789,0.255888432264,0,-0.00717501575127,-0.051003433764,-0.0411427021027,0.00637774821371,0,1,0,0,-9.70941352844,0,0.046654779464,0.0199423134327,264.141666646,-0.00966110825539,-0.00730622839183,267.813354492,264.218109131,8.09920978546,4.00872135162,0.957831501961,0.0621222667396
12420,212.028829677,1,0.2596116364,253.125,8.00035858154,0.000450799212558,1,157.763275146,1,21.8051815033,8.14727783203,201.427388193,0.0133155984804,0.00572831509635,-0.000277272367384,1.32231128216,-0.0689121037722,-0.0521148890257,-0.0565132424235,-0.0427382290363,2.09168744087,-0.000343121355399,-0.0149156497791,1.67834758759,-0.000284346402623,-0.0102209532633,-3.20142135024e-10,1,0.719908416271,0,1.3825763464,0,-0.000492955790833,-0.000534219725523,-0.0150654856116,-0.0104708261788,-0.0145725300536,-0.0099366074428,1.6216865778,-0.0154086062685,-0.0107551729307,-0.00133287557401,0.334430217743,0,0,0,0,1,0,0,0,0,0,0,0,0,1,0,0.603259563446,0,0.239456787705,0,264.465026855,-5.30481338501e-05,-0.00289084017277,1.07339948041e-09,-0.00283770100214,-0.00283770216629,-0.00289083272219,0,2.64878630638,-0.000676876283251,-0.0323086939752,2.06689548492,-0.000572050572373,-0.0214345585555,1.71508872882e-07,1,0.251437246799,-0.00945968739688,-0.00711765978485,-0.0410915054381,-0.0279801674187,-0.0316318199039,-0.0208625085652,-0.0417683832347,-0.0285522192717,-0.00407741218805,0.0925010070205,0,0,0,1,0,0,0,0,0,0,0,0,1,0,0.175705373287,0.0510690324008,264.544403076,-4.74900007248e-05,-0.00491992384195,-0.00118578388356,-0.00605824869126,-0.00487246504053,-0.00610572099686,0.25636151433,0,-0.00721374154091,-0.0511405020952,-0.0413688346744,0.00637627299875,0,1,0,0,-9.89732837677,0,0.0470293387771,0.0199432224035,264.137499979,-0.00984808802605,-0.00744763202965,267.812744141,264.223297119,8.10142803192,3.98206114769,1.28208208084,0.0764302462339
12480,180.2887391,1,0.261711239815,259.375,7.9999833107,0.000339678954333,1,159.373291016,1,21.0183410645,8.22069835663,171.274302145,0.0121661880985,0.00569253228605,-0.00028118462069,1.32231128216,-0.0699298530817,-0.0528845638037,-0.0575544573367,-0.0435256510973,2.09687137604,-0.000391467969166,-0.0153052862734,1.68915081024,-0.000340863422025,-0.0105720777065,5.36601874046e-10,1,0.713859200478,0,1.38179087639,0,-0.00051290250849,-0.000569577037822,-0.0154267195612,-0.010800790973,-0.0149138178676,-0.0102312136441,1.62041008472,-0.0158181861043,-0.011141654104,-0.00133501528762,0.332932323217,0,0,0,0,1,0,0,0,0,0,0,0,0,1,0,0.595513343811,0.00146484375,0.237364664674,0.00146484375,264.461914062,-5.90477138758e-05,-0.00297211389989,8.71050009899e-10,-0.00291291484609,-0.00291291577742,-0.00297210598364,0.00146484375,2.6522731781,-0.000775890424848,-0.0321973375976,2.07678151131,-0.000646962376777,-0.0220918375999,1.70635757968e-07,1,0.255134522915,-0.00974488817155,-0.00716634327546,-0.0411663353443,-0.0286112166941,-0.0314214490354,-0.021444875747,-0.0419422276318,-0.0292581804097,-0.00371210416779,0.0941936373711,0,0,0,1,0,0,0,0,0,0,0,0,1,0,0.175407022238,0.05119381845,264.541015625,-5.93438744545e-05,-0.00502278655767,-0.00119933928363,-0.00616284832358,-0.00496350973845,-0.00622216612101,0.25714597106,0,-0.00726562505588,-0.0513952970505,-0.0416974388063,0.006363180466,0,1,0,0,-10.0369768143,0,0.0428683273494,0.0198164936155,264.133333312,-0.00998704135418,-0.00755271594971,267.812133789,264.216430664,8.12096881866,4.11767864227,1.49767792225,0.0650331750512
12540,174.560108541,1,0.263053804636,234.375,8.00057697296,-0.000223243550863,1,160.359222412,1,20.837562561,8.32370662689,165.832103114,0.011716070585,0.00577381439507,-0.000283778703306,1.32231128216,-0.0705204233527,-0.053331181407,-0.0583025515079,-0.0440913960338,2.10027503967,-0.000564940273762,-0.0156129784882,1.69879877567,-0.000453678425401,-0.0106157669798,5.3842086345e-10,1,0.715752184391,0,1.38052392006,0,-0.000521943380591,-0.000576821039431,-0.0155699811876,-0.0107389092445,-0.0150480382144,-0.01016208902,1.61835122108,-0.0161349214613,-0.0111925881356,-0.00150337046944,0.335174441338,0,0,0,0,1,0,0,0,0,0,0,0,0,1,0,0.593075692654,0.003662109375,0.237355649471,0.003662109375,264.458709717,-7.61672854424e-05,-0.00303952395916,2.31420577146e-10,-0.00296319718473,-0.00296319741756,-0.00303952395916,0.003662109375,2.65372681618,-0.00106530159246,-0.0322526171803,2.0863571167,-0.000847078976221,-0.0216820910573,1.70606654137e-07,1,0.280734062195,-0.00965863093734,-0.00707530695945,-0.0408459454775,-0.0279103219509,-0.0311873145401,-0.0208350121975,-0.0419112481177,-0.0287573970854,-0.0041337646544,0.103728637099,0,0,0,1,0,0,0,0,0,0,0,0,1,0,0.192520469427,0.0562839657068,264.537475586,-8.325278759e-05,-0.00506138801575,-0.00118733174168,-0.00616550352424,-0.00497817154974,-0.00624871999025,0.258127599955,0,-0.00732482224703,-0.0517199188471,-0.0420989245176,0.00634206365794,0,1,0,0,-10.1295728683,0,0.0412443988025,0.0201035402715,264.129166646,-0.0100791770965,-0.00762239377946,267.81149292,264.238067627,8.22512626648,4.02337217331,1.00040972233,0.0678226575255
12600,211.836461804,1,0.263132989407,234.375,8.00026893616,-0.00029622996226,1,159.719711304,1,21.532585144,8.23268699646,201.244638714,0.0115802418441,0.00578176323324,-0.000285172340227,1.32231128216,-0.0704819262028,-0.0533020682633,-0.0584354698658,-0.0441919155419,2.10263752937,-0.000695526017807,-0.0155384726822,1.70507836342,-0.000546712486539,-0.0108309807256,9.60426405072e-10,1,0.720182061195,0,1.37955677509,0,-0.000524815113749,-0.000566179398447,-0.015367763117,-0.0108504481614,-0.014842947945,-0.0102842682973,1.61677980423,-0.0160632878542,-0.0113971605897,-0.00131465517916,0.338375210762,0,0,0,0,1,0,0,0,0,0,0,0,0,1,0,0.592448651791,0.000244140625,0.237851962447,0.000244140625,264.455566406,-9.10013914108e-05,-0.00308886170387,1.16285939211e-10,-0.00299770128913,-0.0029977010563,-0.00308887660503,0.000244140625,2.65767383575,-0.00113542878535,-0.0325140208006,2.09302139282,-0.000907375360839,-0.0219554305077,1.70897692442e-07,1,0.275413930416,-0.00959954503924,-0.00712751923129,-0.040978141129,-0.0281755775213,-0.0313785932958,-0.0210480559617,-0.0421135649085,-0.0290829502046,-0.00408144108951,0.102416098118,0,0,0,1,0,0,0,0,0,0,0,0,1,0,0.183358818293,0.0540678277612,264.534301758,-9.53376293182e-05,-0.00514154136181,-0.00119058368728,-0.00623677298427,-0.00504618976265,-0.00633215904236,0.259026825428,0,-0.00738288974389,-0.052021600306,-0.0424822941422,0.00632594618946,0,1,0,0,-10.1793203354,0,0.040754981339,0.020129205659,264.124999979,-0.0101286768913,-0.00765982782468,267.810882568,264.225646973,8.12530326843,4.00818824768,1.05640792847,0.0645532682538
12660,188.967631252,1,0.26343408227,246.875,8.00009822845,0.000474723172374,1,159.953536987,1,21.8110218048,8.17987346649,179.519249689,0.0121680041775,0.00566113367677,-0.000285734073259,1.32231128216,-0.0705881938338,-0.0533824339509,-0.0586356855929,-0.0443433299661,2.10671949387,-0.000622915686108,-0.0159989316016,1.7115790844,-0.000457867339719,-0.011025079526,1.45519152284e-11,1,0.713210463524,0,1.37895417213,0,-0.000518865301274,-0.000554671743885,-0.015894882381,-0.0111218839884,-0.0153760164976,-0.0105672124773,1.61580061913,-0.016517797485,-0.0115797510371,-0.00146340462379,0.336210429668,0,0,0,0,1,0,0,0,0,0,0,0,0,1,0,0.59103757143,0.000244140625,0.238069966435,0.000244140625,264.452362061,-7.7985227108e-05,-0.00310761481524,-1.41394534969e-10,-0.00302951969206,-0.00302951969206,-0.0031076297164,0.000244140625,2.66217064857,-0.000982881640084,-0.0336918793619,2.09957838058,-0.000711244239938,-0.0222375001758,1.7014099285e-07,1,0.267509102821,-0.00953465886414,-0.00698983017355,-0.0422436594963,-0.0285160839558,-0.0327089987695,-0.0215262547135,-0.0432265400887,-0.0292273294181,-0.00468071689829,0.100300312042,0,0,0,1,0,0,0,0,0,0,0,0,1,0,0.191319167614,0.056753359735,264.531280518,-7.49155879021e-05,-0.00517060607672,-0.00117557472549,-0.00627126637846,-0.00509569142014,-0.00634623318911,0.259762585163,0,-0.00743431411684,-0.052258990705,-0.0428134128451,0.00631590373814,0,1,0,0,-10.1993703842,0,0.0428748726845,0.0197054948658,264.120833312,-0.0101486276835,-0.00767491571605,267.810150146,264.211395264,8.09881782532,4.29680728912,0.917561948299,0.0579631365836
12720,216.52966914,1,0.26442527771,240.625,7.99981546402,0.000309415510856,1,161.156097412,1,22.0797100067,8.2345123291,205.703185683,0.011465205811,0.00565333291888,-0.000286815193249,1.32231128216,-0.0712790936232,-0.053904928267,-0.0588861890137,-0.0445327721536,2.11203289032,-0.000696312286891,-0.0163355339319,1.7165273428,-0.000515764404554,-0.0110872797668,1.10594555736e-09,1,0.711602151394,0,1.37798690796,0,-0.000532591016963,-0.00055852776859,-0.0161718130112,-0.0111300433055,-0.0156392231584,-0.0105715151876,1.61422884464,-0.0168681256473,-0.0116458069533,-0.00165364472196,0.336670428514,0,0,0,0,1,0,0,0,0,0,0,0,0,1,0,0.59399586916,0,0.240176215768,0,264.448822021,-8.4713101387e-05,-0.00311274081469,-1.38575095843e-10,-0.00302799558267,-0.00302799534984,-0.00311274081469,0,2.66308045387,-0.0010665692389,-0.033688813448,2.10534930229,-0.000789662182797,-0.0224404726177,1.69646227732e-07,1,0.271862387657,-0.00929378345609,-0.00695980666205,-0.0419160276651,-0.0286106169224,-0.0326222479343,-0.0216508116573,-0.0429826006293,-0.0294002778828,-0.0044630728662,0.102274343371,0,0,0,1,0,0,0,0,0,0,0,0,1,0,0.200732588768,0.0595799013972,264.527832031,-7.67111778259e-05,-0.00512620806694,-0.00116177531891,-0.00621122960001,-0.00504945404828,-0.00628806650639,0.260529816151,0,-0.00748087419197,-0.05251974985,-0.0431177839637,0.0062997834757,0,1,0,0,-10.2379617691,0,0.0403406769037,0.0196787677705,264.116666645,-0.0101870270446,-0.00770395528525,267.809509277,264.217559814,8.15444374084,4.24245500565,0.964458703995,0.0656596496701
12780,202.24919524,1,0.265506744385,240.625,8.00033473969,0.000204195283004,1,162.118209839,1,23.5620689392,8.29000282288,192.136735478,0.0116397077218,0.00564469536766,-0.000288625626126,1.32231128216,-0.0718361735344,-0.0543262213469,-0.0594016835093,-0.0449226163328,2.11691594124,-0.000864534580614,-0.0166465863585,1.72230172157,-0.000699305674061,-0.01162231341,2.357410267e-09,1,0.70819401741,0,1.37673521042,0,-0.000543910777196,-0.000574935227633,-0.0163259655237,-0.0114979436621,-0.015782052651,-0.0109230075032,1.61219477654,-0.0171904973686,-0.0121972486377,-0.00147404777817,0.336428403854,0,0,0,0,1,0,0,0,0,0,0,0,0,1,0,0.590089917183,0.001220703125,0.239564940333,0.001220703125,264.44543457,-0.000112690031528,-0.00319044291973,4.88882712091e-10,-0.00307780434377,-0.00307780480944,-0.00319044291973,0.001220703125,2.66669082642,-0.00140101322904,-0.034749135375,2.10983538628,-0.00115395884495,-0.0234434120357,1.68394763023e-07,1,0.265233844519,-0.00938895530999,-0.00679243262857,-0.0427370816469,-0.0290818847716,-0.0333481244743,-0.0222894512117,-0.0441380962729,-0.0302358418703,-0.00464701605961,0.100017786026,0,0,0,1,0,0,0,0,0,0,0,0,1,0,0.193687617779,0.0573537237942,264.524658203,-0.000126667320728,-0.005346827209,-0.00116261292715,-0.00638269959018,-0.00522008677945,-0.00650952011347,0.261329323053,0,-0.00752422912046,-0.0528113953769,-0.0434118956327,0.00627892138436,0,1,0,0,-10.3025856018,0,0.0409692116082,0.0196490120143,264.112499979,-0.0102513292804,-0.00775258382782,267.808929443,264.176361084,8.15074157715,4.13978385925,0.962694883347,0.065995618701
12840,208.060052515,1,0.26733264327,234.375,8.00100231171,-0.000116065326438,1,162.784622192,1,23.9077377319,8.24450588226,197.657049889,0.0151576986536,0.00568988546729,-0.000293415214401,1.32231128216,-0.0728042349219,-0.0550583191216,-0.0602497532964,-0.0455639697611,2.12487196922,-0.000757407629862,-0.016939194873,1.73113560677,-0.000633216230199,-0.0117524284869,6.98491930962e-10,1,0.704397261143,0.00048828125,1.37538075447,0.00048828125,-0.000562577159144,-0.000579267856665,-0.016744364053,-0.0116984797642,-0.0161817874759,-0.0111192129552,1.60999369621,-0.01750177145,-0.0123316962272,-0.00157928024419,0.336028635502,0,0.00048828125,0,0,1,0,0,0,0,0,0,0,0,1,0,0.581450581551,0.004150390625,0.236978307366,0.004150390625,264.442810059,-0.000108957290649,-0.00328300893307,-3.94946353399e-10,-0.00317407306284,-0.00317407259718,-0.00328300893307,0.004150390625,2.67327404022,-0.00109202857129,-0.0349219813943,2.11723184586,-0.0010044524679,-0.0242503453046,1.69035047293e-07,1,0.262264311314,-0.00933323800564,-0.00666220998392,-0.0431631915271,-0.0299081038684,-0.0338299535215,-0.0232458934188,-0.0442552193999,-0.0309125557542,-0.00429746042937,0.098980486393,0,0,0,1,0,0,0,0,0,0,0,0,1,0,0.178686469793,0.0527599230409,264.522094727,-0.000104993581772,-0.00547611713409,-0.00115879031364,-0.00652978010476,-0.00537098990753,-0.00663498044014,0.262261450291,0,-0.00757784210145,-0.053164601326,-0.0437617599964,0.00625634472817,0,1,0,0,-10.4735507965,0,0.0537414103746,0.0198116973042,264.108333312,-0.0104214437306,-0.00788123346865,267.80847168,264.198944092,8.16238021851,4.08805084229,0.87913030386,0.0715274885297
12900,211.40023589,1,0.267241120338,234.375,8.00090885162,1.15401617222e-05,1,161.807510376,1,24.6222076416,8.22028541565,200.830224096,0.0135439503938,0.00567129813135,-0.000294883968309,1.32231128216,-0.0726361572742,-0.0549312084913,-0.0603511109948,-0.0456406250596,2.12770843506,-0.000586332462262,-0.0166481565684,1.73909711838,-0.000478644331452,-0.0117484787479,-1.14960130304e-09,1,0.706684350967,0,1.37440288067,0,-0.000564262387343,-0.000588097958826,-0.0166260879487,-0.0118579324335,-0.0160618256778,-0.0112698348239,1.60840463638,-0.0172124188393,-0.0123365782201,-0.00139260350261,0.338417857885,0,0,0,0,1,0,0,0,0,0,0,0,0,1,0,0.580365359783,0.0009765625,0.2374766469,0.0009765625,264.439941406,-8.13193619251e-05,-0.00329047068954,-5.50642309527e-10,-0.00320925889537,-0.00320925819688,-0.00329045578837,0.0009765625,2.67785215378,-0.00083112437278,-0.0341525375843,2.12839174271,-0.00080065568909,-0.0242796875536,1.67725374922e-07,1,0.265935719013,-0.00955861713737,-0.00692470790818,-0.0428800359368,-0.0304037388414,-0.0333214178681,-0.0234790332615,-0.043711155653,-0.0312043949962,-0.003769131843,0.100706629455,0,0,0,1,0,0,0,0,0,0,0,0,1,0,0.187853828073,0.0557926148176,264.519195557,-6.89178705215e-05,-0.00540038198233,-0.00118122366257,-0.00651266844943,-0.00533144501969,-0.00658166408539,0.263170659542,0,-0.00763802975416,-0.0535137429833,-0.0441102981567,0.00624004844576,0,1,0,0,-10.5259790421,0,0.0478584729135,0.0197414122522,264.104166645,-0.0104736108333,-0.00792068522424,267.808074951,264.194213867,8.13143539429,4.2498998642,1.03242468834,0.0832764357328
12960,187.850074942,1,0.267325162888,253.125,8.00051784515,0.000548778509255,1,162.432357788,1,26.006477356,8.22540569305,178.457571195,0.0142319649458,0.00561686698347,-0.000294026860502,1.32231128216,-0.072484664619,-0.0548166409135,-0.0606256276369,-0.0458482280374,2.12898015976,-0.000456929090433,-0.0168605390936,1.74687290192,-0.000400072371121,-0.0119992215186,-9.74978320301e-10,1,0.700744152069,0.0009765625,1.37371897697,0.0009765625,-0.000566343776882,-0.000590356008615,-0.0169699527323,-0.0121895056218,-0.0164036098868,-0.011599149555,1.60729312897,-0.0174268819392,-0.0125895794481,-0.00138384453021,0.33686208725,0,0.0009765625,0,0,1,0,0,0,0,0,0,0,0,1,0,0.58789908886,0.008056640625,0.241331890225,0.008056640625,264.436340332,-6.18696212769e-05,-0.00324094295502,-6.01159122482e-10,-0.00317920697853,-0.00317920651287,-0.00324093922973,0.008056640625,2.68080115318,-0.000820419925731,-0.0342124179006,2.13622522354,-0.000827986863442,-0.024510640651,1.66444806382e-07,1,0.2734836936,-0.00942943990231,-0.00689571769908,-0.0428214371204,-0.0305783692747,-0.0333919972181,-0.0236826520413,-0.0436418540776,-0.0314063578844,-0.00366214150563,0.103975556791,0,0,0,1,0,0,0,0,0,0,0,0,1,0,0.20524995029,0.0612407848239,264.515716553,-6.22533261776e-05,-0.00530517473817,-0.0011640737066,-0.00640696892515,-0.00524289533496,-0.00646933540702,0.263888180256,0,-0.00768768694252,-0.0537647455931,-0.0444117411971,0.0062286471948,0,1,0,0,-10.4953842163,0,0.0503615476191,0.0195519216359,264.099999978,-0.0104431686923,-0.00789766293019,267.80758667,264.20501709,8.12607955933,4.1131772995,1.30180513859,0.0901672467589
13020,173.569946339,1,0.26705545187,240.625,8.00131988525,0.000423034711275,1,162.341217041,1,26.4276752472,8.2354888916,164.891449022,0.0149120194837,0.00566775538027,-0.000293302320642,1.32231128216,-0.0720930472016,-0.0545204803348,-0.0607955828309,-0.0459767542779,2.12820720673,-0.000534567865543,-0.0168280582875,1.752176404,-0.000419764197432,-0.0122081171721,-1.86992110685e-09,1,0.700970768929,0,1.37282967567,0,-0.000570967560634,-0.000587541260757,-0.016864458099,-0.0123758949339,-0.0162934903055,-0.0117883551866,1.60584807396,-0.0173990242183,-0.0127956597134,-0.0012215510942,0.33813983202,0,0,0,0,1,0,0,0,0,0,0,0,0,1,0,0.577266693115,0.005615234375,0.237922891974,0.005615234375,264.432434082,-7.87768512964e-05,-0.00334410555661,-6.50508924505e-10,-0.00326537736692,-0.00326537666842,-0.00334409996867,0.005615234375,2.68443632126,-0.00106740812771,-0.0341071709991,2.1391711235,-0.000906984321773,-0.0241548232734,1.65906385519e-07,1,0.280166506767,-0.00944854691625,-0.00672306492925,-0.0424883142114,-0.0299709029496,-0.0330397672951,-0.0232478380203,-0.0435557216406,-0.0308778882027,-0.00401253718883,0.107094615698,0,0,0,1,0,0,0,0,0,0,0,0,1,0,0.200979843736,0.0605472810566,264.512115479,-0.000104796141386,-0.00536344200373,-0.00119266461115,-0.00645128497854,-0.00525861978531,-0.00655613467097,0.264492541552,0,-0.00772336730734,-0.0539394393563,-0.0446982458234,0.00621382566169,0,1,0,0,-10.4695224762,0,0.0528430938721,0.0197298116982,264.095833311,-0.0104174353182,-0.00787820201367,267.806976318,264.174804688,8.18448829651,4.32500743866,1.24347579479,0.0901705175638
13080,213.498060996,1,0.26712167263,240.625,8.00132656097,0.000408988533309,1,161.825241089,1,26.3646755219,8.26424503326,202.823157946,0.0118206413463,0.00564971705899,-0.000294456462143,1.32231128216,-0.0721571594477,-0.054568964988,-0.0607921034098,-0.045974124223,2.13343572617,-0.000654124538414,-0.0171069279313,1.75511062145,-0.00048450336908,-0.0122300442308,-2.44472175837e-09,1,0.70082950592,0,1.37233710289,0,-0.00058792415075,-0.00060325814411,-0.0170407276601,-0.012348799035,-0.0164528042078,-0.0117455404252,1.60504794121,-0.0176948495209,-0.0128333028406,-0.00139412085991,0.33858948946,0,0,0,0,1,0,0,0,0,0,0,0,0,1,0,0.575045347214,0.004638671875,0.237479299307,0.004638671875,264.429077148,-9.96794551611e-05,-0.00339242257178,-2.29722574296e-10,-0.00329281785525,-0.00329281785525,-0.00339242443442,0.004638671875,2.69604921341,-0.00124375300948,-0.0357328094542,2.14147233963,-0.000933061586693,-0.0241810418665,1.65244273376e-07,1,0.262403070927,-0.00990547146648,-0.00679570995271,-0.0443945303559,-0.0300436913967,-0.0344890579581,-0.0232479795814,-0.045638281852,-0.0309767499566,-0.00525861140341,0.100492298603,0,0,0,1,0,0,0,0,0,0,0,0,1,0,0.191454559565,0.0578016974032,264.509002686,-0.000125866383314,-0.00545674934983,-0.00123068527319,-0.00656150840223,-0.00533082289621,-0.00668745860457,0.26494756341,0,-0.00775325344875,-0.0540408156812,-0.0449365004897,0.00620561884716,0,1,0,0,-10.510720253,0,0.041621401906,0.0196664743125,264.091666645,-0.0104584284127,-0.00790920294821,267.806518555,264.197052002,8.13478851318,4.42493438721,1.15042674541,0.0877738445997
13140,203.137946255,1,0.268719702959,240.625,8.0007724762,0.000199440182769,1,162.929855347,1,26.7648334503,8.31204414368,192.981048942,0.0164358634502,0.00558606628329,-0.000297740480164,1.32231128216,-0.0734178572893,-0.0555223710835,-0.0610500052571,-0.0461691617966,2.14585065842,-0.000657567637973,-0.0175873339176,1.75716876984,-0.000474793487228,-0.0122697819024,-2.67755240202e-09,1,0.69700050354,0,1.37185943127,0,-0.000601234962232,-0.000605549081229,-0.0175310019404,-0.0124005386606,-0.0169297661632,-0.0117949899286,1.60427165031,-0.0181885696948,-0.0128753315657,-0.00169203593396,0.337255626917,0,0,0,0,1,0,0,0,0,0,0,0,0,1,0,0.570121109486,0.00146484375,0.235793083906,0.00146484375,264.426147461,-9.1690570116e-05,-0.00344023481011,1.19793661102e-10,-0.00334862153977,-0.00334862153977,-0.00344023108482,0.00146484375,2.71250391006,-0.00134613877162,-0.0367937646806,2.14562416077,-0.00096057751216,-0.0243014469743,1.64487573784e-07,1,0.247620925307,-0.0099861677736,-0.00680497568101,-0.0454337969422,-0.030145842582,-0.035447627306,-0.0233408696949,-0.0467799343169,-0.031106421724,-0.00588978081942,0.0948819443583,0,0,0,1,0,0,0,0,0,0,0,0,1,0,0.174329549074,0.0528385303915,264.506591797,-0.000102797523141,-0.00557324010879,-0.00123898102902,-0.00670937821269,-0.00547039695084,-0.00681220181286,0.265481412411,0,-0.00778905581683,-0.0542213618755,-0.0451485589147,0.00619765743613,0,1,0,0,-10.6279439926,0,0.0584307871759,0.0194471273571,264.087499978,-0.0105750681832,-0.00799741223454,267.805938721,264.171600342,8.25135421753,4.35481357574,1.19882941246,0.0820532813668
13200,204.589704716,1,0.271194458008,240.625,8.00194263458,0.000131193883135,1,164.915908813,1,25.7827148438,8.31794643402,194.36021948,0.0156095391139,0.00551199028268,-0.000302356900647,1.32231128216,-0.0752173736691,-0.0568832568824,-0.0616454295814,-0.0466194525361,2.16029262543,-0.000619473285042,-0.0177777968347,1.75990700722,-0.000436555419583,-0.0127109996974,-1.99452188099e-09,1,0.692167162895,0,1.37082505226,0,-0.000596094876528,-0.000609607086517,-0.0177544206381,-0.0128840524703,-0.0171583238989,-0.0122744450346,1.60259068012,-0.0183738917112,-0.0133206071332,-0.00144165242091,0.336224943399,0,0,0,0,1,0,0,0,0,0,0,0,0,1,0,0.56721162796,0.0009765625,0.235715538263,0.0009765625,264.423370361,-7.73663632572e-05,-0.00346684199758,3.26102866932e-10,-0.00338955130428,-0.00338955176994,-0.00346684758551,0.0009765625,2.72724843025,-0.00116985372733,-0.0369391962886,2.14972662926,-0.000802917522378,-0.024733280763,1.63869117387e-07,1,0.239673271775,-0.00996826495975,-0.00683230394498,-0.0457376055419,-0.0307626668364,-0.0357693396509,-0.0239303614944,-0.0469074584544,-0.0315655842423,-0.00555436965078,0.0923303663731,0,0,0,1,0,0,0,0,0,0,0,0,1,0,0.167338937521,0.0510870814323,264.504302979,-7.27251172066e-05,-0.00555106624961,-0.00124396232422,-0.00672241346911,-0.00547845102847,-0.00679506361485,0.266320705414,0,-0.00783925969154,-0.0546011850238,-0.0453854352236,0.00618041772395,0,1,0,0,-10.7927274704,0,0.0553960837424,0.0191842019558,264.083333311,-0.0107390321791,-0.00812141038477,267.805297852,264.165863037,8.14615821838,4.41925144196,1.0490796566,0.0723572075367
13260,144.173101222,1,0.272527188063,240.625,8.00081539154,0.000331988529069,1,165.898147583,1,25.4620761871,8.27435112,136.964446161,0.0143397189677,0.00560794305056,-0.000305019755615,1.32231128216,-0.0762138217688,-0.0576368235052,-0.0619399026036,-0.0468421503901,2.17234349251,-0.00046316429507,-0.0179166439921,1.76181733608,-0.000303392793285,-0.0125594586134,-9.16770659387e-10,1,0.690218627453,0,1.36925363541,0,-0.000593966105953,-0.000608161790296,-0.0180474445224,-0.0128642274067,-0.0174534786493,-0.0122560653836,1.60003709793,-0.0185106098652,-0.0131676197052,-0.00159962195903,0.337390780449,0,0,0,0,1,0,0,0,0,0,0,0,0,1,0,0.563992977142,0.005126953125,0.236019998789,0.005126953125,264.420318604,-7.1793794632e-05,-0.00350704789162,8.14537937099e-10,-0.00343528250232,-0.00343528320082,-0.00350704789162,0.005126953125,2.7392745018,-0.000880171894096,-0.037045776844,2.15326547623,-0.000606100948062,-0.0243389904499,1.63185177371e-07,1,0.253291785717,-0.00992657896131,-0.00681394990534,-0.0460921823978,-0.0305468402803,-0.0361656062305,-0.0237328894436,-0.0469723530114,-0.0311529394239,-0.00585951190442,0.0983833819628,0,0,0,1,0,0,0,0,0,0,0,0,1,0,0.175016373396,0.0538553670049,264.501464844,-5.74365258217e-05,-0.00559566169977,-0.00125365518034,-0.0067919883877,-0.00553833320737,-0.00684931129217,0.267364323139,0,-0.00789765827358,-0.0550999678671,-0.0456482172012,0.00615422567353,0,1,0,0,-10.8877801895,0,0.0507542528212,0.0195210780948,264.079166644,-0.0108336117119,-0.0081929359585,267.804595947,264.157348633,8.16597938538,4.35702466965,1.01250314713,0.0760448426008
13320,219.164120431,1,0.272516041994,290.625,7.99937391281,0.000302155764075,1,165.090393066,1,25.5138683319,8.30799674988,208.205914409,0.013442222029,0.00563156558201,-0.000306474568788,1.32231128216,-0.0764729529619,-0.0578327924013,-0.0616068840027,-0.0465903021395,2.18065047264,-0.000336021534167,-0.0182447098196,1.76014113426,-0.000264517206233,-0.0125426948071,-1.56433088705e-09,1,0.68712079525,0,1.36791229248,0,-0.000598987098783,-0.00059937289916,-0.0185076761991,-0.0128775499761,-0.0179086886346,-0.0122781768441,1.59785723686,-0.0188436992466,-0.013142067939,-0.00182514591143,0.337434768677,0,0,0,0,1,0,0,0,0,0,0,0,0,1,0,0.555995702744,0.010986328125,0.233907476068,0.010986328125,264.417297363,-6.54682517052e-05,-0.00359659641981,9.31439259055e-10,-0.0035311174579,-0.00353111838922,-0.00359658710659,0.010986328125,2.74672317505,-0.000516184838489,-0.0371305905282,2.15450692177,-0.000436333124526,-0.0240228828043,1.6379635781e-07,1,0.253104805946,-0.00995527207851,-0.00681366072968,-0.0465696752071,-0.0304002128541,-0.0366144068539,-0.0235865525901,-0.0470858588815,-0.0308365430683,-0.00614893808961,0.0989646315575,0,0,0,1,0,0,0,0,0,0,0,0,1,0,0.167535603046,0.0519575178623,264.498321533,-3.29911708832e-05,-0.00572425127029,-0.00125825882424,-0.00694960262626,-0.00569134391844,-0.00698247551918,0.268320202827,0,-0.00795469991863,-0.0555883459747,-0.0458535850048,0.00613186974078,0,1,0,0,-10.9397096634,0,0.0474889986217,0.0196045823395,264.074999978,-0.0108852833509,-0.00823201239109,267.803924561,264.131256104,8.18931007385,4.31347370148,1.01814699173,0.0733033493161
13380,189.67092845,1,0.27314761281,290.625,7.99923086166,0.00030936638359,1,165.228622437,1,25.5905399323,8.37053394318,180.187382027,0.0143985841423,0.00560077419505,-0.000308352144202,1.32231128216,-0.0770174711943,-0.0582445859909,-0.0616566315293,-0.0466279238462,2.18975234032,-0.000390514440369,-0.0185779817402,1.76050031185,-0.000332283729222,-0.0128333978355,-1.57160684466e-09,1,0.683123707771,0,1.36703288555,0,-0.000614388321992,-0.000607680529356,-0.0188018549234,-0.0131087955087,-0.0181874670088,-0.0125011149794,1.59642851353,-0.0191923696548,-0.0134410802275,-0.0017810028512,0.336886703968,0,0,0,0,1,0,0,0,0,0,0,0,0,1,0,0.559481739998,0.008544921875,0.236277088523,0.008544921875,264.414398193,-6.24991953373e-05,-0.00358350202441,1.03091535308e-09,-0.00352098839357,-0.0035209893249,-0.00358348712325,0.008544921875,2.75233697891,-0.000527269556187,-0.0378276668489,2.1579618454,-0.000505597447045,-0.0248066522181,1.62748619914e-07,1,0.248314708471,-0.00983994361013,-0.00695160683244,-0.0471403412521,-0.0312526635826,-0.0373004004359,-0.0243010558188,-0.0476676076651,-0.0317582599819,-0.00572918541729,0.0974278301001,0,0,0,1,0,0,0,0,0,0,0,0,1,0,0.176543265581,0.0546639598906,264.495483398,-3.25292348862e-05,-0.00570890307426,-0.00121804070659,-0.0068945446983,-0.00567650422454,-0.0069269426167,0.269154280424,0,-0.00801023468375,-0.0560392402112,-0.0459949858487,0.00611721491441,0,1,0,0,-11.0067300797,0,0.0509688705206,0.0194977633655,264.070833311,-0.0109519697726,-0.00828244443983,267.802856445,264.173553467,8.10826301575,4.48790550232,0.941203951836,0.0723352879286
13440,179.236597814,1,0.273099839687,284.375,7.99954128265,0.0003308771702,1,165.334732056,1,24.1790275574,8.2891960144,170.274767923,0.0181685686111,0.00555287394673,-0.000307992566377,1.32231128216,-0.0769413411617,-0.0581870116293,-0.0616964437068,-0.0466580316424,2.19512915611,-0.00047410101979,-0.0183983836323,1.76283979416,-0.000381287827622,-0.0128514720127,-1.76078174263e-09,1,0.688299894333,0,1.36617493629,0,-0.000635392672848,-0.000618816935457,-0.0185596756637,-0.0130890011787,-0.0179242826998,-0.012470183894,1.59503436089,-0.0190337784588,-0.0134702892974,-0.00160429533571,0.340374350548,0,0,0,0,1,0,0,0,0,0,0,0,0,1,0,0.561630606651,0.002197265625,0.237826108932,0.002197265625,264.410858154,-6.91153109074e-05,-0.0035956799984,5.8258314839e-10,-0.00352660613135,-0.00352660682984,-0.00359566882253,0.002197265625,2.7561006546,-0.000711696047802,-0.0370575264096,2.16305971146,-0.000624476757366,-0.0249092541635,1.63534423336e-07,1,0.257272154093,-0.00971702858806,-0.00697774905711,-0.0460628606379,-0.031262524426,-0.0363458320498,-0.0242847763002,-0.0467745549977,-0.0318870022893,-0.0049214316532,0.101083859801,0,0,0,1,0,0,0,0,0,0,0,0,1,0,0.18970130384,0.0588169246912,264.492126465,-5.4556876421e-05,-0.00567917898297,-0.00119462329894,-0.00681922631338,-0.0056246034801,-0.0068737603724,0.269921422005,0,-0.00805954169482,-0.0564519762993,-0.0461261048913,0.00610291678458,0,1,0,0,-10.9938955307,0,0.0648308545351,0.0193268507719,264.066666644,-0.0109391994774,-0.00827278662473,267.802276611,264.167358398,8.09617614746,4.24157238007,1.18169844151,0.0733222514391
13500,195.652732903,1,0.272700548172,240.625,8.00168418884,0.000493174477015,1,165.322463989,1,23.957233429,8.30393314362,185.870096258,0.0201722532511,0.00559580512345,-0.000306666392135,1.32231128216,-0.076490752399,-0.0578462518752,-0.0617966800928,-0.0467338375747,2.19522333145,-0.00055698864162,-0.0187505446374,1.76471877098,-0.000404617516324,-0.0132200550288,-2.00816430151e-09,1,0.684847950935,0,1.3656026125,0,-0.000626056687906,-0.000607285241131,-0.0188196152449,-0.0134227219969,-0.0181935578585,-0.0128154372796,1.59410405159,-0.0193766020238,-0.0138273406774,-0.00148972088937,0.339158922434,0,0,0,0,1,0,0,0,0,0,0,0,0,1,0,0.559814691544,0.0048828125,0.23740144074,0.0048828125,264.406860352,-7.50869512558e-05,-0.00363954156637,6.26564494732e-11,-0.00356444343925,-0.00356444343925,-0.00363954156637,0.0048828125,2.75417947769,-0.00104487512726,-0.0371958762407,2.16431570053,-0.00078866945114,-0.024920521304,1.62865035236e-07,1,0.267898529768,-0.00964282266796,-0.00693502416834,-0.0457938276231,-0.0310668759048,-0.0361510068178,-0.0241318531334,-0.0468387007713,-0.031855545938,-0.00483796233311,0.105170190334,0,0,0,1,0,0,0,0,0,0,0,0,1,0,0.193500548601,0.0600057244301,264.488220215,-7.95423984528e-05,-0.00568220019341,-0.00117853563279,-0.00678132195026,-0.00560278631747,-0.0068607032299,0.270449608564,0,-0.00809390284121,-0.0567344352603,-0.0462325997651,0.00609337445349,0,1,0,0,-10.946557045,0,0.072295203805,0.0194835662842,264.062499977,-0.0108920969069,-0.0082371653989,267.801849365,264.130432129,8.12128067017,4.20187282562,1.07413077354,0.0703493356705
13560,213.083429708,1,0.272517591715,240.625,8.00231456757,0.000381040619686,1,164.886154175,1,24.1033535004,8.40049362183,202.429258222,0.0206819698215,0.00565316062421,-0.000306859379634,1.32231128216,-0.0761901736259,-0.0576189383864,-0.0619580633938,-0.0468558818102,2.19456553459,-0.000772848376073,-0.0187354125082,1.76539587975,-0.000546208408196,-0.0133242821321,-3.63797880709e-10,1,0.688797056675,0,1.36522769928,0,-0.000625486427452,-0.000595356686972,-0.0185880511999,-0.013373429887,-0.0179625656456,-0.0127780735493,1.59349513054,-0.0193608999252,-0.0139196384698,-0.00136853300501,0.341676861048,0,0,0,0,1,0,0,0,0,0,0,0,0,1,0,0.559359371662,0.005126953125,0.237727716565,0.005126953125,264.403015137,-0.000100661069155,-0.00368045642972,1.07480235823e-09,-0.00357981910929,-0.00357982004061,-0.00368047133088,0.005126953125,2.75014352798,-0.00150902569294,-0.0367798134685,2.16090583801,-0.00107169151306,-0.0249152705073,1.62399373949e-07,1,0.279065310955,-0.00953410193324,-0.00686950841919,-0.044804893434,-0.0307130888104,-0.0352707952261,-0.0238435789943,-0.046313919127,-0.0317847803235,-0.00445597618818,0.109890952706,0,0,0,1,0,0,0,0,0,0,0,0,1,0,0.196069285274,0.06117516011,264.484008789,-0.000127006322145,-0.00574453175068,-0.00117054046132,-0.0067883040756,-0.00561776338145,-0.00691508501768,0.270851552486,0,-0.00812084414065,-0.0569274686277,-0.0463515743613,0.0060871290043,0,1,0,0,-10.9534463882,0,0.0742051303387,0.0196844823658,264.058333311,-0.010898951441,-0.00824234914035,267.801483154,264.085632324,8.26556396484,4.28260612488,1.04347324371,0.0659256279469
13620,183.833440302,1,0.271780669689,240.625,8.00353145599,0.000341391423717,1,163.723587036,1,25.0287208557,8.43133831024,174.641768287,0.0143458331004,0.00571167003363,-0.000306538073346,1.32231128216,-0.0756261348724,-0.0571923851967,-0.0618105083704,-0.0467442944646,2.19045162201,-0.000835832674056,-0.0185722224414,1.76532697678,-0.000592527212575,-0.0133081637323,-2.32830643654e-10,1,0.69169652462,0,1.36536169052,0,-0.000624553184025,-0.000601540086791,-0.0183609426022,-0.0133171770722,-0.0177363883704,-0.0127156367525,1.59371256828,-0.0191967748106,-0.0139097031206,-0.00127532565966,0.343594253063,0,0,0,0,1,0,0,0,0,0,0,0,0,1,0,0.562031567097,0.00341796875,0.23921957612,0.00341796875,264.399291992,-0.000105515122414,-0.00366647541523,1.1940957112e-09,-0.00356099195778,-0.0035609935876,-0.00366647541523,0.00341796875,2.74487495422,-0.00168778025545,-0.0363645814359,2.15731620789,-0.00114841910545,-0.0250133369118,1.63563527167e-07,1,0.284347623587,-0.00936965271831,-0.00674390466884,-0.0440464541316,-0.0306088235229,-0.0346768014133,-0.0238649174571,-0.0457342341542,-0.0317572429776,-0.00407523754984,0.11249589175,0,0,0,1,0,0,0,0,0,0,0,0,1,0,0.198542237282,0.0623849779367,264.480224609,-0.000151246786118,-0.00575092434883,-0.00116173853166,-0.00676164776087,-0.00559990946203,-0.00691270828247,0.27107450366,0,-0.00814268365502,-0.0570232458413,-0.046446736902,0.00608935952187,0,1,0,0,-10.9419765472,0,0.0507765449584,0.0198869891465,264.054166644,-0.0108875390142,-0.00823371857405,267.800689697,264.13885498,8.17921447754,4.27297401428,1.06726682186,0.0692838430405
13680,156.966273996,1,0.269740462303,240.625,8.00357055664,0.000241898596869,1,161.808059692,1,24.3505783081,8.23958969116,149.117960296,0.0163649376482,0.00583408772945,-0.000303234148305,1.32231128216,-0.0743123590946,-0.0561988390982,-0.0611087605357,-0.0462135970592,2.18379282951,-0.000731775944587,-0.0180106535554,1.76388835907,-0.00052617455367,-0.0130765596405,1.16415321827e-10,1,0.697052419186,0,1.36609148979,0,-0.000632472569123,-0.000615653931163,-0.0179113484919,-0.0131660392508,-0.0172788761556,-0.0125503856689,1.59489870071,-0.0186431258917,-0.0136922132224,-0.00113191199489,0.346169024706,0,0,0,0,1,0,0,0,0,0,0,0,0,1,0,0.563966989517,0.000244140625,0.239809706807,0.000244140625,264.395202637,-9.57325100899e-05,-0.00364288687706,9.99938798429e-10,-0.0035471606534,-0.00354716181755,-0.00364288687706,0.000244140625,2.74213027954,-0.00141545524821,-0.0357259213924,2.15376710892,-0.000976181123406,-0.0248320437968,1.62690412253e-07,1,0.281753361225,-0.00954918097705,-0.00672255735844,-0.0438596494496,-0.0305784232914,-0.0343104712665,-0.0238558650017,-0.0452751070261,-0.0315546020865,-0.00403620116413,0.111583665013,0,0,0,1,0,0,0,0,0,0,0,0,1,0,0.198988616467,0.0624709501863,264.476501465,-0.000127792358398,-0.00568930804729,-0.00119117985014,-0.00675301812589,-0.00556183792651,-0.00688052177429,0.270999193192,0,-0.00815120711923,-0.0569733455777,-0.0464649610221,0.00610152445734,0,1,0,0,-10.8240432739,0,0.0581698678434,0.0203187763691,264.049999977,-0.0107701923698,-0.00814497470856,267.800170898,264.105224609,8.14494895935,4.4680519104,1.09682512283,0.0731643214822
13740,168.715288646,1,0.268928855658,240.625,8.00342750549,0.000252748403,1,160.752578735,1,22.8659820557,8.25163269043,160.279524214,0.013668213971,0.00574343744665,-0.000302478321828,1.32231128216,-0.0736926943064,-0.0557302162051,-0.0609515197575,-0.0460946820676,2.17864084244,-0.000568245421164,-0.018146308139,1.7646266222,-0.000422390177846,-0.0134704634547,2.03726813197e-10,1,0.688034832478,0,1.36721301079,0,-0.000658896169625,-0.000667858752422,-0.0182369574904,-0.0137159302831,-0.0175780616701,-0.0130480714142,1.59672117233,-0.018805205822,-0.0141383213922,-0.000944243278354,0.340951681137,0,0,0,0,1,0,0,0,0,0,0,0,0,1,0,0.556693077087,0.00390625,0.236145168543,0.00390625,264.391479492,-8.48770141602e-05,-0.00369169563055,1.62058388931e-09,-0.00360677181743,-0.00360677344725,-0.00369168072939,0.00390625,2.73839998245,-0.000973834539764,-0.035919290036,2.15390634537,-0.000682412297465,-0.0256423912942,1.6315607354e-07,1,0.265405237675,-0.00958835612983,-0.00687641883269,-0.0445338115096,-0.0318363979459,-0.0349454581738,-0.0249599795789,-0.0455076470971,-0.0325188115239,-0.00355131039396,0.104730844498,0,0,0,1,0,0,0,0,0,0,0,0,1,0,0.187276497483,0.0584293529391,264.473144531,-9.22828912735e-05,-0.00581742823124,-0.00122466112953,-0.0069499858655,-0.00572532508522,-0.00704202055931,0.270662933588,0,-0.00814602524042,-0.0567799285054,-0.0464036688209,0.00612021703273,0,1,0,0,-10.7970628738,0,0.0483100041747,0.0199968293309,264.04583331,-0.0107433460653,-0.00812467280775,267.79977417,264.138549805,8.12473487854,4.1874666214,1.05935406685,0.0660239160061
13800,197.630717936,1,0.269645780325,240.625,8.00387859344,0.000284296809696,1,160.718383789,1,23.182598114,8.32258415222,187.749182039,0.0134371202439,0.00571426702663,-0.000304968707496,1.32231128216,-0.0739049762487,-0.0558907538652,-0.0614952892065,-0.0465059094131,2.17653393745,-0.000484927848447,-0.0183222163469,1.76906967163,-0.00038039078936,-0.0135156735778,4.65661287308e-10,1,0.684251785278,0,1.36822009087,0,-0.000644737912808,-0.000661700207274,-0.0184820257127,-0.0137969823554,-0.0178372897208,-0.0131352813914,1.59835779667,-0.0189669560641,-0.0141773726791,-0.00106291682459,0.338473916054,0,0,0,0,1,0,0,0,0,0,0,0,0,1,0,0.555737614632,0.000732421875,0.235242754221,0.000732421875,264.388275146,-7.72625207901e-05,-0.00369130447507,1.33177424644e-09,-0.00361389480531,-0.0036138962023,-0.00369128957391,0.000732421875,2.73559498787,-0.00081976049114,-0.0367346405983,2.15965557098,-0.000642249360681,-0.0255804248154,1.62573996931e-07,1,0.252688407898,-0.00967740174383,-0.00708288652822,-0.0455922856927,-0.032021060586,-0.0359148830175,-0.0249381735921,-0.0464120469987,-0.032663308084,-0.00415245583281,0.0993872582912,0,0,0,1,0,0,0,0,0,0,0,0,1,0,0.178779050708,0.0555907636881,264.470031738,-7.7523291111e-05,-0.00580731034279,-0.00124053936452,-0.00697048055008,-0.00572994118556,-0.00704783201218,0.270432621241,0,-0.00814842339605,-0.0566062889993,-0.0463953278959,0.00613700319082,0,1,0,0,-10.8859577179,0,0.0474704615772,0.0198959987611,264.041666643,-0.0108317984268,-0.00819156505167,267.799255371,264.126647949,8.15899658203,4.35657787323,1.11990368366,0.0712808072567
13860,187.212171062,1,0.271241813898,240.625,8.00346755981,0.000171222345671,1,161.642333984,1,24.2836017609,8.40899562836,177.851562508,0.0166633948684,0.00567191233858,-0.000308641843731,1.32231128216,-0.0748140588403,-0.0565782487392,-0.0621874295175,-0.0470293425024,2.17876982689,-0.000495370244607,-0.0186140350997,1.77300310135,-0.000401108409278,-0.0136533025652,-1.16415321827e-10,1,0.680691957474,0,1.36886739731,0,-0.000660147285089,-0.000679847202264,-0.0187788084149,-0.0139320418239,-0.018118660897,-0.0132521949708,1.59940958023,-0.019274180755,-0.0143331503496,-0.00117134279571,0.33637046814,0,0,0,0,1,0,0,0,0,0,0,0,0,1,0,0.550652742386,0.000244140625,0.232846394181,0.000244140625,264.384887695,-7.36266374588e-05,-0.00373815000057,1.88364124298e-09,-0.00366442161612,-0.00366442347877,-0.00373814254999,0.000244140625,2.73694181442,-0.000790301826783,-0.0371505208313,2.16419243813,-0.000660382211208,-0.0253839883953,1.62050127983e-07,1,0.247815445065,-0.00967092905194,-0.00709324562922,-0.0460311472416,-0.0318168513477,-0.036360219121,-0.0247236061841,-0.0468214526772,-0.0324772298336,-0.00465078558773,0.0970971137285,0,0,0,1,0,0,0,0,0,0,0,0,1,0,0.17539845407,0.0543662533164,264.466918945,-6.98566436768e-05,-0.00578334927559,-0.00125261303037,-0.00696622999385,-0.00571361649781,-0.00703586637974,0.270455062389,0,-0.00816547498107,-0.0565443336964,-0.0464749448001,0.0061477907002,0,1,0,0,-11.0170717239,0,0.0592683702707,0.0197483487427,264.037499977,-0.0109622599557,-0.00829022657126,267.798828125,264.045684814,8.19664001465,4.3109998703,1.35542178154,0.080207079649
13920,173.588231421,1,0.27209174633,240.625,8.0030632019,0.000182184041478,1,162.108612061,1,24.4509277344,8.35391998291,164.90881985,0.0118826106191,0.00563481915742,-0.000310656178044,1.32231128216,-0.0754700154066,-0.0570743195713,-0.0623528771102,-0.0471544638276,2.18239212036,-0.000591659802012,-0.0187929477543,1.77642416954,-0.000478330999613,-0.0133429532871,2.91038304567e-11,1,0.684780776501,0,1.36917901039,0,-0.000649154535495,-0.000668861204758,-0.0188504420221,-0.0135334823281,-0.0182012859732,-0.0128646213561,1.59991598129,-0.0194421038032,-0.0140118133277,-0.00153904408216,0.338378190994,0,0,0,0,1,0,0,0,0,0,0,0,0,1,0,0.553483128548,0,0.23391957581,0,264.381713867,-8.51601362228e-05,-0.0037470459938,1.73255676472e-09,-0.00366190681234,-0.00366190820932,-0.00374705344439,0,2.74004769325,-0.0010549116414,-0.0373963527381,2.17086267471,-0.000862527173012,-0.0254822783172,1.62923242897e-07,1,0.246238783002,-0.00988651346415,-0.00715300161391,-0.0462279543281,-0.0317727513611,-0.0363414436579,-0.0246197506785,-0.0472828671336,-0.0326352789998,-0.00485702045262,0.0963066443801,0,0,0,1,0,0,0,0,0,0,0,0,1,0,0.175275444984,0.0542375780642,264.464019775,-9.66787338257e-05,-0.00585013628006,-0.00128280860372,-0.00703631620854,-0.00575350783765,-0.00713290274143,0.270696610212,0,-0.00819416623563,-0.0566096976399,-0.0466052368283,0.00615298375487,0,1,0,0,-11.088973999,0,0.0418448708951,0.0196138247848,264.03333331,-0.0110338050872,-0.00834433268756,267.798461914,264.134246826,8.20600509644,4.35341644287,1.11850619316,0.0716872215271
13980,193.626138256,1,0.272491544485,190.625,8.01137447357,0.220623522997,1,161.912750244,1,24.6337432861,8.43024253845,183.944831343,0.0123913353309,0.00570044247434,-0.00031240505632,1.32231128216,-0.0758282095194,-0.0573452040553,-0.0623709745705,-0.0471681468189,2.18547701836,-0.000597129634116,-0.0187379047275,1.77969574928,-0.000501147995237,-0.0132266664878,6.40284270048e-10,1,0.687416374683,0,1.36945819855,0,-0.000644281040877,-0.000660166260786,-0.0187850538641,-0.0133856832981,-0.0181407742202,-0.0127255171537,1.60036969185,-0.0193821843714,-0.0138868317008,-0.00160016352311,0.339997172356,0,0,0,0,1,0,0,0,0,0,0,0,0,1,0,0.549373924732,0,0.232450082898,0,264.378723145,-8.26939940453e-05,-0.00379149056971,1.31454269692e-09,-0.00370876351371,-0.00370876514353,-0.00379147194326,0,2.74322366714,-0.000994005822577,-0.0368608385324,2.17827987671,-0.000840925902594,-0.0253924578428,1.62908690982e-07,1,0.248326376081,-0.00989651307464,-0.00739461323246,-0.0457633472979,-0.0319461449981,-0.0358668342233,-0.0245515312999,-0.0467573516071,-0.0327870696783,-0.0044182240963,0.0971507430077,0,0,0,1,0,0,0,0,0,0,0,0,1,0,0.164309173822,0.0509849749506,264.461181641,-9.23983752728e-05,-0.00591729395092,-0.00128377787769,-0.00710872700438,-0.00582494912669,-0.00720107741654,0.270983785391,0,-0.00822573155165,-0.0567321255803,-0.0467146411538,0.00615763757378,0,1,0,0,-11.1514005661,0,0.0436817705631,0.0198454838246,264.029166643,-0.0110959205776,-0.0083913076669,267.797821045,264.131195068,8.21506690979,4.20482063293,1.00824069977,0.0675781071186
14040,195.914873278,1,0.272275805473,196.875,8.01597976685,0.189714059234,1,161.485961914,1,25.5527629852,8.47371578217,186.119129614,0.0117928674445,0.00568239064887,-0.000312487274641,1.32231128216,-0.0756947770715,-0.0572442933917,-0.0622885525227,-0.0471058152616,2.18619847298,-0.000368436856661,-0.0187423806638,1.78214478493,-0.000295349047519,-0.0130833052099,7.56699591875e-10,1,0.68439668417,0,1.36990880966,0,-0.000661209283862,-0.000670770881698,-0.019035153091,-0.0134587269276,-0.0183739438653,-0.0127879567444,1.6011017561,-0.0194035917521,-0.0137540772557,-0.001693504164,0.338781714439,0,0,0,0,1,0,0,0,0,0,0,0,0,1,0,0.552810072899,0,0.23396897316,0,264.375427246,-5.4270029068e-05,-0.00374989956617,1.18894005752e-09,-0.00369562930427,-0.0036956302356,-0.00374989211559,0,2.7444922924,-0.000746951554902,-0.0369176417589,2.18504095078,-0.000553197285626,-0.0251291170716,1.61671778187e-07,1,0.250080674887,-0.0100317532197,-0.00755412504077,-0.0462024398148,-0.0321300439537,-0.0361706912518,-0.0245759189129,-0.0469493940473,-0.0326832421124,-0.00453679449856,0.0981373786926,0,0,0,1,0,0,0,0,0,0,0,0,1,0,0.176491692662,0.0550116673112,264.458129883,-5.06788492203e-05,-0.0058106854558,-0.00127824139781,-0.00703832879663,-0.00576008763164,-0.00708887726068,0.271215736866,0,-0.00825611874461,-0.056836027652,-0.0467967242002,0.0061651468277,0,1,0,0,-11.154335022,0,0.0415212400258,0.0197814926505,264.024999976,-0.0110988412052,-0.00839351583272,267.797180176,264.114440918,8.34296417236,4.30667209625,1.05838680267,0.0655263215303
14100,189.906933423,1,0.272370100021,196.875,8.03503417969,0.189883574843,1,162.401794434,1,25.8766403198,8.42706871033,180.411586752,0.014508664608,0.00566973304376,-0.000311048032017,1.32231128216,-0.0756117552519,-0.0571815110743,-0.0624959543347,-0.0472626648843,2.18777108192,-0.000289911287837,-0.0182807408273,1.7860763073,-0.00019941481878,-0.0131175220013,6.69388100505e-10,1,0.687356472015,0,1.37010371685,0,-0.000663255515974,-0.00068643403938,-0.0186540856957,-0.0136045422405,-0.0179908312857,-0.0129181072116,1.60141861439,-0.0189439989626,-0.0138039560989,-0.00134549685754,0.340529501438,0,0,0,0,1,0,0,0,0,0,0,0,0,1,0,0.564513683319,0.00048828125,0.23915168643,0.00048828125,264.371582031,-3.91285866499e-05,-0.00364641472697,9.68023883274e-10,-0.00360734760761,-0.00360734853894,-0.00364639610052,0.00048828125,2.74662590027,-0.000739440496545,-0.037133641541,2.19132900238,-0.000534833641723,-0.0255319550633,1.61817297339e-07,1,0.249768346548,-0.0100081674755,-0.00753705808893,-0.0464023724198,-0.0325341820717,-0.0363942049444,-0.0249971225858,-0.0471418127418,-0.0330690145493,-0.00437523191795,0.0982328951359,0,0,0,1,0,0,0,0,0,0,0,0,1,0,0.183358535171,0.0573523901403,264.454833984,-3.20747494698e-05,-0.00576166808605,-0.00126958498731,-0.00699915550649,-0.00572957005352,-0.00703114271164,0.271420001984,0,-0.00827846303582,-0.0569183193147,-0.04687961936,0.00616839528084,0,1,0,0,-11.1029605865,0,0.0513703487813,0.0197389908135,264.02083331,-0.0110477218404,-0.00835485756397,267.796600342,264.115783691,8.24216461182,4.33294010162,0.994068384171,0.0640918463469
14160,202.404619894,1,0.272764444351,196.875,8.04857635498,0.191476732492,1,163.299209595,1,26.7488899231,8.4005241394,192.284388899,0.0140382163227,0.00568781327456,-0.000310684205033,1.32231128216,-0.0756357312202,-0.0571996420622,-0.0629123747349,-0.0475775822997,2.18918466568,-0.000366460997611,-0.0183078199625,1.78993391991,-0.00028283969732,-0.0133548248559,-1.16415321827e-09,1,0.687039077282,0,1.36982607841,0,-0.000662026519421,-0.000699754920788,-0.0186033863574,-0.0137717407197,-0.0179413594306,-0.0130719859153,1.60096752644,-0.018969848752,-0.0140545796603,-0.00120854284614,0.340658903122,0,0,0,0,1,0,0,0,0,0,0,0,0,1,0,0.562743544579,0,0.238617181778,0,264.367614746,-4.5333057642e-05,-0.00367325358093,1.53333612474e-09,-0.00362803507596,-0.00362803624012,-0.00367325358093,0,2.75067949295,-0.000777952664066,-0.037492968142,2.1932322979,-0.0006570595433,-0.025740429759,1.62472133525e-07,1,0.2467020154,-0.0098788626492,-0.00725346477702,-0.0465938746929,-0.0323368348181,-0.0367150083184,-0.0250833705068,-0.0473718270659,-0.0329938940704,-0.00469146482646,0.0972087830305,0,0,0,1,0,0,0,0,0,0,0,0,1,0,0.173901543021,0.0543235838413,264.451538086,-2.69953161478e-05,-0.00585086271167,-0.00124647887424,-0.00707028992474,-0.0058238110505,-0.00709721818566,0.271612942219,0,-0.00828990805894,-0.056967291981,-0.0469861663878,0.00616376940161,0,1,0,0,-11.0899734497,0,0.0496559143066,0.0198057591915,264.016666643,-0.0110347997397,-0.0083450851962,267.796051025,264.096984863,8.30661392212,4.40814113617,1.24141514301,0.069372497499
14220,202.939140215,1,0.274017930031,196.875,8.05074310303,0.193246528506,1,163.727386475,1,27.4770469666,8.54292488098,192.792183205,0.0157471112907,0.00569747015834,-0.000314163422445,1.32231128216,-0.0763872563839,-0.057767983526,-0.0634260624647,-0.0479660592973,2.19252228737,-0.000510583515279,-0.0191177614033,1.79400169849,-0.000397627736675,-0.0135271567851,-9.31322574615e-10,1,0.679686427116,0,1.36923623085,0,-0.000663597718813,-0.000694483751431,-0.0192707777023,-0.0138240121305,-0.018607178703,-0.0131295286119,1.60000884533,-0.0197813604027,-0.0142216403037,-0.0015941397287,0.337737500668,0,0,0,0,1,0,0,0,0,0,0,0,0,1,0,0.54862755537,0,0.23326061666,0,264.364379883,-6.83069229126e-05,-0.00381407141685,7.48327066979e-10,-0.00374581408687,-0.00374581478536,-0.00381405651569,0,2.75365400314,-0.000838752370328,-0.0381284058094,2.1963057518,-0.000745020457543,-0.0265389122069,1.61584466696e-07,1,0.242692470551,-0.00976203195751,-0.00708653312176,-0.0470516830683,-0.0328804254532,-0.0372896492481,-0.0257938914001,-0.0478904359043,-0.03362544626,-0.00457840971649,0.0959430783987,0,0,0,1,0,0,0,0,0,0,0,0,1,0,0.161705836654,0.0505567006767,264.448455811,-4.96506690979e-05,-0.00612288713455,-0.00123590079602,-0.00730909500271,-0.00607319362462,-0.0073586255312,0.271919339895,0,-0.00830587372184,-0.0570537745953,-0.0471331328154,0.00615393649787,0,1,0,0,-11.2141647339,0,0.055900555104,0.0198414586484,264.012499976,-0.0111583732069,-0.00843853782862,267.795623779,264.099700928,8.32884979248,4.42901229858,1.25526463985,0.0793207883835
14280,179.547553853,1,0.27447578311,196.875,8.04965019226,0.193957999349,1,162.385818481,1,26.8800010681,8.60767745972,170.57017616,0.015359939076,0.00583111587912,-0.000318349397276,1.32231128216,-0.0767304301262,-0.0580275095999,-0.063532397151,-0.048046477139,2.19343590736,-0.000550884054974,-0.0188203789294,1.79766011238,-0.000437707058154,-0.0131464796141,-1.7462298274e-09,1,0.688429176807,0,1.36884951591,0,-0.000636867014691,-0.000667367305141,-0.0189063586295,-0.013376140967,-0.0182694941759,-0.0127087738365,1.59938037395,-0.0194572452456,-0.0138138476759,-0.0017287847586,0.342803031206,0,0,0,0,1,0,0,0,0,0,0,0,0,1,0,0.550080299377,0,0.234447076917,0,264.361938477,-7.66962766647e-05,-0.00382586568594,2.21019230695e-10,-0.00374914938584,-0.00374914938584,-0.00382587313652,0,2.75216197968,-0.00108723726589,-0.0372796580195,2.20063495636,-0.000867588911206,-0.0260426625609,1.61526259035e-07,1,0.260600328445,-0.00966554693878,-0.00695792445913,-0.0458579696715,-0.0321329981089,-0.0361924208701,-0.0251750722528,-0.046945206821,-0.0330005884171,-0.00443243049085,0.102983370423,0,0,0,1,0,0,0,0,0,0,0,0,1,0,0.160096585751,0.0501342043281,264.445739746,-8.67545604706e-05,-0.00617229938507,-0.00122044258751,-0.00730592105538,-0.0060854787007,-0.00739262998104,0.272411316633,0,-0.0083433277905,-0.0572393983603,-0.0473155342042,0.00614749081433,0,1,0,0,-11.3635845184,0,0.0544816218317,0.0203099064529,264.008333309,-0.0113070495427,-0.00855097454041,267.795166016,264.09387207,8.39120197296,4.27880525589,1.03439795971,0.0712909474969
14340,211.531316312,1,0.273675978184,196.875,8.0513792038,0.192559108138,1,160.674819946,1,25.92096138,8.60356998444,200.954750496,0.0162121411413,0.00580634502694,-0.000318935024552,1.32231128216,-0.0761984959245,-0.057625234127,-0.0632656812668,-0.0478447712958,2.19217729568,-0.000604784465395,-0.01890845038,1.80001688004,-0.000456358189695,-0.013270508498,-1.7462298274e-09,1,0.688019037247,0,1.36942231655,0,-0.000647889159154,-0.000677947769873,-0.0189515538514,-0.0134920971468,-0.0183036662638,-0.0128141492605,1.6003112793,-0.0195563398302,-0.0139484545216,-0.00168240466155,0.342668384314,0,0,0,0,1,0,0,0,0,0,0,0,0,1,0,0.549956917763,0,0.234358251095,0,264.359069824,-8.07195901871e-05,-0.00385190546513,6.57174092922e-10,-0.00377114536241,-0.0037711460609,-0.00385190546513,0,2.75272369385,-0.00114241242409,-0.0373788699508,2.20482635498,-0.000841096742079,-0.0265754181892,1.6123522073e-07,1,0.253193676472,-0.0100011136383,-0.00729359360412,-0.0462375693023,-0.0330279171467,-0.0362364575267,-0.0257343221456,-0.0473799817264,-0.0338690131903,-0.00402110489085,0.100034542382,0,0,0,1,0,0,0,0,0,0,0,0,1,0,0.162253186107,0.0508211553097,264.442901611,-8.79764556885e-05,-0.00613969564438,-0.00124712905381,-0.00729871913791,-0.00605159020051,-0.00738663971424,0.272680640221,0,-0.00838156510144,-0.0573425143957,-0.0474283397198,0.00615703873336,0,1,0,0,-11.3844909668,0,0.0576080493629,0.0202242396772,264.004166643,-0.0113278515637,-0.00856670551002,267.794708252,264.069763184,8.32741355896,4.3058757782,1.13227653503,0.0671425610781
14400,199.671898196,1,0.275591611862,196.875,8.06176280975,0.193019643426,1,161.571929932,1,26.7750606537,8.65508556366,189.688303286,0.0162584651262,0.00573706720024,-0.000323871005094,1.32231128216,-0.077175617218,-0.0583641827106,-0.0642667263746,-0.0486018136144,2.1954267025,-0.000591053045355,-0.0194611884654,1.80632638931,-0.000445787358331,-0.0136925652623,-1.25874066725e-09,1,0.678659498692,0,1.37020361423,0,-0.00067148078233,-0.000689256936312,-0.0195416174829,-0.0139360362664,-0.0188701376319,-0.0132467783988,1.60158085823,-0.0201326683164,-0.0143818221986,-0.00173636688851,0.338297456503,0,0,0,0,1,0,0,0,0,0,0,0,0,1,0,0.540543317795,0.000244140625,0.230557531118,0.000244140625,264.356201172,-6.71781599522e-05,-0.00393484719098,1.25671273388e-09,-0.00386769347824,-0.00386769440956,-0.0039348565042,0.000244140625,2.75465536118,-0.0013053935254,-0.0381118431687,2.21068239212,-0.00100937392563,-0.0270765125751,1.59750925377e-07,1,0.251498043537,-0.00987007282674,-0.0070529426448,-0.0466765202582,-0.0331200808287,-0.0368064492941,-0.0260671377182,-0.0479819178581,-0.0341294556856,-0.0042721349746,0.0997177958488,0,0,0,1,0,0,0,0,0,0,0,0,1,0,0.171609640121,0.0540267080069,264.439575195,-9.70661640167e-05,-0.00618886202574,-0.00120400474407,-0.00729570537806,-0.0060916999355,-0.0073926448822,0.272985816002,0,-0.00842689257115,-0.0574627146125,-0.0475799553096,0.00617005955428,0,1,0,0,-11.5606803894,0,0.0577783361077,0.0199816785753,263.999999976,-0.0115031646565,-0.0086992867291,267.794158936,264.095916748,8.28660583496,4.33157539368,1.0308380127,0.0747170075774
14460,203.666205642,1,0.275358408689,196.875,8.06322193146,0.194795817137,1,161.415359497,1,27.2325325012,8.5720911026,193.48289536,0.017231432721,0.00580710358918,-0.000323362881318,1.32231128216,-0.0769408494234,-0.0581866391003,-0.0642829537392,-0.0486140847206,2.19469547272,-0.00070602085907,-0.0187959522009,1.80845403671,-0.000592914409935,-0.0134984254837,3.20142135024e-10,1,0.690979361534,0,1.37065756321,0,-0.000650575617328,-0.000671129091643,-0.0187405087054,-0.0135766398162,-0.0180899333209,-0.0129055110738,1.60231852531,-0.0194465275854,-0.0141695542261,-0.00152045523282,0.345036387444,0,0,0,0,1,0,0,0,0,0,0,0,0,1,0,0.551461100578,0,0.235558360815,0,264.352478027,-8.59498977661e-05,-0.00388515274972,1.24743992913e-09,-0.00379921728745,-0.0037992184516,-0.0038851192221,0,2.75769329071,-0.00172138784546,-0.0367123857141,2.21621203423,-0.00143828813452,-0.0261575579643,1.58834154718e-07,1,0.280927121639,-0.00979711581022,-0.00707442127168,-0.0447881147265,-0.0317936912179,-0.0349909961224,-0.0247192699462,-0.0465095005929,-0.0332319810987,-0.00412192288786,0.111448034644,0,0,0,1,0,0,0,0,0,0,0,0,1,0,0.194863349199,0.061299175024,264.436096191,-0.000161726027727,-0.00603777915239,-0.00119819608517,-0.00707440171391,-0.00587620586157,-0.0072357878089,0.273434698582,0,-0.00847787037492,-0.0576381646097,-0.0477913767099,0.00617762515321,0,1,0,0,-11.5425443649,0,0.0613631419837,0.0202290415764,263.995833309,-0.0114851184189,-0.00868563912809,267.793670654,264.081542969,8.36856269836,4.41633033752,1.16616880894,0.0939872041345
14520,206.013937271,1,0.273431926966,196.875,8.07143115997,0.196270987391,1,160.127960205,1,28.2067642212,8.56883621216,195.713240407,0.0189381148666,0.005819757469,-0.00031916887383,1.32231128216,-0.0756323039532,-0.0571970492601,-0.0636676847935,-0.0481487885118,2.18903064728,-0.000597461475991,-0.0182513482869,1.80984830856,-0.000513266830239,-0.0132268369198,3.20142135024e-10,1,0.698765933514,0,1.37139260769,0,-0.000629762886092,-0.000651345122606,-0.018283650279,-0.0133649148047,-0.0176538862288,-0.0127135701478,1.6035130024,-0.0188811104745,-0.0138781815767,-0.00140629778616,0.348678201437,0,0,0,0,1,0,0,0,0,0,0,0,0,1,0,0.559217572212,0,0.238708630204,0,264.348449707,-7.59661197662e-05,-0.00382419675589,8.45893466384e-10,-0.00374823086895,-0.00374823180027,-0.00382418930531,0,2.7593665123,-0.00184557377361,-0.0359033346176,2.22256708145,-0.00157621700782,-0.0262202546,1.59605406225e-07,1,0.291804432869,-0.00973775051534,-0.00723473122343,-0.0437955111265,-0.0318787693977,-0.0340577587485,-0.0246440395713,-0.0456410832703,-0.0334549881518,-0.00346115976572,0.115394838154,0,0,0,1,0,0,0,0,0,0,0,0,1,0,0.197367727757,0.061935711652,264.43270874,-0.000190012156963,-0.00607703626156,-0.00120098562911,-0.00708804698661,-0.0058870613575,-0.00727790594101,0.273547977209,0,-0.00850547477603,-0.0576528981328,-0.0479082986712,0.0061898753047,0,1,0,0,-11.3928365707,0,0.0676895156503,0.0202712547034,263.991666642,-0.0113361561671,-0.00857298634946,267.793151855,264.074066162,8.37317466736,4.40479278564,1.0941671133,0.0862440317869
14580,201.871437464,1,0.27184599638,196.875,8.08092021942,0.198521986604,1,159.692443848,1,27.0469093323,8.68421459198,191.777865591,0.0118514830247,0.00575960241258,-0.000314502744004,1.32231128216,-0.0744442343712,-0.0562985688448,-0.0633015334606,-0.0478718839586,2.18113827705,-0.000624099862762,-0.017658026889,1.8117377758,-0.000525864015799,-0.012903328985,1.60071067512e-10,1,0.707685947418,0,1.37238430977,0,-0.000631104805507,-0.000651050359011,-0.0176650322974,-0.0130285155028,-0.0170339271426,-0.0123774651438,1.60512435436,-0.0182891320437,-0.013554379344,-0.00130578130484,0.352588772774,0,0,0,0,1,0,0,0,0,0,0,0,0,1,0,0.575109362602,0.001220703125,0.245164960623,0.001220703125,264.344177246,-8.01011919975e-05,-0.00369099527597,9.70158398061e-10,-0.00361094181426,-0.00361094297841,-0.00369099900126,0.001220703125,2.75830173492,-0.00192890188191,-0.0348196364939,2.22694897652,-0.00163537368644,-0.0255533605814,1.60449417308e-07,1,0.30454647541,-0.00983456522226,-0.00722440611571,-0.042725302279,-0.0311423931271,-0.0328907370567,-0.0239179879427,-0.0446542054415,-0.0327777676284,-0.00343385455199,0.120530456305,0,0,0,1,0,0,0,0,0,0,0,0,1,0,0.209836184978,0.06609416008,264.42956543,-0.000199109315872,-0.00589134544134,-0.0012259882642,-0.00691820494831,-0.00569221749902,-0.00711719691753,0.273304104805,0,-0.00850605498999,-0.0574910342693,-0.0479332506657,0.00620640441775,0,1,0,0,-11.2262783051,0,0.0417326018214,0.0200542397797,263.987499975,-0.0111704263836,-0.00844765268266,267.792633057,264.080047607,8.37700843811,4.57587432861,0.985012471676,0.0762746855617
14640,219.222644161,1,0.270358324051,196.875,8.09508419037,0.200325384736,1,159.219070435,1,26.4601955414,8.66445159912,208.261511953,0.0130699779838,0.00584155134857,-0.000310287403408,1.32231128216,-0.0736738443375,-0.0557159632444,-0.0625609830022,-0.0473118424416,2.17429208755,-0.000549423391931,-0.01764350757,1.80866992474,-0.000432790489867,-0.0122051937506,1.22236087918e-09,1,0.710800945759,0,1.37336683273,0,-0.000621045881417,-0.000636855373159,-0.0177151300013,-0.0124092586339,-0.017094084993,-0.0117724034935,1.6067211628,-0.018264554441,-0.0128420488909,-0.00185513286851,0.35358196497,0,0,0,0,1,0,0,0,0,0,0,0,0,1,0,0.577887654305,0,0.246145769954,0,264.339508057,-7.5101852417e-05,-0.00364251434803,7.40741912253e-10,-0.00356751144864,-0.00356751214713,-0.00364249944687,0,2.75221681595,-0.00162820378318,-0.0348055586219,2.22334194183,-0.00138293136843,-0.024430334568,1.5931436792e-07,1,0.305902838707,-0.00969110243022,-0.0070431442,-0.0428684614599,-0.0300905499607,-0.033177357167,-0.0230474043638,-0.0444966629148,-0.031473480165,-0.00442504230887,0.121591262519,0,0,0,1,0,0,0,0,0,0,0,0,1,0,0.208915472031,0.0661447048187,264.425537109,-0.000171631574631,-0.00586284697056,-0.00121674337424,-0.00690791383386,-0.00569117069244,-0.0070795416832,0.272828429937,0,-0.0084838476032,-0.0572203882039,-0.0478870943189,0.00622278172523,0,1,0,0,-11.0758104324,0,0.0461384318769,0.0203424319625,263.983333309,-0.0110207069665,-0.00833442714065,267.79208374,264.067016602,8.40106582642,4.38510608673,1.02187359333,0.0638166218996
14700,212.958190551,1,0.269009768963,196.875,8.10828495026,0.201639011502,1,157.877319336,1,26.8101654053,8.65560054779,202.310281023,0.0137422410771,0.0058892481029,-0.000308265123749,1.32231128216,-0.0732268542051,-0.0553779229522,-0.0615998543799,-0.0465849861503,2.16761422157,-0.000497268920299,-0.017462041229,1.80284976959,-0.000385259860195,-0.0117457546294,-1.16415321827e-10,1,0.714177072048,0,1.37450909615,0,-0.000588942784816,-0.000604474218562,-0.0175537131727,-0.011964969337,-0.0169647708535,-0.0113604953513,1.60857725143,-0.0180509798229,-0.0123502286151,-0.00211748993024,0.354433119297,0,0,0,0,1,0,0,0,0,0,0,0,0,1,0,0.582727909088,0,0.247537747025,0,264.335021973,-7.56308436394e-05,-0.00358263403177,1.73506611856e-10,-0.0035070287995,-0.00350702926517,-0.00358261168003,0,2.74442386627,-0.00146742130164,-0.0347013175488,2.21880841255,-0.00120708439499,-0.0242086164653,1.57786416821e-07,1,0.30170571804,-0.00969088450074,-0.00704888813198,-0.0429247841239,-0.030050419271,-0.0332338958979,-0.0230015330017,-0.0443922057748,-0.0312575027347,-0.00454720808193,0.120150238276,0,0,0,1,0,0,0,0,0,0,0,0,1,0,0.199668332934,0.0632178783417,264.421508789,-0.000153046101332,-0.00584733486176,-0.0012665532995,-0.00696073751897,-0.0056941844523,-0.00711382180452,0.272200793028,0,-0.00845144037157,-0.0569228902459,-0.0477225668728,0.00624181702733,0,1,0,0,-11.0036239624,0,0.04857910797,0.0205104779452,263.979166642,-0.0109488796443,-0.00828010775149,267.791564941,264.068969727,8.49167251587,4.58264493942,1.03874444962,0.0773158892989
14760,225.66111828,1,0.268990069628,196.875,8.11882400513,0.201587736607,1,157.687667847,1,27.1138439178,8.69546413422,214.378062366,0.014748679474,0.00579068623483,-0.000308568123728,1.32231128216,-0.0733445063233,-0.0554668977857,-0.0614379048347,-0.0464625135064,2.16663694382,-0.000537561136298,-0.0175378136337,1.80098843575,-0.000463735370431,-0.0121353361756,-6.40284270048e-10,1,0.707660198212,0,1.37576079369,0,-0.000579455285333,-0.000616053817794,-0.0175797063857,-0.0122876558453,-0.0170002505183,-0.0116716008633,1.61061120033,-0.0181172676384,-0.0127513902262,-0.00189465167932,0.350623071194,0,0,0,0,1,0,0,0,0,0,0,0,0,1,0,0.579315423965,0,0.245633393526,0,264.331054688,-8.59200954437e-05,-0.00359291769564,1.27609423028e-10,-0.00350707024336,-0.00350707047619,-0.00359291210771,0,2.74698615074,-0.00154014886357,-0.0356494113803,2.21853542328,-0.00137142976746,-0.0251245610416,1.58237526193e-07,1,0.28051251173,-0.00986225903034,-0.00725540984422,-0.0439715236425,-0.0310085378587,-0.0341092608869,-0.0237531289458,-0.0455116704106,-0.0323799699545,-0.00449965381995,0.112149357796,0,0,0,1,0,0,0,0,0,0,0,0,1,0,0.187384784222,0.0596308596432,264.417999268,-0.000157602131367,-0.00593575462699,-0.00129708391614,-0.00707515608519,-0.00577807193622,-0.0072328299284,0.271537661552,0,-0.00841859541833,-0.0566412433982,-0.0474927015603,0.00626267958432,0,1,0,0,-11.0144405365,0,0.0522463843226,0.0201654024422,263.974999975,-0.0109596420079,-0.00828824657947,267.791137695,264.066192627,8.48498344421,4.49590873718,1.15226697922,0.0905747041106
14820,224.359173464,1,0.272954165936,190.625,8.13071727753,0.232765346766,1,159.904312134,1,28.0530872345,8.58886051178,213.14121479,0.0160352420062,0.00558018498123,-0.000317942758556,1.32231128216,-0.0755509436131,-0.0571355223656,-0.0632276982069,-0.0478160455823,2.17552542686,-0.000695398834068,-0.018992099911,1.80583310127,-0.000605161709245,-0.0130881424993,-1.61526259035e-09,1,0.685683310032,0,1.37630009651,0,-0.000614908291027,-0.000665954081342,-0.0189116094261,-0.0131489355117,-0.018296699971,-0.0124829821289,1.61148750782,-0.0196070075035,-0.0137540977448,-0.00208849995397,0.339439243078,0,0,0,0,1,0,0,0,0,0,0,0,0,1,0,0.554552018642,0,0.235010117292,0,264.328277588,-0.000107795000076,-0.00381819903851,3.11089543015e-10,-0.00371053349227,-0.00371053395793,-0.00381819531322,0,2.75330448151,-0.0017171651125,-0.0387806817889,2.22046303749,-0.00156548153609,-0.0262962393463,1.57509930432e-07,1,0.248999789357,-0.0100526381284,-0.00741288159043,-0.0471161529422,-0.032143637538,-0.0370635166764,-0.0247307568789,-0.0488333180547,-0.0337091200054,-0.00564808538184,0.0998083353043,0,0,0,1,0,0,0,0,0,0,0,0,1,0,0.165783450007,0.052737146616,264.414794922,-0.00017399340868,-0.00628425180912,-0.00131856976077,-0.00742879975587,-0.0061102299951,-0.00760281831026,0.271368265152,0,-0.00841407477856,-0.0565600693226,-0.0474228225648,0.00627166591585,0,1,0,0,-11.3490715027,0,0.0569581016898,0.0194256715477,263.970833308,-0.0112926084548,-0.00854005292058,267.790710449,264.057312012,8.46931266785,4.38508796692,1.22953748703,0.0909048765898
14880,166.707590185,1,0.279734194279,190.625,8.1541595459,0.230853542686,1,164.041259766,1,28.921787262,8.64550685883,158.372210676,0.016613541171,0.00545247271657,-0.000333598116413,1.32231128216,-0.0797122716904,-0.0602825321257,-0.0659735053778,-0.0498925670981,2.19986534119,-0.000919807818718,-0.0204508341849,1.81488895416,-0.000738297356293,-0.0139425806701,-5.82076609135e-10,1,0.668753564358,0,1.37527608871,0,-0.000650682544801,-0.000689546810463,-0.0201817080379,-0.0138938315213,-0.0195310264826,-0.0132042840123,1.60982370377,-0.0211015157402,-0.0146321272478,-0.00231334962882,0.332265436649,0,0,0,0,1,0,0,0,0,0,0,0,0,1,0,0.539806485176,0.000244140625,0.229733869433,0.000244140625,264.327026367,-0.000122517347336,-0.00398891419172,2.41046349547e-10,-0.0038666583132,-0.00386665877886,-0.00398890674114,0.000244140625,2.77371072769,-0.00207809358835,-0.0419267527759,2.22300672531,-0.00174647965468,-0.0272716935724,1.56927853823e-07,1,0.225006341934,-0.0101758921519,-0.00725895212963,-0.0500245541334,-0.0327841639519,-0.0398486554623,-0.0255252122879,-0.0521026477218,-0.034530647099,-0.0070022912696,0.0907836407423,0,0,0,1,0,0,0,0,0,0,0,0,1,0,0.161807209253,0.0515196807683,264.412963867,-0.000195622444153,-0.00654247403145,-0.00130684161559,-0.00765370065346,-0.00634685903788,-0.00784933567047,0.272297799587,0,-0.00847603566945,-0.0569586418569,-0.0477027893066,0.00625460175797,0,1,0,0,-11.9078941345,0,0.0590847767889,0.0189773701131,263.966666642,-0.0118486508727,-0.0089605608955,267.790374756,264.045196533,8.49855041504,4.32686471939,1.14415311813,0.0861318856478
14940,200.782544298,1,0.285194635391,190.625,8.15532112122,0.23125576973,1,167.152084351,1,29.2141551971,8.66825771332,190.743417083,0.0135058062151,0.00543556362391,-0.00034693829366,1.32231128216,-0.0833841115236,-0.0630593672395,-0.0679294541478,-0.0513717569411,2.22935247421,-0.000952607486397,-0.0210925601423,1.82236909866,-0.000739523675293,-0.0145306885242,0,1,0.661594212055,0,1.37283945084,0,-0.000679301680066,-0.000715671514627,-0.0208192542195,-0.0145068373531,-0.0201399512589,-0.0137911662459,1.60586428642,-0.0217718631029,-0.0152463614941,-0.00221494585276,0.331655561924,0,0,0,0,1,0,0,0,0,0,0,0,0,1,0,0.53470993042,0.000244140625,0.229593768716,0.000244140625,264.325805664,-0.00012269616127,-0.00409474596381,5.29664645477e-10,-0.00397231988609,-0.00397232081741,-0.00409474223852,0.000244140625,2.80193448067,-0.00182141712867,-0.0430474169552,2.22485566139,-0.00153730041347,-0.0277474820614,1.57655449584e-07,1,0.21635517478,-0.0102267963812,-0.00711846584454,-0.0514527931809,-0.0333286449313,-0.0412259995937,-0.0262101814151,-0.0532742142677,-0.0348659455776,-0.00741167040542,0.0879913941026,0,0,0,1,0,0,0,0,0,0,0,0,1,0,0.159063652158,0.0509984642267,264.410827637,-0.000168085098267,-0.00659388303757,-0.0012711386662,-0.00769691355526,-0.0064257751219,-0.00786495953798,0.274239838123,0,-0.00860097166151,-0.057851806283,-0.048266351223,0.00621399190277,0,1,0,0,-12.3840751648,0,0.0477199070156,0.0189158804715,263.962499975,-0.0123224630952,-0.00931888259947,267.789794922,264.066864014,8.44764709473,4.45084285736,1.15950834751,0.0976559892297
15000,200.278657956,1,0.287566483021,196.875,8.16300392151,0.199867919087,1,168.98840332,1,29.1426696777,8.64741706848,190.264725058,0.0119613036513,0.00544320512563,-0.000351801689249,1.32231128216,-0.0851808637381,-0.0644181594253,-0.0685651153326,-0.0518524758518,2.25500535965,-0.000840674794745,-0.0212856642902,1.82888126373,-0.00066026148852,-0.0148836318403,-1.16415321827e-09,1,0.661238610744,0.00439453125,1.36974012852,0.00439453125,-0.000678864773363,-0.000716940849088,-0.0211238525808,-0.0149403102696,-0.0204449892044,-0.0142233707011,1.60082769394,-0.0219645276666,-0.0156005732715,-0.00201533455402,0.33476805687,0,0.00439453125,0,0,1,0,0,0,0,0,0,0,0,1,0,0.533586621284,0.00732421875,0.231371790171,0.00732421875,264.324005127,-0.000104982405901,-0.00416726246476,-3.3454350401e-11,-0.00406261859462,-0.00406261859462,-0.00416727736592,0.00732421875,2.82706403732,-0.00154509185813,-0.0433328747749,2.22970438004,-0.00130512390751,-0.0285067781806,1.5800469555e-07,1,0.225590184331,-0.00990536995232,-0.00691097136587,-0.051693148911,-0.034112624824,-0.0417877808213,-0.0272016525269,-0.0532382465899,-0.0354177504778,-0.00679395161569,0.0920360535383,0,0,0,1,0,0,0,0,0,0,0,0,1,0,0.154335081577,0.0497510917485,264.408874512,-0.000134319067001,-0.0067548379302,-0.00123013625853,-0.00785062368959,-0.00662048766389,-0.00798492878675,0.276528537273,0,-0.00874570198357,-0.0589514374733,-0.0488976128399,0.00616233516484,0,1,0,0,-12.5576753616,0,0.0421287529171,0.0189418680966,263.958333308,-0.0124951992184,-0.0094495145604,267.789215088,264.003936768,8.36995792389,4.52561378479,1.37812542915,0.103704355657
15060,182.35874576,1,0.288525372744,196.875,8.16192531586,0.199932605028,1,168.665786743,1,28.0133609772,8.62797164917,173.240808472,0.0172588303685,0.00556043535471,-0.000356012344128,1.32231128216,-0.0859237462282,-0.0649799704552,-0.0688065439463,-0.0520350560546,2.27525496483,-0.00076005642768,-0.0215459074825,1.83335888386,-0.000603357737418,-0.0154110537842,-8.14907252789e-10,1,0.658116340637,0,1.36697399616,0,-0.000677791773342,-0.000699551135767,-0.0214636437595,-0.015507247299,-0.0207858495414,-0.0148076955229,1.59633255005,-0.0222236998379,-0.0161106064916,-0.00168856466189,0.336317300797,0,0,0,0,1,0,0,0,0,0,0,0,0,1,0,0.522666811943,0,0.228950589895,0,264.322601318,-9.54158604145e-05,-0.00431521236897,-1.01120695151e-10,-0.00422014202923,-0.00422014202923,-0.00431520491838,0,2.84678435326,-0.0013760572765,-0.0439745672047,2.23306894302,-0.00117800966837,-0.0289341285825,1.57822796609e-07,1,0.225765377283,-0.00968262553215,-0.00676764035597,-0.0522811338305,-0.0345237590373,-0.0425985082984,-0.0277561191469,-0.0536571927369,-0.0357017666101,-0.0066100009717,0.0928674638271,0,0,0,1,0,0,0,0,0,0,0,0,1,0,0.145180881023,0.0472825542092,264.407043457,-0.000117404386401,-0.00701076351106,-0.00117937591858,-0.00807264260948,-0.00689326692373,-0.00819004699588,0.278652071953,0,-0.00888398755342,-0.0600102469325,-0.0494651868939,0.00611623097211,0,1,0,0,-12.7079763412,0,0.0614643096924,0.0193570554256,263.954166641,-0.0126447528601,-0.00956261437386,267.788452148,264.030303955,8.43115234375,4.65282487869,1.44154477119,0.102096959949
15120,185.295846773,1,0.288082093,190.625,8.17963027954,0.231839776039,1,167.63710022,1,27.4224414825,8.63964080811,176.031054435,0.0154020804912,0.0055875708349,-0.000356548523996,1.32231128216,-0.0858593657613,-0.064931280911,-0.0683454871178,-0.0516863837838,2.2903637886,-0.000702658086084,-0.0217251554132,1.83520388603,-0.000500615569763,-0.0152101712301,-8.44011083245e-10,1,0.660097837448,0,1.36516845226,0,-0.000694868154824,-0.000698859337717,-0.0217173658311,-0.0154084153473,-0.021022496745,-0.0147095546126,1.59339869022,-0.0224200226367,-0.0159090310335,-0.00183869386092,0.340067207813,0,0,0,0,1,0,0,0,0,0,0,0,0,1,0,0.524253547192,0.000244140625,0.23179346323,0.000244140625,264.320465088,-8.86991620064e-05,-0.00434702634811,3.07730285698e-10,-0.00425858981907,-0.00425858981907,-0.00434701889753,0.000244140625,2.86282539368,-0.00155007524882,-0.0438188686967,2.23726415634,-0.00124850461725,-0.0285578072071,1.5867408365e-07,1,0.229863017797,-0.00980932079256,-0.00693402951583,-0.0520781166852,-0.0342433340847,-0.0422687977552,-0.0273093041033,-0.0536281913519,-0.035491835326,-0.00649920944124,0.0954557359219,0,0,0,1,0,0,0,0,0,0,0,0,1,0,0.158009573817,0.0520763769746,264.405059814,-0.000141650438309,-0.00691670179367,-0.00117244618014,-0.0079474998638,-0.00677505414933,-0.00808909535408,0.280408322811,0,-0.00900974776596,-0.0609185919166,-0.0499183125794,0.00608614040539,0,1,0,0,-12.7271165848,0,0.0546359419823,0.0194491874427,263.949999975,-0.0126637974754,-0.00957701727748,267.787750244,264.06350708,8.42118835449,4.38130712509,0.989982247353,0.0838384032249
15180,206.770113419,1,0.28719446063,190.625,8.18153572083,0.232695311308,1,167.191329956,1,27.5594577789,8.75285053253,196.431607748,0.0123600969091,0.00554360076785,-0.000354204821633,1.32231128216,-0.0857264399529,-0.0648307576776,-0.0674253106117,-0.0509904995561,2.30234861374,-0.000597505073529,-0.0221149977297,1.83265304565,-0.000424315221608,-0.0151015501469,-1.25146470964e-09,1,0.658766627312,0,1.36408615112,0,-0.000716627342626,-0.000728467945009,-0.0222341213375,-0.0154057024047,-0.0215174928308,-0.0146772349253,1.59163999557,-0.0228316243738,-0.0158300176263,-0.00208875909448,0.340989589691,0,0,0,0,1,0,0,0,0,0,0,0,0,1,0,0.527223587036,0.001220703125,0.234239816666,0.001220703125,264.317321777,-8.43852758408e-05,-0.00436758995056,-3.55515061834e-11,-0.00428347103298,-0.00428347103298,-0.00436758249998,0.001220703125,2.87659096718,-0.0013315359829,-0.0441092178226,2.23868846893,-0.00110591435805,-0.0283576622605,1.57218892127e-07,1,0.230918258429,-0.0096606053412,-0.00704028457403,-0.0524382889271,-0.0342920348048,-0.0427776798606,-0.0272517502308,-0.053769826889,-0.0353979468346,-0.00650384277105,0.0960503071547,0,0,0,1,0,0,0,0,0,0,0,0,1,0,0.166858240962,0.0552939213812,264.402679443,-0.000117555260658,-0.00686055421829,-0.00116657861508,-0.00790933705866,-0.00674275867641,-0.00802697241306,0.28169965744,0,-0.00910726003349,-0.0616449601948,-0.0501858890057,0.00606810161844,0,1,0,0,-12.643456459,0,0.0435688495636,0.0192941725254,263.945833308,-0.012580554001,-0.00951406359673,267.78704834,264.043823242,8.53227043152,4.33286094666,0.932897865772,0.0794285088778
15240,211.257581967,1,0.286552429199,190.625,8.19054508209,0.234284639359,1,167.549530029,1,27.5670986176,8.77498435974,200.694702868,0.011942114681,0.00557735748589,-0.000351082417183,1.32231128216,-0.0856021270156,-0.0647367462516,-0.0667941570282,-0.0505131855607,2.30874300003,-0.000524185481481,-0.0223416872323,1.82975018024,-0.00039672292769,-0.014771098271,-3.49245965481e-10,1,0.661333739758,0,1.36314105988,0,-0.000721585820429,-0.000736719288398,-0.0225390866399,-0.015111095272,-0.0218175016344,-0.0143743753433,1.5901042223,-0.0230632722378,-0.0155078181997,-0.00242180470377,0.343329191208,0,0,0,0,1,0,0,0,0,0,0,0,0,1,0,0.533993899822,0,0.23792335391,0,264.313293457,-7.65472650528e-05,-0.00433719158173,1.14614845392e-10,-0.00426086504012,-0.00426086550578,-0.00433720648289,0,2.88150787354,-0.00107759516686,-0.0430077537894,2.24008989334,-0.000977366464213,-0.0275820754468,1.57160684466e-07,1,0.243858233094,-0.00957956910133,-0.00716534908861,-0.0515097305179,-0.0337700545788,-0.0419301614165,-0.0266047082841,-0.0525873228908,-0.0347474217415,-0.00609952490777,0.101176559925,0,0,0,1,0,0,0,0,0,0,0,0,1,0,0.180337309837,0.0594731420279,264.399353027,-9.72151756287e-05,-0.00666081905365,-0.00118981662672,-0.00775318033993,-0.00656336452812,-0.00785049796104,0.282655835152,0,-0.0091745601967,-0.0622296370566,-0.0503031238914,0.00605235109106,0,1,0,0,-12.5320014954,0,0.042059533298,0.0194135531783,263.941666641,-0.0124696530402,-0.00943019520491,267.786682129,263.993743896,8.5666475296,4.3427696228,1.16733980179,0.0748855769634
15300,222.494997353,1,0.282812058926,190.625,8.19708919525,0.23392765224,1,165.529891968,1,26.9799804688,8.78136730194,211.370247485,0.0172055121511,0.00578825967386,-0.000341631093761,1.32231128216,-0.0833879858255,-0.0630622953176,-0.0650541260839,-0.0491972863674,2.30424165726,-0.000301446358208,-0.0210811458528,1.8226224184,-0.000252235098742,-0.0141789941117,-2.32830643654e-10,1,0.677010238171,0,1.36247968674,0,-0.000686726300046,-0.000701806275174,-0.0214664265513,-0.0146285640076,-0.0207797009498,-0.0139267584309,1.58902955055,-0.0217678714544,-0.0148807996884,-0.0020329579711,0.351930379868,0,0,0,0,1,0,0,0,0,0,0,0,0,1,0,0.549950957298,0,0.245050281286,0,264.308441162,-5.68404793739e-05,-0.00419641286135,3.28352844914e-10,-0.00413969997317,-0.00413970043883,-0.00419640541077,0,2.87910604477,-0.000693875947036,-0.0405603423715,2.23868989944,-0.000692399102263,-0.0265590380877,1.56927853823e-07,1,0.26701182127,-0.00956464838237,-0.00727176573128,-0.0494311153889,-0.0331384018064,-0.0398664698005,-0.025866638869,-0.0501249954104,-0.0338308028877,-0.00508300215006,0.110394313931,0,0,0,1,0,0,0,0,0,0,0,0,1,0,0.18600153923,0.0608401708305,264.395263672,-6.32703304291e-05,-0.0064781755209,-0.00123246666044,-0.00764724146575,-0.00641477480531,-0.00771054625511,0.283105552197,0,-0.00920039229095,-0.0625692382455,-0.0502419285476,0.00604132842273,0,1,0,0,-12.1946334839,0,0.0612674467266,0.0201582871377,263.937499974,-0.0121339634061,-0.00917632877827,267.786254883,263.976196289,8.49183273315,4.36205482483,1.37784790993,0.0766340866685
15360,174.556936556,1,0.278099060059,190.625,8.19576263428,0.234372407198,1,162.0415802,1,26.2722072601,8.85872840881,165.829089728,0.0177652165294,0.00583496596664,-0.000331827293849,1.32231128216,-0.0804010778666,-0.0608034431934,-0.0631986707449,-0.0477940961719,2.29368710518,-0.000256625586189,-0.0206473059952,1.81434857845,-0.000207479955861,-0.0136459153146,-3.05590219796e-10,1,0.682884931564,0,1.36308717728,0,-0.000688793254085,-0.000715451082215,-0.0210794731975,-0.0141538856551,-0.0203906800598,-0.0134384352714,1.59001660347,-0.0213360972703,-0.0143613656983,-0.00211595324799,0.354249954224,0,0,0,0,1,0,0,0,0,0,0,0,0,1,0,0.549964427948,0,0.24449005723,0,264.303344727,-4.63649630547e-05,-0.00416846200824,3.95172783385e-10,-0.00412217341363,-0.00412217341363,-0.00416845083237,0,2.87694692612,-0.000447100494057,-0.0400082208216,2.23711752892,-0.000463096075691,-0.0259064529091,1.5672412701e-07,1,0.26131901145,-0.0101446146145,-0.00792938098311,-0.0497057363391,-0.0333727374673,-0.0395611189306,-0.0254433564842,-0.0501528382301,-0.0338358320296,-0.00497206952423,0.107777163386,0,0,0,1,0,0,0,0,0,0,0,0,1,0,0.179624766111,0.0585116483271,264.391021729,-2.9131770134e-05,-0.00641214102507,-0.00131495820824,-0.00769781367853,-0.00638285558671,-0.00772700086236,0.282601982355,0,-0.00916772522032,-0.0624293908477,-0.0499166622758,0.00605145283043,0,1,0,0,-11.8446836472,0,0.0633365064859,0.020325915888,263.933333308,-0.011785754934,-0.00891299545765,267.785797119,263.971435547,8.53041648865,4.48862695694,0.992969512939,0.0837792009115
15420,194.986231934,1,0.276935368776,190.625,8.20581817627,0.235702514648,1,160.806030273,1,26.5381965637,8.84549617767,185.236920338,0.0179153047502,0.00576565600932,-0.000330196868163,1.32231128216,-0.079573392868,-0.0601775050163,-0.0628691166639,-0.0475448705256,2.2886903286,-0.000278691528365,-0.0203011352569,1.81014823914,-0.000238310472923,-0.0134704513475,-4.0017766878e-10,1,0.685188651085,0,1.36453795433,0,-0.000693084206432,-0.000710701337084,-0.0207155272365,-0.0139428433031,-0.020022444427,-0.0132321417332,1.59237408638,-0.020994219929,-0.0141811529174,-0.0020318441093,0.354118287563,0,0,0,0,1,0,0,0,0,0,0,0,0,1,0,0.551708102226,0,0.244387850165,0,264.29888916,-4.299916327e-05,-0.00411690957844,2.33985303355e-10,-0.00407395185903,-0.00407395232469,-0.00411689002067,0,2.87835597992,-0.000390787608922,-0.0403400138021,2.23507142067,-0.000417964300141,-0.0258805379272,1.56207534019e-07,1,0.253166496754,-0.0104499198496,-0.00822489988059,-0.0503991469741,-0.0336874723434,-0.0399492233992,-0.0254625715315,-0.0507899336517,-0.0341054387391,-0.00510696414858,0.104013599455,0,0,0,1,0,0,0,0,0,0,0,0,1,0,0.175908192992,0.0571672990918,264.387023926,-1.85109674931e-05,-0.00648263469338,-0.00135275989305,-0.00781672075391,-0.0064639612101,-0.00783533975482,0.281682372093,0,-0.00911603588611,-0.0620698221028,-0.0495101884007,0.00607563275844,0,1,0,0,-11.786485672,0,0.0638922452927,0.0200786925852,263.929166641,-0.0117278462276,-0.00886920187622,267.785339355,263.979400635,8.46372032166,4.34661006927,0.9332203269,0.0790098085999
15480,206.747420303,1,0.278071850538,190.625,8.22561073303,0.23876079917,1,161.747970581,1,26.3832969666,8.84202003479,196.410049288,0.0127292657271,0.00559568079188,-0.000332332070684,1.32231128216,-0.0800093710423,-0.0605072118342,-0.0636617168784,-0.0481442734599,2.28684473038,-0.000350428221282,-0.0206036455929,1.81082820892,-0.000322419044096,-0.0137827582657,-8.73114913702e-10,1,0.678051114082,0,1.36591005325,0,-0.000698003917933,-0.000724603887647,-0.0209512226284,-0.0141849443316,-0.0202532187104,-0.0134603399783,1.59460377693,-0.0213016495109,-0.0145073635504,-0.00197935290635,0.349473744631,0,0,0,0,1,0,0,0,0,0,0,0,0,1,0,0.550396680832,0.00048828125,0.243228152394,0.00048828125,264.295043945,-5.35473227501e-05,-0.00410644710064,3.13851833411e-10,-0.00405305670574,-0.0040530571714,-0.00410645455122,0.00048828125,2.87907719612,-0.000554875587113,-0.0404027476907,2.23291254044,-0.000540353124961,-0.0265571922064,1.56054738909e-07,1,0.24512013793,-0.0107314223424,-0.00833358988166,-0.0505792945623,-0.0343504287302,-0.0398478731513,-0.0260168388486,-0.0511341765523,-0.0348907783628,-0.00467540835962,0.10071503371,0,0,0,1,0,0,0,0,0,0,0,0,1,0,0.175250023603,0.0570554211736,264.383422852,-3.56733798981e-05,-0.0065024793148,-0.00136079615913,-0.00782742165029,-0.00646662525833,-0.00786319375038,0.280896604061,0,-0.00907443836331,-0.0617457963526,-0.0492066442966,0.00609850045294,0,1,0,0,-11.862701416,0,0.0449041612446,0.0194778814912,263.924999974,-0.0118036828935,-0.00892655365169,267.784515381,264.021606445,8.66018486023,4.42767429352,1.09445619583,0.080043964088
15540,225.863783486,1,0.28148701787,190.625,8.23281288147,0.239019647241,1,164.438110352,1,27.7644805908,8.75697231293,214.570594312,0.017563868314,0.00546826701611,-0.000339088146575,1.32231128216,-0.0819281339645,-0.0619582794607,-0.0653086230159,-0.0493897497654,2.29159593582,-0.00039927958278,-0.0215920954943,1.81387782097,-0.000346409186022,-0.0144343860447,6.40284270048e-10,1,0.663239717484,0,1.36633229256,0,-0.000713921501301,-0.000737696071155,-0.0219067372382,-0.0148256747052,-0.0211928151548,-0.0140879778191,1.59529018402,-0.0223060138524,-0.0151720819995,-0.00207769079134,0.341418921947,0,0,0,0,1,0,0,0,0,0,0,0,0,1,0,0.541418790817,0,0.238848701119,0,264.291381836,-5.82560896873e-05,-0.0041920542717,3.15460213507e-10,-0.00413392484188,-0.00413392530754,-0.00419203937054,0,2.87924361229,-0.000687736552209,-0.0420029461384,2.22891020775,-0.000664515653625,-0.0273572541773,1.55530869961e-07,1,0.227178215981,-0.0106906220317,-0.00804911646992,-0.0520058311522,-0.0347418524325,-0.0413152128458,-0.0266927350312,-0.0526935681701,-0.0354063659906,-0.00526933465153,0.0931989848614,0,0,0,1,0,0,0,0,0,0,0,0,1,0,0.167340248823,0.0542407035828,264.379486084,-5.46127557755e-05,-0.00659155845642,-0.00132999953348,-0.00786686874926,-0.00653686933219,-0.00792147219181,0.280674517155,0,-0.00906232558191,-0.0616470351815,-0.0491320900619,0.00610553938895,0,1,0,0.00048828125,-12.1038618088,0,0.0625915750861,0.0190323069692,263.920833307,-0.0120436437428,-0.00910802464932,267.783966064,263.902832031,8.5367641449,4.68058776855,0.98977804184,0.0735750198364
15600,222.924037593,1,0.284476429224,196.875,8.23280620575,0.208017870784,1,165.755218506,1,29.1333465576,8.76272010803,211.777835714,0.0144386347383,0.00557045917958,-0.000347225519363,1.32231128216,-0.0837712436914,-0.063352137804,-0.0665854439139,-0.050355348736,2.29940843582,-0.000348053290509,-0.0220171399415,1.81890773773,-0.000286405789666,-0.0146128414199,1.26601662487e-09,1,0.657853484154,0,1.36569237709,0,-0.000702474731952,-0.000715520814992,-0.0223715640604,-0.015041956678,-0.0216690897942,-0.0143264355138,1.59425020218,-0.0227196142077,-0.0153283616528,-0.002195461886,0.339465796947,0,0,0,0,1,0,0,0,0,0,0,0,0,1,0,0.526336371899,0,0.232855737209,0,264.288513184,-4.50909137726e-05,-0.00432720035315,1.2061836252e-10,-0.00428225798532,-0.00428225845098,-0.00432720035315,0,2.8817076683,-0.000794240506366,-0.0428121015429,2.22990393639,-0.0006601549685,-0.0283136479557,1.55123416334e-07,1,0.218627601862,-0.0106088165194,-0.00786508712918,-0.0526266768575,-0.035518579185,-0.0420178622007,-0.0276534892619,-0.0534209161997,-0.0361787304282,-0.00504666287452,0.0902183204889,0,0,0,1,0,0,0,0,0,0,0,0,1,0,0.143476873636,0.046916179359,264.376220703,-4.85628843307e-05,-0.00685968995094,-0.00134624168277,-0.0081573985517,-0.00681115686893,-0.00820585340261,0.281145483255,0,-0.00909171905369,-0.0618544109166,-0.0492945089936,0.00609487388283,0,1,0,0,-12.3943281174,0,0.0511149168015,0.0193918012083,263.91666664,-0.0123326648027,-0.00932659767568,267.783477783,264.019012451,8.61250114441,4.56251621246,1.009734869,0.0817642882466
15660,215.81259103,1,0.286611258984,196.875,8.22960472107,0.208808019757,1,166.439346313,1,28.8396682739,8.82260513306,205.021961479,0.015908876434,0.00551130250096,-0.000353641924448,1.32231128216,-0.0849345475435,-0.0642318874598,-0.0677125751972,-0.0512077435851,2.30772590637,-0.000475617736811,-0.0225190855563,1.82795453072,-0.000401425728342,-0.0152660571039,2.43016984314e-09,1,0.650580883026,0,1.36493492126,0,-0.00072954694042,-0.000759145535994,-0.0227730162442,-0.0156237781048,-0.0220434684306,-0.0148646319285,1.59301924706,-0.0232486315072,-0.0160252042115,-0.00200041383505,0.337108075619,0,0,0,0,1,0,0,0,0,0,0,0,0,1,0,0.523080468178,0,0.232437908649,0,264.286102295,-5.95971941948e-05,-0.00439390912652,-4.58831250771e-10,-0.00433446187526,-0.0043344614096,-0.00439392775297,0,2.88792276382,-0.000946280662902,-0.0433828309178,2.23872113228,-0.000813149963506,-0.0295588988811,1.54657755047e-07,1,0.219169095159,-0.0105668809265,-0.00802421011031,-0.0530034303665,-0.0367699563503,-0.0424365513027,-0.0287457481027,-0.053949713707,-0.0375831089914,-0.00431989319623,0.0910917818546,0,0,0,1,0,0,0,0,0,0,0,0,1,0,0.151967406273,0.0499798096716,264.373504639,-6.21266663074e-05,-0.00688686966896,-0.00136681925505,-0.00819160230458,-0.00682478304952,-0.00825361907482,0.28194257617,0,-0.00915028527379,-0.0622118711472,-0.0495680980384,0.00608224794269,0,1,0,0,-12.6233644485,0,0.0564941242337,0.0191857926548,263.912499974,-0.0125605612993,-0.00949894450605,267.783081055,264.014923096,8.61105537415,4.3511929512,1.16494762897,0.0881449878216
15720,233.624465289,1,0.289329081774,190.625,8.24681663513,0.239850714803,1,167.97795105,1,29.1719379425,8.77179145813,221.943242025,0.0140177281573,0.00544332293794,-0.000360465695849,1.32231128216,-0.0864158794284,-0.0653521493077,-0.0691744834185,-0.0523133128881,2.31705951691,-0.000468431855552,-0.0231055207551,1.83912229538,-0.000405247148592,-0.0156617686152,1.19325704873e-09,1,0.643055200577,0.00048828125,1.36373710632,0.00048828125,-0.000751634244807,-0.000789873709437,-0.0233887210488,-0.0160463936627,-0.0226370859891,-0.0152565203607,1.59107279778,-0.0238571520895,-0.0164516400546,-0.0020739804022,0.335142403841,0,0.00048828125,0,0,1,0,0,0,0,0,0,0,0,1,0,0.515531420708,0.001708984375,0.23053213954,0.001708984375,264.283569336,-6.71856105328e-05,-0.0044985730201,-6.62169263865e-10,-0.00443154899403,-0.00443154806271,-0.00449858605862,0.001708984375,2.88964748383,-0.000965098035522,-0.0441542565823,2.24920868874,-0.000840898836032,-0.0301646962762,1.54090230353e-07,1,0.221814528108,-0.0101892082021,-0.00799524411559,-0.0533783696592,-0.0373190417886,-0.0431891605258,-0.029323797673,-0.0543434694409,-0.0381599441171,-0.00414902344346,0.0927966311574,0,0,0,1,0,0,0,0,0,0,0,0,1,0,0.159456312656,0.0527753606439,264.370300293,-8.67545604706e-05,-0.00693983957171,-0.00132160203066,-0.00817464850843,-0.00685304543003,-0.00826130434871,0.283072441816,0,-0.00923163164407,-0.0626990199089,-0.0499878823757,0.00606228411198,0,1,0,0,-12.866941452,0,0.0495813377202,0.0189422518015,263.908333307,-0.0128029268235,-0.00968223344535,267.782806396,264.004699707,8.57785511017,4.41129589081,1.06967568398,0.0802760124207
15780,188.129325726,1,0.289002895355,196.875,8.25740718842,0.208168283105,1,168.307922363,1,27.9801712036,8.77073287964,178.72285944,0.0169417690486,0.00553807709366,-0.000358543620678,1.32231128216,-0.0860227718949,-0.0650548562407,-0.0692656859756,-0.0523822829127,2.32056617737,-0.000452757783933,-0.0223569832742,1.84696698189,-0.00042810436571,-0.0152662061155,1.33877620101e-09,1,0.657656013966,0,1.36240172386,0,-0.000734388479032,-0.000759672780987,-0.0226386114955,-0.0155977755785,-0.0219042226672,-0.014838103205,1.58890283108,-0.0230913683772,-0.016025878489,-0.00196822849102,0.344210624695,0,0,0,0,1,0,0,0,0,0,0,0,0,1,0,0.535125434399,0.00048828125,0.240339547396,0.00048828125,264.280151367,-7.01770186424e-05,-0.00436535477638,-1.0151798846e-10,-0.00429533235729,-0.00429533282295,-0.00436536967754,0.00048828125,2.89116859436,-0.000995736103505,-0.0432203114033,2.25835180283,-0.000917694647796,-0.0294023174793,1.5355180949e-07,1,0.236111208797,-0.00992548651993,-0.00776898721233,-0.0521500632167,-0.0362536087632,-0.0422245785594,-0.0284846238792,-0.0531457960606,-0.0371713042259,-0.00423206482083,0.0989829301834,0,0,0,1,0,0,0,0,0,0,0,0,1,0,0.169131547213,0.056123174727,264.367218018,-0.000107243657112,-0.00683192908764,-0.00131124816835,-0.0080358684063,-0.00672462070361,-0.00814309716225,0.284249424934,0,-0.00931364484131,-0.0631924048066,-0.0504532456398,0.00604002876207,0,1,0,0,-12.7983322144,0,0.0602942593396,0.0192751865834,263.90416664,-0.0127346590161,-0.00963060557842,267.782318115,263.990325928,8.60350799561,4.43389797211,1.18740773201,0.088419675827
15840,183.860055931,1,0.286161929369,196.875,8.27142715454,0.207313805819,1,166.465484619,1,27.9233398438,8.9230298996,174.667053134,0.0167335942388,0.00561391469091,-0.000351926049916,1.32231128216,-0.0840262323618,-0.063544973731,-0.0682982131839,-0.0516506321728,2.31774425507,-0.000533394049853,-0.0215048436075,1.85068881512,-0.000429657317,-0.0151509903371,1.92085281014e-09,1,0.670118689537,0,1.3617079258,0,-0.000718409079127,-0.000737174996175,-0.0216898582876,-0.0154585083947,-0.020971449092,-0.0147213339806,1.58777523041,-0.0222232528031,-0.0158881656826,-0.00150488317013,0.351354420185,0,0,0,0,1,0,0,0,0,0,0,0,0,1,0,0.542064964771,0.000732421875,0.243728816509,0.000732421875,264.27633667,-8.13212245703e-05,-0.00434072501957,-4.74627559477e-10,-0.00425950670615,-0.00425950624049,-0.00434072315693,0.000732421875,2.89272356033,-0.00103569240309,-0.0426060333848,2.26320171356,-0.000851496879477,-0.02958323434,1.53100700118e-07,1,0.240675002337,-0.0100335357711,-0.00773486122489,-0.0516038760543,-0.0364665985107,-0.0415703430772,-0.0287317391485,-0.0526395738125,-0.0373180992901,-0.00376943405718,0.100683480501,0,0,0,1,0,0,0,0,0,0,0,0,1,0,0.159991413355,0.0529481470585,264.364318848,-0.000104144215584,-0.00684983283281,-0.00133203924634,-0.0080775776878,-0.00674553820863,-0.00818172842264,0.284832447767,0,-0.00935308635235,-0.0633946061134,-0.0507409498096,0.006028464064,0,1,0,0,-12.5621156693,0,0.0595269538462,0.0195413790643,263.899999973,-0.0124996174127,-0.00945285521448,267.781890869,263.920928955,8.69268989563,4.49075222015,1.40891766548,0.0858170613647
15900,228.847194105,1,0.284032970667,196.875,8.28231906891,0.204688102007,1,164.662918091,1,28.9388904572,8.76182937622,217.4048344,0.0128596303985,0.00564078334719,-0.000347896828316,1.32231128216,-0.0825682282448,-0.0624423548579,-0.0675462260842,-0.0510819405317,2.3139090538,-0.000505817355588,-0.0211217589676,1.85328233242,-0.000393616355723,-0.0146598881111,2.08092387766e-09,1,0.677458465099,0,1.36186552048,0,-0.000702302437276,-0.000714597932529,-0.0213182419538,-0.014980870299,-0.0206159409136,-0.0142662711442,1.58803153038,-0.0218240600079,-0.0153744854033,-0.00169238238595,0.355171114206,0,0,0,0,1,0,0,0,0,0,0,0,0,1,0,0.547058999538,0.00244140625,0.245956748724,0.00244140625,264.272644043,-6.64629042149e-05,-0.00428172945976,-1.46664541623e-10,-0.00421534758061,-0.00421534804627,-0.00428173318505,0.00244140625,2.8975777626,-0.000979391625151,-0.0427008643746,2.26891112328,-0.000751102226786,-0.0290152914822,1.53697328642e-07,1,0.247387900949,-0.00991815328598,-0.00783447548747,-0.05163962394,-0.0360986664891,-0.0417214743793,-0.028264189139,-0.0526190176606,-0.0368497669697,-0.00419713230804,0.103414669633,0,0,0,1,0,0,0,0,0,0,0,0,1,0,0.158918678761,0.0525870993733,264.361755371,-7.75083899498e-05,-0.00686853006482,-0.00134250172414,-0.00813351757824,-0.00679101608694,-0.00821089744568,0.28486302495,0,-0.00936065614223,-0.063317745924,-0.0508656017482,0.00603109318763,0,1,0,0,-12.4182910919,0,0.0453762114048,0.019634520635,263.895833307,-0.0123565085232,-0.00934462901205,267.78137207,263.996948242,8.5295753479,4.46312713623,1.42580783367,0.0917650610209
15960,207.083513163,1,0.284095019102,196.875,8.28770828247,0.204903289676,1,164.15725708,1,30.1845607758,8.837682724,196.729337505,0.0191152319312,0.00563315162435,-0.000349197245669,1.32231128216,-0.0828283429146,-0.0626390650868,-0.0673009678721,-0.0508964620531,2.31496715546,-0.000688777538016,-0.0216827392578,1.85578238964,-0.000586187350564,-0.0146443732083,2.1536834538e-09,1,0.674904823303,0,1.36244082451,0,-0.000702532124706,-0.00072541233385,-0.0216964930296,-0.0147835984826,-0.0209939610213,-0.014058187604,1.58896625042,-0.0223852712661,-0.0153697868809,-0.00211511505768,0.353433489799,0,0,0,0,1,0,0,0,0,0,0,0,0,1,0,0.539828300476,0.001953125,0.242454797029,0.001953125,264.269348145,-8.68998467922e-05,-0.00436559785157,-1.36162747744e-10,-0.00427882233635,-0.00427882187068,-0.00436560530216,0.001953125,2.90417385101,-0.00137264817022,-0.0438322648406,2.27580618858,-0.00118163926527,-0.029494645074,1.53813743964e-07,1,0.240157485008,-0.0100828334689,-0.00807857699692,-0.0525424480438,-0.0363915860653,-0.0424596145749,-0.0283130072057,-0.0539150983095,-0.0375732257962,-0.00461841933429,0.10029617697,0,0,0,1,0,0,0,0,0,0,0,0,1,0,0.15590454638,0.0515948832035,264.358978271,-0.000121593475342,-0.00702678412199,-0.00132848601788,-0.00823366362602,-0.00690517760813,-0.008355230093,0.284676849842,0,-0.00935693830252,-0.0631554722786,-0.0508792325854,0.00604068022221,0,1,0,0,-12.4647092819,0,0.0683488845825,0.0196152441204,263.89166664,-0.0124026956037,-0.00937955826521,267.780944824,263.980377197,8.58189201355,4.3761920929,1.17083203793,0.100310720503
16020,202.511450304,1,0.286739617586,190.625,8.29635715485,0.240264520049,1,165.530334473,1,30.0048007965,8.91966724396,192.385877789,0.0113431438804,0.0054884320125,-0.000356061878847,1.32231128216,-0.0846186280251,-0.0639929696918,-0.0682620331645,-0.0516232699156,2.32357740402,-0.00105764367618,-0.0216968469322,1.8609931469,-0.000907123845536,-0.0145406499505,1.7462298274e-09,1,0.683610618114,0,1.36269438267,0,-0.000697446987033,-0.000712611712515,-0.0213366486132,-0.0143461367115,-0.0206392016262,-0.013633524999,1.58937835693,-0.0223942920566,-0.0152532607317,-0.0022338849958,0.357584625483,0,0,0,0,1,0,0,0,0,0,0,0,0,1,0,0.545274496078,0.000732421875,0.244523689151,0.000732421875,264.266571045,-0.000131528824568,-0.00438345968723,3.29187677117e-10,-0.00425201561302,-0.00425201561302,-0.00438345223665,0.000732421875,2.91603350639,-0.00224103638902,-0.0446074008942,2.28218173981,-0.0018571295077,-0.0295661203563,1.54759618454e-07,1,0.234733045101,-0.0103817591444,-0.0080856140703,-0.0527481287718,-0.0357946045697,-0.0423663631082,-0.027708992362,-0.0549891591072,-0.037651732564,-0.00524016655982,0.0976783037186,0,0,0,1,0,0,0,0,0,0,0,0,1,0,0.153809070587,0.0507581979036,264.356445312,-0.000214722007513,-0.00707873702049,-0.00133067602292,-0.00819478556514,-0.0068641086109,-0.00840941444039,0.28483235836,0,-0.00937850400805,-0.0631950050592,-0.0509602651,0.00604490470141,0,1,0,0,-12.7097444534,0,0.0399013161659,0.0191002711654,263.887499973,-0.0126465121284,-0.00956394523382,267.780670166,263.96975708,8.61430931091,4.51808977127,1.06042027473,0.086293771863
16080,190.580465903,1,0.28990700841,190.625,8.30680942535,0.23873308301,1,167.610519409,1,29.3113880157,8.77078533173,181.051442608,0.0121571077034,0.00534809753299,-0.000363425060641,1.32231128216,-0.0867712646723,-0.065620906651,-0.069438830018,-0.0525132268667,2.33515024185,-0.00131383631378,-0.0224293135107,1.86478257179,-0.00106024229899,-0.0151109136641,1.30967237055e-09,1,0.677906572819,0,1.36238372326,0,-0.000708206905983,-0.000706538325176,-0.0218236856163,-0.0147572113201,-0.0211154781282,-0.0140506736934,1.5888736248,-0.0231375209987,-0.0158174522221,-0.00220252759755,0.355239272118,0,0,0,0,1,0,0,0,0,0,0,0,0,1,0,0.544811308384,0.00048828125,0.244794160128,0.00048828125,264.26361084,-0.000169035047293,-0.00445323809981,6.20502593751e-10,-0.00428424356505,-0.00428424403071,-0.00445321947336,0.00048828125,2.92767763138,-0.00274187745526,-0.0455396659672,2.28227567673,-0.00209940690547,-0.0299405995756,1.55763700604e-07,1,0.235203921795,-0.0105088036507,-0.00779465725645,-0.053306594491,-0.0356358475983,-0.0427977889776,-0.0278411917388,-0.0560484752059,-0.0377352535725,-0.00571089889854,0.0982608497143,0,0,0,1,0,0,0,0,0,0,0,0,1,0,0.161020904779,0.0535890571773,264.353057861,-0.000278402119875,-0.00710012018681,-0.00131706520915,-0.00813858956099,-0.00682152388617,-0.00841718539596,0.285422086716,0,-0.00942916795611,-0.0634856149554,-0.0511655434966,0.0060397288762,0,1,0,0,-12.9725761414,0,0.0428355261683,0.0186061579734,263.883333306,-0.0129080358893,-0.00976172275841,267.780273438,263.978851318,8.58118057251,4.52807807922,1.17245197296,0.10490424186
16140,208.255552437,1,0.293729245663,196.875,8.31813812256,0.206055551767,1,170.618148804,1,30.6478252411,8.8235578537,197.842774815,0.0122419055551,0.00531828589737,-0.000371326837922,1.32231128216,-0.0893075019121,-0.0675389394164,-0.070989638567,-0.0536860264838,2.35002803802,-0.00111215387005,-0.0227953288704,1.86877369881,-0.000876203237567,-0.0154103524983,1.01863406599e-09,1,0.671152591705,0,1.36096692085,0,-0.00069566257298,-0.000703820143826,-0.0223788395524,-0.0152379702777,-0.0216831751168,-0.0145341493189,1.58657121658,-0.0234909914434,-0.0161141715944,-0.0021607123781,0.353719711304,0,0,0,0,1,0,0,0,0,0,0,0,0,1,0,0.544106245041,0,0.246156871319,0,264.260650635,-0.000147491693497,-0.00446905940771,8.14921907732e-10,-0.00432155141607,-0.00432155188173,-0.00446904450655,0,2.93656587601,-0.0025331475772,-0.0463728532195,2.28021001816,-0.00189100578427,-0.0303460266441,1.56927853823e-07,1,0.231383636594,-0.0101931970567,-0.00761201465502,-0.0540329068899,-0.0360670350492,-0.0438397079706,-0.0284550189972,-0.0565660558641,-0.0379580408335,-0.00580201297998,0.0979692190886,0,0,0,1,0,0,0,0,0,0,0,0,1,0,0.167153596878,0.0566437281668,264.349578857,-0.000248596072197,-0.00716507434845,-0.00130613078363,-0.00822258461267,-0.00691645406187,-0.00847120583057,0.286607772112,0,-0.00951251201332,-0.0640797689557,-0.0515487901866,0.00601611379534,0,1,0,0,-13.2546329498,0,0.0431417971849,0.0185001455247,263.87916664,-0.0131886899471,-0.00997396744788,267.779876709,263.971099854,8.61290359497,4.56658315659,1.42330050468,0.100482828915
16200,196.024027267,1,0.29335090518,196.875,8.33786010742,0.206789910793,1,171.03414917,1,30.596780777,8.77123641968,186.222825904,0.0141795128584,0.00545262591913,-0.00036899416591,1.32231128216,-0.0892299115658,-0.0674802586436,-0.0706148296595,-0.0534025765955,2.35754442215,-0.00119917374104,-0.0222186502069,1.86879229546,-0.000866611197125,-0.0151715055108,8.73114913702e-10,1,0.680929780006,0,1.35912132263,0,-0.000677856733091,-0.000678192358464,-0.0216973330826,-0.0149830896407,-0.0210194773972,-0.0143048968166,1.58357226849,-0.0228965096176,-0.0158496983349,-0.00190374441445,0.361455261707,0,0,0,0,1,0,0,0,0,0,0,0,0,1,0,0.55413711071,0.001708984375,0.25295367837,0.001708984375,264.256958008,-0.00016263127327,-0.00440508127213,2.75252626247e-10,-0.00424247886986,-0.00424247886986,-0.00440507382154,0.001708984375,2.94647884369,-0.00263743242249,-0.0449139177799,2.28306913376,-0.0018720428925,-0.0296120122075,1.55821908265e-07,1,0.248441576958,-0.0104456879199,-0.00764885544777,-0.0527221783996,-0.0353888235986,-0.0422764904797,-0.0277399662882,-0.0553596094251,-0.0372608676553,-0.00542665179819,0.106462858617,0,0,0,1,0,0,0,0,0,0,0,0,1,0,0.179946631193,0.0617843642831,264.346710205,-0.000253692269325,-0.00701558589935,-0.00134162150789,-0.00810337346047,-0.006761752069,-0.00835724174976,0.287886023521,0,-0.00959285162389,-0.0647332966328,-0.0519357956946,0.00598535686731,0,1,0,0,-13.1713666916,0,0.050170455128,0.0189740173519,263.874999973,-0.0131058376282,-0.00991131085902,267.779266357,263.970977783,8.60956573486,4.49554538727,1.21545791626,0.0912074446678
16260,175.831821104,1,0.292249232531,196.875,8.35121059418,0.207576647401,1,170.162658691,1,30.5259380341,8.82488536835,167.040230049,0.0188568662852,0.00551754795015,-0.000366721040336,1.32231128216,-0.0886686593294,-0.0670558139682,-0.0699491351843,-0.0528991445899,2.36173582077,-0.00122312945314,-0.0225488897413,1.86611843109,-0.00085268158,-0.0154365450144,1.7462298274e-09,1,0.676953196526,0,1.35784840584,0,-0.00069390918361,-0.000705444079358,-0.0220196694136,-0.0152893094346,-0.0213257595897,-0.0145838642493,1.58150374889,-0.0232427977026,-0.0161419901997,-0.00182533753105,0.360938847065,0,0,0,0,1,0,0,0,0,0,0,0,0,1,0,0.550565302372,0.0009765625,0.252520829439,0.0009765625,264.252868652,-0.000159934163094,-0.00445654988289,3.3322422599e-10,-0.00429672934115,-0.00429673027247,-0.00445654988289,0.0009765625,2.95120716095,-0.00260544219054,-0.0458906665444,2.28287982941,-0.00179184996523,-0.0294561646879,1.56927853823e-07,1,0.249524474144,-0.010610146448,-0.00781115470454,-0.0538953691721,-0.0354754701257,-0.0432852208614,-0.0276643149555,-0.0565008148551,-0.0372673198581,-0.0060021886602,0.107567131519,0,0,0,1,0,0,0,0,0,0,0,0,1,0,0.182822644711,0.0628842264414,264.342773438,-0.000233739614487,-0.00703394412994,-0.00137098762207,-0.00817083474249,-0.00679984735325,-0.00840497016907,0.288727283478,0,-0.00964324362576,-0.0651868581772,-0.0521564222872,0.00596414040774,0,1,0,0,-13.0902280807,0,0.0673872232437,0.0192079171538,263.870833306,-0.0130251022056,-0.00985025428236,267.778869629,263.976867676,8.48976325989,4.87912559509,1.34630191326,0.0891755372286
16320,198.884949874,1,0.292954176664,196.875,8.35868358612,0.207772582769,1,170.409225464,1,28.965713501,8.7557849884,188.940702381,0.0150557626039,0.0055401083082,-0.000368846784113,1.32231128216,-0.0891602784395,-0.0674276053905,-0.0702066272497,-0.0530938729644,2.36873483658,-0.00109047093429,-0.0229298733175,1.8635058403,-0.000687890104018,-0.0161109361798,9.31322574615e-10,1,0.667888581753,0,1.35683190823,0,-0.000700128613971,-0.000724111567251,-0.0225395336747,-0.01614715904,-0.021839402616,-0.015423046425,1.57985186577,-0.0236300025135,-0.0168350487947,-0.00144520099275,0.357043147087,0,0,0,0,1,0,0,0,0,0,0,0,0,1,0,0.536849141121,0,0.247117906809,0,264.249053955,-0.000138834118843,-0.00458580255508,3.04577640886e-10,-0.00444711651653,-0.00444711744785,-0.00458580255508,0,2.95798015594,-0.00261215446517,-0.0459870919585,2.27875852585,-0.00167761265766,-0.0298807453364,1.5611294657e-07,1,0.246774211526,-0.010430383496,-0.00778420828283,-0.053805321455,-0.0359873399138,-0.0433749333024,-0.0282031334937,-0.0564174763858,-0.037664949894,-0.00546597037464,0.106541126966,0,0,0,1,0,0,0,0,0,0,0,0,1,0,0.1727245152,0.0597038567066,264.338867188,-0.000229135155678,-0.00716404616833,-0.00137486483436,-0.00830934382975,-0.00693447934464,-0.00853890925646,0.289402425289,0,-0.00968411937356,-0.0655611008406,-0.0523150861263,0.00594719871879,0,1,0,0,-13.1661062241,0,0.0533685609698,0.0192861445248,263.866666639,-0.0131006035954,-0.00990735180676,267.778381348,263.942596436,8.54361534119,4.57685422897,1.22776317596,0.0859486609697
16380,194.013799075,1,0.293053269386,196.875,8.36145305634,0.207824289799,1,169.805175781,1,28.3504695892,8.90505886078,184.313109121,0.0144981853664,0.00550151057541,-0.000370534631656,1.32231128216,-0.0891545191407,-0.0674232468009,-0.0703379958868,-0.0531932190061,2.37042236328,-0.000746412435547,-0.0231311358511,1.86463284492,-0.000440919888206,-0.0161212664098,1.16415321827e-09,1,0.661103606224,0,1.35612750053,0,-0.000721963937394,-0.000757927249651,-0.0231066867709,-0.016438273713,-0.0223847217858,-0.015680346638,1.57870721817,-0.0238530989736,-0.0168791934848,-0.0015643320512,0.354726493359,0,0,0,0,1,0,0,0,0,0,0,0,0,1,0,0.527797818184,0.00537109375,0.243957698345,0.00537109375,264.245361328,-8.07158648968e-05,-0.00462752208114,7.04977631827e-10,-0.00454682763666,-0.00454682856798,-0.00462751090527,0.00537109375,2.95663166046,-0.00194733182434,-0.0451143160462,2.27664160728,-0.00120983575471,-0.0305631048977,1.55181623995e-07,1,0.249795660377,-0.0101695107296,-0.00768912117928,-0.0533364936709,-0.0370423868299,-0.0431669875979,-0.0293532665819,-0.0552838332951,-0.0382522232831,-0.0043246098794,0.108075231314,0,0,0,1,0,0,0,0,0,0,0,0,1,0,0.178615301847,0.0615858323872,264.334533691,-0.00013042986393,-0.00720721483231,-0.00132729543839,-0.00840368587524,-0.0070763900876,-0.00853455066681,0.290065348148,0,-0.00973098911345,-0.0659186840057,-0.0524894148111,0.00593545846641,0,1,0,0,-13.2263536453,0,0.0513321086764,0.0191472247243,263.862499972,-0.0131605509669,-0.00995268765837,267.777862549,263.910400391,8.60938644409,4.55578041077,1.6311378479,0.0812049508095
16440,221.528032533,1,0.291517317295,190.625,8.35956859589,0.23890645802,1,168.396392822,1,28.9923248291,9.04351711273,210.451630906,0.0198516454548,0.00553879933432,-0.000367790285964,1.32231128216,-0.0882062464952,-0.0667061135173,-0.0696230828762,-0.052652567625,2.36918735504,-0.000618353078607,-0.0228880047798,1.86458110809,-0.000458797905594,-0.016053352505,1.16415321827e-10,1,0.663456678391,0,1.35588264465,0,-0.000722826982383,-0.000751189771108,-0.0229924768209,-0.0163457449526,-0.0222696512938,-0.0155945532024,1.57830941677,-0.023610830307,-0.0168045423925,-0.00155402708333,0.356587201357,0,0,0,0,1,0,0,0,0,0,0,0,0,1,0,0.531791687012,0.010498046875,0.246104598045,0.010498046875,264.241790771,-7.60331749916e-05,-0.00460988283157,9.47638856275e-10,-0.00453386921436,-0.00453386968002,-0.00460988283157,0.010498046875,2.95438718796,-0.00169378169812,-0.0452146828175,2.27788090706,-0.00127376522869,-0.030382823199,1.53959263116e-07,1,0.250348359346,-0.0102001316845,-0.00758924521506,-0.0537210330367,-0.0366983041167,-0.0435209013522,-0.029109057039,-0.0554148107767,-0.0379720702767,-0.00478989817202,0.108037084341,0,0,0,1,0,0,0,0,0,0,0,0,1,0,0.179400265217,0.0615764036775,264.330993652,-0.000107616186142,-0.00725917518139,-0.00130309315864,-0.00845421478152,-0.0071511217393,-0.00856220722198,0.290475338697,0,-0.00976511836052,-0.0661395788193,-0.0525773763657,0.00593137741089,0,1,0,0,-13.1283941269,0,0.0710961967707,0.0192776247859,263.858333306,-0.0130630787462,-0.00987897440791,267.777282715,263.884857178,8.7449092865,4.59779167175,1.14656925201,0.0840745419264
16500,192.97580063,1,0.289767831564,190.625,8.37250995636,0.24049565196,1,166.970901489,1,29.8371372223,8.83537387848,183.327010599,0.012447251007,0.00546932965517,-0.00036429206375,1.32231128216,-0.08681884408,-0.0656568855047,-0.0692083090544,-0.0523388944566,2.36700487137,-0.00081658968702,-0.0223542191088,1.86682426929,-0.000642751227133,-0.0161022916436,1.14960130304e-09,1,0.672560989857,0,1.35623967648,0,-0.000718260649592,-0.000736222718842,-0.0222558900714,-0.0161957629025,-0.0215376280248,-0.0154595412314,1.57888936996,-0.0230724792928,-0.0168385151774,-0.00120423559565,0.360950231552,0,0,0,0,1,0,0,0,0,0,0,0,0,1,0,0.544052958488,0.00537109375,0.251133710146,0.00537109375,264.237976074,-0.000110052525997,-0.00453969649971,3.6323810626e-10,-0.00442973338068,-0.004429734312,-0.00453968718648,0.00537109375,2.95750117302,-0.00208009313792,-0.0448299944401,2.28253316879,-0.00162686698604,-0.0312451831996,1.51936546899e-07,1,0.247293189168,-0.0104601494968,-0.00779227958992,-0.0532100498676,-0.037410594523,-0.0427499003708,-0.0296183153987,-0.0552901439369,-0.0390374660492,-0.00388639001176,0.106198243797,0,0,0,1,0,0,0,0,0,0,0,0,1,0,0.185456588864,0.0633070021868,264.327697754,-0.000159751623869,-0.0071639418602,-0.00130953907501,-0.0083133392036,-0.00700380094349,-0.00847343914211,0.290494561195,0,-0.00977662578225,-0.0661436915398,-0.0525632947683,0.0059373266995,0,1,0,0,-13.0035228729,0,0.0438839122653,0.0190309267491,263.854166639,-0.0129388291389,-0.00978501047939,267.776824951,263.936676025,8.56506443024,4.45116758347,1.13000941277,0.0768160969019
16560,194.058785743,1,0.29100254178,190.625,8.37700748444,0.241804540157,1,168.573669434,1,29.2423000336,8.8626537323,184.355846456,0.0131197739393,0.00536069413647,-0.000365460669855,1.32231128216,-0.0872875005007,-0.0660113096237,-0.0701401978731,-0.0530436374247,2.3661031723,-0.00109851628076,-0.0230072624981,1.87333679199,-0.000840483175125,-0.0161882583052,1.12049747258e-09,1,0.671191573143,0,1.35653614998,0,-0.000714601250365,-0.000745762488805,-0.0226233471185,-0.0160935372114,-0.0219087451696,-0.0153477732092,1.57937121391,-0.023721864447,-0.0169340185821,-0.00151993788313,0.359537810087,0,0,0,0,1,0,0,0,0,0,0,0,0,1,0,0.549109220505,0.00244140625,0.252717316151,0.00244140625,264.233978271,-0.000143900513649,-0.00454118847847,2.03755179395e-10,-0.0043973159045,-0.00439731637016,-0.00454115495086,0.00244140625,2.95428466797,-0.00244995811954,-0.0451843850315,2.28968524933,-0.0019123069942,-0.0315744429827,1.50801497512e-07,1,0.252393126488,-0.0102928727865,-0.00777325639501,-0.0530272945762,-0.0374353900552,-0.0427344255149,-0.0296621341258,-0.0554772540927,-0.0393477007747,-0.00379259139299,0.107932150364,0,0,0,1,0,0,0,0,0,0,0,0,1,0,0.187510401011,0.0637791380286,264.323974609,-0.000220879912376,-0.0071956962347,-0.00131471734494,-0.00828925706446,-0.00697453925386,-0.00851044803858,0.290427595377,0,-0.00977911986411,-0.0660749822855,-0.0525893010199,0.0059422692284,0,1,0,0,-13.0452375412,0,0.0463189706206,0.0186507292092,263.849999972,-0.0129803363234,-0.00981639977545,267.776367188,263.869537354,8.58375453949,4.40400266647,1.18538880348,0.086077041924
16620,218.891316975,1,0.291221737862,196.875,8.3898229599,0.210442453623,1,169.090316772,1,28.5781745911,9.03191947937,207.946751127,0.0126842716709,0.00552422879264,-0.000365167914424,1.32231128216,-0.0872491374612,-0.0659822970629,-0.0704568549991,-0.0532831065357,2.36202478409,-0.000876568024978,-0.0224815867841,1.87725257874,-0.000677113479469,-0.0158031731844,1.13141140901e-09,1,0.674947857857,0,1.35633897781,0,-0.000700166914612,-0.000737437512726,-0.0223051831126,-0.0158634968102,-0.0216050185263,-0.0151260588318,1.57905066013,-0.0231817550957,-0.0165406093001,-0.00153039314318,0.362185060978,0,0,0,0,1,0,0,0,0,0,0,0,0,1,0,0.545234441757,0.001708984375,0.25168171525,0.001708984375,264.229797363,-0.000110448803753,-0.00452874740586,-1.4180141783e-10,-0.00441839825362,-0.00441839825362,-0.00452874973416,0.001708984375,2.94631242752,-0.00199663639069,-0.044099457562,2.29254245758,-0.00157052406576,-0.0308732539415,1.5099067241e-07,1,0.264429092407,-0.00994314718992,-0.00779469218105,-0.0520459674299,-0.0370974205434,-0.0421028211713,-0.0293027311563,-0.0540426000953,-0.0386679470539,-0.00350322108716,0.113887950778,0,0,0,1,0,0,0,0,0,0,0,0,1,0,0.193349421024,0.0662957802415,264.319793701,-0.000169798731804,-0.00714930146933,-0.0013117188355,-0.00829079654068,-0.00697907758877,-0.00846104323864,0.290556311607,0,-0.00978661328554,-0.06609005481,-0.0527224838734,0.00593898119405,0,1,0,0,-13.0347881317,0,0.0447413064539,0.0192278064787,263.845833305,-0.0129699381068,-0.00980853661895,267.775817871,263.893005371,8.6959400177,4.44618034363,1.12320411205,0.0934153795242
16680,208.008995517,1,0.29045137763,196.875,8.40117645264,0.212298989296,1,167.92855835,1,29.2919330597,9.10136985779,197.608545741,0.0120319379494,0.00554757378995,-0.000364783976693,1.32231128216,-0.0864481404424,-0.0653765425086,-0.0705035701394,-0.0533184371889,2.35770654678,-0.000827932730317,-0.0223284997046,1.8814675808,-0.000665733416099,-0.0162732563913,1.65891833603e-09,1,0.671722650528,0.00244140625,1.35647058487,0.00244140625,-0.000689893262461,-0.000733403023332,-0.0221904590726,-0.0163409225643,-0.0215005669743,-0.0156075200066,1.57926476002,-0.0230183936656,-0.0170066580176,-0.00113530771341,0.360744446516,0,0.00244140625,0,0,1,0,0,0,0,0,0,0,0,1,0,0.537898302078,0.0107421875,0.248830616474,0.0107421875,264.226287842,-0.000109046697617,-0.00459546595812,1.36356523295e-10,-0.00448648910969,-0.00448648957536,-0.00459545105696,0.0107421875,2.94809269905,-0.00222985865548,-0.0448727160692,2.2957482338,-0.00173462240491,-0.0320462584496,1.49972038344e-07,1,0.261340111494,-0.0102623403072,-0.00775789422914,-0.0529051944613,-0.0380695275962,-0.0426428541541,-0.0303116329014,-0.0551350526512,-0.0398041531444,-0.00338173145428,0.11248806119,0,0,0,1,0,0,0,0,0,0,0,0,1,0,0.185552150011,0.0636627599597,264.316345215,-0.000206656754017,-0.0074075832963,-0.00131093163509,-0.00851168110967,-0.00720074865967,-0.00871845334768,0.290547192097,0,-0.00978682003915,-0.0660092458129,-0.0528263524175,0.00594117678702,0,1,0,0,-13.0210838318,0,0.042383659631,0.0193082801998,263.841666639,-0.012956302613,-0.00979822408408,267.775268555,263.929260254,8.87110900879,4.30078792572,1.28445971012,0.0875967592001
16740,211.952947372,1,0.290868937969,190.625,8.40303516388,0.246487289667,1,167.314590454,1,29.0110855103,8.96437072754,201.355300004,0.0120470542461,0.0055229626596,-0.000367703876691,1.32231128216,-0.0864927470684,-0.0654102787375,-0.0709559693933,-0.0536605641246,2.35994362831,-0.000895540346391,-0.0222878865898,1.88670241833,-0.000651265261695,-0.0160299409181,8.14907252789e-10,1,0.674451470375,0,1.3568444252,0,-0.000686707266141,-0.000731855863705,-0.0220790505409,-0.0161105319858,-0.0213923454285,-0.0153786744922,1.57987213135,-0.0229745935649,-0.016761796549,-0.00129557482433,0.362092375755,0,0,0,0,1,0,0,0,0,0,0,0,0,1,0,0.535867869854,0.01611328125,0.247693300247,0.01611328125,264.223388672,-0.000124089419842,-0.00463718175888,2.86437651376e-10,-0.00451320037246,-0.00451320037246,-0.00463718175888,0.01611328125,2.9567990303,-0.0023480958771,-0.0457919165492,2.29922747612,-0.00169480126351,-0.031314343214,1.50437699631e-07,1,0.258871793747,-0.0105710020289,-0.0075433049351,-0.0540148206055,-0.0371628515422,-0.0434438213706,-0.0296195447445,-0.0563629157841,-0.0388576500118,-0.00491684675217,0.110984444618,0,0,0,1,0,0,0,0,0,0,0,0,1,0,0.184242635965,0.0628893226385,264.313537598,-0.000230215489864,-0.00750312209129,-0.00129085429944,-0.0085635734722,-0.00727271940559,-0.00879385322332,0.29056429863,0,-0.00979579053819,-0.0658958479762,-0.0529676228762,0.00594740686938,0,1,0,0,-13.1253108978,0,0.0424382016063,0.0192216746509,263.837499972,-0.0130600109696,-0.00987665355206,267.774719238,263.945709229,8.73860740662,4.64311408997,1.18760347366,0.0979408919811
16800,208.244447802,1,0.292244166136,190.625,8.40948390961,0.244847163558,1,167.177444458,1,27.7603855133,8.95422840118,197.832225412,0.0119609553367,0.0055232886225,-0.000373250048142,1.32231128216,-0.0878280848265,-0.0664201304317,-0.0709954723716,-0.0536904372275,2.36787700653,-0.000775673659518,-0.0227620564401,1.88746654987,-0.000542348832823,-0.0155987916514,8.14907252789e-10,1,0.672527194023,0.000732421875,1.35729134083,0.000732421875,-0.000689879525453,-0.000717725837603,-0.0226762592793,-0.0157741680741,-0.0219863802195,-0.0150564424694,1.58059847355,-0.0234519354999,-0.0163165181875,-0.00197086296976,0.360969722271,0,0.000732421875,0,0,1,0,0,0,0,0,0,0,0,1,0,0.535068511963,0.027099609375,0.246886432171,0.027099609375,264.220703125,-0.000104665756226,-0.00466599315405,4.50592618773e-11,-0.00456143124029,-0.00456143124029,-0.00466597825289,0.027099609375,2.96378755569,-0.00214716861956,-0.0457797758281,2.29960799217,-0.00148245843593,-0.0304028354585,1.50655978359e-07,1,0.271629005671,-0.0104836374521,-0.00744405016303,-0.0541162453592,-0.036364428699,-0.0436326041818,-0.028920378536,-0.056263409555,-0.0378468893468,-0.00568655924872,0.115955241024,0,0,0,1,0,0,0,0,0,0,0,0,1,0,0.194145709276,0.0657653287053,264.310302734,-0.000204797834158,-0.00737775862217,-0.00128691119608,-0.0084596471861,-0.00717273633927,-0.0086645334959,0.290764331818,0,-0.00982542149723,-0.065907381475,-0.0531155988574,0.00595485512167,0,1,0,0,-13.3232822418,0,0.0421275012195,0.0192231163383,263.833333305,-0.01325699687,-0.0100256251171,267.774169922,263.899169922,8.72445392609,4.36205673218,1.18506622314,0.0832309126854
16860,208.492785916,1,0.291469812393,190.625,8.41069316864,0.245860949159,1,166.515914917,1,26.4349937439,8.91060733795,198.06814662,0.0131855299696,0.0055839791894,-0.000371761998395,1.32231128216,-0.0878953933716,-0.0664710327983,-0.0699563324451,-0.052904587239,2.37052464485,-0.000782830466051,-0.0223040245473,1.88059318066,-0.000552742858417,-0.0150566827506,9.71340341493e-10,1,0.682926654816,0,1.35769999027,0,-0.000686526414938,-0.000703658035491,-0.0222077183425,-0.0152075979859,-0.021521192044,-0.0145039400086,1.58126235008,-0.0229905508459,-0.0157603416592,-0.00211134273559,0.3662520051,0,0,0,0,1,0,0,0,0,0,0,0,0,1,0,0.546979546547,0.019287109375,0.251919269562,0.019287109375,264.216644287,-9.62754711509e-05,-0.00455951690674,-1.02131469948e-10,-0.00446339603513,-0.00446339556947,-0.00455950852484,0.019287109375,2.96339488029,-0.00202791206539,-0.0446905791759,2.29282522202,-0.0014154270757,-0.028977593407,1.51834683493e-07,1,0.286642193794,-0.0101552754641,-0.00728357862681,-0.052817940712,-0.0348457433283,-0.0426626726985,-0.0275621656328,-0.05484585464,-0.0362611711025,-0.00603447249159,0.122234448791,0,0,0,1,0,0,0,0,0,0,0,0,1,0,0.202108308673,0.0682823807001,264.305847168,-0.000176973640919,-0.00721009075642,-0.00125229451805,-0.00828533433378,-0.00703303981572,-0.00846227258444,0.291021943092,0,-0.00986153818667,-0.0660349950194,-0.0531691461802,0.005961665418,0,1,0,0,-13.2701663971,0,0.0465574413538,0.0194363109767,263.829166638,-0.0132041452453,-0.00998565554619,267.773834229,263.918212891,8.69244861603,4.49227237701,1.22657716274,0.0995984598994
16920,202.38364049,1,0.290206849575,190.625,8.43193054199,0.246969759464,1,166.114028931,1,28.3260345459,8.89861011505,192.264458466,0.0172583218664,0.00557083357126,-0.000367838045349,1.32231128216,-0.08738630265,-0.0660860314965,-0.0690348595381,-0.0522077232599,2.36961293221,-0.000833404250443,-0.0222235843539,1.87240695953,-0.000661812257022,-0.0155960125849,1.24418875203e-09,1,0.680399775505,0,1.35821712017,0,-0.000706235354301,-0.00073501386214,-0.0220964159817,-0.0156692154706,-0.0213901810348,-0.0149342017248,1.58210277557,-0.0229298211634,-0.0163310281932,-0.00165042700246,0.364633321762,0,0,0,0,1,0,0,0,0,0,0,0,0,1,0,0.543942928314,0.010986328125,0.250159829855,0.010986328125,264.212097168,-0.000106306746602,-0.0045987740159,-8.21812062846e-12,-0.00449261534959,-0.00449261534959,-0.00459876284003,0.010986328125,2.96205282211,-0.00191073049791,-0.0446318127215,2.28423070908,-0.00146647111978,-0.0297732874751,1.52533175424e-07,1,0.283568769693,-0.0098781529814,-0.00730021391064,-0.0525992363691,-0.0356070287526,-0.0427210852504,-0.0283068157732,-0.0545099675655,-0.0370735004544,-0.0052407188341,0.121018856764,0,0,0,1,0,0,0,0,0,0,0,0,1,0,0.201905280352,0.0682818740606,264.30178833,-0.000164918601513,-0.0072320625186,-0.00124028488062,-0.00830750726163,-0.0070672230795,-0.00847233459353,0.29096981883,0,-0.00987164676189,-0.0660775825381,-0.0530491322279,0.00597028434277,0,1,0,0,-13.1300983429,0,0.0614624395967,0.0193900577724,263.824999972,-0.0130647746846,-0.0098802568391,267.773345947,263.946472168,8.6607837677,4.52483177185,1.24940299988,0.0789204835892
16980,185.895605408,1,0.289510607719,190.625,8.44326114655,0.247029349208,1,165.860931396,1,28.8433017731,8.85378742218,176.600825137,0.0193334706128,0.00563092948869,-0.000365754211089,1.32231128216,-0.0869641900063,-0.0657668039203,-0.0687082409859,-0.0519607141614,2.3666100502,-0.000924498192035,-0.0220163203776,1.86758899689,-0.000764323107433,-0.0151505526155,6.98491930962e-10,1,0.68690264225,0,1.35875070095,0,-0.000687530671712,-0.000715932343155,-0.0217793527991,-0.0151021610945,-0.0210918206722,-0.0143862292171,1.58296978474,-0.0227038506418,-0.015866484493,-0.00184354977682,0.367814183235,0,0,0,0,1,0,0,0,0,0,0,0,0,1,0,0.552127361298,0.00634765625,0.253544032574,0.00634765625,264.207519531,-0.000121504068375,-0.00453551113605,1.41475595128e-10,-0.00441412674263,-0.00441412674263,-0.0045355334878,0.00634765625,2.96130180359,-0.00205758144148,-0.0441072136164,2.28003311157,-0.00161993643269,-0.0294075757265,1.53348082677e-07,1,0.285773694515,-0.00983426719904,-0.00737419351935,-0.0518839024007,-0.0351618304849,-0.0420496314764,-0.0277876388282,-0.0539414808154,-0.0367817729712,-0.0050330851227,0.12224868685,0,0,0,1,0,0,0,0,0,0,0,0,1,0,0.207420736551,0.0703478083014,264.297668457,-0.000207595527172,-0.00710459798574,-0.00128203816712,-0.00817902944982,-0.0068969912827,-0.00838656723499,0.290788352489,0,-0.00986935384572,-0.066064119339,-0.0528950355947,0.00597917754203,0,1,0,0,-13.0557165146,0,0.0691620856524,0.0196041464806,263.820833305,-0.0129907624796,-0.00982428435236,267.772613525,263.900146484,8.6092414856,4.3497877121,1.03949260712,0.0834086984396
17040,199.389972708,1,0.2888648808,190.625,8.46206951141,0.247729316354,1,165.671646118,1,28.9891815186,8.85241985321,189.420474073,0.020185796544,0.00553606497124,-0.000363727449439,1.32231128216,-0.0867603644729,-0.0656126663089,-0.0681689679623,-0.0515528917313,2.36745691299,-0.000747552025132,-0.0223025046289,1.86282372475,-0.000594136305153,-0.0151112414896,8.73114913702e-10,1,0.680675268173,0.000244140625,1.35937440395,0.000244140625,-0.000673236034345,-0.000695056922268,-0.0222281888127,-0.0152121614665,-0.02155495435,-0.0145171051845,1.58398342133,-0.0229757390916,-0.015806298703,-0.00199628970586,0.364067792892,0,0.000244140625,0,0,1,0,0,0,0,0,0,0,0,1,0,0.545573890209,0.0107421875,0.25031915307,0.0107421875,264.203125,-0.000108942389488,-0.0045789629221,-6.54924448007e-11,-0.00447000563145,-0.00447000563145,-0.00457893311977,0.0107421875,2.96609115601,-0.00196342961863,-0.0452917814255,2.27725672722,-0.00150969298556,-0.0299141425639,1.53377186507e-07,1,0.262797236443,-0.0101915765554,-0.00732742901891,-0.0535199269652,-0.0357318781316,-0.0433283522725,-0.0284044481814,-0.0554833598435,-0.0372415706515,-0.00552460737526,0.112511023879,0,0,0,1,0,0,0,0,0,0,0,0,1,0,0.188398510218,0.0640922784805,264.293762207,-0.000211134552956,-0.00726565718651,-0.00129455048591,-0.0083490666002,-0.00705451564863,-0.00856015086174,0.290441274643,0,-0.00985251180828,-0.0659822672606,-0.0526843369007,0.00598957296461,0,1,0,0.000244140625,-12.9833698273,0,0.0723458975554,0.0192751288414,263.816666638,-0.0129187759012,-0.00976984482259,267.771972656,263.789733887,8.61277389526,4.53197193146,1.11915206909,0.0942827910185
17100,207.358429715,1,0.291220486164,190.625,8.46413898468,0.250286877155,1,167.043045044,1,30.2528495789,8.94300556183,196.990508229,0.0133561640978,0.00543667096645,-0.000369638641132,1.32231128216,-0.0883822366595,-0.0668392032385,-0.0690285935998,-0.0522029846907,2.37519025803,-0.000572942546569,-0.0229440853,1.86274588108,-0.000510667217895,-0.0153956525028,4.94765117764e-10,1,0.670422852039,0.00830078125,1.35966873169,0.00830078125,-0.000668911030516,-0.000702731311321,-0.0230400562286,-0.015587715432,-0.0223711449653,-0.0148849841207,1.58446145058,-0.0236129947007,-0.0160983838141,-0.00215729698539,0.358776479959,0,0.00830078125,0,0,1,0,0,0,0,0,0,0,0,1,0,0.538583099842,0.022705078125,0.247314780951,0.022705078125,264.199523926,-8.98241996765e-05,-0.00465638935566,-1.58342283729e-10,-0.00456655165181,-0.00456655118614,-0.00465638935566,0.022705078125,2.97419691086,-0.00152363046072,-0.0458823814988,2.27789568901,-0.00128347193822,-0.0306955948472,1.52678694576e-07,1,0.249283239245,-0.0102430619299,-0.00743974233046,-0.0546018183231,-0.0368518680334,-0.0443587526679,-0.029412124306,-0.056125447154,-0.0381353385746,-0.00519252195954,0.107071846724,0,0,0,1,0,0,0,0,0,0,0,0,1,0,0.188447937369,0.0643419697881,264.289855957,-0.000174466520548,-0.0072835944593,-0.00130300153978,-0.00841196812689,-0.00710896681994,-0.0085864700377,0.290347397327,0,-0.00985152088106,-0.0660300329328,-0.0525465756655,0.00599447730929,0,1,0,0,-13.1943721771,0,0.0471765585244,0.0189185794443,263.812499971,-0.0131287286058,-0.00992862135172,267.77130127,263.863586426,8.65719890594,4.60663414001,1.26361811161,0.110987745225
17160,210.556841637,1,0.292497813702,190.625,8.46854686737,0.250985473394,1,168.204589844,1,30.8545608521,8.96339702606,200.028999555,0.0134512446821,0.00546609610319,-0.0003719375527,1.32231128216,-0.0892500430346,-0.0674954876304,-0.069519020617,-0.0525738708675,2.3822722435,-0.000423838500865,-0.022824505344,1.86437010765,-0.000383896869607,-0.0151896569878,5.82076609135e-10,1,0.668662071228,0.00634765625,1.35939073563,0.00634765625,-0.000690008862875,-0.000711377884727,-0.0230906773359,-0.0155171379447,-0.0224006678909,-0.0148057602346,1.58400988579,-0.0235145166516,-0.0159010346979,-0.00217175669968,0.358796358109,0,0.00634765625,0,0,1,0,0,0,0,0,0,0,0,1,0,0.53762447834,0.0205078125,0.247734546661,0.0205078125,264.195678711,-5.92321157455e-05,-0.00461216270924,-3.31155991518e-10,-0.00455298367888,-0.00455298321322,-0.00461216270924,0.0205078125,2.98445701599,-0.000966056017205,-0.0462102219462,2.28339791298,-0.000870419666171,-0.0300909914076,1.53318978846e-07,1,0.232074394822,-0.0105630718172,-0.00775202037767,-0.0558072403073,-0.0369725897908,-0.0452441647649,-0.0292205698788,-0.0567732974887,-0.0378430075943,-0.00571471406147,0.100706800818,0,0,0,1,0,0,0,0,0,0,0,0,1,0,0.175794526935,0.0606354400516,264.286315918,-8.57412815094e-05,-0.00724537670612,-0.00134066212922,-0.00850007496774,-0.0071594119072,-0.00858588516712,0.290639340878,0,-0.00987364910543,-0.0662604048848,-0.0525385849178,0.00598984584212,0,1,0,0,-13.276432991,0,0.047521751374,0.0190245471895,263.808333304,-0.0132103813812,-0.00999037176371,267.770965576,263.816864014,8.62428092957,4.42277050018,1.19724309444,0.0967323631048
17220,215.287288292,1,0.294186025858,190.625,8.46746253967,0.250465840101,1,168.958862305,1,31.3394470215,8.94546604156,204.522923877,0.0129964752123,0.00543557293713,-0.000376725627575,1.32231128216,-0.090467184782,-0.0684159547091,-0.0700870677829,-0.0530034564435,2.39395475388,-0.000274261110462,-0.0234170854092,1.8653472662,-0.000239111133851,-0.0153536982834,2.91038304567e-10,1,0.659728646278,0.0009765625,1.35871195793,0.0009765625,-0.000734958506655,-0.000737740716431,-0.0238777846098,-0.0158523283899,-0.0231428258121,-0.0151145868003,1.58290672302,-0.0241520460695,-0.016091439873,-0.00234010652639,0.354673832655,0,0.0009765625,0,0,1,0,0,0,0,0,0,0,0,1,0,0.517703592777,0.011474609375,0.239223003387,0.011474609375,264.19241333,-3.0592083931e-05,-0.00477553904057,-9.94088589223e-10,-0.00474497303367,-0.00474497163668,-0.00477558374405,0.011474609375,2.99581193924,-0.000509605393745,-0.0470855012536,2.28673434258,-0.000548167852685,-0.0299680568278,1.53435394168e-07,1,0.211960092187,-0.0107052791864,-0.00800369121134,-0.0572811737657,-0.0374235808849,-0.0465758964419,-0.0294198896736,-0.0577907823026,-0.0379717499018,-0.00617211032659,0.0921061635017,0,0,0,1,0,0,0,0,0,0,0,0,1,0,0.154054328799,0.0532719381154,264.28302002,-1.83433294296e-05,-0.00740614533424,-0.00136469339486,-0.00875222682953,-0.00738753285259,-0.00877061486244,0.291127622128,0,-0.00990523677319,-0.0665705800056,-0.0525981113315,0.00597853120416,0,1,0,0,-13.4473428726,0,0.0458720065653,0.0189152061939,263.804166638,-0.0133804408833,-0.0101189799607,267.770629883,263.869689941,8.6825799942,4.57783699036,1.14846169949,0.0938551425934
17280,155.853313925,1,0.294556111097,196.875,8.46666431427,0.218941241503,1,168.899261475,1,31.1581859589,8.90271949768,148.060648229,0.0129713332281,0.0054410896264,-0.000378282536985,1.32231128216,-0.0908732414246,-0.0687230303884,-0.0700327754021,-0.0529623962939,2.40393209457,-0.000204559240956,-0.0231564547867,1.86646401882,-0.000162441807333,-0.0150038152933,-8.73114913702e-11,1,0.664171457291,0,1.35797429085,0,-0.000761215516832,-0.000741102383472,-0.0237131118774,-0.0155824758112,-0.0229518935084,-0.0148413740098,1.58170795441,-0.023917671293,-0.0157449170947,-0.00241105188616,0.358113735914,0,0,0,0,1,0,0,0,0,0,0,0,0,1,0,0.519187033176,0.00244140625,0.240838080645,0.00244140625,264.189300537,-1.610070467e-05,-0.00475233793259,-1.07905506752e-09,-0.00473624095321,-0.00473624002188,-0.00475235283375,0.00244140625,3.00730729103,-0.000497850240208,-0.0471342019737,2.29427289963,-0.000467668229248,-0.0297930091619,1.51929270942e-07,1,0.217605620623,-0.0109544098377,-0.00834348145872,-0.0575907602906,-0.0376688241959,-0.0466363504529,-0.0293253418058,-0.0580886118114,-0.0381364896894,-0.00605944637209,0.0946253687143,0,0,0,1,0,0,0,0,0,0,0,0,1,0,0.156277060509,0.0541584640741,264.280151367,-3.44403088093e-06,-0.00735083594918,-0.0014038780937,-0.00875101983547,-0.00734714232385,-0.00875445082784,0.291761904955,0,-0.00995021127164,-0.0669544860721,-0.0526892133057,0.0059662363492,0,1,0,0,-13.5029191971,0,0.0457808971405,0.0189341530204,263.799999971,-0.0134357400239,-0.0101608000696,267.770202637,263.834014893,8.71647071838,4.6191034317,1.15936219692,0.0958550572395
17340,167.753425344,1,0.295157074928,196.875,8.47324371338,0.219875454903,1,169.876876831,1,30.4056434631,8.98428249359,159.365754077,0.0120185697451,0.00532458350062,-0.000378412427381,1.32231128216,-0.0915210694075,-0.0692129507661,-0.0699583813548,-0.0529061369598,2.41410684586,-0.000454579363577,-0.0239373669028,1.86787366867,-0.000358021410648,-0.0149319712073,5.82076609135e-10,1,0.662692427635,0,1.35730695724,0,-0.000771878869273,-0.000735320616513,-0.0242546666414,-0.0153092704713,-0.0234827846289,-0.0145739493892,1.58062362671,-0.02470924519,-0.0156672913581,-0.00290258438326,0.358017683029,0,0,0,0,1,0,0,0,0,0,0,0,0,1,0,0.517921090126,0.007080078125,0.240827322006,0.007080078125,264.185791016,-4.44799661636e-05,-0.00481295585632,-4.10782408089e-10,-0.00476849079132,-0.00476848986,-0.00481297075748,0.007080078125,3.01778364182,-0.000922460108995,-0.0481738857925,2.30134439468,-0.000761445844546,-0.0299437362701,1.51572749019e-07,1,0.214680403471,-0.0111187892035,-0.00854258704931,-0.0583702139556,-0.0377248749137,-0.0472514256835,-0.0291822887957,-0.0592926740646,-0.0384863242507,-0.0063332230784,0.0932967588305,0,0,0,1,0,0,0,0,0,0,0,0,1,0,0.146628677845,0.0507505983114,264.277313232,-3.62545251846e-05,-0.00743275880814,-0.00145655521192,-0.00885297171772,-0.00739641673863,-0.0088891685009,0.292309224606,0,-0.0099870543927,-0.0673116147518,-0.0527363903821,0.00595511402935,0,1,0,0,-13.5075550079,0,0.0423354171216,0.0185226425529,263.795833304,-0.0134403528646,-0.0101642878726,267.769775391,263.84387207,8.71123218536,4.54539489746,1.03669762611,0.0864994227886
17400,215.380519062,1,0.296979814768,184.375,8.48962783813,0.274709612131,1,171.157196045,1,29.8046607971,8.95347118378,204.611493109,0.0117480205372,0.00536806043237,-0.000382582948077,1.32231128216,-0.0928269475698,-0.0702005252242,-0.0705995336175,-0.0533910095692,2.42423009872,-0.000716735783499,-0.0241271331906,1.87036967278,-0.000577057595365,-0.0149605106562,4.07453626394e-10,1,0.666660904884,0,1.35636377335,0,-0.000770155515056,-0.000728304148652,-0.0241805538535,-0.0151117555797,-0.0234103966504,-0.0143834520131,1.57909119129,-0.0248972885311,-0.0156888142228,-0.00295642809942,0.361216962337,0,0,0,0,1,0,0,0,0,0,0,0,0,1,0,0.521179020405,0.003662109375,0.243222624063,0.003662109375,264.182739258,-7.88122415543e-05,-0.00483096763492,-1.14968856657e-09,-0.00475212326273,-0.00475212186575,-0.00483096018434,0.003662109375,3.02205467224,-0.00113626138773,-0.0475581288338,2.30504012108,-0.00101846968755,-0.0298981554806,1.51136191562e-07,1,0.224669545889,-0.0107241384685,-0.00857746507972,-0.0571460053325,-0.0374571457505,-0.046421866864,-0.0288796853274,-0.0582822673023,-0.0384756177664,-0.0056455982849,0.0978688895702,0,0,0,1,0,0,0,0,0,0,0,0,1,0,0.160692438483,0.0557985827327,264.274108887,-7.02366232872e-05,-0.00740090757608,-0.00141890044324,-0.00874946452677,-0.00733056431636,-0.0088197030127,0.293008208275,0,-0.0100310686976,-0.0677676945925,-0.0528283528984,0.00593939656392,0,1,0,0,-13.6564226151,0,0.0413595736027,0.0186774041504,263.791666637,-0.0135884806514,-0.0102763101459,267.76940918,263.870697021,8.73207569122,4.47885513306,1.20558547974,0.0884213373065
17460,230.705117388,1,0.295323461294,190.625,8.51044940948,0.245528638363,1,170.280410767,1,29.0630283356,9.06334018707,219.169861518,0.0167867802083,0.00558211561292,-0.000378154363716,1.32231128216,-0.0915358588099,-0.0692241415381,-0.0701528340578,-0.0530531927943,2.42065668106,-0.00072985724546,-0.0228541642427,1.86886167526,-0.000584991939832,-0.0145741151646,-3.20142135024e-10,1,0.683094620705,0,1.35551679134,0,-0.000740007963032,-0.000699449738022,-0.0228643119335,-0.014688571915,-0.0221243053675,-0.0139891225845,1.57771480083,-0.0235941708088,-0.0152735644951,-0.00244221044704,0.371194213629,0,0,0,0,1,0,0,0,0,0,0,0,0,1,0,0.533745706081,0.00048828125,0.249910324812,0.00048828125,264.178436279,-7.6025724411e-05,-0.00471552461386,-9.94203497307e-10,-0.00463949749246,-0.00463949609548,-0.0047155469656,0.00048828125,3.0175113678,-0.00132081832271,-0.0447991415858,2.30316019058,-0.00109527306631,-0.0287094451487,1.51554559125e-07,1,0.258722990751,-0.0105326650664,-0.00844313111156,-0.0540109910071,-0.0360573045909,-0.0434783250093,-0.0276141725481,-0.0553318075836,-0.0371525734663,-0.00471062585711,0.113199576735,0,0,0,1,0,0,0,0,0,0,0,0,1,0,0.181364685297,0.0634291544557,264.270355225,-8.67201015353e-05,-0.00716029852629,-0.00141611369327,-0.00848970655352,-0.00707359239459,-0.00857631675899,0.293619900942,0,-0.0100683942437,-0.068164691329,-0.052930124104,0.00592528004199,0,1,0,0,-13.4983434677,0,0.0597229264677,0.0194308981299,263.787499971,-0.0134311877191,-0.01015735697,267.768859863,263.866394043,8.82739830017,4.71023273468,1.24228572845,0.0797132179141
17520,234.31561368,1,0.290981441736,190.625,8.53727817535,0.24302919209,1,167.264404297,1,29.251329422,9.16204166412,222.599832996,0.0165323782712,0.00564770773053,-0.000368241162505,1.32231128216,-0.0884066671133,-0.0668576806784,-0.068697758019,-0.0519527867436,2.40693283081,-0.000498363981023,-0.0222287885845,1.86265182495,-0.000419373216573,-0.014456753619,-8.73114913702e-10,1,0.686252474785,0,1.3557240963,0,-0.000732928048819,-0.000700955919456,-0.0224633514881,-0.0147383362055,-0.0217304229736,-0.014037379995,1.57805168629,-0.0229617133737,-0.0151577088982,-0.00214506313205,0.372695505619,0,0,0,0,1,0,0,0,0,0,0,0,0,1,0,0.540289998055,0,0.252705365419,0,264.173278809,-6.11580908298e-05,-0.00463663041592,-6.40208219771e-10,-0.00457549514249,-0.00457549467683,-0.00463665649295,0,3.00867366791,-0.00096918665804,-0.0435907766223,2.29408168793,-0.000810789410025,-0.0284604132175,1.51063431986e-07,1,0.26883110404,-0.010597336106,-0.00829377025366,-0.0532189272344,-0.0359433963895,-0.0426215901971,-0.0276496242732,-0.0541881136596,-0.0367541834712,-0.00428411923349,0.117579013109,0,0,0,1,0,0,0,0,0,0,0,0,1,0,0.188203364611,0.0655271187425,264.266113281,-5.87813556194e-05,-0.00707655027509,-0.00144141726196,-0.00845900271088,-0.00701758544892,-0.00851790979505,0.293479979038,0,-0.0100585343316,-0.0681371763349,-0.0528578981757,0.00592873524874,0,1,0,0,-13.1444892883,0,0.0587859675288,0.019659275189,263.783333304,-0.0130790937692,-0.00989108532667,267.768371582,263.823577881,8.8156003952,4.52686595917,0.927103638649,0.0778941661119
17580,200.831630602,1,0.287319391966,190.625,8.5547914505,0.243430837989,1,164.54510498,1,29.674030304,9.14104270935,190.790049072,0.0117257554084,0.00569926109165,-0.000360371021088,1.32231128216,-0.085874080658,-0.0649424120784,-0.0673910081387,-0.0509645566344,2.39167404175,-0.00040723249549,-0.0215382874012,1.85463523865,-0.000277264480246,-0.0140016926453,3.1286617741e-10,1,0.691612541676,0,1.35681092739,0,-0.000734684290364,-0.000700801610947,-0.0218657385558,-0.0144252292812,-0.0211310535669,-0.0137244267389,1.57981777191,-0.0222729705274,-0.0147024933249,-0.0020408583805,0.374496757984,0,0,0,0,1,0,0,0,0,0,0,0,0,1,0,0.548950254917,0.000732421875,0.255908101797,0.000732421875,264.168212891,-5.93513250351e-05,-0.00452002510428,-3.8011904735e-10,-0.00446067517623,-0.00446067471057,-0.0045200586319,0.000732421875,2.99833536148,-0.000751960498746,-0.0424608178437,2.28373384476,-0.000469498918392,-0.0272520147264,1.50612322614e-07,1,0.276941388845,-0.0108339134604,-0.00830788351595,-0.0525427721441,-0.0350903943181,-0.0417088568211,-0.0267825126648,-0.0532947331667,-0.0355598926544,-0.00457669608295,0.120732948184,0,0,0,1,0,0,0,0,0,0,0,0,1,0,0.190752640367,0.0661661922932,264.261962891,-4.65400516987e-05,-0.00694528222084,-0.00149240950122,-0.00839103013277,-0.00689862063155,-0.00843762978911,0.2926825881,0,-0.0100090224296,-0.0677329301834,-0.0526216477156,0.0059468485415,0,1,0,0,-12.8635606766,0,0.0412793084979,0.0198385566473,263.779166637,-0.0127995628864,-0.0096796900034,267.767944336,263.866149902,8.86295700073,4.66736268997,1.11060464382,0.0797147676349
17640,221.008124533,1,0.284192323685,190.625,8.53573513031,0.245067998767,1,161.925292969,1,30.8745880127,9.10814189911,209.957718306,0.011455161497,0.0057028029114,-0.000354374380549,1.32231128216,-0.0840434879065,-0.0635580196977,-0.0658958107233,-0.0498338118196,2.3786213398,-0.000367374101188,-0.0213711448014,1.8447868824,-0.000243450602284,-0.0136579163373,4.22005541623e-10,1,0.691986560822,0,1.35865616798,0,-0.000720418058336,-0.000692810106557,-0.0217241868377,-0.0141072748229,-0.0210037697107,-0.013414464891,1.58281624317,-0.022091563791,-0.0143507253379,-0.00222748890519,0.372710257769,0,0,0,0,1,0,0,0,0,0,0,0,0,1,0,0.548468828201,0.0009765625,0.254320800304,0.0009765625,264.16317749,-5.45680522919e-05,-0.00448030233383,-4.15178946778e-10,-0.00442575290799,-0.00442575244233,-0.00448030605912,0.0009765625,2.98810505867,-0.000699444324709,-0.0423327758908,2.27561712265,-0.000471559062134,-0.0265937987715,1.50554114953e-07,1,0.273569971323,-0.0110070258379,-0.00864506699145,-0.0526403561234,-0.0347673073411,-0.0416333302855,-0.0261222403497,-0.0533398017287,-0.0352388657629,-0.00494097732008,0.11851336807,0,0,0,1,0,0,0,0,0,0,0,0,1,0,0.190663427114,0.0657593309879,264.257293701,-4.86932694912e-05,-0.00689959153533,-0.00151477812324,-0.00836558453739,-0.00685080653057,-0.00841433554888,0.291405498981,0,-0.00993154011667,-0.0670836567879,-0.0522160492837,0.00597760267556,0,1,0,0,-12.6495094299,0,0.040304530412,0.0198512561619,263.77499997,-0.0125865768641,-0.00951861869544,267.767456055,263.891998291,8.86462974548,4.51696681976,0.981212437153,0.0771264880896
17700,233.300349368,1,0.284787029028,190.625,8.54200267792,0.244341000915,1,161.876983643,1,33.0212059021,9.03818130493,221.6353319,0.0129526732489,0.0055686570704,-0.000356710195774,1.32231128216,-0.0846647620201,-0.0640278607607,-0.0658271461725,-0.0497818849981,2.37361526489,-0.000370313180611,-0.0224472656846,1.8381922245,-0.000238245382207,-0.0137353427708,1.19325704873e-09,1,0.679119944572,0,1.3606749773,0,-0.000726331956685,-0.000722166383639,-0.0228032842278,-0.0142192635685,-0.0220769532025,-0.0134970974177,1.58609676361,-0.02317359671,-0.0144575089216,-0.0028042527847,0.363332808018,0,0,0,0,1,0,0,0,0,0,0,0,0,1,0,0.543496966362,0.0029296875,0.249993443489,0.0029296875,264.158874512,-5.9574842453e-05,-0.0045155659318,-1.74653180807e-10,-0.00445598224178,-0.00445598177612,-0.00451555103064,0.0029296875,2.97825360298,-0.00067894521635,-0.043951369822,2.26596879959,-0.000432691944297,-0.0269094370306,1.50932464749e-07,1,0.257548451424,-0.0109542515129,-0.00862169824541,-0.0542266778648,-0.0350984409451,-0.0432724282146,-0.0264767445624,-0.0549056231976,-0.0355311334133,-0.00566032482311,0.110467970371,0,0,0,1,0,0,0,0,0,0,0,0,1,0,0.179467439651,0.0611001104116,264.252716064,-4.2550265789e-05,-0.00705274939537,-0.00149994075764,-0.00851016584784,-0.00701022520661,-0.00855266302824,0.290133833885,0,-0.00985867902637,-0.0664604306221,-0.051770914346,0.00601124903187,0,1,0,0,-12.7328863144,0,0.045713275671,0.0193799994886,263.770833304,-0.0126695390791,-0.00958135910332,267.766845703,263.839263916,8.92824363708,4.50177145004,1.1534948349,0.0924473702908
17760,175.678046165,1,0.28768876195,190.625,8.56106758118,0.245342940092,1,162.950561523,1,34.1436958313,9.10168361664,166.894143857,0.0125632751733,0.00556158553809,-0.000365302694263,1.32231128216,-0.0868361592293,-0.0656699836254,-0.0666091740131,-0.0503732934594,2.37851524353,-0.00038433651207,-0.0228145830333,1.83459687233,-0.000252885220107,-0.0137804178521,1.03318598121e-09,1,0.675317645073,0,1.36202096939,0,-0.0007470541168,-0.000746869947761,-0.0231772996485,-0.0142744025216,-0.0224302466959,-0.0135275330395,1.58828389645,-0.0235616378486,-0.0145272882655,-0.00295399641618,0.359534621239,0,0,0,0,1,0,0,0,0,0,0,0,0,1,0,0.53382652998,0.0029296875,0.24404296279,0.0029296875,264.155761719,-5.79282641411e-05,-0.00461403653026,-6.09674644103e-10,-0.00455608125776,-0.0045560807921,-0.00461404770613,0.0029296875,2.97796010971,-0.000642983941361,-0.0452228821814,2.26121139526,-0.000395060051233,-0.0271923020482,1.50888809003e-07,1,0.241019845009,-0.0110569279641,-0.00856291782111,-0.0556368269026,-0.0353601612151,-0.0445798970759,-0.0267972424626,-0.0562798082829,-0.0357552208006,-0.00624940032139,0.102428846061,0,0,0,1,0,0,0,0,0,0,0,0,1,0,0.163436174393,0.0550624243915,264.24899292,-3.16761434078e-05,-0.00725447386503,-0.00147168221883,-0.0086944391951,-0.00722275720909,-0.00872611999512,0.28949072957,0,-0.00982958916575,-0.0661855638027,-0.0514780320227,0.00603368040174,0,1,0,0,-13.0395994186,0,0.0443035103381,0.0193543918431,263.766666637,-0.0129747260362,-0.0098121566698,267.766326904,263.862915039,8.88709259033,4.44140338898,1.32181298733,0.086875744164
17820,204.667224237,1,0.29032433033,190.625,8.55248069763,0.244272232056,1,163.704971313,1,33.2806243896,9.23772525787,194.433863025,0.0116655780002,0.00553107401356,-0.000373704591766,1.32231128216,-0.0885851830244,-0.0669926851988,-0.067638322711,-0.0511515885592,2.38719511032,-0.000573301338591,-0.02297218889,1.83510744572,-0.000391802168451,-0.0142674827948,8.8766682893e-10,1,0.674311697483,0,1.36299145222,0,-0.000756734516472,-0.000736941408832,-0.023155618459,-0.0146126206964,-0.0223988853395,-0.0138756800443,1.58986115456,-0.0237289220095,-0.0150044243783,-0.00263005774468,0.358183115721,0,0,0,0,1,0,0,0,0,0,0,0,0,1,0,0.532692313194,0.002197265625,0.242620199919,0.002197265625,264.153198242,-7.41351395845e-05,-0.00467117317021,-6.7166089357e-10,-0.00459700124338,-0.00459700031206,-0.00467117875814,0.002197265625,2.98485136032,-0.00124090583995,-0.0456962957978,2.26222324371,-0.000801690097433,-0.0281962882727,1.50583218783e-07,1,0.244464576244,-0.0109082460403,-0.00854061637074,-0.0553636364639,-0.035935215652,-0.0444553904235,-0.0273945983499,-0.0566045418382,-0.0367369018495,-0.00552423112094,0.103258982301,0,0,0,1,0,0,0,0,0,0,0,0,1,0,0.16188788414,0.0542236939073,264.246063232,-0.000100497156382,-0.00740984082222,-0.00144491880201,-0.00875427853316,-0.00730935996398,-0.00885476544499,0.28941527009,0,-0.00984732434154,-0.0662210285664,-0.0513554848731,0.00604985747486,0,1,0,0,-13.3395061493,0,0.0410624369979,0.0192478373647,263.76249997,-0.0132731404155,-0.0100378338248,267.765960693,263.861816406,8.9965057373,4.60122680664,1.06418180466,0.0925979018211
17880,236.039587868,1,0.292482823133,190.625,8.55787277222,0.243923991919,1,165.026748657,1,32.3129730225,9.26865291595,224.237608475,0.0145511357114,0.00549759436399,-0.000379041506676,1.32231128216,-0.0898613482714,-0.0679577887058,-0.0687079280615,-0.0519604794681,2.39220094681,-0.000804917770438,-0.0233243890107,1.83836972713,-0.000580925843678,-0.0145788546652,2.32830643654e-10,1,0.674183368683,0,1.36349987984,0,-0.000751180923544,-0.000757948495448,-0.0232706516981,-0.0147558767349,-0.0225194711238,-0.0139979273081,1.59068715572,-0.0240755677223,-0.0153368022293,-0.00256010796875,0.358058005571,0,0,0,0,1,0,0,0,0,0,0,0,0,1,0,0.539773344994,0.00146484375,0.245548129082,0.00146484375,264.150268555,-9.56654548645e-05,-0.00465888530016,-7.30246085823e-10,-0.00456313928589,-0.00456313835457,-0.00465889275074,0.00146484375,2.98629045486,-0.00141107826494,-0.0450364500284,2.26560544968,-0.000994794070721,-0.0286314617842,1.50233972818e-07,1,0.249096512794,-0.0106271002442,-0.00861112307757,-0.0542524717748,-0.0362477861345,-0.0436253733933,-0.0276366639882,-0.0556635484099,-0.0372425802052,-0.00453975237906,0.105232194066,0,0,0,1,0,0,0,0,0,0,0,0,1,0,0.171941041946,0.0575032755733,264.243041992,-0.000104501843452,-0.00727343559265,-0.00142100499943,-0.00858992803842,-0.00716892350465,-0.00869444012642,0.289768368006,0,-0.00989719387144,-0.0664688870311,-0.0514099895954,0.00605833018199,0,1,0,0,-13.5300092697,0,0.0515252947807,0.0191319715232,263.758333303,-0.0134626962245,-0.0101811857894,267.765350342,263.85256958,8.91422939301,4.71960878372,1.23183894157,0.0948733687401
17940,244.2067246,1,0.292827486992,190.625,8.5648317337,0.246754512191,1,166.000900269,1,33.5842018127,9.2187128067,231.99638837,0.0128261502832,0.00548491999507,-0.000378150871256,1.32231128216,-0.0898160859942,-0.0679235607386,-0.0692050158978,-0.0523364022374,2.39289498329,-0.000888957933057,-0.0232937596738,1.84501314163,-0.00068287353497,-0.0145596722141,1.23691279441e-09,1,0.677160203457,0,1.36340367794,0,-0.00073943217285,-0.000754425884224,-0.0231442339718,-0.0146312229335,-0.0224048029631,-0.0138767976314,1.59053099155,-0.0240331925452,-0.0153140965849,-0.00257629808038,0.360398590565,0,0,0,0,1,0,0,0,0,0,0,0,0,1,0,0.548973560333,0.000244140625,0.250366508961,0.000244140625,264.146728516,-0.00010584294796,-0.00459237582982,-7.39916461434e-10,-0.0044864458032,-0.00448644533753,-0.00459238514304,0.000244140625,2.98261499405,-0.00147479423322,-0.0448951646686,2.27363538742,-0.0011449054582,-0.0293810851872,1.50437699631e-07,1,0.250209391117,-0.0104916673154,-0.0086684692651,-0.0539120323956,-0.0369046479464,-0.0434203669429,-0.0282361805439,-0.0553868301213,-0.0380495525897,-0.00378940999508,0.106253042817,0,0,0,1,0,0,0,0,0,0,0,0,1,0,0.174499362707,0.0587641336024,264.239990234,-0.0001215711236,-0.00731533765793,-0.00141909206286,-0.00861283112317,-0.00719373906031,-0.00873443484306,0.290272027254,0,-0.00994809996337,-0.0667549371719,-0.051563218236,0.00605672737584,0,1,0,0,-13.4982194901,0,0.0452549643815,0.0190862864256,263.754166636,-0.0134310638532,-0.0101572629064,267.764862061,263.846618652,8.90529441833,4.5708990097,1.05096650124,0.0886806026101
18000,212.518454329,1,0.292502492666,190.625,8.57813930511,0.247839644551,1,166.14982605,1,35.6126365662,9.05667495728,201.892531613,0.0132571039721,0.00554814469069,-0.000376555341063,1.32231128216,-0.089224293828,-0.0674760118127,-0.0695579797029,-0.0526033304632,2.38921022415,-0.000805087271146,-0.0230901408941,1.85254192352,-0.000617088167928,-0.0147271296009,6.69388100505e-10,1,0.676567435265,0,1.36300325394,0,-0.000726740458049,-0.000745882978663,-0.0230117961764,-0.0148559240624,-0.0222850535065,-0.0141100417823,1.58988034725,-0.0238168817014,-0.0154730118811,-0.00232941913418,0.361097216606,0,0,0,0,1,0,0,0,0,0,0,0,0,1,0,0.551262140274,0,0.252122223377,0,264.143127441,-9.93832945824e-05,-0.00456954538822,-4.61465032853e-10,-0.00447002239525,-0.00447002192959,-0.00456956773996,0,2.97846031189,-0.00145738723222,-0.0441664531827,2.28244185448,-0.00112431193702,-0.0298193432391,1.50001142174e-07,1,0.255506902933,-0.0104808229953,-0.00858889520168,-0.0531898848712,-0.0372839272022,-0.0427090674639,-0.0286950282753,-0.0546472743154,-0.0384082347155,-0.00307697430253,0.109097331762,0,0,0,1,0,0,0,0,0,0,0,0,1,0,0.180838257074,0.0611930601299,264.236877441,-0.000126246362925,-0.00725043565035,-0.00142601295374,-0.00855009816587,-0.00712408591062,-0.00867643207312,0.290696054697,0,-0.00998228415847,-0.0669413208961,-0.0517411343753,0.00605005491525,0,1,0,0,-13.4412660599,0,0.0468170940876,0.0193083118647,263.74999997,-0.0133743938059,-0.0101144062355,267.764343262,263.798583984,8.85877513885,4.71215009689,1.10644054413,0.0872397571802
18060,219.550183844,1,0.292651921511,190.625,8.56255054474,0.246856689453,1,166.380264282,1,35.3472251892,9.1079082489,208.572674652,0.0117962732911,0.00549408141524,-0.00037661040551,1.32231128216,-0.0888779759407,-0.0672141090035,-0.0701866298914,-0.0530787482858,2.38666367531,-0.000833483645692,-0.0236000474542,1.8601000309,-0.000631131581031,-0.015100909397,2.32830643654e-10,1,0.670423567295,0,1.36263132095,0,-0.000740160932764,-0.000756629393436,-0.0235067233443,-0.0152264069766,-0.0227665640414,-0.0144697781652,1.58927583694,-0.0243402067572,-0.015857540071,-0.00237519457005,0.358162403107,0,0,0,0,1,0,0,0,0,0,0,0,0,1,0,0.547574520111,0,0.250811070204,0,264.139190674,-0.000115569680929,-0.00463086366653,-1.21649557094e-09,-0.00451520830393,-0.00451520690694,-0.00463088974357,0,2.97619485855,-0.00180172815453,-0.0456756874919,2.28728294373,-0.00138265651185,-0.0303237698972,1.49593688548e-07,1,0.247987389565,-0.0105507280678,-0.00841390900314,-0.0544246844947,-0.0373550243676,-0.0438739582896,-0.0289411153644,-0.0562264099717,-0.038737680763,-0.00386562990025,0.105750083923,0,0,0,1,0,0,0,0,0,0,0,0,1,0,0.179451793432,0.0606227070093,264.232727051,-0.000180922448635,-0.00735925883055,-0.00140398170333,-0.00858221948147,-0.00717823812738,-0.00876328349113,0.290997803211,0,-0.0100039783865,-0.0670031905174,-0.0519448854029,0.00604385603219,0,1,0,0,-13.4432315826,0,0.0415335185826,0.01911816746,263.745833303,-0.0133763495833,-0.0101158851758,267.763763428,263.83001709,8.79314041138,4.47395896912,1.06762313843,0.0828625038266
18120,230.261000731,1,0.293631494045,190.625,8.55450725555,0.239659458399,1,167.419815063,1,35.6006774902,9.30276489258,218.747950695,0.0157126132399,0.00548628531396,-0.000378042866942,1.32231128216,-0.0892947167158,-0.0675292685628,-0.0708836838603,-0.0536058992147,2.38837766647,-0.000554108759388,-0.0234802085906,1.86737728119,-0.000421923294198,-0.0149977970868,1.7462298274e-10,1,0.669228434563,0.001220703125,1.36208438873,0.001220703125,-0.000749281141907,-0.00076443440048,-0.0236753802747,-0.0153403077275,-0.0229260995984,-0.0145758725703,1.5883872509,-0.0242294892669,-0.015762232244,-0.00244840048254,0.358094424009,0,0.001220703125,0,0,1,0,0,0,0,0,0,0,0,1,0,0.552799224854,0.0029296875,0.253754884005,0.0029296875,264.135192871,-8.78050923347e-05,-0.00456248223782,-1.3005120314e-09,-0.00447451556101,-0.00447451416403,-0.00456248223782,0.0029296875,2.97662067413,-0.00150045065675,-0.0460351407528,2.29270601273,-0.00119324075058,-0.0303686689585,1.48953404278e-07,1,0.246259629726,-0.0104286503047,-0.00841036997736,-0.0549633391201,-0.0375857949257,-0.0445346906781,-0.0291754286736,-0.0564637929201,-0.0387790389359,-0.00414179963991,0.10513138026,0,0,0,1,0,0,0,0,0,0,0,0,1,0,0.189842641354,0.0643116608262,264.228637695,-0.000153824687004,-0.00727780163288,-0.00139137287624,-0.00851526204497,-0.00712388940156,-0.00866910815239,0.291390776634,0,-0.0100296540186,-0.0670848712325,-0.0522204302251,0.00603474024683,0,1,0,0,-13.4943637848,0,0.055774025619,0.0190931390971,263.741666636,-0.0134272277355,-0.0101543618366,267.763305664,263.831695557,8.99210548401,4.44407463074,1.22926998138,0.0918274521828
18180,201.398633246,1,0.294134169817,196.875,8.57153606415,0.21404774487,1,168.090423584,1,35.9674415588,9.38474655151,191.328701584,0.0129154399037,0.00545153860003,-0.000378471770091,1.32231128216,-0.0895310714841,-0.0677080154419,-0.0712142288685,-0.0538558736444,2.39173221588,-0.000459354865598,-0.0235001482069,1.87391400337,-0.000337392062647,-0.0151670072228,-6.69388100505e-10,1,0.666048467159,0,1.36136043072,0,-0.000741178169847,-0.000762182637118,-0.023781972006,-0.0155917974189,-0.0230407938361,-0.014829615131,1.58721077442,-0.0242413282394,-0.015929190442,-0.00237255264074,0.357585012913,0,0,0,0,1,0,0,0,0,0,0,0,0,1,0,0.550849974155,0.00048828125,0.253928124905,0.00048828125,264.131164551,-7.00056552887e-05,-0.00455821305513,-1.02806096969e-09,-0.00448817992583,-0.00448817899451,-0.00455822050571,0.00048828125,2.98210859299,-0.00101788504981,-0.0466027669609,2.29580950737,-0.000734562927391,-0.0307740233839,1.47963874042e-07,1,0.234011515975,-0.0104091558605,-0.00820871070027,-0.0559940375388,-0.0382481738925,-0.0455848798156,-0.0300394594669,-0.057011924684,-0.0389827340841,-0.00438245385885,0.100588157773,0,0,0,1,0,0,0,0,0,0,0,0,1,0,0.18038508296,0.0617008954287,264.22479248,-7.63833522797e-05,-0.00736652314663,-0.00138769764453,-0.00867776572704,-0.00729006854817,-0.00875416398048,0.291823804379,0,-0.0100539205596,-0.0671916529536,-0.0525106340647,0.00602267403156,0,1,0,0,-13.5096731186,0,0.0455783754587,0.0189702175558,263.737499969,-0.0134424604475,-0.0101658822969,267.7628479,263.845092773,8.93514251709,4.65861034393,1.04785501957,0.0990537106991
18240,185.323252417,1,0.293482810259,190.625,8.59037685394,0.247262492776,1,168.230484009,1,34.9449501038,9.09093379974,176.057089796,0.0121097546071,0.00551857240498,-0.000375649920898,1.32231128216,-0.0891860425472,-0.0674470886588,-0.0708349198103,-0.0535690188408,2.39399266243,-0.000511245336384,-0.0230920240283,1.87571334839,-0.000370605266653,-0.0149066578597,-2.91038304567e-10,1,0.673460125923,0,1.36049103737,0,-0.000741814845242,-0.000752297230065,-0.0233225915581,-0.015288349241,-0.0225807782263,-0.0145360529423,1.58579802513,-0.0238338373601,-0.0156589560211,-0.00237868120894,0.362217843533,0,0,0,0,1,0,0,0,0,0,0,0,0,1,0,0.561871170998,0,0.259573370218,0,264.126953125,-7.70092010498e-05,-0.00445778667927,-6.45806297328e-10,-0.00438081054017,-0.00438081007451,-0.00445778667927,0,2.98811554909,-0.00104609457776,-0.0461166724563,2.29551887512,-0.00073641911149,-0.0302756018937,1.4784745872e-07,1,0.239316910505,-0.0104839820415,-0.00787431839854,-0.055554561317,-0.0374135002494,-0.0450705811381,-0.0295391827822,-0.0566006526351,-0.0381499193609,-0.00487057678401,0.102810278535,0,0,0,1,0,0,0,0,0,0,0,0,1,0,0.186222538352,0.0637735724449,264.221008301,-9.04202461243e-05,-0.0072275698185,-0.00139121059328,-0.00852840207517,-0.00713719194755,-0.00861878693104,0.292205423117,0,-0.0100688077509,-0.0672765448689,-0.0527489110827,0.00600818451494,0,1,0,0,-13.4089460373,0,0.0426645465195,0.0192072279751,263.733333303,-0.0133422352374,-0.0100900866091,267.762420654,263.835449219,8.81968212128,4.64865016937,1.2187744379,0.0914792120457
18300,199.788204535,1,0.293824583292,190.625,8.59339809418,0.248773381114,1,167.926315308,1,34.9238700867,9.16348743439,189.798794309,0.0125857871026,0.00554506201297,-0.000377646647394,1.32231128216,-0.0897004902363,-0.0678361356258,-0.0706122368574,-0.0534006170928,2.39906072617,-0.000628346053418,-0.0235957447439,1.87467122078,-0.000403386948165,-0.0149972867221,-1.0259100236e-09,1,0.669715642929,0,1.35974836349,0,-0.000756955356337,-0.000763228046708,-0.0237243510783,-0.0153571264818,-0.0229673981667,-0.01459389925,1.58459115028,-0.0243526995182,-0.0157605130225,-0.0025928420946,0.360723286867,0,0,0,0,1,0,0,0,0,0,0,0,0,1,0,0.54618370533,0.000732421875,0.252735316753,0.000732421875,264.12310791,-8.86600464582e-05,-0.00462702289224,-4.66902405627e-10,-0.00453837495297,-0.00453837402165,-0.00462701916695,0.000732421875,2.99491548538,-0.00156071712263,-0.047560416162,2.2935397625,-0.000991774955764,-0.0303368121386,1.46741513163e-07,1,0.232985928655,-0.0105079822242,-0.00773500138894,-0.0565076768398,-0.0370800383389,-0.0459996983409,-0.0293450392783,-0.0580683983862,-0.0380718111992,-0.00576542457566,0.0999737977982,0,0,0,1,0,0,0,0,0,0,0,0,1,0,0.165744066238,0.0567134097219,264.21697998,-0.00014578551054,-0.00754284113646,-0.00139599270187,-0.00879311934114,-0.00739712687209,-0.00893883407116,0.29245620966,0,-0.0100745745003,-0.0673359036446,-0.0528853088617,0.00599580537528,0,1,0,0,-13.4802207947,0,0.0443849563599,0.0193020366132,263.729166636,-0.0134131554514,-0.0101437196136,267.761505127,263.826751709,8.84295082092,4.75982379913,1.09375762939,0.09326864779
18360,224.933810768,1,0.296350538731,190.625,8.57869243622,0.248380124569,1,167.987014771,1,35.7579193115,9.15908718109,213.68712023,0.0137542672455,0.00546969147399,-0.000387330335798,1.32231128216,-0.0918080657721,-0.0694299936295,-0.0711160972714,-0.0537816621363,2.41153454781,-0.000714763416909,-0.0251110568643,1.87319397926,-0.000460502458736,-0.0155186858028,-2.50292941928e-09,1,0.653119444847,0,1.35922908783,0,-0.000784612086136,-0.000771889113821,-0.0251809041947,-0.0158300735056,-0.0243962928653,-0.0150581840426,1.58374714851,-0.0258956681937,-0.0162905752659,-0.00309703545645,0.352749973536,0,0,0,0,1,0,0,0,0,0,0,0,0,1,0,0.51993393898,0.00048828125,0.241383865476,0.00048828125,264.121002197,-9.70959663391e-05,-0.00490999594331,-2.89319013191e-10,-0.00481294188648,-0.00481294188648,-0.00491002574563,0.00048828125,3.00485754013,-0.00153083400801,-0.0498843938112,2.28833222389,-0.000937632110436,-0.0313616767526,1.46545062307e-07,1,0.215820804238,-0.010577974841,-0.00772597501054,-0.0589315332472,-0.0381500199437,-0.0483535602689,-0.0304240435362,-0.0604623705149,-0.0390876494348,-0.00636956002563,0.0928110331297,0,0,0,1,0,0,0,0,0,0,0,0,1,0,0.136657342315,0.0469465516508,264.214538574,-0.00014123506844,-0.0080376053229,-0.00139800971374,-0.00929447449744,-0.00789646431804,-0.00943564530462,0.29291665554,0,-0.0101076522842,-0.0675588622689,-0.0530183464289,0.00598714966327,0,1,0,0,-13.825881958,0,0.0486228354275,0.0190359540284,263.724999969,-0.0137570966035,-0.0104038259014,267.761047363,263.810089111,8.80774116516,4.64584255219,1.22222816944,0.117742329836
18420,197.976593474,1,0.301017433405,196.875,8.60288333893,0.218777939677,1,168.8019104,1,38.0434074402,9.09505176544,188.0777638,0.0131062166765,0.00542205153033,-0.000403959304094,1.32231128216,-0.0953468158841,-0.0721061825752,-0.0725603178144,-0.0548738539219,2.43429374695,-0.000682299840264,-0.0265875179321,1.87694942951,-0.000494494161103,-0.0165000669658,-1.7462298274e-09,1,0.635624408722,0,1.3587038517,0,-0.00081454589963,-0.000787424563896,-0.026719763875,-0.0167929977179,-0.0259052179754,-0.0160055737942,1.58289384842,-0.0274020656943,-0.0172874927521,-0.00321867526509,0.344330608845,0,0,0,0,1,0,0,0,0,0,0,0,0,1,0,0.498600482941,0.002197265625,0.232017457485,0.002197265625,264.120605469,-8.40649008751e-05,-0.00518084689975,-4.69225103217e-10,-0.00509680528194,-0.00509680481628,-0.00518085062504,0.002197265625,3.02553915977,-0.00139895733446,-0.0533804856241,2.29081130028,-0.000975012779236,-0.0327894240618,1.46945239976e-07,1,0.190788239241,-0.0105405785143,-0.00767606589943,-0.0625221058726,-0.0394904762506,-0.0519815273583,-0.0318144112825,-0.0639210641384,-0.0404654890299,-0.00737240631133,0.0819408595562,0,0,0,1,0,0,0,0,0,0,0,0,1,0,0.126647740602,0.0432718470693,264.213256836,-0.000125840306282,-0.00841330736876,-0.00135288515594,-0.00964038353413,-0.00828749872744,-0.00976622849703,0.293979018927,0,-0.0102017745376,-0.068143799901,-0.0532576590776,0.00597839895636,0,1,0,0,-14.419459343,0,0.0462698228657,0.0188725329936,263.720833302,-0.0143477208912,-0.0108504863456,267.760467529,263.800445557,8.76001548767,4.57849884033,1.28663921356,0.124502159655
18480,186.57043572,1,0.309470713139,196.875,8.62907600403,0.217720210552,1,173.60395813,1,39.644908905,9.21353340149,177.241913934,0.0132882827893,0.00498677045107,-0.000426814425737,1.32231128216,-0.101110868156,-0.0764652565122,-0.0762523412704,-0.0576659552753,2.47080087662,-0.000972570269369,-0.0293088853359,1.89179670811,-0.000725556747057,-0.0188675932586,-1.26601662487e-09,1,0.605528831482,0.00927734375,1.35733032227,0.00927734375,-0.000827590702102,-0.00081899529323,-0.0291639044881,-0.0189610309899,-0.0283363163471,-0.018142035231,1.58066177368,-0.0301364772022,-0.0196865871549,-0.00291287247092,0.330061852932,0,0.00927734375,0,0,1,0,0,0,0,0,0,0,0,1,0,0.478814512491,0.019287109375,0.224225223064,0.019287109375,264.121276855,-0.000116564333439,-0.00553968548775,-3.37188638122e-10,-0.00542314257473,-0.00542314257473,-0.00553969666362,0.019287109375,3.05659365654,-0.00187285151333,-0.0578604638577,2.30167770386,-0.00127020047512,-0.0375955030322,1.33732100949e-07,1,0.167310774326,-0.010073883459,-0.00743800867349,-0.0660614967346,-0.0437633134425,-0.055987611413,-0.036325301975,-0.0679343491793,-0.0450335144997,-0.00595820415765,0.0722120702267,0,0,0,1,0,0,0,0,0,0,0,0,1,0,0.12436529994,0.0427013970912,264.212768555,-0.000160440802574,-0.00896403938532,-0.00129663641565,-0.0101002976298,-0.00880366005003,-0.0102607756853,0.296013534069,0,-0.0103731285781,-0.0692433193326,-0.0537913180888,0.00595550471917,0,1,0,0,-15.2352790833,0,0.0469302125275,0.0173376277089,263.716666636,-0.0151594821364,-0.0114643825218,267.759979248,263.754516602,8.84552955627,4.59922933578,1.53648793697,0.129976674914
18540,202.318890218,1,0.317316800356,190.625,8.64218902588,0.251728087664,1,178.298538208,1,37.5568618774,9.15251636505,192.202945707,0.0131611814722,0.00508813466877,-0.000447993224952,1.32231128216,-0.10615015775,-0.0802762284875,-0.0803699046373,-0.0607798658311,2.50813245773,-0.00104351562914,-0.0298547260463,1.91394031048,-0.000755721412133,-0.0202363692224,-1.8990249373e-09,1,0.599843382835,0.000244140625,1.35404133797,0.000244140625,-0.000855273217894,-0.000873610610142,-0.0296664834023,-0.0203542578965,-0.0288112089038,-0.0194806493819,1.5753172636,-0.0307100005448,-0.0211099795997,-0.00200708117336,0.33150178194,0,0.000244140625,0,0,1,0,0,0,0,0,0,0,0,1,0,0.465583711863,0.005859375,0.221282094717,0.005859375,264.122070312,-0.000122264027596,-0.00579789280891,3.50841938834e-10,-0.00567568466067,-0.00567568466067,-0.0057978965342,0.005859375,3.09004473686,-0.00173316360451,-0.0578528121114,2.31456804276,-0.00135926122312,-0.0381973907351,1.23385689221e-07,1,0.172603413463,-0.0100255366415,-0.00708754872903,-0.0661451816559,-0.0439256802201,-0.0561196506023,-0.0368381291628,-0.0678783506155,-0.0452849380672,-0.00563236977905,0.0759032070637,0,0,0,1,0,0,0,0,0,0,0,0,1,0,0.129141524434,0.0450670905411,264.212341309,-0.000148255378008,-0.0089980661869,-0.0012729143491,-0.01012296509,-0.00885005109012,-0.0102711748332,0.299395918846,0,-0.0106317903847,-0.0709819048643,-0.0548352561891,0.00590068940073,0,1,0,0,-15.9912643433,0,0.0464691370726,0.0176946409047,263.712499969,-0.015911705792,-0.0120332529768,267.759338379,263.813018799,8.86862754822,4.65687417984,1.33417618275,0.139268100262
18600,218.144936013,1,0.318079173565,190.625,8.64073181152,0.252088487148,1,177.860076904,1,36.2833366394,9.35822200775,207.237689212,0.0166819728911,0.00528878718615,-0.000452342297649,1.32231128216,-0.106593504548,-0.0806115046144,-0.0808454230428,-0.0611394792795,2.53203725815,-0.00105957803316,-0.0296137742698,1.92442262173,-0.000770925660618,-0.0200056564063,-1.65891833603e-09,1,0.612791717052,0,1.35060536861,0,-0.00087680190336,-0.000872113509104,-0.0294309966266,-0.020106844604,-0.0285541955382,-0.0192347299308,1.5697337389,-0.0304905772209,-0.0208777710795,-0.00199024891481,0.343532264233,0,0,0,0,1,0,0,0,0,0,0,0,0,1,0,0.474021971226,0.005615234375,0.228637233377,0.005615234375,264.121337891,-0.000127144157887,-0.00586021691561,1.01833763644e-09,-0.00573298847303,-0.00573298940435,-0.00586021691561,0.005615234375,3.11958789825,-0.00158684863709,-0.0561191178858,2.31972646713,-0.00122908060439,-0.036703042686,1.13679561764e-07,1,0.202050864697,-0.00997535325587,-0.00671555474401,-0.0645076185465,-0.0421895198524,-0.0545322671533,-0.0354739613831,-0.0660944730043,-0.0434186011553,-0.00585687253624,0.0901766419411,0,0,0,1,0,0,0,0,0,0,0,0,1,0,0.141387104988,0.0500259548426,264.211181641,-0.000155195593834,-0.00890325009823,-0.00125826895237,-0.0100062889978,-0.00874802097678,-0.0101616084576,0.302931666374,0,-0.0109054706991,-0.0727612674236,-0.0560076981783,0.00584342284128,0,1,0,0,-16.1465053558,0,0.0593367852271,0.0183999910951,263.708333302,-0.0160661749542,-0.01215007063,267.758453369,263.732055664,8.87181282043,4.85492515564,1.13555407524,0.107716619968
18660,186.607692152,1,0.313254565001,196.875,8.62549781799,0.221427977085,1,175.521240234,1,35.5601387024,9.23324012756,177.277307544,0.0143206389621,0.00540557969362,-0.000437827053247,1.32231128216,-0.103671163321,-0.0784014835954,-0.078032001853,-0.059011824429,2.5409579277,-0.00111365295015,-0.0292317923158,1.92063844204,-0.000786066695582,-0.0192859470844,-8.44011083245e-10,1,0.626845836639,0.0009765625,1.34857463837,0.0009765625,-0.000878736784216,-0.000864808156621,-0.0289968773723,-0.0193646885455,-0.0281181409955,-0.0184998810291,1.56643366814,-0.0301105324179,-0.0201507564634,-0.00224933796562,0.354892611504,0,0.0009765625,0,0,1,0,0,0,0,0,0,0,0,1,0,0.496472775936,0.00341796875,0.242004096508,0.00341796875,264.118286133,-0.000132907181978,-0.00571402162313,6.07298433764e-10,-0.00558097427711,-0.00558097474277,-0.00571401417255,0.00341796875,3.14039373398,-0.00207496550865,-0.0550187900662,2.32062602043,-0.00150734465569,-0.0350656025112,1.05297658592e-07,1,0.224633574486,-0.0105511574075,-0.0068581495434,-0.0634949803352,-0.0404164120555,-0.0529438257217,-0.0335582569242,-0.0655699446797,-0.0419237539172,-0.00650341063738,0.101517766714,0,0,0,1,0,0,0,0,0,0,0,0,1,0,0.163539215922,0.0587298646569,264.209533691,-0.00019732862711,-0.00860597193241,-0.00128935999237,-0.00969805382192,-0.00840869359672,-0.009895414114,0.305288344622,0,-0.0110971787944,-0.0739897340536,-0.0567633733153,0.00580957625061,0,1,0,0,-15.6283798218,0,0.0506847016513,0.0188112929463,263.704166635,-0.0155506264418,-0.0117601854727,267.757751465,263.771575928,8.8952255249,4.59245204926,1.22596669197,0.117821149528
18720,210.048741308,1,0.308454662561,190.625,8.63980960846,0.251299053431,1,173.401626587,1,33.907623291,9.25426101685,199.546304243,0.0144369574264,0.00550270732492,-0.000423117366154,1.32231128216,-0.100850112736,-0.0762680545449,-0.0752163380384,-0.0568824745715,2.54326176643,-0.00109043484554,-0.0286049935967,1.91015481949,-0.000765846809372,-0.0189198311418,1.60071067512e-10,1,0.636134982109,0.000244140625,1.34777319431,0.000244140625,-0.00090392032871,-0.000869468494784,-0.0284184813499,-0.0190234519541,-0.0275145620108,-0.0181539840996,1.56513142586,-0.0295089147985,-0.019789300859,-0.00210298737511,0.361667603254,0,0.000244140625,0,0,1,0,0,0,0,0,0,0,0,1,0,0.505736649036,0.00244140625,0.247646227479,0.00244140625,264.113769531,-0.000133804045618,-0.00565070658922,5.61434065904e-10,-0.00551678100601,-0.00551678147167,-0.00565072149038,0.00244140625,3.15245389938,-0.00202496303245,-0.0533287003636,2.31486988068,-0.00139806931838,-0.0341017469764,9.90403350443e-08,1,0.238036558032,-0.0110855270177,-0.00706413527951,-0.0623892620206,-0.0397678166628,-0.0513037368655,-0.032703679055,-0.0644142329693,-0.0411658808589,-0.00620138272643,0.108216457069,0,0,0,1,0,0,0,0,0,0,0,0,1,0,0.171370640397,0.0620484091341,264.206237793,-0.000182263553143,-0.0084848664701,-0.00132761232089,-0.00963026657701,-0.00830265507102,-0.0098124705255,0.306274265051,0,-0.0111795961857,-0.0745963305235,-0.056980509311,0.00579622015357,0,1,0,0,-15.1033124924,0,0.0511087924242,0.0191528052092,263.699999969,-0.0150281712413,-0.0113650783896,267.757324219,263.78326416,8.84599494934,4.60852909088,1.10856354237,0.107572384179
18780,207.330807551,1,0.303126841784,190.625,8.65647506714,0.253669291735,1,170.120346069,1,31.7684383392,9.2885017395,196.964267173,0.0156693086028,0.00559908151627,-0.000409314321587,1.32231128216,-0.097582668066,-0.0737970471382,-0.0723899006844,-0.054744977504,2.53807711601,-0.000861714594066,-0.0270088762045,1.89660465717,-0.000598635931965,-0.0179415009916,-1.45519152284e-10,1,0.652507007122,0,1.34817588329,0,-0.000902527594008,-0.000856903148815,-0.0270496867597,-0.0181997679174,-0.0261471588165,-0.0173428636044,1.56578576565,-0.0279114041477,-0.0187984034419,-0.00186648557428,0.370901465416,0,0,0,0,1,0,0,0,0,0,0,0,0,1,0,0.519316494465,0,0.254188358784,0,264.108642578,-0.000109236687422,-0.00547208823264,3.0344202151e-10,-0.00536269508302,-0.00536269508302,-0.00547208916396,0,3.15585613251,-0.00170330912806,-0.0509982444346,2.30720186234,-0.00118115672376,-0.0325120389462,9.46092768572e-08,1,0.250936210155,-0.0111374501139,-0.00738093908876,-0.0604323856533,-0.038711823523,-0.049294937402,-0.031330883503,-0.0621357001364,-0.0398929789662,-0.00571810826659,0.114396259189,0,0,0,1,0,0,0,0,0,0,0,0,1,0,0.184458419681,0.0669327974319,264.202209473,-0.000164061784744,-0.00816267728806,-0.0013584443368,-0.0093568880111,-0.00799844413996,-0.0095211006701,0.306163012981,0,-0.0111799798906,-0.0746882855892,-0.0567816346884,0.00580293079838,0,1,0,0,-14.6106071472,0,0.0556152239442,0.0194884948432,263.695833302,-0.0145379174501,-0.0109943235293,267.756744385,263.763916016,8.95494842529,4.49009609222,1.18893110752,0.0894879549742
18840,198.907045885,1,0.298447102308,190.625,8.66219425201,0.254393011332,1,167.989440918,1,31.2626457214,9.10117816925,188.961693591,0.012180365622,0.00557149294764,-0.000395603477955,1.32231128216,-0.0945782735944,-0.0715249702334,-0.0701917409897,-0.0530826151371,2.52518248558,-0.000745371100493,-0.0260036960244,1.88100075722,-0.000515265390277,-0.0174598321319,2.69210431725e-10,1,0.66005563736,0,1.34953701496,0,-0.000888104783371,-0.000855441554449,-0.0261464286596,-0.0178000070155,-0.0252583250403,-0.0169445648789,1.5679974556,-0.0268918015063,-0.0183152705431,-0.00157474307343,0.373715281487,0,0,0,0,1,0,0,0,0,0,0,0,0,1,0,0.533275842667,0.00390625,0.259940803051,0.00390625,264.102050781,-9.52780246735e-05,-0.00526818446815,4.9671389224e-10,-0.00517277885228,-0.00517277931795,-0.0052681826055,0.00390625,3.14983987808,-0.00129027711228,-0.0491546355188,2.29414367676,-0.000912158167921,-0.0313197895885,9.07748471946e-08,1,0.258399486542,-0.0112210065126,-0.00758599722758,-0.0590853616595,-0.0379936248064,-0.0478643551469,-0.0304076299071,-0.0603756457567,-0.0389057844877,-0.00532318744808,0.117559105158,0,0,0,1,0,0,0,0,0,0,0,0,1,0,0.203453138471,0.0737432837486,264.196838379,-0.000120922923088,-0.00780206918716,-0.00138414930552,-0.00906500406563,-0.00768085569143,-0.00918624177575,0.305130064487,0,-0.0111100180075,-0.0743072926998,-0.0562552511692,0.00582561502233,0,1,0,0,-14.1211957932,0,0.0429195128381,0.0193899832666,263.691666635,-0.014050940983,-0.010626045987,267.756439209,263.78225708,8.79990196228,4.49261665344,1.16507792473,0.0845656618476
18900,215.445537315,1,0.293128997087,190.625,8.65997314453,0.256078779697,1,165.712356567,1,31.1131038666,9.3469581604,204.673260449,0.0186402779073,0.00577688217163,-0.000379980629077,1.32231128216,-0.0911563336849,-0.0689371228218,-0.0678219497204,-0.0512904562056,2.50621032715,-0.000545662478544,-0.023935502395,1.86351716518,-0.000398080097511,-0.0160903707147,1.00408215076e-09,1,0.681001067162,0,1.35122776031,0,-0.000833058846183,-0.000811694771983,-0.0242228992283,-0.0165039859712,-0.0233898386359,-0.0156922917813,1.5707449913,-0.0247685611248,-0.0169020667672,-0.0014014095068,0.383126199245,0,0,0,0,1,0,0,0,0,0,0,0,0,1,0,0.557120919228,0.0009765625,0.269774079323,0.0009765625,264.094543457,-8.03954899311e-05,-0.00492741167545,2.07068473479e-10,-0.00484699755907,-0.00484699802473,-0.0049274303019,0.0009765625,3.13624382019,-0.00102643936407,-0.046256005764,2.2790851593,-0.000759159156587,-0.0296233836561,8.74424586073e-08,1,0.277078419924,-0.011216705665,-0.00763568468392,-0.0564462728798,-0.0364999100566,-0.0452295690775,-0.0288642253727,-0.0574727132916,-0.0372590683401,-0.00482173729688,0.125172629952,0,0,0,1,0,0,0,0,0,0,0,0,1,0,0.217619076371,0.0782697945833,264.190429688,-0.000100463628769,-0.00742276012897,-0.00141452462412,-0.00873650796711,-0.00732198357582,-0.00883725658059,0.303493052721,0,-0.0109856426716,-0.0735874399543,-0.05553843081,0.00585379544646,0,1,0,0,-13.5635318756,0,0.0665819272399,0.0201160460711,263.687499968,-0.0134960515425,-0.0102064106613,267.75604248,263.784912109,9.00772476196,4.54618644714,1.24591422081,0.0753078907728
18960,209.877054215,1,0.286660671234,190.625,8.67145347595,0.253292322159,1,162.068450928,1,30.2391929626,9.23201084137,199.383201504,0.0168769210577,0.00591604737565,-0.000363367289538,1.32231128216,-0.087160281837,-0.0659151002765,-0.064885251224,-0.0490695722401,2.48053026199,-0.000482993782498,-0.0222018100321,1.84254992008,-0.000332369818352,-0.0143406167626,6.40284270048e-10,1,0.702419042587,0,1.35369801521,0,-0.00077905645594,-0.000764256285038,-0.0224978718907,-0.0147725027055,-0.0217188168317,-0.0140082463622,1.57475924492,-0.0229808650911,-0.0151048721746,-0.00172333081719,0.391256153584,0,0,0,0,1,0,0,0,0,0,0,0,0,1,0,0.574754476547,0,0.275311350822,0,264.086578369,-7.19502568245e-05,-0.00464697927237,-1.98958086117e-10,-0.00457502622157,-0.00457502529025,-0.00464697182178,0,3.11844968796,-0.00101308501326,-0.0436448827386,2.26331567764,-0.000707066501491,-0.0272024087608,8.43429006636e-08,1,0.297816157341,-0.0112718688324,-0.00787368137389,-0.0539036653936,-0.0343690216541,-0.0426317974925,-0.0264953412116,-0.054916754365,-0.0350760892034,-0.00494711752981,0.132877409458,0,0,0,1,0,0,0,0,0,0,0,0,1,0,0.223318368196,0.0792814940214,264.184051514,-9.44882631302e-05,-0.00711032748222,-0.00145378266461,-0.00846934877336,-0.00701556587592,-0.00856409966946,0.30107152462,0,-0.0108008589596,-0.0724606737494,-0.05457335338,0.00589496642351,0,1,0,0,-12.9705133438,0,0.0600551739335,0.0206049233675,263.683333301,-0.0129059832543,-0.00976017024368,267.75567627,263.803375244,9.0111541748,4.68435287476,0.914211273193,0.0679225474596
19020,211.488422567,1,0.281624048948,190.625,8.67665958405,0.256189018488,1,159.212463379,1,30.2530155182,9.2800245285,200.914001438,0.0114372475073,0.00586401671171,-0.000350729416823,1.32231128216,-0.0842334404588,-0.0637016743422,-0.0624784119427,-0.0472493991256,2.45332670212,-0.00037053367123,-0.02087928541,1.82094907761,-0.000282255117781,-0.0131969172508,7.56699591875e-10,1,0.71495360136,0,1.35705447197,0,-0.000743393844459,-0.000727518112399,-0.0212521459907,-0.0136421816424,-0.0205087512732,-0.0129146631807,1.58021330833,-0.0216226801276,-0.0139244357124,-0.00185945664998,0.393272340298,0,0,0,0,1,0,0,0,0,0,0,0,0,1,0,0.590645551682,0,0.279126107693,0,264.078399658,-5.39347529411e-05,-0.00436522811651,1.98596278311e-10,-0.00431124866009,-0.00431124866009,-0.00436523556709,0,3.09572339058,-0.000880084000528,-0.0418073050678,2.24800872803,-0.00069532636553,-0.0262136273086,8.21310095489e-08,1,0.302935510874,-0.011279348284,-0.00804154761136,-0.0522065684199,-0.0335598513484,-0.0409272201359,-0.0255183018744,-0.0530866533518,-0.0342551767826,-0.00452316878363,0.133126929402,0,0,0,1,0,0,0,0,0,0,0,0,1,0,0.229621246457,0.0802004486322,264.177032471,-7.72029161453e-05,-0.00680424273014,-0.00148907070979,-0.00821596570313,-0.00672689452767,-0.0082933306694,0.298045694828,0,-0.0105783045292,-0.0710582584143,-0.0534002706409,0.00595090724528,0,1,0,0,-12.5194015503,0,0.0402400307357,0.0204182229936,263.679166635,-0.0124571155757,-0.00942071340978,267.755187988,263.781738281,8.90366363525,4.63539600372,1.0714673996,0.0696421936154
19080,197.355934361,1,0.279549390078,190.625,8.68997764587,0.256480336189,1,158.160140991,1,29.9608840942,9.33145141602,187.488137643,0.0140583403409,0.00583643792197,-0.000345317530446,1.32231128216,-0.0827671140432,-0.0625927597284,-0.0618699602783,-0.0467892549932,2.42895460129,-0.000431302672951,-0.0200370103121,1.80591893196,-0.000326801004121,-0.012881828472,8.14907252789e-10,1,0.720119357109,0,1.36058092117,0,-0.000714024645276,-0.00071893207496,-0.0203197319061,-0.0132739599794,-0.0196057073772,-0.0125550273806,1.58594417572,-0.0207510348409,-0.0136007592082,-0.00157964800019,0.390850543976,0,0,0,0,1,0,0,0,0,0,0,0,0,1,0,0.597696185112,0,0.278383433819,0,264.070861816,-5.71757555008e-05,-0.00420496053994,3.81392167847e-10,-0.00414767861366,-0.00414767907932,-0.00420495308936,0,3.07244324684,-0.000969583226833,-0.0406533181667,2.23208284378,-0.000732434098609,-0.0259113274515,8.09377525002e-08,1,0.303760945797,-0.0112217497081,-0.00815459061414,-0.0509054884315,-0.0333334803581,-0.0396837368608,-0.0251788944006,-0.0518750697374,-0.0340659171343,-0.00388571876101,0.131223127246,0,0,0,1,0,0,0,0,0,0,0,0,1,0,0.220422357321,0.075633995235,264.170166016,-7.90618360043e-05,-0.00667237304151,-0.00154797150753,-0.008141098544,-0.00659312773496,-0.00822044536471,0.294926911592,0,-0.0103514622897,-0.0696068555117,-0.0522333793342,0.00600968301296,0,1,0,0,-12.3262214661,0,0.0497291833162,0.0203230064362,263.674999968,-0.0122648971155,-0.00927534792572,267.754760742,263.767242432,8.93148994446,4.60058403015,0.950322628021,0.06133749336
19140,199.635670025,1,0.279925704002,190.625,8.71337223053,0.255007624626,1,157.811843872,1,29.4378261566,9.20069122314,189.653886524,0.0142518542707,0.00579710910097,-0.000347479130141,1.32231128216,-0.0827656835318,-0.0625916793942,-0.0623357184231,-0.0471414849162,2.41113567352,-0.000475114415167,-0.0198513194919,1.79647696018,-0.000344459665939,-0.012738564983,4.47471393272e-10,1,0.71829867363,0,1.36377358437,0,-0.000711876666173,-0.000721764634363,-0.0200880803168,-0.013115869835,-0.0193762034178,-0.0123941060156,1.59113192558,-0.0205631945282,-0.0134603288025,-0.00156231643632,0.385307252407,0,0,0,0,1,0,0,0,0,0,0,0,0,1,0,0.591235280037,0,0.271930903196,0,264.064788818,-6.59627839923e-05,-0.00420144293457,4.46404857524e-10,-0.00413535628468,-0.00413535675034,-0.0042014522478,0,3.05545282364,-0.00110947235953,-0.0406916290522,2.21843719482,-0.00082834175555,-0.026379108429,7.94680090621e-08,1,0.28370732069,-0.0118024386466,-0.0081741232425,-0.0513845905662,-0.0337248891592,-0.0395821556449,-0.0255507659167,-0.0524940639734,-0.0345532298088,-0.00385282794014,0.121071025729,0,0,0,1,0,0,0,0,0,0,0,0,1,0,0.185876339674,0.0630602315068,264.164154053,-0.00010309740901,-0.00685001164675,-0.00161894236226,-0.00836560502648,-0.00674666278064,-0.00846903771162,0.292218655348,0,-0.010158745572,-0.0683248490095,-0.0512804687023,0.00606289226562,0,1,0,0,-12.4033813477,0,0.0504340231419,0.0201838351786,263.670833301,-0.0123416725546,-0.00933340936899,267.754302979,263.784484863,8.91212272644,4.45456886292,0.942088186741,0.0708424896002
19200,206.18623452,1,0.282627433538,190.625,8.70330619812,0.257172107697,1,158.177780151,1,30.3029842377,9.30398368835,195.876922794,0.0118959276006,0.00578096415848,-0.000356810342055,1.32231128216,-0.084340877831,-0.0637829229236,-0.0635848492384,-0.0480861440301,2.40495252609,-0.000462614523713,-0.0203300472349,1.79287564754,-0.000332283903845,-0.0127005148679,5.09317032993e-10,1,0.709865987301,0,1.36647105217,0,-0.000723937351722,-0.000737637747079,-0.0205913688987,-0.0131058674306,-0.0198674313724,-0.0123682301491,1.59551537037,-0.0210539828986,-0.013438151218,-0.00186749268323,0.377418220043,0,0,0,0,1,0,0,0,0,0,0,0,0,1,0,0.57636743784,0,0.262523591518,0,264.06072998,-6.3594430685e-05,-0.00429537892342,7.94433352436e-10,-0.00423161871731,-0.00423161964864,-0.00429537892342,0,3.04577064514,-0.00114026083611,-0.0422510579228,2.2114136219,-0.000803966075182,-0.0265788324177,7.84639269114e-08,1,0.260150134563,-0.0120851593092,-0.00825884472579,-0.0531959533691,-0.0340337119997,-0.0411107987165,-0.0257748663425,-0.0543362163007,-0.0348376780748,-0.00468964222819,0.10982619971,0,0,0,1,0,0,0,0,0,0,0,0,1,0,0.162926480174,0.0544397719204,264.159362793,-0.000119984149933,-0.00710938870907,-0.00162303284742,-0.00861228071153,-0.00698924716562,-0.00873254239559,0.29025632143,0,-0.010030108504,-0.0673856064677,-0.0506230667233,0.00610785000026,0,1,0,0,-12.7364616394,0,0.0418929085135,0.0201289653778,263.666666634,-0.0126730958,-0.00958404876292,267.753845215,263.793273926,8.99475669861,4.61018180847,1.03749060631,0.0801249369979
19260,218.265521425,1,0.286498606205,190.625,8.6982793808,0.257256060839,1,159.022903442,1,30.967464447,9.36237049103,207.352245354,0.0124552818015,0.00577257247642,-0.00036969865323,1.32231128216,-0.0869012624025,-0.065719217062,-0.0650269091129,-0.0491767041385,2.40834283829,-0.000669776578434,-0.0206836611032,1.79123473167,-0.000493948929943,-0.0125683052465,6.83940015733e-10,1,0.708979129791,0,1.36850464344,0,-0.000741241383366,-0.000760001828894,-0.0207551270723,-0.0128343570977,-0.0200138855726,-0.012074355036,1.59881997108,-0.0214249044657,-0.0133283054456,-0.00216906145215,0.374876916409,0,0,0,0,1,0,0,0,0,0,0,0,0,1,0,0.569081246853,0,0.257596880198,0,264.057800293,-9.60789620876e-05,-0.00438502058387,5.48217859997e-10,-0.00428881403059,-0.00428881449625,-0.00438502430916,0,3.04334163666,-0.00123845902272,-0.0426302365959,2.205316782,-0.000958444201387,-0.0261074118316,7.66303855926e-08,1,0.261657774448,-0.0120892655104,-0.00808279775083,-0.0534810423851,-0.0332317687571,-0.041391775012,-0.0251489691436,-0.0547195002437,-0.0341902077198,-0.00549860484898,0.109563365579,0,0,0,1,0,0,0,0,0,0,0,0,1,0,0.166291952133,0.0550099983811,264.155303955,-0.00015040487051,-0.00712008774281,-0.00160994241014,-0.00857940502465,-0.00696946308017,-0.00873009115458,0.289266496897,0,-0.00998304411769,-0.0669256225228,-0.0502844452858,0.00614174408838,0,1,0,0,-13.1965141296,0,0.0439129509032,0.0200989916921,263.662499968,-0.0131308594719,-0.0099302334711,267.753448486,263.771881104,9.19631671906,4.64718818665,1.07117986679,0.0807562619448
19320,231.711466898,1,0.288074463606,196.875,8.70589637756,0.226557761431,1,158.825927734,1,30.9059448242,9.37824821472,220.125893553,0.0123880179599,0.00579205807298,-0.000376298849005,1.32231128216,-0.0882323980331,-0.0667258873582,-0.0652434378862,-0.0493404529989,2.41132926941,-0.000781513168477,-0.020627476275,1.78587126732,-0.000540023960639,-0.0123860212043,2.32830643654e-10,1,0.712022006512,0,1.37012553215,0,-0.000753477623221,-0.000771433580667,-0.0205994397402,-0.0126174297184,-0.0198459625244,-0.0118459966034,1.60145401955,-0.0213809534907,-0.013157453388,-0.00222998252138,0.375454366207,0,0,0,0,1,0,0,0,0,0,0,0,0,1,0,0.570676028728,0,0.257317274809,0,264.054718018,-0.000101335346699,-0.00438858196139,1.13133102886e-09,-0.00428721029311,-0.00428721122444,-0.0043885782361,0,3.04070138931,-0.00119078299031,-0.0426715277135,2.19761753082,-0.000793187646195,-0.0254524946213,7.61065166444e-08,1,0.256709039211,-0.0120484754443,-0.00820162892342,-0.0535292178392,-0.0328609347343,-0.0414807423949,-0.0246593095362,-0.0547200031579,-0.0336541235447,-0.00578598212451,0.107185967267,0,0,0,1,0,0,0,0,0,0,0,0,1,0,0.160430699587,0.0528287068009,264.151184082,-0.00014540553093,-0.00717613473535,-0.00160858710296,-0.00863913912326,-0.00703055178747,-0.00878477841616,0.288954824209,0,-0.00999303907156,-0.066824965179,-0.0501219443977,0.00616875942796,0,1,0,0,-13.4321098328,0,0.0436697788537,0.0201663523912,263.658333301,-0.0133652836084,-0.0101075172424,267.75302124,263.725494385,9.09539413452,4.3930683136,1.20012009144,0.0775386542082
19380,221.82591632,1,0.288599908352,196.875,8.72241306305,0.225405931473,1,159.054321289,1,31.1645545959,9.26296520233,210.734620504,0.0127460910007,0.00576863903552,-0.000377818389097,1.32231128216,-0.0887705609202,-0.0671328753233,-0.0651885196567,-0.0492989197373,2.41431045532,-0.00072752579581,-0.0208964794874,1.78103911877,-0.000497092492878,-0.0126308444887,5.82076609135e-11,1,0.706710159779,0,1.37150204182,0,-0.000739175127819,-0.000747684505768,-0.0209081266075,-0.0128814345226,-0.0201689526439,-0.0121337501332,1.60369086266,-0.0216356515884,-0.0133785279468,-0.00216858461499,0.372206449509,0,0,0,0,1,0,0,0,0,0,0,0,0,1,0,0.572140336037,0,0.257347881794,0,264.051330566,-9.34423878789e-05,-0.00438211299479,7.4928951932e-10,-0.00428860867396,-0.00428860960528,-0.00438211672008,0,3.0409822464,-0.00114224874415,-0.0432573594153,2.19178199768,-0.000752765219659,-0.0254234671593,7.56408553571e-08,1,0.251657664776,-0.0119138807058,-0.00829242356122,-0.0540289916098,-0.0329631268978,-0.042115110904,-0.024670701474,-0.0551712401211,-0.0337158888578,-0.00591834448278,0.10501626879,0,0,0,1,0,0,0,0,0,0,0,0,1,0,0.161690965295,0.0530538223684,264.147216797,-0.000139847397804,-0.00715378671885,-0.0015826728195,-0.00859640724957,-0.00701373443007,-0.00873646140099,0.288847833872,0,-0.0100179109722,-0.0668511018157,-0.0499836690724,0.00619170162827,0,1,0,0,-13.4863510132,0,0.0449650809169,0.0200857426971,263.654166634,-0.013419254683,-0.0101483324543,267.752593994,263.786956787,9.00026702881,4.6349864006,1.24715185165,0.0808870345354
19440,220.389932777,1,0.290655851364,190.625,8.71928882599,0.255541175604,1,160.233184814,1,32.7838821411,9.24610805511,209.370436138,0.0154643608257,0.00563387246802,-0.000383111095289,1.32231128216,-0.0901643484831,-0.0681869313121,-0.0659507662058,-0.0498753711581,2.42096877098,-0.000656677526422,-0.0221143253148,1.77830934525,-0.000453541171737,-0.0133723197505,-3.56521923095e-10,1,0.688684821129,0,1.37235736847,0,-0.000744231860153,-0.000753805739805,-0.0222018808126,-0.0136725846678,-0.0214576479048,-0.0129187786952,1.60508084297,-0.0228585582227,-0.0141261247918,-0.00226619467139,0.362695842981,0,0,0,0,1,0,0,0,0,0,0,0,0,1,0,0.557793855667,0,0.250825583935,0,264.048065186,-8.18334519863e-05,-0.00452930666506,4.27646446033e-10,-0.00444745272398,-0.00444745272398,-0.00452932156622,0,3.04108023643,-0.00126113253646,-0.0452243238688,2.18550181389,-0.000885741435923,-0.026442848146,7.56299414206e-08,1,0.236972466111,-0.0117448009551,-0.00822961889207,-0.0557079948485,-0.0337867252529,-0.0439631938934,-0.0255571082234,-0.0569691248238,-0.0346724651754,-0.00615185406059,0.0987823158503,0,0,0,1,0,0,0,0,0,0,0,0,1,0,0.155853539705,0.0511733815074,264.143463135,-0.000138618983328,-0.00732234772295,-0.00156797270756,-0.00875155441463,-0.00718358065933,-0.00889035034925,0.288956522942,0,-0.0100527675822,-0.0669906958938,-0.0499117970467,0.00620595691726,0,1,0,0,-13.6752758026,0,0.054864063859,0.0196122992784,263.649999967,-0.0136072393507,-0.0102904960513,267.752075195,263.736907959,9.04406547546,4.48482227325,1.21862769127,0.089978158474
19500,213.369309422,1,0.29376360774,190.625,8.71042060852,0.253964930773,1,162.428695679,1,34.3103752136,9.3199224472,202.700843951,0.0168092697859,0.00551792606711,-0.000390185596189,1.32231128216,-0.0923719853163,-0.0698564574122,-0.0669990330935,-0.0506681241095,2.43507146835,-0.000997503753752,-0.0231480225921,1.77942204475,-0.000675559975207,-0.0137577876449,1.96450855583e-10,1,0.682725906372,0,1.37238240242,0,-0.000747243408114,-0.000754085136577,-0.0228977613151,-0.0138363130391,-0.02215051651,-0.0130822276697,1.60512125492,-0.0238952673972,-0.0145118720829,-0.00250830920413,0.360123515129,0,0,0,0,1,0,0,0,0,0,0,0,0,1,0,0.554637432098,0,0.249887853861,0,264.045257568,-0.000121550634503,-0.00463318265975,4.47225312339e-10,-0.00451158359647,-0.00451158406213,-0.00463319569826,0,3.04733133316,-0.00214151502587,-0.0476766750216,2.185962677,-0.00150714616757,-0.0276810750365,7.45058059692e-08,1,0.22514218092,-0.0116331046447,-0.00827678572387,-0.0571682527661,-0.0344507172704,-0.0455351546407,-0.0261739324778,-0.0593097731471,-0.0359578616917,-0.0063784616068,0.0939078778028,0,0,0,1,0,0,0,0,0,0,0,0,1,0,0.158032238483,0.0519185736775,264.139953613,-0.000219656154513,-0.00756882317364,-0.00154858233873,-0.00889766588807,-0.00734908413142,-0.00911745801568,0.289530515671,0,-0.0101138334721,-0.0673670321703,-0.0499918982387,0.00620637182146,0,1,0,0,-13.9278030396,0,0.0598057918251,0.0192058123648,263.645833301,-0.0138585101813,-0.0104805203155,267.751739502,263.743652344,9.03620147705,4.53261184692,1.43667888641,0.111550666392
19560,185.06807364,1,0.296566665173,196.875,8.71848297119,0.226840436459,1,164.935775757,1,35.24609375,9.22080135345,175.814669958,0.0109068863094,0.00538105098531,-0.00039535947144,1.32231128216,-0.0942775309086,-0.0712975338101,-0.0680981054902,-0.051499299705,2.45285463333,-0.00113153958227,-0.0236098598689,1.78748548031,-0.000773390231188,-0.014465585351,-1.52795109898e-10,1,0.677459716797,0,1.37144577503,0,-0.000754864071496,-0.000747132929973,-0.0232331827283,-0.0144393257797,-0.0224783197045,-0.0136921927333,1.60359930992,-0.0243647266179,-0.0152127165347,-0.00216831779107,0.358906328678,0,0,0,0,1,0,0,0,0,0,0,0,0,1,0,0.553269147873,0.0009765625,0.250524073839,0.0009765625,264.043029785,-0.000151479616761,-0.00470891594887,6.78754330519e-10,-0.0045573990792,-0.00455740001053,-0.00470891874284,0.0009765625,3.06105947495,-0.0023014547769,-0.0490278452635,2.19747495651,-0.00158260914031,-0.0297637470067,7.41274561733e-08,1,0.20923653245,-0.0115413479507,-0.00842681713402,-0.0582677349448,-0.0366079583764,-0.0467263869941,-0.0281811393797,-0.0605691894889,-0.0381905660033,-0.00514058861881,0.0882329791784,0,0,0,1,0,0,0,0,0,0,0,0,1,0,0.164618998766,0.0546526834369,264.137664795,-0.000258918851614,-0.00772215798497,-0.00152670068201,-0.00898967310786,-0.00746297184378,-0.00924884900451,0.290519893169,0,-0.0101924715564,-0.0679606050253,-0.0501955710351,0.00619076285511,0,1,0,0,-14.1124868393,0,0.0383328311145,0.0187208279967,263.641666634,-0.0140422750264,-0.0106194922701,267.751312256,263.738342285,8.96860122681,4.50631141663,1.16377544403,0.108405053616
19620,170.818522876,1,0.300898224115,190.625,8.76177406311,0.253294199705,1,168.403518677,1,34.2492179871,9.23893451691,162.277596732,0.0110040567815,0.00529189407825,-0.000404434016673,1.32231128216,-0.0967136248946,-0.0731398314238,-0.0705674439669,-0.0533667430282,2.4692697525,-0.000986845931038,-0.0244254618883,1.80313968658,-0.000666281499434,-0.0155849894509,5.82076609135e-11,1,0.662428677082,0,1.36940526962,0,-0.000773215026129,-0.000764238298871,-0.0242118276656,-0.0156829450279,-0.0234386138618,-0.0149187073112,1.60028362274,-0.0251986775547,-0.0163492262363,-0.00168784800917,0.35342925787,0,0,0,0,1,0,0,0,0,0,0,0,0,1,0,0.544501245022,0.001220703125,0.248516708612,0.001220703125,264.040557861,-0.000138517469168,-0.00482679158449,7.18697323876e-10,-0.004688330926,-0.00468833185732,-0.00482683628798,0.001220703125,3.07475781441,-0.00190243811812,-0.0498259812593,2.21188688278,-0.0012166632805,-0.031379584223,7.38218659535e-08,1,0.199718922377,-0.0112839499488,-0.00837237853557,-0.0592074915767,-0.0385353006423,-0.0479235425591,-0.0301629211754,-0.0611099340022,-0.0397519618273,-0.00403225421906,0.0850597247481,0,0,0,1,0,0,0,0,0,0,0,0,1,0,0.168870449066,0.0565784201026,264.134796143,-0.000220600515604,-0.00778337568045,-0.00150981079787,-0.00907251704484,-0.00756270671263,-0.00929315388203,0.292020022869,0,-0.0102939996868,-0.0687571614981,-0.0506180599332,0.00615675374866,0,1,0,0,-14.4364051819,0,0.0386819541454,0.0184077136219,263.637499967,-0.0143645824865,-0.0108632380143,267.750640869,263.728942871,9.03724002838,4.65195655823,1.318790555,0.118311315775
19680,203.764772326,1,0.303500145674,196.875,8.7720708847,0.223245516419,1,170.618682861,1,34.0268936157,9.30495071411,193.576533709,0.0138947553933,0.00535135995597,-0.000409628497437,1.32231128216,-0.0981328189373,-0.0742131024599,-0.0721489787102,-0.0545627810061,2.48554110527,-0.000689082196914,-0.0253334194422,1.81814885139,-0.000440589094069,-0.0158205702901,-5.82076609135e-11,1,0.65091407299,0,1.36637949944,0,-0.000789213518146,-0.000787744298577,-0.0254335515201,-0.0161677263677,-0.0246443375945,-0.0153799802065,1.59536659718,-0.0261226333678,-0.0166083145887,-0.00202506035566,0.350635409355,0,0,0,0,1,0,0,0,0,0,0,0,0,1,0,0.533062338829,0.0068359375,0.246019303799,0.0068359375,264.038208008,-0.000103428959846,-0.0049494355917,1.08898390305e-10,-0.00484600197524,-0.00484600290656,-0.0049494355917,0.0068359375,3.09213876724,-0.00143853761256,-0.05125689134,2.22446584702,-0.000842550420202,-0.0315938703716,7.3981937021e-08,1,0.198982834816,-0.0111022079363,-0.0081846807152,-0.0609205625951,-0.0389360040426,-0.0498183555901,-0.0307513214648,-0.0623591020703,-0.0397785529494,-0.00471462588757,0.0856017768383,0,0,0,1,0,0,0,0,0,0,0,0,1,0,0.173376396298,0.0588324740529,264.132598877,-0.000154502689838,-0.00798378884792,-0.00148608745076,-0.00931523926556,-0.00782915204763,-0.00946982204914,0.293924927711,0,-0.0104110464454,-0.0696653425694,-0.0512570887804,0.00610632449389,0,1,0,0,-14.6218233109,0,0.0491338074207,0.0186198726296,263.6333333,-0.0145490774885,-0.0110027631745,267.749969482,263.715423584,9.01608848572,4.59666824341,1.74594068527,0.116710036993
19740,222.018752373,1,0.304651558399,190.625,8.76143550873,0.253733873367,1,170.920700073,1,35.6939926147,9.26634693146,210.917814754,0.0145687097684,0.00549500575289,-0.000413576228311,1.32231128216,-0.0989479720592,-0.0748295634985,-0.0726033300161,-0.0549063831568,2.50117516518,-0.000569508993067,-0.0258764084429,1.82718145847,-0.000360406644177,-0.0160507578403,-5.96628524363e-10,1,0.646943092346,0,1.36328518391,0,-0.000793931772932,-0.000783843919635,-0.0261008292437,-0.0164741948247,-0.0253068991005,-0.0156903509051,1.59033846855,-0.0266703404486,-0.0168346017599,-0.00218153116293,0.351620495319,0,0,0,0,1,0,0,0,0,0,0,0,0,1,0,0.517341852188,0.002685546875,0.24113547802,0.002685546875,264.036132812,-8.15931707621e-05,-0.00514126941562,2.25761492834e-10,-0.00505965668708,-0.0050596576184,-0.00514126569033,0.002685546875,3.11224102974,-0.00123869231902,-0.0520142391324,2.2333483696,-0.000749782135244,-0.0312641039491,7.3981937021e-08,1,0.195320874453,-0.0112805720419,-0.00808095280081,-0.0620561204851,-0.0385952740908,-0.0507755503058,-0.0305143222213,-0.0632948130369,-0.0393450595438,-0.00566327897832,0.0846017599106,0,0,0,1,0,0,0,0,0,0,0,0,1,0,0.155721947551,0.0532483160496,264.131164551,-0.000128023326397,-0.00819851458073,-0.0015007177135,-0.00957118906081,-0.00807047169656,-0.00969918817282,0.295857071877,0,-0.0105280689895,-0.0705626383424,-0.0519125461578,0.0060547539033,0,1,0,0,-14.7627372742,0,0.0515894219279,0.0191270820796,263.629166633,-0.0146892908961,-0.0111087998375,267.749237061,263.723266602,9.03740692139,4.73223972321,1.32202374935,0.1045634076
19800,185.339871655,1,0.304700106382,190.625,8.76759147644,0.249703735113,1,169.034347534,1,35.1116790771,9.17494106293,176.072878072,0.0142504898831,0.00555853266269,-0.000418391515268,1.32231128216,-0.0991750434041,-0.0750012844801,-0.0723592415452,-0.0547217912972,2.51465511322,-0.000555045786314,-0.0263376999646,1.83149957657,-0.000312742398819,-0.0162910409272,-3.1286617741e-10,1,0.644217133522,0,1.36116576195,0,-0.000804432434961,-0.000782769871876,-0.0265870839357,-0.0167610682547,-0.0257826521993,-0.0159782990813,1.58689427376,-0.0271421298385,-0.0170738101006,-0.0022236991208,0.352706551552,0,0,0,0,1,0,0,0,0,0,0,0,0,1,0,0.501186549664,0.001953125,0.235433399677,0.001953125,264.034240723,-9.0348534286e-05,-0.00537629984319,4.20820045477e-11,-0.00528590194881,-0.00528590194881,-0.00537629984319,0.001953125,3.13052511215,-0.00114459334873,-0.0517629608512,2.2391295433,-0.00060490478063,-0.0312619134784,7.43166310713e-08,1,0.19159090519,-0.0119562987238,-0.00828982330859,-0.0625746622682,-0.0389468371868,-0.0506183691323,-0.0306570120156,-0.0637192577124,-0.0395517423749,-0.00565413152799,0.0835758298635,0,0,0,1,0,0,0,0,0,0,0,0,1,0,0.149238243699,0.0512758493423,264.12878418,-0.000123277306557,-0.00829061120749,-0.00150566443335,-0.00967296864837,-0.00816730409861,-0.00979627296329,0.297528803349,0,-0.0106453653425,-0.0713652074337,-0.0524571314454,0.00601942837238,0,1,0,0,-14.9346227646,0,0.0504290573299,0.0193487834185,263.624999967,-0.0148603208363,-0.0112381409854,267.74887085,263.709625244,8.97668361664,4.78528022766,1.18187534809,0.102602288127
19860,190.103748648,1,0.303997725248,196.875,8.79218769073,0.220078215003,1,167.943649292,1,33.7002716064,9.22713375092,180.598561216,0.0135650876909,0.00556850060821,-0.000418203271693,1.32231128216,-0.0986785292625,-0.0746257975698,-0.072080552578,-0.0545110329986,2.52248239517,-0.000590342271607,-0.0259234160185,1.83592402935,-0.000351042777766,-0.0164761021733,5.82076609135e-11,1,0.650583326817,0,1.36018037796,0,-0.000809049408417,-0.000783371622674,-0.0261421203613,-0.0169084314257,-0.0253330729902,-0.0161250606179,1.58529305458,-0.0267324633896,-0.0172594748437,-0.00183157098945,0.357835412025,0,0,0,0,1,0,0,0,0,0,0,0,0,1,0,0.512507617474,0.000244140625,0.241821497679,0.000244140625,264.031494141,-9.65595245361e-05,-0.0053220782429,-9.53547241167e-11,-0.00522546563298,-0.00522546609864,-0.00532208010554,0.000244140625,3.14240217209,-0.00141292647459,-0.0505947545171,2.24402618408,-0.00080182380043,-0.0313503816724,7.42984411772e-08,1,0.207762390375,-0.0120264664292,-0.00799701362848,-0.0612082965672,-0.0385455712676,-0.0491818264127,-0.0305485595018,-0.0626212209463,-0.0393473953009,-0.005141899921,0.0907497853041,0,0,0,1,0,0,0,0,0,0,0,0,1,0,0.16612252593,0.0572272539139,264.125793457,-0.00017220992595,-0.00813522841781,-0.00150063610636,-0.00946351140738,-0.00796287599951,-0.00963581260294,0.298821508884,0,-0.0107565112412,-0.0720113739371,-0.0528642982244,0.0060030054301,0,1,0,0,-14.9279022217,0,0.0479352660477,0.0193852093071,263.6208333,-0.0148536339402,-0.0112330839038,267.748535156,263.707733154,8.96034431458,4.82924699783,1.10141921043,0.103670574725
19920,209.210480193,1,0.302080512047,190.625,8.79336452484,0.250836491585,1,166.948410034,1,31.4530773163,9.24528980255,198.749956183,0.0143476063386,0.00562085956335,-0.000412786816014,1.32231128216,-0.0974374338984,-0.0736872106791,-0.0711747184396,-0.0538259930909,2.52388525009,-0.000764138880186,-0.0257734805346,1.83396208286,-0.000469388178317,-0.0163528844714,1.01863406599e-10,1,0.656896352768,0,1.35983633995,0,-0.000830903067254,-0.00080751767382,-0.0258402451873,-0.0166910141706,-0.025009341538,-0.0158834960312,1.58473396301,-0.0266043841839,-0.0171604026109,-0.0018072728999,0.362180322409,0,0,0,0,1,0,0,0,0,0,0,0,0,1,0,0.516219854355,0,0.244250923395,0,264.027709961,-0.000119380652905,-0.00534073077142,-5.70446967441e-10,-0.00522125512362,-0.00522125465795,-0.00534071028233,0,3.14555859566,-0.00177733972669,-0.0500608831644,2.23893070221,-0.000997134950012,-0.0305854734033,7.39673851058e-08,1,0.227891296148,-0.0117996428162,-0.00767965428531,-0.0600831843913,-0.0372679978609,-0.0482835434377,-0.0295883379877,-0.0618605278432,-0.0382651314139,-0.00547484029084,0.0998209640384,0,0,0,1,0,0,0,0,0,0,0,0,1,0,0.169360548258,0.0588442087173,264.121887207,-0.000203590840101,-0.00808402895927,-0.00146531430073,-0.00934573821723,-0.00788042414933,-0.00954933464527,0.299585700035,0,-0.010829642415,-0.0724042356014,-0.053114540875,0.00599727127701,0,1,0,0,-14.7345609665,0,0.0507830157876,0.0195686817169,263.616666633,-0.0146612543613,-0.0110875964165,267.748077393,263.694702148,9.01127624512,4.42298698425,1.25453162193,0.0984382256866
19980,230.275181053,1,0.299761414528,196.875,8.79707145691,0.222338303924,1,165.837005615,1,30.5944690704,9.25193214417,218.761422001,0.0230165030807,0.00567489583045,-0.000406055827625,1.32231128216,-0.0959989726543,-0.0725993737578,-0.0700150281191,-0.0529489740729,2.5192694664,-0.000917749828659,-0.0256898738444,1.82749927044,-0.000577466795221,-0.0164854228497,5.3842086345e-10,1,0.659734129906,0,1.36006975174,0,-0.000826092262287,-0.000795419327915,-0.0255982186645,-0.0167033746839,-0.0247721262276,-0.0159079562873,1.58511304855,-0.0265159681439,-0.0172808412462,-0.00165342690889,0.363915681839,0,0,0,0,1,0,0,0,0,0,0,0,0,1,0,0.523604691029,0.001220703125,0.247609600425,0.001220703125,264.023406982,-0.00014316290617,-0.00530808418989,-3.15550974239e-10,-0.00516472244635,-0.00516472198069,-0.00530807301402,0.001220703125,3.13967943192,-0.00195948663168,-0.0494605265558,2.22728967667,-0.00110373378266,-0.0307362936437,7.40983523428e-08,1,0.240909904242,-0.0116026010364,-0.00742340926081,-0.0591036379337,-0.0370559692383,-0.0475010387599,-0.0296325571835,-0.0610631294549,-0.0381597019732,-0.00505737774074,0.105841316283,0,0,0,1,0,0,0,0,0,0,0,0,1,0,0.176227033138,0.061319693923,264.117858887,-0.000221252441406,-0.00808811187744,-0.00144588877447,-0.00931272190064,-0.007866833359,-0.00953405350447,0.299796700478,0,-0.0108585301787,-0.0725385844707,-0.053169246763,0.00600116001442,0,1,0,0,-14.4942951202,0,0.0830114409328,0.0197613276541,263.612499966,-0.0144221838564,-0.0109067996964,267.747467041,263.708312988,8.94937324524,4.70146369934,1.38081526756,0.0784691721201
20040,191.985794067,1,0.296280682087,196.875,8.80634212494,0.222308516502,1,163.420608521,1,29.7985229492,9.24863243103,182.386504364,0.0130871115252,0.00583405327052,-0.000397871801397,1.32231128216,-0.0938957631588,-0.0710088163614,-0.0682429149747,-0.0516088120639,2.50899171829,-0.000837312371004,-0.0250420290977,1.81605911255,-0.000512197962962,-0.0156954936683,1.04773789644e-09,1,0.669929385185,0,1.36094617844,0,-0.000808023614809,-0.000765123753808,-0.025012742728,-0.0159484185278,-0.0242047160864,-0.015183294192,1.58653759956,-0.0258500538766,-0.0164606161416,-0.00191761553288,0.368777394295,0,0,0,0,1,0,0,0,0,0,0,0,0,1,0,0.533544003963,0,0.251511275768,0,264.018463135,-0.000119507312775,-0.00518322736025,1.69296132668e-10,-0.00506356032565,-0.00506356079131,-0.00518322736025,0,3.12958979607,-0.0016347693745,-0.0477023422718,2.21366119385,-0.000952976057306,-0.0288699157536,7.36908987164e-08,1,0.264195203781,-0.0113441180438,-0.00713652838022,-0.0574116893113,-0.035053472966,-0.0460675731301,-0.0279169417918,-0.0590464547276,-0.0360064432025,-0.00565547728911,0.115656614304,0,0,0,1,0,0,0,0,0,0,0,0,1,0,0.194082796574,0.067074328661,264.113525391,-0.000163018703461,-0.00775782763958,-0.00145460641943,-0.00904938392341,-0.00759477773681,-0.00921241939068,0.299490779638,0,-0.0108492132276,-0.0724260210991,-0.0530355982482,0.00601576967165,0,1,0,0,-14.20216465,0,0.0462005399168,0.020318493247,263.6083333,-0.014131506905,-0.0106869740412,267.746856689,263.70803833,9.03740882874,4.67527151108,1.28580307961,0.08653883636
20100,196.528338357,1,0.292601436377,196.875,8.80921649933,0.220396384597,1,160.960083008,1,29.4573554993,9.33706569672,186.701921439,0.0181571952999,0.00580470636487,-0.000389090942917,1.32231128216,-0.0916542038321,-0.0693136379123,-0.0664538666606,-0.0502558425069,2.49638676643,-0.000959684606642,-0.0246102642268,1.80159747601,-0.000597076956183,-0.0158897377551,1.10594555736e-09,1,0.672295808792,0,1.36272192001,0,-0.000820985180326,-0.000777137407567,-0.0244715642184,-0.0160697959363,-0.0236505791545,-0.0152926594019,1.58942306042,-0.0254312492907,-0.0166668742895,-0.00148503913078,0.368297755718,0,0,0,0,1,0,0,0,0,0,0,0,0,1,0,0.537380337715,0,0.252020061016,0,264.0128479,-0.000138252973557,-0.00513841211796,-1.12447273715e-10,-0.00499995984137,-0.00499995984137,-0.00513841211796,0,3.12022089958,-0.00178191857412,-0.0474477857351,2.19819498062,-0.00101072725374,-0.0289649032056,7.39237293601e-08,1,0.259213209152,-0.0115968100727,-0.00742224510759,-0.0572626814246,-0.0353764221072,-0.0456658676267,-0.0279541760683,-0.0590445920825,-0.0363871492445,-0.00527452165261,0.112960159779,0,0,0,1,0,0,0,0,0,0,0,0,1,0,0.186898872256,0.064294449985,264.108581543,-0.000182554125786,-0.0077398866415,-0.00150663591921,-0.00906406901777,-0.00755743309855,-0.00924648344517,0.298518955708,0,-0.0107959238812,-0.0720060318708,-0.0526492297649,0.00604536477476,0,1,0,0,-13.8887290955,0,0.0647886767983,0.0202128104866,263.604166633,-0.0138196311891,-0.0104511175305,267.746490479,263.677978516,9.05145263672,4.49085330963,1.11458587646,0.0875554978848
20160,188.594763411,1,0.292215257883,196.875,8.81683540344,0.22229346633,1,160.308639526,1,30.2310123444,9.27119350433,179.16502524,0.013755781576,0.00573279522359,-0.000389127351809,1.32231128216,-0.0915219038725,-0.0692135840654,-0.0661273598671,-0.05000891909,2.4910941124,-0.000976716750301,-0.0251742117107,1.79421460629,-0.000653397175483,-0.015872951597,1.42608769238e-09,1,0.664947986603,0,1.36481678486,0,-0.000825447146781,-0.000794662744738,-0.0250229425728,-0.0160142183304,-0.0241974946111,-0.0152195543051,1.59282720089,-0.0259996596724,-0.0166676137596,-0.00183964148164,0.362362205982,0,0,0,0,1,0,0,0,0,0,0,0,0,1,0,0.530174076557,0,0.247222959995,0,264.008453369,-0.000148773193359,-0.00519473105669,-6.90434098782e-11,-0.00504576042295,-0.00504576042295,-0.00519471988082,0,3.11574077606,-0.00186925451271,-0.0483844764531,2.1919169426,-0.00118798110634,-0.029663361609,7.3850969784e-08,1,0.240897029638,-0.0118531752378,-0.00766275404021,-0.0583683922887,-0.0361381396651,-0.0465152189136,-0.028475381434,-0.0602376461029,-0.0373261161149,-0.0052730361931,0.104424506426,0,0,0,1,0,0,0,0,0,0,0,0,1,0,0.174851596355,0.0598470494151,264.104522705,-0.000214822590351,-0.00786281004548,-0.00152534293011,-0.00917358137667,-0.00764823844656,-0.00938818976283,0.297338008881,0,-0.0107298605144,-0.0714870095253,-0.0521904453635,0.0060802786611,0,1,0,0,-13.8900270462,0,0.0486283376813,0.0199608504772,263.599999966,-0.0138209220022,-0.0104520944878,267.74621582,263.720428467,8.97793769836,4.41626358032,1.0913361311,0.086806833744
20220,181.376874529,1,0.293526083231,196.875,8.83691883087,0.220173358917,1,160.887268066,1,30.0134849548,9.23227119446,172.308030802,0.0135430758819,0.0057224961929,-0.000392969086533,1.32231128216,-0.0923511385918,-0.0698406919837,-0.0667132437229,-0.0504519976676,2.49087905884,-0.000660468940623,-0.0249455887824,1.7926170826,-0.00046109201503,-0.0159461610019,1.06228981167e-09,1,0.659960627556,0,1.36645305157,0,-0.000860653643031,-0.000841814675368,-0.0251457747072,-0.0163268838078,-0.0242851208895,-0.0154850687832,1.59548640251,-0.0258062444627,-0.0167879741639,-0.00163040240295,0.358199834824,0,0,0,0,1,0,0,0,0,0,0,0,0,1,0,0.525235295296,0.000244140625,0.243898749352,0.000244140625,264.004638672,-0.000108528882265,-0.00518842600286,4.47897330336e-10,-0.00507967732847,-0.00507967825979,-0.00518844276667,0.000244140625,3.11436629295,-0.00147294718772,-0.0479438900948,2.19097280502,-0.00103474187199,-0.0298657249659,7.38946255296e-08,1,0.237324848771,-0.0121902618557,-0.0078266877681,-0.0586612001061,-0.0366576723754,-0.0464709401131,-0.0288309827447,-0.0601341500878,-0.037692412734,-0.00494574801996,0.102481663227,0,0,0,1,0,0,0,0,0,0,0,0,1,0,0.169523045421,0.0579663775861,264.100646973,-0.000157609581947,-0.00788222998381,-0.00156409479678,-0.00928888097405,-0.0077247871086,-0.00944636762142,0.296514749527,0,-0.0106890834868,-0.0711421370506,-0.0518444217741,0.00610755197704,0,1,0,0,-14.0271606445,0,0.0478552877903,0.0199250541627,263.595833299,-0.0139573737979,-0.0105552859604,267.745788574,263.706085205,8.99878406525,4.47637653351,0.924387037754,0.0745959877968
20280,210.41757146,1,0.293687283993,196.875,8.85017490387,0.220856413245,1,160.621856689,1,29.8339805603,9.31931304932,199.896692887,0.0152311148122,0.0058245966211,-0.000394267350202,1.32231128216,-0.0923343896866,-0.0698280259967,-0.0669498443604,-0.0506309270859,2.48750495911,-0.000539148692042,-0.0244223829359,1.79165565968,-0.000356955453753,-0.015549544245,6.11180439591e-10,1,0.664199709892,0,1.36761903763,0,-0.000855250516906,-0.000825666124001,-0.0247384849936,-0.0160182565451,-0.0238832347095,-0.0151925897226,1.59738087654,-0.02527763322,-0.0163752119988,-0.00161888077855,0.359757840633,0,0,0,0,1,0,0,0,0,0,0,0,0,1,0,0.527725100517,0.000244140625,0.244429707527,0.000244140625,264.00088501,-7.98981636763e-05,-0.00512397661805,-5.95031801609e-11,-0.00504383072257,-0.00504383072257,-0.00512398779392,0.000244140625,3.10805130005,-0.00124876468908,-0.046912048012,2.1903219223,-0.000888099893928,-0.0291478727013,7.33998604119e-08,1,0.245929449797,-0.0118952076882,-0.00781236495823,-0.0575584918261,-0.0360721349716,-0.0456632822752,-0.0282597728074,-0.0588072538376,-0.0369602367282,-0.0047225933522,0.105668850243,0,0,0,1,0,0,0,0,0,0,0,0,1,0,0.167592316866,0.0568487457931,264.096740723,-0.000121720135212,-0.00783381611109,-0.00154029484838,-0.00925271399319,-0.00771242007613,-0.00937414169312,0.296025693417,0,-0.0106703396887,-0.0709289684892,-0.0516332760453,0.00612698309124,0,1,0,0,-14.0735006332,0,0.0540100485086,0.0202857479453,263.591666633,-0.0140034835786,-0.0105901565403,267.745330811,263.639923096,9.11703681946,4.80484104156,0.992264807224,0.082689858973
20340,218.692859042,1,0.29058277607,190.625,8.8476524353,0.251665920019,1,158.110488892,1,29.8209590912,9.36833095551,207.75821609,0.0171027872711,0.00601694360375,-0.0003879617434,1.32231128216,-0.0902805775404,-0.068274833262,-0.0656961351633,-0.0496828071773,2.47795200348,-0.000373445567675,-0.02306913957,1.78670752048,-0.0002505092707,-0.0147262476385,5.23868948221e-10,1,0.6796631217,0,1.36906421185,0,-0.000826575560495,-0.000787387660239,-0.0235222689807,-0.0152631271631,-0.0226956941187,-0.0144757386297,1.59972929955,-0.023895714432,-0.0155136361718,-0.00150195369497,0.366659492254,0,0,0,0,1,0,0,0,0,0,0,0,0,1,0,0.5386095047,0.00048828125,0.248303800821,0.00048828125,263.996765137,-5.15580177307e-05,-0.00497364997864,7.40052796822e-10,-0.00492196856067,-0.00492196949199,-0.0049736648798,0.00048828125,3.10308504105,-0.00095816841349,-0.0450286790729,2.18998813629,-0.000649758032523,-0.0280773062259,7.35744833946e-08,1,0.260343044996,-0.0118869766593,-0.00793634168804,-0.0559574887156,-0.0353638902307,-0.0440705120564,-0.0274275504053,-0.0569156594574,-0.0360136479139,-0.00433207117021,0.111028984189,0,0,0,1,0,0,0,0,0,0,0,0,1,0,0.165935531259,0.0558092370629,264.093048096,-7.49528408051e-05,-0.00768965482712,-0.00153380108532,-0.00914875976741,-0.00761495903134,-0.00922349840403,0.295370459557,0,-0.0106421140954,-0.0706086307764,-0.0513848289847,0.00615106942132,0,1,0,0,-13.8484201431,0,0.0608882531524,0.0209669452161,263.587499966,-0.0137795228511,-0.0104207862169,267.744873047,263.694671631,9.15134620667,4.68132972717,1.08061683178,0.0915335267782
20400,211.711459894,1,0.288984894753,190.625,8.85980319977,0.249315023422,1,156.816757202,1,30.1451854706,9.28967761993,201.125886899,0.0224387459457,0.00587666686624,-0.000384745013434,1.32231128216,-0.0891015157104,-0.0673831626773,-0.065234452486,-0.0493336580694,2.46716141701,-0.000303915177938,-0.0233132243156,1.78306055069,-0.000206375072594,-0.01492504403,4.80213202536e-10,1,0.672280550003,0.000732421875,1.37116920948,0.000732421875,-0.000816584040876,-0.000786253483966,-0.0238258950412,-0.0155049227178,-0.0230093095452,-0.0147186694667,1.6031498909,-0.0241298098117,-0.0157112963498,-0.00149270519614,0.360968202353,0,0.000732421875,0,0,1,0,0,0,0,0,0,0,0,1,0,0.531988799572,0.00244140625,0.2439930439,0.00244140625,263.9921875,-2.58088111877e-05,-0.00499095767736,-2.31943769746e-11,-0.00496502872556,-0.00496502779424,-0.00499097630382,0.00244140625,3.09596014023,-0.000872757751495,-0.0452138148248,2.1864824295,-0.000582675100304,-0.0285502206534,7.35890353099e-08,1,0.247303962708,-0.0121506340802,-0.00790883041918,-0.0564916878939,-0.035876378417,-0.044341057539,-0.0279675461352,-0.057364448905,-0.0364590510726,-0.00425913929939,0.104852825403,0,0,0,1,0,0,0,0,0,0,0,0,1,0,0.160590052605,0.0537266544998,264.088623047,-4.55267727375e-05,-0.00768020376563,-0.00153594615404,-0.00917079858482,-0.00763485115021,-0.00921614468098,0.294318318367,0,-0.0105900624767,-0.0700783357024,-0.0510374307632,0.00618615373969,0,1,0,0,-13.7335987091,0,0.0808229520917,0.0204719975591,263.583333299,-0.0136652719229,-0.0103343836963,267.744354248,263.648254395,9.06631278992,4.52619552612,1.04383718967,0.0929536297917
20460,183.05794243,1,0.289822310209,196.875,8.86958408356,0.219492778182,1,157.161392212,1,30.4807243347,9.40604019165,173.905045309,0.0152296135202,0.00575298909098,-0.000387248350307,1.32231128216,-0.0894232094288,-0.0676264464855,-0.0658791735768,-0.0498212277889,2.4630112648,-0.000288539507892,-0.0232584979385,1.78594434261,-0.000189386191778,-0.0151134133339,1.23691279441e-10,1,0.667904019356,0,1.37305474281,0,-0.000833282596432,-0.000813671795186,-0.0238032415509,-0.0157376993448,-0.0229699611664,-0.0149240270257,1.60621380806,-0.0240917820483,-0.0159270837903,-0.00131092453375,0.357344090939,0,0,0,0,1,0,0,0,0,0,0,0,0,1,0,0.523420393467,0.00244140625,0.239428147674,0.00244140625,263.988342285,-2.73063778877e-05,-0.0050449538976,3.10057007846e-10,-0.00501757580787,-0.00501757627353,-0.00504494830966,0.00244140625,3.09462380409,-0.00074802985182,-0.0455721504986,2.18837738037,-0.00053093774477,-0.0297503955662,7.34435161576e-08,1,0.228677585721,-0.0123213892803,-0.00800019688904,-0.0571455098689,-0.037219658494,-0.0448241196573,-0.0292194597423,-0.0578935407102,-0.0377505943179,-0.00360905472189,0.0967341661453,0,0,0,1,0,0,0,0,0,0,0,0,1,0,0.149104163051,0.0499577969313,264.085144043,-5.89266419411e-05,-0.00783919263631,-0.00158391101286,-0.00936439819634,-0.0077804881148,-0.00942309666425,0.293428272009,0,-0.0105485077947,-0.0696121752262,-0.0507796406746,0.00621757749468,0,1,0,0,-13.8229560852,0,0.0540045462549,0.0200307704508,263.579166632,-0.0137541852891,-0.0104016242549,267.743835449,263.683044434,9.18912315369,4.59858703613,1.20409488678,0.0804669857025
20520,196.281098211,1,0.291423052549,196.875,8.88662052155,0.220103129745,1,158.307678223,1,29.4309940338,9.29773616791,186.4670433,0.0123992133886,0.00570124201477,-0.000390849629184,1.32231128216,-0.0902877748013,-0.0682802721858,-0.0667795389891,-0.0505021326244,2.46218681335,-0.000216087850276,-0.0235644560307,1.79116225243,-0.000103377766209,-0.0150035396218,-3.78349795938e-10,1,0.662737727165,0,1.37440001965,0,-0.000841524044517,-0.000820384826511,-0.0241898931563,-0.0157205462456,-0.0233483687043,-0.014900162816,1.60839998722,-0.0244059823453,-0.0158239267766,-0.0015834972728,0.353778123856,0,0,0,0,1,0,0,0,0,0,0,0,0,1,0,0.525887727737,0.00390625,0.240071922541,0.00390625,263.984802246,-2.66022980213e-05,-0.00500297173858,5.25584353817e-10,-0.00497633684427,-0.00497633684427,-0.00500298291445,0.00390625,3.09362673759,-0.000628916313872,-0.0459949858487,2.19252729416,-0.000423662539106,-0.0295582208782,7.38946255296e-08,1,0.22371584177,-0.0124537954107,-0.00803517363966,-0.0578198581934,-0.0371697321534,-0.045366063714,-0.0291345603764,-0.058448780328,-0.0375933945179,-0.00412301486358,0.0943582653999,0,0,0,1,0,0,0,0,0,0,0,0,1,0,0.156087368727,0.0522661805153,264.081420898,-5.49852848053e-05,-0.00773310661316,-0.00158064137213,-0.00925891008228,-0.00767826847732,-0.0093137845397,0.292913079262,0,-0.0105310045183,-0.0693097561598,-0.050681669265,0.00624000001699,0,1,0,0,-13.951505661,0,0.0437102392316,0.019848395139,263.574999965,-0.0138820949942,-0.0104983560741,267.743530273,263.639190674,9.06491851807,4.57572841644,1.10626125336,0.0847961083055
20580,211.56489659,1,0.294072300196,196.875,8.88887691498,0.218363791704,1,160.11390686,1,31.0835189819,9.2536945343,200.98665176,0.0141853578389,0.00570700876415,-0.000397075695219,1.32231128216,-0.0920339524746,-0.0696008205414,-0.0678676515818,-0.051325019449,2.46676635742,-0.000485047698021,-0.0242329891771,1.7958316803,-0.000295199017273,-0.014955024235,-7.27595761418e-11,1,0.660567700863,0,1.37487876415,0,-0.000846050679684,-0.000829495373182,-0.0245939940214,-0.015489321202,-0.0237479433417,-0.0146598257124,1.60917806625,-0.0250790417194,-0.0157845206559,-0.00203596660867,0.352435469627,0,0,0,0,1,0,0,0,0,0,0,0,0,1,0,0.519709944725,0.001953125,0.2372597754,0.001953125,263.98135376,-6.17429614067e-05,-0.00510320439935,7.08023195628e-10,-0.00504146143794,-0.0050414619036,-0.00510320439935,0.001953125,3.09483289719,-0.000944585539401,-0.0476159527898,2.19587087631,-0.00067996175494,-0.0293331947178,7.39382812753e-08,1,0.219112962484,-0.0121669769287,-0.00778616312891,-0.0588383413851,-0.036439396441,-0.0466713607311,-0.0286532323807,-0.0597829222679,-0.037119358778,-0.00537647819147,0.092318713665,0,0,0,1,0,0,0,0,0,0,0,0,1,0,0.156249701977,0.0524385496974,264.077331543,-9.32179391384e-05,-0.00788953155279,-0.00150518864393,-0.00930171087384,-0.00779652316123,-0.00939472019672,0.292865157127,0,-0.0105393854901,-0.0692448988557,-0.0507398061454,0.00624797958881,0,1,0,0,-14.173746109,0,0.0501917488873,0.0198704078794,263.570833299,-0.0141032300889,-0.0106655899435,267.743103027,263.705566406,8.9992275238,4.45111846924,1.04486680031,0.0801079124212
20640,198.031199717,1,0.295637965202,196.875,8.90229797363,0.2184420228,1,161.320404053,1,31.5507602692,9.28465366364,188.129639731,0.0117263356224,0.00563894119114,-0.000400434335461,1.32231128216,-0.0933638885617,-0.0706065893173,-0.068118751049,-0.0515149123967,2.47471237183,-0.00051914784126,-0.0244349557906,1.79639172554,-0.000354890478775,-0.0150264948606,-1.30967237055e-10,1,0.659895300865,0,1.37479043007,0,-0.000855970662087,-0.000824268907309,-0.0247717797756,-0.0154958739877,-0.0239158086479,-0.014671604149,1.60903441906,-0.025290928781,-0.015850763768,-0.00213766167872,0.352508246899,0,0,0,0,1,0,0,0,0,0,0,0,0,1,0,0.522140681744,0.00048828125,0.238628908992,0.00048828125,263.977661133,-7.11493194103e-05,-0.00510496646166,9.69282099028e-10,-0.00503378082067,-0.00503378175199,-0.00510494038463,0.00048828125,3.09899806976,-0.00122177356388,-0.0482131913304,2.19684648514,-0.000944894738495,-0.0298041589558,7.42802512832e-08,1,0.223535716534,-0.0118676805869,-0.00769594265148,-0.0588590949774,-0.0365552045405,-0.0469914227724,-0.0288592614233,-0.060080870986,-0.037500102073,-0.00530421733856,0.0945450514555,0,0,0,1,0,0,0,0,0,0,0,0,1,0,0.164330840111,0.0555057823658,264.073425293,-0.000127840787172,-0.00789343193173,-0.00147142610513,-0.00923729501665,-0.00776586821303,-0.00936478935182,0.293194264174,0,-0.0105720022693,-0.0694156140089,-0.0508780106902,0.00624650623649,0,1,0,0,-14.2936344147,0,0.0412813946605,0.0196296684444,263.566666632,-0.0142225213349,-0.0107558043674,267.742645264,263.675933838,9.09448337555,4.599193573,1.12451219559,0.0869817733765
20700,198.457066926,1,0.297480016947,196.875,8.90332984924,0.218237951398,1,163.341201782,1,31.62200737,9.32262897491,188.53421358,0.0162749830633,0.00555380294099,-0.000402918929467,1.32231128216,-0.0945288091898,-0.0714875608683,-0.0689732208848,-0.0521611087024,2.48224377632,-0.000613447744399,-0.0248598344624,1.80236577988,-0.000384291779483,-0.0157936085016,2.47382558882e-10,1,0.65357375145,0,1.37417626381,0,-0.000862729619257,-0.000828272255603,-0.025109115988,-0.0162375885993,-0.0242463871837,-0.0154093177989,1.6080365181,-0.0257225632668,-0.0166218820959,-0.00172049633693,0.349801123142,0,0,0,0,1,0,0,0,0,0,0,0,0,1,0,0.525716900826,0,0.240686014295,0,263.973815918,-8.20383429527e-05,-0.00510459393263,9.29126109384e-10,-0.00502245686948,-0.00502245780081,-0.00510459206998,0,3.10266947746,-0.0017645257758,-0.0493773892522,2.20238637924,-0.00117910723202,-0.0314694792032,7.40110408515e-08,1,0.215313225985,-0.0115840956569,-0.00767348101363,-0.059196960181,-0.0379638522863,-0.0476128645241,-0.0302903689444,-0.0609614811838,-0.0391429588199,-0.00433680042624,0.0915942117572,0,0,0,1,0,0,0,0,0,0,0,0,1,0,0.167402416468,0.0568622499704,264.069702148,-0.000187285244465,-0.00792158395052,-0.00144895038102,-0.00918360892683,-0.00773465866223,-0.00937051326036,0.293714940548,0,-0.0106109464541,-0.0697130188346,-0.0510494783521,0.00623627193272,0,1,0,0,-14.3823213577,0,0.0578390657902,0.0193344019353,263.562499965,-0.0143107678741,-0.0108225410804,267.742248535,263.680755615,9.05284500122,4.43493175507,1.10610997677,0.0863289237022
20760,204.912219857,1,0.300531953573,196.875,8.90789699554,0.219333872199,1,166.647750854,1,32.280872345,9.53090763092,194.666608864,0.0144869666547,0.00548481428996,-0.000407204439398,1.32231128216,-0.096235319972,-0.0727781131864,-0.0707276016474,-0.0534878596663,2.4905705452,-0.000715608242899,-0.0253881029785,1.81222724915,-0.000447764119599,-0.0164503473788,1.16415321827e-10,1,0.647456288338,0,1.37249827385,0,-0.000875189900398,-0.000859959982336,-0.0255476851016,-0.0168625432998,-0.0246724933386,-0.0160025823861,1.60530984402,-0.0262632928789,-0.0173103082925,-0.00147451402154,0.348099559546,0,0,0,0,1,0,0,0,0,0,0,0,0,1,0,0.525050103664,0.001708984375,0.241675078869,0.001708984375,263.969970703,-0.000100065022707,-0.00515166670084,4.3133166483e-10,-0.00505145359784,-0.00505145359784,-0.00515167042613,0.001708984375,3.10645914078,-0.00175531464629,-0.0499553978443,2.2089881897,-0.00121934781782,-0.0320259742439,7.40983523428e-08,1,0.218512862921,-0.0111255105585,-0.00744793750346,-0.0593255907297,-0.0382545664907,-0.0482000783086,-0.0308066289872,-0.0610809102654,-0.03947391361,-0.00416683638468,0.0937339812517,0,0,0,1,0,0,0,0,0,0,0,0,1,0,0.172305122018,0.0592861510813,264.066162109,-0.000208772718906,-0.00796952098608,-0.00141967774834,-0.00918056815863,-0.00776089029387,-0.00938915461302,0.294619977474,0,-0.0106604062021,-0.0701704770327,-0.0513926297426,0.00620830524713,0,1,0,0,-14.5352954865,0,0.0512911975384,0.0190900340676,263.558333298,-0.0144629804417,-0.0109376516193,267.741973877,263.636932373,9.12992286682,4.44741773605,0.993865907192,0.108035601676
20820,217.352637404,1,0.299679517746,196.875,8.9067440033,0.220834448934,1,166.888519287,1,32.8644371033,9.51744747162,206.485005534,0.01348028332,0.00562621094286,-0.000403166777687,1.32231128216,-0.0955113321543,-0.0722305998206,-0.0705696046352,-0.0533683747053,2.49317741394,-0.000361562415492,-0.024826226756,1.81614863873,-0.000177236477612,-0.0158802233636,4.36557456851e-11,1,0.654670119286,0,1.37028264999,0,-0.000844522961415,-0.000845508766361,-0.0253091882914,-0.0165484957397,-0.0244646631181,-0.0157029852271,1.60170936584,-0.0256707500666,-0.0167257320136,-0.00160123826936,0.353597193956,0,0,0,0,1,0,0,0,0,0,0,0,0,1,0,0.533121407032,0,0.246559873223,0,263.965545654,-5.704164505e-05,-0.00504832342267,7.91059440175e-10,-0.00499119516462,-0.00499119609594,-0.00504832342267,0,3.1124162674,-0.000872073345818,-0.049295861274,2.21505069733,-0.000592444208451,-0.0304698348045,7.41565600038e-08,1,0.223325282335,-0.0112034957856,-0.00757137406617,-0.0596272833645,-0.0374487638474,-0.0484237857163,-0.0298773907125,-0.060499355197,-0.03804121539,-0.00503742322326,0.0965563058853,0,0,0,1,0,0,0,0,0,0,0,0,1,0,0.172183096409,0.0595575347543,264.062805176,-0.000130735337734,-0.0078696757555,-0.00146092637442,-0.0091998828575,-0.00773895625025,-0.00933053344488,0.295624017715,0,-0.010704449378,-0.070630505681,-0.0518056303263,0.00617137830704,0,1,0,0,-14.3911705017,0,0.0476272143424,0.0195850767195,263.554166632,-0.0143195725977,-0.0108291991055,267.741394043,263.651092529,9.18138885498,4.48515224457,1.18563997746,0.0967025384307
20880,213.263124671,1,0.297542273998,196.875,8.91592216492,0.221834942698,1,165.242538452,1,32.4330940247,9.65119552612,202.599968438,0.0141403488815,0.00576103990898,-0.000398532894906,1.32231128216,-0.0944359079003,-0.0714173018932,-0.0691832527518,-0.0523199439049,2.49505853653,-0.000435188674601,-0.024918762967,1.81389212608,-0.000214694504393,-0.0153376087546,4.65661287308e-10,1,0.658695697784,0,1.36870467663,0,-0.000833348021843,-0.000846777693368,-0.0253169219941,-0.0159696917981,-0.024483576417,-0.0151229146868,1.59914493561,-0.0257521122694,-0.0161843877286,-0.00209242431447,0.35711479187,0,0,0,0,1,0,0,0,0,0,0,0,0,1,0,0.532201468945,0,0.247150987387,0,263.961303711,-6.59376382828e-05,-0.00506545975804,1.04765274234e-09,-0.00499950349331,-0.00499950442463,-0.00506545975804,0,3.12156438828,-0.00112451915629,-0.0492001697421,2.21844887733,-0.000746464706026,-0.0296966321766,7.36908987164e-08,1,0.22289969027,-0.011619371362,-0.00786984805018,-0.059695020318,-0.0368200168014,-0.0480756498873,-0.0289501659572,-0.0608195438981,-0.0375664792955,-0.00562789663672,0.0971876829863,0,0,0,1,0,0,0,0,0,0,0,0,1,0,0.164149984717,0.0570742189884,264.059631348,-0.000158570706844,-0.00793439894915,-0.00149182323366,-0.00926771014929,-0.00777588691562,-0.00942625105381,0.29613494873,0,-0.0107141304761,-0.0708421841264,-0.0520032122731,0.00614507682621,0,1,0,0,-14.2257604599,0,0.0500278100371,0.0200626645237,263.549999965,-0.0141549855471,-0.0107047306374,267.740875244,263.658538818,9.33665657043,4.49068069458,1.18400001526,0.0900121480227
20940,207.77219089,1,0.296741694212,190.625,8.92114067078,0.255137681961,1,164.263534546,1,32.9403572083,9.49339771271,197.383581346,0.0148946335539,0.00574428401887,-0.00039768073475,1.32231128216,-0.0942531600595,-0.0712791010737,-0.0683659687638,-0.0517018735409,2.49759435654,-0.000690500310156,-0.0248202569783,1.81125211716,-0.000363457016647,-0.0150708388537,4.51109372079e-10,1,0.664359688759,0,1.36783730984,0,-0.000832358025946,-0.000860114465468,-0.0249621160328,-0.0155674982816,-0.0241297595203,-0.0147073827684,1.59773564339,-0.0256526172161,-0.0159309543669,-0.00219503627159,0.360830485821,0,0,0,0,1,0,0,0,0,0,0,0,0,1,0,0.537067770958,0,0.250080347061,0,263.957214355,-8.899345994e-05,-0.0050239674747,1.07406872285e-09,-0.0049349386245,-0.00493494002149,-0.00502398610115,0,3.12719774246,-0.00185924465768,-0.0491243116558,2.21968793869,-0.00110485963523,-0.0296941418201,7.34289642423e-08,1,0.233296960592,-0.011608960107,-0.00803681276739,-0.0588740259409,-0.0366260930896,-0.0472650676966,-0.0285892840475,-0.0607332736254,-0.0377309545875,-0.00526314787567,0.101786032319,0,0,0,1,0,0,0,0,0,0,0,0,1,0,0.176356494427,0.0613653697073,264.055908203,-0.000227898359299,-0.00787048041821,-0.00150444288738,-0.00914722681046,-0.00764278369024,-0.0093749165535,0.296323657036,0,-0.0107101937756,-0.070936024189,-0.0520065203309,0.00613062176853,0,1,0,0,-14.1953439713,0,0.0527795553207,0.0200027748942,263.545833298,-0.0141247203574,-0.0106818424538,267.740386963,263.642364502,9.23339271545,4.43894577026,1.13786816597,0.093242354691
21000,218.920634903,1,0.296024233103,196.875,8.92960166931,0.223000884056,1,163.280273438,1,34.0646934509,9.56221103668,207.974603158,0.0133114028722,0.00577269028872,-0.000397180643631,1.32231128216,-0.0939677730203,-0.0710632801056,-0.0678010135889,-0.0512746237218,2.49906110764,-0.000718853087164,-0.0244595501572,1.80910074711,-0.000399270909838,-0.0146927721798,1.16415321827e-10,1,0.671576738358,0,1.36745095253,0,-0.000806605094112,-0.000834296923131,-0.0245473049581,-0.0151277966797,-0.0237406976521,-0.0142935011536,1.59710788727,-0.0252661556005,-0.0155270695686,-0.00228114542551,0.36470207572,0,0,0,0,1,0,0,0,0,0,0,0,0,1,0,0.539526939392,0,0.251205921173,0,263.953399658,-9.19550657272e-05,-0.00500102341175,1.64257740742e-09,-0.00490904366598,-0.00490904599428,-0.00500102341175,0,3.13059616089,-0.00203621713445,-0.0491200461984,2.22110414505,-0.00120719301049,-0.0295506007969,7.27013684809e-08,1,0.23531460762,-0.0113902185112,-0.00793253909796,-0.0584740489721,-0.0362759493291,-0.0470838323236,-0.0283434092999,-0.0605102628469,-0.0374831408262,-0.0052402894944,0.102491155267,0,0,0,1,0,0,0,0,0,0,0,0,1,0,0.165655910969,0.0573952198029,264.052612305,-0.000223070383072,-0.00803427398205,-0.00150261027738,-0.00931406579912,-0.00781145505607,-0.00953686237335,0.296366155148,0,-0.010704299435,-0.0709946900606,-0.0519296303391,0.00612418306991,0,1,0,0,-14.1774930954,0,0.0470141097903,0.0201011747122,263.541666631,-0.0141069581732,-0.010668409057,267.740234375,263.605438232,9.19861030579,4.47505187988,1.22255468369,0.1022740677
21060,210.793921941,1,0.295533448458,196.875,8.94743347168,0.224413052201,1,162.310684204,1,33.8129196167,9.39770889282,200.254225844,0.0183151066303,0.00572726456448,-0.000397569296183,1.32231128216,-0.0936095044017,-0.0707923322916,-0.0676414370537,-0.0511539429426,2.50028514862,-0.000563633919228,-0.0244282186031,1.80887460709,-0.000349667097908,-0.0149801904336,5.3842086345e-10,1,0.668949306011,0,1.36768519878,0,-0.000822000787593,-0.000832833931781,-0.0246865861118,-0.0154633559287,-0.0238645840436,-0.014630522579,1.59748840332,-0.0252502188087,-0.0158130228519,-0.00205967831425,0.362577676773,0,0,0,0,1,0,0,0,0,0,0,0,0,1,0,0.540538787842,0.001953125,0.251033902168,0.001953125,263.950256348,-6.86943531036e-05,-0.00497718900442,1.41742895199e-09,-0.00490852072835,-0.00490852259099,-0.00497720763087,0.001953125,3.13403916359,-0.00167596666142,-0.0490959063172,2.22251653671,-0.00109181622975,-0.0300343111157,7.25558493286e-08,1,0.226565480232,-0.0114107895643,-0.00789520516992,-0.0588307268918,-0.0368377007544,-0.0474199391901,-0.0289424955845,-0.0605066940188,-0.0379295162857,-0.00492795417085,0.0979250520468,0,0,0,1,0,0,0,0,0,0,0,0,1,0,0.161670774221,0.0552772954106,264.049743652,-0.000173017382622,-0.00805490091443,-0.00147084670607,-0.00935287773609,-0.0078820316121,-0.00952570140362,0.296226918697,0,-0.0106971599162,-0.0709748417139,-0.051797285676,0.00612808624282,0,1,0,0,-14.191365242,0,0.0653744339943,0.0199450124055,263.537499965,-0.0141207613051,-0.0106788482517,267.739959717,263.593139648,9.17700576782,4.72802734375,1.30572855473,0.106887936592
21120,181.047861336,1,0.297411084175,196.875,8.92527103424,0.223143443465,1,162.940887451,1,33.9144630432,9.38027381897,171.99546827,0.0133879426867,0.00563666643575,-0.0004036280734,1.32231128216,-0.0946944653988,-0.071612842381,-0.0686532706022,-0.051919143647,2.505443573,-0.000739377632271,-0.0252038054168,1.81181132793,-0.000474195432616,-0.0154466293752,6.11180439591e-10,1,0.661161780357,0,1.36790108681,0,-0.000857269973494,-0.000860032392666,-0.0253216978163,-0.015832465142,-0.0244644284248,-0.0149724334478,1.59783935547,-0.0260610748082,-0.016306662932,-0.00212238775566,0.358084857464,0,0,0,0,1,0,0,0,0,0,0,0,0,1,0,0.529506802559,0.003173828125,0.245743721724,0.003173828125,263.947296143,-9.42274928093e-05,-0.00512876361609,1.43389644602e-09,-0.00503453426063,-0.00503453519195,-0.00512877106667,0.003173828125,3.13899374008,-0.00180095317774,-0.0506507195532,2.22357988358,-0.00120536668692,-0.0308486185968,7.29924067855e-08,1,0.209584534168,-0.0116386897862,-0.00791160482913,-0.0604884549975,-0.0375548601151,-0.0488497614861,-0.029643252492,-0.0622894093394,-0.0387602262199,-0.00529045332223,0.0902480334044,0,0,0,1,0,0,0,0,0,0,0,0,1,0,0.152164593339,0.051877528429,264.046905518,-0.000181600451469,-0.00823521614075,-0.00148789142258,-0.00954143982381,-0.00805354770273,-0.00972314178944,0.296246469021,0,-0.0107057373971,-0.0710063129663,-0.0517529472709,0.00613168533891,0,1,0,0,-14.4076356888,0,0.0472919382155,0.0196230318397,263.533333298,-0.0143359554932,-0.010841589421,267.739593506,263.630859375,9.16612625122,4.35489368439,1.52906966209,0.116124644876
21180,208.904053936,1,0.302810907364,196.875,8.94275283813,0.223327755928,1,165.891326904,1,33.877986908,9.47425079346,198.458851239,0.0287453718483,0.00553926359862,-0.000418437790358,1.32231128216,-0.0983194112778,-0.0743542090058,-0.0709543079138,-0.0536593087018,2.51973867416,-0.000888655660674,-0.0270870197564,1.81935739517,-0.000581904489081,-0.0160796549171,5.85714587942e-10,1,0.64208304882,0.00146484375,1.36737918854,0.00146484375,-0.000891674426384,-0.000908196670935,-0.0270900391042,-0.0164059475064,-0.0261983647943,-0.0154977506027,1.59699118137,-0.0279786940664,-0.0169878527522,-0.00269502447918,0.348883271217,0,0.00146484375,0,0,1,0,0,0,0,0,0,0,0,1,0,0.513873934746,0.005126953125,0.239281982183,0.005126953125,263.945129395,-0.000111360102892,-0.00534044485539,1.48644030418e-09,-0.00522899255157,-0.00522899348289,-0.00534048397094,0.005126953125,3.14566278458,-0.00186599174049,-0.0527580603957,2.22516322136,-0.0012497974094,-0.0317074730992,7.30215106159e-08,1,0.19388628006,-0.0114564523101,-0.00781412050128,-0.0623485185206,-0.0382717996836,-0.0508920662105,-0.0304576791823,-0.0642145127058,-0.0395215936005,-0.00576562155038,0.0839540809393,0,0,0,1,0,0,0,0,0,0,0,0,1,0,0.142857298255,0.0490294583142,264.043945312,-0.000183954834938,-0.00842134654522,-0.00149287935346,-0.00973014719784,-0.0082372687757,-0.00991419702768,0.296948671341,0,-0.0107664316893,-0.0713608786464,-0.0519519224763,0.00612298585474,0,1,0,0,-14.9362735748,0,0.105047389865,0.0192878488451,263.529166631,-0.0148619636893,-0.0112393833697,267.739227295,263.630096436,9.21934509277,4.75796318054,1.57036352158,0.114364914596
21240,214.473849143,1,0.305653333664,190.625,8.95550537109,0.255263179541,1,166.192337036,1,32.7169837952,9.40926837921,203.750156686,0.0170484893024,0.00560103729367,-0.000429552688729,1.32231128216,-0.100444972515,-0.0759616717696,-0.0719154924154,-0.0543862059712,2.53397893906,-0.000675206712913,-0.0275046229362,1.82483994961,-0.000449218554422,-0.0162539221346,1.16415321827e-10,1,0.636660456657,0,1.36606645584,0,-0.000885482353624,-0.000892058189493,-0.0277148969471,-0.0166967604309,-0.0268294140697,-0.0158047005534,1.59485816956,-0.0283901039511,-0.0171459801495,-0.00279472302645,0.348251700401,0,0,0,0,1,0,0,0,0,0,0,0,0,1,0,0.493011087179,0.017578125,0.231485158205,0.017578125,263.943603516,-8.20476561785e-05,-0.00559018179774,1.44747480668e-09,-0.00550821516663,-0.00550821656361,-0.00559018366039,0.017578125,3.15653181076,-0.00127408467233,-0.0529820919037,2.22739624977,-0.000818109081592,-0.032208122313,7.264316082e-08,1,0.187559708953,-0.0115294642746,-0.00766731519252,-0.0632374733686,-0.0390573292971,-0.051708009094,-0.0313900113106,-0.064511552453,-0.0398754365742,-0.00556921865791,0.0819590464234,0,0,0,1,0,0,0,0,0,0,0,0,1,0,0.127048581839,0.0441425479949,264.041503906,-0.000124383717775,-0.00871583819389,-0.00149489962496,-0.0100863827392,-0.0085914824158,-0.010210711509,0.298375606537,0,-0.0108823198825,-0.0720909237862,-0.0523603931069,0.00610110862181,0,1,0,0,-15.333024025,0,0.060687918216,0.0194982420653,263.524999964,-0.0152567401528,-0.0115379337221,267.739013672,263.592285156,9.2101020813,4.67635917664,1.28733682632,0.0965365096927
21300,173.700036609,1,0.305804759264,190.625,8.96427249908,0.253513872623,1,165.102706909,1,31.200504303,9.41586303711,165.015034778,0.0145688932389,0.00568840000778,-0.000433030509157,1.32231128216,-0.10052703321,-0.0760237276554,-0.0720112100244,-0.054458592087,2.54080677032,-0.000484116608277,-0.0276032872498,1.82863759995,-0.00032114435453,-0.0165208987892,2.91038304567e-10,1,0.634690761566,0.000244140625,1.36531639099,0.000244140625,-0.000888338603545,-0.000897164747585,-0.0280075091869,-0.0170969199389,-0.0271191708744,-0.0161997545511,1.59363913536,-0.0284916255623,-0.017418064177,-0.0025971531868,0.349006772041,0,0.000244140625,0,0,1,0,0,0,0,0,0,0,0,1,0,0.494774103165,0.0078125,0.233675867319,0.0078125,263.941711426,-6.71967864037e-05,-0.00559853762388,9.50837741875e-10,-0.00553142465651,-0.00553142558783,-0.00559855997562,0.0078125,3.16103625298,-0.000964157632552,-0.0517982244492,2.22890281677,-0.000588589173276,-0.0319785885513,7.28468876332e-08,1,0.202832698822,-0.0115598943084,-0.00768836820498,-0.0623939596117,-0.0390783697367,-0.0508340671659,-0.03139000386,-0.0633581131697,-0.0396669581532,-0.00495967641473,0.0889102444053,0,0,0,1,0,0,0,0,0,0,0,0,1,0,0.140510857105,0.0489855334163,264.038757324,-9.55015420914e-05,-0.00854441523552,-0.00150694814511,-0.0099559482187,-0.0084489993751,-0.010051317513,0.299798458815,0,-0.0110147977248,-0.0728286057711,-0.0527591109276,0.0060886060819,0,1,0,0,-15.4571657181,0,0.0515900850296,0.019807798788,263.520833298,-0.0153802642599,-0.0116313491017,267.738800049,263.618164062,9.17720890045,4.43228340149,1.07476365566,0.085409745574
21360,203.088622969,1,0.30299526453,190.625,8.96210765839,0.254334360361,1,162.947769165,1,30.4811420441,9.38376331329,192.93419182,0.0182325597852,0.00581852439791,-0.000426775164669,1.32231128216,-0.0985211730003,-0.0745067894459,-0.070926964283,-0.0536386296153,2.54116439819,-0.000423293880885,-0.0268223173916,1.82811927795,-0.000274353078566,-0.0163168571889,1.7462298274e-10,1,0.645173788071,0,1.36532640457,0,-0.000863869092427,-0.000864649366122,-0.0272628925741,-0.0169071536511,-0.0263990238309,-0.0160425044596,1.59365534782,-0.0276861879975,-0.0171815082431,-0.00227829487994,0.355602502823,0,0,0,0,1,0,0,0,0,0,0,0,0,1,0,0.501813948154,0.0009765625,0.23735781014,0.0009765625,263.938476562,-6.4879655838e-05,-0.00557268410921,1.21718168877e-09,-0.00550786172971,-0.00550786266103,-0.00557269528508,0.0009765625,3.16332149506,-0.000784203002695,-0.0514154843986,2.22893071175,-0.000521667767316,-0.0314390994608,7.29050952941e-08,1,0.20941182971,-0.0114031974226,-0.00766591681167,-0.0620344802737,-0.0385833494365,-0.0506312809885,-0.0309174321592,-0.0628186762333,-0.0391050204635,-0.00508983805776,0.0918155610561,0,0,0,1,0,0,0,0,0,0,0,0,1,0,0.147373646498,0.0513175055385,264.03503418,-6.89961016178e-05,-0.00842781737447,-0.00146735541057,-0.00982630439103,-0.00835894793272,-0.00989515706897,0.300678491592,0,-0.0111131044105,-0.0732877328992,-0.0530135408044,0.00608877278864,0,1,0,0,-15.2338781357,0,0.0650681704283,0.0202641841024,263.516666631,-0.0151580879465,-0.0114633282647,267.738525391,263.624969482,9.17166614532,4.56823253632,1.03031420708,0.0777833014727
21420,187.531319659,1,0.299272060394,190.625,8.9699306488,0.251782506704,1,161.496994019,1,30.9176597595,9.4514875412,178.154753676,0.0138475587592,0.00581774674356,-0.000414929265389,1.32231128216,-0.0960314720869,-0.0726239532232,-0.0693101584911,-0.0524159185588,2.5352973938,-0.00036812433973,-0.0261692143977,1.82337617874,-0.000224235613132,-0.0157419610769,3.71073838323e-10,1,0.654575884342,0,1.36622858047,0,-0.000844429247081,-0.000837602594402,-0.0266455188394,-0.0163553282619,-0.0258010905236,-0.0155177246779,1.59512162209,-0.0270136445761,-0.0165795627981,-0.00237076776102,0.360598444939,0,0,0,0,1,0,0,0,0,0,0,0,0,1,0,0.515461206436,0,0.243517279625,0,263.933654785,-4.59533184767e-05,-0.00542041473091,6.30039576066e-10,-0.00537451310083,-0.00537451356649,-0.00542041100562,0,3.15969181061,-0.000908250745852,-0.0501312837005,2.23034906387,-0.000587582588196,-0.0300444625318,7.3661794886e-08,1,0.225091576576,-0.0114192720503,-0.00792271923274,-0.0606423094869,-0.0373796001077,-0.049223035574,-0.0294568818063,-0.0615505613387,-0.0379671826959,-0.00526858307421,0.0985368788242,0,0,0,1,0,0,0,0,0,0,0,0,1,0,0.166453659534,0.057755805552,264.030670166,-7.97472894192e-05,-0.00813688337803,-0.00149058678653,-0.00954764708877,-0.00805705972016,-0.00962738320231,0.300738632679,0,-0.0111473547295,-0.0733351483941,-0.0530257970095,0.00610381085426,0,1,0,0,-14.8110351562,0,0.0489621050656,0.0202612858266,263.512499964,-0.0147373480722,-0.0111451428384,267.738220215,263.551757812,9.20770645142,4.65291309357,0.962903618813,0.0952686220407
21480,193.950176537,1,0.295653045177,190.625,8.97937393188,0.251484274864,1,160.134765625,1,30.8123130798,9.42369937897,184.25266771,0.0146057065576,0.00590326404199,-0.000403460900998,1.32231128216,-0.0937484502792,-0.0708974152803,-0.0676086544991,-0.0511291511357,2.52520155907,-0.000491522543598,-0.025274567306,1.8163548708,-0.000324994703988,-0.0149275772274,3.49245965481e-10,1,0.669148087502,0,1.36756515503,0,-0.000811106176116,-0.000811388366856,-0.0255941506475,-0.0154139697552,-0.0247830413282,-0.0146025801077,1.59729337692,-0.0260856710374,-0.0157389640808,-0.00252196425572,0.367420762777,0,0,0,0,1,0,0,0,0,0,0,0,0,1,0,0.526098072529,0,0.247533127666,0,263.928222656,-6.17206096649e-05,-0.00530627369881,6.59965637695e-10,-0.00524456426501,-0.00524456519634,-0.00530628114939,0,3.15367364883,-0.00138433976099,-0.0492432564497,2.22991752625,-0.000966318417341,-0.02926703915,7.35453795642e-08,1,0.238905221224,-0.0113628227264,-0.00828896835446,-0.0592217408121,-0.0365896895528,-0.047858916223,-0.028300723061,-0.0606060773134,-0.0375560075045,-0.00507990922779,0.104027435184,0,0,0,1,0,0,0,0,0,0,0,0,1,0,0.173094078898,0.0596889071167,264.026367188,-0.000133566558361,-0.00809296220541,-0.00150296767242,-0.00946236867458,-0.00795940123498,-0.00959585607052,0.30012345314,0,-0.01111741364,-0.0730529129505,-0.0528075657785,0.00612608529627,0,1,0,0,-14.4016695023,0,0.0517244301736,0.020562870428,263.508333297,-0.0143300192431,-0.0108370995149,267.737731934,263.604125977,9.12153816223,4.47788238525,1.15560352802,0.0935194790363
21540,194.270896522,1,0.293467640877,190.625,8.99293804169,0.249935001135,1,158.747161865,1,30.2797298431,9.46757316589,184.557351696,0.0123807424679,0.00584338931367,-0.000398028962081,1.32231128216,-0.0923698544502,-0.0698548480868,-0.0666097849607,-0.0503737553954,2.51652383804,-0.000419628951931,-0.024666165933,1.80890107155,-0.000269067939371,-0.0146038178355,1.60071067512e-10,1,0.673416435719,0,1.36930346489,0,-0.000815118779428,-0.000826060480904,-0.0250616557896,-0.015160809271,-0.0242465361953,-0.0143347494304,1.60011804104,-0.0254812836647,-0.0154298776761,-0.00240427209064,0.368027359247,0,0,0,0,1,0,0,0,0,0,0,0,0,1,0,0.532427072525,0.0009765625,0.249065935612,0.0009765625,263.923034668,-6.63548707962e-05,-0.00521843880415,8.47082182176e-10,-0.00515204947442,-0.00515205040574,-0.00521843135357,0.0009765625,3.15277290344,-0.0011665582424,-0.0483213476837,2.22652006149,-0.000828024174552,-0.0283666290343,7.34871719033e-08,1,0.241882055998,-0.0117848981172,-0.00834816135466,-0.0589396879077,-0.0358867645264,-0.0471547879279,-0.027538606897,-0.0601062439382,-0.0367147922516,-0.00545827485621,0.105073109269,0,0,0,1,0,0,0,0,0,0,0,0,1,0,0.17779108882,0.0611310601234,264.02230835,-0.000129211694002,-0.00795404613018,-0.00153716630302,-0.009362032637,-0.00782486610115,-0.00949119776487,0.299060821533,0,-0.011051369831,-0.0725567936897,-0.0524336323142,0.00615505687892,0,1,0,0,-14.2077741623,0,0.0436434857547,0.020350754261,263.50416663,-0.0141370883211,-0.0106911957264,267.737304688,263.541320801,9.21097946167,4.53785562515,1.28818845749,0.110026054084
21600,202.010653799,1,0.291980296373,196.875,8.98942184448,0.218018844724,1,158.108093262,1,30.3521404266,9.41872787476,191.910121109,0.0144463442266,0.00586436502635,-0.000393592257751,1.32231128216,-0.0913777649403,-0.0691045820713,-0.0660168975592,-0.0499253831804,2.50763845444,-0.000309314462356,-0.0239852368832,1.80162668228,-0.000169261591509,-0.0143674593419,2.47382558882e-10,1,0.67633664608,0,1.37098860741,0,-0.000822577509098,-0.000845153466798,-0.0244984999299,-0.0150433508679,-0.0236759223044,-0.0141981970519,1.60285639763,-0.024807812646,-0.0152126131579,-0.00216237828135,0.367859005928,0,0,0,0,1,0,0,0,0,0,0,0,0,1,0,0.537125587463,0.00146484375,0.249871119857,0.00146484375,263.917816162,-5.75073063374e-05,-0.00512419641018,2.0075387186e-10,-0.00506662018597,-0.00506662018597,-0.00512419641018,0.00146484375,3.14865493774,-0.000945141946431,-0.0474300682545,2.22172141075,-0.000600566680077,-0.0279211830348,7.34398781788e-08,1,0.2392321527,-0.0120412036777,-0.00867282599211,-0.0585261248052,-0.0359934419394,-0.0464849248528,-0.0273206159472,-0.0594712719321,-0.0365940108895,-0.00511256465688,0.103643357754,0,0,0,1,0,0,0,0,0,0,0,0,1,0,0.173181176186,0.0595154240727,264.018096924,-0.000108574517071,-0.00791706424206,-0.00156451191287,-0.00937291048467,-0.0078083993867,-0.00948156137019,0.297887384892,0,-0.01097394526,-0.0719975531101,-0.0520267188549,0.00618314370513,0,1,0,0,-14.0494041443,0,0.0511430352926,0.0204247608781,263.499999964,-0.0139795066789,-0.0105720236897,267.736938477,263.585968018,9.21819114685,4.5471200943,1.10576176643,0.0968239307404
21660,195.211153144,1,0.292407095432,196.875,8.99904346466,0.21758851409,1,158.554031372,1,30.3371753693,9.47368049622,185.450595486,0.0133370896801,0.00574117945507,-0.000394208880607,1.32231128216,-0.0916189402342,-0.0692869722843,-0.0662462562323,-0.050098836422,2.50217533112,-0.000717463437468,-0.0242373421788,1.79721331596,-0.000462261523353,-0.0145557951182,6.40284270048e-10,1,0.675549507141,0,1.3723692894,0,-0.000841037253849,-0.000880876556039,-0.0243609137833,-0.0149744106457,-0.0235198773444,-0.0140935340896,1.60509991646,-0.0250783786178,-0.0154366735369,-0.00213070097379,0.365816652775,0,0,0,0,1,0,0,0,0,0,0,0,0,1,0,0.538539767265,0,0.249285563827,0,263.913208008,-0.000112518668175,-0.00512927770615,3.47881501384e-10,-0.00501662120223,-0.00501662166789,-0.0051292963326,0,3.14534759521,-0.00142773834523,-0.0476869121194,2.21640372276,-0.000980276847258,-0.0279950611293,7.33998604119e-08,1,0.235857695341,-0.0121568748727,-0.00881476793438,-0.0584160536528,-0.035829551518,-0.0462591759861,-0.0270147826523,-0.0598437897861,-0.0368098281324,-0.00516640162095,0.10188318789,0,0,0,1,0,0,0,0,0,0,0,0,1,0,0.175292938948,0.059909440577,264.014465332,-0.00017224252224,-0.00792860239744,-0.0016026237281,-0.0093590291217,-0.00775640551001,-0.00953129678965,0.29682469368,0,-0.0108997710049,-0.0714777708054,-0.0516644716263,0.00620615296066,0,1,0,0,-14.0714159012,0,0.0471073389053,0.0199885852635,263.495833297,-0.0140014085919,-0.0105885872617,267.736724854,263.573272705,9.22602653503,4.62040281296,1.21011972427,0.0827538371086
21720,177.905800837,1,0.2940980196,196.875,9.01710605621,0.217368155718,1,159.128997803,1,30.191204071,9.44387245178,169.010510795,0.0129901757464,0.00577394803986,-0.000399638171075,1.32231128216,-0.0928658097982,-0.0702299177647,-0.0667591691017,-0.050486728549,2.5010664463,-0.000920572842006,-0.0245068743825,1.79331541061,-0.000594147422817,-0.0143643813208,7.56699591875e-10,1,0.675505459309,0,1.37329053879,0,-0.000833500642329,-0.000847701914608,-0.0244198031723,-0.0146179357544,-0.0235863029957,-0.0137702347711,1.60659706593,-0.0253403764218,-0.015212085098,-0.00244380650111,0.364912807941,0,0,0,0,1,0,0,0,0,0,0,0,0,1,0,0.538015782833,0,0.248722657561,0,263.909179688,-0.000128835439682,-0.00511831045151,8.97975138692e-10,-0.00498928083107,-0.00498928222805,-0.00511832535267,0,3.14035725594,-0.00153772579506,-0.0480165928602,2.21050548553,-0.00109041901305,-0.0275130905211,7.32252374291e-08,1,0.231648042798,-0.012261737138,-0.00866099540144,-0.0587406046689,-0.0350836701691,-0.0464788712561,-0.0264226719737,-0.0602783337235,-0.0361740887165,-0.00594067713246,0.100057572126,0,0,0,1,0,0,0,0,0,0,0,0,1,0,0.176161915064,0.0603606849909,264.010375977,-0.000182271003723,-0.00794906914234,-0.001627974445,-0.0093947108835,-0.00776673620567,-0.00957721471786,0.296175599098,0,-0.0108575839549,-0.0711766779423,-0.0514335632324,0.00622150860727,0,1,0,0,-14.26521492,0,0.0458491817117,0.0201049577445,263.49166663,-0.0141942435876,-0.0107344193384,267.736450195,263.573394775,9.17057228088,4.45942926407,1.10282826424,0.0847460255027
21780,201.662285999,1,0.294134438038,196.875,9.02166461945,0.216980844736,1,158.766464233,1,29.9293727875,9.44042682648,191.579171699,0.0218903273344,0.00589891336858,-0.000400699587772,1.32231128216,-0.0932208001614,-0.0704983770847,-0.0663114562631,-0.0501481443644,2.5028128624,-0.000831482757349,-0.0243723746389,1.78695034981,-0.000517261971254,-0.0137215815485,8.0035533756e-10,1,0.678724527359,0,1.37398350239,0,-0.000822817324661,-0.000800037523732,-0.024363707751,-0.0140043571591,-0.0235408917069,-0.0132043212652,1.60772323608,-0.025195190683,-0.0145216202363,-0.00288116745651,0.366218596697,0,0,0,0,1,0,0,0,0,0,0,0,0,1,0,0.537003040314,0,0.248054757714,0,263.905517578,-0.000120047479868,-0.00510148331523,1.035499686e-09,-0.00498125748709,-0.00498125841841,-0.00510148331523,0,3.13751316071,-0.00137247040402,-0.0484117902815,2.20566987991,-0.000940434634686,-0.0269890874624,7.34289642423e-08,1,0.232391864061,-0.01228303276,-0.00862988270819,-0.0593223497272,-0.0346785336733,-0.0470393151045,-0.0260486509651,-0.0606948174536,-0.0356189720333,-0.0065437098965,0.10030104965,0,0,0,1,0,0,0,0,0,0,0,0,1,0,0.169250428677,0.057963103056,264.006530762,-0.000145927071571,-0.00801480188966,-0.00162876886316,-0.00949760712683,-0.00786883756518,-0.00964374467731,0.295809864998,0,-0.0108388718218,-0.0710470527411,-0.0512548089027,0.00623305886984,0,1,0,0,-14.3031024933,0,0.0787511542439,0.020548010245,263.487499963,-0.0142319425941,-0.0107629289851,267.736358643,263.608215332,9.22034645081,4.5681219101,1.05056285858,0.0907032936811
21840,216.712724414,1,0.294380187988,196.875,9.01524066925,0.217674851418,1,157.975906372,1,30.8000774384,9.37548160553,205.877088193,0.0120905563235,0.00587390176952,-0.000403714948334,1.32231128216,-0.0937052816153,-0.0708647668362,-0.0659578591585,-0.0498807355762,2.50618696213,-0.000786909309682,-0.0245827101171,1.78164100647,-0.000497071829159,-0.0136776585132,5.63886715099e-10,1,0.675469279289,0,1.37489104271,0,-0.000812731217593,-0.000796720036305,-0.0246085301042,-0.0139773059636,-0.0237958021462,-0.0131805865094,1.60919761658,-0.0253954399377,-0.0144743779674,-0.0029929287266,0.36398935318,0,0,0,0,1,0,0,0,0,0,0,0,0,1,0,0.530674993992,0,0.245024710894,0,263.90246582,-0.000109422951937,-0.00514160422608,8.28046298196e-10,-0.00503205368295,-0.00503205414861,-0.00514161167666,0,3.13820886612,-0.00130967097357,-0.0488777384162,2.20218276978,-0.000887903850526,-0.027036819607,7.31088221073e-08,1,0.223087787628,-0.0122061539441,-0.00861893128604,-0.0597742199898,-0.0347678475082,-0.0475680679083,-0.0261489152908,-0.061083894223,-0.0356557518244,-0.00661020167172,0.096250526607,0,0,0,1,0,0,0,0,0,0,0,0,1,0,0.157839715481,0.0540352836251,264.003295898,-0.000125110149384,-0.00813943892717,-0.00160685204901,-0.00962115079165,-0.00801429897547,-0.00974643230438,0.295510053635,0,-0.0108316652477,-0.0709825605154,-0.0510322824121,0.00624818122014,0,1,0,0,-14.4107370377,0,0.0425952486694,0.0204574111849,263.483333297,-0.0143390418962,-0.0108439233154,267.735992432,263.602996826,9.17971611023,4.60960102081,1.19555640221,0.081447288394
21900,199.292373312,1,0.295385479927,196.875,9.0220746994,0.218092530966,1,157.7837677,1,29.7140808105,9.4006986618,189.327754646,0.0142694516107,0.00585610279813,-0.000408361811424,1.32231128216,-0.0944686606526,-0.0714420750737,-0.0662350431085,-0.0500903576612,2.51092100143,-0.000686913263053,-0.024593885988,1.77894747257,-0.000459674163722,-0.0139109035954,3.78349795938e-10,1,0.673289775848,0,1.37582397461,0,-0.000812706188299,-0.000788980280049,-0.0247196797282,-0.0142402099445,-0.0239069741219,-0.0134512297809,1.61071395874,-0.0254065915942,-0.014699883759,-0.00278823869303,0.362082600594,0,0,0,0,1,0,0,0,0,0,0,0,0,1,0,0.526497781277,0,0.24229003489,0,263.899658203,-8.74903053045e-05,-0.00518684647977,-1.961059648e-10,-0.00509924022481,-0.00509923975915,-0.00518683902919,0,3.14004325867,-0.00121432566084,-0.048946056515,2.19907593727,-0.000850051525049,-0.0275751892477,7.33271008357e-08,1,0.219644069672,-0.0119570083916,-0.00845752190799,-0.059688732028,-0.0351826585829,-0.0477317273617,-0.0267251376063,-0.060903057456,-0.0360327139497,-0.0060986187309,0.0939859896898,0,0,0,1,0,0,0,0,0,0,0,0,1,0,0.152133122087,0.0514326915145,264.000183105,-0.000103216618299,-0.0081761777401,-0.00159056438133,-0.00966342352331,-0.00807285867631,-0.00976681336761,0.295408308506,0,-0.0108454022557,-0.0710199028254,-0.050849173218,0.00626373291016,0,1,0,0,-14.5766086578,0,0.0504981577396,0.0203956365585,263.47916663,-0.0145040880889,-0.0109687391669,267.735870361,263.588165283,9.14639091492,4.36992168427,1.11120343208,0.0714846327901
21960,189.784165529,1,0.295024782419,190.625,9.03981876373,0.248163357377,1,157.349822998,1,28.7536220551,9.41300582886,180.294957252,0.015941105783,0.00584598490968,-0.000407989718951,1.32231128216,-0.0940752178431,-0.071144528687,-0.0663050711155,-0.0501433163881,2.50900888443,-0.000577647762839,-0.0241913869977,1.77713370323,-0.000398092437536,-0.0141697181389,1.01863406599e-10,1,0.674772500992,0,1.37678015232,0,-0.000799343455583,-0.000773013802245,-0.0244130827487,-0.0145446406677,-0.0236137378961,-0.0137716270983,1.61226785183,-0.024990728125,-0.0149427335709,-0.00232914695516,0.362379491329,0,0,0,0,1,0,0,0,0,0,0,0,0,1,0,0.533298313618,0,0.244780257344,0,263.895904541,-7.23414123058e-05,-0.00512300059199,-5.33007249448e-11,-0.00505062937737,-0.00505062844604,-0.0051229968667,0,3.13533735275,-0.000951943336986,-0.0476757660508,2.19542980194,-0.000699511729181,-0.0278708897531,7.31379259378e-08,1,0.227065891027,-0.011843607761,-0.00838119629771,-0.0585674345493,-0.035552572459,-0.0467238239944,-0.0271713770926,-0.0595193766057,-0.0362520888448,-0.00506496522576,0.0966617539525,0,0,0,1,0,0,0,0,0,0,0,0,1,0,0.169264957309,0.0568216852844,263.99597168,-7.86557793617e-05,-0.00794930011034,-0.00153801054694,-0.00940864160657,-0.00787063129246,-0.0094873867929,0.295396208763,0,-0.0108691658825,-0.0710871815681,-0.0507311783731,0.00627967016771,0,1,0,0,-14.5633268356,0,0.0566124357283,0.0203593112528,263.474999963,-0.0144908726215,-0.0109587451443,267.735443115,263.546936035,9.18716049194,4.51357984543,1.06267035007,0.0777546539903
22020,207.195413613,1,0.295026272535,196.875,9.04823303223,0.21469412744,1,157.740707397,1,29.4391136169,9.49995613098,196.835642932,0.0137973455712,0.00582202291116,-0.000406984880101,1.32231128216,-0.0935075730085,-0.0707152485847,-0.0671052336693,-0.0507484376431,2.50328302383,-0.000776883447543,-0.0240957587957,1.77871251106,-0.000573859317228,-0.0153603944927,-4.51109372079e-10,1,0.670971393585,0,1.37759208679,0,-0.000804369163234,-0.000785045092925,-0.0241232458502,-0.0155715821311,-0.023318875581,-0.0147865377367,1.61358714104,-0.0249001290649,-0.0161454416811,-0.00133783207275,0.359873503447,0,0,0,0,1,0,0,0,0,0,0,0,0,1,0,0.534646272659,0,0.245020538568,0,263.891418457,-0.000103760510683,-0.00515250116587,-6.61296295501e-11,-0.00504872202873,-0.00504872202873,-0.00515249744058,0,3.12828683853,-0.00115964817815,-0.0476728342474,2.18949317932,-0.000953018781729,-0.0293260850012,7.33998604119e-08,1,0.228016465902,-0.0116192251444,-0.0082013681531,-0.0581324063241,-0.036574434489,-0.0465131774545,-0.0283730681986,-0.0592920556664,-0.0375274531543,-0.00399698317051,0.0970018804073,0,0,0,1,0,0,0,0,0,0,0,0,1,0,0.175837606192,0.0590357147157,263.991088867,-0.000108726322651,-0.00797482207417,-0.00151513924357,-0.00938124395907,-0.00786610506475,-0.00948998704553,0.295309901237,0,-0.0108816344291,-0.0710581466556,-0.0506791174412,0.00629320228472,0,1,0,0,-14.5274581909,0,0.0487794652581,0.0202748030424,263.470833296,-0.0144551824778,-0.0109317544848,267.73526001,263.522125244,9.23811531067,4.64181423187,1.13740682602,0.0794182196259
22080,196.521686314,1,0.2952054739,196.875,9.04582023621,0.2149091959,1,158.362518311,1,30.2511329651,9.5281162262,186.695601998,0.0127465315163,0.00590818654746,-0.000406126026064,1.32231128216,-0.0931292325258,-0.0704291313887,-0.0678670480847,-0.0513245612383,2.49850440025,-0.00088175246492,-0.0237806551158,1.78230166435,-0.000634099997114,-0.0150824710727,1.81898940355e-10,1,0.676866769791,0,1.37793445587,0,-0.00079683214426,-0.000783381459769,-0.0236957333982,-0.0152317527682,-0.0228989012539,-0.0144483717158,1.61414361,-0.0245774853975,-0.0158658511937,-0.00140786962584,0.363080114126,0,0,0,0,1,0,0,0,0,0,0,0,0,1,0,0.542080283165,0,0.248705103993,0,263.886932373,-0.000121960416436,-0.0050849635154,-2.11261008687e-11,-0.00496295513585,-0.00496295560151,-0.00508497841656,0,3.12529969215,-0.00135627039708,-0.0476651489735,2.18633556366,-0.00102623132989,-0.0284499190748,7.36254150979e-08,1,0.237447842956,-0.011661272496,-0.0080070886761,-0.0579701475799,-0.0354307815433,-0.0463088750839,-0.0274236891419,-0.0593264177442,-0.0364570096135,-0.00491482159123,0.101163364947,0,0,0,1,0,0,0,0,0,0,0,0,1,0,0.185830011964,0.0625972300768,263.986633301,-0.000144109129906,-0.00788961350918,-0.00150535814464,-0.00925090257078,-0.00774554442614,-0.0093951150775,0.295313477516,0,-0.0108912382275,-0.0709887742996,-0.0507817752659,0.00629890756682,0,1,0,0,-14.4968013763,0,0.0449666678905,0.0205789860338,263.46666663,-0.0144246779382,-0.0109086856246,267.734771729,263.545318604,9.26382637024,4.45822095871,1.00109624863,0.0786156356335
22140,209.794927173,1,0.29315251112,190.625,9.04643535614,0.245016917586,1,157.521575928,1,29.3399143219,9.40612792969,199.305180814,0.014889693819,0.0059103439562,-0.00039983500028,1.32231128216,-0.0917725414038,-0.0694031268358,-0.0670167207718,-0.050681501627,2.49148440361,-0.000835039711092,-0.023384956643,1.77861332893,-0.000621565210167,-0.0148804429919,3.41970007867e-10,1,0.680824279785,0,1.37835454941,0,-0.000782805262133,-0.000774884363636,-0.0233327224851,-0.0150337610394,-0.0225499160588,-0.0142588783056,1.61482596397,-0.0241677612066,-0.0156553257257,-0.00141028827056,0.364916145802,0,0,0,0,1,0,0,0,0,0,0,0,0,1,0,0.547500610352,0.00048828125,0.251054942608,0.00048828125,263.881591797,-0.000125452876091,-0.0050210878253,2.36011099553e-10,-0.00489560794085,-0.00489560794085,-0.0050210878253,0.00048828125,3.12298297882,-0.00106406130362,-0.0463092662394,2.18093824387,-0.000866418646183,-0.0276197269559,7.38655216992e-08,1,0.243810534477,-0.011898284778,-0.00799317844212,-0.0571434870362,-0.0347464866936,-0.0452452041209,-0.0267533063889,-0.0582075491548,-0.0356129035354,-0.00511424429715,0.103749059141,0,0,0,1,0,0,0,0,0,0,0,0,1,0,0.186051279306,0.0626113191247,263.981506348,-0.000119887292385,-0.00771617889404,-0.00152193056419,-0.00911817327142,-0.00759624131024,-0.0092382133007,0.295088380575,0,-0.0108776083216,-0.0707906335592,-0.0508319362998,0.00630590785295,0,1,0,0,-14.2722415924,0,0.0527614988387,0.0205844826996,263.462499963,-0.0142012350261,-0.0107397064567,267.73449707,263.572875977,9.16813659668,4.42372703552,1.34333491325,0.103624291718
22200,242.067287861,1,0.291074812412,196.875,9.04903697968,0.213261663914,1,156.429656982,1,30.3297328949,9.46925926208,229.963923468,0.0122331343591,0.00593018718064,-0.000394125730963,1.32231128216,-0.0905891060829,-0.0685081556439,-0.0659153163433,-0.0498485639691,2.48243260384,-0.000647393579129,-0.0228762757033,1.77324843407,-0.000454224966234,-0.0145186595619,3.49245965481e-10,1,0.684681653976,0,1.37912559509,0,-0.000764659547713,-0.000772647035774,-0.022993542254,-0.0148370806128,-0.0222288817167,-0.0140644330531,1.61607909203,-0.0236409343779,-0.0152913052589,-0.00141415325925,0.365952759981,0,0,0,0,1,0,0,0,0,0,0,0,0,1,0,0.554548621178,0.00244140625,0.253562957048,0.00244140625,263.876068115,-9.55536961555e-05,-0.0049008615315,3.20243775942e-10,-0.00480531295761,-0.00480531295761,-0.00490086898208,0.00244140625,3.11236906052,-0.000869252136908,-0.0457638725638,2.17477679253,-0.000653935654555,-0.0271382369101,7.38364178687e-08,1,0.251545965672,-0.0115594808012,-0.00789722148329,-0.0564540997148,-0.0343815237284,-0.0448946170509,-0.0264842994511,-0.0573233552277,-0.0350354574621,-0.00510685052723,0.106485828757,0,0,0,1,0,0,0,0,0,0,0,0,1,0,0.190223276615,0.0637422725558,263.975799561,-9.43914055824e-05,-0.00762728601694,-0.00148232420906,-0.00901522580534,-0.00753290206194,-0.00910971313715,0.294550478458,0,-0.0108400285244,-0.0704681873322,-0.0507462322712,0.00631876010448,0,1,0,0,-14.068447113,0,0.043110113591,0.0206529665738,263.458333296,-0.0139984544367,-0.0105863530189,267.733917236,263.557952881,9.25991630554,4.45663452148,1.02797722816,0.0849746912718
22260,236.745415253,1,0.287660747766,196.875,9.06233215332,0.21214838326,1,154.81072998,1,30.3981628418,9.62999248505,224.90814449,0.0113353123888,0.00602961704135,-0.000384397688322,1.32231128216,-0.0885284096003,-0.0669497475028,-0.0643067508936,-0.048632081598,2.46955919266,-0.000423903722549,-0.0221626888961,1.76517891884,-0.000314729753882,-0.0140477307141,2.63753463514e-10,1,0.689830899239,0,1.38029634953,0,-0.000748090737034,-0.000758322072215,-0.0224868766963,-0.0144913224503,-0.0217387862504,-0.0137330004945,1.61798155308,-0.0229107812047,-0.0148060508072,-0.00141219084617,0.367176294327,0,0,0,0,1,0,0,0,0,0,0,0,0,1,0,0.556547284126,0.001220703125,0.253290981054,0.001220703125,263.870056152,-5.94439916313e-05,-0.00481193885207,1.09689007877e-10,-0.00475249439478,-0.00475249439478,-0.00481194444001,0.001220703125,3.10697937012,-0.000534141086973,-0.0444602891803,2.16851186752,-0.000473718653666,-0.0261513032019,7.37345544621e-08,1,0.25706204772,-0.0117786861956,-0.00787049904466,-0.0557048283517,-0.0335480831563,-0.0439261421561,-0.0256775841117,-0.0562389716506,-0.0340218022466,-0.00538491085172,0.108466677368,0,0,0,1,0,0,0,0,0,0,0,0,1,0,0.188120752573,0.0629277825356,263.970703125,-5.34057617188e-05,-0.00755364820361,-0.00150487013161,-0.00900508649647,-0.00750021636486,-0.00905866920948,0.293603897095,0,-0.0107685346156,-0.0699741542339,-0.0504813343287,0.00633827177808,0,1,0,0,-13.7211999893,0,0.0398731343448,0.0210042111576,263.454166629,-0.0136529356241,-0.0103250546381,267.733398438,263.580230713,9.30805301666,4.41410732269,1.08019828796,0.0896039307117
22320,194.944934195,1,0.286922484636,196.875,9.07856082916,0.213848233223,1,154.33303833,1,30.198179245,9.45031642914,185.197687485,0.0147386072204,0.00596685893834,-0.000382626341889,1.32231128216,-0.0882730856538,-0.0667566582561,-0.0637029483914,-0.0481754541397,2.46204638481,-0.00059049698757,-0.0229637380689,1.75660252571,-0.000393070629798,-0.0142098208889,3.78349795938e-10,1,0.680388689041,0,1.38178229332,0,-0.000747790560126,-0.000771780090872,-0.0231210310012,-0.0145885311067,-0.0223732404411,-0.0138167515397,1.62039613724,-0.0237115267664,-0.0149816004559,-0.00170828658156,0.360384017229,0,0,0,0,1,0,0,0,0,0,0,0,0,1,0,0.554575204849,0.00048828125,0.250977158546,0.00048828125,263.864685059,-8.11740756035e-05,-0.00481568276882,1.22779314493e-10,-0.00473451241851,-0.00473451241851,-0.00481567159295,0.00048828125,3.10096645355,-0.000895923585631,-0.045422423631,2.15972185135,-0.000621410494205,-0.0263611227274,7.31670297682e-08,1,0.247807830572,-0.0119628049433,-0.00793044827878,-0.0564893037081,-0.0336701609194,-0.0445264987648,-0.0257397145033,-0.0573852285743,-0.0342915728688,-0.00577132869512,0.103985480964,0,0,0,1,0,0,0,0,0,0,0,0,1,0,0.184948325157,0.0614576041698,263.965759277,-9.74833965302e-05,-0.00755059719086,-0.00153610890266,-0.00898920185864,-0.00745309283957,-0.00908689200878,0.292416751385,0,-0.010680174455,-0.0693800523877,-0.0500963404775,0.00636303797364,0,1,0,0,-13.6579713821,0,0.0522096082568,0.0207878313959,263.449999962,-0.0135900210589,-0.0102774752304,267.733154297,263.569213867,9.26883506775,4.50507164001,1.06489419937,0.092725276947
22380,200.403577748,1,0.289851337671,196.875,9.08960151672,0.213354662061,1,156.020095825,1,31.6894283295,9.55061149597,190.383398861,0.0170195195824,0.00592513754964,-0.000390198314562,1.32231128216,-0.0903048366308,-0.0682931765914,-0.0647035837173,-0.0489321872592,2.46396589279,-0.000512371363584,-0.0237430240959,1.75525760651,-0.000328442780301,-0.0148071693256,4.94765117764e-10,1,0.666263341904,0,1.38262462616,0,-0.000736931222491,-0.000766939716414,-0.0239675827324,-0.0152456667274,-0.0232306532562,-0.0144787263125,1.6217648983,-0.0244799554348,-0.0155741097406,-0.00166220474057,0.351790606976,0,0,0,0,1,0,0,0,0,0,0,0,0,1,0,0.538944125175,0,0.24305473268,0,263.860443115,-6.07967376709e-05,-0.00493767112494,7.27959359459e-10,-0.00487686228007,-0.00487686321139,-0.00493767112494,0,3.09966850281,-0.000886823690962,-0.0467536896467,2.15641140938,-0.000485224532895,-0.0280221216381,7.29924067855e-08,1,0.223537176847,-0.011928031221,-0.00788404699415,-0.0577948912978,-0.0354209467769,-0.0458668619394,-0.0275368988514,-0.0586817190051,-0.0359061732888,-0.00510366633534,0.0933967381716,0,0,0,1,0,0,0,0,0,0,0,0,1,0,0.164649188519,0.0544598922133,263.961395264,-8.50930809975e-05,-0.00775975733995,-0.00155475980137,-0.0092292483896,-0.00767448870465,-0.00931466370821,0.291689306498,0,-0.0106247439981,-0.0690476670861,-0.0498213395476,0.00637707673013,0,1,0,0,-13.9282560349,0,0.0605810396373,0.020645417273,263.445833296,-0.0138589609414,-0.0104808611795,267.732635498,263.543121338,9.19072151184,4.48532295227,1.05035328865,0.092286221683
22440,195.255795565,1,0.292661994696,196.875,9.10003089905,0.213850587606,1,157.516723633,1,32.7848358154,9.49367237091,185.493005787,0.0211868043989,0.00588619196787,-0.000397843541577,1.32231128216,-0.0919927656651,-0.0695696771145,-0.0660647749901,-0.0499615892768,2.4708840847,-0.000549321121071,-0.0238549839705,1.76189815998,-0.000327628455125,-0.015052489005,8.8766682893e-10,1,0.664356470108,0.000244140625,1.38262677193,0.000244140625,-0.000726454891264,-0.000766316370573,-0.0240321159363,-0.0154911773279,-0.0233056619763,-0.0147248608992,1.62176859379,-0.0245814397931,-0.0158188045025,-0.00148591655307,0.350532442331,0,0.000244140625,0,0,1,0,0,0,0,0,0,0,0,1,0,0.535107016563,0.00244140625,0.24103833735,0.00244140625,263.85748291,-6.70924782753e-05,-0.00498985126615,6.33181618248e-10,-0.00492277555168,-0.00492277601734,-0.00498984009027,0.00244140625,3.10653209686,-0.000957629119512,-0.0474180281162,2.16320610046,-0.000467519450467,-0.0293450318277,7.31961335987e-08,1,0.216280251741,-0.0121647715569,-0.00797137338668,-0.0586251690984,-0.0368488840759,-0.0464604012668,-0.0288775116205,-0.0595828033984,-0.037316404283,-0.00439063739032,0.0901530906558,0,0,0,1,0,0,0,0,0,0,0,0,1,0,0.146190389991,0.0482704937458,263.958618164,-7.42003321648e-05,-0.00795564055443,-0.00160823366605,-0.00948955118656,-0.00788131821901,-0.00956400111318,0.29163146019,0,-0.0106188459322,-0.0690462887287,-0.0497700199485,0.00637711258605,0,1,0,0,-14.2011556625,0,0.0761012509465,0.0205073170364,263.441666629,-0.0141305029392,-0.0106862150133,267.732269287,263.531829834,9.23466396332,4.45787572861,1.3960545063,0.109351113439
22500,181.182085331,1,0.295110136271,196.875,9.10196495056,0.21371358633,1,158.468734741,1,33.7701339722,9.54236793518,172.122981064,0.0158223267645,0.0057024564594,-0.000405460741604,1.32231128216,-0.0934653133154,-0.0706832930446,-0.0672761425376,-0.0508776903152,2.48154401779,-0.000608362606727,-0.0245021302253,1.7707824707,-0.000343602267094,-0.0152334244922,1.03318598121e-09,1,0.657401204109,0.00048828125,1.38226652145,0.00048828125,-0.00073164224159,-0.000817081425339,-0.0246254093945,-0.0157069042325,-0.0238937679678,-0.0148898232728,1.62118315697,-0.025233771652,-0.0160505063832,-0.00166182836983,0.347649514675,0,0.00048828125,0,0,1,0,0,0,0,0,0,0,0,1,0,0.530085742474,0.002197265625,0.239078938961,0.002197265625,263.854858398,-7.33509659767e-05,-0.00506703183055,3.92665011617e-10,-0.00499367760494,-0.0049936780706,-0.00506702437997,0.002197265625,3.11788654327,-0.001204039203,-0.0488058775663,2.17226600647,-0.000589845585637,-0.0295252073556,7.28468876332e-08,1,0.216606795788,-0.0121611719951,-0.00806677248329,-0.0597630105913,-0.0370021313429,-0.0476018376648,-0.0289353597909,-0.0609670467675,-0.0375919789076,-0.00492178555578,0.0905834287405,0,0,0,1,0,0,0,0,0,0,0,0,1,0,0.160093903542,0.0526968203485,263.955535889,-9.26852226257e-05,-0.00797358155251,-0.00156377442181,-0.00944467820227,-0.00788090378046,-0.00953742861748,0.292008757591,0,-0.0106493718922,-0.0692372322083,-0.0498970001936,0.00637110928074,0,1,0,0,-14.4730539322,0,0.0561764873564,0.0198549386114,263.437499962,-0.0144010484219,-0.010890815407,267.732116699,263.518035889,9.25428581238,4.45266628265,1.27042877674,0.116625517607
22560,159.609836898,1,0.297999560833,196.875,9.10962677002,0.213011667132,1,160.890975952,1,34.6962509155,9.50068855286,151.629345053,0.0125882029533,0.0056783631444,-0.000411201966926,1.32231128216,-0.095290273428,-0.0720634236932,-0.0686197802424,-0.0518938191235,2.49267172813,-0.00050591834588,-0.0250545050949,1.78137016296,-0.000349357316736,-0.0157218370587,1.42608769238e-09,1,0.648916602135,0,1.38106322289,0,-0.000744304968975,-0.000846404349431,-0.025292892009,-0.0162188839167,-0.024548586458,-0.0153724793345,1.61922764778,-0.0257988106459,-0.0165682416409,-0.00163509277627,0.344668328762,0,0,0,0,1,0,0,0,0,0,0,0,0,1,0,0.529251158237,0.004638671875,0.23979409039,0.004638671875,263.851867676,-7.06017017365e-05,-0.00510265305638,1.38164341079e-10,-0.00503205880523,-0.00503205927089,-0.00510263442993,0.004638671875,3.12857437134,-0.000931954884436,-0.0491969548166,2.18549823761,-0.000529542914592,-0.0305850822479,7.27595761418e-08,1,0.208809003234,-0.012203999795,-0.0085122268647,-0.0604689978063,-0.0385677628219,-0.0482650026679,-0.0300555378199,-0.0614009574056,-0.0390973091125,-0.00406153174117,0.0877321138978,0,0,0,1,0,0,0,0,0,0,0,0,1,0,0.157133847475,0.0519854798913,263.952941895,-7.67707824707e-05,-0.00814901292324,-0.00160839641467,-0.00968068931252,-0.00807229336351,-0.00975748896599,0.292856156826,0,-0.0107077881694,-0.0696406587958,-0.0501780696213,0.00635105278343,0,1,0,0,-14.6779880524,0,0.0443936809897,0.0197714772075,263.433333295,-0.0146049633622,-0.0110450265929,267.731903076,263.542114258,9.20983505249,4.61293315887,1.29870581627,0.121794454753
22620,189.428207053,1,0.30047160387,196.875,9.12166023254,0.212820827961,1,162.103713989,1,33.641620636,9.61184501648,179.9567967,0.0125723574311,0.00573592167348,-0.000418366922531,1.32231128216,-0.0965999141335,-0.0730538368225,-0.0701472461224,-0.0530489645898,2.50435781479,-0.000714355381206,-0.0249975454062,1.79581642151,-0.000504869734868,-0.0160525292158,1.30967237055e-09,1,0.65328502655,0,1.3791615963,0,-0.000760434195399,-0.000863897730596,-0.0250436253846,-0.0164115577936,-0.0242831893265,-0.0155476611108,1.61613762379,-0.0257579796016,-0.0169164277613,-0.00134845450521,0.348767638206,0,0,0,0,1,0,0,0,0,0,0,0,0,1,0,0.526836872101,0.005859375,0.240235850215,0.005859375,263.850280762,-0.000102840363979,-0.00519695878029,3.44522826934e-10,-0.00509408395737,-0.00509408395737,-0.00519694387913,0.005859375,3.14225387573,-0.00110494683031,-0.0492625981569,2.19950556755,-0.000665368163027,-0.0311710759997,7.26722646505e-08,1,0.207896366715,-0.0123804863542,-0.00848486926407,-0.060538135469,-0.0389905795455,-0.0481576509774,-0.0305057093501,-0.0616430826485,-0.0396559461951,-0.00380491605029,0.0880737304688,0,0,0,1,0,0,0,0,0,0,0,0,1,0,0.151300311089,0.050650626421,263.951965332,-9.67904925346e-05,-0.00834142416716,-0.00165561842732,-0.00990020856261,-0.00824458990246,-0.00999710708857,0.294067114592,0,-0.0107875391841,-0.0701961293817,-0.0506182909012,0.00631935987622,0,1,0,0,-14.9337434769,0,0.0443363636732,0.0199727229774,263.429166629,-0.0148594463244,-0.0112374797463,267.73147583,263.527496338,9.32454490662,4.59518051147,1.26026332378,0.0973785594106
22680,200.936542336,1,0.300814241171,196.875,9.12336730957,0.211934283376,1,161.520370483,1,33.1736984253,9.54145622253,190.88971522,0.0171166360378,0.00575445964932,-0.00042131592636,1.32231128216,-0.0964842066169,-0.072966337204,-0.0707678869367,-0.0535183250904,2.51193284988,-0.000785369251389,-0.0245716124773,1.80668950081,-0.000539202068467,-0.0162433162332,1.71712599695e-09,1,0.659413218498,0,1.37765204906,0,-0.000762332056183,-0.000837293395307,-0.0245485752821,-0.0165414065123,-0.0237862430513,-0.0157041121274,1.61368465424,-0.0253339484334,-0.0170806087554,-0.000989339314401,0.354074090719,0,0,0,0,1,0,0,0,0,0,0,0,0,1,0,0.531089544296,0.00146484375,0.243796169758,0.00146484375,263.848205566,-0.000109188258648,-0.00518827885389,2.37369068845e-10,-0.00507909385487,-0.00507909432054,-0.00518826395273,0.00146484375,3.15448665619,-0.00111175095662,-0.0491189360619,2.21101570129,-0.000650287023745,-0.0308830402792,7.24103301764e-08,1,0.208914756775,-0.0124453557655,-0.0085522159934,-0.0604525431991,-0.0387849733233,-0.0480071827769,-0.0302327536047,-0.0615642890334,-0.0394352599978,-0.00400026608258,0.0893461555243,0,0,0,1,0,0,0,0,0,0,0,0,1,0,0.1544264853,0.0524365492165,263.950317383,-9.92715358734e-05,-0.00821480154991,-0.00167700950988,-0.00979244336486,-0.00811543501914,-0.0098918825388,0.295290976763,0,-0.0108793191612,-0.0707283467054,-0.0511271506548,0.00629420019686,0,1,0,0,-15.0390090942,0,0.06093936041,0.0200396440923,263.424999962,-0.0149641884491,-0.0113166915253,267.730712891,263.533203125,9.28820228577,4.57494020462,1.22620654106,0.102962762117
22740,208.380023484,1,0.299759328365,196.875,9.13050556183,0.212459132075,1,160.358062744,1,33.3419189453,9.57498645782,197.96102231,0.0150375878438,0.00575337931514,-0.000419920746936,1.32231128216,-0.0957457125187,-0.072407849133,-0.0703581571579,-0.0532084666193,2.51822710037,-0.000674587034155,-0.0246817581356,1.81256151199,-0.000434327637777,-0.0155105497688,1.41153577715e-09,1,0.663181066513,0,1.37692189217,0,-0.000768137455452,-0.000828780932352,-0.0247753076255,-0.0159050021321,-0.0240071695298,-0.0150762200356,1.61249804497,-0.0254498980939,-0.0163393300027,-0.00168562191539,0.35750669241,0,0,0,0,1,0,0,0,0,0,0,0,0,1,0,0.530230224133,0.0048828125,0.244516909122,0.0048828125,263.845550537,-9.19364392757e-05,-0.00520868971944,-2.85521439825e-10,-0.00511669181287,-0.00511669181287,-0.00520869344473,0.0048828125,3.1684088707,-0.000794546853285,-0.0495191477239,2.22006177902,-0.000442355580162,-0.0298491641879,7.20610842109e-08,1,0.201808154583,-0.0128010194749,-0.00894193351269,-0.0615256205201,-0.0383487418294,-0.0487245991826,-0.0294068083167,-0.0623201653361,-0.0387910977006,-0.0051031447947,0.0867124795914,0,0,0,1,0,0,0,0,0,0,0,0,1,0,0.152566596866,0.0521109886467,263.948181152,-6.57141208649e-05,-0.00819271057844,-0.00171267800033,-0.00983947888017,-0.00812680087984,-0.00990537554026,0.296178162098,0,-0.0109542161226,-0.0710749104619,-0.0515550523996,0.00628203060478,0,1,0,0,-14.9892082214,0,0.0533021017909,0.0200334526598,263.420833295,-0.0149146346375,-0.0112792160362,267.73046875,263.434783936,9.36774921417,4.63958835602,1.22997295856,0.1071369946
22800,185.402191408,1,0.300983786583,196.875,9.13371372223,0.211836606264,1,160.862579346,1,33.0558166504,9.60452842712,176.132081838,0.0148767372593,0.00568577647209,-0.000423754449002,1.32231128216,-0.0972156599164,-0.0735194981098,-0.0699908286333,-0.052930675447,2.5282907486,-0.000678563723341,-0.0258398428559,1.8161457777,-0.000490410602652,-0.0152490762994,1.76441972144e-09,1,0.656197488308,0,1.37658417225,0,-0.000788468983956,-0.000852496770676,-0.0259497463703,-0.0156111624092,-0.0251612775028,-0.0147586651146,1.61194944382,-0.0266283135861,-0.0161015726626,-0.00262366165407,0.354643970728,0,0,0,0,1,0,0,0,0,0,0,0,0,1,0,0.518179655075,0.001708984375,0.239715024829,0.001708984375,263.842651367,-8.75405967236e-05,-0.00536276120692,-4.74330297262e-12,-0.00527512934059,-0.00527512980625,-0.00536277424544,0.001708984375,3.17996788025,-0.000975983741228,-0.0503696464002,2.23063874245,-0.000699112424627,-0.0301873907447,7.1813701652e-08,1,0.194043815136,-0.0130676301196,-0.00942019745708,-0.0624612905085,-0.0389084778726,-0.0493936613202,-0.0294882804155,-0.0634372681379,-0.0396075919271,-0.00521203828976,0.083732880652,0,0,0,1,0,0,0,0,0,0,0,0,1,0,0.151886671782,0.0522572360933,263.94543457,-9.02079045773e-05,-0.0082718282938,-0.00174681073986,-0.00992837268859,-0.00818156264722,-0.0100185871124,0.296868354082,0,-0.0110187716782,-0.0714001655579,-0.0518233552575,0.00627640355378,0,1,0,0,-15.1260528564,0,0.0527141615748,0.0197964273393,263.416666628,-0.0150507986546,-0.0113821905106,267.730102539,263.470458984,9.3185710907,4.53391742706,1.26099610329,0.103653952479
22860,206.471382147,1,0.304278194904,196.875,9.13829517365,0.214130178094,1,163.112304688,1,32.1542129517,9.6120672226,196.14781304,0.0130816921592,0.00568338576704,-0.000431783235399,1.32231128216,-0.0994584783912,-0.0752156302333,-0.0713880583644,-0.0539873316884,2.53826856613,-0.000667216256261,-0.0262942276895,1.82288885117,-0.00048987212358,-0.0161815788597,1.9499566406e-09,1,0.647713184357,0,1.37571263313,0,-0.000830569304526,-0.000888313050382,-0.0264575798064,-0.0165800172836,-0.0256270114332,-0.0156917050481,1.61053287983,-0.0271247979254,-0.0170698910952,-0.0021038823761,0.351491332054,0,0,0,0,1,0,0,0,0,0,0,0,0,1,0,0.518347501755,0.0068359375,0.240895241499,0.0068359375,263.839569092,-8.22246074677e-05,-0.00540088117123,-2.97839614083e-10,-0.00531860580668,-0.00531860580668,-0.00540085881948,0.0068359375,3.18576097488,-0.00123981200159,-0.050242215395,2.23534154892,-0.000917135854252,-0.0311800204217,7.17700459063e-08,1,0.199162006378,-0.0127686308697,-0.00891819037497,-0.0617710389197,-0.0391810759902,-0.0490024015307,-0.0302628874779,-0.0630108490586,-0.0400982126594,-0.0045009162277,0.0863437354565,0,0,0,1,0,0,0,0,0,0,0,0,1,0,0.164187401533,0.0568110272288,263.941589355,-0.000126913189888,-0.00819855928421,-0.00170665676706,-0.00977834314108,-0.00807168707252,-0.00990515947342,0.297893702984,0,-0.0111069455743,-0.071959592402,-0.0521265529096,0.00626187585294,0,1,0,0,-15.4126424789,0,0.0461809001863,0.0197924003005,263.412499962,-0.0153359631076,-0.0115978466347,267.729766846,263.527252197,9.31851005554,4.73481941223,1.16236627102,0.0938012599945
22920,194.809952146,1,0.302873730659,196.875,9.14541149139,0.214214727283,1,163.667953491,1,31.2473735809,9.60657787323,185.069454539,0.0134228859097,0.00584710109979,-0.000424386118539,1.32231128216,-0.0982503592968,-0.0743019878864,-0.0711357444525,-0.053796518594,2.53817367554,-0.000451048254035,-0.0251703988761,1.82548284531,-0.000345142558217,-0.0157280899584,1.70257408172e-09,1,0.661711096764,0,1.3741209507,0,-0.000802022055723,-0.000847932766192,-0.0255213733763,-0.0162308812141,-0.02471935004,-0.0153829464689,1.60794639587,-0.0259724222124,-0.0165760237724,-0.0018226421671,0.360575348139,0,0,0,0,1,0,0,0,0,0,0,0,0,1,0,0.534136652946,0.00244140625,0.249250069261,0.00244140625,263.835113525,-4.82797622681e-05,-0.00522667914629,-3.73139796839e-10,-0.00517826061696,-0.00517825968564,-0.00522667169571,0.00244140625,3.18540453911,-0.000877470709383,-0.0488274171948,2.23432779312,-0.000603471766226,-0.0304569210857,7.18282535672e-08,1,0.217951357365,-0.0125961918384,-0.00843009352684,-0.0605461411178,-0.0382835417986,-0.0479499474168,-0.0298534501344,-0.0614236146212,-0.0388870164752,-0.00448663299903,0.0949815958738,0,0,0,1,0,0,0,0,0,0,0,0,1,0,0.174978271127,0.0605785176158,263.9375,-5.89489936829e-05,-0.00801035761833,-0.00169474771246,-0.00964620523155,-0.00795145798475,-0.00970506668091,0.298995435238,0,-0.0111839668825,-0.072520762682,-0.0524943992496,0.00623534852639,0,1,0,0,-15.1486005783,0,0.047418795526,0.0203695446253,263.408333295,-0.0150732342154,-0.0113991573453,267.729309082,263.495483398,9.34498786926,4.48093223572,1.04297816753,0.0798737555742
22980,182.605139388,1,0.299121588469,190.625,9.14782428741,0.244066387415,1,161.455169678,1,30.5415019989,9.57617378235,173.474882418,0.0153962913901,0.00590298231691,-0.00041441101348,1.32231128216,-0.0956264436245,-0.0723176524043,-0.0696659311652,-0.0526849702001,2.53147816658,-0.000453807064332,-0.0248056016862,1.82202863693,-0.000305904890411,-0.0157842226326,8.44011083245e-10,1,0.663909733295,0,1.37322592735,0,-0.000799552886747,-0.000838345382363,-0.0251513477415,-0.0163166634738,-0.0243517961353,-0.0154783176258,1.60649204254,-0.0256051532924,-0.016622569412,-0.00154730118811,0.362852007151,0,0,0,0,1,0,0,0,0,0,0,0,0,1,0,0.531267642975,0.001220703125,0.248703360558,0.001220703125,263.829986572,-5.75482845306e-05,-0.00526455044746,-5.21341914084e-10,-0.00520700821653,-0.00520700775087,-0.0052645355463,0.001220703125,3.1792178154,-0.00094038748648,-0.0480825938284,2.22928237915,-0.000557058840059,-0.0300614014268,7.17700459063e-08,1,0.228408381343,-0.0123167708516,-0.00838128849864,-0.0594589747488,-0.0378856323659,-0.0471422076225,-0.0295043420047,-0.0603993609548,-0.0384426936507,-0.00419862288982,0.100068695843,0,0,0,1,0,0,0,0,0,0,0,0,1,0,0.181917399168,0.0630660057068,263.932495117,-7.65323638916e-05,-0.00794348120689,-0.00166378554422,-0.00953081250191,-0.0078670270741,-0.00960724055767,0.299329787493,0,-0.011194428429,-0.0726500451565,-0.0526287555695,0.00622043106705,0,1,0,0,-14.7925367355,0,0.0546147562563,0.0205640029162,263.404166628,-0.0147189423442,-0.0111312232912,267.728820801,263.432342529,9.33336639404,4.49618721008,1.11212921143,0.0959520339966
23040,214.87108282,1,0.295546859503,190.625,9.16402626038,0.241591095924,1,158.764511108,1,30.6081619263,9.58283042908,204.127528679,0.0149594824761,0.00598347559571,-0.000406504725106,1.32231128216,-0.093211427331,-0.0704912915826,-0.068206705153,-0.0515814274549,2.51889324188,-0.000504723400809,-0.0240047946572,1.81680905819,-0.000344356201822,-0.0152837559581,4.65661287308e-10,1,0.673876345158,0.000244140625,1.37335073948,0.000244140625,-0.000781528127845,-0.000820837391075,-0.0242815967649,-0.0157602354884,-0.0235000699759,-0.0149393985048,1.60669493675,-0.0247863214463,-0.0161045920104,-0.00151858106256,0.368097960949,0,0.000244140625,0,0,1,0,0,0,0,0,0,0,0,1,0,0.541491925716,0.006103515625,0.253296971321,0.006103515625,263.824371338,-6.09643757343e-05,-0.00514231622219,-6.08158745585e-10,-0.00508126290515,-0.00508126197383,-0.00514231063426,0.006103515625,3.16628646851,-0.00118860288057,-0.0468916073442,2.223549366,-0.000814533501398,-0.0294642038643,7.16827344149e-08,1,0.251356899738,-0.0119601637125,-0.00833776034415,-0.0576631687582,-0.0369874313474,-0.0457030013204,-0.0286496691406,-0.0588517673314,-0.0378019660711,-0.00391622865573,0.109564989805,0,0,0,1,0,0,0,0,0,0,0,0,1,0,0.196011930704,0.0674724206328,263.926818848,-0.00011158362031,-0.00783456489444,-0.0016443815548,-0.00936741475016,-0.00772303342819,-0.00947889126837,0.299007594585,0,-0.0111645404249,-0.072429522872,-0.0525512211025,0.00622251303867,0,1,0,0,-14.5103187561,0,0.0530165620148,0.020847517997,263.399999961,-0.0144381280988,-0.0109188575298,267.728515625,263.489562988,9.37656211853,4.60703897476,1.12947583199,0.0854149833322
23100,191.1246246,1,0.292561888695,190.625,9.17545890808,0.240739509463,1,156.943283081,1,31.1271762848,9.56390571594,181.56839337,0.0177072249353,0.00603028014302,-0.000398887583287,1.32231128216,-0.0912961065769,-0.0690428242087,-0.0668932497501,-0.0505881272256,2.50525736809,-0.000664407270961,-0.0236174426973,1.81055021286,-0.00046339846449,-0.014689957723,8.36735125631e-11,1,0.683100044727,0,1.37438440323,0,-0.000773374398705,-0.000801356043667,-0.0237264111638,-0.0150279132649,-0.0229530353099,-0.0142265586182,1.60837471485,-0.0243908166885,-0.015491313301,-0.00181405316107,0.371246755123,0,0,0,0,1,0,0,0,0,0,0,0,0,1,0,0.547492027283,0.004150390625,0.254540205002,0.004150390625,263.818817139,-8.77138227224e-05,-0.00508645642549,2.86179580034e-10,-0.00499871140346,-0.00499871186912,-0.00508645363152,0.004150390625,3.15460300446,-0.00134192605037,-0.0462055131793,2.22095394135,-0.00105240440462,-0.0285464897752,7.23521225154e-08,1,0.257148832083,-0.011918798089,-0.00834822095931,-0.056782387197,-0.0358423069119,-0.044863589108,-0.0274940878153,-0.0581243112683,-0.0368947125971,-0.00438368879259,0.111037582159,0,0,0,1,0,0,0,0,0,0,0,0,1,0,0.18742287159,0.0639205873013,263.921966553,-0.000145450234413,-0.00778699666262,-0.00164821359795,-0.00928986445069,-0.00764165120199,-0.00943516939878,0.298117816448,0,-0.0110989352688,-0.0719385817647,-0.0522907376289,0.00623974017799,0,1,0,0,-14.2384223938,0,0.0631218850613,0.0210100933909,263.395833294,-0.0141675844789,-0.0107142580673,267.727813721,263.500213623,9.32547569275,4.55570173264,1.24205207825,0.0915714800358
23160,215.812950276,1,0.290768444538,196.875,9.17761707306,0.20811547339,1,155.092468262,1,31.5791511536,9.59065246582,205.022302762,0.0135267972946,0.00598404556513,-0.000396269926568,1.32231128216,-0.0902059078217,-0.068218357861,-0.066040545702,-0.0499432682991,2.49356508255,-0.000641555525362,-0.0232431255281,1.8034569025,-0.000435506372014,-0.01432912983,3.78349795938e-10,1,0.687452733517,0,1.37617444992,0,-0.000770822050981,-0.000799951143563,-0.0233723912388,-0.0146935740486,-0.0226015709341,-0.0138936238363,1.61128342152,-0.0240139476955,-0.0151290819049,-0.00189524074085,0.371164470911,0,0,0,0,1,0,0,0,0,0,0,0,0,1,0,0.549714803696,0.001953125,0.253541648388,0.001953125,263.813781738,-9.97446477413e-05,-0.00505695492029,5.07685213313e-11,-0.00495711248368,-0.00495711294934,-0.00505693256855,0.001953125,3.14752864838,-0.00106007070281,-0.0456626601517,2.21887660027,-0.00082767062122,-0.027624251321,7.12170731276e-08,1,0.246762752533,-0.0124723250046,-0.00861228816211,-0.057074919343,-0.0354088693857,-0.0446025952697,-0.0267965830863,-0.0581349804997,-0.0362365394831,-0.00494729774073,0.105805009604,0,0,0,1,0,0,0,0,0,0,0,0,1,0,0.172228872776,0.0583593286574,263.917480469,-0.000112630426884,-0.00776802748442,-0.00172498356551,-0.00938067957759,-0.00765569647774,-0.00949305668473,0.296929478645,0,-0.0110212555155,-0.0713333636522,-0.051928203553,0.00626957323402,0,1,0,0,-14.1449832916,0,0.0477961525321,0.0208437778056,263.391666628,-0.0140746105462,-0.0106439469382,267.727172852,263.486083984,9.3621006012,4.36440372467,1.10316026211,0.0861182510853
23220,203.393949867,1,0.290633291006,190.625,9.17778110504,0.238615885377,1,154.521102905,1,31.0411815643,9.70685863495,193.224252374,0.0131879104301,0.00589759089053,-0.000397180847358,1.32231128216,-0.0902436226606,-0.0682468861341,-0.0658128261566,-0.0497710555792,2.48861598969,-0.000434467219748,-0.0232675112784,1.7993388176,-0.000291315023787,-0.0141706177965,4.65661287308e-10,1,0.68270689249,0,1.3782544136,0,-0.000773078994825,-0.000792278791778,-0.0236061215401,-0.0146715827286,-0.0228330418468,-0.0138793028891,1.61466360092,-0.0240405909717,-0.0149628985673,-0.0020470705349,0.366694271564,0,0,0,0,1,0,0,0,0,0,0,0,0,1,0,0.544016957283,0,0.249506860971,0,263.809631348,-6.92754983902e-05,-0.00505372881889,4.41673642104e-11,-0.00498430337757,-0.00498430337757,-0.00505372881889,0,3.14205598831,-0.000770949525759,-0.0464782640338,2.2168302536,-0.000597796053626,-0.0281458646059,7.07223080099e-08,1,0.228945404291,-0.0125406719744,-0.00882033631206,-0.0582479871809,-0.0363684073091,-0.0457073152065,-0.0275480672717,-0.0590189322829,-0.0369661971927,-0.00487998919562,0.0977167636156,0,0,0,1,0,0,0,0,0,0,0,0,1,0,0.159917682409,0.0540170073509,263.912841797,-7.22706317902e-05,-0.00789640843868,-0.00172219518572,-0.00954655371606,-0.00782435853034,-0.00961866974831,0.295764684677,0,-0.0109530203044,-0.070760756731,-0.0515532679856,0.00630424078554,0,1,0,0,-14.1774997711,0,0.0465660691261,0.0205400846899,263.387499961,-0.0141069646925,-0.0106684146449,267.727142334,263.498809814,9.38837718964,4.56759643555,1.20120215416,0.081498131156
23280,192.77108279,1,0.291663080454,196.875,9.19197177887,0.206161648035,1,154.900100708,1,31.2619953156,9.74169921875,183.13252865,0.0132742384449,0.00584237417206,-0.000400435586926,1.32231128216,-0.0908235758543,-0.0686854720116,-0.066363170743,-0.0501872524619,2.48558521271,-0.000393789843656,-0.0228234697133,1.80092954636,-0.000348076922819,-0.0143551994115,2.91038304567e-11,1,0.683574914932,0,1.37992405891,0,-0.000751937914174,-0.000781693728641,-0.02318161726,-0.0147888157517,-0.0224296785891,-0.0140071213245,1.61737656593,-0.0235754065216,-0.0151368929073,-0.00171015423257,0.365866363049,0,0,0,0,1,0,0,0,0,0,0,0,0,1,0,0.543148517609,0,0.24825656414,0,263.805664062,-6.7912042141e-05,-0.00503416359425,1.06076508688e-10,-0.00496610580012,-0.00496610533446,-0.00503416359425,0,3.13534164429,-0.000626382417977,-0.0455897189677,2.21813392639,-0.000635116419289,-0.0288754589856,7.13625922799e-08,1,0.22834135592,-0.0125366831198,-0.00895050540566,-0.0575000196695,-0.0371908508241,-0.044963337481,-0.0282403454185,-0.0581263974309,-0.0378259643912,-0.00380261754617,0.097095772624,0,0,0,1,0,0,0,0,0,0,0,0,1,0,0.16374604404,0.0552140921354,263.907958984,-6.31511211395e-05,-0.00784958899021,-0.00169681059197,-0.00948348268867,-0.00778667163104,-0.00954645872116,0.294954389334,0,-0.010910037905,-0.07036010921,-0.051274754107,0.00633206777275,0,1,0,0,-14.293680191,0,0.0468792580068,0.0203431770205,263.383333294,-0.0142225669697,-0.0107558388263,267.726593018,263.447021484,9.4255657196,4.51979637146,1.24091649055,0.0763755366206
23340,184.875178921,1,0.293062478304,196.875,9.19985103607,0.205274477601,1,155.732116699,1,33.0312805176,9.57020568848,175.631419975,0.0145389838144,0.00584592157975,-0.00040405683103,1.32231128216,-0.0913013964891,-0.0690468251705,-0.0675399005413,-0.051077157259,2.4813952446,-0.000681759906001,-0.0229486338794,1.80616700649,-0.000531867321115,-0.0148023646325,-2.91038304567e-11,1,0.682116031647,0,1.38104248047,0,-0.000741601164918,-0.000785440322943,-0.0230084750801,-0.0150559376925,-0.0222668740898,-0.014270497486,1.61919414997,-0.0236902348697,-0.015587804839,-0.0014218777651,0.364271253347,0,0,0,0,1,0,0,0,0,0,0,0,0,1,0,0.544126629829,0,0.247900977731,0,263.801696777,-0.000104621052742,-0.0050538033247,1.57367840981e-10,-0.00494919996709,-0.00494919996709,-0.00505381077528,0,3.1295580864,-0.00133346393704,-0.0462845414877,2.2176451683,-0.000978057039902,-0.0299762114882,7.200287655e-08,1,0.227465942502,-0.0123581513762,-0.00853751786053,-0.0573092326522,-0.0375356785953,-0.0449510775506,-0.0289981588721,-0.0586426965892,-0.0385137312114,-0.00348369870335,0.0963575989008,0,0,0,1,0,0,0,0,0,0,0,0,1,0,0.161565050483,0.0541350990534,263.903289795,-0.000138789415359,-0.00799275934696,-0.00164045579731,-0.00949469394982,-0.00785423908383,-0.00963327288628,0.294491916895,0,-0.0108898710459,-0.0700858309865,-0.0511629059911,0.0063507091254,0,1,0,0,-14.4229402542,0,0.0514809675515,0.0203594043851,263.379166627,-0.0143511844799,-0.010853106156,267.725891113,263.50402832,9.34474182129,4.79278850555,1.08471345901,0.0944036692381
23400,226.787116411,1,0.294569075108,190.625,9.21064281464,0.236257329583,1,156.69493103,1,35.1430664062,9.57097530365,215.44776059,0.0125943282619,0.0058502308093,-0.000407799321692,1.32231128216,-0.0920440554619,-0.0696084648371,-0.0685036182404,-0.0518059693277,2.48260521889,-0.000752480409574,-0.0228099934757,1.81129622459,-0.000556467683055,-0.0145269744098,-1.7462298274e-10,1,0.68644785881,0,1.38147330284,0,-0.000717299175449,-0.000767736230046,-0.0227748118341,-0.0147382449359,-0.0220575146377,-0.0139705082402,1.61989426613,-0.0235272925347,-0.0152947120368,-0.00158312101848,0.366328060627,0,0,0,0,1,0,0,0,0,0,0,0,0,1,0,0.548977255821,0,0.249906018376,0,263.798461914,-0.000108428299427,-0.00500947982073,3.09960945799e-10,-0.00490097748116,-0.00490097794682,-0.00500948354602,0,3.13220071793,-0.00137087423354,-0.0475747808814,2.21916723251,-0.000962726771832,-0.0298336856067,7.14790076017e-08,1,0.221628069878,-0.0124212307855,-0.00832640193403,-0.0586251392961,-0.0371973626316,-0.0462039075792,-0.0288709588349,-0.059996008873,-0.0381600856781,-0.00464413966984,0.0937860831618,0,0,0,1,0,0,0,0,0,0,0,0,1,0,0.161109954119,0.0539224483073,263.900054932,-0.00014191865921,-0.00816659629345,-0.00162286486011,-0.00964770745486,-0.00802484340966,-0.00978948175907,0.294413655996,0,-0.0108944159001,-0.06996537745,-0.051244944334,0.00635788869113,0,1,0,0,-14.5565290451,0,0.0444158501923,0.0203750003129,263.374999961,-0.0144841084257,-0.0109536303207,267.725280762,263.511016846,9.38793087006,4.58523082733,1.62282156944,0.126458480954
23460,192.544851737,1,0.296379178762,190.625,9.20587348938,0.234893158078,1,158.139175415,1,35.9841918945,9.71775722504,182.91760915,0.013656959869,0.00579286087304,-0.000411569868447,1.32231128216,-0.0934269353747,-0.0706542655826,-0.0690133348107,-0.0521914437413,2.49064397812,-0.000794262276031,-0.0233010351658,1.81510806084,-0.000561789667699,-0.0144261708483,-4.94765117764e-10,1,0.68331515789,0,1.38146054745,0,-0.000729907071218,-0.000792182108853,-0.0232366807759,-0.0146565623581,-0.0225067734718,-0.0138643812388,1.61987328529,-0.0240309424698,-0.0152183519676,-0.00195447728038,0.364810883999,0,0,0,0,1,0,0,0,0,0,0,0,0,1,0,0.547841131687,0,0.249689057469,0,263.795318604,-0.000104628503323,-0.00502303615212,1.21746251969e-10,-0.00491829030216,-0.00491829030216,-0.00502302125096,0,3.14349794388,-0.0012118233135,-0.0484189689159,2.22373270988,-0.000896175159141,-0.0297081563622,7.11588654667e-08,1,0.21604308486,-0.0126617085189,-0.00834655016661,-0.0598688572645,-0.0371585302055,-0.047207146883,-0.0288119819015,-0.0610806755722,-0.0380547046661,-0.00549516268075,0.0912823528051,0,0,0,1,0,0,0,0,0,0,0,0,1,0,0.156530112028,0.0523921921849,263.897399902,-0.000124014914036,-0.0081712603569,-0.00162868062034,-0.00967595912516,-0.00804727803916,-0.00980006158352,0.294577986002,0,-0.0109129287302,-0.0699872225523,-0.0513877607882,0.00635767541826,0,1,0,0,-14.6911211014,0,0.0482690855861,0.0201744064689,263.370833294,-0.0146180307493,-0.0110549088567,267.724884033,263.474639893,9.43102645874,4.7405796051,1.38868820667,0.121394045651
23520,194.154561745,1,0.299026161432,196.875,9.22476387024,0.204116880894,1,159.559768677,1,34.5935974121,9.67153453827,184.446833657,0.0151382023469,0.00577615853399,-0.000418932613684,1.32231128216,-0.0956327319145,-0.0723224058747,-0.0695290118456,-0.0525814257562,2.50185751915,-0.00068967405241,-0.0241304412484,1.81534790993,-0.000498348963447,-0.0145426876843,2.03726813197e-10,1,0.674733757973,0,1.38080465794,0,-0.000736393034458,-0.0007857340388,-0.024177160114,-0.0148300714791,-0.0234407670796,-0.0140443388373,1.61880755424,-0.0248668342829,-0.0153284212574,-0.00235900236294,0.361063599586,0,0,0,0,1,0,0,0,0,0,0,0,0,1,0,0.536563515663,0,0.245326712728,0,263.792602539,-8.84905457497e-05,-0.00514187663794,-4.70343541892e-10,-0.00505331903696,-0.00505331810564,-0.00514188408852,0,3.15315365791,-0.00111458881292,-0.0485964603722,2.22515869141,-0.000949002685957,-0.0297190845013,7.11297616363e-08,1,0.210834652185,-0.0127822104841,-0.00839900970459,-0.0602640882134,-0.0371690914035,-0.0474818721414,-0.0287700798362,-0.061378672719,-0.0381180942059,-0.00571687705815,0.0894106179476,0,0,0,1,0,0,0,0,0,0,0,0,1,0,0.155214488506,0.052182354033,263.894897461,-0.000120259821415,-0.0082963258028,-0.00164199585561,-0.00981811247766,-0.00817611627281,-0.00993840396404,0.295144021511,0,-0.0109553197399,-0.0702653303742,-0.0515785068274,0.00634674401954,0,1,0,0,-14.9539365768,0,0.0536700934172,0.0201173648238,263.366666627,-0.0148795386776,-0.0112526742741,267.724151611,263.469055176,9.4464931488,4.5405254364,1.16849458218,0.0993596315384
23580,203.581963041,1,0.300586849451,196.875,9.22950553894,0.204938203096,1,160.213485718,1,32.7675209045,9.63878822327,193.402864889,0.0294776186347,0.005858855322,-0.000423790159402,1.32231128216,-0.0969596132636,-0.0733258575201,-0.0698060840368,-0.0527909621596,2.51027083397,-0.000793204410002,-0.0243217200041,1.81522154808,-0.000553933205083,-0.0143440803513,3.20142135024e-10,1,0.677245140076,0,1.37976777554,0,-0.000756461289711,-0.00078702904284,-0.0242849756032,-0.0145771745592,-0.0235285144299,-0.013790147379,1.61712265015,-0.0250781811774,-0.0151311084628,-0.00259078620002,0.36382201314,0,0,0,0,1,0,0,0,0,0,0,0,0,1,0,0.543372809887,0,0.249250501394,0,263.789550781,-0.00010984390974,-0.00512883812189,-1.09777659185e-10,-0.00501896068454,-0.00501896021888,-0.00512883812189,0,3.15877795219,-0.00132578832563,-0.048220731318,2.22624540329,-0.00103764072992,-0.029084932059,7.08387233317e-08,1,0.227850988507,-0.0127764595672,-0.00827274098992,-0.0596714019775,-0.0363200344145,-0.046894941479,-0.0280472934246,-0.0609971880913,-0.037357673049,-0.00597719475627,0.0971780270338,0,0,0,1,0,0,0,0,0,0,0,0,1,0,0.165009260178,0.0555482245982,263.891845703,-0.000148691236973,-0.00818672031164,-0.00164598389529,-0.00968397408724,-0.00803798995912,-0.00983270257711,0.296047568321,0,-0.0110253123567,-0.0707621872425,-0.0518078356981,0.0063294628635,0,1,0,0,-15.127327919,0,0.107909329236,0.0204110145569,263.36249996,-0.0150520671159,-0.0113831497729,267.723449707,263.470184326,9.41573524475,4.6422700882,1.22967815399,0.0851112082601
23640,198.848216092,1,0.299855738878,196.875,9.23190021515,0.204488739371,1,159.526504517,1,30.7182998657,9.74491691589,188.905805288,0.0132133075967,0.00583158666268,-0.000422517012339,1.32231128216,-0.0967196151614,-0.0731443613768,-0.0691447779536,-0.0522908493876,2.51335215569,-0.000889620860107,-0.024666281417,1.81328845024,-0.000614721095189,-0.0144009981304,1.89174897969e-10,1,0.676460623741,0,1.37901616096,0,-0.000771689345129,-0.000794745981693,-0.024548349902,-0.0145810237154,-0.0237766616046,-0.0137862786651,1.61590123177,-0.0254379697144,-0.0151957459748,-0.00269001536071,0.36451870203,0,0,0,0,1,0,0,0,0,0,0,0,0,1,0,0.544529139996,0,0.250557601452,0,263.785919189,-0.000130321830511,-0.00516584143043,1.76929026985e-10,-0.00503545533866,-0.00503545533866,-0.00516582280397,0,3.15904045105,-0.00141763605643,-0.0479536280036,2.22672152519,-0.0010815418791,-0.029487632215,7.08241714165e-08,1,0.227122277021,-0.0128690591082,-0.00843084417284,-0.0594050511718,-0.0368369370699,-0.0465359911323,-0.0284060910344,-0.0608226880431,-0.0379184782505,-0.00526481680572,0.0971289128065,0,0,0,1,0,0,0,0,0,0,0,0,1,0,0.165245592594,0.0557642839849,263.887969971,-0.000161355361342,-0.00814382918179,-0.00166208017617,-0.00964451022446,-0.00798242911696,-0.00980595313013,0.296796500683,0,-0.0110874548554,-0.0712195932865,-0.0519493930042,0.00631693610922,0,1,0,0,-15.0818824768,0,0.0466581918299,0.0203109420836,263.358333294,-0.0150068486109,-0.0113489534706,267.723144531,263.440673828,9.48860359192,4.50647830963,1.25821971893,0.0895154625177
23700,200.870701963,1,0.298805773258,196.875,9.23519802094,0.203161969781,1,158.78163147,1,29.8139362335,9.74070835114,190.827166865,0.0140122901648,0.00589489238337,-0.000420055468567,1.32231128216,-0.0959933698177,-0.0725951343775,-0.0687314048409,-0.0519782342017,2.51464223862,-0.000853751786053,-0.0242417845875,1.81199860573,-0.000576113816351,-0.0144355492666,3.78349795938e-10,1,0.680648565292,0,1.37870645523,0,-0.000764654600061,-0.000778896792326,-0.0241526886821,-0.0146383326501,-0.0233880318701,-0.0138594359159,1.61539793015,-0.0250064395368,-0.0152144469321,-0.00237448513508,0.367447376251,0,0,0,0,1,0,0,0,0,0,0,0,0,1,0,0.548073172569,0,0.252634346485,0,263.781951904,-0.000120531767607,-0.00513584911823,-3.44110712147e-10,-0.00501529593021,-0.00501529593021,-0.00513584539294,0,3.15905046463,-0.00150248419959,-0.0476801842451,2.2246928215,-0.00108020019252,-0.029411919415,7.04458216205e-08,1,0.237414777279,-0.0128788463771,-0.00819413177669,-0.0590565502644,-0.0365258529782,-0.0461777038872,-0.0283317193389,-0.0605590380728,-0.037606049329,-0.00519519858062,0.101449735463,0,0,0,1,0,0,0,0,0,0,0,0,1,0,0.168674647808,0.0568689964712,263.883880615,-0.000173382461071,-0.00811022520065,-0.00166200008243,-0.00959884747863,-0.00793684739619,-0.00977227091789,0.29726266861,0,-0.0111304055899,-0.0715366601944,-0.051995947957,0.00631177425385,0,1,0,0,-14.994017601,0,0.0495615303516,0.0205321870744,263.354166627,-0.0149194207042,-0.0112828351557,267.722290039,263.467712402,9.5502281189,4.43839645386,1.13768219948,0.0884302854538
23760,219.050336924,1,0.295443803072,196.875,9.23384857178,0.202583611012,1,156.740631104,1,30.3767852783,9.72120952606,208.097820078,0.0109598478302,0.00592462113127,-0.000411323067965,1.32231128216,-0.0937218889594,-0.0708773285151,-0.0673656612635,-0.0509453862906,2.51187133789,-0.00062962283846,-0.0232479609549,1.80777204037,-0.000438015646068,-0.0136867202818,2.69210431725e-10,1,0.69222766161,0,1.37902915478,0,-0.000747319310904,-0.000742514908779,-0.0233656577766,-0.0139912189916,-0.0226183384657,-0.0132487043738,1.61592245102,-0.0239952802658,-0.0144292358309,-0.00240204716101,0.373513162136,0,0,0,0,1,0,0,0,0,0,0,0,0,1,0,0.557366251945,0,0.256750822067,0,263.77722168,-8.84141772985e-05,-0.00500493776053,-2.01396080368e-10,-0.00491648446769,-0.00491648400202,-0.00500494614244,0,3.16342878342,-0.00136100628879,-0.0464617535472,2.22611403465,-0.00103163928725,-0.0284643229097,7.06713763066e-08,1,0.245152503252,-0.0130737368017,-0.00836738571525,-0.0581744834781,-0.0358000695705,-0.045100748539,-0.0274326838553,-0.0595354959369,-0.0368317067623,-0.00518904207274,0.104435123503,0,0,0,1,0,0,0,0,0,0,0,0,1,0,0.176363542676,0.0591536797583,263.880126953,-0.000159086659551,-0.00787081755698,-0.00170488585718,-0.00941659137607,-0.00771170668304,-0.00957568921149,0.297241330147,0,-0.0111370794475,-0.0715767145157,-0.0519153922796,0.00631715264171,0,1,0,0,-14.682311058,0,0.0385231003165,0.020631942898,263.34999996,-0.0146092651412,-0.0110482797027,267.721130371,263.446075439,9.44433784485,4.47508573532,1.12945771217,0.0876736417413
23820,197.145505658,1,0.293468475342,196.875,9.24361610413,0.204151019454,1,156.242172241,1,30.7334899902,9.69074344635,187.288230376,0.0121068274602,0.00587455462664,-0.00040441393503,1.32231128216,-0.0924914926291,-0.0699468404055,-0.0664418935776,-0.0502467863262,2.50756931305,-0.000530687742867,-0.0230630002916,1.80281412601,-0.000364054722013,-0.0136135406792,5.09317032993e-11,1,0.692488074303,0,1.37985539436,0,-0.000737637456041,-0.000737347989343,-0.0232699476182,-0.0139868333936,-0.0225323103368,-0.0132494866848,1.61726498604,-0.023800637573,-0.0143508892506,-0.00231701508164,0.372507989407,0,0,0,0,1,0,0,0,0,0,0,0,0,1,0,0.559339046478,0.00048828125,0.256777793169,0.00048828125,263.771850586,-8.18213447928e-05,-0.00496236700565,-2.46535541981e-10,-0.00488057220355,-0.00488057173789,-0.00496237445623,0.00048828125,3.164311409,-0.00104362156708,-0.0460867360234,2.22704696655,-0.000771770079155,-0.0280068032444,7.1624526754e-08,1,0.241437092423,-0.0132357217371,-0.00860044546425,-0.0582788363099,-0.0358354784548,-0.0450431182981,-0.0272350348532,-0.0593224577606,-0.0366072505713,-0.00514858867973,0.102282814682,0,0,0,1,0,0,0,0,0,0,0,0,1,0,0.181071162224,0.0602268800139,263.875823975,-0.000123299658298,-0.00781274586916,-0.00171719584614,-0.00940658990294,-0.0076893940568,-0.00952997803688,0.296692371368,0,-0.0110997492447,-0.0713423639536,-0.0516672953963,0.0063309231773,0,1,0,0,-14.4356870651,0,0.0426539741457,0.0204587094486,263.345833293,-0.014363868162,-0.0108626978472,267.720611572,263.422973633,9.4529914856,4.46849346161,1.10937154293,0.0801993533969
23880,193.1090227,1,0.293451249599,196.875,9.25008010864,0.202358722687,1,156.549072266,1,30.806848526,9.68193626404,183.453571565,0.0161197558045,0.00594740174711,-0.00040355004603,1.32231128216,-0.0923252925277,-0.0698211491108,-0.0666498094797,-0.0504040233791,2.50488805771,-0.000536895473488,-0.022326676175,1.79952502251,-0.000355169962859,-0.0136829074472,0,1,0.697297990322,0,1.38047099113,0,-0.000742229633033,-0.000752543564886,-0.0225320085883,-0.0140802804381,-0.0217897798866,-0.0133277373388,1.6182653904,-0.0230689048767,-0.0144354514778,-0.00178956741001,0.374251484871,0,0,0,0,1,0,0,0,0,0,0,0,0,1,0,0.563113093376,0.000244140625,0.257840871811,0.000244140625,263.766998291,-9.19816084206e-05,-0.00490979570895,-3.35430683229e-10,-0.00481775868684,-0.00481775868684,-0.00490979291499,0.000244140625,3.16070604324,-0.0013008316746,-0.0459897816181,2.22431182861,-0.000870876945555,-0.0281019583344,7.14644556865e-08,1,0.244890913367,-0.0131041258574,-0.00867859087884,-0.0577930808067,-0.0359096713364,-0.0446889549494,-0.0272310804576,-0.0590939074755,-0.0367805473506,-0.00474886037409,0.103661738336,0,0,0,1,0,0,0,0,0,0,0,0,1,0,0.188044905663,0.062449015677,263.871246338,-0.000170528888702,-0.00783553719521,-0.00172051147092,-0.00938559323549,-0.00766508234665,-0.00955608487129,0.296128630638,0,-0.011054828763,-0.0710915625095,-0.0514385551214,0.00634118309245,0,1,0,0,-14.4048509598,0,0.0572685450315,0.0207180101424,263.341666627,-0.0143331848085,-0.0108394939452,267.720123291,263.445861816,9.49561500549,4.39554405212,1.15070414543,0.0822734907269
23940,214.55467975,1,0.293009310961,196.875,9.2576379776,0.201837942004,1,156.529876709,1,30.602804184,9.79986953735,203.826945763,0.0142087563872,0.00585374748334,-0.000401778786909,1.32231128216,-0.0918637514114,-0.069472104311,-0.0667029172182,-0.0504441857338,2.50016069412,-0.000703950237948,-0.0217925608158,1.7982981205,-0.000476558401715,-0.0136287445202,-2.40106601268e-10,1,0.703835487366,0,1.38100075722,0,-0.000728057231754,-0.000746044446714,-0.0218166671693,-0.0138982310891,-0.0210886094719,-0.0131521858275,1.61912620068,-0.0225206185132,-0.0143747888505,-0.00151989865117,0.377015411854,0,0,0,0,1,0,0,0,0,0,0,0,0,1,0,0.572210490704,0.0009765625,0.261432290077,0.0009765625,263.761962891,-9.81371849775e-05,-0.00479600019753,-1.30005312071e-10,-0.00469780247658,-0.00469780247658,-0.00479599460959,0.0009765625,3.15665698051,-0.00169125222601,-0.0451897904277,2.22413420677,-0.00110138568562,-0.0279985647649,7.10060703568e-08,1,0.251027852297,-0.0128499399871,-0.00890147686005,-0.0563484802842,-0.0357986576855,-0.0434985384345,-0.0268971808255,-0.0580397285521,-0.0369000397623,-0.00400292407721,0.10634893924,0,0,0,1,0,0,0,0,0,0,0,0,1,0,0.195749908686,0.0651118755341,263.866271973,-0.000193333253264,-0.00768258236349,-0.00171996001154,-0.00920917093754,-0.007489210926,-0.00940257310867,0.295601159334,0,-0.0110121956095,-0.0708337947726,-0.0512642599642,0.00635001203045,0,1,0,0,-14.3416252136,0,0.0502769984305,0.0203860085458,263.33749996,-0.0142702739686,-0.0107919173315,267.719238281,263.429046631,9.54627990723,4.68955230713,1.29131031036,0.0889014154673
24000,183.768228787,1,0.2930303514,196.875,9.2664232254,0.199400797486,1,156.748443604,1,29.8595542908,9.76376914978,174.579817348,0.0145606109872,0.00580592639744,-0.000401305034757,1.32231128216,-0.0916167572141,-0.0692853182554,-0.0670693516731,-0.0507213026285,2.49453639984,-0.000937642180361,-0.0217711552978,1.79923188686,-0.000597580103204,-0.0137727865949,-1.7462298274e-10,1,0.705030918121,0,1.38139283657,0,-0.000739509006962,-0.000757573405281,-0.0215730201453,-0.0139327794313,-0.0208335109055,-0.0131752053276,1.61976337433,-0.0225106626749,-0.0145303588361,-0.00137461232953,0.376887857914,0,0,0,0,1,0,0,0,0,0,0,0,0,1,0,0.569069027901,0.00048828125,0.259338676929,0.00048828125,263.757080078,-0.000121779739857,-0.00483732298017,3.19552995176e-10,-0.00471547152847,-0.00471547199413,-0.00483733415604,0.00048828125,3.15223670006,-0.00220508687198,-0.0450597926974,2.22357082367,-0.00131663435604,-0.0282857865095,7.06349965185e-08,1,0.250809550285,-0.012773187831,-0.00889200717211,-0.0556278973818,-0.0358611643314,-0.0428547076881,-0.026969153434,-0.0578329823911,-0.0371777974069,-0.00358736794442,0.106183871627,0,0,0,1,0,0,0,0,0,0,0,0,1,0,0.191448330879,0.0636348351836,263.861877441,-0.000240370631218,-0.00774786248803,-0.00170903967228,-0.00921638123691,-0.00750734098256,-0.00945701450109,0.29510769248,0,-0.0109685678035,-0.0705649107695,-0.0511472187936,0.0063565466553,0,1,0,0,-14.324713707,0,0.0515598766506,0.0202161930501,263.333333293,-0.0142534468323,-0.0107791917399,267.718048096,263.428192139,9.55604362488,4.43874979019,1.20197308064,0.0847652852535
24060,199.79686957,1,0.29337528348,196.875,9.27837085724,0.19948810339,1,156.464660645,1,28.1215896606,9.75754165649,189.807026092,0.0130911655724,0.00584735441953,-0.000403454265324,1.32231128216,-0.0916833952069,-0.0693357139826,-0.0674306377769,-0.0509945265949,2.48649549484,-0.000725247955415,-0.0218661390245,1.80063474178,-0.000460655428469,-0.0137157682329,-2.91038304567e-11,1,0.700963437557,0,1.38176989555,0,-0.000745788449422,-0.00077213748591,-0.0218866802752,-0.0140272499993,-0.0211408920586,-0.0132551128045,1.62037611008,-0.0226119291037,-0.0144879063591,-0.00151582993567,0.374175131321,0,0,0,0,1,0,0,0,0,0,0,0,0,1,0,0.564782381058,0.000732421875,0.256924748421,0.000732421875,263.752502441,-9.32291150093e-05,-0.0048464294523,7.78448805416e-10,-0.00475307833403,-0.00475307926536,-0.00484643504024,0.000732421875,3.13902664185,-0.0017150278436,-0.0438889078796,2.22174882889,-0.000982134253718,-0.0280626099557,7.08678271621e-08,1,0.25500485301,-0.012675665319,-0.00882258173078,-0.054849550128,-0.0359030589461,-0.042173884809,-0.0270804744214,-0.0565645769238,-0.0368851944804,-0.00318137137219,0.107772439718,0,0,0,1,0,0,0,0,0,0,0,0,1,0,0.187182143331,0.06223147735,263.856658936,-0.000183746218681,-0.00772897899151,-0.00171467661858,-0.00925982743502,-0.00754514988512,-0.00944378972054,0.2947678864,0,-0.0109411552548,-0.070354834199,-0.0511160641909,0.00636283215135,0,1,0,0,-14.4014320374,0,0.0462152510881,0.0203608963639,263.329166626,-0.0143297826871,-0.010836920701,267.717163086,263.374389648,9.6065864563,4.68040847778,1.07543849945,0.085219964385
24120,218.398857117,1,0.292513757944,196.875,9.27611160278,0.201446548104,1,155.376983643,1,27.9749698639,9.68881320953,207.478914261,0.0154663091525,0.00594533234835,-0.000402709789341,1.32231128216,-0.0909204408526,-0.06875872612,-0.0673403888941,-0.0509262755513,2.47755384445,-0.000359248253517,-0.021714899689,1.8016898632,-0.000234859209741,-0.0137782711536,2.83762346953e-10,1,0.696470856667,0,1.38232827187,0,-0.000724115176126,-0.00075535842916,-0.0220797657967,-0.0142987705767,-0.021355651319,-0.0135434120893,1.62128329277,-0.0224390141666,-0.0145336296409,-0.00144993234426,0.371258556843,0,0,0,0,1,0,0,0,0,0,0,0,0,1,0,0.559946298599,0.0009765625,0.254434347153,0.0009765625,263.74810791,-4.70001250505e-05,-0.00484325923026,8.57485971117e-10,-0.00479617249221,-0.00479617342353,-0.00484327040613,0.0009765625,3.12811088562,-0.000936064636335,-0.0443231984973,2.21768927574,-0.000575229467358,-0.0279960408807,7.10715539753e-08,1,0.240911662579,-0.0127098206431,-0.00875825434923,-0.0560969561338,-0.0361790731549,-0.0433871373534,-0.0274208150804,-0.0570330172777,-0.0367542952299,-0.00379086378962,0.101513788104,0,0,0,1,0,0,0,0,0,0,0,0,1,0,0.178146585822,0.0591807290912,263.851715088,-9.39629971981e-05,-0.0077294446528,-0.00169648125302,-0.00933190435171,-0.00763542344794,-0.00942608341575,0.294437617064,0,-0.0109203951433,-0.0701236277819,-0.0511005781591,0.0063721369952,0,1,0,0,-14.3748579025,0,0.0548712164164,0.0207099299878,263.324999959,-0.0143033415079,-0.010816924274,267.716522217,263.443389893,9.50691604614,4.44101810455,1.20924866199,0.0851825401187
24180,205.171849219,1,0.291775882244,196.875,9.27428245544,0.201069265604,1,154.78604126,1,29.3980178833,9.7059545517,194.913256758,0.013515795581,0.00594210345298,-0.000401195778977,1.32231128216,-0.0903724730015,-0.0683443248272,-0.067122220993,-0.0507612861693,2.47111654282,-0.000363539700629,-0.0219063349068,1.80009126663,-0.000225272233365,-0.0137620102614,2.32830643654e-10,1,0.694156885147,0,1.38309264183,0,-0.000706566555891,-0.000732642190997,-0.0222493652254,-0.0142693798989,-0.0215427968651,-0.0135367382318,1.62252569199,-0.0226129032671,-0.0144946519285,-0.00161486584693,0.369308680296,0,0,0,0,1,0,0,0,0,0,0,0,0,1,0,0.559661507607,0,0.253892570734,0,263.743438721,-4.96506690979e-05,-0.00483554601669,7.5750072881e-10,-0.00478583620861,-0.00478583667427,-0.0048355422914,0,3.12372732162,-0.000703204423189,-0.0446241348982,2.21235132217,-0.000413223810028,-0.0276428125799,7.12461769581e-08,1,0.235965669155,-0.0128128239885,-0.00862407591194,-0.0567337609828,-0.0358536653221,-0.0439209342003,-0.0272295866162,-0.0574369579554,-0.0362668856978,-0.00453490903601,0.0991237163544,0,0,0,1,0,0,0,0,0,0,0,0,1,0,0.170315384865,0.0564505159855,263.847106934,-5.11482357979e-05,-0.00768927112222,-0.00172818941064,-0.00936631858349,-0.00763812894002,-0.009417578578,0.294027805328,0,-0.0108968950808,-0.0698315575719,-0.0510644167662,0.006384878885,0,1,0,0,-14.3208150864,0,0.0477562025189,0.0206975340843,263.320833293,-0.0142495669425,-0.0107762571424,267.715820312,263.400360107,9.49165248871,4.54659557343,1.32930040359,0.0814025104046
24240,194.375722745,1,0.292678564787,190.625,9.2807264328,0.230620130897,1,155.239700317,1,29.1252231598,9.72324752808,184.656936608,0.0123910084367,0.00587685313076,-0.000403747573728,1.32231128216,-0.0911147892475,-0.0689057037234,-0.0672921016812,-0.0508897602558,2.47068071365,-0.000409888569266,-0.0225808713585,1.7989667654,-0.000229947501794,-0.0138719510287,1.7462298274e-10,1,0.687202334404,0,1.38368368149,0,-0.000725389225408,-0.000748366350308,-0.0228963717818,-0.0143903698772,-0.0221709832549,-0.0136420028284,1.62348592281,-0.0233062580228,-0.0146203171462,-0.00193069712259,0.3648660779,0,0,0,0,1,0,0,0,0,0,0,0,0,1,0,0.552567660809,0.002197265625,0.25008097291,0.002197265625,263.739257812,-5.49107789993e-05,-0.00491870194674,3.10990011521e-10,-0.00486368173733,-0.00486368220299,-0.00491870939732,0.002197265625,3.11988306046,-0.000978745869361,-0.0455391332507,2.20802593231,-0.00054671918042,-0.0277843158692,7.17118382454e-08,1,0.23136420548,-0.0130378864706,-0.00861046276987,-0.0575982779264,-0.0358480587602,-0.0445603914559,-0.0272375978529,-0.0585770271719,-0.0363947786391,-0.00512870587409,0.0964754372835,0,0,0,1,0,0,0,0,0,0,0,0,1,0,0.169366240501,0.0556784570217,263.842651367,-8.33868980408e-05,-0.00777791440487,-0.0017328762915,-0.0094274263829,-0.00769455078989,-0.00951084494591,0.293723464012,0,-0.0108809126541,-0.0696143209934,-0.051035232842,0.00639472715557,0,1,0,0,-14.411901474,0,0.0436805859208,0.0204670038074,263.316666626,-0.0143402004614,-0.0108447996899,267.715118408,263.440704346,9.48920059204,4.55063343048,1.20753550529,0.0823635607958
24300,231.362596245,1,0.294893026352,196.875,9.28407859802,0.196531042457,1,156.334625244,1,30.1843452454,9.95254421234,219.794466433,0.0135533781722,0.0058384174481,-0.000410089181969,1.32231128216,-0.0929090902209,-0.0702626481652,-0.0677551478148,-0.0512399375439,2.477820158,-0.000465977587737,-0.0238549076021,1.79615592957,-0.000272679550108,-0.0143194273114,-2.91038304567e-11,1,0.67188000679,0,1.38389956951,0,-0.000770601676777,-0.000803636678029,-0.0241595320404,-0.0148503836244,-0.0233889278024,-0.0140467472374,1.62383675575,-0.0246255062521,-0.0151230636984,-0.00230589695275,0.35679346323,0,0,0,0,1,0,0,0,0,0,0,0,0,1,0,0.535818338394,0.000244140625,0.242472529411,0.000244140625,263.735839844,-5.97313046455e-05,-0.00510931760073,-3.0577920751e-10,-0.00504951784387,-0.00504951737821,-0.00510931015015,0.000244140625,3.11834383011,-0.00104344601277,-0.0479149669409,2.19919776917,-0.0005896287621,-0.0277295000851,7.15663190931e-08,1,0.226574927568,-0.0128275174648,-0.00836838595569,-0.0596990399063,-0.0355082564056,-0.0468715205789,-0.0271398723125,-0.060742482543,-0.0360978841782,-0.00665102805942,0.0943904742599,0,0,0,1,0,0,0,0,0,0,0,0,1,0,0.155996710062,0.0512851476669,263.838378906,-0.000103369355202,-0.00806906819344,-0.00170944188721,-0.00967518612742,-0.00796574354172,-0.00977858901024,0.29371714592,0,-0.0108873499557,-0.0695988237858,-0.0510462075472,0.00639832578599,0,1,0,0,-14.6382675171,0,0.0478927195072,0.0203339532018,263.312499959,-0.0145654398948,-0.0110151367262,267.714447021,263.422149658,9.62292671204,4.49453544617,1.41315078735,0.0878061652184
24360,215.669339156,1,0.29697740078,196.875,9.30491256714,0.198352605104,1,156.679733276,1,32.000415802,9.74216461182,204.885872198,0.01481665764,0.0060107819736,-0.000417924049543,1.32231128216,-0.0947771891952,-0.0716753974557,-0.0679556876421,-0.0513915978372,2.48825454712,-0.000547520292457,-0.0239751692861,1.79153573513,-0.000401310098823,-0.0143387205899,-2.18278728426e-10,1,0.67419397831,0,1.38368868828,0,-0.000767855497543,-0.000778184272349,-0.0241955034435,-0.0147155933082,-0.0234276466072,-0.0139374099672,1.62349402905,-0.0247430242598,-0.0151169039309,-0.00239577470347,0.358422458172,0,0,0,0,1,0,0,0,0,0,0,0,0,1,0,0.533356547356,0.00048828125,0.24157372117,0.00048828125,263.733062744,-8.91191884875e-05,-0.00519666727632,-1.10404707598e-09,-0.00510745029896,-0.00510744936764,-0.00519668310881,0.00048828125,3.11819839478,-0.00110626535024,-0.0481242313981,2.19056296349,-0.000785547541454,-0.0280656386167,7.10278982297e-08,1,0.232103258371,-0.0121040884405,-0.00802681595087,-0.059122055769,-0.0353069081903,-0.0470179691911,-0.0272800922394,-0.060228317976,-0.0360924564302,-0.00639481749386,0.0966587588191,0,0,0,1,0,0,0,0,0,0,0,0,1,0,0.161536499858,0.0530947297812,263.834411621,-0.000144138932228,-0.00812831148505,-0.00162311678287,-0.00960721820593,-0.00798410177231,-0.00975134596229,0.29417976737,0,-0.0109335612506,-0.0698842704296,-0.0511226952076,0.0063948109746,0,1,0,0,-14.9179344177,0,0.0524946711957,0.0209446009248,263.308333292,-0.0148437162861,-0.0112255839631,267.713531494,263.401580811,9.58565616608,4.32119274139,1.20075404644,0.102657437325
24420,197.512353161,1,0.294794291258,196.875,9.30446147919,0.196944758296,1,154.89213562,1,33.1375579834,9.71264839172,187.636735503,0.0171598363668,0.00607668422163,-0.000413492700318,1.32231128216,-0.0936584919691,-0.0708293840289,-0.0665826201439,-0.0503532104194,2.49031972885,-0.000436633359641,-0.023344906047,1.78643035889,-0.000358985649655,-0.0137661658227,-5.3842086345e-10,1,0.684234261513,0,1.38398861885,0,-0.00073749688454,-0.000738406786695,-0.0236457698047,-0.0141455866396,-0.0229082722217,-0.0134071800858,1.62398159504,-0.02408240363,-0.0145045723766,-0.00247984146699,0.363997131586,0,0,0,0,1,0,0,0,0,0,0,0,0,1,0,0.542467474937,0.00146484375,0.245919674635,0.00146484375,263.729431152,-7.3192641139e-05,-0.00510257482529,-7.90282728147e-10,-0.0050293430686,-0.00502934213728,-0.0051025711,0.00146484375,3.12154459953,-0.00106531614438,-0.0471481457353,2.19027805328,-0.000891014235094,-0.0277095921338,7.06386344973e-08,1,0.239320158958,-0.012015549466,-0.008271465078,-0.0580983832479,-0.0350900441408,-0.0460828319192,-0.0268185809255,-0.0591636970639,-0.0359810590744,-0.00583270005882,0.0996433719993,0,0,0,1,0,0,0,0,0,0,0,0,1,0,0.171319052577,0.0562777519226,263.831115723,-0.000150629319251,-0.00806063320488,-0.00164210423827,-0.00955213047564,-0.00791002623737,-0.00970273837447,0.294513523579,0,-0.0109789986163,-0.0701594501734,-0.0510957315564,0.0063998112455,0,1,0,0,-14.7597560883,0,0.0610988251865,0.0211789738387,263.304166626,-0.0146863246337,-0.0111065562814,267.712860107,263.391937256,9.44620895386,4.40220069885,1.2294396162,0.101733803749
24480,205.934126563,1,0.294145673513,196.875,9.30743598938,0.196553632617,1,154.513793945,1,34.8214874268,9.73749542236,195.637420235,0.0201390031725,0.00591794028878,-0.000411775166867,1.32231128216,-0.0932187885046,-0.0704968571663,-0.0663293302059,-0.0501616597176,2.4922337532,-0.000563156674616,-0.0241488330066,1.78585839272,-0.000425777456257,-0.014363524504,-1.60071067512e-10,1,0.674488902092,0,1.38485002518,0,-0.000732563785277,-0.000735071022063,-0.0243182405829,-0.0146728185937,-0.0235856771469,-0.013937747106,1.62538135052,-0.0248813983053,-0.0150985950604,-0.00239004497416,0.358390778303,0,0,0,0,1,0,0,0,0,0,0,0,0,1,0,0.534763932228,0,0.242029950023,0,263.725952148,-8.40984284878e-05,-0.00521164014935,-8.27489521349e-10,-0.00512751657516,-0.00512751564384,-0.0052116215229,0,3.12794351578,-0.00129616004415,-0.0484040640295,2.19222974777,-0.000940033991355,-0.0297298599035,7.08096195012e-08,1,0.222310230136,-0.01212265715,-0.00832767784595,-0.0592305585742,-0.0371175035834,-0.0471079051495,-0.0287898257375,-0.0605267249048,-0.0380575358868,-0.00472278892994,0.0924906134605,0,0,0,1,0,0,0,0,0,0,0,0,1,0,0.163300037384,0.0535387545824,263.828430176,-0.000157602131367,-0.00820469856262,-0.00165967387147,-0.00970670208335,-0.00804702751338,-0.00986433029175,0.294429063797,0,-0.010993026197,-0.070224404335,-0.0509248115122,0.00641416758299,0,1,0,0,-14.6984500885,0,0.0721707642078,0.0206204168499,263.299999959,-0.014625323005,-0.0110604232177,267.712280273,263.390136719,9.47957706451,4.53150510788,1.50536382198,0.0984328910708
24540,177.419103038,1,0.298056900501,196.875,9.31294345856,0.197391271591,1,157.392868042,1,35.5177574158,9.68491077423,168.548147886,0.0203993804753,0.00577340926975,-0.000420583761297,1.32231128216,-0.0955435484648,-0.0722549632192,-0.0683443844318,-0.0516855493188,2.50385117531,-0.00071615219349,-0.0253584422171,1.79106068611,-0.000471790932352,-0.0151392742991,-2.91038304567e-10,1,0.660654842854,0,1.38488721848,0,-0.000731607025955,-0.000736721674912,-0.0253738947213,-0.0154042039067,-0.0246422886848,-0.0146674821153,1.62544178963,-0.0260900482535,-0.0158759951591,-0.00237868493423,0.351310074329,0,0,0,0,1,0,0,0,0,0,0,0,0,1,0,0.529003083706,0.0029296875,0.239515289664,0.0029296875,263.723236084,-9.13143157959e-05,-0.00530576705933,-4.97875407568e-10,-0.00521443132311,-0.00521443039179,-0.00530577450991,0.0029296875,3.14222216606,-0.00166305433959,-0.0511331632733,2.1925675869,-0.000961384852417,-0.0296461060643,7.1115209721e-08,1,0.205815181136,-0.0122808516026,-0.00798650085926,-0.0617509633303,-0.0366712212563,-0.049470115453,-0.028684720397,-0.0634140223265,-0.0376326069236,-0.00646969210356,0.0858802050352,0,0,0,1,0,0,0,0,0,0,0,0,1,0,0.153933018446,0.0505029968917,263.826080322,-0.000189127400517,-0.00834335386753,-0.00168039998971,-0.00983468070626,-0.00815428048372,-0.0100237401202,0.294720351696,0,-0.0110257938504,-0.0704258456826,-0.0509352236986,0.0064147869125,0,1,0,0,-15.0128736496,0,0.0731456950307,0.0201126262546,263.295833292,-0.0149381831288,-0.0112970247865,267.711700439,263.349700928,9.48279571533,4.50183677673,1.60869598389,0.100389286876
24600,180.11686184,1,0.302749216557,196.875,9.32441806793,0.196511134505,1,159.950210571,1,36.5260734558,9.78512191772,171.111018748,0.0137962289155,0.00575457653031,-0.000433714798419,1.32231128216,-0.0988384410739,-0.0747467279434,-0.0701442062855,-0.0530466660857,2.5238764286,-0.000605882145464,-0.0262666996568,1.79349088669,-0.000447481084848,-0.0158145409077,-1.45519152284e-11,1,0.649465560913,0.000244140625,1.38351845741,0.000244140625,-0.000730303116143,-0.000749838189222,-0.0263911224902,-0.0161168985069,-0.0256608165801,-0.0153670599684,1.62321734428,-0.0269970037043,-0.0165643785149,-0.00239107408561,0.34682071209,0,0.000244140625,0,0,1,0,0,0,0,0,0,0,0,1,0,0.513264298439,0.000732421875,0.233436584473,0.000732421875,263.721496582,-9.85097140074e-05,-0.00552861019969,-5.51721945907e-10,-0.00543003156781,-0.00543003063649,-0.0055286064744,0.000732421875,3.16210079193,-0.00127481541131,-0.0520685762167,2.18950366974,-0.000864455359988,-0.030243717134,7.1115209721e-08,1,0.199115157127,-0.0120141655207,-0.00777504732832,-0.0628079250455,-0.0371543094516,-0.0507937632501,-0.0293792635202,-0.0640827417374,-0.0380187630653,-0.00666218344122,0.0833047479391,0,0,0,1,0,0,0,0,0,0,0,0,1,0,0.14709675312,0.0484083816409,263.824188232,-0.000164173543453,-0.00867732986808,-0.00162932265084,-0.010142580606,-0.00851325877011,-0.0103066861629,0.295800864697,0,-0.0111083574593,-0.0710062980652,-0.0512218810618,0.00639197183773,0,1,0,0,-15.4815921783,0,0.0487754270434,0.02004307881,263.291666625,-0.0154045689851,-0.011649729684,267.711181641,263.345947266,9.55600833893,4.77550601959,1.36203706264,0.117521189153
24660,193.094639858,1,0.302893429995,196.875,9.32917118073,0.198292642832,1,158.814788818,1,37.6326751709,9.76144599915,183.439907865,0.0241527464241,0.00606667622924,-0.000437440117821,1.32231128216,-0.0989967435598,-0.0748664438725,-0.0701206326485,-0.0530288405716,2.53574180603,-0.000240099150687,-0.0255278125405,1.79590773582,-0.000174752203748,-0.0159040950239,-2.18278728426e-10,1,0.653307616711,0.00048828125,1.38204169273,0.00048828125,-0.000708068604581,-0.000706753111444,-0.0259957816452,-0.0164360981435,-0.0252877119929,-0.0157293453813,1.62081778049,-0.0262358803302,-0.0166108496487,-0.00187429622747,0.351124405861,0,0.00048828125,0,0,1,0,0,0,0,0,0,0,0,1,0,0.506965041161,0.004150390625,0.232291862369,0.004150390625,263.719787598,-4.767999053e-05,-0.00559429824352,-7.85642884082e-10,-0.00554656051099,-0.00554655957967,-0.00559429265559,0.004150390625,3.17814469337,-0.000603042542934,-0.0509480983019,2.19034171104,-0.000408180145314,-0.0307875424623,7.14062480256e-08,1,0.210703119636,-0.0118714440614,-0.00769677059725,-0.0622165054083,-0.0380761325359,-0.0503450594842,-0.0303793624043,-0.0628195479512,-0.0384843125939,-0.00548758869991,0.0891624540091,0,0,0,1,0,0,0,0,0,0,0,0,1,0,0.151674792171,0.0506272241473,263.82244873,-6.75357878208e-05,-0.00869048945606,-0.00162572436966,-0.0102488230914,-0.00862309802324,-0.0103162638843,0.297166496515,0,-0.0112202893943,-0.0717420354486,-0.0515858381987,0.0063673616387,0,1,0,0.000244140625,-15.6145687103,0,0.0873331353068,0.0211525727063,263.287499959,-0.0155368838459,-0.0117497928441,267.710235596,263.272918701,9.56880950928,4.81340885162,1.40768861771,0.102457255125
24720,189.991302529,1,0.300985276699,196.875,9.34055042267,0.19704426825,1,156.977035522,1,36.2140541077,9.76759338379,180.491737403,0.0235844738781,0.00604638084769,-0.000434249814134,1.32231128216,-0.097852833569,-0.0740013569593,-0.069099240005,-0.0522564090788,2.54069495201,-0.000306827569148,-0.025476526469,1.79496002197,-0.000205149393878,-0.0155010335147,-8.58562998474e-10,1,0.657715082169,0,1.38167881966,0,-0.000716057489626,-0.000730239436962,-0.0258857570589,-0.0160261243582,-0.0251697003841,-0.0152958864346,1.62022829056,-0.0261925850064,-0.0162312723696,-0.00209338217974,0.354977428913,0,0,0,0,1,0,0,0,0,0,0,0,0,1,0,0.515221953392,0.00390625,0.237244084477,0.00390625,263.716918945,-5.77829778194e-05,-0.00553623400629,-6.15826722949e-10,-0.00547843798995,-0.00547843705863,-0.00553621631116,0.00390625,3.19005823135,-0.000653443683404,-0.0502803772688,2.19047307968,-0.000435089226812,-0.0300844274461,7.09551386535e-08,1,0.221077561378,-0.0119580505416,-0.00777201540768,-0.061584983021,-0.0374213531613,-0.0496269315481,-0.0296493396163,-0.0622384287417,-0.0378564447165,-0.00553076108918,0.0941691175103,0,0,0,1,0,0,0,0,0,0,0,0,1,0,0.165206700563,0.0555750951171,263.819732666,-6.1146914959e-05,-0.00845979526639,-0.00161793793086,-0.0100167114288,-0.0083987750113,-0.0100777186453,0.298036068678,0,-0.0113091031089,-0.0722249448299,-0.0517855659127,0.00636131502688,0,1,0,0,-15.5006885529,0,0.0851687565446,0.0210836008191,263.283333292,-0.0154235707596,-0.0116640999913,267.709350586,263.318878174,9.5797662735,4.49742937088,1.36053204536,0.11542057991
24780,196.876258295,1,0.300387948751,196.875,9.34556293488,0.19509665668,1,157.234939575,1,33.7807273865,9.73177719116,187.032445381,0.0309746582061,0.00593994930387,-0.000430961488746,1.32231128216,-0.0976067185402,-0.0738152340055,-0.0686238855124,-0.0518969222903,2.54641819,-0.000300133950077,-0.0255710072815,1.7931432724,-0.000200233771466,-0.0156041001901,2.91038304567e-11,1,0.655578255653,0,1.38173258305,0,-0.000764448428527,-0.000782771618105,-0.0260353218764,-0.0161866396666,-0.0252708718181,-0.0154038658366,1.62031555176,-0.0263354554772,-0.0163868702948,-0.00199936423451,0.35463359952,0,0,0,0,1,0,0,0,0,0,0,0,0,1,0,0.517754256725,0.001953125,0.238917350769,0.001953125,263.713317871,-5.76600432396e-05,-0.00552858226001,-7.62014895628e-10,-0.00547095248476,-0.00547095155343,-0.00552857294679,0.001953125,3.20174813271,-0.000825826777145,-0.0506007932127,2.18859577179,-0.000596517405938,-0.0304091610014,7.08969309926e-08,1,0.218273162842,-0.0124307181686,-0.00789655279368,-0.0622056871653,-0.0377091951668,-0.049774967134,-0.0298126433045,-0.0630315095186,-0.0383057147264,-0.00555499363691,0.0934204608202,0,0,0,1,0,0,0,0,0,0,0,0,1,0,0.167639642954,0.056631218642,263.816650391,-8.46534967422e-05,-0.00842856615782,-0.00166233733762,-0.0100062331185,-0.00834389589727,-0.0100908353925,0.298492848873,0,-0.01136458572,-0.0725265741348,-0.0518412739038,0.00636220909655,0,1,0,0,-15.3833112717,0,0.113793618977,0.020702149719,263.279166625,-0.0153067773208,-0.0115757742897,267.708465576,263.338592529,9.55583953857,4.76410579681,1.4566899538,0.124755129218
24840,202.506272498,1,0.30111554265,196.875,9.34554576874,0.195003569126,1,158.372970581,1,33.3819465637,9.80064105988,192.380958873,0.0154770547524,0.005774253048,-0.000430981279351,1.32231128216,-0.0981524139643,-0.0742279216647,-0.0688537955284,-0.0520707927644,2.55539321899,-0.000501726637594,-0.0264487341046,1.79381871223,-0.00031466956716,-0.0159146748483,4.65661287308e-10,1,0.648248136044,0,1.38163566589,0,-0.000811151578091,-0.000842393725179,-0.0267581567168,-0.016442399472,-0.0259470064193,-0.0156000060961,1.62015771866,-0.0272598862648,-0.0167570672929,-0.00216437922791,0.351071059704,0,0,0,0,1,0,0,0,0,0,0,0,0,1,0,0.510109782219,0.00146484375,0.23557113111,0.00146484375,263.709899902,-7.83372670412e-05,-0.00565833039582,-6.62638832694e-10,-0.00557996053249,-0.00557995960116,-0.00565833598375,0.00146484375,3.2161667347,-0.00158988113981,-0.0518355071545,2.18838858604,-0.00105480337515,-0.0310471579432,7.11006578058e-08,1,0.212764799595,-0.0127784218639,-0.00791959092021,-0.0630240514874,-0.0379119440913,-0.0502456277609,-0.0299923531711,-0.064613930881,-0.0389667488635,-0.00574821513146,0.0911497175694,0,0,0,1,0,0,0,0,0,0,0,0,1,0,0.160865083337,0.054368391633,263.813659668,-0.0001555159688,-0.00868328660727,-0.00166325364262,-0.0101909423247,-0.00852768868208,-0.0103465020657,0.298829436302,0,-0.0113983228803,-0.0727773308754,-0.0518649853766,0.00636059278622,0,1,0,0,-15.3840179443,0,0.0549105815589,0.0201100558043,263.274999958,-0.0153074804693,-0.0115763060749,267.707733154,263.368652344,9.58357810974,4.62964439392,1.34036982059,0.111180558801
24900,211.300963361,1,0.305480957031,196.875,9.33801174164,0.193665161729,1,160.765594482,1,33.8236160278,9.88038825989,200.735915193,0.0148507580161,0.00568516831845,-0.000443301600171,1.32231128216,-0.101346999407,-0.0766438320279,-0.0703947469592,-0.0532361380756,2.5725748539,-0.000778623740189,-0.0283868517727,1.79584228992,-0.000530661200173,-0.0169669855386,1.01863406599e-10,1,0.630238056183,0,1.38087928295,0,-0.000867082446348,-0.000897860620171,-0.0284753106534,-0.0173341855407,-0.0276082269847,-0.0164363253862,1.61892867088,-0.029253937304,-0.0178648456931,-0.00238420208916,0.341843008995,0,0,0,0,1,0,0,0,0,0,0,0,0,1,0,0.487640798092,0.0009765625,0.225664243102,0.0009765625,263.707855225,-0.000118229538202,-0.00599499419332,-9.89387904937e-10,-0.00587672181427,-0.00587672088295,-0.0059949606657,0.0009765625,3.22919607162,-0.00185949727893,-0.0542032718658,2.18710231781,-0.00128881190903,-0.0320311263204,7.1304384619e-08,1,0.204249054193,-0.0126409912482,-0.00758841075003,-0.0649847537279,-0.0383307263255,-0.0523437671363,-0.0307423155755,-0.0668442621827,-0.039619538933,-0.00642045401037,0.087552882731,0,0,0,1,0,0,0,0,0,0,0,0,1,0,0.14506560564,0.0492484644055,263.810943604,-0.000186249613762,-0.00912363827229,-0.00157769036014,-0.0105149364099,-0.00893724616617,-0.0107012838125,0.299566030502,0,-0.0114556141198,-0.0732420012355,-0.0520040690899,0.00634798686951,0,1,0,0,-15.8237953186,0,0.0526192374527,0.0197965055704,263.270833291,-0.0157450698316,-0.0119072338566,267.70703125,263.385742188,9.67599868774,4.59397506714,1.30520343781,0.106725201011
24960,201.124690562,1,0.308988511562,196.875,9.34653663635,0.194008305669,1,161.519866943,1,32.7249755859,9.9524679184,191.068456034,0.0122262267396,0.00578151782975,-0.00045660539763,1.32231128216,-0.103808894753,-0.0785056427121,-0.0718458145857,-0.05433351174,2.58866143227,-0.00101386010647,-0.0281969960779,1.79872274399,-0.000686794228386,-0.0172091461718,-5.82076609135e-10,1,0.636952638626,0,1.37945747375,0,-0.00089538260363,-0.000915277400054,-0.0280785169452,-0.0174376294017,-0.0271831341088,-0.0165223516524,1.61661827564,-0.0290923789144,-0.0181244239211,-0.00199132226408,0.347567945719,0,0,0,0,1,0,0,0,0,0,0,0,0,1,0,0.48620313406,0.0029296875,0.22650539875,0.0029296875,263.706237793,-0.000135190784931,-0.00609273836017,-6.67346067296e-10,-0.00595761230215,-0.00595761183649,-0.00609271973372,0.0029296875,3.23771429062,-0.00201437808573,-0.0529477633536,2.18485355377,-0.00138720241375,-0.0318172238767,7.12570908945e-08,1,0.221643149853,-0.0123909153044,-0.00745816668496,-0.0633243024349,-0.0378881879151,-0.0509333834052,-0.0304300226271,-0.065338678658,-0.03927539289,-0.00564182177186,0.0957702547312,0,0,0,1,0,0,0,0,0,0,0,0,1,0,0.15792927146,0.0539706349373,263.807922363,-0.000182833522558,-0.00909889303148,-0.001541323727,-0.0104572437704,-0.00891591981053,-0.010640161112,0.301038444042,0,-0.0115781184286,-0.0740925967693,-0.0523743331432,0.00632429029793,0,1,0,0,-16.2986793518,0,0.0430851653218,0.0201310943812,263.266666625,-0.016217591241,-0.0122645786032,267.706481934,263.336517334,9.61229515076,4.62961196899,1.17941379547,0.0924095362425
25020,214.596982623,1,0.304445415735,196.875,9.35901832581,0.194460973144,1,158.654388428,1,30.6834621429,9.83232116699,203.867133492,0.0135366125032,0.00592950871214,-0.000444647914264,1.32231128216,-0.100744873285,-0.076188467443,-0.0697974935174,-0.0527844652534,2.58750462532,-0.000891380128451,-0.0262023098767,1.79381358624,-0.000604805769399,-0.0164665877819,-2.98314262182e-10,1,0.660194158554,0,1.37882208824,0,-0.000876943347976,-0.000888174050488,-0.0261878743768,-0.0167499575764,-0.0253109298646,-0.0158617831767,1.61558580399,-0.0270792543888,-0.017354760319,-0.00140011799522,0.361945480108,0,0,0,0,1,0,0,0,0,0,0,0,0,1,0,0.517097234726,0.0009765625,0.242238149047,0.0009765625,263.702270508,-0.000110307708383,-0.00574892852455,-6.419860199e-10,-0.00563866598532,-0.00563866551965,-0.00574892386794,0.0009765625,3.23885631561,-0.00168530165683,-0.0499121472239,2.18310236931,-0.00111379777081,-0.0302847921848,7.08387233317e-08,1,0.245665282011,-0.0123047735542,-0.00782851874828,-0.0605316199362,-0.0369995124638,-0.0482268445194,-0.0291709974408,-0.0622169189155,-0.0381133072078,-0.00461435131729,0.106952764094,0,0,0,1,0,0,0,0,0,0,0,0,1,0,0.191925942898,0.0661897808313,263.804382324,-0.00013829767704,-0.0085352063179,-0.00156790972687,-0.00996481999755,-0.00839691050351,-0.0101030990481,0.302115917206,0,-0.0116823464632,-0.0747333839536,-0.0526265799999,0.00631370116025,0,1,0,0,-15.8718519211,0,0.0478318072855,0.0206509046257,263.262499958,-0.0157928876579,-0.0119433961809,267.706054688,263.340393066,9.6068687439,4.52148151398,1.4907720089,0.0997061654925
25080,225.94139036,1,0.299612402916,196.875,9.36469554901,0.192866623402,1,157.221496582,1,31.2469539642,9.90749073029,214.644320842,0.0149562368169,0.00584833044559,-0.000427668652264,1.32231128216,-0.0972586423159,-0.073552004993,-0.0680486112833,-0.0514618717134,2.57650947571,-0.000796604552306,-0.025988060981,1.78791499138,-0.000557327526622,-0.016696607694,-2.32830643654e-10,1,0.658428072929,0,1.37924599648,0,-0.000891189440154,-0.000922721461393,-0.0260826442391,-0.017062002793,-0.0251914542168,-0.016139280051,1.61627471447,-0.0268792510033,-0.0176193267107,-0.00104363216087,0.360883146524,0,0,0,0,1,0,0,0,0,0,0,0,0,1,0,0.526268601418,0.00244140625,0.246400013566,0.00244140625,263.696533203,-0.000108726322651,-0.00563849508762,-4.62600846518e-10,-0.00552976503968,-0.00552976457402,-0.00563848763704,0.00244140625,3.23375368118,-0.00129495072179,-0.0493130236864,2.1784491539,-0.000925678759813,-0.0304482541978,7.07805156708e-08,1,0.240254998207,-0.012416139245,-0.00785336643457,-0.0604342147708,-0.0373759418726,-0.0480180755258,-0.029522575438,-0.0617291629314,-0.0383016243577,-0.00417810864747,0.104578122497,0,0,0,1,0,0,0,0,0,0,0,0,1,0,0.192675605416,0.0665061920881,263.799926758,-0.000123828649521,-0.0084026157856,-0.00158475537319,-0.00986345298588,-0.00827869772911,-0.00998732447624,0.302001714706,0,-0.0116821210831,-0.0747227072716,-0.0525211021304,0.0063207661733,0,1,0,0,-15.2657718658,0,0.0530046932399,0.0203658975661,263.258333291,-0.0151898227632,-0.0114873275161,267.705474854,263.346923828,9.70891952515,4.53136491776,1.27581238747,0.0903925225139
25140,222.832199907,1,0.299106001854,196.875,9.36032295227,0.189895182848,1,157.629272461,1,32.5171356201,9.89372348785,211.690589912,0.0153431463987,0.00582964345813,-0.000424403086072,1.32231128216,-0.0968752577901,-0.073262065649,-0.0678971633315,-0.0513473376632,2.57224035263,-0.000523428723682,-0.0270734485239,1.78554439545,-0.000399175856728,-0.0167673584074,2.61934474111e-10,1,0.642882704735,0,1.37965142727,0,-0.000882073887624,-0.000919702346437,-0.0274320933968,-0.0172878839076,-0.0265500191599,-0.016368182376,1.616933465,-0.0279555227607,-0.0176870599389,-0.00163780048024,0.351861685514,0,0,0,0,1,0,0,0,0,0,0,0,0,1,0,0.511480212212,0,0.239053234458,0,263.69128418,-8.75927507877e-05,-0.0057606883347,-2.97905256019e-10,-0.00567308533937,-0.00567308533937,-0.00576068088412,0,3.22660017014,-0.000888559268788,-0.0515446290374,2.17550110817,-0.000658848322928,-0.0307794213295,7.08387233317e-08,1,0.211768463254,-0.012429440394,-0.00795359164476,-0.0630855113268,-0.0380741655827,-0.0506560653448,-0.0301205739379,-0.0639740675688,-0.0387330129743,-0.00513606658205,0.0922797173262,0,0,0,1,0,0,0,0,0,0,0,0,1,0,0.171503305435,0.0592634603381,263.794708252,-0.000102370977402,-0.00860516726971,-0.00158916658256,-0.0100918486714,-0.00850268267095,-0.0101942569017,0.301457285881,0,-0.0116326007992,-0.0744502320886,-0.0523163229227,0.00632752338424,0,1,0,0,-15.1492071152,0,0.0544201359153,0.0203047599643,263.254166624,-0.0150738377124,-0.0113996136934,267.704986572,263.348937988,9.74770545959,4.47756385803,1.22095584869,0.0961211919785
25200,202.814122692,1,0.300732940435,196.875,9.37005329132,0.189839601517,1,158.504318237,1,33.3950653076,9.88732147217,192.673416557,0.0172986984253,0.00589619623497,-0.000428984785685,1.32231128216,-0.0982107743621,-0.0742720514536,-0.0682383179665,-0.0516053363681,2.57366418839,-0.000698119518347,-0.0277092792094,1.7834789753,-0.000516343978234,-0.0164089091122,3.56521923095e-10,1,0.640630781651,0,1.37949323654,0,-0.000864878995344,-0.000897125748452,-0.0278760381043,-0.0167896915227,-0.0270111598074,-0.0158925652504,1.61667644978,-0.0285741612315,-0.0173060335219,-0.00229274318554,0.350590258837,0,0,0,0,1,0,0,0,0,0,0,0,0,1,0,0.507506251335,0.0009765625,0.237222239375,0.0009765625,263.687011719,-0.000119835138321,-0.00581522099674,-6.36414143607e-10,-0.0056953956373,-0.00569539470598,-0.00581522006541,0.0009765625,3.21864247322,-0.00130701006856,-0.0522184595466,2.17331409454,-0.000966187973972,-0.0303678102791,7.08823790774e-08,1,0.219321966171,-0.0117683336139,-0.0076005384326,-0.0626797825098,-0.0370021574199,-0.0509114488959,-0.0294016189873,-0.0639867857099,-0.0379683487117,-0.0057659400627,0.0955369472504,0,0,0,1,0,0,0,0,0,0,0,0,1,0,0.171086847782,0.0588757246733,263.790008545,-0.00017137080431,-0.00867011770606,-0.00153983710334,-0.0100384224206,-0.00849858485162,-0.0102098286152,0.301211237907,0,-0.0116017013788,-0.0743382573128,-0.0521835312247,0.0063248872757,0,1,0,0,-15.31275177,0,0.061611559242,0.0205413252115,263.249999958,-0.0152365686372,-0.0115226795897,267.704193115,263.29107666,9.72271156311,4.47350120544,1.15971851349,0.0959367752075
25260,209.187567561,1,0.300536543131,196.875,9.37211513519,0.193351730704,1,157.581192017,1,32.7129974365,9.80677127838,198.728189183,0.0208633802831,0.00594845227897,-0.000430652988143,1.32231128216,-0.0983564853668,-0.0743822455406,-0.0677532628179,-0.0512385107577,2.57257986069,-0.000833048135974,-0.0276735685766,1.77910637856,-0.000576278194785,-0.0159404650331,1.7462298274e-10,1,0.644429922104,0,1.3793566227,0,-0.000873037613928,-0.000897851074114,-0.0277135558426,-0.0162620395422,-0.0268405172974,-0.0153641887009,1.61645436287,-0.0285466052592,-0.0168383195996,-0.00259693223052,0.352863430977,0,0,0,0,1,0,0,0,0,0,0,0,0,1,0,0.505164265633,0.0068359375,0.236345812678,0.0068359375,263.682647705,-0.000124037265778,-0.00583348423243,-9.44290423632e-10,-0.00570939201862,-0.00570939108729,-0.00583349168301,0.0068359375,3.21065855026,-0.00180674251169,-0.0519699044526,2.17164707184,-0.00131380849052,-0.0299359336495,7.1304384619e-08,1,0.232320174575,-0.0113661075011,-0.00766153773293,-0.061529263854,-0.0362836606801,-0.0501631572843,-0.0286221243441,-0.063336007297,-0.0375974699855,-0.00561780110002,0.101145483553,0,0,0,1,0,0,0,0,0,0,0,0,1,0,0.177362933755,0.0610252842307,263.78515625,-0.000218786299229,-0.00870443880558,-0.00150984374341,-0.00999529846013,-0.00848545506597,-0.0102141574025,0.301158607006,0,-0.0115934927016,-0.0743598639965,-0.0520639047027,0.00632260926068,0,1,0,0,-15.3722991943,0,0.0748859718442,0.0207225270569,263.245833291,-0.0152958203107,-0.0115674883127,267.70324707,263.332061768,9.64141654968,4.50683879852,1.16977143288,0.0996131449938
25320,193.296427898,1,0.29946577549,196.875,9.37980747223,0.192815959454,1,156.39302063,1,33.1072349548,9.88688278198,183.631606503,0.0175815988332,0.00597487576306,-0.000429303298006,1.32231128216,-0.097807481885,-0.0739670619369,-0.0670521631837,-0.0507083050907,2.57188677788,-0.000750569510274,-0.0276953987777,1.77552711964,-0.000475661829114,-0.0156019236892,1.16415321827e-10,1,0.644604027271,0,1.37984204292,0,-0.000860065105371,-0.000867149734404,-0.0278048943728,-0.0159934125841,-0.0269448310137,-0.0151262609288,1.61724317074,-0.0285554639995,-0.0164690725505,-0.00282357912511,0.352569133043,0,0,0,0,1,0,0,0,0,0,0,0,0,1,0,0.505336642265,0.00732421875,0.236295953393,0.00732421875,263.67880249,-0.000112876296043,-0.00580361485481,-1.64691293936e-09,-0.00569069013,-0.00569068826735,-0.00580361485481,0.00732421875,3.2089612484,-0.00191314541735,-0.0529158487916,2.17427754402,-0.00125980586745,-0.0298581793904,7.1304384619e-08,1,0.231051295996,-0.0112258354202,-0.0077411448583,-0.0622285418212,-0.0363395214081,-0.0510027036071,-0.0285983756185,-0.0641416832805,-0.0375993251801,-0.00586735177785,0.100185632706,0,0,0,1,0,0,0,0,0,0,0,0,1,0,0.177459865808,0.0610065460205,263.781066895,-0.000229507684708,-0.00880526006222,-0.00148555554915,-0.0100610889494,-0.00857553351671,-0.0102908164263,0.300943672657,0,-0.011584892869,-0.0743240192533,-0.051869764924,0.00633069872856,0,1,0,0,-15.3241205215,0,0.0626571401954,0.0208181515336,263.241666624,-0.0152478814125,-0.0115312347189,267.702453613,263.357635498,9.71474552155,4.39415597916,1.3456581831,0.102359354496
25380,221.144041566,1,0.299237191677,196.875,9.38533306122,0.191600218415,1,156.358276367,1,33.2683067322,9.88750934601,210.086839487,0.0173990912735,0.00591567251831,-0.000428416125942,1.32231128216,-0.0977641716599,-0.0739343091846,-0.066795013845,-0.0505138337612,2.57349538803,-0.000753439264372,-0.0275505185127,1.77002954483,-0.000463856151327,-0.0153813716024,3.78349795938e-10,1,0.647148430347,0,1.38065040112,0,-0.000864489120431,-0.000875919882674,-0.0276615675539,-0.0157934352756,-0.0267970785499,-0.0149175142869,1.61855685711,-0.0284150075167,-0.0162572897971,-0.00285140541382,0.353143721819,0,0,0,0,1,0,0,0,0,0,0,0,0,1,0,0.511406064034,0.006591796875,0.238359734416,0.006591796875,263.674621582,-0.000108979642391,-0.00573486089706,-2.86382650927e-09,-0.00562583701685,-0.00562583375722,-0.00573487579823,0.006591796875,3.21087551117,-0.00184918288141,-0.0527281090617,2.1712231636,-0.00113732181489,-0.0286442711949,7.08969309926e-08,1,0.229151666164,-0.011332876049,-0.00783435627818,-0.0622118040919,-0.0353413037956,-0.0508789271116,-0.0275069475174,-0.064060986042,-0.0364786274731,-0.00655294116586,0.0991238132119,0,0,0,1,0,0,0,0,0,0,0,0,1,0,0.179988771677,0.0617710575461,263.776916504,-0.000205859541893,-0.00862511992455,-0.00151288462803,-0.00993210077286,-0.00841921567917,-0.0101380646229,0.300639748573,0,-0.0115739312023,-0.0742615535855,-0.051655806601,0.00634417310357,0,1,0,0,-15.2924528122,0,0.0619824491441,0.0206068493426,263.237499957,-0.0152163710445,-0.0115074049681,267.701812744,263.364776611,9.6976852417,4.43144035339,1.35296559334,0.0981736555696
25440,207.631292361,1,0.299160093069,196.875,9.36802577972,0.191574111581,1,156.616073608,1,34.2823982239,9.8426656723,197.249727743,0.0146414041519,0.00587067427114,-0.000427380407928,1.32231128216,-0.0977498441935,-0.0739234760404,-0.0667077898979,-0.0504478700459,2.57603287697,-0.000758479116485,-0.0272542722523,1.76542758942,-0.000474807806313,-0.0157687123865,5.82076609135e-10,1,0.647369861603,0,1.38126158714,0,-0.000886917347088,-0.000897376914509,-0.0273827109486,-0.0161912813783,-0.026495795697,-0.0152939055115,1.6195499897,-0.0281411930919,-0.0166660901159,-0.00230891513638,0.352463424206,0,0,0,0,1,0,0,0,0,0,0,0,0,1,0,0.5083116889,0.009521484375,0.236285716295,0.009521484375,263.670349121,-0.000107333064079,-0.00577153265476,-2.51057263867e-09,-0.00566414278001,-0.0056641404517,-0.00577156245708,0.009521484375,3.21537017822,-0.00173102738336,-0.0529564544559,2.167126894,-0.00105389324017,-0.0291365031153,7.00820237398e-08,1,0.21808630228,-0.0116267260164,-0.00815686956048,-0.0628521591425,-0.0362394824624,-0.0512254312634,-0.0280826110393,-0.0645831823349,-0.0372933745384,-0.00605668965727,0.0940735340118,0,0,0,1,0,0,0,0,0,0,0,0,1,0,0.169839978218,0.0580574944615,263.773010254,-0.000191569328308,-0.0087296962738,-0.00153851648793,-0.0100766737014,-0.00853815674782,-0.0102683007717,0.300338923931,0,-0.0115575389937,-0.0742052197456,-0.0514445528388,0.00635435897857,0,1,0,0,-15.2554826736,0,0.0518547147512,0.0204467885196,263.233333291,-0.0151795847341,-0.0114795854315,267.701141357,263.302001953,9.56760311127,4.49444293976,1.23164951801,0.0937424302101
25500,193.046819454,1,0.299418330193,196.875,9.37174797058,0.18847887218,1,156.651199341,1,35.3142242432,9.78398418427,183.394478481,0.0178978759795,0.00588744785637,-0.000428392086178,1.32231128216,-0.0978389009833,-0.0739908218384,-0.0669397711754,-0.0506233088672,2.57826304436,-0.00100123207085,-0.0268672630191,1.76257538795,-0.000546707422473,-0.015876069665,3.05590219796e-10,1,0.652887105942,0,1.38166999817,0,-0.000887521309778,-0.000901679566596,-0.0267535485327,-0.0162310414016,-0.0258660279214,-0.0153293628246,1.62021374702,-0.0277547817677,-0.016777748242,-0.00188913522288,0.354979395866,0,0,0,0,1,0,0,0,0,0,0,0,0,1,0,0.513859391212,0.0029296875,0.238397657871,0.0029296875,263.666381836,-0.000128753483295,-0.00572573393583,-1.17496634644e-09,-0.00559686962515,-0.00559686869383,-0.00572574883699,0.0029296875,3.21792268753,-0.00202530669048,-0.0520691424608,2.16196227074,-0.00100283685606,-0.0289378352463,6.97036739439e-08,1,0.224064201117,-0.0115156034008,-0.00809232797474,-0.0615594387054,-0.0360273271799,-0.050043836236,-0.0279350001365,-0.0635847449303,-0.0370301641524,-0.00540482997894,0.0967477858067,0,0,0,1,0,0,0,0,0,0,0,0,1,0,0.175310686231,0.0599627569318,263.768829346,-0.00022029876709,-0.00860090553761,-0.00149494083598,-0.00987556856126,-0.00838062725961,-0.0100958570838,0.300140738487,0,-0.0115472739562,-0.0741742402315,-0.0512963011861,0.00636116554961,0,1,0,0,-15.291595459,0,0.0638276860118,0.0205071102828,263.229166624,-0.015215517953,-0.0115067595616,267.700378418,263.326843262,9.60345077515,4.38147735596,1.13760304451,0.0996365994215
25560,193.580213231,1,0.298536300659,196.875,9.39105606079,0.189423769712,1,156.932861328,1,36.7191543579,9.77344608307,183.90120257,0.0139932753518,0.00593750085682,-0.000423855206463,1.32231128216,-0.0971829071641,-0.0734947249293,-0.0666633620858,-0.0504142716527,2.57392406464,-0.00105328310747,-0.0264314301312,1.76035046577,-0.000569572264794,-0.0154989250004,2.91038304567e-11,1,0.660123586655,0,1.38194191456,0,-0.000860411208123,-0.000869541370776,-0.0262385588139,-0.0157988946885,-0.0253781471401,-0.0149293532595,1.62065553665,-0.027291841805,-0.0163684673607,-0.00193080934696,0.358495593071,0,0,0,0,1,0,0,0,0,0,0,0,0,1,0,0.526834070683,0,0.244193568826,0,263.661193848,-0.000143986195326,-0.00558398663998,-1.16191312127e-09,-0.00543988216668,-0.00543988123536,-0.00558397546411,0,3.21329498291,-0.00184481299948,-0.0511324852705,2.16075778008,-0.000832247314975,-0.0289972443134,7.01111275703e-08,1,0.223738223314,-0.0116087701172,-0.00831581372768,-0.0608964413404,-0.0364808142185,-0.0492876730859,-0.0281649958342,-0.0627412497997,-0.0373130589724,-0.00460962485522,0.0964880809188,0,0,0,1,0,0,0,0,0,0,0,0,1,0,0.18014550209,0.0616433396935,263.764190674,-0.000206634402275,-0.00843799114227,-0.00152229692321,-0.0097535951063,-0.008231298998,-0.00996035337448,0.299922674894,0,-0.0115298004821,-0.0741074383259,-0.0511731803417,0.00636569783092,0,1,0,0,-15.129650116,0,0.0494923070073,0.0206833928823,263.224999957,-0.0150543786585,-0.0113848978654,267.699554443,263.335998535,9.62727355957,4.59143352509,1.46035599709,0.0902699679136
25620,193.778349956,1,0.296999573708,196.875,9.38926029205,0.186853930354,1,156.272094727,1,39.6989974976,9.76565742493,184.089432458,0.015383423306,0.00596942566335,-0.000419108080678,1.32231128216,-0.0960828587413,-0.0726628154516,-0.0661274343729,-0.0500089786947,2.56897783279,-0.00101321842521,-0.025831039995,1.7590174675,-0.000569718424231,-0.0152797037736,-1.7462298274e-10,1,0.66430914402,0,1.38219213486,0,-0.000846393988468,-0.000868047121912,-0.0256642140448,-0.0155780324712,-0.0248178206384,-0.0147099867463,1.62106215954,-0.0266774334013,-0.0161477513611,-0.00177641503979,0.360769927502,0,0,0,0,1,0,0,0,0,0,0,0,0,1,0,0.528676450253,0,0.245015531778,0,263.656188965,-0.000138349831104,-0.00552815571427,-1.19645326979e-09,-0.00538978353143,-0.00538978213444,-0.00552814826369,0,3.21130657196,-0.00169250532053,-0.0509008318186,2.1615524292,-0.000800906273071,-0.0289299506694,6.98346411809e-08,1,0.226957768202,-0.0118103343993,-0.00828505493701,-0.0610186606646,-0.0364141017199,-0.0492083281279,-0.0281290467829,-0.0627111643553,-0.0372150018811,-0.00471388082951,0.0980244502425,0,0,0,1,0,0,0,0,0,0,0,0,1,0,0.176633656025,0.0604901760817,263.75994873,-0.000187542289495,-0.00841637328267,-0.00158033776097,-0.00980911776423,-0.00822877883911,-0.00999668985605,0.299520730972,0,-0.011490621604,-0.0739250928164,-0.0510067641735,0.00636986875907,0,1,0,0,-14.9602003098,0,0.0545676201582,0.0207955092192,263.22083329,-0.0148857710883,-0.0112573876977,267.698272705,263.275604248,9.64803886414,4.4225025177,1.49334323406,0.106240786612
25680,206.590204364,1,0.29644998908,196.875,9.37691879272,0.185650616884,1,155.764984131,1,40.1351737976,9.87291431427,196.260694146,0.017127642408,0.00599279534072,-0.000418142648414,1.32231128216,-0.0955705791712,-0.0722754001617,-0.0661104917526,-0.0499961636961,2.56612253189,-0.00102620455436,-0.0255265086889,1.75799310207,-0.00059881224297,-0.0150672495365,4.36557456851e-11,1,0.667629361153,0,1.38266336918,0,-0.000842154782731,-0.000847986433655,-0.0253424569964,-0.0153164230287,-0.0245003029704,-0.014468437992,1.62182807922,-0.026368662715,-0.0159152355045,-0.00181719788816,0.361865758896,0,0,0,0,1,0,0,0,0,0,0,0,0,1,0,0.529855549335,0,0.245054781437,0,263.651794434,-0.000136442482471,-0.00548983737826,-1.36595734723e-09,-0.00535340188071,-0.00535340048373,-0.00548984855413,0,3.21322989464,-0.00188620318659,-0.050574567169,2.16199946404,-0.00101529737003,-0.0286051928997,6.96163624525e-08,1,0.231642410159,-0.0119929974899,-0.0082346573472,-0.0606813654304,-0.0358245521784,-0.0486883670092,-0.0275898966938,-0.0625675618649,-0.0368398502469,-0.00502853095531,0.0998096317053,0,0,0,1,0,0,0,0,0,0,0,0,1,0,0.172214597464,0.0588381849229,263.756103516,-0.000217020511627,-0.00840483605862,-0.00162387720775,-0.00981158204377,-0.0081877047196,-0.0100287050009,0.298996686935,0,-0.0114444475621,-0.0736548528075,-0.0508324503899,0.00637772399932,0,1,0,0,-14.9257383347,0,0.0609799847007,0.0208797678351,263.216666623,-0.0148514807224,-0.0112314559519,267.697479248,263.300598145,9.67231655121,4.79570674896,1.39625477791,0.109383478761
25740,243.584044357,1,0.295742124319,196.875,9.38651752472,0.184724166989,1,155.313201904,1,38.0821075439,10.0964717865,231.404842139,0.0157419294119,0.00598527351394,-0.00041636210517,1.32231128216,-0.0950917750597,-0.0719133019447,-0.0658283084631,-0.0497827641666,2.56210684776,-0.000869900512043,-0.0250150896609,1.75717258453,-0.000526604999322,-0.0144868018106,-3.49245965481e-10,1,0.672934472561,0.001953125,1.38322138786,0.001953125,-0.000846498587634,-0.000843734131195,-0.0249916873872,-0.0148039320484,-0.0241451859474,-0.0139601975679,1.62273466587,-0.025861589238,-0.015330536291,-0.00205154693685,0.363975048065,0,0.001953125,0,0,1,0,0,0,0,0,0,0,0,1,0,0.533338963985,0.002685546875,0.246164143085,0.002685546875,263.647247314,-0.000118084251881,-0.00540915131569,-1.07506581415e-09,-0.00529110245407,-0.00529110105708,-0.00540915131569,0.002685546875,3.21226239204,-0.00197681644931,-0.0495788566768,2.1670217514,-0.00113126938231,-0.0278561189771,6.88887666911e-08,1,0.238576620817,-0.0121950134635,-0.00877666473389,-0.059797052294,-0.0355015136302,-0.0476020425558,-0.0267248507589,-0.0617738701403,-0.036632783711,-0.00480930740014,0.102538555861,0,0,0,1,0,0,0,0,0,0,0,0,1,0,0.17981775105,0.0611242391169,263.751831055,-0.000219628214836,-0.00831159949303,-0.00161650823429,-0.00970839709044,-0.0080918893218,-0.00992809981108,0.29847624898,0,-0.0114015685394,-0.0733772218227,-0.050676073879,0.00638702185825,0,1,0,0,-14.8621807098,0,0.0558815486729,0.0208514314145,263.212499957,-0.014788239263,-0.0111836297438,267.696716309,263.325592041,9.73352813721,4.70792388916,1.12992930412,0.097974896431
25800,225.03158507,1,0.295911192894,196.875,9.38480854034,0.185137808323,1,155.282394409,1,37.961856842,9.88053798676,213.780005816,0.0181431937963,0.00595438247547,-0.00041715928819,1.32231128216,-0.0951587185264,-0.0719639286399,-0.0659639313817,-0.0498853288591,2.55777955055,-0.000888506765477,-0.0248099043965,1.75744307041,-0.000584469584282,-0.0144271831959,-2.76486389339e-10,1,0.674193441868,0.001220703125,1.38386726379,0.001220703125,-0.000839744927362,-0.000845990318339,-0.0247611422092,-0.0146887041628,-0.023921398446,-0.0138427130878,1.62378418446,-0.025649651885,-0.015273174271,-0.0020186402835,0.364019840956,0,0.001220703125,0,0,1,0,0,0,0,0,0,0,0,1,0,0.534323751926,0.002197265625,0.246190667152,0.002197265625,263.642791748,-0.000115662813187,-0.00537151843309,1.3031722923e-10,-0.00525592453778,-0.00525592453778,-0.00537151098251,0.002197265625,3.20984792709,-0.00220998143777,-0.0490950718522,2.17072486877,-0.0014124478912,-0.028058892116,6.84813130647e-08,1,0.240917235613,-0.0123730525374,-0.00889239925891,-0.0592581480742,-0.0355388447642,-0.0468850880861,-0.0266464427114,-0.0614681243896,-0.0369512885809,-0.00447474699467,0.103258475661,0,0,0,1,0,0,0,0,0,0,0,0,1,0,0.175527453423,0.0596011951566,263.747650146,-0.000228680670261,-0.00829833745956,-0.00163113500457,-0.00970062427223,-0.00806948915124,-0.00992947071791,0.297979414463,0,-0.0113635603338,-0.0731199756265,-0.0505291856825,0.0063977856189,0,1,0,0,-14.8906373978,0,0.0647367537022,0.0207409169525,263.20833329,-0.0148165542632,-0.0112050427124,267.696289062,263.30267334,9.69362831116,4.62883090973,1.52395534515,0.101148813963
25860,211.207914372,1,0.296142667532,196.875,9.39119911194,0.187776431441,1,156.277435303,1,37.2935333252,9.992395401,200.647518653,0.0185040701181,0.00589592009783,-0.000415476679336,1.32231128216,-0.0950206592679,-0.071859523654,-0.0664793178439,-0.0502750910819,2.55298304558,-0.00109221960884,-0.0243763662875,1.76109457016,-0.000695993890986,-0.0146483490244,-1.7462298274e-10,1,0.679956197739,0,1.38436567783,0,-0.000834319042042,-0.000843996240292,-0.0241184644401,-0.0147963520139,-0.0232841465622,-0.0139523558319,1.62459421158,-0.025210686028,-0.0154923461378,-0.00157942657825,0.366114199162,0,0,0,0,1,0,0,0,0,0,0,0,0,1,0,0.549574494362,0.0009765625,0.252505421638,0.0009765625,263.638000488,-0.000133488327265,-0.00520988926291,2.15705189821e-10,-0.00507647590712,-0.00507647637278,-0.00520988926291,0.0009765625,3.20569252968,-0.00274154450744,-0.0486231073737,2.17398524284,-0.00174812460318,-0.0290181860328,6.82630343363e-08,1,0.241040155292,-0.0124244997278,-0.00881909485906,-0.0583060644567,-0.0360891595483,-0.0458815619349,-0.0272700637579,-0.0610476098955,-0.0378372818232,-0.00352219538763,0.102891162038,0,0,0,1,0,0,0,0,0,0,0,0,1,0,0.181591063738,0.0615592673421,263.743286133,-0.000272899866104,-0.00817185267806,-0.00163633609191,-0.00953516550362,-0.00789882987738,-0.00980816781521,0.297589540482,0,-0.0113319437951,-0.0729109197855,-0.0504566207528,0.00640609394759,0,1,0,0,-14.830575943,0,0.0660759136081,0.0205421801656,263.204166623,-0.0147567922249,-0.0111598474905,267.695770264,263.273590088,9.64898681641,4.50276708603,1.17171096802,0.0850214213133
25920,216.657990538,1,0.298557430506,196.875,9.3654088974,0.188242942095,1,157.920089722,1,37.614276886,9.8073348999,205.825091012,0.0140999536961,0.00576719129458,-0.000421295000706,1.32231128216,-0.0961883589625,-0.0727425962687,-0.0681194067001,-0.0515154078603,2.55199503899,-0.00149638089351,-0.0253880713135,1.77073335648,-0.000981882098131,-0.0152731807902,-2.32830643654e-10,1,0.672732591629,0,1.38428008556,0,-0.000858039362356,-0.000899194856174,-0.0247497279197,-0.0151904942468,-0.0238916873932,-0.014291299507,1.62445509434,-0.02624611184,-0.0161723773926,-0.00165060546715,0.361695408821,0,0,0,0,1,0,0,0,0,0,0,0,0,1,0,0.537246108055,0.002197265625,0.246544152498,0.002197265625,263.633789062,-0.000208042562008,-0.00542487576604,2.58013138632e-10,-0.00521687418222,-0.00521687418222,-0.00542488694191,0.002197265625,3.20327138901,-0.00330131268129,-0.0498986952007,2.1792075634,-0.00219832360744,-0.0300121977925,6.84594851919e-08,1,0.231921732426,-0.012566591613,-0.00877097435296,-0.059163980186,-0.0365848504007,-0.0465973839164,-0.0278138760477,-0.062465287745,-0.0387831740081,-0.00370889343321,0.0988743305206,0,0,0,1,0,0,0,0,0,0,0,0,1,0,0.168010085821,0.0567720532417,263.738708496,-0.000390507280827,-0.00844132062048,-0.00161462696269,-0.00966543518007,-0.00805080775172,-0.010055991821,0.2974434793,0,-0.0113101303577,-0.0727846771479,-0.0505395047367,0.00640466762707,0,1,0,0,-15.0382623672,0,0.0498807020485,0.0200814884156,263.199999956,-0.0149634452537,-0.0113161290064,267.695281982,263.291870117,9.65834140778,4.60425662994,1.27481341362,0.0995094552636
25980,230.750373966,1,0.301505595446,203.125,9.35726261139,0.156705886126,1,159.102813721,1,37.2663192749,9.89621734619,219.212855268,0.0139301260933,0.00582909490913,-0.000430673593655,1.32231128216,-0.0981039404869,-0.0741912573576,-0.0694621428847,-0.0525308549404,2.55778026581,-0.00131636299193,-0.0258704870939,1.77869200706,-0.000928900903091,-0.0150709953159,-8.73114913702e-11,1,0.668892264366,0,1.38347315788,0,-0.000846960581839,-0.000898807134945,-0.0254010818899,-0.0150409024209,-0.0245541222394,-0.0141420951113,1.62314391136,-0.0267174467444,-0.0159698035568,-0.00220345705748,0.360419273376,0,0,0,0,1,0,0,0,0,0,0,0,0,1,0,0.531323552132,0.0048828125,0.244367480278,0.0048828125,263.630462646,-0.000195682048798,-0.00549820065498,2.6425303612e-10,-0.00530262943357,-0.00530262943357,-0.00549819692969,0.0048828125,3.20640158653,-0.00272387964651,-0.0507752485573,2.183573246,-0.00189483945724,-0.0294767804444,6.8514054874e-08,1,0.232270479202,-0.0125491553918,-0.00857200566679,-0.0606005303562,-0.0361539423466,-0.0480513721704,-0.0275819376111,-0.063324406743,-0.0380487851799,-0.00502035953104,0.0994442105293,0,0,0,1,0,0,0,0,0,0,0,0,1,0,0.169504001737,0.0576202496886,263.734710693,-0.000333069823682,-0.00848525762558,-0.00164400262292,-0.00979605596513,-0.00815205369145,-0.0101292803884,0.297899484634,0,-0.0113379498944,-0.0729339718819,-0.0508456751704,0.00639121979475,0,1,0,0,-15.3730354309,0,0.0492624975741,0.0203019194305,263.19583329,-0.0152965523303,-0.0115680415183,267.694763184,263.294342041,9.71793746948,4.45122814178,1.3295416832,0.114823326468
26040,209.299175066,1,0.303243637085,196.875,9.35287284851,0.189643204212,1,159.690109253,1,39.3400344849,9.93946075439,198.834216312,0.0183881148696,0.00577070005238,-0.00043655312038,1.32231128216,-0.0994497388601,-0.0752090215683,-0.0699656158686,-0.0529116094112,2.56676054001,-0.00118122715503,-0.0265498831868,1.78347015381,-0.000802894355729,-0.0154335685074,-1.16415321827e-10,1,0.6600061059,0,1.38241791725,0,-0.000851408869494,-0.000903846230358,-0.0262200646102,-0.0155345201492,-0.0253686532378,-0.0146306734532,1.62142920494,-0.0274012889713,-0.0163374133408,-0.00230637192726,0.356775164604,0,0,0,0,1,0,0,0,0,0,0,0,0,1,0,0.524033427238,0.0029296875,0.241781204939,0.0029296875,263.627380371,-0.000164315104485,-0.00557688623667,9.86847964457e-11,-0.00541271036491,-0.00541271036491,-0.00557687878609,0.0029296875,3.21408200264,-0.00231294333935,-0.0526128225029,2.18746709824,-0.00156803801656,-0.0300054866821,6.9267116487e-08,1,0.218723967671,-0.01261284668,-0.00866175815463,-0.0629127323627,-0.0370992086828,-0.0502998828888,-0.0284374486655,-0.0652256757021,-0.0386672466993,-0.00565551919863,0.0939924120903,0,0,0,1,0,0,0,0,0,0,0,0,1,0,0.159139662981,0.0543068051338,263.730957031,-0.000266522169113,-0.00869244337082,-0.00163875380531,-0.0100644333288,-0.00842567998916,-0.0103312134743,0.298659354448,0,-0.0113940294832,-0.073253005743,-0.0511937588453,0.00637363269925,0,1,0,0,-15.5829057693,0,0.0656453818083,0.0200973972678,263.191666623,-0.0155053790659,-0.01172596775,267.694061279,263.288024902,9.78073883057,4.47162342072,1.21179771423,0.106444895267
26100,215.662851742,1,0.305788010359,203.125,9.34899711609,0.156438618898,1,161.363739014,1,40.0926933289,10.07447052,204.879709154,0.0144892083481,0.00577262789011,-0.000442991557065,1.32231128216,-0.1015278548,-0.0767806023359,-0.070569396019,-0.0533682182431,2.5821928978,-0.0012859221315,-0.0270419530571,1.78644168377,-0.00087975745555,-0.0151326628402,-1.16415321827e-10,1,0.662953674793,0,1.3808773756,0,-0.000851259217598,-0.000902408559341,-0.0266072880477,-0.0151553144678,-0.0257560312748,-0.0142529057339,1.61892557144,-0.0278932116926,-0.0160350725055,-0.00284565915354,0.359505444765,0,0,0,0,1,0,0,0,0,0,0,0,0,1,0,0.526626884937,0.002197265625,0.243584394455,0.002197265625,263.624725342,-0.000183701515198,-0.0056287497282,6.02113137127e-10,-0.00544521957636,-0.00544522004202,-0.0056287497282,0.002197265625,3.22931265831,-0.00236464617774,-0.0536997765303,2.18823409081,-0.00156543171033,-0.0290878843516,6.93835318089e-08,1,0.21797169745,-0.0123585797846,-0.00817840080708,-0.0636937096715,-0.0357008501887,-0.0513351298869,-0.0275224521756,-0.0660583600402,-0.0372662842274,-0.00726792216301,0.093756005168,0,0,0,1,0,0,0,0,0,0,0,0,1,0,0.157593905926,0.0535785034299,263.72845459,-0.00027123093605,-0.00877314805984,-0.00162303261459,-0.0101247299463,-0.00850169733167,-0.0103960633278,0.29973679781,0,-0.011471525766,-0.0737675279379,-0.051580093801,0.00634795427322,0,1,0,0,-15.8127279282,0,0.0512993745506,0.0201044529676,263.187499956,-0.0157340578735,-0.0118989059702,267.693481445,263.316650391,9.9333820343,4.52918720245,1.33366775513,0.109453320503
26160,220.343750043,1,0.305452853441,196.875,9.35743713379,0.192828431726,1,160.772003174,1,38.8953437805,10.0346899033,209.32656254,0.012538597919,0.00578966364264,-0.000443161610747,1.32231128216,-0.102062225342,-0.0771847218275,-0.069313287735,-0.0524182841182,2.59336614609,-0.000998987350613,-0.0272797644138,1.78188073635,-0.00070159608731,-0.0148746073246,-2.91038304567e-10,1,0.658689618111,0,1.37940263748,0,-0.000849781325087,-0.000900682178326,-0.0271305590868,-0.0150736933574,-0.0262807756662,-0.0141730103642,1.6165292263,-0.0281295459718,-0.0157752893865,-0.00315273785964,0.359684765339,0,0,0,0,1,0,0,0,0,0,0,0,0,1,0,0.522476911545,0.00048828125,0.243317812681,0.00048828125,263.621612549,-0.00013329833746,-0.00564872473478,-8.46067799154e-11,-0.00551570020616,-0.00551570020616,-0.00564876198769,0.00048828125,3.24144935608,-0.00203366531059,-0.0531015694141,2.18826150894,-0.00142533960752,-0.0291223302484,6.92962203175e-08,1,0.227009057999,-0.0124098639935,-0.00856912601739,-0.0634777694941,-0.0362661145627,-0.0510679073632,-0.027696987614,-0.0655114352703,-0.0376914590597,-0.00655010249466,0.0988413542509,0,0,0,1,0,0,0,0,0,0,0,0,1,0,0.164422988892,0.056334335357,263.725738525,-0.000209994614124,-0.00878033041954,-0.0016296232352,-0.0102000422776,-0.00857041869313,-0.0104099363089,0.300808638334,0,-0.0115508269519,-0.0743711367249,-0.0518328920007,0.0063233776018,0,1,0,0,-15.8187990189,0,0.0442142486572,0.0201627351344,263.183333289,-0.0157400984317,-0.0119034741074,267.692779541,263.276000977,9.86826133728,4.77083587646,1.50472998619,0.119396455586
26220,226.156549347,1,0.305648893118,196.875,9.35906791687,0.193587899208,1,160.518661499,1,39.6925849915,9.95565700531,214.848721879,0.0170721746981,0.00581319024786,-0.000444716162747,1.32231128216,-0.102441333234,-0.0774714201689,-0.069035641849,-0.0522083118558,2.60161304474,-0.000955054420047,-0.0276590045542,1.78312897682,-0.000691765337251,-0.0150826340541,-3.20142135024e-10,1,0.654966115952,0,1.37820136547,0,-0.000851559336297,-0.00089227227727,-0.0275555085391,-0.0152831422165,-0.026703948155,-0.0143908690661,1.6145772934,-0.0285105630755,-0.0159749090672,-0.0031381638255,0.359101891518,0,0,0,0,1,0,0,0,0,0,0,0,0,1,0,0.511110424995,0.004638671875,0.239299327135,0.004638671875,263.618896484,-0.000131160020828,-0.00579838454723,-6.51638631943e-10,-0.00566746387631,-0.00566746341065,-0.00579836964607,0.004638671875,3.2500743866,-0.00194399536122,-0.0535925254226,2.19500684738,-0.00149961945135,-0.0298980977386,6.93544279784e-08,1,0.217716738582,-0.0125760799274,-0.00867823511362,-0.0642246082425,-0.0370767116547,-0.0516485311091,-0.028398476541,-0.0661686062813,-0.0385763347149,-0.00611890573055,0.0952329486609,0,0,0,1,0,0,0,0,0,0,0,0,1,0,0.153711795807,0.0530360080302,263.723388672,-0.000208102166653,-0.00903102010489,-0.00165557407308,-0.0104785636067,-0.00882298965007,-0.0106865689158,0.301691710949,0,-0.0116172917187,-0.0749202221632,-0.0519240684807,0.00630335696042,0,1,0,0,-15.8742895126,0,0.0607752948999,0.0202462077141,263.179166623,-0.0157953128219,-0.011945229955,267.691680908,263.268341064,9.74576187134,4.66278219223,1.35141682625,0.116704277694
26280,217.045124248,1,0.307440191507,196.875,9.34466075897,0.194214105606,1,160.745498657,1,41.103313446,10.0007152557,206.192868036,0.014019141905,0.00563256815076,-0.000451942469226,1.32231128216,-0.103766426444,-0.0784735232592,-0.0696675702929,-0.0526862107217,2.61506271362,-0.00117282627616,-0.0289481990039,1.7864638567,-0.00087557855295,-0.0151414107531,2.32830643654e-10,1,0.647619247437,0,1.37745046616,0,-0.00089611223666,-0.000940339406952,-0.0286714844406,-0.015206169337,-0.0277753733099,-0.0142658306286,1.61335706711,-0.0298443101346,-0.0160817503929,-0.00375277223065,0.356113135815,0,0,0,0,1,0,0,0,0,0,0,0,0,1,0,0.508781969547,0.00390625,0.23901578784,0.00390625,263.616912842,-0.000171735882759,-0.00590522587299,-3.5102928897e-10,-0.00573370466009,-0.00573370419443,-0.00590521097183,0.00390625,3.26319742203,-0.00242434325628,-0.0558657795191,2.20075559616,-0.00194379524328,-0.0308838505298,6.89760781825e-08,1,0.207554981112,-0.0127708464861,-0.00886151846498,-0.0662122815847,-0.0378015711904,-0.0534414388239,-0.0289400536567,-0.0686366260052,-0.0397453680634,-0.00647251866758,0.091126948595,0,0,0,1,0,0,0,0,0,0,0,0,1,0,0.161784425378,0.0562445372343,263.721130371,-0.00027097761631,-0.00928445160389,-0.00163039856125,-0.0106440093368,-0.00901361182332,-0.0109148323536,0.302544474602,0,-0.0116932634264,-0.0754571706057,-0.0520222336054,0.00629083998501,0,1,0,0,-16.1322345734,0,0.0495864786208,0.0196112953126,263.174999956,-0.0160519741476,-0.0121393306181,267.691101074,263.275115967,9.7742805481,4.29651498795,1.38925671577,0.113439261913
26340,224.718989763,1,0.31358012557,196.875,9.34142875671,0.195973321795,1,164.606384277,1,42.2642021179,10.0381736755,213.483040275,0.0161263681948,0.00546410866082,-0.000468315934995,1.32231128216,-0.107909530401,-0.0816067531705,-0.0725419819355,-0.0548599883914,2.638630867,-0.00139752333052,-0.0307669118047,1.80074703693,-0.000975575007033,-0.016434641555,8.73114913702e-11,1,0.629359006882,0.000244140625,1.37599658966,0.000244140625,-0.000942420680076,-0.000981211313047,-0.0303118079901,-0.0164402760565,-0.029369385913,-0.0154590662569,1.61099457741,-0.0317093282938,-0.0174158532172,-0.00359903508797,0.347897231579,0,0.000244140625,0,0,1,0,0,0,0,0,0,0,0,1,0,0.497658252716,0.008544921875,0.235255002975,0.008544921875,263.616027832,-0.000210829079151,-0.00614324212074,5.80700043606e-10,-0.00593250710517,-0.00593250710517,-0.0061432570219,0.008544921875,3.27920198441,-0.00238596671261,-0.0591093786061,2.21225142479,-0.00172904261854,-0.0338513478637,6.94417394698e-08,1,0.196533560753,-0.0122184734792,-0.0085951751098,-0.0689418762922,-0.0407174825668,-0.0567234046757,-0.0321223028004,-0.0713278502226,-0.0424465201795,-0.0054428698495,0.086763985455,0,0,0,1,0,0,0,0,0,0,0,0,1,0,0.158088773489,0.0554137825966,263.719451904,-0.000263467431068,-0.00965046137571,-0.00151654274669,-0.010903570801,-0.00938702747226,-0.0111670643091,0.303937971592,0,-0.0118110803887,-0.0762825459242,-0.052333958447,0.00626661069691,0,1,0,0,-16.7166900635,0,0.0572928451002,0.0190183781087,263.170833289,-0.0166335217655,-0.0125791272148,267.690612793,263.204376221,9.83482170105,4.33728885651,1.25346684456,0.1239053756
26400,199.019875034,1,0.316823244095,196.875,9.35361289978,0.195947155356,1,166.612365723,1,41.1138458252,10.1331729889,189.068881283,0.0123631618917,0.00555735779926,-0.00047718177666,1.32231128216,-0.10978512466,-0.0830251723528,-0.0745947360992,-0.0564123876393,2.65788626671,-0.00129492976703,-0.0304942298681,1.81403326988,-0.000872584059834,-0.0166881103069,1.45519152284e-10,1,0.634983003139,0,1.373442173,0,-0.000906380242668,-0.000933085160796,-0.0301056802273,-0.0167486127466,-0.0291993003339,-0.015815526247,1.60684359074,-0.0314006097615,-0.0176211968064,-0.00318735395558,0.354035556316,0,0,0,0,1,0,0,0,0,0,0,0,0,1,0,0.499290734529,0.00537109375,0.238606035709,0.00537109375,263.614379883,-0.000200852751732,-0.00618712976575,1.24749766073e-09,-0.00598644092679,-0.00598644185811,-0.00618712604046,0.00537109375,3.29970312119,-0.00214993301779,-0.0583081617951,2.22082328796,-0.00146079109982,-0.0336150377989,6.96163624525e-08,1,0.202974572778,-0.012045878917,-0.00811138376594,-0.0682041049004,-0.0402656309307,-0.0561582222581,-0.0321542471647,-0.0703540369868,-0.0417264215648,-0.00528069958091,0.090605519712,0,0,0,1,0,0,0,0,0,0,0,0,1,0,0.169771686196,0.0606173872948,263.717712402,-0.000250086188316,-0.00952711701393,-0.00153572950512,-0.0108126644045,-0.00927693489939,-0.0110629349947,0.306063860655,0,-0.0119806844741,-0.077445089817,-0.0529907345772,0.00622403714806,0,1,0,0,-17.033159256,0,0.0435799360275,0.0193444825709,263.166666622,-0.0169484168291,-0.0128172673285,267.690002441,263.256530762,10.0037059784,4.8685541153,1.33974480629,0.121459588408
26460,206.389425957,1,0.316966176033,196.875,9.33150577545,0.195494160056,1,166.398223877,1,39.9809875488,9.95454406738,196.069954659,0.0132911307737,0.00550282606855,-0.000478442874737,1.32231128216,-0.109727948904,-0.0829819366336,-0.0748914778233,-0.0566367991269,2.67234992981,-0.00107152736746,-0.0310832373798,1.82204282284,-0.000740341027267,-0.0176550634205,2.91038304567e-11,1,0.625603437424,0,1.37115097046,0,-0.000927387562115,-0.000951048452407,-0.0309390947223,-0.0178657695651,-0.0300117060542,-0.0169147215784,1.603120327,-0.0320106223226,-0.0186061095446,-0.00272793183103,0.351568698883,0,0,0,0,1,0,0,0,0,0,0,0,0,1,0,0.489089250565,0.011474609375,0.235632628202,0.011474609375,263.6121521,-0.000190820544958,-0.00638596713543,9.03558672327e-10,-0.00619538314641,-0.00619538407773,-0.00638596341014,0.011474609375,3.32006454468,-0.00202952465042,-0.0595589503646,2.22687745094,-0.00138673197944,-0.0342966616154,6.97327777743e-08,1,0.192055106163,-0.0120350858197,-0.00781244691461,-0.0695645138621,-0.040722373873,-0.0575294271111,-0.0329099260271,-0.0715940371156,-0.0421091094613,-0.00561767444015,0.0866240859032,0,0,0,1,0,0,0,0,0,0,0,0,1,0,0.160019919276,0.0577660128474,263.715454102,-0.000274866819382,-0.00971127301455,-0.00151085085236,-0.0109471129254,-0.00943626090884,-0.0112220793962,0.307978481054,0,-0.012133769691,-0.0784473866224,-0.0536368787289,0.00618584826589,0,1,0,0,-17.0781745911,0,0.0469405502081,0.0191525667906,263.162499956,-0.016993207857,-0.0128511404619,267.689483643,263.184753418,9.8862323761,4.51670885086,1.43644237518,0.129152923822
26520,219.630436399,1,0.320138424635,196.875,9.35132789612,0.196076586843,1,167.947494507,1,39.98021698,9.9222869873,208.648914579,0.0200473610312,0.00550275761634,-0.000488404766656,1.32231128216,-0.111756980419,-0.0845163911581,-0.0766586512327,-0.0579732246697,2.68858242035,-0.00103563920129,-0.0323578938842,1.83060061932,-0.000781602400821,-0.0190274491906,4.94765117764e-10,1,0.610554933548,0,1.36884737015,0,-0.000947466876823,-0.000977393821813,-0.0322697199881,-0.0192232411355,-0.0313222557306,-0.0182458478957,1.59937679768,-0.033305361867,-0.0200048424304,-0.00237260712311,0.345869779587,0,0,0,0,1,0,0,0,0,0,0,0,0,1,0,0.469995349646,0.010009765625,0.228254854679,0.010009765625,263.610290527,-0.000181630253792,-0.00669290870428,2.6648294682e-10,-0.0065114563331,-0.00651145726442,-0.00669287890196,0.010009765625,3.33392715454,-0.00166448694654,-0.0611156336963,2.22873473167,-0.00129891280085,-0.0352059602737,6.92234607413e-08,1,0.183735281229,-0.0117630288005,-0.00779431173578,-0.0712141767144,-0.041701361537,-0.0594511441886,-0.0339070484042,-0.0728786587715,-0.0430002734065,-0.00575574021786,0.0837681144476,0,0,0,1,0,0,0,0,0,0,0,0,1,0,0.147235840559,0.0536506175995,263.712890625,-0.000248309224844,-0.0100655555725,-0.00148294540122,-0.0113000217825,-0.00981707684696,-0.0115484036505,0.309908866882,0,-0.0122866891325,-0.0794122964144,-0.0543181151152,0.00614745449275,0,1,0,0,-17.4337673187,0,0.0718279033899,0.0191534589976,263.158333289,-0.0173470322043,-0.0131187206134,267.688934326,263.198394775,9.77171134949,4.42122459412,1.32795345783,0.117183610797
26580,225.769611608,1,0.321000993252,196.875,9.3592414856,0.195166602731,1,167.686309814,1,40.604183197,9.93135166168,214.481131028,0.0179869886488,0.00563050527126,-0.000493130064569,1.32231128216,-0.112235605717,-0.0848783552647,-0.0772533714771,-0.0584229826927,2.70102572441,-0.00103185442276,-0.0323987528682,1.83687448502,-0.000707371975295,-0.0198586601764,1.38243194669e-10,1,0.608864367008,0,1.36662650108,0,-0.000948034517933,-0.000965754501522,-0.0323149338365,-0.0201170444489,-0.0313668996096,-0.019151289016,1.59576809406,-0.0333467870951,-0.0208244156092,-0.00167752429843,0.348017930984,0,0,0,0,1,0,0,0,0,0,0,0,0,1,0,0.4677118361,0.013916015625,0.229476898909,0.013916015625,263.60848999,-0.000184968113899,-0.00681488960981,5.17741405304e-10,-0.00663004256785,-0.00663004256785,-0.00681488960981,0.013916015625,3.3506398201,-0.0014903685078,-0.0611106827855,2.23163104057,-0.0010288245976,-0.0353575572371,6.96891220286e-08,1,0.189282700419,-0.0117253251374,-0.00790986046195,-0.0713456422091,-0.0422385931015,-0.0596203133464,-0.0343287289143,-0.072835996747,-0.0432674139738,-0.00543158687651,0.0871036276221,0,0,0,1,0,0,0,0,0,0,0,0,1,0,0.149673163891,0.054728616029,263.711425781,-0.000241287052631,-0.0101888813078,-0.0014992360957,-0.0114467497915,-0.00994751323014,-0.0116879530251,0.311920255423,0,-0.0124524980783,-0.0803982913494,-0.0550511181355,0.00611044233665,0,1,0,0,-17.602437973,0,0.0641577914357,0.0196066889912,263.154166622,-0.0175148639828,-0.0132456440479,267.68838501,263.22088623,9.72786331177,4.54333591461,1.27898013592,0.123176597059
26640,213.10031045,1,0.319188266993,196.875,9.34871959686,0.19297362864,1,165.34324646,1,38.8392372131,9.99687290192,202.445294927,0.0255961734802,0.00573080452159,-0.000491693266667,1.32231128216,-0.111162677407,-0.0840669497848,-0.0761049389839,-0.0575544796884,2.71011590958,-0.000784183037467,-0.03227763623,1.83722257614,-0.000479483423987,-0.0192280560732,2.61934474111e-10,1,0.6131285429,0.00048828125,1.36532855034,0.00048828125,-0.000938503188081,-0.000955570547376,-0.0324319601059,-0.019704144448,-0.0314934551716,-0.0187485720962,1.5936589241,-0.0332161411643,-0.020183628425,-0.0020890487358,0.352788627148,0,0.00048828125,0,0,1,0,0,0,0,0,0,0,0,1,0,0.467919230461,0.020751953125,0.231204777956,0.020751953125,263.606994629,-0.000155217945576,-0.0068523734808,9.15294284809e-10,-0.00669718161225,-0.00669718254358,-0.00685235485435,0.020751953125,3.36686015129,-0.0013049710542,-0.0611297041178,2.23144507408,-0.000791852071416,-0.0341341793537,6.97618816048e-08,1,0.195846095681,-0.0118894763291,-0.00792874302715,-0.0717142149806,-0.0412710681558,-0.0598247386515,-0.0333423279226,-0.0730191767216,-0.0420629233122,-0.00646981783211,0.0905689746141,0,0,0,1,0,0,0,0,0,0,0,0,1,0,0.143429353833,0.0525002554059,263.710693359,-0.000230707228184,-0.0103073045611,-0.00150261633098,-0.0115792620927,-0.0100766457617,-0.0118098109961,0.313464343548,0,-0.0125949075446,-0.0811506509781,-0.0556208640337,0.00608880911022,0,1,0,0,-17.551153183,0,0.0928575247526,0.0199586581439,263.149999955,-0.0174638330936,-0.0132070509717,267.687866211,263.230957031,9.81179714203,4.67730808258,1.16675281525,0.121250599623
26700,231.996825484,1,0.316522955894,196.875,9.33917999268,0.193144246936,1,163.22996521,1,36.9548034668,10.0297269821,220.39698421,0.0157550051808,0.00570797547698,-0.000485686177853,1.32231128216,-0.109645776451,-0.0829197913408,-0.0743522122502,-0.0562289766967,2.71505117416,-0.000640349986497,-0.0319056585431,1.83331859112,-0.000426613376476,-0.019494894892,-7.42147676647e-10,1,0.614081025124,0.001220703125,1.3653242588,0.001220703125,-0.000953714828938,-0.000956663745455,-0.0322190225124,-0.0200249440968,-0.0312653034925,-0.0190682802349,1.59365200996,-0.0328593701124,-0.0204515587538,-0.00165628525428,0.354397565126,0,0.001220703125,0,0,1,0,0,0,0,0,0,0,0,1,0,0.474650859833,0.015380859375,0.235245600343,0.015380859375,263.604675293,-0.000128582119942,-0.00677213817835,-2.09815775865e-11,-0.00664361473173,-0.00664361473173,-0.00677211582661,0.015380859375,3.37710213661,-0.00110420584679,-0.0597865954041,2.22950291634,-0.000749512342736,-0.034154035151,7.01402314007e-08,1,0.206463262439,-0.011743567884,-0.00799806416035,-0.0704259574413,-0.0414025895298,-0.0586823895574,-0.0334045253694,-0.0715301632881,-0.0421520993114,-0.00557218492031,0.0955521315336,0,0,0,1,0,0,0,0,0,0,0,0,1,0,0.15456700325,0.0565031394362,263.709289551,-0.000188373029232,-0.0100533738732,-0.00150102586485,-0.0113661857322,-0.00986516010016,-0.0115543454885,0.314248859882,0,-0.0126903764904,-0.0815681666136,-0.0558455660939,0.00608873832971,0,1,0,0,-17.3367271423,0,0.0559295080602,0.0198745634407,263.145833288,-0.0172504745424,-0.0130456984043,267.68737793,263.208831787,9.7593126297,4.36545276642,1.12168753147,0.103494890034
26760,215.244930056,1,0.314476311207,203.125,9.34057617188,0.163397520781,1,162.167480469,1,36.1935691833,9.97881221771,204.482683553,0.0190494004637,0.00581237766892,-0.000479446403915,1.32231128216,-0.108159266412,-0.081795617938,-0.0735015869141,-0.0555856898427,2.7101829052,-0.000442747899797,-0.0314179435372,1.82978844643,-0.000368668988813,-0.019589709118,-6.98491930962e-10,1,0.616288304329,0,1.36584413052,0,-0.000953791779466,-0.000944665749557,-0.0319289900362,-0.020165707916,-0.0309751983732,-0.0192210413516,1.59449672699,-0.0323717370629,-0.0205343738198,-0.00135103764478,0.355771958828,0,0,0,0,1,0,0,0,0,0,0,0,0,1,0,0.478098809719,0.0126953125,0.236786693335,0.0126953125,263.600708008,-0.000105269253254,-0.00673107802868,-5.7682680854e-10,-0.00662587117404,-0.00662587024271,-0.00673109292984,0.0126953125,3.37343406677,-0.00072831788566,-0.0582151450217,2.22497224808,-0.000683915161062,-0.0338748320937,7.04312697053e-08,1,0.216322898865,-0.0117403836921,-0.00800186209381,-0.0692272186279,-0.0411927849054,-0.0574868321419,-0.033190920949,-0.0699555277824,-0.0418766960502,-0.00504325609654,0.0999508053064,0,0,0,1,0,0,0,0,0,0,0,0,1,0,0.167302548885,0.0610421001911,263.705749512,-0.000113874673843,-0.00987652689219,-0.00148564158008,-0.0112482989207,-0.00976265780628,-0.0113620534539,0.314510703087,0,-0.0127408504486,-0.0817329138517,-0.0558725371957,0.0060974014923,0,1,0,0,-17.1139965057,0,0.0681037530303,0.020244371146,263.141666622,-0.0170288514346,-0.0128780957311,267.686767578,263.243865967,9.69154548645,4.22062206268,1.14773380756,0.0992987006903
26820,198.169184803,1,0.311573922634,196.875,9.33890151978,0.196571975946,1,160.57081604,1,35.2115592957,9.92317295074,188.260725563,0.0161219220608,0.00584733253345,-0.000470930332085,1.32231128216,-0.106187947094,-0.0803048014641,-0.0721276253462,-0.0545466318727,2.70205116272,-0.000219333946006,-0.0314570665359,1.82261013985,-0.000242967144004,-0.0190080609173,-1.30967237055e-10,1,0.616135299206,0.000244140625,1.36692547798,0.000244140625,-0.000933262170292,-0.000917074270546,-0.0321709997952,-0.0196821689606,-0.0312377344817,-0.0187650937587,1.59625387192,-0.0323903299868,-0.0199251342565,-0.00188353809062,0.355125904083,0,0.000244140625,0,0,1,0,0,0,0,0,0,0,0,1,0,0.47524240613,0.009765625,0.23490485549,0.009765625,263.596008301,-4.31835651398e-05,-0.00669711269438,-5.08555697554e-12,-0.00665400084108,-0.00665400084108,-0.00669711455703,0.009765625,3.36347103119,-0.000280121341348,-0.0584321990609,2.21822834015,-0.000463621283416,-0.0326674990356,7.04021658748e-08,1,0.217791765928,-0.0115118976682,-0.00799174793065,-0.0696639791131,-0.0401956252754,-0.0581520833075,-0.0322038754821,-0.0699440985918,-0.0406592451036,-0.00608609383926,0.100509658456,0,0,0,1,0,0,0,0,0,0,0,0,1,0,0.168011456728,0.0613144338131,263.701599121,-1.52662396431e-05,-0.00975505262613,-0.00148346042261,-0.0112232957035,-0.00973983481526,-0.0112383514643,0.314220011234,0,-0.0127433417365,-0.081602498889,-0.055741108954,0.00611542351544,0,1,0,0,-16.8100128174,0,0.0572765022516,0.0203677937388,263.137499955,-0.0167263802141,-0.0126493517309,267.68637085,263.229400635,9.74231433868,4.43249988556,1.35243034363,0.0942658632994
26880,222.928378776,1,0.309604406357,196.875,9.33658885956,0.195315748453,1,159.629348755,1,36.260093689,9.91840553284,211.781959838,0.0150874881074,0.00587250944227,-0.000464781274786,1.32231128216,-0.105022855103,-0.0794237032533,-0.0709630772471,-0.0536659397185,2.69439697266,-0.000164789962582,-0.0315305441618,1.81315529346,-0.000171026505996,-0.0187552310526,-2.91038304567e-10,1,0.614400625229,0,1.36839163303,0,-0.000920181744732,-0.000911921495572,-0.0322859361768,-0.0194961261004,-0.0313657559454,-0.0185842048377,1.59863650799,-0.0324507281184,-0.0196671523154,-0.00208213925362,0.353082358837,0,0,0,0,1,0,0,0,0,0,0,0,0,1,0,0.472993373871,0.00830078125,0.2329826653,0.00830078125,263.590820312,-2.29105353355e-05,-0.00668214261532,-5.60884672041e-10,-0.00665941415355,-0.00665941368788,-0.00668215751648,0.00830078125,3.34848713875,-0.000343702267855,-0.0584117397666,2.20682668686,-0.000455336179584,-0.0322366468608,7.07805156708e-08,1,0.217716187239,-0.0111050885171,-0.00783105567098,-0.0691731199622,-0.0396123677492,-0.0580680370331,-0.0317813120782,-0.0695168226957,-0.0400677025318,-0.00624476652592,0.100134909153,0,0,0,1,0,0,0,0,0,0,0,0,1,0,0.170115023851,0.0618782937527,263.696105957,-1.17719173431e-05,-0.00968037545681,-0.0014742751373,-0.011142895557,-0.00966862030327,-0.0111545920372,0.313545376062,0,-0.0127110052854,-0.0812878459692,-0.0554569326341,0.00613986095414,0,1,0,0,-16.5905189514,0,0.053484570235,0.0204565133899,263.133333288,-0.0165079794824,-0.0124841853976,267.685821533,263.220001221,9.71859836578,4.27412891388,1.30797767639,0.102388456464
26940,213.79353586,1,0.306946188211,196.875,9.3377122879,0.192033827305,1,157.822631836,1,36.592086792,9.88713550568,203.103859067,0.0142525844276,0.00597109040245,-0.000458096968941,1.32231128216,-0.103581734002,-0.0783338472247,-0.0692221671343,-0.0523493736982,2.68532323837,-0.000446944846772,-0.0307565182447,1.80132591724,-0.000285701826215,-0.0179181322455,-1.38243194669e-10,1,0.626732647419,0.000244140625,1.37005078793,0.000244140625,-0.000932053721044,-0.000888374401256,-0.0312416255474,-0.0185208059847,-0.0303095690906,-0.017632432282,1.60133254528,-0.0316885709763,-0.018806507811,-0.00226820842363,0.358581662178,0,0.000244140625,0,0,1,0,0,0,0,0,0,0,0,1,0,0.479746371508,0.00634765625,0.23519051075,0.00634765625,263.585693359,-6.29797577858e-05,-0.00660964287817,-3.18448406533e-10,-0.00654678419232,-0.006546783261,-0.00660963729024,0.00634765625,3.33556652069,-0.000775929307565,-0.0572185367346,2.198158741,-0.000630007358268,-0.0316151045263,7.08387233317e-08,1,0.226951777935,-0.0109901353717,-0.00782322697341,-0.0674327462912,-0.0388083234429,-0.0564426109195,-0.0309850983322,-0.0682086721063,-0.0394383333623,-0.00585498474538,0.103707000613,0,0,0,1,0,0,0,0,0,0,0,0,1,0,0.175271570683,0.0632864683867,263.690795898,-6.96331262589e-05,-0.00957310199738,-0.00150583731011,-0.0110094230622,-0.00950358621776,-0.0110789984465,0.312620460987,0,-0.0126543659717,-0.0808701515198,-0.0550268441439,0.00616751331836,0,1,0,0,-16.3519191742,0,0.0504366904497,0.020802276209,263.129166621,-0.0162705667317,-0.0123046422377,267.685394287,263.185333252,9.63611221313,4.33282184601,1.17076444626,0.104378372431
27000,207.859249528,1,0.303922027349,196.875,9.34371471405,0.18989045918,1,155.872619629,1,35.1847724915,9.84718799591,197.466287051,0.0134266782552,0.005963280797,-0.000450253050076,1.32231128216,-0.101416401565,-0.0766963139176,-0.0680654421449,-0.0514745973051,2.67371177673,-0.000470655737445,-0.029793554917,1.7924529314,-0.000229494995438,-0.017836464569,-1.16415321827e-10,1,0.632884979248,0,1.37220156193,0,-0.000920096645132,-0.000890967261512,-0.0302429944277,-0.0184979364276,-0.029322899878,-0.0176069699228,1.60482752323,-0.0307136531919,-0.0187274329364,-0.00168960692827,0.359735429287,0,0,0,0,1,0,0,0,0,0,0,0,0,1,0,0.481949031353,0.007080078125,0.234443739057,0.007080078125,263.580505371,-4.67002391815e-05,-0.00653240084648,-8.20104761878e-10,-0.00648581981659,-0.00648581888527,-0.00653241574764,0.007080078125,3.32988166809,-0.00075467210263,-0.0563939884305,2.191395998,-0.000377047806978,-0.0313504971564,7.05476850271e-08,1,0.223005026579,-0.0114790741354,-0.00810465402901,-0.0671183913946,-0.0390781089664,-0.0556393191218,-0.0309734530747,-0.0678730681539,-0.039455153048,-0.00537336291745,0.100787833333,0,0,0,1,0,0,0,0,0,0,0,0,1,0,0.172438949347,0.0615185499191,263.68572998,-4.08589839935e-05,-0.00953608751297,-0.0015228157863,-0.0110181840137,-0.00949536822736,-0.0110589563847,0.311314672232,0,-0.0125686507672,-0.0802543312311,-0.0544548965991,0.0062033594586,0,1,0,0,-16.0719299316,0,0.0474325567484,0.0207736045122,263.124999955,-0.0159919708967,-0.012093952857,267.684814453,263.165435791,9.64161682129,4.35777187347,1.96401190758,0.12362536788
27060,202.539194948,1,0.302680939436,196.875,9.35466384888,0.190331250429,1,155.118469238,1,34.7330665588,9.87109947205,192.412235201,0.0131885325536,0.00592211913317,-0.000446922029369,1.32231128216,-0.100437983871,-0.0759563818574,-0.0677363276482,-0.0512257032096,2.6671359539,-0.000585546484217,-0.0286876484752,1.78549599648,-0.000334859709255,-0.0173813328147,-7.42147676647e-10,1,0.644173741341,0,1.37452840805,0,-0.000893103075214,-0.000877347833011,-0.0289952065796,-0.0179238226265,-0.0281021036208,-0.0170464739203,1.60860860348,-0.0295807532966,-0.0182586833835,-0.0014373047743,0.363610327244,0,0,0,0,1,0,0,0,0,0,0,0,0,1,0,0.494254291058,0.002197265625,0.238616511226,0.002197265625,263.57598877,-6.21229410172e-05,-0.00634673982859,-1.17068543748e-09,-0.00628466717899,-0.006284665782,-0.00634675845504,0.002197265625,3.33232665062,-0.00105205830187,-0.0557297021151,2.18298077583,-0.000678765238263,-0.030945956707,7.12461769581e-08,1,0.224671453238,-0.0119731565937,-0.00801133736968,-0.0666508004069,-0.0382785312831,-0.0546776428819,-0.0302671920508,-0.0677028596401,-0.0389572940767,-0.00572375766933,0.100409969687,0,0,0,1,0,0,0,0,0,0,0,0,1,0,0.175389617682,0.0619257986546,263.682067871,-7.49081373215e-05,-0.00950150191784,-0.00154277007096,-0.0109694367275,-0.00942666642368,-0.011044293642,0.309880554676,0,-0.0124738896266,-0.0795362219214,-0.0539036355913,0.00624214019626,0,1,0,0,-15.9530277252,0,0.0465683378279,0.0206260718405,263.120833288,-0.0158736594021,-0.0120044797659,267.684387207,263.21484375,9.73315238953,4.32004070282,1.36765575409,0.100479260087
27120,192.73873974,1,0.30138117075,203.125,9.35367393494,0.157938405871,1,154.880767822,1,34.2904396057,9.76856136322,183.101802753,0.0201522428542,0.00598642416298,-0.000441866257461,1.32231128216,-0.0996336564422,-0.0753481090069,-0.0670720860362,-0.0507233701646,2.65844106674,-0.000615512020886,-0.0277977660298,1.77573180199,-0.000293351244181,-0.0166548229754,0,1,0.653197169304,0,1.3767080307,0,-0.000856296450365,-0.000858536572196,-0.0280385501683,-0.0172200091183,-0.0271822530776,-0.0163614712656,1.61215054989,-0.0286540649831,-0.0175133589655,-0.00147006195039,0.366511821747,0,0,0,0,1,0,0,0,0,0,0,0,0,1,0,0.50776720047,0.002197265625,0.243696719408,0.002197265625,263.570709229,-7.46697187424e-05,-0.00613363087177,-1.41274658638e-09,-0.00605897605419,-0.00605897465721,-0.00613364577293,0.002197265625,3.32950401306,-0.00122994917911,-0.0542172826827,2.17246365547,-0.000636688084342,-0.0296116247773,7.08387233317e-08,1,0.237016484141,-0.0118925627321,-0.00787125620991,-0.0648798942566,-0.036846190691,-0.0529873333871,-0.0289749372751,-0.0661098510027,-0.0374828800559,-0.00589181669056,0.1050478369,0,0,0,1,0,0,0,0,0,0,0,0,1,0,0.185437083244,0.0650573223829,263.67791748,-0.000109612941742,-0.00919131934643,-0.00155185558833,-0.0106336548924,-0.00908179953694,-0.0107431709766,0.308476805687,0,-0.0123771149665,-0.0788370147347,-0.0533930361271,0.00627846736461,0,1,0,0,-15.7725601196,0,0.0722203105688,0.0208569131792,263.116666621,-0.0156940892339,-0.011868679896,267.68371582,263.201629639,9.63907241821,4.3654384613,1.30472302437,0.108898282051
27180,194.665500217,1,0.300220519304,203.125,9.35830783844,0.157863974571,1,154.100387573,1,34.1771316528,9.73676967621,184.932225206,0.0295300837606,0.00619113259017,-0.000438992807176,1.32231128216,-0.0992060005665,-0.0750246942043,-0.0660512298346,-0.0499513484538,2.64851498604,-0.000600990490057,-0.027872517705,1.76342606544,-0.000315824087011,-0.0156196653843,8.73114913702e-11,1,0.655846834183,0,1.37873697281,0,-0.000836130231619,-0.000838103238493,-0.0281076598912,-0.0161419454962,-0.027271527797,-0.0153038427234,1.61544764042,-0.0287086516619,-0.0164577700198,-0.00237373728305,0.365785956383,0,0,0,0,1,0,0,0,0,0,0,0,0,1,0,0.504597783089,0,0.240581721067,0,263.565551758,-8.31782817841e-05,-0.00612679123878,-8.35619629047e-10,-0.00604369211942,-0.0060436911881,-0.00612677633762,0,3.31906080246,-0.00128718139604,-0.0533970296383,2.16358017921,-0.00065752689261,-0.0279848389328,7.09478626959e-08,1,0.241275757551,-0.01181108132,-0.00785133615136,-0.063920930028,-0.0351786464453,-0.0521098449826,-0.0273273102939,-0.065208107233,-0.0358361750841,-0.00665380060673,0.106070175767,0,0,0,1,0,0,0,0,0,0,0,0,1,0,0.170590028167,0.0593413710594,263.673400879,-0.000119967386127,-0.00915529765189,-0.0015383712016,-0.0105736348778,-0.00903526321054,-0.0106936469674,0.307082176208,0,-0.0122751202434,-0.0781727209687,-0.0528550371528,0.00631228275597,0,1,0,0,-15.6699914932,0,0.108114808798,0.0215944685042,263.112499954,-0.0155920311809,-0.0117914984003,267.683166504,263.182373047,9.57611465454,4.23546552658,1.15903770924,0.0885330662131
27240,212.345995831,1,0.29922041297,196.875,9.37177562714,0.188532039523,1,152.656234741,1,32.7370986938,9.78267192841,201.72869604,0.0205105058849,0.00618315720931,-0.000438731745817,1.32231128216,-0.099019639194,-0.0748837590218,-0.0648951083422,-0.049077026546,2.63861346245,-0.000646046595648,-0.0279395394027,1.74818062782,-0.000349887879565,-0.015181183815,1.60071067512e-10,1,0.655200600624,0,1.38096511364,0,-0.000815608189441,-0.000823409587611,-0.0281091015786,-0.0156547054648,-0.0272934939712,-0.0148312961683,1.61906826496,-0.0287551470101,-0.0160045921803,-0.00271275802515,0.363498330116,0,0,0,0,1,0,0,0,0,0,0,0,0,1,0,0.506845712662,0.001220703125,0.24012029171,0.001220703125,263.56036377,-8.35657119751e-05,-0.00606340169907,-1.54122925533e-09,-0.00597995333374,-0.00597995147109,-0.00606341660023,0.001220703125,3.30158615112,-0.00120579637587,-0.0527072548866,2.15063023567,-0.000584819121286,-0.0273018982261,7.11879692972e-08,1,0.24665363133,-0.0115766488016,-0.00814731791615,-0.0630781129003,-0.0348643995821,-0.0515014603734,-0.0267170798033,-0.0642839074135,-0.0354492180049,-0.00630831997842,0.108089827001,0,0,0,1,0,0,0,0,0,0,0,0,1,0,0.177320346236,0.0613526850939,263.667938232,-9.74982976913e-05,-0.00896225869656,-0.00154441245832,-0.0104091856629,-0.00886477343738,-0.010506734252,0.305757135153,0,-0.0121877714992,-0.077598258853,-0.0522563159466,0.00634941831231,0,1,0,0,-15.6606731415,0,0.0735621452332,0.0215601678938,263.108333288,-0.0155827589333,-0.0117844864726,267.68270874,263.206939697,9.58560276031,4.39623880386,1.05876779556,0.0801598578691
27300,207.123508431,1,0.298209130764,203.125,9.35383796692,0.158861771226,1,152.125442505,1,32.0801506042,9.77517414093,196.76733301,0.0182498861104,0.00618252670392,-0.000435813766671,1.32231128216,-0.098436743021,-0.0744429454207,-0.0643268451095,-0.0486472770572,2.62705683708,-0.000604558037594,-0.0278817154467,1.73807358742,-0.000369626563042,-0.0151419956237,-5.82076609135e-11,1,0.652550697327,0,1.38313925266,0,-0.000800534733571,-0.000820764689706,-0.0280776936561,-0.0155931320041,-0.0272771567106,-0.014772368595,1.62260115147,-0.0286822523922,-0.0159627608955,-0.00267598847859,0.360115647316,0,0,0,0,1,0,0,0,0,0,0,0,0,1,0,0.509380817413,0.002685546875,0.239790081978,0.002685546875,263.554626465,-7.59363174438e-05,-0.00599227845669,-1.67784897087e-09,-0.00591640127823,-0.00591639988124,-0.00599227845669,0.002685546875,3.28134846687,-0.0011670012027,-0.0524321645498,2.14037656784,-0.000705672893673,-0.0274924561381,7.12461769581e-08,1,0.246443420649,-0.0111253447831,-0.00826836470515,-0.0623905062675,-0.0350551456213,-0.0512651614845,-0.0267867781222,-0.0635575056076,-0.0357608161867,-0.00560090178624,0.107430189848,0,0,0,1,0,0,0,0,0,0,0,0,1,0,0.184442937374,0.063335262239,263.661529541,-7.77542591095e-05,-0.00884565711021,-0.0015291236341,-0.0102970330045,-0.00876790937036,-0.0103748738766,0.304501622915,0,-0.012107742019,-0.077071160078,-0.0516471937299,0.00638565327972,0,1,0,0,-15.5565137863,0,0.0651324465871,0.0215538665652,263.104166621,-0.0154791185632,-0.0117061082274,267.682189941,263.19543457,9.65979862213,4.18737316132,1.11825561523,0.0876743942499
27360,201.032994052,1,0.298607081175,203.125,9.36174964905,0.157455414534,1,152.174636841,1,32.1781082153,9.77297496796,190.981344349,0.0159040763974,0.00613321689889,-0.000437419337686,1.32231128216,-0.09856223315,-0.0745378434658,-0.0647084712982,-0.0489358827472,2.61715078354,-0.00096763134934,-0.028362236917,1.73260498047,-0.000605476903729,-0.0155172627419,-9.31322574615e-10,1,0.648798942566,0.00048828125,1.38510859013,0.00048828125,-0.000799129309598,-0.000829781638458,-0.0281937364489,-0.0157415680587,-0.0273946058005,-0.0149117847905,1.62580156326,-0.0291613675654,-0.0163470432162,-0.002546322532,0.355931341648,0,0.00048828125,0,0,1,0,0,0,0,0,0,0,0,1,0,0.506026089191,0.005126953125,0.236767917871,0.005126953125,263.549682617,-0.000123761594296,-0.00604702532291,-1.11044218265e-09,-0.00592334382236,-0.00592334242538,-0.00604703277349,0.005126953125,3.26377987862,-0.00164809450507,-0.0530459657311,2.13014125824,-0.00104050594382,-0.0283424630761,7.10133463144e-08,1,0.240446180105,-0.0111590800807,-0.00830158311874,-0.0625569447875,-0.0356035381556,-0.0513978675008,-0.0273019559681,-0.0642050504684,-0.0366440489888,-0.00508379563689,0.103913523257,0,0,0,1,0,0,0,0,0,0,0,0,1,0,0.17202064395,0.058639138937,263.656005859,-0.000142157077789,-0.00908532738686,-0.00156725849956,-0.0105104772374,-0.00894321873784,-0.0106527507305,0.303378582001,0,-0.0120365433395,-0.0765952467918,-0.0511276014149,0.0064184772782,0,1,0,0,-15.6138267517,0,0.0564765073359,0.021377729252,263.099999954,-0.0155361462384,-0.0117492349818,267.681732178,263.162841797,9.5766620636,4.18164348602,0.982795596123,0.0871697962284
27420,195.414535207,1,0.300383120775,203.125,9.36772918701,0.157959744334,1,152.979644775,1,34.0218849182,9.83672523499,185.643808447,0.0150194019079,0.00617749011144,-0.000442927761469,1.32231128216,-0.0994711443782,-0.0752252116799,-0.0658853948116,-0.0498259328306,2.61405467987,-0.0011404849356,-0.0288827121258,1.73176193237,-0.000683010381181,-0.0160648450255,-8.44011083245e-10,1,0.641731142998,0.000244140625,1.38661813736,0.000244140625,-0.000794130261056,-0.000828324817121,-0.0285363569856,-0.0162101611495,-0.0277422256768,-0.0153818372637,1.6282544136,-0.0296768434346,-0.016893170774,-0.00230710324831,0.350651741028,0,0.000244140625,0,0,1,0,0,0,0,0,0,0,0,1,0,0.498740017414,0.004638671875,0.232430577278,0.004638671875,263.546081543,-0.000136718153954,-0.00612511485815,-5.69721270161e-10,-0.00598840601742,-0.0059884050861,-0.00612509250641,0.004638671875,3.25674057007,-0.00206120824441,-0.0545951463282,2.12230968475,-0.00127650063951,-0.0293436944485,7.13916961104e-08,1,0.228573843837,-0.0110352430493,-0.00794489961118,-0.063569188118,-0.0360120944679,-0.0525339394808,-0.028067195788,-0.0656303912401,-0.0372885912657,-0.0052203075029,0.0983400046825,0,0,0,1,0,0,0,0,0,0,0,0,1,0,0.158913433552,0.0539582148194,263.652038574,-0.000195994973183,-0.00931266695261,-0.00153319607489,-0.0106499604881,-0.00911676324904,-0.0108459219337,0.302649736404,0,-0.0119967479259,-0.0762842446566,-0.0508225038648,0.00644363462925,0,1,0,0,-15.8104515076,0,0.0532356128097,0.0215370543301,263.095833287,-0.015731792897,-0.0118971932679,267.680847168,263.182128906,9.6440448761,4.33580112457,1.22521996498,0.0954413861036
27480,200.848933031,1,0.301639586687,203.125,9.37314891815,0.156943172216,1,153.366119385,1,35.0044059753,9.87536430359,190.806486379,0.0216759741306,0.0062134093605,-0.000447378988611,1.32231128216,-0.100117504597,-0.0757140219212,-0.0667199939489,-0.0504571013153,2.61684060097,-0.00117803434841,-0.0281623154879,1.73536229134,-0.000729494029656,-0.0158352125436,-9.31322574615e-10,1,0.650287032127,0,1.38755774498,0,-0.000767918303609,-0.000783527735621,-0.0277522020042,-0.0158892460167,-0.0269842818379,-0.0151057187468,1.62978112698,-0.0289302356541,-0.0166187398136,-0.00214700866491,0.354804396629,0,0,0,0,1,0,0,0,0,0,0,0,0,1,0,0.506365537643,0,0.23555457592,0,263.543060303,-0.000141441822052,-0.00603595376015,-9.86763781796e-10,-0.00589451845735,-0.00589451752603,-0.00603598356247,0,3.26021242142,-0.00227461871691,-0.0544222891331,2.1237475872,-0.00149384257384,-0.0302754379809,7.200287655e-08,1,0.229240745306,-0.0109798070043,-0.00773554947227,-0.0631274729967,-0.0365171432495,-0.0521476641297,-0.0287815928459,-0.0654020905495,-0.0380109883845,-0.00455141253769,0.0982057377696,0,0,0,1,0,0,0,0,0,0,0,0,1,0,0.160353109241,0.0540851764381,263.649291992,-0.000227123498917,-0.00925278663635,-0.00152131228242,-0.0105469375849,-0.00902562402189,-0.0107740908861,0.302393198013,0,-0.0119936279953,-0.0761681348085,-0.0507302582264,0.00645929388702,0,1,0,0,-15.9693384171,0,0.0779428258538,0.0216656252742,263.09166662,-0.0158898886293,-0.0120167536661,267.680206299,263.206451416,9.69571876526,4.19880962372,1.39357161522,0.11566644907
27540,212.198989767,1,0.300587594509,203.125,9.37602615356,0.154915675521,1,152.248443604,1,34.9319801331,9.9422044754,201.589040278,0.0176403410733,0.00622334331274,-0.000445964484243,1.32231128216,-0.0992337837815,-0.0750457048416,-0.0665345862508,-0.0503168851137,2.61627268791,-0.00107049033977,-0.0276004858315,1.73819744587,-0.000710130436346,-0.0152823776007,-5.23868948221e-10,1,0.656957387924,0,1.38859295845,0,-0.000757378991693,-0.000771729508415,-0.0272873751819,-0.0153439771384,-0.0265299975872,-0.0145722478628,1.63146352768,-0.0283578634262,-0.0160541087389,-0.00236423616298,0.358022987843,0,0,0,0,1,0,0,0,0,0,0,0,0,1,0,0.504572927952,0.00390625,0.234159231186,0.00390625,263.539978027,-0.000120356678963,-0.00604759156704,-9.1161667104e-10,-0.00592715293169,-0.00592715200037,-0.00604756176472,0.00390625,3.26472234726,-0.00199991161935,-0.0541663244367,2.12724423409,-0.00139272399247,-0.0295213311911,7.12752807885e-08,1,0.2363512218,-0.011210128665,-0.0077406167984,-0.0633765459061,-0.0358692258596,-0.0521664135158,-0.028128605336,-0.0653764531016,-0.0372619479895,-0.0052773761563,0.101277306676,0,0,0,1,0,0,0,0,0,0,0,0,1,0,0.156144455075,0.0526615828276,263.647216797,-0.000179529190063,-0.00941643118858,-0.00160119577777,-0.0108380224556,-0.00923682749271,-0.0110175907612,0.302148789167,0,-0.0119932424277,-0.0760257393122,-0.0506872683764,0.00647654896602,0,1,0,0,-15.9188480377,0,0.0628744289279,0.0216980166733,263.087499954,-0.0158396493644,-0.0119787603617,267.67956543,263.191650391,9.67884159088,4.50864076614,1.50196003914,0.118228852749
27600,176.15201034,1,0.30115172267,203.125,9.3858127594,0.157004073262,1,151.547927856,1,33.8464050293,9.95843601227,167.344409823,0.0191691666842,0.00605211406946,-0.000450553139672,1.32231128216,-0.0996310934424,-0.0753461718559,-0.0667480230331,-0.0504782982171,2.61866092682,-0.000853886012919,-0.0280753932893,1.74120855331,-0.000555030826945,-0.0155187631026,-2.32830643654e-10,1,0.646698117256,0,1.38991689682,0,-0.000763855525292,-0.000784609816037,-0.0279853641987,-0.0157483424991,-0.0272215083241,-0.0149637311697,1.63361477852,-0.0288392491639,-0.0163033716381,-0.002448273357,0.352078944445,0,0,0,0,1,0,0,0,0,0,0,0,0,1,0,0.497783839703,0.00537109375,0.230824813247,0.00537109375,263.537963867,-9.6470117569e-05,-0.00610092282295,-3.68622077307e-10,-0.00600436050445,-0.00600436003879,-0.00610090792179,0.00537109375,3.26898288727,-0.00146302441135,-0.0546381771564,2.12999558449,-0.000953283859417,-0.0303625836968,7.13625922799e-08,1,0.227720886469,-0.0111845387146,-0.00753862131387,-0.0643596872687,-0.0369479209185,-0.0531751438975,-0.0294093005359,-0.0658227056265,-0.0379012078047,-0.00499912630767,0.0978298783302,0,0,0,1,0,0,0,0,0,0,0,0,1,0,0.164538025856,0.0556048564613,263.645202637,-0.000126898288727,-0.00946635007858,-0.00156003935263,-0.0108993835747,-0.00933934561908,-0.0110262930393,0.301875531673,0,-0.0119993761182,-0.0758584439754,-0.0506288595498,0.0064986133948,0,1,0,0,-16.0826416016,0,0.0685497820377,0.021090451628,263.083333287,-0.0160026289523,-0.0121020134538,267.678924561,263.20880127,9.72473716736,4.42479944229,1.24009919167,0.107885561883
27660,191.412146182,1,0.30270922184,203.125,9.39100646973,0.154698476195,1,151.923034668,1,32.8652992249,9.75936985016,181.841538872,0.0160324908793,0.00605399627239,-0.000456450128695,1.32231128216,-0.100749909878,-0.0761922821403,-0.0673122555017,-0.0509050004184,2.62380695343,-0.000465197837912,-0.0285147186369,1.74258387089,-0.000294709228911,-0.0152187403291,-4.65661287308e-10,1,0.639647603035,0,1.39083838463,0,-0.000780284754001,-0.000780850066803,-0.028829805553,-0.0157048813999,-0.0280495211482,-0.014924030751,1.63511228561,-0.0292950049043,-0.0159995891154,-0.00299791875295,0.347952783108,0,0,0,0,1,0,0,0,0,0,0,0,0,1,0,0.488243758678,0.000732421875,0.226074144244,0.000732421875,263.535400391,-4.47928905487e-05,-0.00618223845959,-6.5524141668e-10,-0.0061373244971,-0.00613732356578,-0.00618223845959,0.000732421875,3.273635149,-0.000827542040497,-0.0552509576082,2.12700462341,-0.000534354010597,-0.0294593311846,7.1944668889e-08,1,0.219931572676,-0.0111835338175,-0.00719072297215,-0.065606944263,-0.0361156985164,-0.0544234141707,-0.0289249755442,-0.066434495151,-0.0366500541568,-0.00645450782031,0.0942202061415,0,0,0,1,0,0,0,0,0,0,0,0,1,0,0.15865150094,0.0535434372723,263.642333984,-3.89218330383e-05,-0.00946217775345,-0.00153851578943,-0.0109616443515,-0.00942312926054,-0.0110006630421,0.301924824715,0,-0.0120329828933,-0.0758499354124,-0.0506647080183,0.0065139727667,0,1,0,0,-16.2931365967,0,0.0569479912519,0.0210956763476,263.07916662,-0.0162120759487,-0.0122604081407,267.678497314,263.16418457,9.52893638611,4.38283348083,1.39273154736,0.0983435958624
27720,213.631697358,1,0.303700268269,196.875,9.40231895447,0.187964752316,1,152.243011475,1,34.4789466858,9.80037212372,202.95011249,0.0174373481423,0.00606285547838,-0.000459979171865,1.32231128216,-0.101918287575,-0.077075868845,-0.0669877380133,-0.0506595820189,2.63027882576,-0.000458801951027,-0.0287634748966,1.73948407173,-0.000286636699457,-0.0150342425331,-8.73114913702e-10,1,0.640039920807,0,1.39146530628,0,-0.000798043969553,-0.000783758587204,-0.0291027203202,-0.0155313648283,-0.028304675594,-0.0147476047277,1.6361310482,-0.0295615196228,-0.0158179998398,-0.00326532451436,0.347863942385,0,0,0,0,1,0,0,0,0,0,0,0,0,1,0,0.495011717081,0.006103515625,0.228898599744,0.006103515625,263.532348633,-5.28767704964e-05,-0.00615083426237,-5.63175284185e-10,-0.00609789229929,-0.00609789229929,-0.00615084171295,0.006103515625,3.27786254883,-0.000668475986458,-0.0552106872201,2.12522864342,-0.000472677580547,-0.0293539967388,7.16536305845e-08,1,0.222172036767,-0.0111497268081,-0.00727136945352,-0.0656919330359,-0.036152690649,-0.0545422136784,-0.0288813188672,-0.0663604140282,-0.036625366658,-0.00641474500299,0.0949235260487,0,0,0,1,0,0,0,0,0,0,0,0,1,0,0.16522949934,0.0557228885591,263.638977051,-2.50339508057e-05,-0.00928375124931,-0.00153816177044,-0.0107967676595,-0.0092586055398,-0.0108218640089,0.302204996347,0,-0.0120866689831,-0.076013289392,-0.0507073253393,0.00652442127466,0,1,0,0,-16.4191055298,0,0.0621238313615,0.0211279541254,263.074999953,-0.0163374189287,-0.0123551990837,267.678009033,263.139038086,9.61016273499,4.51238822937,1.12471747398,0.0924432277679
27780,210.401870294,1,0.303261697292,196.875,9.40837669373,0.187858715653,1,152.316040039,1,33.7138366699,9.84365272522,199.881776779,0.0152845466509,0.0060541476123,-0.000457769696368,1.32231128216,-0.101798519492,-0.0769852921367,-0.0665283575654,-0.0503121763468,2.63358998299,-0.000685192237142,-0.0287197008729,1.73713684082,-0.00037656276254,-0.015065154992,-1.22236087918e-09,1,0.643902182579,0,1.39191007614,0,-0.000815261737444,-0.000804794311989,-0.0288497712463,-0.0154933854938,-0.0280345082283,-0.0146885924041,1.63685369492,-0.0295349620283,-0.015869949013,-0.00310483761132,0.349808633327,0,0,0,0,1,0,0,0,0,0,0,0,0,1,0,0.497133523226,0.001220703125,0.229725331068,0.001220703125,263.528503418,-7.69570469856e-05,-0.00617678463459,-9.46342781916e-10,-0.00609974749386,-0.00609974656254,-0.00617676228285,0.001220703125,3.28034734726,-0.00118405860849,-0.0549246296287,2.12433624268,-0.000723487755749,-0.0293760690838,7.15663190931e-08,1,0.22654055059,-0.0112501718104,-0.00741934683174,-0.0649907439947,-0.0360719263554,-0.053740568459,-0.0286525785923,-0.0661748051643,-0.0367954149842,-0.00597834773362,0.096673220396,0,0,0,1,0,0,0,0,0,0,0,0,1,0,0.162244424224,0.0546536147594,263.635223389,-8.43033194542e-05,-0.00929942727089,-0.00155741290655,-0.0107726594433,-0.00921524688601,-0.0108568221331,0.302431583405,0,-0.0121294753626,-0.0762059465051,-0.0506756678224,0.00653183367103,0,1,0,0.000244140625,-16.3402385712,0,0.0542056038976,0.0210957862437,263.070833287,-0.016258943826,-0.0122958524153,267.677398682,263.029418945,9.67951774597,4.52857112885,1.35455322266,0.0984302908182
27840,187.794019203,1,0.302706986666,196.875,9.41225624084,0.185933828354,1,152.340332031,1,32.7805938721,9.90253448486,178.404318243,0.0163213182241,0.00607644580305,-0.000455189670902,1.32231128216,-0.101494379342,-0.0767552852631,-0.066181153059,-0.0500496029854,2.63576197624,-0.00106146419421,-0.0288424231112,1.73285615444,-0.00059289613273,-0.0149780418724,-6.98491930962e-10,1,0.648201346397,0,1.39233994484,0,-0.000804420211352,-0.000798458233476,-0.0285853780806,-0.0151836033911,-0.02778095752,-0.0143851451576,1.63755249977,-0.0296468436718,-0.0157765001059,-0.0031795098912,0.35222107172,0,0,0,0,1,0,0,0,0,0,0,0,0,1,0,0.502886116505,0,0.232357501984,0,263.524719238,-0.000122785568237,-0.00616618990898,-1.04818265179e-09,-0.0060433675535,-0.00604336708784,-0.0061661824584,0,3.28128862381,-0.00198799325153,-0.0550854094326,2.11821842194,-0.00110683124512,-0.0285120233893,7.17263901606e-08,1,0.23439386487,-0.0111292991787,-0.00730095570907,-0.0642267167568,-0.034706145525,-0.0530974119902,-0.0274051893502,-0.066214710474,-0.0358129777014,-0.00660420628265,0.100044935942,0,0,0,1,0,0,0,0,0,0,0,0,1,0,0.166451752186,0.056067161262,263.631744385,-0.000172082334757,-0.0093499161303,-0.00153062143363,-0.0107084121555,-0.00917779095471,-0.0108804814517,0.302508026361,0,-0.0121527947485,-0.0763287842274,-0.0506007671356,0.00653899926692,0,1,0,0,-16.2481441498,0,0.0580094344914,0.0211739875376,263.06666662,-0.0161673072726,-0.0122265517712,267.676879883,263.166442871,9.77343559265,4.36670398712,1.23809480667,0.11187299341
27900,197.165425733,1,0.301667481661,196.875,9.41907405853,0.183512076735,1,152.033843994,1,32.3114509583,10.0103302002,187.307154447,0.0163066703826,0.00607736688107,-0.000451424595667,1.32231128216,-0.100914090872,-0.0763164386153,-0.0655497759581,-0.049572121352,2.63680171967,-0.00122541654855,-0.0288255978376,1.72559869289,-0.000690329819918,-0.0148978121579,1.30967237055e-10,1,0.650433897972,0,1.39277637005,0,-0.000808982760645,-0.000813590129837,-0.0284091643989,-0.0150210717693,-0.0276001822203,-0.014207482338,1.63826155663,-0.0296345800161,-0.0157114025205,-0.00317487679422,0.353315532207,0,0,0,0,1,0,0,0,0,0,0,0,0,1,0,0.510897397995,0,0.236133381724,0,263.520507812,-0.000149793922901,-0.00608805194497,-5.12365982974e-10,-0.00593820819631,-0.00593820773065,-0.00608802214265,0,3.2816696167,-0.00252406299114,-0.0551463663578,2.10640788078,-0.00148297427222,-0.0284750126302,7.19592208043e-08,1,0.23127579689,-0.0111149279401,-0.00723933195695,-0.0637372359633,-0.0342313721776,-0.0526223033667,-0.0269920378923,-0.0662612915039,-0.0357143431902,-0.00662606675178,0.0986570566893,0,0,0,1,0,0,0,0,0,0,0,0,1,0,0.16879555583,0.0568690150976,263.627990723,-0.000232674181461,-0.00920940563083,-0.00155229936354,-0.010528919287,-0.00897662062198,-0.0107615701854,0.302434653044,0,-0.0121575761586,-0.0763702094555,-0.0504720360041,0.00654627196491,0,1,0,0,-16.1137485504,0,0.0579555742443,0.0211773123592,263.062499953,-0.0160335805267,-0.0121254203841,267.676391602,263.163391113,9.93994903564,4.25946140289,1.24858403206,0.11018487066
27960,202.681402089,1,0.301894456148,203.125,9.41772651672,0.152780920267,1,152.14894104,1,33.4056472778,9.80765724182,192.547331985,0.0151255503297,0.00601646257564,-0.000452102045529,1.32231128216,-0.101433642209,-0.0767093524337,-0.0650789961219,-0.0492160953581,2.64156913757,-0.00123394443654,-0.0294933356345,1.71819210052,-0.000675633084029,-0.0147134643048,-5.82076609135e-11,1,0.644808232784,0,1.39313006401,0,-0.000805353745818,-0.00082482903963,-0.0290647447109,-0.0148626603186,-0.0282593891025,-0.0140378316864,1.63883638382,-0.0302986875176,-0.0155382938683,-0.00359867676161,0.350072294474,0,0,0,0,1,0,0,0,0,0,0,0,0,1,0,0.501759231091,0.001220703125,0.231971472502,0.001220703125,263.516448975,-0.000144004821777,-0.00618776679039,-7.20139170518e-10,-0.00604371167719,-0.00604371121153,-0.00618775188923,0.001220703125,3.28443670273,-0.00272624613717,-0.0567738078535,2.09787154198,-0.00159337394871,-0.0284319575876,7.15954229236e-08,1,0.223865926266,-0.0108912326396,-0.00705777667463,-0.0649387985468,-0.0338963605464,-0.0540475621819,-0.0268385838717,-0.067665040493,-0.0354897379875,-0.00741478381678,0.0952840298414,0,0,0,1,0,0,0,0,0,0,0,0,1,0,0.162643164396,0.0546901151538,263.62387085,-0.000235974788666,-0.00933015346527,-0.00152427365538,-0.0106183383614,-0.00909406412393,-0.0108543932438,0.302280128002,0,-0.0121493032202,-0.0763796120882,-0.0502790808678,0.00655216863379,0,1,0,0,-16.1379299164,0,0.053623791784,0.0209612362087,263.058333286,-0.0160576421767,-0.0121436174959,267.675964355,263.149871826,9.7325668335,4.25475692749,1.37718963623,0.107975140214
28020,208.184890397,1,0.302487581968,203.125,9.41145992279,0.150924235582,1,152.648635864,1,34.5998039246,9.90965652466,197.775645877,0.0154018765315,0.00605223653838,-0.000453283311799,1.32231128216,-0.102204598486,-0.0772923901677,-0.0647514909506,-0.0489684157073,2.64616942406,-0.0011990442872,-0.0294067095965,1.70876121521,-0.000627119152341,-0.0145097756758,-8.73114913702e-11,1,0.645802378654,0,1.39327204227,0,-0.000805972551461,-0.000822214002255,-0.0290136355907,-0.0147048700601,-0.028207661584,-0.0138826556504,1.63906693459,-0.0302126798779,-0.0153319891542,-0.00360558298416,0.350766003132,0,0,0,0,1,0,0,0,0,0,0,0,0,1,0,0.510496854782,0.005859375,0.235926806927,0.005859375,263.511871338,-0.000146962702274,-0.00609453767538,-7.47087836039e-10,-0.00594747345895,-0.00594747252762,-0.00609454512596,0.005859375,3.2879691124,-0.00273000914603,-0.0555894114077,2.08808422089,-0.00153412879445,-0.0275405906141,7.13916961104e-08,1,0.237262129784,-0.0108490977436,-0.00697559863329,-0.063708499074,-0.0329820588231,-0.052859403193,-0.0260064601898,-0.066438511014,-0.0345161892474,-0.00730828288943,0.101111650467,0,0,0,1,0,0,0,0,0,0,0,0,1,0,0.182837039232,0.061208628118,263.619018555,-0.000262878835201,-0.00901362299919,-0.0015452420339,-0.0102958446369,-0.00875060260296,-0.0105588361621,0.302289247513,0,-0.0121541116387,-0.0765115171671,-0.050082758069,0.00655453372747,0,1,0,0,-16.1800956726,0,0.0546352006495,0.0210886597633,263.05416662,-0.0160995982587,-0.0121753467247,267.675506592,263.130523682,9.8117980957,4.43954372406,1.33519411087,0.120528303087
28080,225.035827724,1,0.301623940468,196.875,9.41044521332,0.183666869998,1,152.67414856,1,35.6076927185,9.92048549652,213.784036338,0.0284009519964,0.00616076821461,-0.000449336715974,1.32231128216,-0.101883664727,-0.0770496800542,-0.0639670714736,-0.0483752004802,2.64704036713,-0.000941001810133,-0.0291963256896,1.69880855083,-0.00052633008454,-0.0143084675074,-1.92812876776e-10,1,0.645963072777,0,1.39328432083,0,-0.000819696462713,-0.000832956633531,-0.0290750190616,-0.0146150942892,-0.0282553229481,-0.0137821380049,1.63908696175,-0.030016021803,-0.0151414237916,-0.00360313872807,0.350617915392,0,0,0,0,1,0,0,0,0,0,0,0,0,1,0,0.510332524776,0.004150390625,0.235597118735,0.004150390625,263.506622314,-0.00012394413352,-0.00607165088877,-1.09713585439e-10,-0.00594763923436,-0.00594763923436,-0.00607165880501,0.004150390625,3.29061698914,-0.00216153846122,-0.0553275421262,2.08127188683,-0.00124876771588,-0.0275692958385,7.14790076017e-08,1,0.228374511003,-0.0112741133198,-0.00716815982014,-0.0644401162863,-0.0334886871278,-0.0531660094857,-0.026320528239,-0.0666016563773,-0.0347374528646,-0.00703528523445,0.097294524312,0,0,0,1,0,0,0,0,0,0,0,0,1,0,0.169591873884,0.0567440316081,263.614013672,-0.000220403075218,-0.0090798586607,-0.00158780906349,-0.0104473764077,-0.00885956734419,-0.0106676667929,0.302246123552,0,-0.0121481716633,-0.0766465440392,-0.0498389899731,0.00655473861843,0,1,0,0,-16.0392208099,0,0.103704892099,0.021474506706,263.049999953,-0.0159594230354,-0.0120693389326,267.675018311,263.105407715,9.78753852844,4.37497997284,1.11653053761,0.0998979359865
28140,212.130790658,1,0.300605237484,203.125,9.40986824036,0.151919618249,1,151.800888062,1,33.5528945923,10.0621900558,201.524251126,0.0209096893668,0.00615941453725,-0.000447358150268,1.32231128216,-0.101398959756,-0.07668312639,-0.0632123202085,-0.0478044189513,2.64845752716,-0.000804300128948,-0.0290225110948,1.69098901749,-0.000439094932517,-0.0139438817278,-3.34694050252e-10,1,0.646371662617,0,1.39357638359,0,-0.000840115826577,-0.00083126721438,-0.0290583241731,-0.0143360514194,-0.0282182078809,-0.0135047845542,1.63956153393,-0.029862627387,-0.0147751476616,-0.00373877538368,0.35077214241,0,0,0,0,1,0,0,0,0,0,0,0,0,1,0,0.506186246872,0.00146484375,0.23356461525,0.00146484375,263.50201416,-0.000101588666439,-0.00608105957508,-2.23917315245e-10,-0.00597944483161,-0.00597944483161,-0.00608103722334,0.00146484375,3.29287195206,-0.00171398813836,-0.0547713786364,2.08008480072,-0.000900211336557,-0.0268686749041,7.17918737791e-08,1,0.22668582201,-0.0114748477936,-0.00754168489948,-0.0645322352648,-0.0335101447999,-0.0530573837459,-0.0259684603661,-0.0662462189794,-0.0344103574753,-0.00687284721062,0.0969201624393,0,0,0,1,0,0,0,0,0,0,0,0,1,0,0.169529154897,0.0568982362747,263.609558105,-0.000157408416271,-0.00909195654094,-0.00161108816974,-0.010545569472,-0.00893448106945,-0.0107030235231,0.302014052868,0,-0.0121284462512,-0.0766898989677,-0.0495313331485,0.00655960571021,0,1,0,0,-15.9685945511,0,0.0750598758459,0.0214667282999,263.045833286,-0.0158891491592,-0.0120161939412,267.674468994,263.133880615,9.88972663879,4.23240470886,1.12460494041,0.0929406657815
28200,207.091047689,1,0.298410564661,203.125,9.40795612335,0.151517555118,1,150.286483765,1,31.9226913452,9.83772754669,196.736495304,0.0142041435465,0.00620483793318,-0.000442041113274,1.32231128216,-0.0998691096902,-0.0755261704326,-0.0623802915215,-0.0471751950681,2.64414548874,-0.000868218368851,-0.0281677599996,1.68442440033,-0.000512538012117,-0.0138341402635,-3.49245965481e-10,1,0.65380102396,0,1.39438545704,0,-0.000843653338961,-0.000825867056847,-0.0281431954354,-0.0141474697739,-0.02729954198,-0.013321602717,1.6408765316,-0.029011413455,-0.014660006389,-0.00332487537526,0.354384839535,0,0,0,0,1,0,0,0,0,0,0,0,0,1,0,0.514811456203,0,0.237303495407,0,263.497436523,-0.00010772049427,-0.00595323741436,-2.60982069289e-10,-0.00584554299712,-0.00584554253146,-0.00595324486494,0,3.29012179375,-0.00166084244847,-0.0535326339304,2.07732462883,-0.000939319259487,-0.0270465947688,7.15372152627e-08,1,0.229347556829,-0.0115613434464,-0.00782576669008,-0.0634331405163,-0.0339330434799,-0.051871791482,-0.0261072758585,-0.0650939792395,-0.0348723605275,-0.00574893737212,0.0981522127986,0,0,0,1,0,0,0,0,0,0,0,0,1,0,0.16949903965,0.0568921938539,263.605255127,-0.000151857733727,-0.00901063531637,-0.00160373293329,-0.010462610051,-0.00885887816548,-0.0106144249439,0.301532030106,0,-0.0120951477438,-0.0765910595655,-0.049166508019,0.00657309219241,0,1,0,0,-15.7788009644,0,0.0502601861954,0.0216244142503,263.041666619,-0.0157002992928,-0.0118733765557,267.67388916,263.155303955,9.67675304413,4.11745071411,1.01750421524,0.0845731496811
28260,215.214136629,1,0.296504706144,203.125,9.40821361542,0.152092963457,1,149.419250488,1,31.6972827911,9.89667034149,204.453429797,0.0130086615682,0.00624788133428,-0.000436142319813,1.32231128216,-0.098163023591,-0.0742359384894,-0.0622762218118,-0.04709649086,2.63361907005,-0.000948079046793,-0.0273650325835,1.68182086945,-0.000579749466851,-0.0137731675059,-5.67524693906e-10,1,0.661383926868,0,1.39561855793,0,-0.000826232891995,-0.000831849174574,-0.0272431895137,-0.0140252662823,-0.0264169536531,-0.0131934173405,1.64288020134,-0.0281912684441,-0.0146050155163,-0.00289306929335,0.357180178165,0,0,0,0,1,0,0,0,0,0,0,0,0,1,0,0.526303052902,0,0.241705983877,0,263.492126465,-0.000120148062706,-0.00580090284348,1.94360028072e-10,-0.00568080553785,-0.00568080553785,-0.0058008916676,0,3.28168058395,-0.00164471031167,-0.0518830940127,2.07462263107,-0.00101017009001,-0.0270469337702,7.14207999408e-08,1,0.235758394003,-0.0115771964192,-0.00794096011668,-0.0618155747652,-0.0339777246118,-0.050238378346,-0.0260367635638,-0.063460290432,-0.0349878929555,-0.0047292644158,0.100551731884,0,0,0,1,0,0,0,0,0,0,0,0,1,0,0.177813738585,0.0595217123628,263.600219727,-0.000164642930031,-0.00882287323475,-0.00158722721972,-0.0102456379682,-0.00865841004997,-0.0104102045298,0.300763189793,0,-0.0120405247435,-0.0762834846973,-0.0488065555692,0.00659364275634,0,1,0,0,-15.5682430267,0,0.0459161773324,0.0217766501009,263.037499952,-0.0154907889664,-0.0117149334401,267.673065186,263.148742676,9.74791717529,4.24446773529,1.09620797634,0.0874707251787
28320,215.792138728,1,0.295230269432,203.125,9.40400695801,0.153033837676,1,148.962524414,1,32.4080047607,9.94556522369,205.002531791,0.0180909559131,0.00633800821379,-0.000431862630649,1.32231128216,-0.0968275591731,-0.0732259973884,-0.0625130087137,-0.0472755618393,2.62098360062,-0.000935094314627,-0.0267747975886,1.68153834343,-0.000562649744097,-0.0137481307611,-3.1286617741e-10,1,0.665291726589,0,1.39702641964,0,-0.000806886819191,-0.000814889033791,-0.0266465879977,-0.0140003692359,-0.0258397012949,-0.0131854806095,1.64516782761,-0.0275816842914,-0.0145630193874,-0.00259338528849,0.357770681381,0,0,0,0,1,0,0,0,0,0,0,0,0,1,0,0.530495643616,0,0.24250587821,0,263.486633301,-0.000124080106616,-0.005724305287,7.51008366606e-10,-0.00560028292239,-0.00560028385371,-0.00572429131716,0,3.27224111557,-0.00148320547305,-0.0509817525744,2.0739865303,-0.000929266330786,-0.0271269343793,7.12898327038e-08,1,0.238631203771,-0.0114426389337,-0.00786879658699,-0.0609411858022,-0.034066464752,-0.0494985468686,-0.026197668165,-0.0624243952334,-0.0349957309663,-0.00417961925268,0.101696603,0,0,0,1,0,0,0,0,0,0,0,0,1,0,0.177284091711,0.0593900606036,263.595275879,-0.000164464116096,-0.0087046213448,-0.00159473996609,-0.0101350229234,-0.00854028388858,-0.0102995075285,0.299816459417,0,-0.0119696687907,-0.0758158564568,-0.048521719873,0.00661710649729,0,1,0,0,-15.4154777527,0,0.0645430907607,0.0220995880663,263.033333286,-0.0153387840837,-0.0115999793634,267.672302246,263.152526855,9.75496673584,4.24492454529,1.21607983112,0.0762674733996
28380,214.058531189,1,0.293048232794,203.125,9.4005613327,0.152750179172,1,147.919509888,1,33.1739006042,9.85863876343,203.355604629,0.0180206838995,0.00645038485527,-0.000425335747423,1.32231128216,-0.0949574410915,-0.0718117132783,-0.0622748583555,-0.0470954589546,2.60563611984,-0.00075989891775,-0.0258074309677,1.6802983284,-0.000443188473582,-0.0133660286665,-6.11180439591e-10,1,0.672224760056,0,1.39849662781,0,-0.000786449410953,-0.000786796270404,-0.0258339829743,-0.0137096373364,-0.0250475332141,-0.0129228401929,1.64755690098,-0.0265938788652,-0.0141528248787,-0.00243484228849,0.359940290451,0,0,0,0,1,0,0,0,0,0,0,0,0,1,0,0.54006510973,0,0.245733380318,0,263.480712891,-9.93460416794e-05,-0.00554519146681,9.82694703389e-10,-0.00544589711353,-0.00544589757919,-0.00554516911507,0,3.26221323013,-0.00125627731904,-0.0497374385595,2.07055187225,-0.000792916631326,-0.0261698663235,7.14644556865e-08,1,0.248575329781,-0.0115707404912,-0.00777168665081,-0.0600519031286,-0.0331486351788,-0.0484811626375,-0.0253769494593,-0.0613081790507,-0.0339415557683,-0.00457365904003,0.105465963483,0,0,0,1,0,0,0,0,0,0,0,0,1,0,0.186811685562,0.0624577850103,263.589660645,-0.000128261744976,-0.00843456014991,-0.00161993026268,-0.00992626696825,-0.00830633752048,-0.0100545957685,0.298771560192,0,-0.0118883233517,-0.075225867331,-0.0483018197119,0.00664160959423,0,1,0,0,-15.1824989319,0,0.0642826482654,0.0224987529218,263.029166619,-0.0151069639251,-0.0114246653393,267.671783447,263.148071289,9.7143497467,4.24656486511,1.19188523293,0.0898915231228
28440,214.283018058,1,0.291228055954,203.125,9.40943145752,0.152215644717,1,147.391799927,1,33.5214958191,9.85415744781,203.568867155,0.0158349387348,0.00633997377008,-0.000418953975895,1.32231128216,-0.0935691893101,-0.0707618445158,-0.061826184392,-0.0467561483383,2.59371519089,-0.0005499937688,-0.025563120842,1.67809593678,-0.000316396326525,-0.0134175103158,-4.80213202536e-10,1,0.669378638268,0,1.39999461174,0,-0.000783509167377,-0.000777453475166,-0.0257966388017,-0.0138785671443,-0.0250131301582,-0.0131011130288,1.64999127388,-0.0263466332108,-0.0141949625686,-0.00233839591965,0.356333613396,0,0,0,0,1,0,0,0,0,0,0,0,0,1,0,0.540123581886,0.00146484375,0.244156956673,0.00146484375,263.474517822,-7.69905745983e-05,-0.00548430159688,5.44001232949e-11,-0.00540731893852,-0.00540731940418,-0.0054842941463,0.00146484375,3.25459384918,-0.00114032113925,-0.049874600023,2.06738615036,-0.000701265817042,-0.0265007391572,7.15663190931e-08,1,0.235182091594,-0.0116746593267,-0.00779782095924,-0.0604089424014,-0.0335972942412,-0.0487342774868,-0.0257994756103,-0.0615492612123,-0.0342985615134,-0.00454456545413,0.0992362946272,0,0,0,1,0,0,0,0,0,0,0,0,1,0,0.186006873846,0.0616230592132,263.583862305,-0.000121422111988,-0.00838780775666,-0.00160300685093,-0.00986935570836,-0.00826634839177,-0.00999084115028,0.297539532185,0,-0.0117850676179,-0.0744898915291,-0.0480540245771,0.00666657695547,0,1,0,0,-14.9546995163,0,0.0562227591872,0.0221049338579,263.024999952,-0.0148802977055,-0.0112532489002,267.671264648,263.125305176,9.67450428009,4.39008665085,1.48535990715,0.0927279666066
28500,212.963126675,1,0.291948676109,203.125,9.41236591339,0.152701467276,1,148.244598389,1,33.0114784241,9.90108394623,202.314970342,0.01587061584,0.00631102686748,-0.00041964367847,1.32231128216,-0.0938916951418,-0.0710057467222,-0.0623455755413,-0.0471489392221,2.5844168663,-0.000586036010645,-0.0256571602076,1.67907726765,-0.000385017629014,-0.0136379748583,-5.82076609135e-10,1,0.665875792503,0,1.40095710754,0,-0.000769333913922,-0.000791215803474,-0.0258404575288,-0.0140441730618,-0.0250711254776,-0.0132529567927,1.65155518055,-0.0264264941216,-0.0144291911274,-0.00228899531066,0.352838546038,0,0,0,0,1,0,0,0,0,0,0,0,0,1,0,0.541082143784,0,0.243197649717,0,263.46875,-8.90865921974e-05,-0.00545134395361,1.98745631064e-10,-0.00536228856072,-0.00536228902638,-0.00545132905245,0,3.24326753616,-0.00110199325718,-0.0500118471682,2.06518006325,-0.0008024496492,-0.0263790395111,7.15954229236e-08,1,0.242240324616,-0.0116314645857,-0.00784158706665,-0.0605413205922,-0.0334181785583,-0.0489098504186,-0.0255765914917,-0.0616433136165,-0.0342206284404,-0.00491668423638,0.101172573864,0,0,0,1,0,0,0,0,0,0,0,0,1,0,0.180654227734,0.0593239329755,263.577819824,-0.000111445784569,-0.00842745602131,-0.00162063958123,-0.00993668660522,-0.00831604748964,-0.0100481361151,0.296482741833,0,-0.0116886822507,-0.0738317966461,-0.0478614941239,0.00668261665851,0,1,0,0,-14.9793176651,0,0.0563536807895,0.0220071226358,263.020833285,-0.0149047933519,-0.0112717738375,267.670837402,263.159912109,9.78426074982,4.26640796661,1.23732018471,0.0916344970465
28560,221.111736654,1,0.293138414621,203.125,9.41001605988,0.152512848377,1,148.743331909,1,32.835483551,9.77675533295,210.056149821,0.0141381630674,0.00624604709446,-0.000423370598583,1.32231128216,-0.0948565006256,-0.0717353820801,-0.0625555813313,-0.0473077557981,2.58195924759,-0.000645433319733,-0.0261636525393,1.67633211613,-0.000417530303821,-0.0134567953646,-6.98491930962e-10,1,0.662370800972,0,1.40143847466,0,-0.000767501303926,-0.000755766872317,-0.0262857228518,-0.0137950321659,-0.025518219918,-0.013039264828,1.6523373127,-0.026931155473,-0.0142125627026,-0.00278958771378,0.349722146988,0,0,0,0,1,0,0,0,0,0,0,0,0,1,0,0.533751487732,0,0.239020615816,0,263.463592529,-0.000102967023849,-0.00552456080914,5.36246824723e-10,-0.00542170833796,-0.00542170833796,-0.00552456080914,0,3.23840427399,-0.00122071732767,-0.051050260663,2.05929279327,-0.000875950208865,-0.0254633463919,7.16536305845e-08,1,0.24285183847,-0.0115298647434,-0.00773281650618,-0.0613594055176,-0.0323202125728,-0.0498295426369,-0.0245873965323,-0.0625801235437,-0.0331961661577,-0.00640831608325,0.100995287299,0,0,0,1,0,0,0,0,0,0,0,0,1,0,0.178523853421,0.0583877190948,263.571838379,-0.000136941671371,-0.00843887031078,-0.00160844658967,-0.00991041958332,-0.00830197241157,-0.0100473463535,0.295778006315,0,-0.0116211231798,-0.0733834207058,-0.0477658472955,0.00669063907117,0,1,0,0,-15.1123514175,0,0.0500198490918,0.0217747204006,263.016666619,-0.0150371659547,-0.0113718807697,267.670227051,263.108154297,9.61684036255,4.24783992767,1.21368026733,0.0870325639844
28620,191.01148645,1,0.29397714138,203.125,9.418009758,0.151649549603,1,149.180175781,1,32.0892028809,9.8000535965,181.460912127,0.0133748799562,0.00616448000073,-0.000425764650572,1.32231128216,-0.0956668704748,-0.0723482221365,-0.0625076144934,-0.0472714826465,2.58085536957,-0.00068099424243,-0.0261193029583,1.67297899723,-0.000450639810879,-0.0137613378465,-4.65661287308e-10,1,0.661036074162,0,1.40164160728,0,-0.000771901803091,-0.000759352231398,-0.0262102093548,-0.0140700498596,-0.0254383087158,-0.0133106969297,1.65266752243,-0.0268912035972,-0.0145206898451,-0.00252968072891,0.34833085537,0,0,0,0,1,0,0,0,0,0,0,0,0,1,0,0.533223986626,0,0.238336876035,0,263.458465576,-0.000100657343864,-0.00551387667656,2.08563555315e-10,-0.00541333388537,-0.00541333388537,-0.0055138617754,0,3.2324886322,-0.00115096964873,-0.0504647046328,2.05652213097,-0.000869789393619,-0.0258963145316,7.11879692972e-08,1,0.24137571454,-0.0114154163748,-0.00770435249433,-0.060729149729,-0.0327308773994,-0.0493137352169,-0.0250265263021,-0.0618801191449,-0.0336006656289,-0.00573993846774,0.099871635437,0,0,0,1,0,0,0,0,0,0,0,0,1,0,0.17600774765,0.057365950197,263.566101074,-0.00012569129467,-0.00837185978889,-0.00162333669141,-0.00986959133297,-0.0082462541759,-0.00999517738819,0.295382559299,0,-0.0115828318521,-0.0731537491083,-0.0476859733462,0.00669402582571,0,1,0,0,-15.1978082657,0,0.0472445003688,0.0214838422835,263.012499952,-0.0151221975684,-0.0114361857995,267.669769287,263.024871826,9.68167114258,4.29565429688,1.34373474121,0.0966270938516
28680,188.501974674,1,0.294367849827,203.125,9.42692184448,0.150635242462,1,149.280487061,1,31.7369709015,9.84083652496,179.07687594,0.0137756196782,0.0062357923016,-0.000427177175879,1.32231128216,-0.0957652032375,-0.0724225863814,-0.0629121959209,-0.0475774481893,2.57668089867,-0.000628525391221,-0.0256526414305,1.67352926731,-0.000410853885114,-0.0143367368728,-5.23868948221e-10,1,0.660697221756,0,1.40164768696,0,-0.000795994477812,-0.00078062096145,-0.0258201099932,-0.0147065026686,-0.0250241160393,-0.0139258820564,1.65267753601,-0.0264486353844,-0.0151173565537,-0.00177636090666,0.347793221474,0,0,0,0,1,0,0,0,0,0,0,0,0,1,0,0.529387950897,0.001953125,0.236544147134,0.001953125,263.453948975,-8.20606946945e-05,-0.00552748143673,1.13061959794e-09,-0.00544550642371,-0.00544550735503,-0.00552746653557,0.001953125,3.22408819199,-0.000763444462791,-0.0491673275828,2.05624747276,-0.00063549214974,-0.026572316885,7.12461769581e-08,1,0.243568658829,-0.0112317539752,-0.00761325936764,-0.0596356317401,-0.0335500836372,-0.0484038814902,-0.0259368233383,-0.0603990852833,-0.0341855734587,-0.00445682322606,0.100321039557,0,0,0,1,0,0,0,0,0,0,0,0,1,0,0.169422760606,0.0550952404737,263.561187744,-6.26742839813e-05,-0.00846263766289,-0.00162655487657,-0.0100264875218,-0.00839993357658,-0.0100891590118,0.295188009739,0,-0.0115622319281,-0.0730431526899,-0.0476553216577,0.00669412780553,0,1,0,0,-15.2482290268,0,0.0487004667521,0.0217341035604,263.008333285,-0.0151723669842,-0.0114741269499,267.669372559,263.083709717,9.74711990356,4.37978649139,1.05849814415,0.0959967002273
28740,204.015467135,1,0.292501330376,203.125,9.42609977722,0.149901181459,1,147.724716187,1,32.489566803,9.8222951889,193.814693778,0.0150827076286,0.0062725963071,-0.000423516525188,1.32231128216,-0.0941812619567,-0.0712247267365,-0.0626815333962,-0.0474030077457,2.56745171547,-0.000528065022081,-0.025559278205,1.6768682003,-0.000355431111529,-0.0143419764936,-6.98491930962e-10,1,0.658875465393,0,1.40209245682,0,-0.000793364364654,-0.00078873988241,-0.0258245766163,-0.0147752854973,-0.0250312127173,-0.0139865456149,1.65340042114,-0.0263526439667,-0.015130716376,-0.00175459042657,0.346487760544,0,0,0,0,1,0,0,0,0,0,0,0,0,1,0,0.52369427681,0.002197265625,0.233739048243,0.002197265625,263.449462891,-6.41569495201e-05,-0.00555603206158,9.98726656931e-10,-0.00549194961786,-0.00549195054919,-0.00555601716042,0.002197265625,3.21771335602,-0.000655118608847,-0.0493900775909,2.06157970428,-0.000547325471416,-0.0272136852145,7.1624526754e-08,1,0.235693305731,-0.011361066252,-0.00798447150737,-0.0600960217416,-0.0346508324146,-0.0487349554896,-0.0266663581133,-0.0607511438429,-0.0351981520653,-0.00385680631734,0.0970071256161,0,0,0,1,0,0,0,0,0,0,0,0,1,0,0.163231924176,0.0529332607985,263.556945801,-3.39820981026e-05,-0.00852511078119,-0.00165117986035,-0.010142239742,-0.00849105976522,-0.0101762712002,0.294851690531,0,-0.0115359630436,-0.072816580534,-0.0476360060275,0.00670154253021,0,1,0,0,-15.1175613403,0,0.0534670948982,0.0218648388982,263.004166618,-0.0150423496962,-0.0113758007064,267.668945312,263.067565918,9.69215774536,4.38421106339,1.25282168388,0.104944288731
28800,181.609984706,1,0.293002724648,203.125,9.43083572388,0.149420008063,1,147.355575562,1,32.675113678,9.81278800964,172.529485471,0.0187323242426,0.00624618539587,-0.000426764629083,1.32231128216,-0.0942728072405,-0.0712939575315,-0.0632432028651,-0.0478277727962,2.56597757339,-0.000604490051046,-0.026003126055,1.68396735191,-0.000437999755377,-0.0146750248969,-4.36557456851e-10,1,0.652217745781,0,1.40293443203,0,-0.000806047697552,-0.000829161377624,-0.026204681024,-0.0150661859661,-0.0253986343741,-0.0142370257527,1.65476846695,-0.0268091727048,-0.015504186973,-0.00177724729292,0.342377662659,0,0,0,0,1,0,0,0,0,0,0,0,0,1,0,0.511744260788,0.01025390625,0.227847501636,0.01025390625,263.446014404,-8.17626714706e-05,-0.00571682304144,4.50596143731e-10,-0.00563515163958,-0.00563515210524,-0.0057168006897,0.01025390625,3.21902656555,-0.000893187476322,-0.0507174134254,2.06848669052,-0.000689508393407,-0.0275994930416,7.18282535672e-08,1,0.226277947426,-0.0113455094397,-0.00796914473176,-0.0611697286367,-0.03487912938,-0.0498242229223,-0.0269099846482,-0.0620629191399,-0.035568639636,-0.00437494926155,0.0927520096302,0,0,0,1,0,0,0,0,0,0,0,0,1,0,0.157039821148,0.0506167896092,263.553405762,-7.51912593842e-05,-0.00873871147633,-0.00162682146765,-0.0102903330699,-0.00866351090372,-0.0103655457497,0.294445097446,0,-0.0115110045299,-0.0725180059671,-0.0476321019232,0.00671557337046,0,1,0,0,-15.233502388,0,0.0669240653515,0.0217731837183,262.999999952,-0.0151577135548,-0.0114630451426,267.668579102,263.108703613,9.70952415466,4.18650531769,1.31254243851,0.104926623404
28860,180.292014148,1,0.296388328075,196.875,9.44169139862,0.178832650185,1,148.927185059,1,31.9254341125,9.77068805695,171.277413441,0.0160627439618,0.00614187354222,-0.000437068316387,1.32231128216,-0.0964164882898,-0.072915121913,-0.064783975482,-0.0489929839969,2.57232284546,-0.000750052276999,-0.0271073281765,1.69182324409,-0.000502256269101,-0.014794209972,-2.32830643654e-10,1,0.642791390419,0,1.40342402458,0,-0.000832536141388,-0.000876841542777,-0.0271898135543,-0.0151687953621,-0.0263572763652,-0.0142919532955,1.65556406975,-0.027939863503,-0.0156710520387,-0.00230178725906,0.337189823389,0,0,0,0,1,0,0,0,0,0,0,0,0,1,0,0.509659051895,0.01318359375,0.226622223854,0.01318359375,263.443237305,-0.000106260180473,-0.0057834982872,8.16625655986e-10,-0.00567726185545,-0.00567726278678,-0.0057834982872,0.01318359375,3.22577571869,-0.00107672344893,-0.0522826910019,2.0729265213,-0.000760747119784,-0.0276810191572,7.15954229236e-08,1,0.213521808386,-0.0115650715306,-0.00794126838446,-0.062771037221,-0.0348615385592,-0.0512059666216,-0.0269202701747,-0.0638477653265,-0.0356222875416,-0.00541252875701,0.0873243808746,0,0,0,1,0,0,0,0,0,0,0,0,1,0,0.157088369131,0.0503643155098,263.550354004,-0.000111758708954,-0.00880812108517,-0.00163464341313,-0.0103310421109,-0.00869639962912,-0.0104428380728,0.29448223114,0,-0.0115281511098,-0.0724340677261,-0.0477886348963,0.00672373455018,0,1,0,0,-15.6012954712,0,0.0570591017604,0.0214095711708,262.995833285,-0.0155236767605,-0.0117398053408,267.667999268,263.114990234,9.66355323792,4.33311462402,1.0489282608,0.0993618667126
28920,193.657514832,1,0.298962801695,196.875,9.44800853729,0.176809325814,1,150.979141235,1,32.2711868286,9.76696586609,183.97463909,0.0216856803745,0.00609267828986,-0.000442460557679,1.32231128216,-0.0983914881945,-0.0744087174535,-0.0654765218496,-0.0495167225599,2.58390545845,-0.000758587499149,-0.0270448308438,1.69763207436,-0.00045149656944,-0.0146439876407,-5.23868948221e-10,1,0.645553469658,0,1.40287828445,0,-0.000828755088151,-0.000863145221956,-0.0271149985492,-0.0150556350127,-0.0262862425297,-0.0141924908385,1.65467727184,-0.0278735868633,-0.015507131815,-0.00240198336542,0.339615285397,0,0,0,0,1,0,0,0,0,0,0,0,0,1,0,0.510725677013,0.005859375,0.228014066815,0.005859375,263.440368652,-0.000116810202599,-0.0057877600193,7.59729390509e-10,-0.00567091070116,-0.00567091163248,-0.0057877600193,0.005859375,3.23784422874,-0.0011743044015,-0.0527824312449,2.08033132553,-0.00074307480827,-0.0276549011469,7.15954229236e-08,1,0.212244063616,-0.0115470755845,-0.00806212052703,-0.0631552040577,-0.034973949194,-0.0516081266105,-0.0269118268043,-0.0643295049667,-0.0357170216739,-0.00562007399276,0.0874168723822,0,0,0,1,0,0,0,0,0,0,0,0,1,0,0.153642594814,0.0498714223504,263.547973633,-0.000133350491524,-0.00884428620338,-0.00166010437533,-0.0103710144758,-0.00871090963483,-0.0105043947697,0.295093238354,0,-0.0115834372118,-0.072692245245,-0.0480846613646,0.00671463971958,0,1,0,0,-15.7937726974,0,0.0779794231057,0.021234434098,262.991666618,-0.0157151967287,-0.0118846427649,267.667327881,263.116729736,9.67062664032,4.18243980408,1.2129471302,0.104676619172
28980,193.280512359,1,0.299800813198,203.125,9.45630168915,0.14547714591,1,151.556716919,1,31.5414180756,9.79719638824,183.616486741,0.0200815536082,0.00610492844135,-0.000444491248345,1.32231128216,-0.0992536172271,-0.0750607028604,-0.065376251936,-0.0494408942759,2.59511375427,-0.000767677556723,-0.0273818485439,1.70119464397,-0.000418970448663,-0.0144479582086,-7.27595761418e-10,1,0.644326925278,0,1.4020113945,0,-0.000840182532556,-0.000868708011694,-0.027454353869,-0.0148976948112,-0.0266141705215,-0.0140289869159,1.65326857567,-0.0282220318913,-0.0153166651726,-0.00272726756521,0.340338200331,0,0,0,0,1,0,0,0,0,0,0,0,0,1,0,0.509987354279,0.004638671875,0.228663608432,0.004638671875,263.437438965,-0.000116273760796,-0.00581603683531,7.78549558156e-10,-0.00569981988519,-0.00569982081652,-0.00581604801118,0.004638671875,3.25196552277,-0.00121751870029,-0.0533916950226,2.0868806839,-0.000701789045706,-0.0275119431317,7.11006578058e-08,1,0.210691034794,-0.0115162720904,-0.00788679439574,-0.0636904537678,-0.0346969515085,-0.0521741807461,-0.0268101561815,-0.0649079754949,-0.0353987365961,-0.00615583918989,0.0876068323851,0,0,0,1,0,0,0,0,0,0,0,0,1,0,0.151023074985,0.0494450479746,263.545471191,-0.000134646892548,-0.00886054337025,-0.00165816571098,-0.0103840557858,-0.00872588902712,-0.010518707335,0.295824408531,0,-0.0116435950622,-0.0730660408735,-0.0483509004116,0.00670018978417,0,1,0,0,-15.8662605286,0,0.0719558298588,0.0212830156088,262.987499951,-0.0157873239368,-0.0119391884655,267.666778564,263.090789795,9.68346214294,4.4604845047,1.64957666397,0.0941197797656
29040,192.978212896,1,0.300550758839,203.125,9.46648216248,0.143938660622,1,151.946243286,1,31.7004833221,9.80091762543,183.329302251,0.0153809469193,0.00608821678907,-0.000446687190561,1.32231128216,-0.0999996364117,-0.0756248831749,-0.0653243884444,-0.0494016706944,2.60395622253,-0.000818618398625,-0.0272907558829,1.70308089256,-0.00040738255484,-0.0143744368106,-1.12049747258e-09,1,0.646720170975,0,1.40090942383,0,-0.000833875499666,-0.000853400677443,-0.0273060146719,-0.0148204527795,-0.0264721382409,-0.0139670530334,1.65147769451,-0.0281246341765,-0.0152278374881,-0.00269115273841,0.343258559704,0,0,0,0,1,0,0,0,0,0,0,0,0,1,0,0.511069178581,0.00390625,0.230530768633,0.00390625,263.434448242,-0.000121027231216,-0.00581702962518,5.68407820811e-10,-0.00569604337215,-0.00569604383782,-0.00581701472402,0.00390625,3.26271319389,-0.00151881412603,-0.0530844330788,2.09131360054,-0.000765830860473,-0.0279142744839,7.12170731276e-08,1,0.215702474117,-0.0114055182785,-0.00786401238292,-0.0629711300135,-0.0350124575198,-0.0515656135976,-0.0271484442055,-0.0644899457693,-0.0357782840729,-0.00545291323215,0.0904695242643,0,0,0,1,0,0,0,0,0,0,0,0,1,0,0.157561734319,0.0519020110369,263.543029785,-0.000174105167389,-0.00888414680958,-0.0016622148687,-0.0103723360226,-0.00871012173593,-0.0105463862419,0.296608269215,0,-0.0117048192769,-0.0735004842281,-0.0485607348382,0.00668182224035,0,1,0,0,-15.944644928,0,0.0545585565269,0.0212157759815,262.983333285,-0.0158653184772,-0.0119981719181,267.666168213,263.113922119,9.71843719482,4.23704719543,1.11532115936,0.113795883954
29100,210.113621545,1,0.298688530922,203.125,9.46397304535,0.142763465643,1,150.888793945,1,31.5266666412,9.79957294464,199.607940468,0.0158744901419,0.00626152567565,-0.000441508047516,1.32231128216,-0.0987760871649,-0.0746995732188,-0.0644992887974,-0.0487776882946,2.60586881638,-0.000899291946553,-0.0260716564953,1.70476841927,-0.000488937599584,-0.0138086136431,-8.73114913702e-10,1,0.664632081985,0,1.40015375614,0,-0.000810655765235,-0.000802924565505,-0.0259830188006,-0.0141225997359,-0.0251723639667,-0.0133196758106,1.65024983883,-0.0268823113292,-0.0146115384996,-0.00251620821655,0.3536465168,0,0,0,0,1,0,0,0,0,0,0,0,0,1,0,0.522614598274,0.00390625,0.236361205578,0.00390625,263.430908203,-0.000129789113998,-0.00570918619633,8.95109708576e-10,-0.00557939894497,-0.0055793998763,-0.00570920109749,0.00390625,3.27159738541,-0.00196592952125,-0.0509791821241,2.0996761322,-0.00110402493738,-0.0277398135513,7.13625922799e-08,1,0.233197838068,-0.0117108980194,-0.00794461369514,-0.0607241503894,-0.0345804020762,-0.0490132570267,-0.0266357921064,-0.0626900792122,-0.0356844291091,-0.00450997799635,0.0981696173549,0,0,0,1,0,0,0,0,0,0,0,0,1,0,0.168611198664,0.0558167248964,263.540588379,-0.000219494104385,-0.00876332819462,-0.0016874584835,-0.0102313328534,-0.0085438741371,-0.0104507654905,0.297148108482,0,-0.0117469914258,-0.0738249570131,-0.0486738458276,0.00666922843084,0,1,0,0,-15.7597742081,0,0.0563679225743,0.0218266770244,262.979166618,-0.0156813673675,-0.0118590593338,267.66583252,263.098754883,9.71259021759,4.29343032837,1.13949990273,0.0928884893656
29160,218.383424214,1,0.296004265547,203.125,9.46694850922,0.140684902668,1,149.003067017,1,31.3213119507,9.79858779907,207.464253004,0.0123082036152,0.00620666891336,-0.000435149704572,1.32231128216,-0.0967039242387,-0.0731324926019,-0.0638094991446,-0.0482560358942,2.6014881134,-0.000778843997978,-0.0252952352166,1.706356287,-0.000433073961176,-0.0136204175651,-8.73114913702e-10,1,0.671964526176,0,1.40050292015,0,-0.000788634992205,-0.000770654936787,-0.0253050252795,-0.0139579987153,-0.0245163906366,-0.0131873432547,1.65081715584,-0.0260838698596,-0.0143910730258,-0.00227832281962,0.357452660799,0,0,0,0,1,0,0,0,0,0,0,0,0,1,0,0.52373611927,0.002685546875,0.236857295036,0.002685546875,263.426849365,-0.000118613243103,-0.00567774474621,4.84013940039e-10,-0.00555921252817,-0.00555921252817,-0.00567774474621,0.002685546875,3.27729249001,-0.00182432052679,-0.0500361546874,2.10461401939,-0.000939620425925,-0.0273297149688,7.12461769581e-08,1,0.238100066781,-0.0120433885604,-0.0080370940268,-0.0602552257478,-0.0344271883368,-0.0482118353248,-0.02639009431,-0.0620795451105,-0.0353668108582,-0.00435891840607,0.100438013673,0,0,0,1,0,0,0,0,0,0,0,0,1,0,0.174813583493,0.0581968910992,263.537261963,-0.000216960906982,-0.00864374637604,-0.0016923249932,-0.0101191382855,-0.00842681247741,-0.0103359520435,0.297107130289,0,-0.0117506245151,-0.0738396346569,-0.0486541092396,0.00667504733428,0,1,0,0,-15.5328102112,0,0.0433813259006,0.0216279048473,262.974999951,-0.015455532819,-0.0116882715374,267.665466309,263.044494629,9.65480327606,4.17478752136,1.35194897652,0.0885701626539
29220,201.728470819,1,0.295634955168,196.875,9.47126674652,0.171434566379,1,148.658401489,1,31.6427173615,9.79700946808,191.642047278,0.0135987736285,0.00614781584591,-0.000434528134065,1.32231128216,-0.096335336566,-0.0728537514806,-0.0638430714607,-0.0482814237475,2.59739685059,-0.000884754117578,-0.0256420001388,1.70638918877,-0.000463215867057,-0.0137616181746,-1.7462298274e-10,1,0.667957305908,0,1.40140867233,0,-0.000808042765129,-0.00079513003584,-0.0255652870983,-0.014093532227,-0.0247572436929,-0.0132984016091,1.65228879452,-0.0264500416815,-0.0145567487925,-0.00231622392312,0.35471534729,0,0,0,0,1,0,0,0,0,0,0,0,0,1,0,0.520974755287,0.003662109375,0.235165372491,0.003662109375,263.422088623,-0.000148728489876,-0.00573132187128,5.80739178968e-10,-0.0055826511234,-0.00558265158907,-0.0057313144207,0.003662109375,3.27623343468,-0.00164214358665,-0.0498677045107,2.10427284241,-0.000763537478633,-0.0272086616606,7.17118382454e-08,1,0.232221201062,-0.0121940998361,-0.00815704278648,-0.0604196600616,-0.0346021689475,-0.0482255592942,-0.026445126161,-0.0620618015528,-0.0353657081723,-0.00433835294098,0.0977966412902,0,0,0,1,0,0,0,0,0,0,0,0,1,0,0.177240222692,0.0589630231261,263.532592773,-0.000210404396057,-0.00857210159302,-0.00172685168218,-0.0100885145366,-0.0083616618067,-0.0102989077568,0.296760320663,0,-0.0117346569896,-0.0736644864082,-0.048586383462,0.00669014174491,0,1,0,0,-15.5106239319,0,0.0480576343834,0.0214230157435,262.970833284,-0.0154334567487,-0.0116715757176,267.66506958,263.044921875,9.70005512238,4.12368679047,1.28661894798,0.0962392240763
29280,196.875310409,1,0.298021405935,203.125,9.47287750244,0.137098968029,1,149.987197876,1,31.6358356476,9.79472255707,187.031544889,0.0136331738904,0.00605032127351,-0.000441192561993,1.32231128216,-0.0977382361889,-0.0739146992564,-0.0651167556643,-0.0492446497083,2.59803628922,-0.00096172071062,-0.0263633858413,1.70959115028,-0.000507886696141,-0.0147740952671,-2.61934474111e-10,1,0.654735147953,0,1.40172994137,0,-0.000816875253804,-0.000804821145721,-0.0262185372412,-0.0150710279122,-0.0254016630352,-0.0142662068829,1.65281105042,-0.0271802581847,-0.015578915365,-0.00185727351345,0.34784579277,0,0,0,0,1,0,0,0,0,0,0,0,0,1,0,0.509627759457,0.003173828125,0.23025855422,0.003173828125,263.418212891,-0.00017062574625,-0.005879342556,2.88641055501e-10,-0.00570860784501,-0.00570860784501,-0.0058793053031,0.003173828125,3.27437829971,-0.0015910025686,-0.0509636029601,2.10266304016,-0.000785474549048,-0.0281677786261,7.15954229236e-08,1,0.217729210854,-0.0123873185366,-0.00805509649217,-0.0617599114776,-0.0354374051094,-0.0493725985289,-0.0273823067546,-0.0633509159088,-0.0362228751183,-0.00440938025713,0.0918936878443,0,0,0,1,0,0,0,0,0,0,0,0,1,0,0.16183616221,0.0539476275444,263.528259277,-0.000204101204872,-0.00876793265343,-0.00172186107375,-0.0102857761085,-0.00856391526759,-0.0104897916317,0.296686917543,0,-0.0117371361703,-0.0736044943333,-0.0486173480749,0.0066954982467,0,1,0,0,-15.7485122681,0,0.0481826514006,0.0210824720562,262.966666617,-0.0156701616943,-0.0118505842984,267.664550781,263.008422852,9.65991783142,4.12743139267,1.15595781803,0.0847776383162
29340,217.52765331,1,0.298758506775,203.125,9.47265529633,0.135997161269,1,150.736419678,1,30.8563156128,9.83315753937,206.651270644,0.0160892270505,0.00618114415556,-0.00044226506725,1.32231128216,-0.0981243476272,-0.0742066949606,-0.0655860304832,-0.0495995394886,2.59666776657,-0.000493476283737,-0.0261727161705,1.71146428585,-0.000259246386122,-0.0145812276751,-3.49245965481e-10,1,0.653194665909,0,1.40115189552,0,-0.000784145609941,-0.000762335257605,-0.0264633856714,-0.0150843160227,-0.0256792381406,-0.0143219800666,1.65187191963,-0.0269568599761,-0.0153435617685,-0.00199555070139,0.347552478313,0,0,0,0,1,0,0,0,0,0,0,0,0,1,0,0.51313406229,0.01025390625,0.232153177261,0.01025390625,263.413818359,-9.61720943451e-05,-0.00579307973385,1.25003923879e-10,-0.00569683173671,-0.00569683220237,-0.0057930201292,0.01025390625,3.26787996292,-0.0010799204465,-0.0495955049992,2.10276031494,-0.000540146022104,-0.0273898132145,7.12461769581e-08,1,0.225392639637,-0.0121806003153,-0.00811732467264,-0.0606961883605,-0.0349669903517,-0.0485155880451,-0.026849668473,-0.0617761053145,-0.0355071388185,-0.00429511116818,0.0952479988337,0,0,0,1,0,0,0,0,0,0,0,0,1,0,0.171677708626,0.0569280534983,263.523376465,-0.000131860375404,-0.00848725438118,-0.0017312070122,-0.0100866295397,-0.00835542194545,-0.0102183967829,0.297053694725,0,-0.0117663405836,-0.0737264230847,-0.0488017648458,0.00668586511165,0,1,0,0,-15.7867956161,0,0.0571563839912,0.021545343101,262.962499951,-0.0157082546502,-0.0118793928996,267.6640625,263.034973145,9.70697402954,4.23191452026,1.03934037685,0.0886868461967
29400,206.522878814,1,0.297051727772,203.125,9.46970367432,0.135383278131,1,150.354736328,1,31.8910140991,9.83703899384,196.196734873,0.0188812091947,0.00622504018247,-0.000435832043877,1.32231128216,-0.0971210747957,-0.0734479650855,-0.064666941762,-0.04890447855,2.59048724174,-0.000658753444441,-0.0265560932457,1.71058309078,-0.000354757066816,-0.0141047276556,1.7462298274e-10,1,0.655983865261,0.0009765625,1.40057754517,0.0009765625,-0.000763350864872,-0.000739655806683,-0.0266606882215,-0.0144896255806,-0.0258973371238,-0.0137499701232,1.65093851089,-0.0273194424808,-0.0148443821818,-0.0026183037553,0.349078863859,0,0.0009765625,0,0,1,0,0,0,0,0,0,0,0,1,0,0.51725178957,0.007568359375,0.23400054872,0.007568359375,263.408691406,-0.000108733773232,-0.00576428323984,1.99500096998e-10,-0.0056554316543,-0.00565543118864,-0.00576426461339,0.007568359375,3.25608754158,-0.00133457803167,-0.0499451644719,2.10578036308,-0.000639914593194,-0.0266658216715,7.11879692972e-08,1,0.229793027043,-0.0121219623834,-0.00833925511688,-0.0607325509191,-0.0343651622534,-0.048610586673,-0.0260259062052,-0.0620671249926,-0.0350050739944,-0.00486802216619,0.0966458767653,0,0,0,1,0,0,0,0,0,0,0,0,1,0,0.174080833793,0.0574083179235,263.517883301,-0.000148475170135,-0.00849485397339,-0.00176246091723,-0.0101089738309,-0.0083465129137,-0.0102572888136,0.297227203846,0,-0.0117701366544,-0.073741286993,-0.048898614943,0.00667629297823,0,1,0,0,-15.5571660995,0,0.0674777850509,0.0217021331191,262.958333284,-0.0154797676951,-0.0117065990344,267.663543701,263.003601074,9.68647575378,4.34033203125,1.28871512413,0.0952099189162
29460,182.569004417,1,0.296356111765,203.125,9.47675228119,0.135017409921,1,149.81211853,1,32.3361854553,9.85579967499,173.440554196,0.0145803289488,0.00617620721459,-0.000434344925452,1.32231128216,-0.0968114435673,-0.0732138082385,-0.0641465783119,-0.0485109500587,2.58664369583,-0.000760743161663,-0.0268185120076,1.70899856091,-0.000393181719119,-0.0139993401244,1.45519152284e-10,1,0.655272483826,0.0009765625,1.40038633347,0.0009765625,-0.000767049379647,-0.000743953685742,-0.0268248170614,-0.0143501134589,-0.0260577686131,-0.0136061580852,1.65062761307,-0.0275855604559,-0.0147432945669,-0.00282917823642,0.348523080349,0,0.0009765625,0,0,1,0,0,0,0,0,0,0,0,1,0,0.516345500946,0.005126953125,0.233429759741,0.005126953125,263.403991699,-0.000131085515022,-0.00578759238124,1.78548176244e-10,-0.00565643329173,-0.00565643329173,-0.00578758120537,0.005126953125,3.24764823914,-0.00136337475851,-0.0502182021737,2.10542535782,-0.000701678567566,-0.0265350043774,7.13916961104e-08,1,0.231918141246,-0.0120964832604,-0.00844218209386,-0.0609513148665,-0.0342755094171,-0.0488548316061,-0.0258333273232,-0.0623146891594,-0.0349771827459,-0.0050638015382,0.0972816497087,0,0,0,1,0,0,0,0,0,0,0,0,1,0,0.180034101009,0.0591148287058,263.513000488,-0.000170655548573,-0.00848326086998,-0.00174829154275,-0.0100612491369,-0.00831295736134,-0.0102315545082,0.297152578831,0,-0.0117546636611,-0.0736732333899,-0.0488743111491,0.00667310412973,0,1,0,0,-15.5040836334,0,0.0516318194568,0.0215237438679,262.954166617,-0.0154269486666,-0.0116666546091,267.663116455,263.039794922,9.68352890015,4.24039268494,1.18600308895,0.0953576415777
29520,196.728201599,1,0.29628226161,203.125,9.48805999756,0.133962228894,1,149.889984131,1,32.3524703979,9.85735225677,186.891791519,0.0135781718418,0.00618862453848,-0.000433794804849,1.32231128216,-0.0968844592571,-0.0732690244913,-0.0639311820269,-0.0483480580151,2.58486652374,-0.000893731135875,-0.0271232239902,1.70804107189,-0.000499027315527,-0.0139389894903,-1.01863406599e-10,1,0.653926134109,0,1.40039682388,0,-0.000786333868746,-0.000768744037487,-0.0270158275962,-0.0142087070271,-0.0262294914573,-0.0134399617091,1.65064477921,-0.0279095582664,-0.0147077348083,-0.00303211295977,0.347598731518,0,0,0,0,1,0,0,0,0,0,0,0,0,1,0,0.513695120811,0.001220703125,0.232004493475,0.001220703125,263.399475098,-0.000150315463543,-0.00582847744226,6.87532475396e-10,-0.00567798595876,-0.00567798689008,-0.00582847371697,0.001220703125,3.24311637878,-0.00148848176468,-0.0502371266484,2.10587739944,-0.00088417250663,-0.0267465002835,7.12752807885e-08,1,0.234659582376,-0.0120829027146,-0.00841628573835,-0.0608315467834,-0.0342786125839,-0.0487486496568,-0.0258623287082,-0.0623200312257,-0.0351627841592,-0.0049660243094,0.098371066153,0,0,0,1,0,0,0,0,0,0,0,0,1,0,0.179143071175,0.0588482022285,263.508483887,-0.000177688896656,-0.00858715176582,-0.00172807171475,-0.0101379230618,-0.00840985123068,-0.0103151351213,0.296988576651,0,-0.011735570617,-0.0735926702619,-0.0487988069654,0.00667327921838,0,1,0,0,-15.4844465256,0,0.0479827821255,0.0215681046247,262.94999995,-0.015407409519,-0.0116518782452,267.662689209,263.017181396,9.65633583069,4.47658729553,1.17568397522,0.0847928598523
29580,212.470702815,1,0.294970154762,196.875,9.48277282715,0.167683795094,1,149.137451172,1,32.8704681396,9.86869049072,201.847167675,0.0150582529604,0.00630888249725,-0.000430216954555,1.32231128216,-0.0960291475058,-0.0726221948862,-0.0633648186922,-0.047919742763,2.57935500145,-0.00108278600965,-0.026539798826,1.70544612408,-0.000621613056865,-0.0133082214743,-1.16415321827e-10,1,0.665796220303,0,1.40059804916,0,-0.000775728141889,-0.000750075792894,-0.0262327380478,-0.0134366834536,-0.0254570096731,-0.0126866083592,1.6509718895,-0.0273155272007,-0.0140582975,-0.00322673562914,0.353501975536,0,0,0,0,1,0,0,0,0,0,0,0,0,1,0,0.52572876215,0.005859375,0.236958995461,0.005859375,263.394592285,-0.000157751142979,-0.00569497048855,5.78762482384e-10,-0.00553704984486,-0.00553705077618,-0.00569494813681,0.005859375,3.23699903488,-0.00192639441229,-0.0494505129755,2.10282969475,-0.00120953703299,-0.0257754959166,7.14790076017e-08,1,0.25340616703,-0.0118020037189,-0.00811491720378,-0.0593261197209,-0.0326808765531,-0.0475241206586,-0.0245659574866,-0.0612525194883,-0.033890414983,-0.00542926415801,0.106065265834,0,0,0,1,0,0,0,0,0,0,0,0,1,0,0.196049898863,0.0641084089875,263.503601074,-0.00022166967392,-0.00838375091553,-0.00169753283262,-0.00985961221159,-0.00816207844764,-0.0100812017918,0.296764880419,0,-0.0117146484554,-0.0734976232052,-0.0487010367215,0.00667663430795,0,1,0,0,-15.3567342758,0,0.0533776730299,0.0219933632761,262.945833284,-0.0152803324163,-0.011555776,267.66217041,262.987792969,9.71979522705,4.36304712296,1.29778385162,0.0836941003799
29640,184.092415828,1,0.292518615723,203.125,9.48362255096,0.134225472808,1,147.527435303,1,32.6490440369,9.83071136475,174.887795036,0.0174642167985,0.00634450744838,-0.000424158090027,1.32231128216,-0.094521664083,-0.0714821591973,-0.0621913447976,-0.0470323041081,2.57210063934,-0.00121358479373,-0.0260487087071,1.69826996326,-0.000698468647897,-0.013110447675,-2.61934474111e-10,1,0.673266589642,0,1.40139389038,0,-0.000772740400862,-0.000728216487914,-0.0256078634411,-0.0131401950493,-0.0248351227492,-0.0124119780958,1.65226495266,-0.0268214475363,-0.0138386636972,-0.00313207972795,0.356249630451,0,0,0,0,1,0,0,0,0,0,0,0,0,1,0,0.527666091919,0.002197265625,0.236852318048,0.002197265625,263.389587402,-0.000166743993759,-0.00566570460796,4.96544361184e-10,-0.00549887493253,-0.00549887586385,-0.00566568225622,0.002197265625,3.23221158981,-0.00224707159214,-0.0491176955402,2.09621191025,-0.001378106419,-0.0254435334355,7.15372152627e-08,1,0.259489774704,-0.011725817807,-0.00807718373835,-0.0585964396596,-0.0321426093578,-0.0468706190586,-0.0240654274821,-0.0608435124159,-0.0335207171738,-0.00547374039888,0.107665620744,0,0,0,1,0,0,0,0,0,0,0,0,1,0,0.187467008829,0.0608179755509,263.498901367,-0.000259801745415,-0.00847490131855,-0.00168793671764,-0.00990300066769,-0.00821506418288,-0.0101627409458,0.296192884445,0,-0.0116689000279,-0.0732315033674,-0.0484811998904,0.00668989634141,0,1,0,0,-15.140460968,0,0.0622231550515,0.0221212618053,262.941666617,-0.0150651354343,-0.011393032968,267.661895752,263.029663086,9.72864055634,4.16350889206,1.22121119499,0.0906127467752
29700,201.056089342,1,0.291957050562,203.125,9.5055065155,0.133306026459,1,147.282302856,1,32.5902709961,9.83556175232,191.003284875,0.0146107422188,0.00630006240681,-0.00042242181371,1.32231128216,-0.0942201167345,-0.0712541118264,-0.0618599429727,-0.046781681478,2.56787633896,-0.000763846212067,-0.0259410701692,1.69237923622,-0.0004326228227,-0.012761566788,-3.20142135024e-10,1,0.668848097324,0.00146484375,1.40249538422,0.00146484375,-0.000773955835029,-0.000719960778952,-0.0259511806071,-0.0130489040166,-0.0251772254705,-0.0123289432377,1.65405488014,-0.0267150271684,-0.0134815275669,-0.00339355366305,0.352823078632,0,0.00146484375,0,0,1,0,0,0,0,0,0,0,0,1,0,0.526251256466,0.00439453125,0.235365062952,0.00439453125,263.384765625,-0.000105202198029,-0.00560317188501,8.9145490989e-10,-0.00549794360995,-0.00549794454128,-0.00560314953327,0.00439453125,3.23046541214,-0.00153289583977,-0.0487395003438,2.08902907372,-0.000907456618734,-0.0249201934785,7.2323018685e-08,1,0.253997176886,-0.0118407830596,-0.0079654045403,-0.0590473897755,-0.0319781415164,-0.0472066029906,-0.0240127369761,-0.0605802834034,-0.0328855961561,-0.00584116578102,0.105122894049,0,0,0,1,0,0,0,0,0,0,0,0,1,0,0.188153535128,0.0608481541276,263.494598389,-0.000175401568413,-0.00832546502352,-0.00166951061692,-0.00981950201094,-0.00814999081194,-0.00999483466148,0.295461595058,0,-0.0116140395403,-0.072892062366,-0.0482081547379,0.00670825503767,0,1,0,0,-15.0784845352,0,0.0517428033054,0.0219628363848,262.93749995,-0.0150034669787,-0.0113463960588,267.66116333,263.02053833,9.72888565063,4.34309577942,1.34445285797,0.0885027274489
29760,207.128742986,1,0.291224300861,196.875,9.49790763855,0.168013960123,1,146.604019165,1,32.3155403137,10.0109977722,196.772305837,0.0163229424506,0.0063130185008,-0.00042118888814,1.32231128216,-0.0938049256802,-0.0709401220083,-0.0614626817405,-0.0464812517166,2.56396651268,-0.000511788763106,-0.0256933867931,1.68695449829,-0.00027609890094,-0.0127559518442,-2.32830643654e-10,1,0.665519356728,0,1.40367412567,0,-0.000795626605395,-0.000745112542063,-0.0259772241116,-0.0132249649614,-0.0251815970987,-0.0124798519537,1.65597033501,-0.0264890119433,-0.0135010629892,-0.00325769768097,0.349969267845,0,0,0,0,1,0,0,0,0,0,0,0,0,1,0,0.521537363529,0.0029296875,0.232440665364,0.0029296875,263.380065918,-7.53998756409e-05,-0.00559936463833,3.92107152303e-10,-0.00552401412278,-0.00552401412278,-0.00559933483601,0.0029296875,3.22677755356,-0.00090322131291,-0.0484354421496,2.08399486542,-0.000479039619677,-0.0249621197581,7.23521225154e-08,1,0.236917898059,-0.0121818035841,-0.00812384858727,-0.0597140192986,-0.0326069295406,-0.0475322157145,-0.0244830809534,-0.0606172457337,-0.0330859683454,-0.00566800497472,0.0979881435633,0,0,0,1,0,0,0,0,0,0,0,0,1,0,0.173663407564,0.0560195297003,263.489715576,-9.81241464615e-05,-0.0084124058485,-0.00168422271963,-0.00999846309423,-0.00831424072385,-0.0100965201855,0.294721990824,0,-0.0115607175976,-0.0725623890758,-0.0479232743382,0.00672790128738,0,1,0,0,-15.0344743729,0,0.0580154247582,0.0220077671111,262.933333283,-0.0149596761912,-0.0113132791594,267.660644531,263.018310547,9.88051700592,4.3437666893,1.35565531254,0.0935173779726
29820,197.191436861,1,0.290647208691,203.125,9.48833274841,0.132263571024,1,145.892044067,1,31.8862686157,9.9120054245,187.331865018,0.014005003497,0.0064406809397,-0.000420733296778,1.32231128216,-0.093434587121,-0.0706600546837,-0.0612177066505,-0.0462959893048,2.55754470825,-0.000408796593547,-0.0253934971988,1.68125510216,-0.000201495015062,-0.0125456694514,-1.45519152284e-10,1,0.66661298275,0,1.40489459038,0,-0.000770233105868,-0.000728696002625,-0.0257549304515,-0.0130728706717,-0.0249846987426,-0.012344174087,1.65795373917,-0.0261637270451,-0.0132743641734,-0.00325663178228,0.349629968405,0,0,0,0,1,0,0,0,0,0,0,0,0,1,0,0.522074460983,0.00048828125,0.232066214085,0.00048828125,263.375518799,-6.7874789238e-05,-0.00555688887835,5.82035308838e-10,-0.00548907462507,-0.0054890755564,-0.00555688887835,0.00048828125,3.21696853638,-0.000742509262636,-0.0470708757639,2.07796573639,-0.000338605546858,-0.0241332612932,7.2323018685e-08,1,0.245914041996,-0.0122598828748,-0.00831831526011,-0.0585882440209,-0.0321129709482,-0.0463283658028,-0.0237946584821,-0.0593307614326,-0.0324515774846,-0.00544016761705,0.101673841476,0,0,0,1,0,0,0,0,0,0,0,0,1,0,0.169557124376,0.054727870971,263.484924316,-8.35359096527e-05,-0.00832870602608,-0.00170248025097,-0.00994753371924,-0.0082450537011,-0.0100309699774,0.29404270649,0,-0.0115155791864,-0.0722568035126,-0.0476623922586,0.00674824370071,0,1,0,0,-15.0182123184,0,0.0495350062847,0.022458827123,262.929166617,-0.0149434944615,-0.0113010415807,267.660186768,263.07043457,9.78304862976,4.23404598236,1.11030173302,0.0922540277243
29880,202.453728051,1,0.288878530264,203.125,9.50967693329,0.130595758557,1,144.15625,1,30.9516277313,9.97827339172,192.331041648,0.0157717876136,0.00649487506598,-0.00041807317757,1.32231128216,-0.0924033969641,-0.0698802173138,-0.0603181682527,-0.0456157103181,2.54954957962,-0.000371690111933,-0.0250888410956,1.67374658585,-0.000184007716598,-0.0119860097766,-5.3842086345e-10,1,0.671245217323,0,1.40644538403,0,-0.000758512411267,-0.000729748164304,-0.0254756622016,-0.0125317499042,-0.0247171521187,-0.0118020027876,1.66047370434,-0.0258473530412,-0.0127157587558,-0.00354567402974,0.350617408752,0,0,0,0,1,0,0,0,0,0,0,0,0,1,0,0.523239612579,0.00048828125,0.231695190072,0.00048828125,263.37121582,-6.55278563499e-05,-0.00551480799913,2.10785305876e-10,-0.00544936349615,-0.00544936396182,-0.00551479682326,0.00048828125,3.20708036423,-0.000797633547336,-0.0466543287039,2.07290077209,-0.000406660023145,-0.0231386236846,7.19155650586e-08,1,0.247970983386,-0.0122928805649,-0.0084688924253,-0.0581495799124,-0.031200857833,-0.0458566956222,-0.0227319672704,-0.0589472129941,-0.0316075161099,-0.00593974813819,0.101891480386,0,0,0,1,0,0,0,0,0,0,0,0,1,0,0.170458465815,0.0547572486103,263.48059082,-9.11802053452e-05,-0.00828178226948,-0.00171940925065,-0.00991010293365,-0.00819069519639,-0.0100010484457,0.293269991875,0,-0.0114697404206,-0.0718982815742,-0.0473673604429,0.00677409023046,0,1,0,0,-14.9232578278,0,0.0559910722077,0.0226495042443,262.92499995,-0.0148490127176,-0.0112295895815,267.659667969,263.03137207,9.81173324585,4.27304458618,1.29493141174,0.0840958654881
29940,214.189493066,1,0.28743737936,203.125,9.50238800049,0.130901888013,1,143.071975708,1,32.954624176,9.99463653564,203.480018413,0.0219918880612,0.00644961372018,-0.00041496855556,1.32231128216,-0.0915558189154,-0.0692392364144,-0.0596072301269,-0.0450780615211,2.54313278198,-0.000429123232607,-0.0252077430487,1.66747260094,-0.00024754597689,-0.0120725184679,-8.73114913702e-10,1,0.667542934418,0,1.40853059292,0,-0.000756304594688,-0.00074096879689,-0.0255349241197,-0.0125659415498,-0.0247786194086,-0.0118249729276,1.66386222839,-0.0259640440345,-0.0128134880215,-0.00352749740705,0.347222715616,0,0,0,0,1,0,0,0,0,0,0,0,0,1,0,0.521898269653,0,0.230152785778,0,263.366943359,-6.15790486336e-05,-0.0054896324873,8.01443911236e-11,-0.00542818009853,-0.00542817963287,-0.0054896324873,0,3.19975614548,-0.000959492521361,-0.0478233955801,2.06996774673,-0.000582972308621,-0.0239560324699,7.17700459063e-08,1,0.23739425838,-0.0123095940799,-0.00856457185,-0.0591734983027,-0.0319376327097,-0.0468639023602,-0.0233730599284,-0.0601329915226,-0.0325206071138,-0.00584006775171,0.0970051661134,0,0,0,1,0,0,0,0,0,0,0,0,1,0,0.159028723836,0.0508074611425,263.476806641,-0.000108525156975,-0.00844104588032,-0.00173006812111,-0.0100627010688,-0.00833263248205,-0.0101709961891,0.292307823896,0,-0.0114158811048,-0.0714583098888,-0.0469937324524,0.00680884346366,0,1,0,0,-14.8124389648,0,0.0791344195604,0.0224942043424,262.920833283,-0.0147387450561,-0.0111461989582,267.659240723,262.993133545,9.78694152832,4.22388124466,1.22198987007,0.095926463604
30000,213.11442554,1,0.29079285264,203.125,9.5015411377,0.12991631031,1,145.058258057,1,35.415725708,10.0333862305,202.458704263,0.0152634205297,0.00631604343653,-0.00042378809303,1.32231128216,-0.0936781316996,-0.070844233036,-0.0610496737063,-0.0461689122021,2.54721832275,-0.000408945954405,-0.0262372810394,1.67008709908,-0.000232281512581,-0.0125406701118,-6.11180439591e-10,1,0.651973903179,0,1.409963727,0,-0.000770252430812,-0.00077268271707,-0.0265985876322,-0.0130810700357,-0.0258283354342,-0.0123083880171,1.66619110107,-0.0270075332373,-0.0133133521304,-0.0036649745889,0.3382614851,0,0,0,0,1,0,0,0,0,0,0,0,0,1,0,0.513817548752,0.0029296875,0.226032584906,0.0029296875,263.36416626,-6.09196722507e-05,-0.00556326657534,2.91422441734e-12,-0.0055023683235,-0.0055023683235,-0.00556325539947,0.0029296875,3.20030522346,-0.000697308802046,-0.0497433468699,2.07310056686,-0.000425283797085,-0.0250022169203,7.18282535672e-08,1,0.219352692366,-0.0120339104906,-0.00856540072709,-0.0610799528658,-0.0331423357129,-0.0490460395813,-0.0245769321918,-0.0617772638798,-0.0335676185787,-0.00583427352831,0.0895244181156,0,0,0,1,0,0,0,0,0,0,0,0,1,0,0.153977304697,0.0492445155978,263.474121094,-7.37383961678e-05,-0.00861778855324,-0.0017065013526,-0.0102506158873,-0.00854411534965,-0.0103241428733,0.291719764471,0,-0.0113863907754,-0.0711889714003,-0.0467466041446,0.00683272816241,0,1,0,0,-15.1272544861,0,0.0541282631457,0.0220227502286,262.916666616,-0.0150519944727,-0.0113830948249,267.658813477,263.030517578,9.83708763123,4.18084049225,1.31367993355,0.108192965388
30060,217.833939922,1,0.292768388987,196.875,9.51734542847,0.164897382259,1,145.992523193,1,35.1942977905,10.1406087875,206.942242926,0.0183609202504,0.00636552646756,-0.000429716368672,1.32231128216,-0.0949956476688,-0.0718406066298,-0.0618200190365,-0.0467514880002,2.55356359482,-0.000197355053388,-0.0261640362442,1.67180085182,-0.000110475812107,-0.012660253793,-8.73114913702e-10,1,0.6491933465,0,1.4102268219,0,-0.000770366401412,-0.000767905963585,-0.026737049222,-0.0133176837116,-0.02596668154,-0.0125497784466,1.66661858559,-0.0269344020635,-0.0134281609207,-0.00353615777567,0.336816728115,0,0,0,0,1,0,0,0,0,0,0,0,0,1,0,0.508327186108,0.001220703125,0.223619639874,0.001220703125,263.36114502,-3.88324260712e-05,-0.0056077837944,1.64009361647e-10,-0.00556888617575,-0.00556888617575,-0.0056077837944,0.001220703125,3.20674371719,-0.000311599113047,-0.0494972616434,2.07400202751,-0.000184660544619,-0.0243424884975,7.17118382454e-08,1,0.214434161782,-0.0120897786692,-0.00844226405025,-0.0612754449248,-0.0326000899076,-0.0491856634617,-0.02415782772,-0.0615870431066,-0.0327847525477,-0.00635460531339,0.0874217301607,0,0,0,1,0,0,0,0,0,0,0,0,1,0,0.143623098731,0.0459156408906,263.471008301,-3.5285949707e-05,-0.0085938423872,-0.00173219712451,-0.0102907977998,-0.00855860020965,-0.0103259384632,0.291807174683,0,-0.0114035820588,-0.0712468475103,-0.0467217564583,0.00683711329475,0,1,0,0,-15.3388671875,0,0.0655444338918,0.022196797654,262.912499949,-0.0152625543997,-0.011542330496,267.658294678,262.989318848,10.0099048615,4.40537166595,1.37557077408,0.112664751709
30120,202.986220395,1,0.294607162476,196.875,9.51213645935,0.163434937596,1,146.25163269,1,35.9061813354,9.88469219208,192.836909375,0.0179914738983,0.00642989482731,-0.000437088310719,1.32231128216,-0.0961319729686,-0.0726999565959,-0.0626921653748,-0.0474110506475,2.5623998642,-0.000341931678122,-0.0268787089735,1.67397403717,-0.000206974975299,-0.0135403405875,-9.74978320301e-10,1,0.638658761978,0.000244140625,1.41016554832,0.000244140625,-0.000791724596638,-0.000789436453488,-0.0273285005242,-0.0141228009015,-0.0265367776155,-0.0133333643898,1.66651916504,-0.0276704318821,-0.0143297780305,-0.00317697413266,0.331884384155,0,0.000244140625,0,0,1,0,0,0,0,0,0,0,0,1,0,0.491850495338,0.009033203125,0.21669909358,0.009033203125,263.35925293,-6.58519566059e-05,-0.00584872066975,-4.58874327425e-11,-0.00578287430108,-0.00578287430108,-0.00584871508181,0.009033203125,3.21815490723,-0.000769021571614,-0.0512005649507,2.07144403458,-0.000481840164866,-0.0255599208176,7.17554939911e-08,1,0.21364492178,-0.0122910542414,-0.00849301740527,-0.0627225935459,-0.0335711017251,-0.0504315420985,-0.0250780805945,-0.0634916126728,-0.0340529382229,-0.00630528200418,0.0869760736823,0,0,0,1,0,0,0,0,0,0,0,0,1,0,0.13422447443,0.0427932217717,263.46862793,-9.76324081421e-05,-0.00904579460621,-0.00169703247957,-0.0106452219188,-0.00894819013774,-0.0107427351177,0.292159318924,0,-0.0114437257871,-0.0714285820723,-0.0467927157879,0.00683609303087,0,1,0,0,-15.6020088196,0,0.064174413681,0.0224310979247,262.908333283,-0.0155243873596,-0.0117403427139,267.657806396,262.964538574,9.77717113495,4.44714260101,1.30205011368,0.102270565927
30180,190.599660163,1,0.298313498497,203.125,9.50176334381,0.129003301263,1,147.324539185,1,35.4566078186,9.89245796204,181.069677155,0.0222631245852,0.00633019674569,-0.000450488412753,1.32231128216,-0.0985701978207,-0.0745438709855,-0.0642730146646,-0.0486065708101,2.57727980614,-0.000633536546957,-0.0276988931,1.68018734455,-0.000356181059033,-0.014154387638,-6.98491930962e-10,1,0.632785379887,0,1.40985500813,0,-0.000805681047495,-0.00081855931785,-0.0278710387647,-0.0146167660132,-0.0270653571934,-0.0137982061133,1.66601443291,-0.0285045728087,-0.0149729475379,-0.00306121469475,0.329672157764,0,0,0,0,1,0,0,0,0,0,0,0,0,1,0,0.489594995975,0.00341796875,0.216184824705,0.00341796875,263.358154297,-9.89958643913e-05,-0.00596093386412,-1.67187375055e-11,-0.00586198735982,-0.00586198735982,-0.0059609413147,0.00341796875,3.23128581047,-0.00123368937057,-0.0526198670268,2.06956481934,-0.000693773617968,-0.0265276655555,7.20901880413e-08,1,0.21515314281,-0.0119800940156,-0.00796717591584,-0.0633662715554,-0.0338010676205,-0.0513861775398,-0.0258338917047,-0.0645999610424,-0.0344948396087,-0.0064506130293,0.0877960249782,0,0,0,1,0,0,0,0,0,0,0,0,1,0,0.143581643701,0.0457791276276,263.466552734,-0.000141136348248,-0.00919137150049,-0.00161806389224,-0.0106684016064,-0.00905033759773,-0.0108093693852,0.292984306812,0,-0.0115339159966,-0.0718460232019,-0.0470386855304,0.00683091674,0,1,0,0,-16.080329895,0,0.080158919096,0.0220800992101,262.904166616,-0.0160003285855,-0.0121002737433,267.657318115,262.998199463,9.75891494751,4.34438610077,1.37452065945,0.104571960866
30240,194.777817934,1,0.300219714642,196.875,9.50635242462,0.162130922079,1,148.392120361,1,33.7477226257,9.88979625702,185.038927037,0.0312163773924,0.0061554601416,-0.000455876055639,1.32231128216,-0.0999082997441,-0.0755558088422,-0.0649828910828,-0.0491434149444,2.59473752975,-0.00045356611372,-0.0279830507934,1.68532180786,-0.000272441422567,-0.0146591495723,-4.22005541623e-10,1,0.627964317799,0.00048828125,1.40920937061,0.00048828125,-0.000818972592242,-0.000837601081003,-0.0283484570682,-0.0152243105695,-0.0275294855237,-0.0143867097795,1.66496527195,-0.0288020223379,-0.0154967522249,-0.00281044607982,0.328364282846,0,0.00048828125,0,0,1,0,0,0,0,0,0,0,0,1,0,0.49187412858,0.006103515625,0.217874914408,0.006103515625,263.356506348,-7.62790441513e-05,-0.00599056109786,6.39460373542e-10,-0.00591428391635,-0.00591428484768,-0.00599055737257,0.006103515625,3.25321912766,-0.00095688959118,-0.0534384921193,2.07153224945,-0.00053599657258,-0.0271845441312,7.23521225154e-08,1,0.204308986664,-0.0125291980803,-0.00790593586862,-0.0650108009577,-0.0345544815063,-0.0524816028774,-0.0266485475004,-0.0659676939249,-0.0350904799998,-0.00671702250838,0.0836346000433,0,0,0,1,0,0,0,0,0,0,0,0,1,0,0.152323693037,0.04884365201,263.464935303,-9.21040773392e-05,-0.00916912406683,-0.00160416518338,-0.0106813628227,-0.0090771978721,-0.0107732713223,0.294124901295,0,-0.0116520421579,-0.0724371373653,-0.0473899841309,0.00682015623897,0,1,0,0,-16.272644043,0,0.114747956395,0.0214641056955,262.899999949,-0.0161916855723,-0.0122449882329,267.656738281,262.989074707,9.75942420959,4.44655370712,1.3015409708,0.13026240468
30300,191.5471573,1,0.302795767784,196.875,9.52054023743,0.160383194685,1,150.256347656,1,32.3620758057,9.87293720245,181.969799435,0.0152506753802,0.00611694902182,-0.000461909192381,1.32231128216,-0.101898699999,-0.0770610496402,-0.0656881928444,-0.0496767982841,2.61241197586,-0.000450307619758,-0.0290076192468,1.69089984894,-0.00027795007918,-0.0149277905002,-1.16415321827e-10,1,0.619660139084,0,1.40792775154,0,-0.000874111137819,-0.000861248117872,-0.029431425035,-0.0155110890046,-0.0285573136061,-0.0146498419344,1.66288244724,-0.0298817306757,-0.015789039433,-0.00313160195947,0.32561853528,0,0,0,0,1,0,0,0,0,0,0,0,0,1,0,0.477539092302,0.0107421875,0.212544992566,0.0107421875,263.354187012,-6.52596354485e-05,-0.00621707737446,1.75800707325e-09,-0.00615180190653,-0.00615180330351,-0.0062170624733,0.0107421875,3.26903057098,-0.000759950838983,-0.0539027228951,2.07820868492,-0.000458751805127,-0.0276213288307,7.28759914637e-08,1,0.199249431491,-0.0126250078902,-0.00815590843558,-0.0657677799463,-0.0353184863925,-0.0531427711248,-0.0271625798196,-0.0665277317166,-0.0357772372663,-0.00642364565283,0.0819089114666,0,0,0,1,0,0,0,0,0,0,0,0,1,0,0.154908061028,0.0497144125402,263.462463379,-6.67721033096e-05,-0.00921276211739,-0.00164618378039,-0.0107922675088,-0.00914608314633,-0.0108588784933,0.295453965664,0,-0.0117736980319,-0.0731468945742,-0.0477732047439,0.00679879449308,0,1,0,0,-16.4879989624,0,0.0540816225111,0.0213230513036,262.895833282,-0.0164059698582,-0.0124070402235,267.656158447,262.910308838,9.79716682434,4.21681499481,1.25586843491,0.123314082623
30360,204.710436447,1,0.304897129536,196.875,9.51833438873,0.161170735955,1,151.414718628,1,32.3554801941,9.92386341095,194.474914625,0.0175353977829,0.00609041610733,-0.000467984966235,1.32231128216,-0.103525869548,-0.0782916024327,-0.0662794262171,-0.0501239225268,2.62822294235,-0.000484371325001,-0.0297079235315,1.69618952274,-0.00029428023845,-0.015308261849,-2.32830643654e-10,1,0.614044904709,0,1.4061229229,0,-0.000917115539778,-0.000889192451723,-0.0301406681538,-0.0159031748772,-0.0292235538363,-0.0150139825419,1.65994977951,-0.0306250397116,-0.0161974560469,-0.00313900248148,0.324920415878,0,0,0,0,1,0,0,0,0,0,0,0,0,1,0,0.467581927776,0.005615234375,0.20972211659,0.005615234375,263.351806641,-7.12871551514e-05,-0.00639598071575,1.40422251604e-09,-0.00632467493415,-0.00632467679679,-0.00639596581459,0.005615234375,3.28190851212,-0.000780012924224,-0.0549203827977,2.08320569992,-0.00056270789355,-0.0279137603939,7.264316082e-08,1,0.193058848381,-0.0123910363764,-0.00801499839872,-0.0665314048529,-0.035366050899,-0.0541403666139,-0.0273510552943,-0.0673114210367,-0.0359287597239,-0.00669563468546,0.0800837650895,0,0,0,1,0,0,0,0,0,0,0,0,1,0,0.153647392988,0.0497778132558,263.459716797,-7.25984573364e-05,-0.0093435049057,-0.00164345861413,-0.0109144337475,-0.00927097536623,-0.0109869241714,0.296989321709,0,-0.0119044184685,-0.0739841610193,-0.0481763407588,0.00676871556789,0,1,0,0,-16.704875946,0,0.0624862983823,0.0212266035378,262.891666616,-0.0166217666119,-0.0125702377409,267.655578613,262.922302246,9.81679916382,4.25153636932,1.09828352928,0.0947127640247
30420,202.447447583,1,0.305920988321,203.125,9.52039146423,0.126247808337,1,152.026519775,1,32.1193008423,9.9708070755,192.325075204,0.0136601291597,0.00604071794078,-0.000470813014545,1.32231128216,-0.10432831198,-0.0788984522223,-0.0665594637394,-0.050335701555,2.64335393906,-0.000675167771988,-0.0301302019507,1.69959366322,-0.000427693186793,-0.0155986063182,-2.61934474111e-10,1,0.613552331924,0.000732421875,1.40425276756,0.000732421875,-0.000938041193876,-0.000899966573343,-0.0303930751979,-0.0160708799958,-0.0294550359249,-0.015170914121,1.65691065788,-0.0310682430863,-0.0164985731244,-0.00307638384402,0.327192425728,0,0.000732421875,0,0,1,0,0,0,0,0,0,0,0,1,0,0.465651005507,0.011962890625,0.210788965225,0.011962890625,263.34954834,-8.41096043587e-05,-0.00649633258581,7.37781724602e-10,-0.00641217781231,-0.00641217827797,-0.00649632513523,0.011962890625,3.29509973526,-0.000978463795036,-0.0558195337653,2.08329749107,-0.000787945464253,-0.0286515876651,7.29050952941e-08,1,0.190591111779,-0.012127019465,-0.00763699691743,-0.0669680908322,-0.0355006381869,-0.054841067642,-0.0278636422008,-0.0679465532303,-0.0362885817885,-0.00669535622001,0.0802225545049,0,0,0,1,0,0,0,0,0,0,0,0,1,0,0.146056562662,0.0479452572763,263.456970215,-8.19712877274e-05,-0.0095737054944,-0.00159711355809,-0.0110888760537,-0.00949176214635,-0.0111708268523,0.298530161381,0,-0.0120329344645,-0.0748311206698,-0.0485667325556,0.0067375455983,0,1,0,0,-16.8058242798,0,0.0482806116343,0.0210468191653,262.887499949,-0.0167222134769,-0.0126462001354,267.655151367,263.000762939,9.84048843384,4.19610738754,1.13938891888,0.0840415284038
30480,203.693017353,1,0.305614560843,203.125,9.52215385437,0.125398039818,1,151.782928467,1,30.8099861145,9.98749732971,193.508366485,0.0145710669458,0.00615059118718,-0.000470152997877,1.32231128216,-0.104247257113,-0.0788371562958,-0.0662253797054,-0.0500830486417,2.6515045166,-0.000885244575329,-0.0301548913121,1.69975709915,-0.00063098652754,-0.0153917204589,-3.92901711166e-10,1,0.620550751686,0.000244140625,1.40268874168,0.000244140625,-0.000925057509448,-0.000904506654479,-0.0301947072148,-0.0156652405858,-0.0292696505785,-0.0147607345134,1.65436923504,-0.0310799498111,-0.0162962283939,-0.00325304549187,0.333032011986,0,0.000244140625,0,0,1,0,0,0,0,0,0,0,0,1,0,0.473150342703,0.01025390625,0.21566721797,0.01025390625,263.346801758,-0.00011407956481,-0.00648961961269,2.68488231647e-10,-0.00637546461076,-0.00637546507642,-0.00648960843682,0.01025390625,3.29944062233,-0.00131567334756,-0.0552217401564,2.08263611794,-0.00107246555854,-0.0281493924558,7.32397893444e-08,1,0.210113748908,-0.0115456711501,-0.00746948225424,-0.0654517412186,-0.0345464088023,-0.0539060607553,-0.027076927945,-0.0667674094439,-0.035618878901,-0.00655603129417,0.0891366526484,0,0,0,1,0,0,0,0,0,0,0,0,1,0,0.165976762772,0.0548898428679,263.453979492,-0.000133782625198,-0.00950739532709,-0.00151701935101,-0.0108907688409,-0.00937374960631,-0.0110244676471,0.299865186214,0,-0.0121457884088,-0.0755880102515,-0.0488904342055,0.00671147927642,0,1,0,0,-16.7822666168,0,0.0515980347991,0.0214361175895,262.883333282,-0.0166987720877,-0.0126284724101,267.654724121,262.9815979,9.86937713623,4.53633880615,1.05150413513,0.0892126485705
30540,218.649066492,1,0.301862865686,203.125,9.5173997879,0.12641698122,1,149.986312866,1,30.2753105164,10.0754852295,207.716613168,0.0157126523554,0.0063312035054,-0.000458476919448,1.32231128216,-0.101792484522,-0.0769807249308,-0.0644691288471,-0.0487548820674,2.64804601669,-0.000624304753728,-0.0296151470393,1.69603991508,-0.000469122518552,-0.0146778132766,-7.27595761418e-12,1,0.62856388092,0.001220703125,1.40187513828,0.001220703125,-0.000880783540197,-0.000872304895893,-0.0298716239631,-0.0150809958577,-0.028990842402,-0.0142086911947,1.65304708481,-0.0304959304631,-0.015550118871,-0.00351354014128,0.338417619467,0,0.001220703125,0,0,1,0,0,0,0,0,0,0,0,1,0,0.485024183989,0.010498046875,0.221805304289,0.010498046875,263.342315674,-8.33515077829e-05,-0.00634884089231,-3.97690380627e-10,-0.00626539113,-0.00626539066434,-0.00634885765612,0.010498046875,3.29343700409,-0.00110934558325,-0.0538523942232,2.08234977722,-0.000941866543144,-0.0275631844997,7.264316082e-08,1,0.224547207355,-0.0110757499933,-0.00768007244915,-0.0638187974691,-0.0343013890088,-0.0527430474758,-0.0266213174909,-0.0649281442165,-0.0352432578802,-0.00576300593093,0.095441840589,0,0,0,1,0,0,0,0,0,0,0,0,1,0,0.182001948357,0.0602735504508,263.449584961,-0.000122990459204,-0.00920663028955,-0.00148473551963,-0.0105684474111,-0.00908371247351,-0.0106913410127,0.300579667091,0,-0.0122074522078,-0.0760278254747,-0.0490059815347,0.00669791828841,0,1,0,0,-16.3654842377,0,0.0557741634548,0.0220766812563,262.879166615,-0.0162840634584,-0.0123148486018,267.654205322,262.927307129,9.92970275879,4.33168697357,1.15572667122,0.0836062505841
30600,223.370935703,1,0.297016203403,203.125,9.51725769043,0.127759069204,1,147.718795776,1,29.3496952057,10.0910625458,212.202388918,0.0183706078678,0.00649260170758,-0.000443449971499,1.32231128216,-0.0986140370369,-0.0745770186186,-0.0623143129051,-0.0471252985299,2.63629293442,-0.000520602043252,-0.028830293566,1.68893551826,-0.000409289292293,-0.0138550847769,-1.16415321827e-10,1,0.639302492142,0.00146484375,1.40204453468,0.00146484375,-0.000838557549287,-0.000805991876405,-0.0291482489556,-0.0142517890781,-0.0283096916974,-0.013445796445,1.65332233906,-0.0296688526869,-0.0146610764787,-0.00376157346182,0.34400331974,0,0.00146484375,0,0,1,0,0,0,0,0,0,0,0,1,0,0.495170891285,0.01171875,0.226271301508,0.01171875,263.336273193,-7.86110758781e-05,-0.0062087289989,-4.54937421068e-10,-0.00613009836525,-0.00613009836525,-0.00620872527361,0.01171875,3.28309631348,-0.00105218903627,-0.0522917434573,2.07998085022,-0.000911623530556,-0.0265132635832,7.21483957022e-08,1,0.239275127649,-0.0110659720376,-0.00754212122411,-0.0623055249453,-0.0331437587738,-0.0512395575643,-0.0256016403437,-0.0633577257395,-0.0340553857386,-0.00579642364755,0.10143263638,0,0,0,1,0,0,0,0,0,0,0,0,1,0,0.192166507244,0.0635036081076,263.44442749,-0.000121399760246,-0.00894984602928,-0.00149914715439,-0.0103277228773,-0.00882857479155,-0.0104489549994,0.300387352705,0,-0.0121897254139,-0.0759901255369,-0.0488233044744,0.00670074205846,0,1,0,0,-15.8290910721,0,0.0655803978443,0.0226476043463,262.874999949,-0.0157503392547,-0.0119112189859,267.653839111,262.935455322,9.92002868652,4.0851650238,1.06769430637,0.0785781592131
30660,188.265775643,1,0.292934417725,203.125,9.51513767242,0.128045514226,1,145.525619507,1,28.9793376923,10.0467004776,178.852486861,0.0240504778922,0.00649725552648,-0.000431828928413,1.32231128216,-0.0956259146333,-0.072317250073,-0.0610797703266,-0.0461916737258,2.6215467453,-0.000601621693932,-0.0279485620558,1.68134498596,-0.000384118175134,-0.0139500340447,-4.94765117764e-10,1,0.646191596985,0.001220703125,1.40329575539,0.001220703125,-0.000842104258481,-0.00080327084288,-0.0281890444458,-0.0143691878766,-0.0273469388485,-0.013565916568,1.65535545349,-0.0287906657904,-0.0147533044219,-0.00311595341191,0.345767974854,0,0.001220703125,0,0,1,0,0,0,0,0,0,0,0,1,0,0.502681553364,0.005126953125,0.228135839105,0.005126953125,263.330200195,-8.84681940079e-05,-0.00608852505684,-2.49794906981e-11,-0.00600002333522,-0.00600002333522,-0.00608851015568,0.005126953125,3.27374529839,-0.00131536298431,-0.0516054406762,2.07359361649,-0.000835968647152,-0.0264542233199,7.18282535672e-08,1,0.239409670234,-0.0113062122837,-0.00742797553539,-0.0615962855518,-0.0330462306738,-0.0502900779247,-0.0256182551384,-0.0629116520286,-0.0338822007179,-0.00543109606951,0.100441209972,0,0,0,1,0,0,0,0,0,0,0,0,1,0,0.187181010842,0.0611355416477,263.43939209,-0.000159233808517,-0.00890725851059,-0.00150694744661,-0.010254919529,-0.00874797161669,-0.0104142129421,0.29937928915,0,-0.012106211856,-0.0755047649145,-0.0484194159508,0.0067215943709,0,1,0,0,-15.4142742157,0,0.0869431644678,0.0226652491838,262.870833282,-0.0153375864029,-0.0115990741178,267.653411865,262.936767578,9.87132835388,4.2815785408,1.27929234505,0.0799948126078
30720,226.033704615,1,0.29184538126,196.875,9.52455329895,0.159221962094,1,145.3099823,1,29.7603607178,9.90139770508,214.732019384,0.0204768013209,0.00645749038085,-0.000427664344897,1.32231128216,-0.0945984348655,-0.0715402141213,-0.0611211284995,-0.0462229512632,2.60832929611,-0.000676263589412,-0.0273976027966,1.67473578453,-0.000405489117838,-0.0140465050936,-4.65661287308e-10,1,0.649948775768,0,1.40493559837,0,-0.000828223652206,-0.000784426054452,-0.0275495648384,-0.0144254425541,-0.0267213415354,-0.0136410165578,1.65802049637,-0.0282258279622,-0.0148309310898,-0.0027295104228,0.345485091209,0,0,0,0,1,0,0,0,0,0,0,0,0,1,0,0.510258257389,0.003173828125,0.22987139225,0.003173828125,263.32421875,-0.000105947256088,-0.00596830248833,-3.21603355058e-10,-0.00586237944663,-0.00586237898096,-0.00596830248833,0.003173828125,3.26159071922,-0.00103905983269,-0.0509741939604,2.06290102005,-0.000646046828479,-0.026287054643,7.18282535672e-08,1,0.238435298204,-0.0112266438082,-0.00719753280282,-0.0611617788672,-0.0328385382891,-0.0499351322651,-0.0256410073489,-0.0622008368373,-0.0334845855832,-0.00537536107004,0.0989916324615,0,0,0,1,0,0,0,0,0,0,0,0,1,0,0.182769745588,0.0591488927603,263.434020996,-0.000131189823151,-0.00884699821472,-0.00149144011084,-0.0102071966976,-0.00871575623751,-0.0103384554386,0.298102080822,0,-0.0120025705546,-0.0748496204615,-0.0480293259025,0.00674892822281,0,1,0,0,-15.2656183243,0,0.0734357982874,0.0225231926888,262.866666615,-0.0151896700263,-0.0114872120321,267.653076172,262.916351318,9.77338027954,4.18143367767,1.04889369011,0.0822567120194
30780,206.230165192,1,0.290496528149,196.875,9.52384853363,0.157333448529,1,144.483886719,1,30.8957042694,9.97186756134,195.918656932,0.0209731310606,0.00657353596762,-0.000424173427746,1.32231128216,-0.0935275405645,-0.0707303509116,-0.0608635731041,-0.0460281744599,2.59657430649,-0.000407575629652,-0.0266206003726,1.6693842411,-0.000302024418488,-0.0138814486563,-5.82076609135e-10,1,0.652939796448,0.000244140625,1.40667653084,0.000244140625,-0.00079982005991,-0.000750096631236,-0.0270128473639,-0.0143295219168,-0.0262130275369,-0.013579425402,1.6608492136,-0.0274204201996,-0.0146315451711,-0.00254684127867,0.345046281815,0,0.000244140625,0,0,1,0,0,0,0,0,0,0,0,1,0,0.510732233524,0.00439453125,0.228606656194,0.00439453125,263.318603516,-6.67348504066e-05,-0.00587427616119,-2.39994413231e-10,-0.00580756133422,-0.00580756086856,-0.0058743134141,0.00439453125,3.25153493881,-0.000543507281691,-0.0504054166377,2.05540561676,-0.000530304852873,-0.0262711141258,7.1944668889e-08,1,0.23538133502,-0.0111883059144,-0.00729786604643,-0.0610502138734,-0.0330386757851,-0.0498619116843,-0.0257408060133,-0.0615937262774,-0.0335689783096,-0.0052001811564,0.0971798300743,0,0,0,1,0,0,0,0,0,0,0,0,1,0,0.180958673358,0.0582578666508,263.428527832,-6.61611557007e-05,-0.00873646140099,-0.00149087188765,-0.0101610692218,-0.00867019686848,-0.0102273225784,0.296803563833,0,-0.011899292469,-0.0741730257869,-0.0476966872811,0.00677794124931,0,1,0,0,-15.1410083771,0,0.0752981677651,0.0229386519641,262.862499948,-0.015065680258,-0.0113934446126,267.652496338,262.929595947,9.82252216339,3.99124598503,1.17335176468,0.090295791626
30840,214.705236411,1,0.289260834455,196.875,9.5206451416,0.156161621213,1,143.963394165,1,31.066942215,10.0879888535,203.96997459,0.0244511757046,0.00661845365539,-0.000420297525125,1.32231128216,-0.0925467312336,-0.0699886083603,-0.0606329590082,-0.0458537712693,2.5820171833,-0.00045606441563,-0.0260077528656,1.66522049904,-0.000325089204125,-0.0138170048594,-8.29459168017e-10,1,0.656742572784,0,1.40845704079,0,-0.000764814205468,-0.000728608458303,-0.0263165030628,-0.014220523648,-0.0255516879261,-0.0134919155389,1.66374266148,-0.0267725661397,-0.0145456129685,-0.00229388521984,0.345306813717,0,0,0,0,1,0,0,0,0,0,0,0,0,1,0,0.515037298203,0.00244140625,0.229354813695,0.00244140625,263.312530518,-6.14710152149e-05,-0.00575662404299,5.90882898166e-10,-0.00569513393566,-0.00569513440132,-0.00575661286712,0.00244140625,3.23818182945,-0.000607828027569,-0.0488700531423,2.04926514626,-0.000576820340939,-0.0259182825685,7.18573573977e-08,1,0.244967609644,-0.011175849475,-0.00716585153714,-0.059438072145,-0.0325073152781,-0.0482622236013,-0.0253414623439,-0.0600459054112,-0.0330841355026,-0.00485811848193,0.101012945175,0,0,0,1,0,0,0,0,0,0,0,0,1,0,0.186793148518,0.0601053759456,263.422668457,-4.82723116875e-05,-0.00849747657776,-0.00150439492427,-0.00995354168117,-0.00844914652407,-0.0100019052625,0.295527517796,0,-0.0117980968207,-0.0734845995903,-0.0473888255656,0.00680761644617,0,1,0,0,-15.0026569366,0,0.0884721279144,0.0231020767242,262.858333281,-0.0149280168116,-0.0112893367186,267.652069092,262.943664551,10.0061435699,4.19304084778,1.06138706207,0.0780619084835
30900,204.497198671,1,0.287250995636,203.125,9.50733852386,0.124335944653,1,142.503509521,1,30.4059066772,10.1151447296,194.272338737,0.0196149088442,0.00676921848208,-0.000415813934524,1.32231128216,-0.0911628603935,-0.0689420551062,-0.0599491484463,-0.045336637646,2.56559348106,-0.000806442578323,-0.0250166393816,1.6564438343,-0.000514029350597,-0.0135431038216,-3.78349795938e-10,1,0.669922709465,0,1.41023850441,0,-0.000741588883102,-0.000688643194735,-0.0249517858028,-0.0137177184224,-0.0242101978511,-0.0130290742964,1.66663742065,-0.0257582291961,-0.0142317479476,-0.00201710825786,0.35037112236,0,0,0,0,1,0,0,0,0,0,0,0,0,1,0,0.522273182869,0.00048828125,0.231312766671,0.00048828125,263.306030273,-0.000117901712656,-0.00567424669862,7.1486649933e-11,-0.00555636780336,-0.00555636780336,-0.00567425042391,0.00048828125,3.22364234924,-0.0012169459369,-0.0472804233432,2.03507089615,-0.000870521704201,-0.0247981697321,7.09551386535e-08,1,0.260164946318,-0.0114405406639,-0.00695961341262,-0.0575040206313,-0.0308872610331,-0.0460634753108,-0.0239276476204,-0.0587209612131,-0.03175778687,-0.00526715721935,0.106839448214,0,0,0,1,0,0,0,0,0,0,0,0,1,0,0.194086998701,0.0621761158109,263.415771484,-0.000122267752886,-0.00828861445189,-0.00155572709627,-0.00972200650722,-0.00816627871245,-0.00984438508749,0.294253587723,0,-0.0116961430758,-0.0727728456259,-0.0470844469965,0.00683730747551,0,1,0,0,-14.8426141739,0,0.0702119916677,0.0236306730658,262.854166615,-0.0147687699646,-0.0111689055339,267.651489258,262.938842773,9.98864173889,4.30622959137,1.02396893501,0.075036406517
30960,208.974607393,1,0.284635126591,203.125,9.51445007324,0.125191643834,1,140.536880493,1,31.2849979401,10.0932912827,198.525877024,0.0204906798899,0.0067042876035,-0.000410218461184,1.32231128216,-0.0894219428301,-0.0676254853606,-0.0589960291982,-0.0446158386767,2.55002689362,-0.00086932675913,-0.0240738708526,1.64917957783,-0.000526413670741,-0.0131209949031,1.45519152284e-10,1,0.678768992424,0,1.41268801689,0,-0.00073427130701,-0.000677056610584,-0.0239388160408,-0.0132716381922,-0.0232045445591,-0.0125945806503,1.67061793804,-0.0248081423342,-0.0137980505824,-0.00187318702228,0.352764844894,0,0,0,0,1,0,0,0,0,0,0,0,0,1,0,0.52733695507,0.00390625,0.231922790408,0.00390625,263.299926758,-0.000134341418743,-0.00557727366686,-5.15067322127e-10,-0.00544290058315,-0.00544289965183,-0.00557726994157,0.00390625,3.21136903763,-0.00161650590599,-0.04649977386,2.02558374405,-0.00101499073207,-0.0249424315989,7.05476850271e-08,1,0.260501414537,-0.0115973167121,-0.00712619675323,-0.0564805828035,-0.0310536380857,-0.0448832660913,-0.0239274408668,-0.0580970905721,-0.0320686325431,-0.00464140530676,0.106527656317,0,0,0,1,0,0,0,0,0,0,0,0,1,0,0.197723180056,0.0630566328764,263.409515381,-0.000205144286156,-0.00822338461876,-0.00160248833708,-0.00962065346539,-0.00801816489547,-0.00982588529587,0.292744934559,0,-0.0115858418867,-0.0719535648823,-0.0467110201716,0.00687813246623,0,1,0,0,-14.6428823471,0,0.0734878256917,0.0233946908265,262.849999948,-0.0145700322464,-0.0110186096281,267.650878906,262.893249512,9.99770832062,4.31011581421,1.22494482994,0.0772622227669
31020,222.679490011,1,0.282530575991,203.125,9.52034282684,0.126176938415,1,139.233779907,1,31.4739761353,10.0831861496,211.54551551,0.015790745616,0.00666797254235,-0.000404940947192,1.32231128216,-0.0880699381232,-0.0666030272841,-0.0581791773438,-0.0439980961382,2.53530502319,-0.000718435505405,-0.023348659277,1.64377069473,-0.000440120638814,-0.0126800239086,-2.91038304567e-11,1,0.68230843544,0,1.41565716267,0,-0.000734885979909,-0.000690877961461,-0.0233651101589,-0.0129307815805,-0.0226302240044,-0.0122399041429,1.67544293404,-0.0240835435688,-0.0133709022775,-0.00188778527081,0.352100849152,0,0,0,0,1,0,0,0,0,0,0,0,0,1,0,0.531792163849,0.0078125,0.232133314013,0.0078125,263.294128418,-0.00011557713151,-0.00544774532318,2.72278144475e-10,-0.00533219240606,-0.00533219287172,-0.00544774159789,0.0078125,3.19936537743,-0.00135593267623,-0.0456445515156,2.02163219452,-0.000899550097529,-0.0244615636766,7.03294062987e-08,1,0.260087490082,-0.0118358395994,-0.00741007504985,-0.0561244636774,-0.0309720896184,-0.0442886203527,-0.0235620141029,-0.057480391115,-0.0318716391921,-0.00460573425516,0.105875506997,0,0,0,1,0,0,0,0,0,0,0,0,1,0,0.19275072217,0.061193369329,263.404174805,-0.000194877386093,-0.00816495344043,-0.00163730373606,-0.00960726849735,-0.00796996429563,-0.00980226695538,0.291049659252,0,-0.0114686209708,-0.0710706561804,-0.046278167516,0.00692761968821,0,1,0,0,-14.4545001984,0,0.0560606308281,0.023260705173,262.845833281,-0.0143825868145,-0.0108768539503,267.650421143,262.94631958,9.97931289673,4.10448503494,1.01826059818,0.084454163909
31080,209.718624887,1,0.282575160265,203.125,9.51099967957,0.127139106393,1,139.581237793,1,33.8206253052,9.97403430939,199.232693643,0.0147506464273,0.00651469267905,-0.000404124235502,1.32231128216,-0.0880568921566,-0.0665931627154,-0.0582593008876,-0.0440586879849,2.52645015717,-0.00049521937035,-0.0235323607922,1.64169836044,-0.000257399515249,-0.0126423714682,-4.07453626394e-10,1,0.67267537117,0.00048828125,1.41832399368,0.00048828125,-0.000732292421162,-0.000716854934581,-0.0237694345415,-0.0131018273532,-0.0230371430516,-0.0123849716038,1.67977643013,-0.0242646560073,-0.0133592262864,-0.00201014894992,0.344950199127,0,0.00048828125,0,0,1,0,0,0,0,0,0,0,0,1,0,0.528485655785,0.0068359375,0.229353383183,0.0068359375,263.289093018,-7.51465559006e-05,-0.00537267327309,4.98252439307e-10,-0.00529760867357,-0.0052976096049,-0.00537265837193,0.0068359375,3.1909327507,-0.000908460468054,-0.0465533062816,2.01987838745,-0.00053940853104,-0.0248575694859,7.07805156708e-08,1,0.242592811584,-0.0118558099493,-0.00756104104221,-0.0575006566942,-0.0318792015314,-0.0456448495388,-0.0243181604892,-0.0584091134369,-0.0324186123908,-0.00470494432375,0.0983564406633,0,0,0,1,0,0,0,0,0,0,0,0,1,0,0.18338021636,0.0580799430609,263.399291992,-0.000127404928207,-0.00819531083107,-0.00164523650892,-0.00971311703324,-0.00806788168848,-0.00984059274197,0.289461195469,0,-0.0113565921783,-0.070240907371,-0.0458685532212,0.00697206519544,0,1,0,0,-14.4253463745,0,0.0522535741329,0.02271912992,262.841666614,-0.0143535789102,-0.0108549166471,267.649902344,262.952880859,9.86807441711,4.32059383392,1.25308418274,0.0892454385757
31140,223.800002774,1,0.284888952971,203.125,9.51800823212,0.12662397325,1,141.542160034,1,33.9396438599,9.90899658203,212.610002636,0.0140610756353,0.00634383503348,-0.000408395600971,1.32231128216,-0.0895432755351,-0.0677172467113,-0.0591592043638,-0.0447392426431,2.52435684204,-0.000489268335514,-0.0238571241498,1.64335548878,-0.000294097000733,-0.012775734067,-5.20230969414e-10,1,0.667042016983,0,1.41977500916,0,-0.000744428660255,-0.000734468922019,-0.0241122860461,-0.0132161071524,-0.0233678556979,-0.0124816382304,1.68213450909,-0.0246015526354,-0.0135102039203,-0.00215027853847,0.340132594109,0,0,0,0,1,0,0,0,0,0,0,0,0,1,0,0.528582453728,0.000732421875,0.227960556746,0.000732421875,263.284301758,-7.19986855984e-05,-0.0053350655362,4.84058904071e-10,-0.00526315532625,-0.00526315625757,-0.00533505529165,0.000732421875,3.18745231628,-0.000848090392537,-0.0466247685254,2.01949715614,-0.000487151643028,-0.0250241924077,7.08678271621e-08,1,0.239501222968,-0.0119460467249,-0.0074515286833,-0.0577227249742,-0.031988568604,-0.0457766763866,-0.0245370417833,-0.0585708133876,-0.0324757248163,-0.00484829442576,0.0961261093616,0,0,0,1,0,0,0,0,0,0,0,0,1,0,0.187062367797,0.0586569458246,263.394592285,-9.42870974541e-05,-0.00807101652026,-0.00163029739633,-0.00960690062493,-0.00797660369426,-0.00970129668713,0.288429498672,0,-0.0112748024985,-0.0696782469749,-0.0456070154905,0.00699625071138,0,1,0,0,-14.5778141022,0,0.0497391372919,0.0221152082086,262.837499948,-0.0145052876323,-0.010969646275,267.649475098,262.933837891,9.83216094971,4.44531726837,1.27386581898,0.0815321430564
31200,217.2470303,1,0.287723332644,203.125,9.52095890045,0.126308619976,1,143.705337524,1,33.7557792664,9.96825313568,206.384678785,0.0156072797254,0.00634277099743,-0.000414373906096,1.32231128216,-0.0914408862591,-0.0691523179412,-0.0601799488068,-0.0455111823976,2.52496767044,-0.00088271626737,-0.0244522280991,1.64365828037,-0.000525323441252,-0.0127767622471,-6.11180439591e-10,1,0.667563438416,0,1.41992366314,0,-0.000750908511691,-0.000748692080379,-0.0243204217404,-0.0130001306534,-0.0235695112497,-0.012251438573,1.68237602711,-0.0252031348646,-0.0135254543275,-0.00247310847044,0.339285612106,0,0,0,0,1,0,0,0,0,0,0,0,0,1,0,0.532606601715,0.001708984375,0.228957593441,0.001708984375,263.279602051,-0.000120356678963,-0.00533597171307,8.2161988324e-10,-0.0052157510072,-0.00521575240418,-0.00533598661423,0.001708984375,3.18098497391,-0.0013107850682,-0.0470266528428,2.01688051224,-0.000780427129939,-0.0244630854577,7.08969309926e-08,1,0.243919059634,-0.0118634048849,-0.00740846805274,-0.0575792714953,-0.0310911275446,-0.0457158684731,-0.0236826576293,-0.0588900595903,-0.0318715572357,-0.00558978645131,0.0969715118408,0,0,0,1,0,0,0,0,0,0,0,0,1,0,0.186858579516,0.0582354441285,263.389709473,-0.000129640102386,-0.00807438790798,-0.00162711879238,-0.00957187451422,-0.00794475525618,-0.00970156490803,0.288071095943,0,-0.0112352482975,-0.0694650560617,-0.04554323107,0.00699872802943,0,1,0,0,-14.7912120819,0,0.0553878135979,0.0221134275198,262.833333281,-0.0147176235914,-0.0111302258447,267.649017334,262.927032471,9.91094017029,4.4313583374,1.27152359486,0.096978738904
31260,228.9982439,1,0.288372933865,203.125,9.51207447052,0.126178354025,1,144.071273804,1,34.2909927368,9.95926380157,217.548331705,0.0197955816984,0.00644231401384,-0.000416127149947,1.32231128216,-0.0921486616135,-0.0696875676513,-0.0600022748113,-0.0453768149018,2.52546811104,-0.00099537987262,-0.0247413422912,1.64176726341,-0.000601136067417,-0.0122768785805,-9.45874489844e-10,1,0.671121835709,0,1.41949188709,0,-0.000732039799914,-0.000718665542081,-0.0244780033827,-0.0123944086954,-0.0237459633499,-0.0116757433861,1.68167448044,-0.025473382324,-0.012995544821,-0.0030673397705,0.340906381607,0,0,0,0,1,0,0,0,0,0,0,0,0,1,0,0.531414091587,0.000244140625,0.228316962719,0.000244140625,263.275146484,-0.000140501186252,-0.00537413544953,6.36322272651e-10,-0.00523378467187,-0.00523378513753,-0.00537413731217,0.000244140625,3.17474961281,-0.00150257814676,-0.0474393963814,2.01695013046,-0.000965786981396,-0.0240050125867,7.09260348231e-08,1,0.246238812804,-0.0115441167727,-0.00728159304708,-0.0574809350073,-0.0303208194673,-0.0459368228912,-0.0230392273515,-0.0589835159481,-0.0312866084278,-0.00618400517851,0.097800180316,0,0,0,1,0,0,0,0,0,0,0,0,1,0,0.176828578115,0.0550720281899,263.385253906,-0.000159949064255,-0.00817868113518,-0.00161839323118,-0.0096371434629,-0.00801875069737,-0.00979717820883,0.288068771362,0,-0.0112214135006,-0.0694784373045,-0.0455496348441,0.00699153216556,0,1,0,0.000244140625,-14.8537940979,0,0.0708867013454,0.0224688462913,262.829166614,-0.0147798946127,-0.011177319102,267.648406982,262.798034668,9.88065910339,4.46551704407,1.16806077957,0.0935805588961
31320,222.442402739,1,0.288849502802,196.875,9.51525402069,0.156488269567,1,143.653289795,1,37.1990432739,10.1129875183,211.320282602,0.0147825460881,0.0063611571677,-0.00041941049858,1.32231128216,-0.0928180813789,-0.0701938197017,-0.0596370585263,-0.0451006181538,2.52899599075,-0.000935615040362,-0.0259238108993,1.63764560223,-0.000550511351321,-0.0123001141474,-6.11180439591e-10,1,0.658847093582,0,1.41929483414,0,-0.000725398596842,-0.000725895166397,-0.025713596493,-0.0124754980206,-0.0249881967902,-0.0117496028543,1.68135428429,-0.026649210602,-0.0130260093138,-0.00364728504792,0.334593594074,0,0,0,0,1,0,0,0,0,0,0,0,0,1,0,0.520094633102,0.00048828125,0.223279818892,0.00048828125,263.271270752,-0.000139508396387,-0.0055133253336,9.8781660629e-10,-0.00537392776459,-0.00537392869592,-0.00551330298185,0.00048828125,3.17408227921,-0.00148277753033,-0.049594245851,2.01710891724,-0.000929271802306,-0.0236632823944,7.10424501449e-08,1,0.225754603744,-0.0115234162658,-0.00743282865733,-0.0596348792315,-0.030166843906,-0.0481114685535,-0.0227340124547,-0.0611176565289,-0.0310961119831,-0.00741624413058,0.0894375443459,0,0,0,1,0,0,0,0,0,0,0,0,1,0,0.162272572517,0.0502064488828,263.38104248,-0.000165581703186,-0.0083831474185,-0.00160366878845,-0.00982118211687,-0.00821751356125,-0.00998685508966,0.288096427917,0,-0.0112186893821,-0.0695467442274,-0.045494005084,0.0069882478565,0,1,0,0,-14.9709949493,0,0.0523700639606,0.0221798457205,262.824999947,-0.0148965120316,-0.0112655106932,267.647888184,262.905578613,10.0049676895,4.35943412781,1.17218744755,0.1040366292
31380,230.06599193,1,0.292946249247,203.125,9.49507427216,0.125274986029,1,145.554412842,1,39.7383651733,10.1497602463,218.562692333,0.019145084545,0.00630484707654,-0.000431795837358,1.32231128216,-0.0958830416203,-0.072511702776,-0.0606924705207,-0.0458987765014,2.54329109192,-0.0012575967703,-0.0272304881364,1.63716888428,-0.00074623542605,-0.0130759831518,-4.65661287308e-10,1,0.645589828491,0,1.41872549057,0,-0.000758019625209,-0.000781312410254,-0.0267309118062,-0.0131110604852,-0.0259728934616,-0.0123297488317,1.68042886257,-0.0279885083437,-0.0138572957367,-0.00361856515519,0.328497946262,0,0,0,0,1,0,0,0,0,0,0,0,0,1,0,0.509158730507,0.006591796875,0.219089373946,0.006591796875,263.268371582,-0.000181619077921,-0.00569933652878,1.2629438606e-09,-0.00551783712581,-0.00551783805713,-0.00569935515523,0.006591796875,3.17958593369,-0.00216821255162,-0.0518371835351,2.01824688911,-0.00135149166454,-0.0250429995358,7.04312697053e-08,1,0.211068063974,-0.0112648000941,-0.00748776178807,-0.0609337687492,-0.0311792697757,-0.0496689714491,-0.0236915070564,-0.0631019771099,-0.0325307622552,-0.00715467007831,0.0838533192873,0,0,0,1,0,0,0,0,0,0,0,0,1,0,0.169834539294,0.0528353005648,263.37689209,-0.000253360718489,-0.00856974720955,-0.00156008615158,-0.00987658649683,-0.00831650011241,-0.0101299099624,0.288559019566,0,-0.0112580927089,-0.0698811262846,-0.0454977527261,0.00697875767946,0,1,0,0,-15.4130945206,0,0.0684600695968,0.0219886340201,262.820833281,-0.0153364120051,-0.0115981856361,267.647338867,262.860015869,10.024559021,4.44974660873,1.3950381279,0.124534532428
31440,258.32797108,1,0.297552764416,203.125,9.50076198578,0.12376024574,1,148.112838745,1,43.5049819946,10.0169868469,245.411572526,0.0185482446104,0.00615969207138,-0.000444671430159,1.32231128216,-0.0989788919687,-0.0748529434204,-0.0625266432762,-0.0472858734429,2.56193304062,-0.001266683219,-0.02886768803,1.64366924763,-0.000714734080248,-0.0140009857714,-1.01135810837e-09,1,0.625190734863,0.000244140625,1.41715180874,0.000244140625,-0.00077496166341,-0.000810764380731,-0.0283759683371,-0.0140970163047,-0.0276010036469,-0.0132862515748,1.6778717041,-0.0296426489949,-0.0148117495701,-0.00361197814345,0.319931566715,0,0.000244140625,0,0,1,0,0,0,0,0,0,0,0,1,0,0.493077784777,0.013916015625,0.213759675622,0.013916015625,263.266052246,-0.000176768749952,-0.00592943280935,1.09343811783e-09,-0.00575290434062,-0.00575290527195,-0.0059294141829,0.013916015625,3.1932759285,-0.00210297014564,-0.054395955056,2.02368783951,-0.00125406612642,-0.0268217362463,7.00238160789e-08,1,0.19787350297,-0.0110354041681,-0.00739438924938,-0.0633283853531,-0.0329620577395,-0.0522929877043,-0.0255676675588,-0.0654313564301,-0.0342161208391,-0.00680334819481,0.0794276744127,0,0,0,1,0,0,0,0,0,0,0,0,1,0,0.166761383414,0.0524494946003,263.373779297,-0.000236254185438,-0.00893340632319,-0.00154677627143,-0.0102440174669,-0.0086972406134,-0.0104801543057,0.289717078209,0,-0.0113502666354,-0.0705689713359,-0.0457010939717,0.00695252930745,0,1,0,0,-15.8726930618,0,0.0662399977446,0.0214744955301,262.816666614,-0.0157937239856,-0.0119440285489,267.646972656,262.911834717,9.92329978943,4.40429782867,1.27357435226,0.11733455956
31500,220.238694881,1,0.299460053444,203.125,9.49638938904,0.124933980405,1,148.8853302,1,44.7721672058,10.1111888885,209.226760137,0.0166243091226,0.00646200496703,-0.000450925464975,1.32231128216,-0.100301831961,-0.0758534222841,-0.0632515847683,-0.047834109515,2.58019351959,-0.000683430407662,-0.0283174943179,1.65033626556,-0.000402239820687,-0.0134776420891,-6.11180439591e-10,1,0.631023824215,0,1.41448950768,0,-0.000766455137637,-0.000782047398388,-0.0284005217254,-0.0138574503362,-0.0276340655982,-0.0130754038692,1.67354536057,-0.0290839485824,-0.0142596894875,-0.00376000022516,0.325324773788,0,0,0,0,1,0,0,0,0,0,0,0,0,1,0,0.487642168999,0.0087890625,0.213128194213,0.0087890625,263.264221191,-0.00010703317821,-0.00597414001822,7.64863949954e-10,-0.00586728658527,-0.00586728658527,-0.00597413443029,0.0087890625,3.21311092377,-0.00139112083707,-0.0533988662064,2.03402471542,-0.000840846973006,-0.0260355956852,7.03439582139e-08,1,0.202925950289,-0.0107713025063,-0.00739881349728,-0.0627790391445,-0.0325935594738,-0.0520077422261,-0.0251947492361,-0.0641701668501,-0.0334344096482,-0.00666505796835,0.0821167081594,0,0,0,1,0,0,0,0,0,0,0,0,1,0,0.154510736465,0.049127176404,263.372528076,-0.000171514227986,-0.00895677506924,-0.0015619462356,-0.0103472853079,-0.00878533907235,-0.0105187110603,0.291442215443,0,-0.011480897665,-0.0715032964945,-0.0460876263678,0.00690815737471,0,1,0,0,-16.0959320068,0,0.0591244138777,0.022543810308,262.812499947,-0.0160158518702,-0.0121120130643,267.646606445,262.921142578,10.0079441071,4.47069740295,1.42474257946,0.134567514062
31560,242.082380809,1,0.295945584774,203.125,9.46202087402,0.122332274914,1,146.234313965,1,41.9202156067,10.0787763596,229.978261768,0.0254738405347,0.0066320002079,-0.000443125056336,1.32231128216,-0.097887404263,-0.0740275010467,-0.0618927702308,-0.0468065068126,2.58608961105,-0.00058056198759,-0.0272459872067,1.65058708191,-0.000360446108971,-0.0131346751004,-6.11180439591e-10,1,0.645655214787,0,1.41288948059,0,-0.000756393768825,-0.000753650150727,-0.0274218190461,-0.0135278785601,-0.0266654249281,-0.0127742290497,1.67094564438,-0.0280023813248,-0.0138883246109,-0.0034563341178,0.334489405155,0,0,0,0,1,0,0,0,0,0,0,0,0,1,0,0.497701257467,0.005126953125,0.218698710203,0.005126953125,263.261505127,-9.46894288063e-05,-0.00588782131672,1.03038244603e-09,-0.00579326227307,-0.00579326273873,-0.00588781386614,0.005126953125,3.23078203201,-0.00112817948684,-0.0522137209773,2.04070043564,-0.000695969327353,-0.0251730885357,7.06932041794e-08,1,0.207612708211,-0.0111602274701,-0.00767408590764,-0.0622457675636,-0.0321512073278,-0.0510855391622,-0.0244771186262,-0.0633739456534,-0.0328471772373,-0.00662918761373,0.0839382857084,0,0,0,1,0,0,0,0,0,0,0,0,1,0,0.152139604092,0.0483648963273,263.371459961,-0.000141650438309,-0.00884026288986,-0.00165011337958,-0.0103487791494,-0.00869866553694,-0.01049028337,0.292620539665,0,-0.0115778353065,-0.0721358880401,-0.0463220924139,0.00688149314374,0,1,0,0.000244140625,-15.817492485,0,0.0923878252506,0.0231486223638,262.80833328,-0.0157387983054,-0.0119024915621,267.646087646,262.796661377,9.88539409637,4.47940158844,1.30064105988,0.1190655604
31620,218.76998271,1,0.294383257627,203.125,9.48045158386,0.123312093318,1,144.663848877,1,39.6078186035,9.94867992401,207.831483575,0.0193622726947,0.00644562765956,-0.000440878880909,1.32231128216,-0.0968972072005,-0.0732786655426,-0.0611767694354,-0.0462650284171,2.59433269501,-0.000413581321482,-0.0276160314679,1.65051841736,-0.000235178682487,-0.0131169650704,-5.82076609135e-11,1,0.639182507992,0,1.4127959013,0,-0.000764110474847,-0.000759435992222,-0.0279665626585,-0.0136412214488,-0.027202449739,-0.0128817856312,1.67079329491,-0.0283801443875,-0.013876400888,-0.0036058598198,0.332030951977,0,0,0,0,1,0,0,0,0,0,0,0,0,1,0,0.48447984457,0.002685546875,0.213392183185,0.002685546875,263.259490967,-6.93388283253e-05,-0.0060299821198,1.55120916112e-09,-0.0059607848525,-0.00596078671515,-0.00602996349335,0.002685546875,3.25099468231,-0.000930532813072,-0.0537725016475,2.0439119339,-0.000627516361419,-0.0254828110337,7.10570020601e-08,1,0.186414256692,-0.0117675587535,-0.00806659832597,-0.0646095275879,-0.0329218916595,-0.0528419725597,-0.0248552951962,-0.065540060401,-0.033549413085,-0.00714892009273,0.075740352273,0,0,0,1,0,0,0,0,0,0,0,0,1,0,0.13739284873,0.0438186265528,263.370422363,-0.000108107924461,-0.00915891304612,-0.00169130309951,-0.0107421232387,-0.00905082002282,-0.0108501166105,0.293045639992,0,-0.0116261960939,-0.0723781511188,-0.0463588796556,0.00687993131578,0,1,0,0,-15.7373142242,0,0.0692694634199,0.0224830862135,262.804166613,-0.015659019351,-0.011842158623,267.645599365,262.880645752,9.81010246277,4.38167858124,1.20282506943,0.103086531162
31680,223.189816526,1,0.296592563391,196.875,9.46420860291,0.155804187059,1,145.856002808,1,37.0712089539,10.1373186111,212.0303257,0.0166160352528,0.00626276433468,-0.000447194499429,1.32231128216,-0.0984403565526,-0.0744456723332,-0.061966329813,-0.0468621365726,2.60856819153,-0.00071787944762,-0.0280062332749,1.65308225155,-0.00040375161916,-0.0136920399964,1.16415321827e-10,1,0.635836184025,0,1.41289830208,0,-0.000801738642622,-0.0008028766606,-0.0280900970101,-0.0140911657363,-0.0272883586586,-0.0132882874459,1.67095983028,-0.0288079753518,-0.0144949164242,-0.00325150997378,0.330842852592,0,0,0,0,1,0,0,0,0,0,0,0,0,1,0,0.487838923931,0.00244140625,0.215026736259,0.00244140625,263.257843018,-9.30577516556e-05,-0.00604595243931,1.55391677303e-09,-0.00595297478139,-0.00595297664404,-0.00604592263699,0.00244140625,3.26779508591,-0.00146915996447,-0.0540926642716,2.04491519928,-0.000914674252272,-0.0255344212055,7.07223080099e-08,1,0.191158875823,-0.0118451882154,-0.00833984464407,-0.0644686967134,-0.0329595915973,-0.0526235066354,-0.0246197469532,-0.0659378543496,-0.0338742695749,-0.00693655293435,0.0776798203588,0,0,0,1,0,0,0,0,0,0,0,0,1,0,0.141123250127,0.044956561178,263.368896484,-0.000121757388115,-0.00908616185188,-0.00168395461515,-0.0106483846903,-0.0089644305408,-0.0107699632645,0.293484389782,0,-0.0116797741503,-0.0726368576288,-0.0463952533901,0.00688163936138,0,1,0,0,-15.9627542496,0,0.0590939484537,0.0218373741955,262.799999947,-0.0158833377063,-0.01201179903,267.644958496,262.872955322,9.88475608826,4.18566226959,1.13332045078,0.102352783084
31740,226.122918456,1,0.298920184374,203.125,9.47623157501,0.126751989126,1,147.298751831,1,35.7960205078,10.0860910416,214.816772533,0.0165945906192,0.0062894159928,-0.000453321874375,1.32231128216,-0.0999679118395,-0.0756008923054,-0.0629802197218,-0.047628890723,2.61944508553,-0.00111974088941,-0.0281333960593,1.65489721298,-0.000616625300609,-0.0141893029213,3.78349795938e-10,1,0.638985395432,0,1.41229569912,0,-0.000837323023006,-0.000805667543318,-0.0278509780765,-0.0143783465028,-0.0270136557519,-0.0135726779699,1.66998052597,-0.0289707221091,-0.0149949714541,-0.00283806724474,0.333337038755,0,0,0,0,1,0,0,0,0,0,0,0,0,1,0,0.486302107573,0.0009765625,0.214928463101,0.0009765625,263.255340576,-0.000139772891998,-0.00615563243628,1.42164680028e-09,-0.00601601600647,-0.00601601693779,-0.00615563243628,0.0009765625,3.27611684799,-0.00247458508238,-0.0537394732237,2.04111790657,-0.00151131360326,-0.0257538259029,7.0605892688e-08,1,0.207938909531,-0.0117598120123,-0.00816109217703,-0.063024699688,-0.0324036031961,-0.051264885813,-0.0242425128818,-0.0654992833734,-0.0339149162173,-0.00652708858252,0.0848329812288,0,0,0,1,0,0,0,0,0,0,0,0,1,0,0.147293761373,0.0471810102463,263.365844727,-0.000206470489502,-0.00910975784063,-0.00164639705326,-0.0105496197939,-0.00890322215855,-0.0107561349869,0.294284194708,0,-0.0117560857907,-0.0730891674757,-0.0465711578727,0.00687159504741,0,1,0,0,-16.1814727783,0,0.0590149946511,0.0219282992184,262.79583328,-0.0161009673029,-0.0121763823554,267.644439697,262.809051514,9.89698505402,4.6592912674,1.0867729187,0.0910051614046
31800,206.797871467,1,0.299333482981,203.125,9.48079872131,0.125086262822,1,146.989242554,1,34.4961395264,10.0633182526,196.457977894,0.0136314295232,0.00634647579864,-0.000456163310446,1.32231128216,-0.100318357348,-0.0758659169078,-0.0630372017622,-0.0476719848812,2.62428593636,-0.00102121406235,-0.0281152650714,1.65477323532,-0.000621141924057,-0.0140417218208,6.69388100505e-10,1,0.641211509705,0,1.41148209572,0,-0.000851857184898,-0.00081167020835,-0.0279459077865,-0.0142322499305,-0.0270940493792,-0.013420579955,1.66865849495,-0.0289671234787,-0.0148533917964,-0.00297525222413,0.335710465908,0,0,0,0,1,0,0,0,0,0,0,0,0,1,0,0.484160959721,0.008544921875,0.214797332883,0.008544921875,263.252380371,-0.000139210373163,-0.00623341649771,1.43301104316e-09,-0.00609435141087,-0.00609435234219,-0.00623339787126,0.008544921875,3.28063321114,-0.0023146844469,-0.0524996444583,2.03471660614,-0.00150222727098,-0.0254315789789,7.0474925451e-08,1,0.221899271011,-0.0118114259094,-0.00785487424582,-0.0619963817298,-0.0317842289805,-0.0501849576831,-0.0239293538034,-0.0643110722303,-0.0332864560187,-0.00642153248191,0.0908991619945,0,0,0,1,0,0,0,0,0,0,0,0,1,0,0.151240766048,0.0488473363221,263.362670898,-0.000201813876629,-0.00909353792667,-0.00168463937007,-0.0105762528256,-0.00889161229134,-0.0107781589031,0.29519084096,0,-0.0118416314945,-0.0735911130905,-0.0467950552702,0.00685803592205,0,1,0,0,-16.2828979492,0,0.0481763109565,0.022124748677,262.791666613,-0.0162018891424,-0.0122527042404,267.643371582,262.915802002,9.93689346313,4.20171546936,1.03710520267,0.0796572640538
31860,224.084464188,1,0.297627866268,203.125,9.45264911652,0.123471781611,1,145.843170166,1,33.5259552002,9.98493289948,212.880240979,0.01976820454,0.00635777506977,-0.000451933621662,1.32231128216,-0.0991957336664,-0.0750169306993,-0.062293253839,-0.0471093729138,2.62372660637,-0.00107950996608,-0.0281132310629,1.65130352974,-0.000677066855133,-0.0143071953207,6.98491930962e-10,1,0.641639590263,0.00048828125,1.41132485867,0.00048828125,-0.000878112390637,-0.000858291052282,-0.0279118344188,-0.0144884204492,-0.0270337238908,-0.0136301284656,1.66840279102,-0.0289913453162,-0.015165486373,-0.00270140147768,0.336489617825,0,0.00048828125,0,0,1,0,0,0,0,0,0,0,0,1,0,0.491237163544,0.01123046875,0.218418955803,0.01123046875,263.249053955,-0.000138878822327,-0.00618443638086,1.44511935751e-09,-0.0060456180945,-0.00604561995715,-0.00618440657854,0.01123046875,3.2799077034,-0.00224284990691,-0.0519736036658,2.02883434296,-0.00155399914365,-0.0258159991354,7.10133463144e-08,1,0.22807712853,-0.0118404310197,-0.00770441815257,-0.061571188271,-0.0319664180279,-0.0497307553887,-0.0242619998753,-0.0638140365481,-0.0335204154253,-0.0059743700549,0.0937934964895,0,0,0,1,0,0,0,0,0,0,0,0,1,0,0.165068864822,0.0536188036203,263.359619141,-0.000213243067265,-0.00897382944822,-0.00169206678402,-0.0104525219649,-0.00876045413315,-0.0106657668948,0.295751750469,0,-0.0119053767994,-0.0739220902324,-0.0469061210752,0.00685541378334,0,1,0,0,-16.1319179535,0,0.0707844272256,0.0221674926579,262.787499946,-0.0160516593605,-0.0121390931308,267.64263916,262.882751465,9.89360523224,4.27375888824,1.00722765923,0.0738990902901
31920,234.184525122,1,0.296256959438,203.125,9.4462852478,0.127389401197,1,145.755249023,1,33.7408943176,10.0819654465,222.475298866,0.0159286241978,0.00637774262577,-0.000445986283012,1.32231128216,-0.098144903779,-0.0742222368717,-0.0619416832924,-0.0468434952199,2.61848020554,-0.00123078585602,-0.0278256330639,1.65080666542,-0.000754627108108,-0.014285444282,6.03904481977e-10,1,0.647692203522,0,1.41144621372,0,-0.000881828134879,-0.000873710028827,-0.0274766758084,-0.0144045269117,-0.0265948493034,-0.0135308168828,1.66859996319,-0.0287074614316,-0.0151591552421,-0.00252807792276,0.33955180645,0,0,0,0,1,0,0,0,0,0,0,0,0,1,0,0.505338788033,0.00390625,0.224444255233,0.00390625,263.244384766,-0.000155193731189,-0.00604909285903,1.38733358135e-09,-0.00589396152645,-0.0058939633891,-0.00604909472167,0.00390625,3.27309274673,-0.00254700658843,-0.0508791059256,2.02670431137,-0.00173098966479,-0.0261574611068,7.14753696229e-08,1,0.232815206051,-0.0117305871099,-0.00777159398422,-0.0600626841187,-0.0321980640292,-0.0483320988715,-0.024426471442,-0.0626096948981,-0.033929053694,-0.00495812296867,0.0954740941525,0,0,0,1,0,0,0,0,0,0,0,0,1,0,0.173930153251,0.0562400855124,263.355224609,-0.000246342271566,-0.00868858024478,-0.0016786562046,-0.0101206637919,-0.00844200700521,-0.010367102921,0.295964688063,0,-0.0119345895946,-0.0740577429533,-0.0469320677221,0.00685743521899,0,1,0,0,-15.919626236,0,0.0565666072071,0.0222392715514,262.78333328,-0.0158404242247,-0.0119793461636,267.641876221,262.839599609,9.88030529022,4.11527729034,0.962326705456,0.075571924448
31980,220.953327049,1,0.293881326914,203.125,9.44730377197,0.124164715409,1,145.369110107,1,33.4156303406,10.0980577469,209.905660696,0.017211811617,0.00645971670747,-0.000436499540228,1.32231128216,-0.0963379740715,-0.0728557482362,-0.0613296665251,-0.0463806577027,2.60764741898,-0.00131891481578,-0.0271309316158,1.64987492561,-0.000794243940618,-0.0139437373728,1.04773789644e-09,1,0.658157885075,0,1.41170144081,0,-0.000856055994518,-0.000842394540086,-0.0266680717468,-0.0139918867499,-0.0258120149374,-0.0131494924426,1.66901504993,-0.0279869865626,-0.0147861326113,-0.00246084481478,0.34464147687,0,0,0,0,1,0,0,0,0,0,0,0,0,1,0,0.52068644762,0.001220703125,0.230941221118,0.001220703125,263.238525391,-0.000162571668625,-0.00586657226086,1.21341536818e-09,-0.00570404808968,-0.00570404948667,-0.00586656481028,0.001220703125,3.26154899597,-0.00263806106523,-0.0497353151441,2.02441167831,-0.00173259584699,-0.0257850941271,7.05476850271e-08,1,0.244917273521,-0.0117035135627,-0.00762889999896,-0.0588007681072,-0.0316813960671,-0.0470972582698,-0.0240524969995,-0.0614388287067,-0.0334139913321,-0.00473232194781,0.100233718753,0,0,0,1,0,0,0,0,0,0,0,0,1,0,0.189309284091,0.0610101036727,263.349914551,-0.000257536768913,-0.00844273716211,-0.00168219371699,-0.00986722111702,-0.00818502809852,-0.0101248901337,0.29579013586,0,-0.0119198393077,-0.0739726573229,-0.0468878448009,0.0068616932258,0,1,0,0,-15.5809936523,0,0.0612907037139,0.0225284639746,262.779166613,-0.0155034763739,-0.0117245288566,267.641204834,262.836517334,9.87640190125,4.34040212631,1.0394847393,0.0806483328342
32040,219.588117246,1,0.289815098047,203.125,9.44698524475,0.122244372964,1,143.719680786,1,33.4769744873,9.96578598022,208.608711384,0.0166381299496,0.00659718830138,-0.000423435063567,1.32231128216,-0.0934114828706,-0.0706425830722,-0.060080319643,-0.0454358384013,2.59232521057,-0.000877797836438,-0.0256773270667,1.64459323883,-0.00051553157391,-0.0134060913697,6.83940015733e-10,1,0.667553782463,0,1.41248512268,0,-0.000826159550343,-0.000804675277323,-0.0256256908178,-0.0136952344328,-0.0247995313257,-0.0128905596212,1.67028844357,-0.0265034884214,-0.014210768044,-0.00218105688691,0.348865300417,0,0,0,0,1,0,0,0,0,0,0,0,0,1,0,0.529933810234,0.00146484375,0.234371945262,0.00146484375,263.232025146,-0.000107370316982,-0.00566948577762,1.39645284225e-09,-0.00556224724278,-0.00556224863976,-0.00566948577762,0.00146484375,3.25090169907,-0.00200502038933,-0.0478804595768,2.01825523376,-0.00129980780184,-0.0244539417326,7.03148543835e-08,1,0.256706893444,-0.0116368159652,-0.00752585334703,-0.0575122572482,-0.0306799858809,-0.0458754450083,-0.0231541320682,-0.0595172792673,-0.03197979182,-0.00493369810283,0.105258584023,0,0,0,1,0,0,0,0,0,0,0,0,1,0,0.194232553244,0.0625228285789,263.344573975,-0.000185787677765,-0.00822822749615,-0.00169406482019,-0.00973643083125,-0.0080423662439,-0.00992229580879,0.2950540483,0,-0.0118519123644,-0.0735764205456,-0.0467266663909,0.00687475316226,0,1,0,0,-15.1146526337,0,0.0591753013432,0.0230112820864,262.774999946,-0.0150394551456,-0.0113736120984,267.640655518,262.827941895,9.87039375305,4.50233745575,1.21497809887,0.0885539203882
32100,203.918723351,1,0.284578114748,203.125,9.45827102661,0.125349521637,1,140.905181885,1,35.0183029175,9.90888500214,193.722787184,0.0168949104846,0.00677786348388,-0.00040890040691,1.32231128216,-0.089853361249,-0.067951746285,-0.0582580007613,-0.0440577045083,2.57145643234,-0.000497198197991,-0.0239557661116,1.63423526287,-0.000261023582425,-0.0128051694483,5.82076609135e-10,1,0.679269909859,0,1.41418671608,0,-0.000801294110715,-0.000769259640947,-0.0242598634213,-0.0133134052157,-0.0234585683793,-0.0125441458076,1.67305350304,-0.0247570611537,-0.0135744297877,-0.00179903663229,0.353071093559,0,0,0,0,1,0,0,0,0,0,0,0,0,1,0,0.542317092419,0.001953125,0.238453969359,0.001953125,263.225006104,-6.38365745544e-05,-0.00541650503874,1.24341181795e-09,-0.00535278394818,-0.00535278581083,-0.00541649013758,0.001953125,3.23864841461,-0.00149261485785,-0.0454956553876,2.00790309906,-0.000900282873772,-0.0232430696487,7.03148543835e-08,1,0.271681308746,-0.0117392539978,-0.00757835619152,-0.0557423010468,-0.0299211423844,-0.044003047049,-0.0223427861929,-0.0572349131107,-0.0308214239776,-0.00469936104491,0.110770918429,0,0,0,1,0,0,0,0,0,0,0,0,1,0,0.197100669146,0.0629281997681,263.338989258,-0.000136882066727,-0.00798454880714,-0.00174381141551,-0.00959139503539,-0.00784758292139,-0.00972835719585,0.293623238802,0,-0.0117286369205,-0.0727985650301,-0.046378493309,0.00690311286598,0,1,0,0,-14.5958337784,0,0.0601214952767,0.0236492417753,262.770833279,-0.0145232174546,-0.0109832063317,267.640136719,262.825531006,9.86916446686,4.24062776566,1.18638134003,0.0841770619154
32160,231.526889436,1,0.279547542334,203.125,9.45033359528,0.122555978596,1,137.7865448,1,35.5045280457,9.94435119629,219.950544964,0.015962921083,0.0068869763054,-0.000396369490772,1.32231128216,-0.0865488499403,-0.0654527023435,-0.0564561970532,-0.0426950901747,2.54641270638,-0.000353703449946,-0.0223390106112,1.622184515,-0.000166956335306,-0.0120887337252,3.78349795938e-10,1,0.69370007515,0,1.41697096825,0,-0.000765238364693,-0.000740143819712,-0.0227505471557,-0.0126619208604,-0.0219853073359,-0.0119217764586,1.67757773399,-0.0231042504311,-0.0128288771957,-0.00157644762658,0.357260972261,0,0,0,0,1,0,0,0,0,0,0,0,0,1,0,0.554285883904,0.005615234375,0.241299748421,0.005615234375,263.217926025,-4.92222607136e-05,-0.00518665276468,1.32775523909e-09,-0.00513751525432,-0.00513751711696,-0.00518665276468,0.005615234375,3.22128295898,-0.00115521345288,-0.0427919961512,1.99589657784,-0.00065869273385,-0.0219349134713,7.08096195012e-08,1,0.291222900152,-0.0117413373664,-0.00753224594519,-0.0533781200647,-0.0288084633648,-0.0416367799044,-0.0212762206793,-0.0545333363116,-0.0294671580195,-0.00446286285296,0.117062136531,0,0,0,1,0,0,0,0,0,0,0,0,1,0,0.207950919867,0.0653668865561,263.333068848,-0.000105530023575,-0.00767796672881,-0.00176718109287,-0.00933953560889,-0.00757235474885,-0.0094452528283,0.291550785303,0,-0.0115611311048,-0.0716860964894,-0.0458400771022,0.00694951601326,0,1,0,0,-14.1485385895,0,0.0566925182939,0.0240318272263,262.766666613,-0.0140781477094,-0.0106466216967,267.639648438,262.875518799,9.77058982849,4.30191421509,1.10697638988,0.0829454287887
32220,213.062648915,1,0.274435400963,203.125,9.4623041153,0.123110331595,1,134.547180176,1,34.6309890747,10.031627655,202.409516469,0.0170017741621,0.00700633600354,-0.000384048238629,1.32231128216,-0.0833624079823,-0.0630429536104,-0.0544866733253,-0.0412056334317,2.51566314697,-0.000367939705029,-0.020990729332,1.60682952404,-0.000163278338732,-0.011131525971,4.22005541623e-10,1,0.708988189697,0,1.42090570927,0,-0.000723935198039,-0.000698455318343,-0.0213467255235,-0.0116667030379,-0.0206227898598,-0.0109682474285,1.68397164345,-0.0217146649957,-0.0118299815804,-0.00169241195545,0.360788881779,0,0,0,0,1,0,0,0,0,0,0,0,0,1,0,0.56699347496,0.00439453125,0.243574231863,0.00439453125,263.210327148,-4.26694750786e-05,-0.00495099648833,2.01643501896e-09,-0.00490839686245,-0.00490839872509,-0.00495099276304,0.00439453125,3.19377851486,-0.00104750867467,-0.04051245749,1.98201012611,-0.000509608304128,-0.0203999951482,7.06641003489e-08,1,0.31098306179,-0.0115708643571,-0.00754364859313,-0.0510358177125,-0.0274340361357,-0.0394649505615,-0.0198903866112,-0.0520833283663,-0.0279436446726,-0.0044463230297,0.122743703425,0,0,0,1,0,0,0,0,0,0,0,0,1,0,0.211231380701,0.064968302846,263.326293945,-7.51130282879e-05,-0.0073881149292,-0.00176203646697,-0.00907504372299,-0.00731300795451,-0.00915028899908,0.288966566324,0,-0.011364178732,-0.070333942771,-0.0451448857784,0.00701509369537,0,1,0,0,-13.7087287903,0,0.060515563935,0.0244510509074,262.762499946,-0.0136405257508,-0.0103156687692,267.639221191,262.853820801,9.84358787537,4.27741289139,1.2258181572,0.0822548270226
32280,216.961356787,1,0.27155739069,203.125,9.43934631348,0.124976195395,1,132.568588257,1,33.5406608582,9.99888134003,206.113288947,0.0153581034392,0.00693891290575,-0.00037764548324,1.32231128216,-0.0816387683153,-0.061739448458,-0.0533259063959,-0.0403278023005,2.49030065536,-0.000563507550396,-0.0207352675498,1.59398603439,-0.00026435154723,-0.0109469210729,1.30967237055e-10,1,0.70968401432,0,1.42577552795,0,-0.000697390176356,-0.000687359308358,-0.0208691507578,-0.0113699287176,-0.0201717596501,-0.0106825688854,1.69188523293,-0.0214326567948,-0.0116342809051,-0.00171734439209,0.356360256672,0,0,0,0,1,0,0,0,0,0,0,0,0,1,0,0.570369005203,0.00244140625,0.241449102759,0.00244140625,263.20324707,-7.18981027603e-05,-0.00484799966216,1.88338722396e-09,-0.00477612949908,-0.00477613136172,-0.00484801083803,0.00244140625,3.17103600502,-0.00151605880819,-0.0407383665442,1.97075843811,-0.000695181661285,-0.0206340588629,7.07223080099e-08,1,0.299720525742,-0.0119260232896,-0.0077038872987,-0.0511483326554,-0.0276427660137,-0.0392223075032,-0.019938878715,-0.0526643879712,-0.0283379480243,-0.00442568399012,0.116356194019,0,0,0,1,0,0,0,0,0,0,0,0,1,0,0.199091926217,0.0601067021489,263.319824219,-0.000132907181978,-0.00743279606104,-0.00180215551518,-0.00910204090178,-0.00729988515377,-0.00923500582576,0.286061227322,0,-0.0111528430134,-0.0688575431705,-0.0443346165121,0.00709625799209,0,1,0,0,-13.4801778793,0,0.0544748939574,0.024216029793,262.758333279,-0.0134131126106,-0.0101436879486,267.638702393,262.840820312,9.87833118439,4.19332695007,1.13179898262,0.0805263444781
32340,227.820329947,1,0.273901075125,203.125,9.41607666016,0.124461732805,1,133.228057861,1,33.7991485596,10.0979614258,216.42931345,0.0171009115875,0.00681908009574,-0.000385589781217,1.32231128216,-0.0830338150263,-0.0627944543958,-0.0542812608182,-0.0410502888262,2.48036384583,-0.000719762523659,-0.0212638545781,1.59009897709,-0.000370754685719,-0.0113038858399,2.03726813197e-10,1,0.698563158512,0,1.43019342422,0,-0.000710246968083,-0.000696460832842,-0.0212543383241,-0.011629591696,-0.0205440912396,-0.0109331309795,1.69906425476,-0.0219740998,-0.0120003465563,-0.00174394017085,0.346879899502,0,0,0,0,1,0,0,0,0,0,0,0,0,1,0,0.557149171829,0.00048828125,0.233091026545,0.00048828125,263.198425293,-9.85413789749e-05,-0.00493913888931,1.39382028141e-09,-0.00484057795256,-0.00484057934955,-0.00493915379047,0.00048828125,3.15953302383,-0.00185604067519,-0.0427574366331,1.96327090263,-0.000828891992569,-0.0220481008291,7.05476850271e-08,1,0.264177858829,-0.0123080154881,-0.00759911350906,-0.0532094091177,-0.0288183242083,-0.0409013926983,-0.0212192125618,-0.0550654493272,-0.0296472143382,-0.0046399179846,0.101361438632,0,0,0,1,0,0,0,0,0,0,0,0,1,0,0.176684901118,0.0526021569967,263.31451416,-0.000176936388016,-0.00776106119156,-0.0017979205586,-0.00938204117119,-0.00758412107825,-0.00955903530121,0.283639103174,0,-0.0109851257876,-0.0676389709115,-0.0436670295894,0.00716988928616,0,1,0,0,-13.7637529373,0,0.0608813464642,0.0237973593175,262.754166612,-0.0136952763423,-0.0103570744395,267.638275146,262.862915039,9.87250709534,4.21870517731,1.1097317934,0.0902742296457
32400,236.574218232,1,0.279526859522,203.125,9.41478157043,0.122959256172,1,136.067901611,1,34.119934082,9.98549938202,224.74550732,0.0167116448283,0.00658633280545,-0.000401286873966,1.32231128216,-0.0865343362093,-0.0654417276382,-0.0564504489303,-0.0426907427609,2.48567986488,-0.000902990344912,-0.0217806100845,1.59367847443,-0.000494069769047,-0.0118022467941,-5.82076609135e-11,1,0.689543068409,0,1.43287587166,0,-0.000718981900718,-0.00070942111779,-0.0215966030955,-0.0120175983757,-0.0208776183426,-0.0113081773743,1.70342338085,-0.0224995929748,-0.0125116677955,-0.00161015684716,0.340380370617,0,0,0,0,1,0,0,0,0,0,0,0,0,1,0,0.552186012268,0.007080078125,0.229520946741,0.007080078125,263.195495605,-0.000123560428619,-0.00498785823584,9.6983721054e-10,-0.0048643136397,-0.00486431457102,-0.004987873137,0.007080078125,3.16039657593,-0.00195430824533,-0.0446248874068,1.96148753166,-0.000923055165913,-0.023445725441,7.11879692972e-08,1,0.237379729748,-0.0123967584223,-0.00735679361969,-0.0550673380494,-0.0298794656992,-0.0426705777645,-0.0225226730108,-0.0570216439664,-0.030802519992,-0.00479083601385,0.0905439704657,0,0,0,1,0,0,0,0,0,0,0,0,1,0,0.157381087542,0.0465126261115,263.31060791,-0.00019708275795,-0.00799256563187,-0.00181735528167,-0.00961294304579,-0.00779558811337,-0.00980998575687,0.282406061888,0,-0.0109111145139,-0.0670120567083,-0.0433558523655,0.00721459835768,0,1,0,0,-14.3240671158,0,0.0594460964203,0.0229739248753,262.749999946,-0.0142528032884,-0.0107787046582,267.637695312,262.832000732,9.86105632782,4.2124042511,1.08985555172,0.0839548408985
