time_s,boundary_layer_height,boundary_layer_height_valid,friction_velocity,low_level_jet_height,low_level_jet_speed,low_level_jet_turning_from_geostrophic,low_level_jet_valid,obukhov_length,obukhov_length_valid,resolved_tke_vertical_integral,speed_maximum,stress_height_0_05,surface_bulk_richardson_maximum,surface_bulk_richardson_mean,surface_buoyancy_flux,surface_density,surface_drag_u_dynamic_flux,surface_drag_u_kinematic_flux,surface_drag_v_dynamic_flux,surface_drag_v_kinematic_flux,surface_layer_face1_filtered_u_mean,surface_layer_face1_filtered_u_mean_w_mean_transport,surface_layer_face1_filtered_uw_product,surface_layer_face1_filtered_v_mean,surface_layer_face1_filtered_v_mean_w_mean_transport,surface_layer_face1_filtered_vw_product,surface_layer_face1_filtered_w_mean,surface_layer_face1_momentum_active_fraction,surface_layer_face1_momentum_deficit,surface_layer_face1_momentum_deficit_zero_fraction,surface_layer_face1_momentum_valid_zero_deficit_fraction,surface_layer_face1_resolved_u_flux,surface_layer_face1_resolved_v_flux,surface_layer_face1_transverse_resolved_stress,surface_layer_face1_viscosity,surface_layer_face1_viscosity_cap_fraction,surface_layer_face1_viscosity_zero_fraction,surface_layer_face1_ρqᵛ_active_fraction,surface_layer_face1_ρqᵛ_cap_fraction,surface_layer_face1_ρqᵛ_deficit,surface_layer_face1_ρqᵛ_diffusivity,surface_layer_face1_ρqᵛ_filtered_scalar_mean,surface_layer_face1_ρqᵛ_filtered_scalar_mean_w_mean_transport,surface_layer_face1_ρqᵛ_filtered_scalar_w_product,surface_layer_face1_ρqᵛ_resolved_flux,surface_layer_face1_ρθ_active_fraction,surface_layer_face1_ρθ_cap_fraction,surface_layer_face1_ρθ_deficit,surface_layer_face1_ρθ_deficit_zero_fraction,surface_layer_face1_ρθ_diffusivity,surface_layer_face1_ρθ_diffusivity_zero_fraction,surface_layer_face1_ρθ_filtered_scalar_mean,surface_layer_face1_ρθ_filtered_scalar_mean_w_mean_transport,surface_layer_face1_ρθ_filtered_scalar_w_product,surface_layer_face1_ρθ_resolved_flux,surface_layer_face1_ρθ_valid_zero_deficit_fraction,surface_layer_face2_filtered_u_mean,surface_layer_face2_filtered_u_mean_w_mean_transport,surface_layer_face2_filtered_uw_product,surface_layer_face2_filtered_v_mean,surface_layer_face2_filtered_v_mean_w_mean_transport,surface_layer_face2_filtered_vw_product,surface_layer_face2_filtered_w_mean,surface_layer_face2_momentum_active_fraction,surface_layer_face2_momentum_deficit,surface_layer_face2_resolved_u_flux,surface_layer_face2_resolved_v_flux,surface_layer_face2_transverse_resolved_stress,surface_layer_face2_viscosity,surface_layer_face2_viscosity_cap_fraction,surface_layer_face2_ρqᵛ_active_fraction,surface_layer_face2_ρqᵛ_cap_fraction,surface_layer_face2_ρqᵛ_deficit,surface_layer_face2_ρqᵛ_diffusivity,surface_layer_face2_ρqᵛ_filtered_scalar_mean,surface_layer_face2_ρqᵛ_filtered_scalar_mean_w_mean_transport,surface_layer_face2_ρqᵛ_filtered_scalar_w_product,surface_layer_face2_ρqᵛ_resolved_flux,surface_layer_face2_ρθ_active_fraction,surface_layer_face2_ρθ_cap_fraction,surface_layer_face2_ρθ_deficit,surface_layer_face2_ρθ_diffusivity,surface_layer_face2_ρθ_filtered_scalar_mean,surface_layer_face2_ρθ_filtered_scalar_mean_w_mean_transport,surface_layer_face2_ρθ_filtered_scalar_w_product,surface_layer_face2_ρθ_resolved_flux,surface_layer_filtered_friction_velocity,surface_layer_filtered_surface_flux_ρqᵛ,surface_layer_filtered_surface_flux_ρθ,surface_layer_filtered_surface_u_flux,surface_layer_filtered_surface_v_flux,surface_neutral_fallback_fraction,surface_sensible_heat_flux,surface_stability_cap_fraction,surface_stability_parameter_maximum,surface_stability_parameter_mean,surface_temperature,surface_theta_dynamic_flux,surface_theta_kinematic_flux,theta_maximum,theta_minimum,u_absolute_maximum,v_absolute_maximum,w_absolute_maximum,w_variance_maximum
0,12.5,1,0.77147060632705688,6.25,8,0,1,173309.359375,1,5.0487097934144756e-27,8,11.875,0.00018174079013988376,8.6545405793003738e-06,-6.6233260440640152e-06,1.3223112821578979,-0.78699588775634766,-0.59516686201095581,0,0,8,2.2182240400070441e-07,2.2182240400070441e-07,0,0,0,2.7727800500088051e-08,1,1,0,0,0,0,0,3.8573527336120605,0,0,0,0,1,0,0,0,0,0,1,0,1,0,3.8573527336120605,0,350.00762939453125,9.7049414762295783e-06,9.7049414762295783e-06,0,0,8,6.7548819515650393e-07,6.7548819515650393e-07,0,0,0,8.4436024394562992e-08,0,1,0,0,0,0,0,0,0,1,0,0,0,0,0,0,0,1,0,349.600830078125,2.951890928670764e-05,2.951890928670764e-05,0,0.77147054672241211,0,-0.00017790481797419488,-0.59516680240631104,0,0.4462890625,-0.23642179369926453,0,0.00075175828533247113,0.00020818470511585474,265,-0.00023524556308984756,-0.00017790483252611011,267.9375,264.9500732421875,8,0,1.3249705261841882e-06,3.2311742677852644e-27
60,25.051014039489203,1,0.62931978702545166,306.25,8,3.6588687635230599e-10,1,68591.5703125,1,0.005646164994686842,8.0098733901977539,23.798463337514743,0.00014565121091436595,2.1922176529187709e-05,-9.0841313067357987e-06,1.3223112821578979,-0.52369248867034912,-0.39604327082633972,-0.00043567290413193405,-0.00032947832369245589,7.885439395904541,8.7180524133145809e-08,-3.3596807043068111e-06,0.00032080782693810761,4.757684024525588e-09,3.7800425900513801e-08,2.3736902221571654e-08,1,0.99993914365768433,0,0,-3.4468594094505534e-06,3.3042756086842928e-08,-3.3186100978355171e-08,3.7824110984802246,0,0,0,0,1,0,0,0,0,0,1,0,1.0338774919509888,0.0146484375,3.9107902050018311,0.0146484375,350.00750732421875,1.0448507964611053e-05,1.9155442714691162e-05,8.7097232608357444e-06,0.0146484375,7.9677543640136719,1.9850267563015223e-07,-4.1368475649505854e-06,0.00012089031224604696,1.1446800840531068e-08,1.5005885245500394e-07,3.873719833791256e-08,0,0.99997532367706299,-4.335336598160211e-06,1.3861203740361816e-07,-7.929511980364623e-08,0,0,0,0,1,0,0,0,0,0,0,0,0.99986159801483154,0,349.6009521484375,1.6443897038698196e-05,3.0285213142633438e-05,1.3843520719092339e-05,0.75652801990509033,0,-0.00017987200408242643,-0.5723346471786499,-2.5329489290015772e-05,0.306640625,-0.32426103949546814,0,0.00060244952328503132,0.00012973698903806508,264.99583333323244,-0.00032264780020341277,-0.00024400290567427874,267.9375,264.95843505859375,8.00982666015625,0.020721785724163055,0.046475965529680252,0.00025651766918599606
120,25.153585993721052,1,0.55460238456726074,343.75,7.999997615814209,1.2033186669313523e-09,1,30719.05859375,1,0.036054335534572601,8.0195474624633789,23.895906694034998,0.00017396990733686835,4.9235735787078738e-05,-1.3882806342735421e-05,1.3223112821578979,-0.4067198634147644,-0.30758252739906311,-0.0011728717945516109,-0.00088698614854365587,7.6183795928955078,-2.1434971131384373e-06,-3.2538489904254675e-05,0.0021350299939513206,3.1217034290875745e-08,7.346552024500852e-07,2.0309016690589488e-08,1,0.99941873550415039,0,0,-3.0395058274734765e-05,7.0343821789720096e-07,-7.1034679649528698e-07,3.6426424980163574,0,0,0,0,1,0,0,0,0,0,1,0,1.321867823600769,0.02734375,4.8182544708251953,0.02734375,350.00726318359375,1.185201108455658e-05,2.6232562959194183e-05,1.4378254491020925e-05,0.02734375,7.8567948341369629,-3.5024131648242474e-06,-5.8629724662750959e-05,0.00099868327379226685,1.0559137564314369e-07,2.5008437205542577e-06,-9.3641574494540691e-09,0,0.99970883131027222,-5.5127391533460468e-05,2.395252522546798e-06,-1.2768689430231461e-06,0,0,0,0,1,0,0,0,0,0,0,0,0.999747633934021,0,349.6009521484375,4.2635947465896606e-06,2.9521062970161438e-05,2.5240799004677683e-05,0.72894883155822754,0,-0.0002040993858827278,-0.53136646747589111,-0.00013156715431250632,0.1171875,-0.49555131793022156,0,0.00071962975198403001,0.00021451228531077504,264.99166666646488,-0.00049308588495478034,-0.00037289698957465589,267.93698120117188,264.96792602539062,8.0195465087890625,0.051746681332588196,0.085489958524703979,0.00062498886836692691
180,25.207509587765568,1,0.49733537435531616,343.75,7.9999942779541016,5.5688968991773891e-09,1,17381.83984375,1,0.11890394985675812,8.0235748291015625,23.947134108377288,0.00021699738863389939,8.7129214080050588e-05,-1.7692625988274813e-05,1.3223112821578979,-0.32705748081207275,-0.24733774363994598,-0.0020213956013321877,-0.0015286835841834545,7.2694425582885742,-1.1705997167155147e-05,-7.7115168096497655e-05,0.0061461096629500389,7.500025844819902e-08,1.0970077255478827e-06,1.8415448721498251e-08,1,0.9985957145690918,0,0,-6.5409338276367635e-05,1.0220073818345554e-06,-1.0614203347358853e-06,3.476409912109375,0,0,0,0,1,0,0,0,0,0,1,0,1.2221243381500244,0.044921875,4.2554407119750977,0.044921875,350.00677490234375,1.2977048754692078e-05,2.6777386665344238e-05,1.3795839549857192e-05,0.044921875,7.6927003860473633,-2.28536082431674e-05,-0.00017274392303079367,0.0030884693842381239,3.4428671824571211e-07,3.4791696634783875e-06,-4.5780325308442116e-08,0,0.99928414821624756,-0.00014989067858550698,3.134882717859e-06,-1.5494343870159355e-06,0,0,0,0,1,0,0,0,0,0,0,0,0.99976634979248047,0,349.6007080078125,-3.5315752029418945e-06,1.9825994968414307e-05,2.3361148123512976e-05,0.69624054431915283,0,-0.00024482409935444593,-0.48475104570388794,-0.00032900017686188221,0.017578125,-0.63154411315917969,0,0.00089767109602689743,0.0003615387249737978,264.98749999969732,-0.00062840210739523172,-0.00047523007378913462,267.9365234375,264.97213745117188,8.0235424041748047,0.089277371764183044,0.07931721955537796,0.0009930772939696908
240,25.274001807289981,1,0.45141884684562683,168.75,7.9999918937683105,2.0159765412586239e-08,1,11234.318359375,1,0.26704436540603638,8.0477199554443359,24.010301716925479,0.00025430636014789343,0.00013484650116879493,-2.0470684830797836e-05,1.3223112821578979,-0.26944383978843689,-0.203767329454422,-0.002881642896682024,-0.0021792470943182707,6.8814845085144043,-3.3254618756473064e-05,-0.00012933622929267585,0.012613039463758469,1.4031240880285623e-07,2.3720062927168328e-06,1.2252712622284889e-08,1,0.99762523174285889,0,0,-9.6081705123651773e-05,2.2316935428534634e-06,-2.347943564018351e-06,3.2991123199462891,0,0,0,0,1,0,0,0,0,0,0.9990234375,0,1.3507946729660034,0.044921875,4.4660940170288086,0.0458984375,350.00607299804688,1.1844560503959656e-05,2.3797154426574707e-05,1.1941998309339397e-05,0.044921875,7.4988012313842773,-7.6232361607253551e-05,-0.00033009855542331934,0.0065755904652178288,7.982697525221738e-07,4.4447406253311783e-06,-7.6077412813901901e-08,0,0.99892127513885498,-0.00025386569905094802,3.6464709864958422e-06,-1.6830699678394012e-06,0,0,0,0,1,0,0,0,0,0,0,0,0.9997972846031189,0,349.60028076171875,-1.0505318641662598e-05,9.7379088401794434e-06,2.027325717790518e-05,0.66133409738540649,0,-0.00029394193552434444,-0.43736350536346436,-0.00060875259805470705,0,-0.73070770502090454,0,0.0010520634241402149,0.00055776123190298676,264.98333333292976,-0.00072707235813140869,-0.00054984964663162827,267.93606567382812,264.97607421875,8.047642707824707,0.13106638193130493,0.11952314525842667,0.0014378698542714119
300,25.409511746487983,1,0.4140477180480957,168.75,7.9999904632568359,2.642756058435225e-08,1,7824.4072265625,1,0.49316343665122986,8.0521907806396484,24.139036159163581,0.00030727247940376401,0.00019368639914318919,-2.267982745252084e-05,1.3223112821578979,-0.22666080296039581,-0.17141258716583252,-0.0037060817703604698,-0.0028027303051203489,6.4818482398986816,-6.6356384195387363e-05,-0.00019410013919696212,0.021513944491744041,1.8994273887074087e-07,2.6752463782031555e-06,9.2404661700129509e-09,1,0.99634450674057007,0,0,-0.0001277438277611509,2.4853029572113883e-06,-2.747185817497666e-06,3.1188488006591797,0,0,0,0,1,0,0,0,0,0,1,0,1.4178001880645752,0.056640625,4.4407215118408203,0.056640625,350.00515747070312,1.1071562767028809e-05,2.1018087863922119e-05,9.9205954029457644e-06,0.056640625,7.2907247543334961,-0.00017002108506858349,-0.00054011563770473003,0.011518198996782303,1.1735371572285658e-06,5.5031978263286874e-06,-1.0177609510719776e-07,0,0.99860930442810059,-0.00037009519292041659,4.3296613512211479e-06,-1.8989856016560225e-06,0,0,0,0,1,0,0,0,0,0,0,0,0.99982935190200806,0,349.5997314453125,-1.7225742340087891e-05,-1.5646219253540039e-07,1.7070278772735037e-05,0.62593424320220947,0,-0.00034619917278178036,-0.3917955756187439,-0.00095329299801960588,0,-0.80956387519836426,0,0.0012713441392406821,0.00080121884820982814,264.9791666661622,-0.00080553616862744093,-0.00060918799135833979,267.93563842773438,264.9796142578125,8.0521030426025391,0.17000913619995117,0.18311965465545654,0.0020374024752527475
360,25.63019954083261,1,0.38432991504669189,168.75,7.9999885559082031,2.2932031384925722e-08,1,5781.1142578125,1,0.90130829811096191,8.1134414672851562,24.348689563790977,0.00037189372233115137,0.00026218613493256271,-2.4549408408347517e-05,1.3223112821578979,-0.19526652991771698,-0.14767062664031982,-0.0044797393493354321,-0.0033878099638968706,6.0898542404174805,-9.8154181614518166e-05,-0.00027755973860621452,0.032687507569789886,1.6621652321191505e-07,5.4388328862842172e-06,5.2386894822120667e-09,1,0.99423503875732422,0,0,-0.00017940523684956133,5.2726181820617057e-06,-5.8852765505434945e-06,2.9396586418151855,0,0,0,0,1,0,0,0,0,0,1,0,1.2739650011062622,0.064453125,3.7691917419433594,0.064453125,350.00408935546875,8.6724758148193359e-06,1.6883015632629395e-05,8.2001370174111798e-06,0.064453125,7.0782742500305176,-0.00027135945856571198,-0.00085994228720664978,0.01790371909737587,1.3782432688458357e-06,-9.0906723926309496e-07,-1.2264354154467583e-07,0,0.99801743030548096,-0.00058858311967924237,-2.2873080069985008e-06,2.1053324417152908e-07,0,0,0,0,1,0,0,0,0,0,0,0,0.99985063076019287,0,349.59902954101562,-2.5168061256408691e-05,-1.0251998901367188e-05,1.4936987099645194e-05,0.59115326404571533,0,-0.00039868970634415746,-0.34946578741073608,-0.0013452002312988043,0,-0.87629914283752441,0,0.001538878888823092,0.0010847094235941768,264.97499999939464,-0.00087193946819752455,-0.00065940560307353735,267.93515014648438,264.98175048828125,8.1133575439453125,0.27244150638580322,0.25737902522087097,0.0051382444798946381
420,45.456013731834133,1,0.36249300837516785,168.75,7.9999856948852539,-1.6193126839425531e-08,1,4510.59423828125,1,1.774718165397644,8.2120885848999023,43.183213045242425,0.00047586258733645082,0.00033590139355510473,-2.6400071874377318e-05,1.3223112821578979,-0.17367634177207947,-0.13134300708770752,-0.0051700291223824024,-0.0039098425768315792,5.7217273712158203,-0.00010599079541862011,-0.00036333088064566255,0.045614723116159439,-1.4980741980252787e-07,-4.9390109779778868e-07,1.6443664208054543e-09,1,0.99105632305145264,0,0,-0.00025734014343470335,-3.4409640647936612e-07,-1.0562034731265157e-06,2.7653443813323975,0,0,0,0,1,0,0,0,0,0,1,0,1.2154437303543091,0.0703125,3.392012357711792,0.0703125,350.0028076171875,6.0461461544036865e-06,1.2673437595367432e-05,6.5912827267311513e-06,0.0703125,6.8665590286254883,-0.00030897650867700577,-0.0015151116531342268,0.025683928281068802,2.1778851078124717e-06,1.9896111552952789e-05,-1.3993121683597565e-07,0,0.996307373046875,-0.001206135842949152,1.7718226445140317e-05,-7.4858262451016344e-06,0,0,0,0,1,0,0,0,0,0,0,0,0.99986416101455688,0,349.59820556640625,-3.4824013710021973e-05,-2.123415470123291e-05,1.3581122402683832e-05,0.55787044763565063,0,-0.00045061501441523433,-0.31122416257858276,-0.0017655480187386274,0,-0.94235914945602417,0,0.0019694771617650986,0.0013898636680096388,264.97083333262708,-0.0009376708185300231,-0.00070911506190896034,267.93472290039062,264.98309326171875,8.2116889953613281,0.52582097053527832,0.58248269557952881,0.016238279640674591
480,59.821331481670704,1,0.35267078876495361,81.25,7.9999780654907227,-2.4820287762850057e-06,1,3798.47509765625,1,5.8576898574829102,8.4802217483520508,56.830264907587164,0.00057764002121984959,0.00040111888665705919,-2.8869495508843102e-05,1.3223112821578979,-0.1643642783164978,-0.1243007481098175,-0.0057464661076664925,-0.0043457741849124432,5.3967833518981934,-9.657139889895916e-05,-0.00078615732491016388,0.059483766555786133,9.5913128461688757e-07,7.9652119893580675e-05,5.8207660913467407e-11,1,0.97485542297363281,0,0,-0.00068958639167249203,7.8692988608963788e-05,-8.4495091869030148e-05,2.5693473815917969,0,0,0,0,1,0,0,0,0,0,1,0,1.4519269466400146,0.0751953125,3.8275027275085449,0.0751953125,350.00140380859375,2.8461217880249023e-06,8.0913305282592773e-06,5.2314094318717252e-06,0.0751953125,6.6590995788574219,-0.00029885349795222282,-0.00505808275192976,0.035127751529216766,1.5868230548221618e-05,0.00012476819392759353,-1.4982651919126511e-07,0,0.98680484294891357,-0.0047592297196388245,0.00010889996337937191,-4.0302893467014655e-05,0,0,0,0,1,0,0,0,0,0,0,0,0.99999403953552246,0,349.59735107421875,-4.1335821151733398e-05,-4.0650367736816406e-05,5.9835554111486999e-07,0.52703177928924561,0,-0.00050325901247560978,-0.27776652574539185,-0.0021973792463541031,0,-1.0305060148239136,0,0.0023911390453577042,0.0016599160153418779,264.96666666585952,-0.0010253791697323322,-0.0007754446123726666,267.93429565429688,264.98345947265625,8.4793910980224609,1.0343551635742188,1.1084128618240356,0.064326092600822449
540,72.841649809032418,1,0.35962462425231934,343.75,7.9999713897705078,1.1011814393668828e-07,1,3520.747314453125,1,14.921212196350098,8.4348964691162109,69.19956731858079,0.00069399207131937146,0.0004378454468678683,-3.3025808079401031e-05,1.3223112821578979,-0.1708989292383194,-0.12924258410930634,-0.0062823914922773838,-0.004751068539917469,5.1448378562927246,-0.00014067976735532284,-0.0023449307773262262,0.072631858289241791,5.5706259445287287e-06,0.00029393262229859829,-1.6880221664905548e-09,1,0.91162359714508057,0,0,-0.0022042510099709034,0.00028836197452619672,-0.00031229940941557288,2.2807364463806152,0,0,0,0,1,0,0,0,0,0,1,0,1.6145765781402588,0.1416015625,4.0355014801025391,0.1416015625,349.99993896484375,-1.1026859283447266e-06,-3.3080577850341797e-06,-2.2220619939616881e-06,0.1416015625,6.464930534362793,-0.00041655730456113815,-0.016543179750442505,0.046782098710536957,4.1349769162479788e-05,0.00061336922226473689,-1.5704426914453506e-07,0,0.9597550630569458,-0.016126621514558792,0.00057201948948204517,-0.00018048289348371327,0,0,0,0,1,0,0,0,0,0,0,0,1.0005686283111572,0,349.596435546875,-4.7057867050170898e-05,-0.00010389089584350586,-5.686063741450198e-05,0.50025033950805664,0,-0.00056253891671076417,-0.25025433301925659,-0.0026284297928214073,0,-1.178866982460022,0,0.0028733932413160801,0.0018120342865586281,264.96249999909196,-0.0011730019468814135,-0.00088708457769826055,267.933837890625,264.98318481445312,8.4316139221191406,1.5945806503295898,1.3231005668640137,0.12975308299064636
600,91.570221332928455,1,0.37683975696563721,343.75,7.9999661445617676,1.309732482468462e-07,1,3508.0029296875,1,27.634637832641602,8.7485828399658203,86.991710266282027,0.00069689436350017786,0.00044070545118302107,-3.8137321098474786e-05,1.3223112821578979,-0.187701016664505,-0.14194919168949127,-0.0054124682210385799,-0.0040931878611445427,4.983421802520752,-0.00026366999372839928,-0.0066693434491753578,0.080300942063331604,1.4187251508701593e-05,0.0014076759107410908,-2.5611370801925659e-09,1,0.73195493221282959,0.041015625,0.041015625,-0.0064056734554469585,0.0013934888411313295,-0.0014814183814451098,1.7545449733734131,0,0.041015625,0,0,1,0,0,0,0,0,1,0,0.68548440933227539,0.28515625,1.646808385848999,0.28515625,349.99859619140625,-2.3543834686279297e-06,-3.2246112823486328e-05,-2.9833827284164727e-05,0.28515625,6.3043179512023926,-0.00092701800167560577,-0.037660889327526093,0.056309875100851059,6.1332772020250559e-05,0.006204250268638134,-1.6007106751203537e-07,0,0.91620868444442749,-0.036733869463205338,0.006142917089164257,-0.0015062189195305109,0,0,0,0,1,0,0,0,0,0,0,0,1.0018463134765625,0,349.595703125,-4.0173530578613281e-05,-0.00022476911544799805,-0.00018463496235199273,0.47901773452758789,0,-0.00063453329494222999,-0.22946229577064514,-0.0029953571502119303,0,-1.3613241910934448,0,0.0028853940311819315,0.0018238917691633105,264.9583333323244,-0.0013545514084398746,-0.0010243816068395972,267.93350219726562,264.98101806640625,8.7147655487060547,2.1983730792999268,1.6544262170791626,0.19943776726722717
660,103.86863593854542,1,0.3908790647983551,343.75,7.9999556541442871,9.9702091915787605e-08,1,3465.654541015625,1,42.496578216552734,8.6375331878662109,98.675204141618153,0.00068932113936170936,0.00044576986692845821,-4.3080621253466234e-05,1.3223112821578979,-0.20202714204788208,-0.1527833491563797,-0.0012848579790443182,-0.0009716759086586535,4.9024310111999512,-0.00061175599694252014,-0.016903320327401161,0.070916943252086639,2.4187327653635293e-05,0.0036976744886487722,-1.5133991837501526e-09,1,0.4081386923789978,0.3037109375,0.3037109375,-0.016291562467813492,0.0036734871100634336,-0.0038965092971920967,0.95071017742156982,0,0.3037109375,0,0,1,0,0,0,0,0,1,0,0.37749189138412476,0.5576171875,0.88163578510284424,0.5576171875,349.99737548828125,-4.6789646148681641e-06,-0.000102996826171875,-9.8545584478415549e-05,0.5576171875,6.196007251739502,-0.0018651243299245834,-0.064454704523086548,0.051540762186050415,0.00011763382644858211,0.014437902718782425,-1.6309786587953568e-07,0,0.86693251132965088,-0.062589578330516815,0.014320270158350468,-0.0032162484712898731,0,0,0,0,1,0,0,0,0,0,0,0,1.0033539533615112,0,349.5950927734375,-3.8027763366699219e-05,-0.00037348270416259766,-0.00033539265859872103,0.46326684951782227,0,-0.00071748462505638599,-0.21462732553482056,-0.0028819900471717119,0,-1.5377768278121948,0,0.0028539961203932762,0.0018448695773258805,264.95416666555684,-0.0015301262028515339,-0.0011571603827178478,267.93316650390625,264.97775268554688,8.6027164459228516,2.1824207305908203,1.662161111831665,0.21919439733028412
720,125.42742604469808,1,0.41046640276908875,381.25,7.9999403953552246,3.0077396218075592e-07,1,3476.185791015625,1,57.838859558105469,8.6569538116455078,119.15605474246317,0.00088322238298133016,0.00045473064528778195,-4.9735888751456514e-05,1.3223112821578979,-0.22277820110321045,-0.16847637295722961,0.0019251131452620029,0.0014558698749169707,4.8916468620300293,-0.0020033372566103935,-0.03991217166185379,0.054931148886680603,4.3258514779154211e-06,0.0055667543783783913,-5.8207660913467407e-10,1,0.12701199948787689,0.7275390625,0.7275390625,-0.037908829748630524,0.0055624283850193024,-0.0059519866481423378,0.29075604677200317,0,0.7275390625,0,0,1,0,0,0,0,0,1,0,0.24387885630130768,0.7939453125,0.56085860729217529,0.7939453125,349.9962158203125,-1.1265277862548828e-05,-0.00026404857635498047,-0.00025304005248472095,0.7939453125,6.1364841461181641,-0.0043091094121336937,-0.10134521126747131,0.041651021689176559,8.9422101154923439e-06,0.016903435811400414,-1.6507692635059357e-07,0,0.80250823497772217,-0.097036108374595642,0.016894493252038956,-0.003619989613071084,0,0,0,0,1,0,0,0,0,0,0,0,1.0051436424255371,0,349.59454345703125,-4.1365623474121094e-05,-0.00055551528930664062,-0.00051436945796012878,0.45257103443145752,0,-0.00081322307232767344,-0.20484818518161774,-0.0023709931410849094,0,-1.7753386497497559,0,0.0036581119056791067,0.0018820267869159579,264.94999999878928,-0.0017665061168372631,-0.0013359230943024158,267.93301391601562,264.96942138671875,8.6297903060913086,2.3511686325073242,1.7246854305267334,0.25325411558151245
780,153.56309838133126,1,0.42208018898963928,381.25,7.9999294281005859,3.608179213188123e-07,1,3352.12744140625,1,63.667015075683594,8.7996273040771484,145.88494346226469,0.0017210704972967505,0.00048950687050819397,-5.6079534260788932e-05,1.3223112821578979,-0.23552989959716797,-0.17811985313892365,0.0044524790719151497,0.003367194440215826,4.9312071800231934,-0.0042226603254675865,-0.064267955720424652,0.033118791878223419,-0.00028346630278974771,0.0075185662135481834,1.3969838619232178e-09,1,0.049078498035669327,0.8974609375,0.8974609375,-0.060045294463634491,0.0078020333312451839,-0.0080360397696495056,0.11103606224060059,0,0.8974609375,0,0,1,0,0,0,0,0,1,0,0.26255875825881958,0.8291015625,0.60052764415740967,0.8291015625,349.99517822265625,-3.4093856811523438e-05,-0.00047010183334350586,-0.00043593457667157054,0.8291015625,6.1153535842895508,-0.007414206862449646,-0.13025461137294769,0.034387782216072083,-0.00064720987575128675,0.021171370521187782,-1.6600824892520905e-07,0,0.75571286678314209,-0.12284040451049805,0.021818578243255615,-0.0043576210737228394,0,0,0,0,1,0,0,0,0,0,0,0,1.0071083307266235,0,349.5938720703125,-5.4478645324707031e-05,-0.00076496601104736328,-0.00071082869544625282,0.44643360376358032,0,-0.0009256328921765089,-0.199379563331604,-0.0013458426110446453,0,-2.001777172088623,0,0.0071392110548913479,0.0020262184552848339,264.94583333202172,-0.001991818193346262,-0.0015063156606629491,267.93270874023438,264.969970703125,8.7516899108886719,2.4757821559906006,2.4193916320800781,0.33040910959243774
840,167.9017599808235,1,0.40957322716712952,381.25,7.9999136924743652,4.5535071535596217e-07,1,3005.232666015625,1,59.968036651611328,8.7773523330688477,159.50667198178232,0.0034177994821220636,0.00057057815138250589,-5.7155306421918795e-05,1.3223112821578979,-0.22179257869720459,-0.16773098707199097,0.0033593000844120979,0.0025404759217053652,4.9786901473999023,-0.0064897704869508743,-0.076935991644859314,0.015435848385095596,-0.0002922613057307899,0.0066151143983006477,-1.1641532182693481e-09,1,0.010222899727523327,0.9658203125,0.9658203125,-0.070446223020553589,0.0069073769263923168,-0.0070034409873187542,0.023260366171598434,0,0.9658203125,0,0,1,0,0,0,0,0,1,0,0.20205874741077423,0.85546875,0.46370077133178711,0.85546875,349.9940185546875,-4.482269287109375e-05,-0.00059533119201660156,-0.00055059458827599883,0.85546875,6.1296062469482422,-0.011060163378715515,-0.13607776165008545,0.031211558729410172,-0.00071290810592472553,0.016724428161978722,-1.6810372471809387e-07,0,0.75753474235534668,-0.12501758337020874,0.017437335103750229,-0.0032888099085539579,0,0,0,0,1,0,0,0,0,0,0,0,1.0077331066131592,0,349.59329223632812,-6.7114830017089844e-05,-0.00084090232849121094,-0.00077330437488853931,0.44107967615127563,0,-0.0010354316327720881,-0.19471028447151184,-0.00062568788416683674,0,-2.0401773452758789,0,0.014222122728824615,0.0023624654859304428,264.94166666525416,-0.0020300270989537239,-0.0015352112241089344,267.93255615234375,264.95205688476562,8.7742280960083008,2.1173520088195801,2.0544209480285645,0.29436391592025757
900,159.07495723785337,1,0.39842614531517029,381.25,7.9998917579650879,6.1815188701075385e-07,1,2683.51025390625,1,54.996391296386719,8.5351438522338867,151.12120937596069,0.002307249465957284,0.00061092525720596313,-5.8922370953951031e-05,1.3223112821578979,-0.20990583300590515,-0.15874162316322327,-0.00099049881100654602,-0.00074906629743054509,5.0077128410339355,-0.0057947784662246704,-0.087966844439506531,0.017632469534873962,-0.00012431820505298674,0.0044388021342456341,-4.6566128730773926e-10,1,0.0021609598770737648,0.990234375,0.990234375,-0.082172058522701263,0.0045631206594407558,-0.004618185106664896,0.0046759364195168018,0,0.990234375,0,0,1,0,0,0,0,0,1,0,0.055048961192369461,0.94140625,0.12739783525466919,0.94140625,349.99285888671875,-3.4809112548828125e-05,-0.00074362754821777344,-0.00070950225926935673,0.94140625,6.1503067016601562,-0.01047520712018013,-0.13645121455192566,0.047445058822631836,-0.0002709606196731329,0.010734917595982552,-1.6950070858001709e-07,0,0.76339906454086304,-0.12597601115703583,0.011005877517163754,-0.0020214389078319073,0,0,0,0,1,0,0,0,0,0,0,0,1.0092716217041016,0,349.59283447265625,-7.6532363891601562e-05,-0.0010049343109130859,-0.00092716084327548742,0.43444442749023438,0,-0.0011311732232570648,-0.18895868957042694,-0.00039322173688560724,0,-2.1032533645629883,0,0.0095811029896140099,0.0025294350925832987,264.9374999984866,-0.0020927893929183483,-0.0015826752642169595,267.93246459960938,264.91827392578125,8.5280866622924805,2.0522329807281494,1.7290382385253906,0.24535813927650452
960,182.57510107885543,1,0.39223393797874451,381.25,7.9998588562011719,8.3108909620932536e-07,1,2451.60986328125,1,50.011566162109375,8.3675251007080078,173.44634602491266,0.0027567818760871887,0.0006686417618766427,-6.1535269196610898e-05,1.3223112821578979,-0.20342683792114258,-0.15384186804294586,-0.0017363725928589702,-0.0013131345622241497,5.024477481842041,-0.0039995070546865463,-0.096783310174942017,0.027704097330570221,2.1510233636945486e-05,0.0039003812707960606,1.0477378964424133e-09,1,0,1,1,-0.092783793807029724,0.0038788714446127415,-0.0040744463913142681,0,0,1,0,0,1,0,0,0,0,0,1,0,0.008423706516623497,0.9873046875,0.018267881125211716,0.9873046875,349.9918212890625,-1.3977289199829102e-05,-0.00090187788009643555,-0.00088845606660470366,0.9873046875,6.1628975868225098,-0.0089605525135993958,-0.1382407546043396,0.070724442601203918,-0.00010606448631733656,0.0087692374363541603,-1.6950070858001709e-07,0,0.76377755403518677,-0.1292802095413208,0.0088753020390868187,-0.0016541397199034691,0,0,0,0,1,0,0,0,0,0,0,0,1.0116004943847656,0,349.59286499023438,-8.0823898315429688e-05,-0.0012423992156982422,-0.0011600453872233629,0.42755645513534546,0,-0.0012199024204164743,-0.1830243319272995,-0.00048237145529128611,0,-2.196521520614624,0,0.011457366868853569,0.0027688154950737953,264.93333333171904,-0.0021855935920029879,-0.0016528585692867637,267.93252563476562,264.95623779296875,8.3387489318847656,2.0016779899597168,1.651810884475708,0.22975443303585052
1020,206.41597668412618,1,0.37655648589134216,381.25,7.9998064041137695,1.0528347047511488e-06,1,2121.318359375,1,42.327953338623047,8.3639049530029297,196.09517784991985,0.0032312783878296614,0.00075726426439359784,-6.2925195379648358e-05,1.3223112821578979,-0.18744990229606628,-0.14175929129123688,-0.0041952868923544884,-0.0031726923771202564,5.0263824462890625,-0.0033816443756222725,-0.099299207329750061,0.048313487321138382,0.00014965684385970235,0.0026538465172052383,4.6566128730773926e-10,1,0,1,1,-0.095917560160160065,0.0025041897315531969,-0.0029041673988103867,0,0,1,0,0,1,0,0,0,0,0,1,0,0.0016615497879683971,0.9970703125,0.0035898103378713131,0.9970703125,349.9910888671875,-1.8715858459472656e-05,-0.001074373722076416,-0.0010557200293987989,0.9970703125,6.1705431938171387,-0.0079363808035850525,-0.13328322768211365,0.099565833806991577,5.1733106374740601e-05,0.0028788968920707703,-1.7229467630386353e-07,0,0.77862793207168579,-0.1253468245267868,0.002827162854373455,-0.00063144846353679895,0,0,0,0,1,0,0,0,0,0,0,0,1.0133435726165771,0,349.593505859375,-0.0001068115234375,-0.0014421939849853516,-0.0013343570753931999,0.42003351449966431,0,-0.0013020274927839637,-0.1766333281993866,-0.00081978098023682833,0,-2.2461352348327637,0,0.013441280461847782,0.0031362944282591343,264.92916666495148,-0.0022349604405462742,-0.0016901923809200525,267.9327392578125,264.94973754882812,8.3548774719238281,2.2403271198272705,1.4838614463806152,0.186379075050354
1080,226.75556349791856,1,0.36613628268241882,381.25,7.9997177124023438,1.4451435390583356e-06,1,1862.5513916015625,1,36.6005859375,8.1629829406738281,215.41778532302263,0.0040994309820234776,0.00086733954958617687,-6.5880980400834233e-05,1.3223112821578979,-0.17711421847343445,-0.13394290208816528,-0.0072727501392364502,-0.0055000288411974907,5.0074529647827148,-0.0026609082706272602,-0.10101228207349777,0.072908580303192139,0.00029984192224219441,0.00046229653526097536,1.3969838619232178e-09,1,0,1,1,-0.098351374268531799,0.00016245472943410277,-0.0010187157895416021,0,0,1,0,0,1,0,0,0,0,0,1,0,0,1,0,1,349.99053955078125,-3.0577182769775391e-05,-0.001271367073059082,-0.0012400755658745766,1,6.1647601127624512,-0.0072202906012535095,-0.12514933943748474,0.12294292449951172,0.00051164673641324043,0.0020725373178720474,-1.7508864402770996e-07,0,0.79997706413269043,-0.11792904138565063,0.0015608904650434852,-0.00045836163917556405,0,0,0,0,1,0,0,0,0,0,0,0,1.0154316425323486,0,349.59451293945312,-0.00013113021850585938,-0.0016753673553466797,-0.0015431579668074846,0.41157293319702148,0,-0.0013799455482512712,-0.1695113331079483,-0.0014460766687989235,0,-2.3516430854797363,0,0.01708039827644825,0.0035930057056248188,264.92499999818392,-0.0023399433121085167,-0.0017695858841761947,267.93276977539062,264.94284057617188,8.1602878570556641,2.0180816650390625,1.3610055446624756,0.16191583871841431
1140,233.96507331830503,1,0.35797831416130066,393.75,7.9996519088745117,4.8649167183612008e-06,1,1649.8641357421875,1,35.0233154296875,8.2147550582885742,222.26681965238976,0.0076469131745398045,0.00096909672720357776,-6.9512345362454653e-05,1.3223112821578979,-0.16925713419914246,-0.12800097465515137,-0.0081276297569274902,-0.0061465329490602016,4.9713554382324219,-0.0024590273387730122,-0.10286110639572144,0.093934759497642517,0.00014055450446903706,-0.00029076557257212698,2.1536834537982941e-09,1,0,1,1,-0.10040207207202911,-0.00043132007704116404,-0.00092744978610426188,0,0,1,0,0,1,0,0,0,0,0,1,0,0,1,0,1,349.9903564453125,-2.5480985641479492e-05,-0.0014808923006057739,-0.0014544718433171511,1,6.1414384841918945,-0.0065469145774841309,-0.11877252906560898,0.13430981338024139,0.00035890436265617609,0.0017396655166521668,-1.7881393432617188e-07,0,0.81684565544128418,-0.11222562193870544,0.0013807609211653471,-0.0004849458928219974,0,0,0,0,1,0,0,0,0,0,0,0,1.0176141262054443,0,349.59613037109375,-0.00012326240539550781,-0.0018849372863769531,-0.0017614105017855763,0.40307798981666565,0,-0.0014603438321501017,-0.16254213452339172,-0.0022205160930752754,0,-2.4812657833099365,0,0.032078959047794342,0.0040155686438083649,264.92083333141636,-0.0024689212441444397,-0.0018671256257221103,267.93301391601562,264.94558715820312,8.2143650054931641,1.9538558721542358,1.5516276359558105,0.13111484050750732
1200,154.5628453431811,1,0.34981966018676758,393.75,7.9995841979980469,6.8030685724806972e-06,1,1474.5562744140625,1,35.661449432373047,8.2107353210449219,146.83470307602204,0.0057383012026548386,0.0011132118524983525,-7.2579052357468754e-05,1.3223112821578979,-0.16149064898490906,-0.12212755531072617,-0.010260429233312607,-0.0077594658359885216,4.9312267303466797,-0.0026103882119059563,-0.10240451991558075,0.11126406490802765,-6.1042897868901491e-05,-0.0017225784249603748,0,1,0,1,1,-0.09979412704706192,-0.0016615347703918815,-0.00030633201822638512,0,0,1,0,0,1,0,0,0,0,0,1,0,0,1,0,1,349.99050903320312,-2.5868415832519531e-05,-0.0016626119613647461,-0.001635783351957798,1,6.1180992126464844,-0.0062449909746646881,-0.11637565493583679,0.13695764541625977,-9.4650546088814735e-05,0.0014305559452623129,-1.8253922462463379e-07,0,0.82824254035949707,-0.11013065278530121,0.0015252061421051621,-0.0005891165928915143,0,0,0,0,1,0,0,0,0,0,0,0,1.0195424556732178,0,349.59823608398438,-0.00012922286987304688,-0.0020837783813476562,-0.0019542372319847345,0.39431402087211609,0,-0.0015384196303784847,-0.15554720163345337,-0.0030943015590310097,0,-2.5907330513000488,0,0.023983411490917206,0.0046141492202877998,264.9166666646488,-0.0025778438430279493,-0.0019494984298944473,267.93359375,264.93194580078125,8.2096433639526367,1.5948774814605713,1.4679464101791382,0.11188505589962006
1260,166.04464635692545,1,0.3538852334022522,393.75,7.9994997978210449,9.3118287622928619e-06,1,1405.0947265625,1,37.844806671142578,8.2511930465698242,157.74241403907916,0.0057111466303467751,0.0011491307523101568,-7.8853627201169729e-05,1.3223112821578979,-0.16531844437122345,-0.12502233684062958,-0.0096411090344190598,-0.0072911041788756847,4.893974781036377,-0.0019986601546406746,-0.10656315833330154,0.12662950158119202,-0.00016003311611711979,-0.0012448382331058383,2.0954757928848267e-09,1,0,1,1,-0.10456450283527374,-0.001084804767742753,-0.0016638075467199087,0,0,1,0,0,1,0,0,0,0,0,1,0,0,1,0,1,349.99078369140625,-1.6450881958007812e-05,-0.0018475651741027832,-0.0018300188239663839,1,6.0889644622802734,-0.0060181133449077606,-0.1161283403635025,0.136738121509552,-0.00022155279293656349,0.0011474769562482834,-1.8347054719924927e-07,0,0.83467340469360352,-0.11011022329330444,0.0013690290506929159,-0.00067862833384424448,0,0,0,0,1,0,0,0,0,0,0,0,1.0206012725830078,0,349.6002197265625,-0.00014066696166992188,-0.0022008419036865234,-0.0020601353608071804,0.38695546984672546,0,-0.001629937207326293,-0.14977234601974487,-0.003970833495259285,0,-2.8147060871124268,0,0.023868702352046967,0.0047631855122745037,264.91249999788124,-0.0028007025830447674,-0.0021180356852710247,267.93435668945312,264.9205322265625,8.2483863830566406,2.1218957901000977,1.7073515653610229,0.17706578969955444
1320,160.54854565879586,1,0.350606769323349,393.75,7.9994006156921387,1.2198271178931464e-05,1,1290.908447265625,1,36.305324554443359,8.2220354080200195,152.52111837585605,0.010427461937069893,0.0012852756772190332,-8.3465201896615326e-05,1.3223112821578979,-0.16222666203975677,-0.12268417328596115,-0.010171795263886452,-0.007692436221987009,4.8607640266418457,-0.0020211227238178253,-0.10776565968990326,0.13932971656322479,-9.4132497906684875e-05,-0.0014827926643192768,2.7939677238464355e-09,1,0,1,1,-0.10574452579021454,-0.0013886599335819483,-0.0019237279193475842,0,0,1,0,0,1,0,0,0,0,0,1,0,0,1,0,1,349.9912109375,-2.384185791015625e-05,-0.0020673274993896484,-0.0020430192817002535,1,6.052454948425293,-0.0046527087688446045,-0.11669091880321503,0.14240685105323792,8.9731533080339432e-05,0.0015505081973969936,-1.862645149230957e-07,0,0.83726662397384644,-0.11203820258378983,0.0014607756165787578,-0.0007332206005230546,0,0,0,0,1,0,0,0,0,0,0,0,1.0228930711746216,0,349.60208129882812,-0.00013113021850585938,-0.0024211406707763672,-0.0022893028799444437,0.38101214170455933,0,-0.0017307843081653118,-0.14518092572689056,-0.0045686196535825729,0,-2.9793176651000977,0,0.043985415250062943,0.0053303232416510582,264.90833333111368,-0.0029644952155649662,-0.0022419041488319635,267.93515014648438,264.92401123046875,8.2219486236572266,2.1306033134460449,1.5844463109970093,0.15613925457000732
1380,120.93791945996547,1,0.34526437520980835,393.75,7.9992952346801758,1.5566041838610545e-05,1,1184.7764892578125,1,34.448837280273438,8.2694025039672852,114.89102348696719,0.0075822561047971249,0.0013725324533879757,-8.6847809143364429e-05,1.3223112821578979,-0.15733464062213898,-0.11898457258939743,-0.0096351001411676407,-0.0072865597903728485,4.8234195709228516,-0.0024788267910480499,-0.10773789882659912,0.14900922775268555,9.8748365417122841e-05,-0.00079229334369301796,4.6566128730773926e-10,1,0,1,1,-0.10525907576084137,-0.00089104112703353167,-0.0028769616037607193,0,0,1,0,0,1,0,0,0,0,0,1,0,0,1,0,1,349.99154663085938,-3.9577484130859375e-05,-0.002225041389465332,-0.0021851323544979095,1,6.0125331878662109,-0.0040653087198734283,-0.11324876546859741,0.1497294008731842,0.00055615004384890199,0.0031897271983325481,-1.8812716007232666e-07,0,0.84633660316467285,-0.10918344557285309,0.0026335760485380888,-0.00090799073223024607,0,0,0,0,1,0,0,0,0,0,0,0,1.0228919982910156,0,349.60369873046875,-0.00014233589172363281,-0.0024318695068359375,-0.0022892022971063852,0.37507104873657227,0,-0.0018310688901692629,-0.14068752527236938,-0.0050816647708415985,0,-3.1000609397888184,0,0.031803704798221588,0.0056920042261481285,264.90416666434612,-0.0030846376903355122,-0.0023327621165663004,267.93600463867188,264.92630004882812,8.2682571411132812,1.7407245635986328,1.5174970626831055,0.12832461297512054
1440,187.38557346759933,1,0.33709505200386047,393.75,7.9991908073425293,1.9610062736319378e-05,1,1086.7745361328125,1,32.046379089355469,8.2637386322021484,178.01629479421936,0.014003499411046505,0.0015216548927128315,-8.8116590632125735e-05,1.3223112821578979,-0.14975148439407349,-0.11324979364871979,-0.012330716475844383,-0.0093251233920454979,4.7812561988830566,-0.0025491639971733093,-0.10515321791172028,0.16036619246006012,-5.7682627812027931e-06,-0.0023153265938162804,-9.3132257461547852e-10,1,0,1,1,-0.10260404646396637,-0.0023095584474503994,-0.0019821994937956333,0,0,1,0,0,1,0,0,0,0,0,1,0,0,1,0,1,349.99176025390625,-3.7670135498046875e-05,-0.0023323297500610352,-0.0022945057135075331,1,5.968165397644043,-0.0039795674383640289,-0.10847668349742889,0.15398120880126953,0.00042881537228822708,0.001898894552141428,-1.862645149230957e-07,0,0.85739970207214355,-0.10449710488319397,0.0014700791798532009,-0.00079059170093387365,0,0,0,0,1,0,0,0,0,0,0,0,1.0238056182861328,0,349.60488891601562,-0.00014424324035644531,-0.0025241374969482422,-0.0023805652745068073,0.36910879611968994,0,-0.00192786636762321,-0.13625764846801758,-0.0056887045502662659,0,-3.145350456237793,0,0.059503696858882904,0.0063147032633423805,264.89999999757856,-0.003129701828584075,-0.0023668420035392046,267.93609619140625,264.9239501953125,8.2625293731689453,1.6582324504852295,1.4399958848953247,0.11586320400238037
1500,177.20873169956715,1,0.32793551683425903,393.75,7.999086856842041,2.4089546059258282e-05,1,994.3912353515625,1,30.281581878662109,8.1621713638305664,168.34829511458878,0.0060166418552398682,0.0016451732954010367,-8.8664150098338723e-05,1.3223112821578979,-0.14188122749328613,-0.10729790478944778,-0.0095698460936546326,-0.0072372113354504108,4.733222484588623,-0.00222812220454216,-0.10200570523738861,0.17113590240478516,0.0001118212821893394,-0.0004127963911741972,-1.9790604710578918e-09,1,0,1,1,-0.099777594208717346,-0.00052461773157119751,-0.0041500777006149292,0,0,1,0,0,1,0,0,0,0,0,1,0,0,1,0,1,349.99176025390625,-3.5524368286132812e-05,-0.0024190545082092285,-0.0023836586624383926,1,5.9213275909423828,-0.0035417061299085617,-0.10244205594062805,0.15903039276599884,0.00035909010330215096,0.0014601598959416151,-1.8766149878501892e-07,0,0.86973989009857178,-0.098900333046913147,0.0011010697344318032,-0.00074512278661131859,0,0,0,0,1,0,0,0,0,0,0,0,1.0236685276031494,0,349.60589599609375,-0.00013887882232666016,-0.0025056600570678711,-0.0023668529465794563,0.36272573471069336,0,-0.002009211340919137,-0.13153553009033203,-0.0061562149785459042,0,-3.16489577293396,0,0.025160215795040131,0.0068265143781900406,264.895833330811,-0.0031491499394178391,-0.0023815496824681759,267.934814453125,264.92218017578125,8.1601295471191406,1.6986294984817505,1.3042323589324951,0.10535159707069397
1560,145.36806556927579,1,0.32572558522224426,393.75,7.9989776611328125,2.888394556066487e-05,1,941.22821044921875,1,29.6807861328125,8.170323371887207,138.09966229081198,0.025161892175674438,0.0017947586020454764,-9.1791123850271106e-05,1.3223112821578979,-0.14003269374370575,-0.10589994490146637,-0.0085501428693532944,-0.0064660590142011642,4.6795616149902344,-0.0026305653154850006,-0.1008448451757431,0.18525318801403046,0.00010697927791625261,0.00069006253033876419,-2.9103830456733704e-09,1,0,1,1,-0.098214276134967804,0.0005830829031765461,-0.0054205399937927723,0,0,1,0,0,1,0,0,0,0,0,1,0,0,1,0,1,349.991455078125,-3.8862228393554688e-05,-0.0025108456611633301,-0.0024720290675759315,1,5.8676052093505859,-0.0031334105879068375,-0.097647801041603088,0.17437778413295746,0.00022020674077793956,-0.00090027181431651115,-1.8929131329059601e-07,0,0.88044911623001099,-0.094514384865760803,-0.0011204789625480771,-0.00044202827848494053,0,0,0,0,1,0,0,0,0,0,0,0,1.0235546827316284,0,349.60662841796875,-0.00012707710266113281,-0.0024824142456054688,-0.0023554621729999781,0.35638302564620972,0,-0.0020847360137850046,-0.12696757912635803,-0.0062661655247211456,0,-3.2765140533447266,0,0.10955526679754257,0.0074574630707502365,264.89166666404344,-0.0032602129504084587,-0.0024655412416905165,267.93426513671875,264.91290283203125,8.1670150756835938,1.6637996435165405,1.0664044618606567,0.11094292253255844
1620,147.8507140884802,1,0.31183773279190063,393.75,7.9988632202148438,3.4548535040812567e-05,1,844.66778564453125,1,26.321701049804688,8.2443599700927734,140.4581783840562,0.0071583273820579052,0.0019107594853267074,-8.9751156338024884e-05,1.3223112821578979,-0.12822553515434265,-0.09697076678276062,-0.0096109900623559952,-0.0072683263570070267,4.6232261657714844,-0.0023561995476484299,-0.09524160623550415,0.20227861404418945,5.2968069212511182e-05,-0.00065693492069840431,-4.6566128730773926e-10,1,0,1,1,-0.092885419726371765,-0.00070990342646837234,-0.0040655494667589664,0,0,1,0,0,1,0,0,0,0,0,1,0,0,1,0,1,349.99102783203125,-4.0948390960693359e-05,-0.0025326013565063477,-0.002491768216714263,1,5.8141965866088867,-0.0020132949575781822,-0.092289820313453674,0.1971161812543869,6.0969265177845955e-05,-0.0033611427061259747,-1.9208528101444244e-07,0,0.89037638902664185,-0.090276509523391724,-0.0034221122041344643,-0.00015123310731723905,0,0,0,0,1,0,0,0,0,0,0,0,1.0244683027267456,0,349.6072998046875,-0.00010734796524047852,-0.0025540590286254883,-0.0024468326009809971,0.34972977638244629,0,-0.0021463613957166672,-0.12225249409675598,-0.0063302875496447086,0,-3.2036969661712646,0,0.030000720173120499,0.007932441309094429,264.88749999727588,-0.0031877581495791674,-0.0024107471108436584,267.93313598632812,264.91046142578125,8.24200439453125,1.5389912128448486,0.96930867433547974,0.090794667601585388
1680,149.49723459867639,1,0.30455237627029419,393.75,7.9987626075744629,4.0576112951384857e-05,1,784.88970947265625,1,25.882173538208008,8.3184289932250977,142.02237286874256,0.0083048008382320404,0.0020960541442036629,-8.9974062575493008e-05,1.3223112821578979,-0.12228000164031982,-0.092474445700645447,-0.0094835422933101654,-0.0071719437837600708,4.5639686584472656,-0.0016633099876344204,-0.091511666774749756,0.22097101807594299,9.3275157269090414e-05,-0.00055973697453737259,6.9849193096160889e-10,1,0,1,1,-0.089848369359970093,-0.00065301195718348026,-0.0042910464107990265,0,0,1,0,0,1,0,0,0,0,0,1,0,0,1,0,1,349.99053955078125,-3.3289194107055664e-05,-0.0025823414325714111,-0.0025489972904324532,1,5.7627191543579102,-0.001350967213511467,-0.086648859083652496,0.22088706493377686,7.1532122092321515e-05,-0.0027755855116993189,-1.9371509552001953e-07,0,0.90037679672241211,-0.085297882556915283,-0.0028471166733652353,-0.00022766189067624509,0,0,0,0,1,0,0,0,0,0,0,0,1.0245535373687744,0,349.60784912109375,-9.4354152679443359e-05,-0.0025498270988464355,-0.0024553572293370962,0.34260320663452148,0,-0.0021962383762001991,-0.11726916581392288,-0.0064976918511092663,0,-3.211653470993042,0,0.034883830696344376,0.0087059875950217247,264.88333333050832,-0.0031956750899553299,-0.0024167343508452177,267.9317626953125,264.91372680664062,8.3177423477172852,2.072026252746582,1.0850298404693604,0.087630763649940491
1740,149.73470400350243,1,0.3037261962890625,393.75,7.9986929893493652,4.562148023978807e-05,1,750.9681396484375,1,26.25117301940918,8.3121480941772461,142.2479688033273,0.0076991049572825432,0.0021785243880003691,-9.3274989922065288e-05,1.3223112821578979,-0.1213863343000412,-0.091798610985279083,-0.012047277763485909,-0.0091107729822397232,4.5008754730224609,-0.001549628097563982,-0.09022270143032074,0.2399132251739502,5.5736585636623204e-05,-0.0018693078309297562,2.9103830456733704e-10,1,0,1,1,-0.088673077523708344,-0.0019250446930527687,-0.0033592823892831802,0,0,1,0,0,1,0,0,0,0,0,1,0,0,1,0,1,349.98980712890625,-2.9951333999633789e-05,-0.0026537477970123291,-0.0026238400023430586,1,5.7060918807983398,-0.0010946691036224365,-0.080536589026451111,0.24199999868869781,0.00011355290189385414,-0.0034047935623675585,-1.9418075680732727e-07,0,0.91079133749008179,-0.079441912472248077,-0.0035183459986001253,-0.00015591640840284526,0,0,0,0,1,0,0,0,0,0,0,0,1.0241274833679199,0,349.60784912109375,-8.4161758422851562e-05,-0.0024968385696411133,-0.0024127562064677477,0.33585703372955322,0,-0.0022430834360420704,-0.11266373842954636,-0.0067885527387261391,0,-3.3294816017150879,0,0.032301213592290878,0.0090497145429253578,264.87916666374076,-0.0033129169605672359,-0.0025053985882550478,267.93115234375,264.902099609375,8.3101787567138672,1.9410661458969116,1.1019339561462402,0.085383199155330658
1800,154.71076179186605,1,0.30048125982284546,393.75,7.9986534118652344,4.9639933422440663e-05,1,720.8427734375,1,26.68311882019043,8.2011642456054688,146.97522370227273,0.013683656230568886,0.0023245860356837511,-9.4091767095960677e-05,1.3223112821578979,-0.11881630122661591,-0.089855015277862549,-0.011691677384078503,-0.0088418498635292053,4.4372215270996094,-0.0018224800005555153,-0.088520675897598267,0.25535014271736145,2.6758600142784417e-05,-0.0013557295314967632,1.7462298274040222e-10,1,0,1,1,-0.086698196828365326,-0.0013824885245412588,-0.0043377410620450974,0,0,1,0,0,1,0,0,0,0,0,1,0,0,1,0,1,349.98873901367188,-3.1083822250366211e-05,-0.0026855170726776123,-0.002654234878718853,1,5.6428027153015137,-0.00097250565886497498,-0.077011555433273315,0.25691002607345581,6.0016143834218383e-05,-0.00073684286326169968,-1.9697472453117371e-07,0,0.91764694452285767,-0.076039053499698639,-0.00079686008393764496,-0.00047863845247775316,0,0,0,0,1,0,0,0,0,0,0,0,1.0236644744873047,0,349.60751342773438,-8.5651874542236328e-05,-0.002451777458190918,-0.0023664426989853382,0.32990604639053345,0,-0.002293257974088192,-0.10866964608430862,-0.0072224885225296021,0,-3.3586361408233643,0,0.058106020092964172,0.0096614621579647064,264.8749999969732,-0.0033419264946132898,-0.0025273372884839773,267.93258666992188,264.92047119140625,8.1973276138305664,1.9172468185424805,1.0191659927368164,0.10839104652404785
1860,153.8701073120456,1,0.29957342147827148,393.75,7.9986262321472168,5.3955078328726813e-05,1,687.63287353515625,1,27.405805587768555,8.1335821151733398,146.17660194644333,0.010133916512131691,0.0024142023175954819,-9.7744690719991922e-05,1.3223112821578979,-0.11827968806028366,-0.089449204504489899,-0.0096145514398813248,-0.0072710197418928146,4.3751058578491211,-0.0021319994702935219,-0.087728217244148254,0.26519304513931274,2.685315121198073e-05,0.00053169392049312592,2.9103830456733704e-10,1,0,1,1,-0.085596218705177307,0.00050484039820730686,-0.0064336997456848621,0,0,1,0,0,1,0,0,0,0,0,1,0,0,1,0,1,349.9876708984375,-3.6634504795074463e-05,-0.0027934163808822632,-0.0027568433433771133,1,5.5780954360961914,-0.00052453950047492981,-0.073750101029872894,0.27337628602981567,9.8613803857006133e-05,0.001349004334770143,-1.9784783944487572e-07,0,0.923179030418396,-0.073225557804107666,0.001250389963388443,-0.00068355165421962738,0,0,0,0,1,0,0,0,0,0,0,0,1.0249223709106445,0,349.607177734375,-8.2165002822875977e-05,-0.002574235200881958,-0.0024922424927353859,0.32473134994506836,0,-0.0023459061048924923,-0.10527984797954559,-0.0073207877576351166,0,-3.4890284538269043,0,0.042721979320049286,0.010034887120127678,264.87083333020564,-0.0034716702066361904,-0.0026254560798406601,267.93438720703125,264.906494140625,8.1310558319091797,2.0461976528167725,1.1102571487426758,0.10262507200241089
1920,153.5418981819131,1,0.29537668824195862,393.75,7.998603343963623,5.7342986110597849e-05,1,650.3955078125,1,27.121892929077148,8.1320886611938477,145.86480327281743,0.018728304654359818,0.002561736386269331,-9.9058350315317512e-05,1.3223112821578979,-0.11490777879953384,-0.08689919114112854,-0.010296951048076153,-0.0077870856039226055,4.3172898292541504,-0.0025260206311941147,-0.085287868976593018,0.2738364040851593,2.930693153757602e-05,-0.00027499278075993061,1.3969838619232178e-09,1,0,1,1,-0.082761861383914948,-0.00030429987236857414,-0.0056526404805481434,0,0,1,0,0,1,0,0,0,0,0,1,0,0,1,0,1,349.98663330078125,-4.3451786041259766e-05,-0.0028481781482696533,-0.002804809482768178,1,5.5171728134155273,-0.00094353267922997475,-0.073336593806743622,0.28941082954406738,7.1970978751778603e-05,0.00024843006394803524,-1.9709113985300064e-07,0,0.92628830671310425,-0.072393059730529785,0.00017645861953496933,-0.00058109627570956945,0,0,0,0,1,0,0,0,0,0,0,0,1.0249314308166504,0,349.6068115234375,-9.0867280960083008e-05,-0.0025838315486907959,-0.0024931479711085558,0.31972602009773254,0,-0.0023965220898389816,-0.10205069929361343,-0.007361165713518858,0,-3.5359201431274414,0,0.080383151769638062,0.010656055063009262,264.86666666343808,-0.0035183285363018513,-0.002660741563886404,267.934326171875,264.91329956054688,8.1314735412597656,1.8605971336364746,1.0141429901123047,0.10484404861927032
1980,156.92493727855887,1,0.29265886545181274,393.75,7.9985718727111816,5.8181900385534391e-05,1,614.58734130859375,1,28.130414962768555,8.1643562316894531,149.07869041463093,0.010759145021438599,0.0026157815009355545,-0.00010196273797191679,1.3223112821578979,-0.11280634999275208,-0.085309982299804688,-0.010069887153804302,-0.0076153678819537163,4.2678041458129883,-0.0020925069693475962,-0.084097474813461304,0.28516334295272827,-1.7759506590664387e-05,0.00014460470993071795,5.8207660913467407e-10,1,0,1,1,-0.082004979252815247,0.00016236421652138233,-0.0063325017690658569,0,0,1,0,0,1,0,0,0,0,0,1,0,0,1,0,1,349.98541259765625,-3.8564205169677734e-05,-0.0029485076665878296,-0.0029097008518874645,1,5.4620466232299805,-0.0012674257159233093,-0.073014706373214722,0.30533239245414734,-1.4719553291797638e-06,0.00045421021059155464,-1.9790604710578918e-07,0,0.92901319265365601,-0.071747273206710815,0.00045568146742880344,-0.00060648377984762192,0,0,0,0,1,0,0,0,0,0,0,0,1.0249298810958862,0,349.60629272460938,-9.8347663879394531e-05,-0.0025913119316101074,-0.0024929889477789402,0.31514984369277954,0,-0.0024518067948520184,-0.099134370684623718,-0.0074579953216016293,0,-3.6395931243896484,0,0.045414876192808151,0.010875241830945015,264.86249999667052,-0.0036214857827872038,-0.0027387542650103569,267.93194580078125,264.90554809570312,8.1632146835327148,2.1244087219238281,1.0406203269958496,0.10079354047775269
2040,157.3574212725951,1,0.29547023773193359,393.75,7.9984931945800781,5.9627938753692433e-05,1,605.5333251953125,1,30.248968124389648,8.1750612258911133,149.48955020896534,0.011099073104560375,0.0027449124027043581,-0.00010649843170540407,1.3223112821578979,-0.1148962676525116,-0.086890481412410736,-0.01120440661907196,-0.0084733506664633751,4.2247161865234375,-0.0015550176613032818,-0.08434508740901947,0.29498332738876343,-5.2753406635019928e-05,-0.0004778606235049665,1.4551915228366852e-10,1,0,1,1,-0.082790069282054901,-0.00042510719504207373,-0.0059646805748343468,0,0,1,0,0,1,0,0,0,0,0,1,0,0,1,0,1,349.98428344726562,-3.9726495742797852e-05,-0.0030731558799743652,-0.0030334917828440666,1,5.4108467102050781,-0.00084112584590911865,-0.074247963726520538,0.32060500979423523,2.9369257390499115e-06,-1.5633442671969533e-05,-1.9813887774944305e-07,0,0.92878735065460205,-0.073406845331192017,-1.8570921383798122e-05,-0.00057238631416112185,0,0,0,0,1,0,0,0,0,0,0,0,1.0268915891647339,0,349.6055908203125,-0.00010317564010620117,-0.0027921199798583984,-0.0026891641318798065,0.31125169992446899,0,-0.0025136759504675865,-0.096696019172668457,-0.0075201913714408875,0,-3.8014960289001465,0,0.046881940215826035,0.011418088339269161,264.85833332990296,-0.0037825831677764654,-0.0028605845291167498,267.93270874023438,264.90829467773438,8.174560546875,1.8858664035797119,1.2094355821609497,0.10871434211730957
2100,164.31001426822425,1,0.30274707078933716,393.75,7.9983701705932617,6.3855404732748866e-05,1,606.884521484375,1,32.720188140869141,8.1715145111083984,156.09451355481303,0.11487477272748947,0.0029250686056911945,-0.00011430725135141984,1.3223112821578979,-0.12065844982862473,-0.091248147189617157,-0.011417839676141739,-0.0086347591131925583,4.1965723037719727,-0.0020669589284807444,-0.086912952363491058,0.30711135268211365,-0.0001934298052219674,-0.00041816290467977524,0,1,0,1,1,-0.084845989942550659,-0.00022473331773653626,-0.0065417843870818615,0,0,1,0,0,1,0,0,0,0,0,1,0,0,1,0,1,349.983642578125,-4.7087669372558594e-05,-0.0032775700092315674,-0.0032304571941494942,1,5.3643174171447754,-0.0012352354824542999,-0.079928696155548096,0.33769500255584717,-0.00011947081657126546,0.0009766588918864727,-2.0070001482963562e-07,0,0.92479181289672852,-0.078693464398384094,0.001096128486096859,-0.00071565445978194475,0,0,0,0,1,0,0,0,0,0,0,0,1.0299177169799805,0,349.6051025390625,-0.00010514259338378906,-0.0030969381332397461,-0.0029917743522673845,0.30918747186660767,0,-0.0025990491267293692,-0.09541165828704834,-0.0077372952364385128,0,-4.0802345275878906,0,0.66001546382904053,0.012357806786894798,264.8541666631354,-0.004059934988617897,-0.0030703323427587748,267.9306640625,264.89938354492188,8.1712064743041992,1.9283556938171387,1.1415748596191406,0.11042039841413498
2160,162.81254826139082,1,0.29996395111083984,393.75,7.998265266418457,6.7996865254826844e-05,1,583.93597412109375,1,32.942741394042969,8.2170944213867188,154.67192084832126,0.011091779917478561,0.0028340928256511688,-0.00011555319360923022,1.3223112821578979,-0.11841311305761337,-0.089550107717514038,-0.011594640091061592,-0.0087684653699398041,4.1747941970825195,-0.0024878953117877245,-0.085949204862117767,0.31347501277923584,-0.00035229107015766203,-0.00047220021951943636,-9.8953023552894592e-10,1,0,1,1,-0.08346131443977356,-0.00011990920756943524,-0.0068207373842597008,0,0,1,0,0,1,0,0,0,0,0,1,0,0,1,0,1,349.98291015625,-5.7011842727661133e-05,-0.003318488597869873,-0.0032617826946079731,1,5.3258514404296875,-0.0010502338409423828,-0.080741308629512787,0.34685501456260681,-0.00023057498037815094,0.0039992742240428925,-2.0116567611694336e-07,0,0.92454862594604492,-0.079691074788570404,0.0042298492044210434,-0.0010419351747259498,0,0,0,0,1,0,0,0,0,0,0,0,1.0301387310028076,0,349.60446166992188,-0.00011384487152099609,-0.0031279325485229492,-0.003013878595083952,0.30767697095870972,0,-0.0026882898528128862,-0.094497844576835632,-0.0079385880380868912,0,-4.1247091293334961,0,0.046850435435771942,0.011790897697210312,264.84999999636784,-0.0041041881777346134,-0.003103798720985651,267.9295654296875,264.8912353515625,8.2158708572387695,2.1862518787384033,1.2147113084793091,0.10371574759483337
2220,174.27691290614186,1,0.29755651950836182,393.75,7.9982089996337891,6.956721335882321e-05,1,574.9775390625,1,33.975528717041016,8.201848030090332,165.56306726083477,0.014299538917839527,0.0029487665742635727,-0.00011455063940957189,1.3223112821578979,-0.11640523374080658,-0.088031642138957977,-0.012526314705610275,-0.0094730453565716743,4.1516294479370117,-0.0018303897231817245,-0.084538176655769348,0.31478887796401978,-0.00029766029911115766,-0.0016292197396978736,-2.2118911147117615e-09,1,0,1,1,-0.082707792520523071,-0.0013315598480403423,-0.0057866349816322327,0,0,1,0,0,1,0,0,0,0,0,1,0,0,1,0,1,349.98184204101562,-5.5253505706787109e-05,-0.0032567381858825684,-0.0032013319432735443,1,5.2962131500244141,-0.00093989633023738861,-0.079187445342540741,0.35162851214408875,-0.00024344294797629118,0.0041225384920835495,-2.0116567611694336e-07,0,0.92688888311386108,-0.078247547149658203,0.0043659810908138752,-0.001028209924697876,0,0,0,0,1,0,0,0,0,0,0,0,1.0303294658660889,0,349.60406494140625,-0.00013005733489990234,-0.0031630992889404297,-0.0030329353176057339,0.30604773759841919,0,-0.0027614664286375046,-0.093475401401519775,-0.0080788172781467438,0,-4.0889225006103516,0,0.060799121856689453,0.012277588248252869,264.84583332960028,-0.0040685795247554779,-0.0030768697615712881,267.92974853515625,264.88885498046875,8.2010993957519531,2.1711115837097168,1.5331007242202759,0.094563387334346771
2280,160.49253381411154,1,0.30052623152732849,393.75,7.9981808662414551,7.0518493885174394e-05,1,571.88812255859375,1,35.549514770507812,8.2039012908935547,152.46790712340595,0.024531470611691475,0.0029240893200039864,-0.00011865227861562744,1.3223112821578979,-0.11860081553459167,-0.089692056179046631,-0.014013839885592461,-0.010597988963127136,4.1309289932250977,-0.0021396372467279434,-0.085746906697750092,0.32250404357910156,-0.00028497504536062479,-0.0025415848940610886,-2.3283064365386963e-09,1,0,1,1,-0.083607271313667297,-0.0022566099651157856,-0.0054737827740609646,0,0,1,0,0,1,0,0,0,0,0,1,0,0,1,0,1,349.9808349609375,-6.2704086303710938e-05,-0.0033481121063232422,-0.003285314654931426,1,5.268193244934082,-0.0013342984020709991,-0.08012603223323822,0.35664623975753784,-9.6401199698448181e-05,0.0024861725978553295,-2.0302832126617432e-07,0,0.92701756954193115,-0.07879173755645752,0.0025825728662312031,-0.00090358289889991283,0,0,0,0,1,0,0,0,0,0,0,0,1.0315252542495728,0,349.60418701171875,-0.00013232231140136719,-0.0032854080200195312,-0.0031525243539363146,0.3048890233039856,0,-0.0028306599706411362,-0.092721842229366302,-0.0085241859778761864,0,-4.2353320121765137,0,0.10665697604417801,0.012176432646811008,264.84166666283272,-0.0042142607271671295,-0.0031870412640273571,267.9337158203125,264.88043212890625,8.2038431167602539,2.0739588737487793,1.2814176082611084,0.10325255244970322
2340,150.41783412190836,1,0.29995876550674438,393.75,7.9981684684753418,7.4784104072023183e-05,1,554.09271240234375,1,36.050151824951172,8.1718549728393555,142.89694241581293,0.017436329275369644,0.0029916749335825443,-0.00012177053577033803,1.3223112821578979,-0.1181197315454483,-0.089328236877918243,-0.014242645353078842,-0.010771023109555244,4.1154766082763672,-0.0021696127951145172,-0.085912562906742096,0.3319205641746521,-0.00016517529729753733,-0.0027349370066076517,-1.862645149230957e-09,1,0,1,1,-0.083742953836917877,-0.0025697618257254362,-0.0055191642604768276,0,0,1,0,0,1,0,0,0,0,0,1,0,0,1,0,1,349.97982788085938,-6.4849853515625e-05,-0.0035034418106079102,-0.0034387358464300632,1,5.2399377822875977,-0.0015185177326202393,-0.081799603998661041,0.36494466662406921,5.5293785408139229e-05,0.00092535128351300955,-2.0349398255348206e-07,0,0.92595690488815308,-0.080281093716621399,0.0008700569742359221,-0.00077754724770784378,0,0,0,0,1,0,0,0,0,0,0,0,1.0324556827545166,0,349.60403442382812,-0.00012803077697753906,-0.0033738613128662109,-0.0032455634791404009,0.30400672554969788,0,-0.0029034132603555918,-0.092162817716598511,-0.0088962623849511147,0,-4.3466391563415527,0,0.074629686772823334,0.012454118579626083,264.83749999606516,-0.0043250140734016895,-0.0032707988284528255,267.92996215820312,264.88522338867188,8.1704645156860352,2.1709270477294922,1.0883080959320068,0.097692176699638367
2400,153.90163774392227,1,0.2982887327671051,393.75,7.9981484413146973,7.8940669482108206e-05,1,541.50543212890625,1,35.281986236572266,8.1568126678466797,146.20655585672614,0.016971943899989128,0.0031295954249799252,-0.00012253150634933263,1.3223112821578979,-0.11653939634561539,-0.088133104145526886,-0.016157861799001694,-0.01221940852701664,4.1026029586791992,-0.0022026766091585159,-0.08495640754699707,0.35052508115768433,-1.9312603399157524e-05,-0.0045014605857431889,-1.862645149230957e-09,1,0,1,1,-0.082753725349903107,-0.0044821486808359623,-0.00395547179505229,0,0,1,0,0,1,0,0,0,0,0,1,0,0,1,0,1,349.97885131835938,-5.9247016906738281e-05,-0.0035365819931030273,-0.003477403661236167,1,5.2155790328979492,-0.0013697631657123566,-0.084079205989837646,0.3834405243396759,0.00023493915796279907,-0.0043990039266645908,-2.0954757928848267e-07,0,0.92371886968612671,-0.082709446549415588,-0.0046339435502886772,-0.00034106051316484809,0,0,0,0,1,0,0,0,0,0,0,0,1.0343999862670898,0,349.603759765625,-0.00012159347534179688,-0.0035617351531982422,-0.003439989173784852,0.30302959680557251,0,-0.0029710133094340563,-0.091506749391555786,-0.0093928016722202301,0,-4.3738017082214355,0,0.072569921612739563,0.013036072254180908,264.8333333292976,-0.004352041520178318,-0.0032912383321672678,267.931396484375,264.890869140625,8.1567192077636719,2.0820355415344238,1.2688956260681152,0.12068550288677216
2460,172.49278314188078,1,0.29066452383995056,393.75,7.9980998039245605,7.5406962423585355e-05,1,509.8807373046875,1,35.566719055175781,8.1881036758422852,163.86814398478674,0.037390917539596558,0.0033018910326063633,-0.00012040582078043371,1.3223112821578979,-0.11068007349967957,-0.083701983094215393,-0.015182909555733204,-0.011482099071145058,4.0948638916015625,-0.0026435684412717819,-0.081543087959289551,0.37077319622039795,9.6615403890609741e-06,-0.0033350447192788124,-1.862645149230957e-09,1,0,1,1,-0.07889951765537262,-0.0033447062596678734,-0.0051912618800997734,0,0,1,0,0,1,0,0,0,0,0,1,0,0,1,0,1,349.97784423828125,-6.7591667175292969e-05,-0.0035158395767211914,-0.0034484986681491137,1,5.2034454345703125,-0.0015736203640699387,-0.083831429481506348,0.40539419651031494,0.00037752208299934864,-0.0017431508749723434,-2.0908191800117493e-07,0,0.92578589916229248,-0.08225780725479126,-0.0021206738892942667,-0.00060568645130842924,0,0,0,0,1,0,0,0,0,0,0,0,1.0338845252990723,0,349.6036376953125,-0.00012099742889404297,-0.0035096406936645508,-0.0033884607255458832,0.30139416456222534,0,-0.0030244709923863411,-0.090483337640762329,-0.0098468102514743805,0,-4.2979249954223633,0,0.16763785481452942,0.013763051480054855,264.82916666253004,-0.0042765424586832523,-0.0032341419719159603,267.93011474609375,264.87442016601562,8.1880970001220703,2.0393702983856201,1.2568702697753906,0.090471431612968445
2520,170.99333067509428,1,0.28647008538246155,393.75,7.9980015754699707,6.4422929426655173e-05,1,488.22976684570312,1,37.233268737792969,8.2856855392456055,162.44366414133955,0.01982138492166996,0.003416932187974453,-0.00012037979468004778,1.3223112821578979,-0.10754662752151489,-0.081332303583621979,-0.014469366520643234,-0.010942481458187103,4.0874242782592773,-0.0030673034489154816,-0.079566463828086853,0.38191574811935425,-6.9079338572919369e-05,-0.0028952313587069511,-2.0954757928848267e-09,1,0,1,1,-0.076499149203300476,-0.0028261514380574226,-0.0057600284926593304,0,0,1,0,0,1,0,0,0,0,0,1,0,0,1,0,1,349.97650146484375,-7.7545642852783203e-05,-0.003516077995300293,-0.0034386366605758667,1,5.2023897171020508,-0.0022073071449995041,-0.083956241607666016,0.42290019989013672,0.00030539941508322954,0.0011887113796547055,-2.0791776478290558e-07,0,0.92838543653488159,-0.081748947501182556,0.0008833116153255105,-0.00085220090113580227,0,0,0,0,1,0,0,0,0,0,0,0,1.0337216854095459,0,349.6036376953125,-0.00013864040374755859,-0.003510594367980957,-0.0033721639774739742,0.29880803823471069,0,-0.0030596726574003696,-0.088922403752803802,-0.010093189775943756,0,-4.2969961166381836,0,0.085277549922466278,0.01424223929643631,264.82499999576248,-0.0042756181210279465,-0.0032334430143237114,267.93075561523438,264.867919921875,8.2840108871459961,2.458806037902832,1.0628128051757812,0.092757560312747955
2580,154.56492376322694,1,0.28435802459716797,393.75,7.9978704452514648,5.5024611356202513e-05,1,478.27645874023438,1,37.082607269287109,8.289149284362793,146.83667757506558,0.024495389312505722,0.0034661781974136829,-0.00012018699635518715,1.3223112821578979,-0.1057855635881424,-0.080000497400760651,-0.015543659217655659,-0.011754916980862617,4.0782456398010254,-0.0032530403696000576,-0.078370459377765656,0.38851708173751831,-6.5064930822700262e-05,-0.0039525954052805901,-4.6566128730773926e-09,1,0,1,1,-0.075117424130439758,-0.0038875304162502289,-0.0048526814207434654,0,0,1,0,0,1,0,0,0,0,0,1,0,0,1,0,1,349.97500610351562,-8.3208084106445312e-05,-0.0035309195518493652,-0.0034475116990506649,1,5.197758674621582,-0.0027095219120383263,-0.082746103405952454,0.43478462100028992,0.00022693513892591,0.0022747230250388384,-2.093147486448288e-07,0,0.93113148212432861,-0.080036573112010956,0.0020477876532822847,-0.00095686735585331917,0,0,0,0,1,0,0,0,0,0,0,0,1.0342087745666504,0,349.603759765625,-0.000141143798828125,-0.0035619735717773438,-0.0034208856523036957,0.29656270146369934,0,-0.0030929755885154009,-0.087533421814441681,-0.010294371284544468,0,-4.2901139259338379,0,0.1064913421869278,0.014444943517446518,264.82083332899492,-0.0042687701061367989,-0.0032282641623169184,267.93026733398438,264.85638427734375,8.2891445159912109,2.414642333984375,1.2310346364974976,0.096842803061008453
2640,151.27365639094791,1,0.27815154194831848,393.75,7.9977326393127441,5.3410392865771428e-05,1,449.96844482421875,1,35.830936431884766,8.1815710067749023,143.7099735714005,0.038216602057218552,0.0038056315388530493,-0.00011956453090533614,1.3223112821578979,-0.10135167837142944,-0.076647363603115082,-0.013933486305177212,-0.010537221096456051,4.0671849250793457,-0.0029145772568881512,-0.07549712061882019,0.39522808790206909,9.7295269370079041e-05,-0.0023871208541095257,-3.2596290111541748e-09,1,0,1,1,-0.072582542896270752,-0.0024844163563102484,-0.0062801982276141644,0,0,1,0,0,1,0,0,0,0,0,1,0,0,1,0,1,349.97372436523438,-8.2254409790039062e-05,-0.0035680532455444336,-0.0034862509928643703,1,5.1935606002807617,-0.0015880819410085678,-0.08008788526058197,0.44411122798919678,0.00033867696765810251,0.0028995801694691181,-2.0721927285194397e-07,0,0.93377232551574707,-0.078499816358089447,0.0025609030853956938,-0.0010419083992019296,0,0,0,0,1,0,0,0,0,0,0,0,1.0351144075393677,0,349.60418701171875,-9.6559524536132812e-05,-0.0036081075668334961,-0.0035114381462335587,0.29367116093635559,0,-0.0031130095012485981,-0.085776440799236298,-0.010469746775925159,0,-4.2678947448730469,0,0.1716950535774231,0.015888756141066551,264.81666666222736,-0.004246661439538002,-0.0032115443609654903,267.9317626953125,264.84063720703125,8.1815309524536133,1.9891117811203003,1.1351034641265869,0.10314708948135376
2700,166.1329713052302,1,0.28091201186180115,393.75,7.9975900650024414,5.586248153122142e-05,1,441.495361328125,1,35.050815582275391,8.200596809387207,157.82632273996867,0.073111079633235931,0.0040165390819311142,-0.00012552342377603054,1.3223112821578979,-0.10316474735736847,-0.078018501400947571,-0.015654005110263824,-0.011838366277515888,4.0485472679138184,-0.0031936289742588997,-0.075496256351470947,0.40106815099716187,2.5604618713259697e-05,-0.0037548127584159374,-8.149072527885437e-09,1,0,1,1,-0.072302617132663727,-0.0037804173771291971,-0.0051185041666030884,0,0,1,0,0,1,0,0,0,0,0,1,0,0,1,0,1,349.972412109375,-0.00011372566223144531,-0.0037413239479064941,-0.0036277733743190765,1,5.1847448348999023,-0.00068873725831508636,-0.0758465975522995,0.45547866821289062,0.00024013151414692402,0.0026423176750540733,-2.0512379705905914e-07,0,0.93763554096221924,-0.075157858431339264,0.002402185695245862,-0.0010208485182374716,0,0,0,0,1,0,0,0,0,0,0,0,1.0357345342636108,0,349.60440063476562,-8.6069107055664062e-05,-0.0036596059799194336,-0.0035734530538320541,0.29100582003593445,0,-0.003145917784422636,-0.084200546145439148,-0.010533570311963558,0,-4.4805998802185059,0,0.36243847012519836,0.016842728480696678,264.8124999954598,-0.004458308219909668,-0.0033716026227921247,267.93350219726562,264.8565673828125,8.2003545761108398,1.7225865125656128,1.1520036458969116,0.10076401382684708
2760,177.46801915162911,1,0.28269585967063904,393.75,7.9974417686462402,5.3966505220159888e-05,1,433.73968505859375,1,34.381278991699219,8.1880168914794922,168.59461819404765,0.049747064709663391,0.0039724204689264297,-0.00013021744962316006,1.3223112821578979,-0.10446268320083618,-0.079000070691108704,-0.0159615408629179,-0.012070940807461739,4.0252008438110352,-0.0022691767662763596,-0.076224908232688904,0.41232863068580627,-1.8922612071037292e-05,-0.0038921872619539499,-7.9162418842315674e-09,1,0,1,1,-0.073955744504928589,-0.0038732651155441999,-0.0055920933373272419,0,0,1,0,0,1,0,0,0,0,0,1,0,0,1,0,1,349.97103881835938,-9.6082687377929688e-05,-0.0038837194442749023,-0.0037883161567151546,1,5.1659622192382812,0.00014313310384750366,-0.072876147925853729,0.46727994084358215,8.1650912761688232e-05,0.00060071953339502215,-2.0815059542655945e-07,0,0.93977820873260498,-0.07301928848028183,0.00051906856242567301,-0.00088028208119794726,0,0,0,0,1,0,0,0,0,0,0,0,1.0353076457977295,0,349.60418701171875,-6.9022178649902344e-05,-0.0036001205444335938,-0.0035307565703988075,0.28934046626091003,0,-0.0031997798942029476,-0.083185434341430664,-0.01084025576710701,0,-4.6481542587280273,0,0.23034314811229706,0.016603849828243256,264.80833332869224,-0.0046250289306044579,-0.0034976855386048555,267.93270874023438,264.86227416992188,8.18756103515625,1.866515040397644,1.2234336137771606,0.098638400435447693
2820,181.0772425467556,1,0.28052243590354919,393.75,7.9972915649414062,4.9926420615520328e-05,1,418.76004028320312,1,33.129062652587891,8.1673049926757812,172.0233804194178,0.02335120365023613,0.0039503462612628937,-0.00013178851804696023,1.3223112821578979,-0.10282182693481445,-0.077759169042110443,-0.015981642529368401,-0.012086142785847187,3.9989290237426758,-0.0015233512967824936,-0.075348317623138428,0.42695322632789612,-6.3022482208907604e-05,-0.0040347548201680183,-6.28642737865448e-09,1,0,1,1,-0.073824971914291382,-0.0039717322215437889,-0.0058347666636109352,0,0,1,0,0,1,0,0,0,0,0,1,0,0,1,0,1,349.969482421875,-6.5565109252929688e-05,-0.0039589405059814453,-0.0038933032192289829,1,5.1397557258605957,4.7983601689338684e-05,-0.068655192852020264,0.48171225190162659,-5.3730560466647148e-05,-0.0014071820769459009,-2.0768493413925171e-07,0,0.94313728809356689,-0.06870318204164505,-0.0013534522149711847,-0.00067438359837979078,0,0,0,0,1,0,0,0,0,0,0,0,1.0348271131515503,0,349.60382080078125,-8.5711479187011719e-05,-0.0035684108734130859,-0.0034827154595404863,0.28783148527145386,0,-0.0032540988177061081,-0.082298919558525085,-0.011080377735197544,0,-4.7042341232299805,0,0.10125458240509033,0.016477970406413078,264.80416666192468,-0.0046808300539851189,-0.0035398851614445448,267.92889404296875,264.86285400390625,8.1671056747436523,2.0483970642089844,1.2242993116378784,0.092376329004764557
2880,175.96454028016947,1,0.28140673041343689,293.75,7.9974122047424316,0.0002687280357349664,1,413.77481079101562,1,32.855491638183594,8.2004880905151367,167.16631326616098,0.018509902060031891,0.0039717620238661766,-0.00013464163930620998,1.3223112821578979,-0.10337145626544952,-0.078174829483032227,-0.016710992902517319,-0.012637714855372906,3.9691767692565918,-0.0018864776939153671,-0.075528867542743683,0.44389975070953369,-6.7951041273772717e-05,-0.0044971704483032227,-5.1222741603851318e-09,1,0,1,1,-0.073642387986183167,-0.0044292192906141281,-0.0056196814402937889,0,0,1,0,0,1,0,0,0,0,0,1,0,0,1,0,1,349.968017578125,-7.8320503234863281e-05,-0.0040192604064941406,-0.0039409860037267208,1,5.104578971862793,-0.00042138993740081787,-0.067285299301147461,0.49798542261123657,0.00010534143075346947,-0.0033770904410630465,-2.0721927285194397e-07,0,0.9449840784072876,-0.066863909363746643,-0.0034824314061552286,-0.00049378385301679373,0,0,0,0,1,0,0,0,0,0,0,0,1.0351377725601196,0,349.603515625,-0.00011718273162841797,-0.0036308765411376953,-0.0035137804225087166,0.28634762763977051,0,-0.0033091590739786625,-0.081395767629146576,-0.01127342227846384,0,-4.8060770034790039,0,0.079408176243305206,0.016567917540669441,264.79999999515712,-0.0047821663320064545,-0.0036165209021419287,267.9290771484375,264.83694458007812,8.2004489898681641,2.003089427947998,1.2424888610839844,0.078179582953453064
2940,188.6323630403009,1,0.28247740864753723,293.75,7.9972200393676758,0.00011880563397426158,1,410.24002075195312,1,32.306838989257812,8.291499137878418,179.20074488828584,0.016831867396831512,0.0040398081764578819,-0.00013735771062783897,1.3223112821578979,-0.10407502204179764,-0.078706897795200348,-0.01735326275229454,-0.013123432174324989,3.9427003860473633,-0.0020057205110788345,-0.075555413961410522,0.46184509992599487,4.445924423635006e-05,-0.0046906094066798687,-4.8894435167312622e-09,1,0,1,1,-0.073549702763557434,-0.0047350693494081497,-0.0056296163238584995,0,0,1,0,0,1,0,0,0,0,0,1,0,0,1,0,1,349.96661376953125,-8.2731246948242188e-05,-0.0040701627731323242,-0.0039874142967164516,1,5.0629854202270508,-0.0014546867460012436,-0.067391827702522278,0.51449710130691528,0.00019907951354980469,-0.0038367104716598988,-2.069864422082901e-07,0,0.946075439453125,-0.065937146544456482,-0.0040357904508709908,-0.00044168566819280386,0,0,0,0,1,0,0,0,0,0,0,0,1.0352338552474976,0,349.60311889648438,-0.00014829635620117188,-0.0036715269088745117,-0.003523379098623991,0.28566938638687134,0,-0.0033750177826732397,-0.08094361424446106,-0.011566422879695892,0,-4.9030284881591797,0,0.07194945216178894,0.016855057328939438,264.79583332838956,-0.0048786355182528496,-0.0036894758231937885,267.92694091796875,264.85507202148438,8.2908554077148438,2.2664530277252197,0.94589251279830933,0.083477765321731567
3000,192.82793721152629,1,0.27552288770675659,231.25,7.9979681968688965,0.00045203804620541632,1,391.09683227539062,1,29.891777038574219,8.2491121292114258,183.18654035094997,0.025360481813549995,0.0043379375711083412,-0.0001336991845164448,1.3223112821578979,-0.098887808620929718,-0.074784062802791595,-0.017246246337890625,-0.013042501173913479,3.9153869152069092,-0.0016276407986879349,-0.072212204337120056,0.47716689109802246,-4.5752152800559998e-05,-0.0047137071378529072,-2.5611370801925659e-09,1,8.6341286078095436e-05,0.9990234375,0.9990234375,-0.070584550499916077,-0.0046679554507136345,-0.0056937639601528645,0.00012736668577417731,0,0.9990234375,0,0,1,0,0,0,0,0,1,0,0,1,0,1,349.96502685546875,-6.6399574279785156e-05,-0.0040102601051330566,-0.0039438274689018726,1,5.0253143310546875,-0.0012866239994764328,-0.064959213137626648,0.52726638317108154,-1.1091469787061214e-05,-0.0032999040558934212,-2.0582228899002075e-07,0,0.94840991497039795,-0.063672587275505066,-0.0032888129353523254,-0.00050042179645970464,0,0,0,0,1,0,0,0,0,0,0,0,1.0353960990905762,0,349.60260009765625,-0.00013804435729980469,-0.0036774873733520508,-0.0035395992454141378,0.28443416953086853,0,-0.0034216013737022877,-0.080169603228569031,-0.011854162439703941,0,-4.7724361419677734,0,0.11047010123729706,0.018118973821401596,264.791666661622,-0.0047486927360296249,-0.0035912063904106617,267.9285888671875,264.84756469726562,8.2486057281494141,1.967735767364502,1.077193021774292,0.088504113256931305
3060,223.45270024502133,1,0.27118173241615295,281.25,7.9972796440124512,0.00030153119587339461,1,373.33563232421875,1,28.896844863891602,8.1790018081665039,212.28006523277026,0.021718138828873634,0.0045053483918309212,-0.00013354321708902717,1.3223112821578979,-0.09583573043346405,-0.072475925087928772,-0.016478721052408218,-0.012462059035897255,3.8844032287597656,-0.0022449567914009094,-0.070453360676765442,0.48994180560112,-0.0001581370597705245,-0.0038987596053630114,-2.3283064365386963e-09,1,0,1,1,-0.068208396434783936,-0.0037406226620078087,-0.0066133816726505756,0,0,1,0,0,1,0,0,0,0,0,1,0,0,1,0,1,349.96340942382812,-9.2148780822753906e-05,-0.0040413737297058105,-0.0039493534713983536,1,4.9914050102233887,-0.0013393908739089966,-0.061409950256347656,0.53928232192993164,-0.00017180538270622492,-0.002753943670541048,-2.0558945834636688e-07,0,0.95220637321472168,-0.060070563107728958,-0.0025821386370807886,-0.00053345272317528725,0,0,0,0,1,0,0,0,0,0,0,0,1.0346196889877319,0,349.60214233398438,-0.00013983249664306641,-0.0036019086837768555,-0.0034619623329490423,0.28239980340003967,0,-0.003452865406870842,-0.078967086970806122,-0.012032542377710342,0,-4.766869068145752,0,0.093829773366451263,0.018823154270648956,264.78749999485444,-0.0047431532293558121,-0.0035870170686393976,267.92828369140625,264.83718872070312,8.1769065856933594,1.8428977727890015,0.86900579929351807,0.072448104619979858
3120,182.75575093389193,1,0.27368110418319702,393.75,7.9967927932739258,7.9589204688090831e-05,1,372.09234619140625,1,29.251291275024414,8.1256780624389648,173.61796338719734,0.019988283514976501,0.0045947562903165817,-0.0001377284643240273,1.3223112821578979,-0.097470343112945557,-0.073712103068828583,-0.017579171806573868,-0.013294276781380177,3.8515689373016357,-0.0023287292569875717,-0.070752032101154327,0.50010019540786743,-0.00022589333821088076,-0.0043155527673661709,-3.4924596548080444e-09,1,0,1,1,-0.068423300981521606,-0.0040896590799093246,-0.0065725343301892281,0,0,1,0,0,1,0,0,0,0,0,1,0,0,1,0,1,349.96148681640625,-9.2864036560058594e-05,-0.0041342377662658691,-0.0040412498638033867,1,4.9546365737915039,-0.00054877623915672302,-0.059784851968288422,0.55179756879806519,-4.8508052714169025e-05,-0.0026372564025223255,-2.073356881737709e-07,0,0.95341962575912476,-0.059236079454421997,-0.0025887493975460529,-0.00054105347953736782,0,0,0,0,1,0,0,0,0,0,0,0,1.0344278812408447,0,349.60113525390625,-0.00010573863983154297,-0.0035481452941894531,-0.0034427884966135025,0.28050023317337036,0,-0.003486129455268383,-0.077869206666946411,-0.012154854834079742,0,-4.9162626266479492,0,0.086027033627033234,0.019202914088964462,264.78333332808688,-0.0048918034881353378,-0.0036994342226535082,267.9267578125,264.81222534179688,8.1253776550292969,1.7128219604492188,0.91789162158966064,0.074898764491081238
3180,183.33832358204955,1,0.26958948373794556,393.75,7.9967379570007324,8.2134174590464681e-05,1,350.68466186523438,1,28.080513000488281,8.1193475723266602,174.17140740294707,0.024757560342550278,0.0045832330361008644,-0.00013967929407954216,1.3223112821578979,-0.094699203968048096,-0.071616426110267639,-0.016369488090276718,-0.012379451654851437,3.8210813999176025,-0.0016400679014623165,-0.069725438952445984,0.5087735652923584,-0.0001374864368699491,-0.0035629281774163246,-3.4924596548080444e-10,1,0,1,1,-0.068085364997386932,-0.0034254426136612892,-0.0074405651539564133,0,0,1,0,0,1,0,0,0,0,0,1,0,0,1,0,1,349.95965576171875,-6.6041946411132812e-05,-0.0043101608753204346,-0.0042441356927156448,1,4.913665771484375,0.00040235091000795364,-0.060096710920333862,0.56061446666717529,-5.3648720495402813e-05,-0.0015070342924445868,-2.093147486448288e-07,0,0.95316469669342041,-0.060499072074890137,-0.0014533856883645058,-0.00064416090026497841,0,0,0,0,1,0,0,0,0,0,0,0,1.0367302894592285,0,349.59967041015625,-6.580352783203125e-05,-0.0037387609481811523,-0.0036730309948325157,0.27903687953948975,0,-0.0035326355136930943,-0.076996996998786926,-0.012331804260611534,0,-4.985898494720459,0,0.10769538581371307,0.019136827439069748,264.77916666131932,-0.0049610929563641548,-0.0037518343888223171,267.92440795898438,264.82772827148438,8.1180191040039062,2.0290913581848145,0.92046487331390381,0.085938364267349243
3240,173.65768121824712,1,0.26488032937049866,393.75,7.9967246055603027,8.0531870480626822e-05,1,339.65585327148438,1,27.389471054077148,8.1500654220581055,164.97479715733476,0.029342228546738625,0.0047646448947489262,-0.00013678862887900323,1.3223112821578979,-0.091237582266330719,-0.068998567759990692,-0.016822198405861855,-0.012721814215183258,3.7921862602233887,-0.0015973714180290699,-0.067394793033599854,0.51451903581619263,-0.00033367861760780215,-0.0042743436060845852,-1.6298145055770874e-09,1,0,1,1,-0.065797418355941772,-0.0039406646974384785,-0.0068261749111115932,0,0,1,0,0,1,0,0,0,0,0,1,0,0,1,0,1,349.95791625976562,-5.7943165302276611e-05,-0.0042141154408454895,-0.0041562002152204514,1,4.8754134178161621,0.00047471188008785248,-0.05861329659819603,0.56986898183822632,-0.00012136914301663637,-0.0012664262903854251,-2.0745210349559784e-07,0,0.95499670505523682,-0.05908801406621933,-0.0011450571473687887,-0.00066297093871980906,0,0,0,0,1,0,0,0,0,0,0,0,1.036160945892334,0,349.59811401367188,-6.5088272094726562e-05,-0.003681182861328125,-0.0036160945892333984,0.27673083543777466,0,-0.0035621398128569126,-0.075685687363147736,-0.012348989024758339,0,-4.8827152252197266,0,0.12900321185588837,0.019905388355255127,264.77499999455176,-0.0048584230244159698,-0.0036741900257766247,267.92584228515625,264.84506225585938,8.1498441696166992,2.0584268569946289,0.90432214736938477,0.085761085152626038
3300,176.50718353040054,1,0.2649218738079071,393.75,7.9967679977416992,8.0803489254321903e-05,1,335.15597534179688,1,28.172637939453125,8.163762092590332,167.6818243538805,0.018792372196912766,0.0049576107412576675,-0.00013869041868019849,1.3223112821578979,-0.091345220804214478,-0.069079965353012085,-0.016393238678574562,-0.012397413142025471,3.7656266689300537,-0.001607862301170826,-0.067013822495937347,0.52120453119277954,-0.00017829518765211105,-0.0036577386781573296,-3.4924596548080444e-09,1,0,1,1,-0.065405964851379395,-0.0034794434905052185,-0.007377078291028738,0,0,1,0,0,1,0,0,0,0,0,1,0,0,1,0,1,349.95599365234375,-5.2750110626220703e-05,-0.0042676925659179688,-0.0042151641100645065,1,4.8394136428833008,-5.9572979807853699e-05,-0.059061542153358459,0.58037394285202026,-8.5887848399579525e-05,0.00058463786263018847,-2.0675361156463623e-07,0,0.95614850521087646,-0.059001967310905457,0.0006705257692374289,-0.00078339391620829701,0,0,0,0,1,0,0,0,0,0,0,0,1.0367070436477661,0,349.59658813476562,-8.8095664978027344e-05,-0.0037586092948913574,-0.0036707036197185516,0.27468818426132202,0,-0.0035883467644453049,-0.074520997703075409,-0.012410158291459084,0,-4.9505996704101562,0,0.080669358372688293,0.020723279565572739,264.7708333277842,-0.0049259699881076813,-0.0037252726033329964,267.92733764648438,264.825927734375,8.1628952026367188,1.8495984077453613,1.1072568893432617,0.086094506084918976
3360,170.37739439331068,1,0.26331084966659546,393.75,7.9968376159667969,8.8635068095754832e-05,1,325.81747436523438,1,29.868318557739258,8.1733245849609375,161.85852467364515,0.034107554703950882,0.0050628073513507843,-0.000140078627737239,1.3223112821578979,-0.090377286076545715,-0.06834796816110611,-0.015396012924611568,-0.011643258854746819,3.7438116073608398,-0.0019480073824524879,-0.066008739173412323,0.52622371912002563,-7.0714333560317755e-05,-0.0025301165878772736,-4.5401975512504578e-09,1,0,1,1,-0.06406073272228241,-0.0024594021961092949,-0.0082118343561887741,0,0,1,0,0,1,0,0,0,0,0,1,0,0,1,0,1,349.954345703125,-8.5264444351196289e-05,-0.00428810715675354,-0.004202959593385458,1,4.8155269622802734,-0.0011233612895011902,-0.060237720608711243,0.59341597557067871,5.1206559874117374e-05,0.00030209723627194762,-2.093147486448288e-07,0,0.9568513035774231,-0.059114359319210052,0.00025089076370932162,-0.00074642722029238939,0,0,0,0,1,0,0,0,0,0,0,0,1.0377216339111328,0,349.59588623046875,-0.00013750791549682617,-0.0039098560810089111,-0.0037721632979810238,0.27277690172195435,0,-0.0036169097293168306,-0.073467746376991272,-0.012326909229159355,0,-5.000152587890625,0,0.15168057382106781,0.021172475069761276,264.76666666101664,-0.0049752760678529739,-0.0037625604309141636,267.92691040039062,264.82464599609375,8.1728343963623047,1.9409229755401611,1.3645961284637451,0.096140101552009583
3420,142.41771429984399,1,0.26588404178619385,243.75,7.9985208511352539,0.00098743767011910677,1,320.17538452148438,1,31.951578140258789,8.192626953125,135.2968285848518,0.026007140055298805,0.0051313033327460289,-0.00014676716818939894,1.3223112821578979,-0.092231020331382751,-0.069749854505062103,-0.01522926427423954,-0.011517154984176159,3.7307624816894531,-0.0017471471801400185,-0.066863760352134705,0.53437787294387817,-7.6078926213085651e-05,-0.0021878550760447979,-3.434251993894577e-09,1,0,1,1,-0.065116614103317261,-0.0021117767319083214,-0.0086784828454256058,0,0,1,0,0,1,0,0,0,0,0,1,0,0,1,0,1,349.95306396484375,-8.1986188888549805e-05,-0.0045041441917419434,-0.0044222171418368816,1,4.8022465705871582,-0.0011312933638691902,-0.063970625400543213,0.61542797088623047,0.00016231520567089319,0.00063141807913780212,-2.0954757928848267e-07,0,0.95477938652038574,-0.062839329242706299,0.00046910194214433432,-0.00078552099876105785,0,0,0,0,1,0,0,0,0,0,0,0,1.0399124622344971,0,349.59579467773438,-0.00014060735702514648,-0.0041322708129882812,-0.0039912452921271324,0.2711525559425354,0,-0.0036554234102368355,-0.072611317038536072,-0.012149374932050705,0,-5.2389020919799805,0,0.11345516890287399,0.021465137600898743,264.76249999424908,-0.0052128378301858902,-0.0039422167465090752,267.9276123046875,264.81729125976562,8.1917877197265625,2.3923966884613037,1.1767253875732422,0.10363785922527313
3480,191.49405926381448,1,0.26951172947883606,281.25,7.9991941452026367,0.0010907247196882963,1,325.7603759765625,1,32.174068450927734,8.2055902481079102,181.91935630062375,0.078790724277496338,0.0054236943833529949,-0.000150236242916435,1.3223112821578979,-0.094756864011287689,-0.071660026907920837,-0.015696678310632706,-0.011870637536048889,3.7213840484619141,-0.0023139007389545441,-0.068036638200283051,0.54268646240234375,-4.4687825720757246e-05,-0.00225110724568367,-3.0267983675003052e-09,1,0,1,1,-0.065722733736038208,-0.0022064191289246082,-0.0087254168465733528,0,0,1,0,0,1,0,0,0,0,0,1,0,0,1,0,1,349.9517822265625,-0.0001170039176940918,-0.0045771598815917969,-0.0044603259302675724,1,4.7859740257263184,-0.0013434421271085739,-0.064981311559677124,0.63374435901641846,0.00017858482897281647,0.00031685782596468925,-2.0861625671386719e-07,0,0.9543612003326416,-0.063637875020503998,0.00013827299699187279,-0.00076207448728382587,0,0,0,0,1,0,0,0,0,0,0,0,1.039976954460144,0,349.59503173828125,-0.00014519691467285156,-0.0041426420211791992,-0.0039976956322789192,0.27058511972427368,0,-0.0037195566110312939,-0.072336733341217041,-0.012098922394216061,0,-5.36273193359375,0,0.39771661162376404,0.022816158831119537,264.75833332748152,-0.005336051806807518,-0.004035397432744503,267.9241943359375,264.8106689453125,8.2052650451660156,2.3155643939971924,1.7401880025863647,0.1029692143201828
3540,194.9092419181838,1,0.2651219367980957,281.25,7.9995808601379395,0.00095180008793249726,1,311.4647216796875,1,29.587846755981445,8.1571617126464844,185.16377982227459,0.076367832720279694,0.0057276710867881775,-0.00014957811799831688,1.3223112821578979,-0.091583184897899628,-0.069259926676750183,-0.015850942581892014,-0.011987300589680672,3.7121706008911133,-0.0019990382716059685,-0.06666991114616394,0.55168944597244263,-0.00014652498066425323,-0.002284409711137414,-2.3283064365386963e-09,1,0,1,1,-0.064670868217945099,-0.0021378856617957354,-0.0086543448269367218,0,0,1,0,0,1,0,0,0,0,0,1,0,0,1,0,1,349.95037841796875,-0.00010395050048828125,-0.004674077033996582,-0.004570376593619585,1,4.7688536643981934,-0.0014410987496376038,-0.063901089131832123,0.65387499332427979,1.9281636923551559e-05,0.00039228936657309532,-2.0908191800117493e-07,0,0.95543754100799561,-0.062459997832775116,0.00037300679832696915,-0.00076935393735766411,0,0,0,0,1,0,0,0,0,0,0,0,1.0404056310653687,0,349.59375,-0.00014185905456542969,-0.0041825771331787109,-0.0040405564941465855,0.26987555623054504,0,-0.0037736142985522747,-0.071960926055908203,-0.012059294618666172,0,-5.3392400741577148,0,0.38249865174293518,0.024103028699755669,264.75416666071396,-0.0053126765415072441,-0.0040177199989557266,267.921142578125,264.79849243164062,8.1571540832519531,2.3259513378143311,1.0111699104309082,0.093035049736499786
3600,161.04031151550652,1,0.27094742655754089,206.25,7.9979095458984375,0.00071241013938561082,1,318.09295654296875,1,30.319404602050781,8.1525192260742188,152.98829593973119,0.024840641766786575,0.0055597266182303429,-0.0001563295372761786,1.3223112821578979,-0.095514968037605286,-0.072233349084854126,-0.017328882589936256,-0.013104994781315327,3.7013156414031982,-0.0024649184197187424,-0.068857714533805847,0.56064927577972412,-6.9307629019021988e-05,-0.0037020409945398569,-3.0267983675003052e-09,1,0,1,1,-0.066392794251441956,-0.0036327335983514786,-0.0074994731694459915,0,0,1,0,0,1,0,0,0,0,0,1,0,0,1,0,1,349.9488525390625,-0.00011312961578369141,-0.0048031806945800781,-0.0046902019530534744,1,4.7490105628967285,-0.0020597614347934723,-0.065037012100219727,0.66817593574523926,-6.999308243393898e-05,-0.00012984592467546463,-2.0768493413925171e-07,0,0.95515358448028564,-0.062977246940135956,-5.9853075072169304e-05,-0.00072738708695396781,0,0,0,0,1,0,0,0,0,0,0,0,1.0410270690917969,0,349.59213256835938,-0.00014901161193847656,-0.0042521953582763672,-0.0041026994585990906,0.26944875717163086,0,-0.0038356571458280087,-0.071734845638275146,-0.012162812054157257,0,-5.5802335739135742,0,0.10807725042104721,0.023296726867556572,264.7499999939464,-0.005552471149712801,-0.0041990652680397034,267.92007446289062,264.83822631835938,8.1525096893310547,2.1767148971557617,1.2012141942977905,0.10089699178934097
3660,164.92774434402531,1,0.26733142137527466,231.25,7.9976367950439453,0.00096557202050462365,1,305.78378295898438,1,31.211061477661133,8.1717109680175781,156.68135712682405,0.021845139563083649,0.0054528922773897648,-0.00015619804617017508,1.3223112821578979,-0.09307166188955307,-0.070385590195655823,-0.016370620578527451,-0.012380307540297508,3.6944186687469482,-0.0019298875704407692,-0.06798139214515686,0.56955903768539429,-0.00010083289816975594,-0.0030609427485615015,-2.5611370801925659e-09,1,0,1,1,-0.066051505506038666,-0.0029601098503917456,-0.0081207789480686188,0,0,1,0,0,1,0,0,0,0,0,1,0,0,1,0,1,349.94760131835938,-9.9658966064453125e-05,-0.0048036575317382812,-0.0047042006626725197,1,4.7346220016479492,-0.0011731348931789398,-0.066045612096786499,0.68127524852752686,-0.00011038524098694324,-0.00024360930547118187,-2.0628795027732849e-07,0,0.95410013198852539,-0.064872473478317261,-0.00013322453014552593,-0.00075986061710864305,0,0,0,0,1,0,0,0,0,0,0,0,1.0433467626571655,0,349.59124755859375,-0.00011861324310302734,-0.0044533014297485352,-0.0043346825987100601,0.26934814453125,0,-0.0039023470599204302,-0.071697860956192017,-0.012252821587026119,0,-5.5755400657653809,0,0.094405099749565125,0.022822614759206772,264.74583332717884,-0.0055478010326623917,-0.0041955332271754742,267.91928100585938,264.81973266601562,8.1715641021728516,2.0887894630432129,0.90571302175521851,0.089094504714012146
3720,168.86718038607992,1,0.26987430453300476,281.25,7.9979782104492188,0.00054682348854839802,1,307.99032592773438,1,33.591484069824219,8.131779670715332,160.42382136677591,0.10910484939813614,0.0054588243365287781,-0.00015954657283145934,1.3223112821578979,-0.094686888158321381,-0.071607105433940887,-0.017589408904314041,-0.01330201793462038,3.6926338672637939,-0.0016209101304411888,-0.068574912846088409,0.57812750339508057,-0.00016035174485296011,-0.0041318228468298912,-2.0954757928848267e-09,1,0,1,1,-0.066954001784324646,-0.0039714714512228966,-0.0074055837467312813,0,0,1,0,0,1,0,0,0,0,0,1,0,0,1,0,1,349.94647216796875,-7.7724456787109375e-05,-0.0047959089279174805,-0.0047184387221932411,1,4.7324733734130859,-0.00067743659019470215,-0.068716615438461304,0.69446170330047607,-8.2038808614015579e-05,0.00021310988813638687,-2.0628795027732849e-07,0,0.95202267169952393,-0.068039186298847198,0.00029514823108911514,-0.00082594319246709347,0,0,0,0,1,0,0,0,0,0,0,0,1.0452628135681152,0,349.59127807617188,-8.3088874816894531e-05,-0.0046091079711914062,-0.0045262789353728294,0.26910877227783203,0,-0.0039633074775338173,-0.071510545909404755,-0.012388862669467926,0,-5.6950674057006836,0,0.61290758848190308,0.023028302937746048,264.74166666041128,-0.0056667337194085121,-0.0042854761704802513,267.91925048828125,264.79806518554688,8.1317729949951172,2.6277763843536377,1.486236572265625,0.1099238395690918
3780,175.69110660453566,1,0.27785062789916992,281.25,7.9985256195068359,0.00049558404134586453,1,315.68374633789062,1,35.509746551513672,8.1112079620361328,166.90655127430887,0.02827506884932518,0.0051648505032062531,-0.00016987202980089933,1.3223112821578979,-0.1001698225736618,-0.075753584504127502,-0.019674595445394516,-0.014878943562507629,3.7005927562713623,-0.0020335530862212181,-0.071893461048603058,0.58611184358596802,-7.8080571256577969e-05,-0.0054308506660163403,-5.3551048040390015e-09,1,0,1,1,-0.069859907031059265,-0.0053527699783444405,-0.0069089364260435104,0,0,1,0,0,1,0,0,0,0,0,1,0,0,1,0,1,349.94583129882812,-0.00010710954666137695,-0.0050734281539916992,-0.0049664033576846123,1,4.732637882232666,-0.00050215981900691986,-0.073179110884666443,0.70226091146469116,2.6136403903365135e-05,-0.00050389999523758888,-2.0372681319713593e-07,0,0.94767343997955322,-0.072676949203014374,-0.00053003651555627584,-0.00088890374172478914,0,0,0,0,1,0,0,0,0,0,0,0,1.0485780239105225,0,349.591552734375,-9.3281269073486328e-05,-0.0049511194229125977,-0.0048577971756458282,0.27017274498939514,0,-0.0040555200539529324,-0.072045713663101196,-0.012722756713628769,0,-6.0636382102966309,0,0.12399999052286148,0.021598115563392639,264.73749999364372,-0.0060334708541631699,-0.0045628217048943043,267.91683959960938,264.79067993164062,8.1101140975952148,2.3677573204040527,1.3034939765930176,0.12406399846076965
3840,182.84773244912893,1,0.27352398633956909,281.25,7.9985747337341309,0.00052416679682210088,1,304.28662109375,1,33.67205810546875,8.2695465087890625,173.70534582667247,0.048123415559530258,0.0055298628285527229,-0.00016812927788123488,1.3223112821578979,-0.097170919179916382,-0.073485665023326874,-0.018568823114037514,-0.014042701572179794,3.7117266654968262,-0.0019558705389499664,-0.069868303835391998,0.59875571727752686,-8.3394501416478306e-05,-0.0046951984986662865,-4.6857167035341263e-09,1,0,1,1,-0.06791243702173233,-0.0046118036843836308,-0.0075074806809425354,0,0,1,0,0,1,0,0,0,0,0,1,0,0,1,0,1,349.94558715820312,-0.000124320387840271,-0.0051232725381851196,-0.0049989176914095879,1,4.7382211685180664,-0.00082193315029144287,-0.07184455543756485,0.71707475185394287,-1.1973781511187553e-05,-0.0032164419535547495,-2.0395964384078979e-07,0,0.94784849882125854,-0.071022622287273407,-0.0032044679392129183,-0.00070075015537440777,0,0,0,0,1,0,0,0,0,0,0,0,1.0507304668426514,0,349.59228515625,-0.00012564659118652344,-0.0051987171173095703,-0.0050730453804135323,0.27106216549873352,0,-0.0041410257108509541,-0.072503939270973206,-0.013061488978564739,0,-6.001429557800293,0,0.22184960544109344,0.023172575980424881,264.73333332687616,-0.005971571896225214,-0.0045160106383264065,267.9202880859375,264.78598022460938,8.2686452865600586,2.0433220863342285,1.2253661155700684,0.12369862198829651
3900,190.2411781202421,1,0.27763664722442627,293.75,7.9990429878234863,0.00054937071399763227,1,306.59906005859375,1,33.611064910888672,8.2283649444580078,180.72911921423,0.39406943321228027,0.0061689796857535839,-0.00017450163431931287,1.3223112821578979,-0.099833890795707703,-0.075499534606933594,-0.020547892898321152,-0.015539376065135002,3.7136778831481934,-0.0021708575077354908,-0.070722520351409912,0.6180260181427002,-6.6169945057481527e-05,-0.0063684796914458275,5.8207660913467407e-10,1,0,1,1,-0.068551667034626007,-0.0063023092225193977,-0.006119891069829464,0,0,1,0,0,1,0,0,0,0,0,1,0,0,1,0,1,349.945068359375,-0.00013214349746704102,-0.0052602887153625488,-0.0051278881728649139,1,4.7403383255004883,-0.0011299070902168751,-0.068073533475399017,0.74313616752624512,7.9351360909640789e-05,-0.0056733032688498497,-2.0442530512809753e-07,0,0.95032989978790283,-0.066943615674972534,-0.0057526547461748123,-0.0004618997045326978,0,0,0,0,1,0,0,0,0,0,0,0,1.0489249229431152,0,349.59280395507812,-0.00014859437942504883,-0.0050413012504577637,-0.0048924894072115421,0.27160722017288208,0,-0.0042264722287654877,-0.072813525795936584,-0.013373148627579212,0,-6.2288928031921387,0.0009765625,10,0.034464914351701736,264.7291666601086,-0.0061979033052921295,-0.0046871742233633995,267.923828125,264.78662109375,8.2256851196289062,2.0522537231445312,1.1034692525863647,0.11242335289716721
3960,199.24411196640656,1,0.27567958831787109,281.25,7.9992179870605469,0.00066350586712360382,1,300.320068359375,1,32.512062072753906,8.2366094589233398,189.28190636808623,0.043292999267578125,0.0057347305119037628,-0.0001744092587614432,1.3223112821578979,-0.098557710647583008,-0.074534423649311066,-0.019635472446680069,-0.014849357306957245,3.7121527194976807,-0.0023099794052541256,-0.07085852324962616,0.63842368125915527,-0.00014568865299224854,-0.0054870350286364555,1.7462298274040222e-09,1,0,1,1,-0.068548552691936493,-0.0053413459099829197,-0.00725922966375947,0,0,1,0,0,1,0,0,0,0,0,1,0,0,1,0,1,349.94390869140625,-0.00013136863708496094,-0.005356907844543457,-0.0052255233749747276,1,4.7318658828735352,-0.0010997988283634186,-0.068717516958713531,0.77161926031112671,-6.4668420236557722e-05,-0.0057573551312088966,-2.0407605916261673e-07,0,0.94989264011383057,-0.067617714405059814,-0.0056926868855953217,-0.0005019214004278183,0,0,0,0,1,0,0,0,0,0,0,0,1.0490133762359619,0,349.59259033203125,-0.0001443326473236084,-0.005045771598815918,-0.0049013402312994003,0.27242517471313477,0,-0.0043077804148197174,-0.073232308030128479,-0.01368369348347187,0,-6.2255954742431641,0,0.19704626500606537,0.024054568260908127,264.72499999334104,-0.0061946222558617592,-0.0046846927143633366,267.92193603515625,264.73309326171875,8.2358341217041016,2.1392230987548828,1.4722206592559814,0.087312512099742889
4020,181.3476640283385,1,0.27409562468528748,256.25,7.9996061325073242,0.00039532361552119255,1,295.43423461914062,1,32.133792877197266,8.2287845611572266,172.28028082692157,0.046940509229898453,0.0058601247146725655,-0.00017425509577151388,1.3223112821578979,-0.097032934427261353,-0.073381312191486359,-0.021299548447132111,-0.016107818111777306,3.7117979526519775,-0.0020116493105888367,-0.070092223584651947,0.6600501537322998,-0.00031865021446719766,-0.0072124903090298176,4.0745362639427185e-09,1,0,1,1,-0.06808057427406311,-0.0068938396871089935,-0.005985405296087265,0,0,1,0,0,1,0,0,0,0,0,1,0,0,1,0,1,349.9425048828125,-0.00010854005813598633,-0.0053772330284118652,-0.005268685519695282,1,4.7260122299194336,-0.00081776268780231476,-0.069326803088188171,0.7978283166885376,-0.00021688325796276331,-0.0075911176390945911,-2.0419247448444366e-07,0,0.94878804683685303,-0.068509042263031006,-0.0073742344975471497,-0.00042299431515857577,0,0,0,0,1,0,0,0,0,0,0,0,1.049369215965271,0,349.59207153320312,-0.0001112818717956543,-0.0050483644008636475,-0.0049369204789400101,0.27278566360473633,0,-0.0043777427636086941,-0.073379874229431152,-0.014040718786418438,0,-6.2200927734375,0,0.21571196615695953,0.024610280990600586,264.72083332657348,-0.0061891470104455948,-0.0046805520541965961,267.92129516601562,264.74081420898438,8.2272682189941406,1.8383194208145142,1.2635010480880737,0.081955552101135254
4080,181.81985376386282,1,0.26804113388061523,281.25,7.9987187385559082,0.0004279927525203675,1,285.0609130859375,1,30.741405487060547,8.1641626358032227,172.72886107566967,0.037544764578342438,0.0059182280674576759,-0.00016889105609152466,1.3223112821578979,-0.092643983662128448,-0.070062160491943359,-0.021038852632045746,-0.015910666435956955,3.7109851837158203,-0.0014462079852819443,-0.067561663687229156,0.68528831005096436,-0.0002152377855964005,-0.0075860088691115379,2.6193447411060333e-09,1,0,1,1,-0.06611546128988266,-0.007370771374553442,-0.0054940618574619293,0,0,1,0,0,1,0,0,0,0,0,1,0,0,1,0,1,349.94097900390625,-9.250640869140625e-05,-0.005234062671661377,-0.0051416242495179176,1,4.7223834991455078,-0.00050313584506511688,-0.068109124898910522,0.82466185092926025,-0.00036185816861689091,-0.0095685794949531555,-2.0279549062252045e-07,0,0.94933736324310303,-0.067605979740619659,-0.0092067215591669083,-0.00030881681595928967,0,0,0,0,1,0,0,0,0,0,0,0,1.0492734909057617,0,349.591552734375,-0.00010181963443756104,-0.0050293207168579102,-0.0049273408949375153,0.2724946141242981,0,-0.0044213626533746719,-0.073094010353088379,-0.014417443424463272,0,-6.0286216735839844,0,0.16839244961738586,0.024815725162625313,264.71666665980592,-0.0059986286796629429,-0.0045364722609519958,267.92047119140625,264.77401733398438,8.1624298095703125,1.8646347522735596,0.99476015567779541,0.077134847640991211
4140,180.70992464702374,1,0.26619115471839905,281.25,8.0003814697265625,0.00046100182225927711,1,276.75228881835938,1,29.704704284667969,8.1268672943115234,171.67442841467255,0.023020965978503227,0.0058859451673924923,-0.00017038432997651398,1.3223112821578979,-0.091181300580501556,-0.068956002593040466,-0.021561667323112488,-0.016306044533848763,3.7060539722442627,-0.0020464174449443817,-0.066582649946212769,0.7084011435508728,-0.00038599027902819216,-0.0079178214073181152,2.4447217583656311e-09,1,0,1,1,-0.064536228775978088,-0.0075318310409784317,-0.005390864796936512,0,0,1,0,0,1,0,0,0,0,0,1,0,0,1,0,1,349.9393310546875,-0.00011360645294189453,-0.0052577555179595947,-0.0051440591923892498,1,4.7132539749145508,-0.00067226309329271317,-0.066331811249256134,0.85083043575286865,-0.00031745433807373047,-0.008466869592666626,-2.0454172044992447e-07,0,0.95136904716491699,-0.065659545361995697,-0.0081494152545928955,-0.00037549453554674983,0,0,0,0,1,0,0,0,0,0,0,0,1.0493619441986084,0,349.5906982421875,-0.00011199712753295898,-0.0050480961799621582,-0.0049361963756382465,0.27136138081550598,0,-0.0044417884200811386,-0.072367995977401733,-0.014698346145451069,0,-6.0819244384765625,0,0.099748462438583374,0.024649869650602341,264.71249999303836,-0.0060516661033034325,-0.004576581995934248,267.920166015625,264.79306030273438,8.1255054473876953,2.1984057426452637,1.0289068222045898,0.067820906639099121
4200,182.5155033092874,1,0.26670005917549133,281.25,7.9995989799499512,0.00057551241479814053,1,272.76312255859375,1,28.756343841552734,8.1561899185180664,173.38972814382302,0.025892844423651695,0.0060004377737641335,-0.00017386961553711444,1.3223112821578979,-0.091322615742683411,-0.069062873721122742,-0.022504296153783798,-0.017018910497426987,3.6960070133209229,-0.001814536633901298,-0.065967082977294922,0.72707253694534302,-0.0004090249422006309,-0.0083954799920320511,1.7316779121756554e-09,1,0,1,1,-0.064152553677558899,-0.0079864552244544029,-0.0053083170205354691,0,0,1,0,0,1,0,0,0,0,0,1,0,0,1,0,1,349.93728637695312,-9.6261501312255859e-05,-0.005353197455406189,-0.0052565596997737885,1,4.6938157081604004,-0.00072140712291002274,-0.065021723508834839,0.87030762434005737,-0.00046224123798310757,-0.0079493429511785507,-2.0454172044992447e-07,0,0.95275378227233887,-0.064300313591957092,-0.0074871014803647995,-0.00043063051998615265,0,0,0,0,1,0,0,0,0,0,0,0,1.0485787391662598,0,349.589111328125,-0.00010061264038085938,-0.0049586296081542969,-0.0048578772693872452,0.27047741413116455,0,-0.0044753588736057281,-0.071779876947402954,-0.015057428739964962,0,-6.2063326835632324,0,0.1129269003868103,0.025143235921859741,264.7083333262708,-0.0061754556372761726,-0.0046701980754733086,267.91802978515625,264.728271484375,8.1550369262695312,2.5022211074829102,0.81668388843536377,0.065432801842689514
4260,192.07731099167003,1,0.26485306024551392,256.25,7.997581958770752,0.00025508285034447908,1,266.94723510742188,1,28.204317092895508,8.2012434005737305,182.47344544208653,0.029692022129893303,0.0061964010819792747,-0.00017399211355950683,1.3223112821578979,-0.089795336127281189,-0.067907862365245819,-0.023249555379152298,-0.017582513391971588,3.684370756149292,-0.0013429266400635242,-0.065126441419124603,0.74253296852111816,-0.00021902238950133324,-0.0089025646448135376,9.3132257461547852e-10,1,0,1,1,-0.063783518970012665,-0.0086835417896509171,-0.0050611053593456745,0,0,1,0,0,1,0,0,0,0,0,1,0,0,1,0,1,349.93490600585938,-6.1273574829101562e-05,-0.0054423809051513672,-0.0053806961514055729,1,4.6721506118774414,-0.00045655621215701103,-0.065878316760063171,0.88348066806793213,-0.00017582625150680542,-0.0064439056441187859,-2.0675361156463623e-07,0,0.95233768224716187,-0.065421745181083679,-0.0062680789269506931,-0.00057111168280243874,0,0,0,0,1,0,0,0,0,0,0,0,1.0495635271072388,0,349.58706665039062,-9.5963478088378906e-05,-0.005052030086517334,-0.0049563520587980747,0.26964390277862549,0,-0.004513314925134182,-0.071201056241989136,-0.015510993078351021,0,-6.2107048034667969,0,0.13064904510974884,0.025985009968280792,264.70416665950324,-0.0061798058450222015,-0.0046734879724681377,267.91915893554688,264.76727294921875,8.2006464004516602,2.4306302070617676,1.5047003030776978,0.093471676111221313
4320,194.06953815069468,1,0.26133298873901367,256.25,7.9982089996337891,0.00028086116071790457,1,260.17047119140625,1,27.136411666870117,8.1833276748657227,184.36606124315995,0.01843690313398838,0.0062339073047041893,-0.00017150019994005561,1.3223112821578979,-0.08755810558795929,-0.066215954720973969,-0.022112438455224037,-0.01672256737947464,3.6718151569366455,-0.0015330384485423565,-0.064072370529174805,0.75462931394577026,-0.00018652252038009465,-0.0079027125611901283,9.3132257461547852e-10,1,0,1,1,-0.062539331614971161,-0.0077161905355751514,-0.0061020273715257645,0,0,1,0,0,1,0,0,0,0,0,1,0,0,1,0,1,349.9324951171875,-6.370246410369873e-05,-0.0053573250770568848,-0.0052936403080821037,1,4.6532750129699707,-0.00079563353210687637,-0.064295895397663116,0.89601790904998779,1.8571736291050911e-06,-0.0062891319394111633,-2.0675361156463623e-07,0,0.95420008897781372,-0.063500262796878815,-0.0062909889966249466,-0.00056113424943760037,0,0,0,0,1,0,0,0,0,0,0,0,1.0484840869903564,0,349.58514404296875,-0.00010973215103149414,-0.0049580931663513184,-0.0048484094440937042,0.26841780543327332,0,-0.0045365672558546066,-0.070437431335449219,-0.015810102224349976,0,-6.1217560768127441,0,0.079082533717155457,0.026121955364942551,264.69999999273568,-0.0060912994667887688,-0.0046065547503530979,267.91934204101562,264.75054931640625,8.1809902191162109,2.5183186531066895,1.0354117155075073,0.076091304421424866
4380,186.35302398315716,1,0.2523079514503479,281.25,8.0004806518554688,0.00017901808314491063,1,247.54623413085938,1,25.440649032592773,8.1365118026733398,177.03537278399929,0.027148270979523659,0.0065743564628064632,-0.00016220957331825048,1.3223112821578979,-0.081555865705013275,-0.0616767518222332,-0.020844157785177231,-0.015763428062200546,3.6535818576812744,-0.0016070306301116943,-0.059975996613502502,0.7662811279296875,-0.0002187659265473485,-0.007191855926066637,1.6298145055770874e-09,1,0,1,1,-0.058368965983390808,-0.0069730901159346104,-0.0061784517019987106,0,0,1,0,0,1,0,0,0,0,0,1,0,0,1,0,1,349.92959594726562,-6.8068504333496094e-05,-0.005067288875579834,-0.0049989898689091206,1,4.6379098892211914,-0.00084050744771957397,-0.059560075402259827,0.91035246849060059,2.7409521862864494e-05,-0.0053776921704411507,-2.016313374042511e-07,0,0.95842617750167847,-0.058719560503959656,-0.0054051019251346588,-0.00055851653451099992,0,0,0,0,1,0,0,0,0,0,0,0,1.045362114906311,0,349.58370971679688,-0.00010818243026733398,-0.0046444237232208252,-0.0045362142845988274,0.26631748676300049,0,-0.0045293159782886505,-0.069288171827793121,-0.01587318629026413,0,-5.790123462677002,0,0.1187460795044899,0.027580510824918747,264.69583332596812,-0.0057613169774413109,-0.0043570050038397312,267.91656494140625,264.73101806640625,8.1359310150146484,2.2226850986480713,0.87999796867370605,0.064014315605163574
4440,191.48195770452796,1,0.24894358217716217,281.25,8.00030517578125,0.00032690784428268671,1,242.94218444824219,1,26.184799194335938,8.1344575881958008,181.90785981930156,0.074773609638214111,0.0070081832818686962,-0.00015875956160016358,1.3223112821578979,-0.079383939504623413,-0.060034230351448059,-0.02033664844930172,-0.015379622578620911,3.6273360252380371,-0.0016181496903300285,-0.057992540299892426,0.77368247509002686,-0.00019849196542054415,-0.0068175755441188812,2.3283064365386963e-10,1,0,1,1,-0.056374389678239822,-0.0066190841607749462,-0.0063206059858202934,0,0,1,0,0,1,0,0,0,0,0,1,0,0,1,0,1,349.9261474609375,-8.0466270446777344e-05,-0.0049406886100769043,-0.0048600826412439346,1,4.6260108947753906,-0.0007702922448515892,-0.055064186453819275,0.92465817928314209,0.00012037192936986685,-0.0034964838996529579,-2.0349398255348206e-07,0,0.9626849889755249,-0.054293893277645111,-0.0036168559454381466,-0.00061564758652821183,0,0,0,0,1,0,0,0,0,0,0,0,1.042981743812561,0,349.5826416015625,-9.7930431365966797e-05,-0.0043960809707641602,-0.0042981719598174095,0.26317530870437622,0,-0.0044812164269387722,-0.06763380765914917,-0.015783987939357758,0,-5.6669745445251465,0,0.37262320518493652,0.029501670971512794,264.69166665920056,-0.0056387805379927158,-0.0042643365450203419,267.91683959960938,264.76223754882812,8.1332206726074219,2.3868398666381836,0.81695318222045898,0.053288634866476059
4500,177.22565284837563,1,0.25074505805969238,281.25,7.9983620643615723,0.00060860771918669343,1,242.66543579101562,1,27.445972442626953,8.1705188751220703,168.36437020595685,0.046727795153856277,0.0069985054433345795,-0.0001624161668587476,1.3223112821578979,-0.080216795206069946,-0.060664080083370209,-0.021843886002898216,-0.016519473865628242,3.6017322540283203,-0.0017461730167269707,-0.058523308485746384,0.78048431873321533,-0.00038281013257801533,-0.0080644749104976654,1.5133991837501526e-09,1,0,1,1,-0.056777141988277435,-0.0076816650107502937,-0.005663206335157156,0,0,1,0,0,1,0,0,0,0,0,1,0,0,1,0,1,349.9227294921875,-9.7513198852539062e-05,-0.0050654411315917969,-0.0049677253700792789,1,4.6083765029907227,-0.00085739418864250183,-0.055594108998775482,0.93622070550918579,-0.00021691923029720783,-0.0032158466055989265,-2.0605511963367462e-07,0,0.96310639381408691,-0.054736718535423279,-0.0029989280737936497,-0.00065907958196476102,0,0,0,0,1,0,0,0,0,0,0,0,1.0438710451126099,0,349.5809326171875,-9.5903873443603516e-05,-0.0044829845428466797,-0.0043871128000319004,0.26084262132644653,0,-0.0044553638435900211,-0.066380016505718231,-0.015845946967601776,0,-5.7974982261657715,0,0.21461270749568939,0.029425816610455513,264.687499992433,-0.0057686548680067062,-0.0043625542894005775,267.9200439453125,264.71505737304688,8.1694831848144531,2.1781940460205078,0.86598777770996094,0.057395860552787781
4560,180.11791284872135,1,0.24820592999458313,218.75,7.9987201690673828,0.00052735378267243505,1,237.1749267578125,1,26.988876342773438,8.1251220703125,171.11201720628526,0.038904722779989243,0.0072451303713023663,-0.00016117870109155774,1.3223112821578979,-0.078437641263008118,-0.05931859090924263,-0.021992828696966171,-0.016632111743092537,3.5807247161865234,-0.0017630923539400101,-0.056840803474187851,0.78940433263778687,-0.00044002674985677004,-0.0083056744188070297,3.14321368932724e-09,1,0,1,1,-0.055077709257602692,-0.0078656487166881561,-0.0054231653921306133,0,0,1,0,0,1,0,0,0,0,0,1,0,0,1,0,1,349.919921875,-0.00010889768600463867,-0.0050214529037475586,-0.004912189207971096,1,4.5905494689941406,-0.00073605962097644806,-0.055206485092639923,0.94823449850082397,-0.00024938443675637245,-0.0043701790273189545,-2.0675361156463623e-07,0,0.96365052461624146,-0.054470431059598923,-0.004120794590562582,-0.00058723666006699204,0,0,0,0,1,0,0,0,0,0,0,0,1.0461784601211548,0,349.5791015625,-8.7738037109375e-05,-0.0047056674957275391,-0.0046178447082638741,0.25860685110092163,0,-0.0044323820620775223,-0.065179735422134399,-0.015961389988660812,0,-5.753326416015625,0,0.17509014904499054,0.030485425144433975,264.68333332566544,-0.005724702961742878,-0.0043293158523738384,267.92059326171875,264.75045776367188,8.1244983673095703,2.3194026947021484,1.0607595443725586,0.071205861866474152
4620,181.11323480910437,1,0.24524521827697754,256.25,7.998161792755127,0.00096957921050488949,1,228.97367858886719,1,26.580766677856445,8.1187162399291992,172.05757306864913,0.032648734748363495,0.0072305123321712017,-0.00016104827227536589,1.3223112821578979,-0.076668478548526764,-0.057980656623840332,-0.021144207566976547,-0.015990341082215309,3.5616178512573242,-0.0019155438058078289,-0.05610448494553566,0.80220353603363037,-0.0003359401598572731,-0.0070089013315737247,3.4924596548080444e-09,1,0,1,1,-0.054188936948776245,-0.0066729625687003136,-0.0066471081227064133,0,0,1,0,0,1,0,0,0,0,0,1,0,0,1,0,1,349.91726684570312,-0.00011876225471496582,-0.0050316751003265381,-0.0049127060920000076,1,4.5723466873168945,-0.0013299565762281418,-0.055385228246450424,0.96592116355895996,-0.0001162281259894371,-0.0036675762385129929,-2.0861625671386719e-07,0,0.96459758281707764,-0.054055273532867432,-0.0035513474140316248,-0.00064117694273591042,0,0,0,0,1,0,0,0,0,0,0,0,1.0455509424209595,0,349.57745361328125,-0.00011682510375976562,-0.0046720504760742188,-0.0045550903305411339,0.25638654828071594,0,-0.004415612667798996,-0.064003624022006989,-0.016026504337787628,0,-5.7486710548400879,0,0.14467890560626984,0.030392402783036232,264.67916665889788,-0.0057200705632567406,-0.004325812216848135,267.91671752929688,264.76516723632812,8.1175813674926758,2.1839714050292969,1.1263636350631714,0.067898973822593689
4680,183.43281824382231,1,0.23788081109523773,268.75,7.9988012313842773,0.00069698324659839272,1,216.68620300292969,1,24.926738739013672,8.1062898635864258,174.26117733163119,0.10681261867284775,0.0080006830394268036,-0.00015530554810538888,1.3223112821578979,-0.072068825364112854,-0.054502163082361221,-0.020124983042478561,-0.015219550579786301,3.5412349700927734,-0.0014926940202713013,-0.052478186786174774,0.81171238422393799,-0.00027112266980111599,-0.0064653949812054634,2.9103830456733704e-09,1,0,1,1,-0.050985492765903473,-0.0061942730098962784,-0.0065338984131813049,0,0,1,0,0,1,0,0,0,0,0,1,0,0,1,0,1,349.91436767578125,-9.3102455139160156e-05,-0.0048890113830566406,-0.0047957571223378181,1,4.5579967498779297,-0.0010508187115192413,-0.052114568650722504,0.98513579368591309,-0.00022266688756644726,-0.0023690192028880119,-2.1001324057579041e-07,0,0.96737563610076904,-0.051063753664493561,-0.0021463518496602774,-0.00067818426759913564,0,0,0,0,1,0,0,0,0,0,0,0,1.0439682006835938,0,349.57586669921875,-0.00010925531387329102,-0.004506230354309082,-0.0043968129903078079,0.25372689962387085,0,-0.0043873358517885208,-0.062618985772132874,-0.015947844833135605,0,-5.5436820983886719,0,0.59480768442153931,0.033973351120948792,264.67499999213032,-0.0055161016061902046,-0.0041715605184435844,267.91055297851562,264.76315307617188,8.1061286926269531,2.1124229431152344,0.94801270961761475,0.057075366377830505
4740,195.05745666589135,1,0.23361039161682129,281.25,7.9998002052307129,0.0003198245249222964,1,207.19770812988281,1,23.732837677001953,8.1176176071166992,185.30458383259676,0.065286308526992798,0.0084034893661737442,-0.00015382662240881473,1.3223112821578979,-0.069268867373466492,-0.052384689450263977,-0.020233750343322754,-0.015301805920898914,3.5150156021118164,-0.0016464998479932547,-0.049995262175798416,0.82089120149612427,-0.00041182583663612604,-0.0064758565276861191,2.648448571562767e-09,1,0,1,1,-0.048348762094974518,-0.0060640312731266022,-0.006245750468224287,0,0,1,0,0,1,0,0,0,0,0,1,0,0,1,0,1,349.9111328125,-0.00012232363224029541,-0.0049060583114624023,-0.0047837793827056885,1,4.5498809814453125,-0.00085958652198314667,-0.048703946173191071,1.0036273002624512,-0.00019755889661610126,-0.0024406742304563522,-2.0756851881742477e-07,0,0.97038459777832031,-0.047844361513853073,-0.0022431155666708946,-0.0006131298141553998,0,0,0,0,1,0,0,0,0,0,0,0,1.042341947555542,0,349.57440185546875,-0.00011925399303436279,-0.0043538510799407959,-0.0042341984808444977,0.25042527914047241,0,-0.0043447110801935196,-0.060944423079490662,-0.015813721343874931,0,-5.4908919334411621,0,0.31599345803260803,0.035598427057266235,264.67083332536276,-0.005463574081659317,-0.0041318363510072231,267.9090576171875,264.72048950195312,8.1170768737792969,2.1899576187133789,0.83393764495849609,0.063183337450027466
4800,196.31101293184216,1,0.23284180462360382,281.25,8.0001077651977539,0.0002036086079897359,1,203.25071716308594,1,23.92890739440918,8.2018928527832031,186.49546228525003,0.061230622231960297,0.0083658089861273766,-0.00015527116192970425,1.3223112821578979,-0.068716451525688171,-0.051966924220323563,-0.020431231707334518,-0.015451150946319103,3.4888584613800049,-0.0014516266528517008,-0.049314070492982864,0.83175897598266602,-0.00044902024092152715,-0.0067465668544173241,3.2014213502407074e-09,1,0,1,1,-0.047862440347671509,-0.0062975464388728142,-0.0061799390241503716,0,0,1,0,0,1,0,0,0,0,0,1,0,0,1,0,1,349.90811157226562,-0.00011578947305679321,-0.004918217658996582,-0.0048023727722465992,1,4.5422511100769043,-0.00081443716771900654,-0.047431088984012604,1.0198506116867065,-0.00028828554786741734,-0.0027034450322389603,-2.0727748051285744e-07,0,0.97201108932495117,-0.046616651117801666,-0.0024151592515408993,-0.00059055304154753685,0,0,0,0,1,0,0,0,0,0,0,0,1.043501615524292,0,349.572998046875,-0.00013557076454162598,-0.0044859945774078369,-0.0043501611799001694,0.24737249314785004,0,-0.0043101413175463676,-0.05934465304017067,-0.015766467899084091,0,-5.5424551963806152,0,0.2928352952003479,0.035300124436616898,264.6666666585952,-0.0055148806422948837,-0.0041706371121108532,267.90924072265625,264.71563720703125,8.2001018524169922,2.1155276298522949,0.7231215238571167,0.048189111053943634
4860,208.10360566190229,1,0.2315857857465744,281.25,7.9995956420898438,0.00018438731785863638,1,198.38658142089844,1,23.319972991943359,8.1772670745849609,197.69842537880717,0.046636603772640228,0.0084426421672105789,-0.00015651767898816615,1.3223112821578979,-0.06760542094707489,-0.051126707345247269,-0.021421803161501884,-0.016200272366404533,3.4613564014434814,-0.0011542509309947491,-0.047942504286766052,0.84392815828323364,-0.00033552662353031337,-0.0080713964998722076,3.0122464522719383e-09,1,0,1,1,-0.046788252890110016,-0.0077358698472380638,-0.0047902213409543037,0,0,1,0,0,1,0,0,0,0,0,1,0,0,1,0,1,349.9051513671875,-9.1031193733215332e-05,-0.0049490705132484436,-0.0048580104485154152,1,4.5300168991088867,-0.00037969602271914482,-0.043526947498321533,1.0359818935394287,1.400429755449295e-05,-0.003702549496665597,-2.0803418010473251e-07,0,0.97447466850280762,-0.043147251009941101,-0.0037165533285588026,-0.00046154123265296221,0,0,0,0,1,0,0,0,0,0,0,0,1.0416489839553833,0,349.5711669921875,-0.0001029670238494873,-0.0042680501937866211,-0.0041648955084383488,0.24470874667167664,0,-0.0042884340509772301,-0.057946804910898209,-0.015722623094916344,0,-5.5869498252868652,0,0.21414183080196381,0.035605385899543762,264.66249999182764,-0.0055591538548469543,-0.0042041190899908543,267.910400390625,264.69216918945312,8.1763420104980469,2.2212433815002441,0.80068349838256836,0.054427724331617355
4920,202.31661767230554,1,0.23561839759349823,281.25,7.9989585876464844,0.00017340974591206759,1,199.76094055175781,1,23.027744293212891,8.145838737487793,192.20078678869027,0.030996248126029968,0.0083649773150682449,-0.00016370315279345959,1.3223112821578979,-0.069554835557937622,-0.052600953727960587,-0.023475002497434616,-0.017753006890416145,3.4315061569213867,-0.0010673243086785078,-0.04941607266664505,0.86008882522583008,-0.00030665550730191171,-0.0091737769544124603,3.2741809263825417e-09,1,0,1,1,-0.048348743468523026,-0.0088671213015913963,-0.004492306150496006,0,0,1,0,0,1,0,0,0,0,0,1,0,0,1,0,1,349.9017333984375,-6.7956745624542236e-05,-0.0051860734820365906,-0.005118214525282383,1,4.5095682144165039,-0.00030296389013528824,-0.042078197002410889,1.0494951009750366,-6.5587868448346853e-05,-0.0050316853448748589,-2.0832521840929985e-07,0,0.97540426254272461,-0.041775234043598175,-0.0049660978838801384,-0.0003784920263569802,0,0,0,0,1,0,0,0,0,0,0,0,1.0406737327575684,0,349.5682373046875,-8.3148479461669922e-05,-0.0041506141424179077,-0.0040673608891665936,0.24267099797725677,0,-0.0042895297519862652,-0.056816231459379196,-0.015965525060892105,0,-5.8434371948242188,0,0.1368115097284317,0.03527560830116272,264.65833332506008,-0.0058143655769526958,-0.0043971231207251549,267.91104125976562,264.70135498046875,8.1456737518310547,2.3159580230712891,1.1804261207580566,0.063733302056789398
4980,195.29930694166524,1,0.23681183159351349,281.25,7.999392032623291,0.00017185983597300947,1,200.23626708984375,1,21.905355453491211,8.1589288711547852,185.53434159458197,0.06899772584438324,0.0088289985433220863,-0.00016580874216742814,1.3223112821578979,-0.070597454905509949,-0.05338943749666214,-0.022692853584885597,-0.017161507159471512,3.4036736488342285,-0.0015567326918244362,-0.050336062908172607,0.87816333770751953,-0.00033193186391144991,-0.007697173859924078,1.5133991837501526e-09,1,0,1,1,-0.048779323697090149,-0.0073652416467666626,-0.0064610568806529045,0,0,1,0,0,1,0,0,0,0,0,1,0,0,1,0,1,349.8985595703125,-9.1195106506347656e-05,-0.0052947998046875,-0.0052034887485206127,1,4.4808931350708008,-0.00061647128313779831,-0.040657967329025269,1.063671350479126,-0.00012132897973060608,-0.0060321493074297905,-2.0867446437478065e-07,0,0.97647613286972046,-0.040041498839855194,-0.0059108203276991844,-0.00031238875817507505,0,0,0,0,1,0,0,0,0,0,0,0,1.0415712594985962,0,349.5645751953125,-0.00010021030902862549,-0.004257500171661377,-0.0041571268811821938,0.24143162369728088,0,-0.0043134442530572414,-0.056106891483068466,-0.016257787123322487,0,-5.9185972213745117,0,0.33772388100624084,0.037424776703119278,264.65416665829252,-0.0058891512453556061,-0.0044536800123751163,267.911865234375,264.68588256835938,8.1567230224609375,2.5137128829956055,0.9407690167427063,0.061281710863113403
5040,179.20898355441918,1,0.24000544846057892,281.25,8.0000371932983398,0.00015030695067252964,1,202.39340209960938,1,21.581377029418945,8.1179828643798828,170.24853437669822,0.066831223666667938,0.0085186474025249481,-0.00017076819494832307,1.3223112821578979,-0.072710484266281128,-0.05498741939663887,-0.022690068930387497,-0.017159400507807732,3.3763332366943359,-0.0020588783081620932,-0.051999971270561218,0.89550936222076416,-0.00039612164255231619,-0.0076578478328883648,3.9581209421157837e-09,1,0.00024266738910228014,0.998046875,0.998046875,-0.049941085278987885,-0.0072617251425981522,-0.007088090293109417,0.00030149222584441304,0,0.998046875,0,0,1,0,0,0,0,0,1,0,0,1,0,1,349.89523315429688,-0.00012233853340148926,-0.0053238868713378906,-0.0052013853564858437,1,4.4435648918151855,-0.0013100290670990944,-0.040953055024147034,1.0812921524047852,-0.00018850457854568958,-0.0065636765211820602,-2.0652078092098236e-07,0,0.97685229778289795,-0.039643026888370514,-0.006375171709805727,-0.00027352216420695186,0,0,0,0,1,0,0,0,0,0,0,0,1.0400044918060303,0,349.56048583984375,-0.0001475214958190918,-0.004147946834564209,-0.004000441636890173,0.24086803197860718,0,-0.004353533498942852,-0.055801764130592346,-0.016395093873143196,0,-6.0956263542175293,0,0.32497501373291016,0.036048911511898041,264.64999999152496,-0.0060652997344732285,-0.0045868926681578159,267.9122314453125,264.75473022460938,8.1160526275634766,2.0822410583496094,1.0867314338684082,0.070479057729244232
5100,168.36109499250276,1,0.23830601572990417,281.25,7.9986100196838379,0.00017776315507944673,1,201.12274169921875,1,20.97381591796875,8.1564693450927734,159.9430402428776,0.1334371417760849,0.0086314771324396133,-0.00016822242469061166,1.3223112821578979,-0.071330234408378601,-0.053943604230880737,-0.023474808782339096,-0.017752861604094505,3.354456901550293,-0.0016437445301562548,-0.051119253039360046,0.91003721952438354,-0.00036856642691418529,-0.0085509344935417175,1.3969838619232178e-09,1,0.00019342411542311311,0.9990234375,0.9990234375,-0.049475505948066711,-0.0081823673099279404,-0.0063376780599355698,0.00023835799947846681,0,0.9990234375,0,0,1,0,0,0,0,0,1,0,0,1,0,1,349.891845703125,-9.5508992671966553e-05,-0.0051985681056976318,-0.0051030255854129791,1,4.4085116386413574,-0.0014586057513952255,-0.041549228131771088,1.0962100028991699,-0.00014462275430560112,-0.0051704123616218567,-2.0564766600728035e-07,0,0.97698920965194702,-0.04009062796831131,-0.0050257900729775429,-0.00037346317549236119,0,0,0,0,1,0,0,0,0,0,0,0,1.0402393341064453,0,349.5565185546875,-0.00015807151794433594,-0.0041820108890533447,-0.0040239305235445499,0.24055369198322296,0,-0.004389946348965168,-0.055573388934135437,-0.016593869775533676,0,-6.0047540664672852,0,0.82860457897186279,0.036899499595165253,264.6458333247574,-0.0059748794883489609,-0.0045185121707618237,267.91192626953125,264.73568725585938,8.1560287475585938,2.2359223365783691,0.99593687057495117,0.063008390367031097
5160,179.47813454267217,1,0.24155037105083466,218.75,7.9985861778259277,0.00034458705340512097,1,204.32748413085938,1,21.510990142822266,8.1362314224243164,170.50422781553854,0.06573997437953949,0.0082930196076631546,-0.00017243933689314872,1.3223112821578979,-0.073081985116004944,-0.055268365889787674,-0.024728696793317795,-0.018701115623116493,3.3368773460388184,-0.0020283365156501532,-0.052008040249347687,0.92320948839187622,-0.000507748918607831,-0.0094049125909805298,9.3132257461547852e-10,1,0,1,1,-0.049979701638221741,-0.0088971629738807678,-0.0061452882364392281,0,0,1,0,0,1,0,0,0,0,0,1,0,0,1,0,1,349.8885498046875,-0.00010243058204650879,-0.0052625834941864014,-0.0051599768921732903,1,4.3776311874389648,-0.0017209837678819895,-0.043454080820083618,1.1068363189697266,-0.00035542738623917103,-0.0065636248327791691,-2.066371962428093e-07,0,0.97606563568115234,-0.041733097285032272,-0.0062081972137093544,-0.00036579399602487683,0,0,0,0,1,0,0,0,0,0,0,0,1.0412600040435791,0,349.552978515625,-0.00015366077423095703,-0.0042796134948730469,-0.0041260048747062683,0.240314781665802,0,-0.0044213132932782173,-0.055357299745082855,-0.016906917095184326,0,-6.155278205871582,0,0.31862157583236694,0.035019226372241974,264.64166665798984,-0.0061246547847986221,-0.0046317800879478455,267.9102783203125,264.71661376953125,8.1358814239501953,2.4397745132446289,0.86315798759460449,0.063108772039413452
5220,187.29724612137969,1,0.2431492954492569,218.75,7.9991822242736816,0.00018447090405970812,1,206.7705078125,1,21.846004486083984,8.1985588073730469,177.93238381531069,0.031573031097650528,0.0079498123377561569,-0.00017380826466251165,1.3223112821578979,-0.073715135455131531,-0.055747188627719879,-0.026033502072095871,-0.019687877967953682,3.3243427276611328,-0.0018874076195061207,-0.052106581628322601,0.9382321834564209,-0.0004554487532004714,-0.010753120295703411,2.4447217583656311e-09,1,0,1,1,-0.050219178199768066,-0.010297670960426331,-0.005277060903608799,0,0,1,0,0,1,0,0,0,0,0,1,0,0,1,0,1,349.8851318359375,-9.6052885055541992e-05,-0.0051928162574768066,-0.0050965524278581142,1,4.3489360809326172,-0.0018512057140469551,-0.045255482196807861,1.11609947681427,-0.00040232297033071518,-0.0069346469826996326,-2.0640436559915543e-07,0,0.97509276866912842,-0.043404281139373779,-0.0065323230810463428,-0.00039335244218818843,0,0,0,0,1,0,0,0,0,0,0,0,1.0406737327575684,0,349.5498046875,-0.00015810132026672363,-0.0042256712913513184,-0.0040673757903277874,0.24085278809070587,0,-0.0044680275022983551,-0.055463496595621109,-0.01737469807267189,0,-6.2041425704956055,0,0.13954994082450867,0.03346763551235199,264.63749999122228,-0.0061732763424515724,-0.0046685501001775265,267.91213989257812,264.72427368164062,8.1980476379394531,2.4656596183776855,1.0458279848098755,0.06178969144821167
5280,189.94826517671163,1,0.24134403467178345,281.25,7.9996047019958496,0.00041282761958427727,1,204.4490966796875,1,21.903339385986328,8.1873683929443359,180.45085191787604,0.061170119792222977,0.00831645168364048,-0.00017189550271723419,1.3223112821578979,-0.072523057460784912,-0.054845675826072693,-0.025934102013707161,-0.019612705335021019,3.3144536018371582,-0.0016304538585245609,-0.051505044102668762,0.95173335075378418,-0.00033569592051208019,-0.010380199179053307,2.6193447411060333e-09,1,0,1,1,-0.049874588847160339,-0.010044502094388008,-0.005665220320224762,0,0,1,0,0,1,0,0,0,0,0,1,0,0,1,0,1,349.881591796875,-0.00010728836059570312,-0.0051576197147369385,-0.0050502084195613861,1,4.3282685279846191,-0.0014492543414235115,-0.044790282845497131,1.1275736093521118,-0.00029973476193845272,-0.0065830936655402184,-2.0593870431184769e-07,0,0.97506636381149292,-0.043341025710105896,-0.0062833596020936966,-0.0004209286707919091,0,0,0,0,1,0,0,0,0,0,0,0,1.0399501323699951,0,349.54690551757812,-0.00016108155250549316,-0.0041560232639312744,-0.0039950106292963028,0.24099819362163544,0,-0.0044979075901210308,-0.055401727557182312,-0.017754510045051575,0,-6.1358656883239746,0,0.29249432682991028,0.035156033933162689,264.63333332445472,-0.0061053391546010971,-0.0046171722933650017,267.91183471679688,264.71340942382812,8.1872367858886719,2.4191632270812988,1.034125804901123,0.058895103633403778
5340,190.38400399976621,1,0.24172981083393097,281.25,7.9995646476745605,0.00036320529761724174,1,203.64360046386719,1,21.359916687011719,8.1207923889160156,180.86480379977789,0.059145830571651459,0.0082050524652004242,-0.00017340428894385695,1.3223112821578979,-0.072298295795917511,-0.054675702005624771,-0.027260737493634224,-0.020615976303815842,3.3006353378295898,-0.0014676728751510382,-0.05112844705581665,0.96580219268798828,-0.00034147384576499462,-0.011620707809925079,2.3865140974521637e-09,1,0,1,1,-0.049660764634609222,-0.011279232800006866,-0.0047875214368104935,0,0,1,0,0,1,0,0,0,0,0,1,0,0,1,0,1,349.87774658203125,-0.00010713934898376465,-0.0052035152912139893,-0.0050960201770067215,1,4.304865837097168,-0.0016444993671029806,-0.042804621160030365,1.1412698030471802,-0.00038386357482522726,-0.0075786961242556572,-2.0483275875449181e-07,0,0.97614109516143799,-0.041160121560096741,-0.0071948328986763954,-0.00035246752668172121,0,0,0,0,1,0,0,0,0,0,0,0,1.0392073392868042,0,349.54367065429688,-0.00017091631889343262,-0.0040917098522186279,-0.0039207395166158676,0.2409498542547226,0,-0.0045201843604445457,-0.055238090455532074,-0.018171088770031929,0,-6.189723014831543,0,0.28116053342819214,0.034608479589223862,264.62916665768716,-0.0061589283868670464,-0.0046576992608606815,267.90927124023438,264.70977783203125,8.1206884384155273,2.1779277324676514,0.96192961931228638,0.073492780327796936
5400,189.62546462594898,1,0.24088968336582184,281.25,7.999971866607666,0.00031380876316688955,1,198.48590087890625,1,22.078773498535156,8.0824546813964844,180.14419139465153,0.066625192761421204,0.0086378622800111771,-0.00017606171604711562,1.3223112821578979,-0.071784935891628265,-0.054287470877170563,-0.027102570980787277,-0.020496362820267677,3.2859396934509277,-0.001556535717099905,-0.050518840551376343,0.98346889019012451,-0.00041277683340013027,-0.011583279818296432,1.9790604710578918e-09,1,0,1,1,-0.048962302505970001,-0.011170502752065659,-0.0051050437614321709,0,0,1,0,0,1,0,0,0,0,0,1,0,0,1,0,1,349.87423706054688,-0.00011439621448516846,-0.0054159760475158691,-0.0053013274446129799,1,4.2804908752441406,-0.001302868127822876,-0.042814664542675018,1.1573374271392822,-0.00035219825804233551,-0.0092401960864663124,-2.0652078092098236e-07,0,0.97583001852035522,-0.041511796414852142,-0.0088879968971014023,-0.00027663155924528837,0,0,0,0,1,0,0,0,0,0,0,0,1.0420575141906738,0,349.54034423828125,-0.00013726949691772461,-0.0043432116508483887,-0.0042057512328028679,0.24104234576225281,0,-0.0045549571514129639,-0.055142991244792938,-0.018646277487277985,0,-6.2845807075500488,0,0.32377207279205322,0.036524459719657898,264.6249999909196,-0.0062533142045140266,-0.0047290786169469357,267.90756225585938,264.69903564453125,8.0821990966796875,2.2105131149291992,1.0014700889587402,0.059752695262432098
5460,154.66990878535691,1,0.23837447166442871,218.75,8.0005559921264648,0.00049974775174632668,1,192.67237854003906,1,22.811727523803711,8.1160602569580078,146.93641334608907,0.057955816388130188,0.0089548602700233459,-0.0001757518039084971,1.3223112821578979,-0.070171773433685303,-0.053067516535520554,-0.026860259473323822,-0.020313113927841187,3.269862174987793,-0.0013484641676768661,-0.049333009868860245,1.0013315677642822,-0.00053191743791103363,-0.011293215677142143,4.0745362639427185e-10,1,0,1,1,-0.047984540462493896,-0.01076129823923111,-0.0054808850400149822,0,0,1,0,0,1,0,0,0,0,0,1,0,0,1,0,1,349.8709716796875,-0.00010628253221511841,-0.0054946988821029663,-0.0053882347419857979,1,4.2601346969604492,-0.00057034171186387539,-0.042534053325653076,1.1749498844146729,-0.00021632015705108643,-0.0087538957595825195,-2.0582228899002075e-07,0,0.97563457489013672,-0.041963711380958557,-0.0085375765338540077,-0.00031736731762066483,0,0,0,0,1,0,0,0,0,0,0,0,1.0426745414733887,0,349.5369873046875,-0.00011157989501953125,-0.0043790340423583984,-0.0042674541473388672,0.24071095883846283,0,-0.0045864908024668694,-0.054876558482646942,-0.018946235999464989,0,-6.2735180854797363,0,0.27456420660018921,0.037894368171691895,264.62083332415204,-0.006242306437343359,-0.0047207539901137352,267.90481567382812,264.69607543945312,8.1152687072753906,2.1767647266387939,0.73020756244659424,0.048861104995012283
5520,156.26406926754063,1,0.2344038337469101,218.75,8.0015134811401367,0.00043419213034212589,1,187.47442626953125,1,22.514558792114258,8.081817626953125,148.45086580416358,0.027293700724840164,0.0089092180132865906,-0.00017174815002363175,1.3223112821578979,-0.067443758249282837,-0.051004450768232346,-0.027019068598747253,-0.0204332135617733,3.2552525997161865,-0.0012610503472387791,-0.047810561954975128,1.0156828165054321,-0.00040141318459063768,-0.011232469230890274,1.57160684466362e-09,1,0,1,1,-0.046549506485462189,-0.010831056162714958,-0.005327591672539711,0,0,1,0,0,1,0,0,0,0,0,1,0,0,1,0,1,349.86764526367188,-8.5651874542236328e-05,-0.0053506791591644287,-0.0052647832781076431,1,4.2425670623779297,-0.00036923866719007492,-0.043431356549263,1.1889104843139648,3.0857627280056477e-05,-0.0081083960831165314,-2.0477455109357834e-07,0,0.97529405355453491,-0.043062120676040649,-0.008139253593981266,-0.00037417688872665167,0,0,0,0,1,0,0,0,0,0,0,0,1.0433026552200317,0,349.53375244140625,-0.00010639429092407227,-0.0044364184141159058,-0.0043302653357386589,0.23975662887096405,0,-0.0045990105718374252,-0.054315283894538879,-0.019215423613786697,0,-6.1306061744689941,0,0.11942250281572342,0.037589278072118759,264.61666665738449,-0.0061001055873930454,-0.0046132146380841732,267.90634155273438,264.68923950195312,8.0817451477050781,2.4302427768707275,1.3482365608215332,0.06361766904592514
5580,166.99502719607551,1,0.22952722012996674,218.75,8.0011863708496094,0.00030675213201902807,1,181.41836547851562,1,21.806192398071289,8.061152458190918,158.64527583627174,0.037166349589824677,0.0092303752899169922,-0.00016663313726894557,1.3223112821578979,-0.064794860780239105,-0.049001216888427734,-0.025584310293197632,-0.019348174333572388,3.242100715637207,-0.0010807993821799755,-0.046186797320842743,1.0255178213119507,-0.00015729741426184773,-0.0096034593880176544,7.5669959187507629e-10,1,0,1,1,-0.04510599747300148,-0.0094461627304553986,-0.006426515057682991,0,0,1,0,0,1,0,0,0,0,0,1,0,0,1,0,1,349.864501953125,-7.4163079261779785e-05,-0.0051796287298202515,-0.0051052109338343143,1,4.2280645370483398,-0.00038581900298595428,-0.042960166931152344,1.2027896642684937,0.00013975775800645351,-0.005932249128818512,-2.0512379705905914e-07,0,0.97615373134613037,-0.042574338614940643,-0.0060720061883330345,-0.00048328767297789454,0,0,0,0,1,0,0,0,0,0,0,0,1.0435750484466553,0,349.53109741210938,-0.00012916326522827148,-0.0044866204261779785,-0.004357505589723587,0.23829039931297302,0,-0.0045886323787271976,-0.05350707471370697,-0.019312456250190735,0,-5.9480242729187012,0,0.16653752326965332,0.038985989987850189,264.61249999061693,-0.0059184320271015167,-0.0044758236035704613,267.90658569335938,264.70449829101562,8.0607700347900391,2.4346470832824707,0.9728851318359375,0.054918911308050156
5640,208.19104032460768,1,0.23101937770843506,281.25,8.0006189346313477,0.00047459514462389052,1,180.65255737304688,1,22.739166259765625,8.1026430130004883,197.78148830837728,0.031895048916339874,0.009478595107793808,-0.00017062439292203635,1.3223112821578979,-0.06609615683555603,-0.04998532310128212,-0.024731799960136414,-0.018703462556004524,3.2313549518585205,-0.0020576971583068371,-0.046949565410614014,1.0327560901641846,-0.00034577472251839936,-0.0084257293492555618,1.7753336578607559e-09,1,0,1,1,-0.044891871511936188,-0.0080799553543329239,-0.0078042345121502876,0,0,1,0,0,1,0,0,0,0,0,1,0,0,1,0,1,349.86163330078125,-0.00016097724437713623,-0.005338616669178009,-0.0051774661988019943,1,4.2153940200805664,-0.0013249169569462538,-0.045065835118293762,1.2165131568908691,8.6948857642710209e-06,-0.0052421689033508301,-2.0570587366819382e-07,0,0.97577810287475586,-0.04374091699719429,-0.0052508632652461529,-0.00055913865799084306,0,0,0,0,1,0,0,0,0,0,0,0,1.0454790592193604,0,349.5286865234375,-0.00021180510520935059,-0.0047595202922821045,-0.004547913558781147,0.2368457168340683,0,-0.004576588049530983,-0.052775409072637558,-0.019281025975942612,0,-6.0904932022094727,0,0.14108233153820038,0.040069855749607086,264.60833332384937,-0.0060601923614740372,-0.0045830300077795982,267.90628051757812,264.68353271484375,8.1025447845458984,2.5668632984161377,0.90593576431274414,0.063680469989776611
5700,197.26474807181185,1,0.23316527903079987,281.25,8.0002403259277344,0.00040796611574478447,1,180.9830322265625,1,22.64021110534668,8.1603002548217773,187.40151066822125,0.10524597018957138,0.0097455168142914772,-0.00017510306497570127,1.3223112821578979,-0.067689545452594757,-0.051190324127674103,-0.024210140109062195,-0.018308956176042557,3.221764087677002,-0.0027521336451172829,-0.047792099416255951,1.0374562740325928,-0.00067040236899629235,-0.0075673549436032772,-6.9849193096160889e-10,1,0,1,1,-0.045039966702461243,-0.0068969521671533585,-0.0089547140523791313,0,0,1,0,0,1,0,0,0,0,0,1,0,0,1,0,1,349.85891723632812,-0.00018905848264694214,-0.0054021179676055908,-0.0052128001116216183,1,4.2007694244384766,-0.0014516935916617513,-0.044387899339199066,1.2333935499191284,-0.00016232099733315408,-0.0041169472970068455,-2.0835432223975658e-07,0,0.97652024030685425,-0.042936202138662338,-0.0039546266198158264,-0.00061583216302096844,0,0,0,0,1,0,0,0,0,0,0,0,1.0453591346740723,0,349.5263671875,-0.00019679218530654907,-0.0047324001789093018,-0.0045359088107943535,0.23587417602539062,0,-0.0045883310958743095,-0.052373722195625305,-0.01911531575024128,0,-6.250361442565918,0,0.58262956142425537,0.041459552943706512,264.60416665708181,-0.0062192650511860847,-0.0047033289447426796,267.90542602539062,264.66867065429688,8.1601390838623047,2.2805991172790527,1.1162301301956177,0.068256810307502747
5760,195.28243761763326,1,0.23628725111484528,281.25,8.0003061294555664,0.00027287055854685605,1,183.69894409179688,1,23.159353256225586,8.1548261642456055,185.51831573675159,0.080980889499187469,0.0093875452876091003,-0.00017953709175344557,1.3223112821578979,-0.069327995181083679,-0.052429407835006714,-0.025377770885825157,-0.019191978499293327,3.2114639282226562,-0.0034541229251772165,-0.048889931291341782,1.0435457229614258,-0.00084119330858811736,-0.0089015122503042221,-1.8044374883174896e-09,1,0,1,1,-0.045435808598995209,-0.0080603184178471565,-0.007953966036438942,0,0,1,0,0,1,0,0,0,0,0,1,0,0,1,0,1,349.85601806640625,-0.00022247433662414551,-0.0054930448532104492,-0.0052706263959407806,1,4.1837558746337891,-0.0017050495371222496,-0.045914754271507263,1.2496128082275391,-0.00010616518557071686,-0.0049227429553866386,-2.0908191800117493e-07,0,0.97582346200942993,-0.044209696352481842,-0.0048165782354772091,-0.00058597925817593932,0,0,0,0,1,0,0,0,0,0,0,0,1.045214056968689,0,349.52377319335938,-0.0002015233039855957,-0.004722893238067627,-0.0045214057900011539,0.23547874391078949,0,-0.0046182721853256226,-0.052241012454032898,-0.019021440297365189,0,-6.4086356163024902,0,0.41169580817222595,0.039824284613132477,264.59999999031425,-0.0063767516985535622,-0.0048224283382296562,267.90328979492188,264.67898559570312,8.1547203063964844,2.5375370979309082,0.93569499254226685,0.075331807136535645
5820,182.88672847543833,1,0.24030493199825287,281.25,8.0003852844238281,0.00019908555259462446,1,187.94363403320312,1,24.123298645019531,8.1493349075317383,173.7423920516664,0.065155103802680969,0.0089339502155780792,-0.00018458669364918023,1.3223112821578979,-0.071712315082550049,-0.054232552647590637,-0.026229932904243469,-0.019836427643895149,3.2071709632873535,-0.0035273758694529533,-0.050549142062664032,1.0526989698410034,-0.00092912500258535147,-0.0095208585262298584,1.3969838619232178e-09,1,0,1,1,-0.047021765261888504,-0.0085917329415678978,-0.0079655656591057777,0,0,1,0,0,1,0,0,0,0,0,1,0,0,1,0,1,349.85299682617188,-0.00023728609085083008,-0.0055425167083740234,-0.0053049540147185326,1,4.1672477722167969,-0.002218984067440033,-0.048552557826042175,1.2648442983627319,-0.00011037359945476055,-0.0062333764508366585,-2.1210871636867523e-07,0,0.97425532341003418,-0.046333573758602142,-0.0061230035498738289,-0.0005567322950810194,0,0,0,0,1,0,0,0,0,0,0,0,1.0447636842727661,0,349.52105712890625,-0.00022873282432556152,-0.0047048330307006836,-0.0044763642363250256,0.23606684803962708,0,-0.0046729966998100281,-0.052516210824251175,-0.019111126661300659,0,-6.5888824462890625,0,0.31523481011390686,0.037803970277309418,264.59583332354669,-0.0065561020746827126,-0.004958062432706356,267.90216064453125,264.66680908203125,8.1487388610839844,2.5486595630645752,1.0173795223236084,0.064609035849571228
5880,208.36770909726988,1,0.23867742717266083,281.25,7.9999885559082031,0.00020733645942527801,1,185.1854248046875,1,23.460748672485352,8.12481689453125,197.94932364240637,0.066086411476135254,0.0092393187806010246,-0.00018355544307269156,1.3223112821578979,-0.070100978016853333,-0.053013976663351059,-0.027570990845561028,-0.020850606262683868,3.2043514251708984,-0.0031180335208773613,-0.049227416515350342,1.0640769004821777,-0.00079002499114722013,-0.011123519390821457,-1.1641532182693481e-10,1,0.0003544794162735343,0.9990234375,0.9990234375,-0.046109382063150406,-0.01033349521458149,-0.0061282487586140633,0.00042261212365701795,0,0.9990234375,0,0,1,0,0,0,0,0,1,0,0,1,0,1,349.84991455078125,-0.00020676851272583008,-0.0056326389312744141,-0.0054258210584521294,1,4.1547613143920898,-0.0017593381926417351,-0.048487745225429535,1.2784508466720581,-1.8272548913955688e-05,-0.0070338258519768715,-2.1164305508136749e-07,0,0.9737432599067688,-0.046728409826755524,-0.007015555165708065,-0.00051818072097375989,0,0,0,0,1,0,0,0,0,0,0,0,1.0472913980484009,0,349.51824951171875,-0.00018584728240966797,-0.0049147605895996094,-0.0047291414812207222,0.23676872253417969,0,-0.0047224666923284531,-0.052771180868148804,-0.019359830766916275,0,-6.5520715713500977,0,0.32063373923301697,0.039126839488744736,264.59166665677913,-0.0065194740891456604,-0.0049303625710308552,267.90243530273438,264.65322875976562,8.1246728897094727,2.5147309303283691,1.0707525014877319,0.077555082738399506
5940,179.61608620158634,1,0.23533767461776733,281.25,7.9991025924682617,0.0002228146477136761,1,179.05439758300781,1,23.239120483398438,8.1060762405395508,170.63528189150702,0.048053182661533356,0.0092750554904341698,-0.00018198239558842033,1.3223112821578979,-0.068104200065135956,-0.051503907889127731,-0.026928286999464035,-0.020364560186862946,3.1987090110778809,-0.0026069215964525938,-0.048823237419128418,1.0759508609771729,-0.00067335640778765082,-0.010393839329481125,-1.6880221664905548e-09,1,0,1,1,-0.046216312795877457,-0.0097204828634858131,-0.0071150707080960274,0,0,1,0,0,1,0,0,0,0,0,1,0,0,1,0,1,349.84722900390625,-0.00017289817333221436,-0.0056863054633140564,-0.0055133933201432228,1,4.1453413963317871,-0.0014678603038191795,-0.0480678491294384,1.2918984889984131,-0.00015171989798545837,-0.0066625042818486691,-2.1082814782857895e-07,0,0.97417342662811279,-0.046599991619586945,-0.006510784849524498,-0.0005670750979334116,0,0,0,0,1,0,0,0,0,0,0,0,1.0477168560028076,0,349.51611328125,-0.00016289949417114258,-0.0049345195293426514,-0.0047716852277517319,0.23665909469127655,0,-0.0047539286315441132,-0.052589334547519684,-0.019596073776483536,0,-6.4959211349487305,0,0.22148402035236359,0.039205405861139297,264.58749999001157,-0.0064636031165719032,-0.0048881098628044128,267.90386962890625,264.6583251953125,8.1059284210205078,2.4425520896911621,1.0459638833999634,0.062829107046127319
6000,177.507723768825,1,0.23814773559570312,268.75,7.9991326332092285,0.00032171950442716479,1,182.25053405761719,1,23.941987991333008,8.0815229415893555,168.63233758038373,0.058994024991989136,0.0095031838864088058,-0.00018527233623899519,1.3223112821578979,-0.069874987006187439,-0.052843067795038223,-0.027232132852077484,-0.020594343543052673,3.1925733089447021,-0.0024166919756680727,-0.049670696258544922,1.0891649723052979,-0.00076418148819357157,-0.010229550302028656,-2.4447217583656311e-09,1,0,1,1,-0.047254003584384918,-0.0094653703272342682,-0.0079007362946867943,0,0,1,0,0,1,0,0,0,0,0,1,0,0,1,0,1,349.84420776367188,-0.00016543269157409668,-0.0057317912578582764,-0.0055663962848484516,1,4.13201904296875,-0.00099571002647280693,-0.04631207138299942,1.3093695640563965,-0.00024230522103607655,-0.0084092020988464355,-2.1047890186309814e-07,0,0.97474777698516846,-0.045316364616155624,-0.0081668980419635773,-0.00047115772031247616,0,0,0,0,1,0,0,0,0,0,0,0,1.0462958812713623,0,349.51361083984375,-0.00013548135757446289,-0.0047650337219238281,-0.0046295835636556149,0.23675742745399475,0,-0.0047883009538054466,-0.05256333202123642,-0.019748177379369736,0,-6.6133565902709961,0,0.28031629323959351,0.040270179510116577,264.58333332324401,-0.0065804542973637581,-0.0049764788709580898,267.90341186523438,264.62713623046875,8.0813083648681641,2.8140778541564941,1.1579203605651855,0.060859881341457367
6060,168.03453475702131,1,0.23452438414096832,281.25,7.9988727569580078,9.3757102149538696e-05,1,176.35308837890625,1,22.304759979248047,8.0944480895996094,159.63280801917023,0.097467869520187378,0.0098353307694196701,-0.00018286093836650252,1.3223112821578979,-0.067720472812652588,-0.051213715225458145,-0.02652350440621376,-0.020058441907167435,3.178821325302124,-0.0024032930377870798,-0.048426464200019836,1.1019091606140137,-0.00084399094339460135,-0.0096815377473831177,6.9849193096160889e-10,1,0.00027606904041022062,0.9990234375,0.9990234375,-0.046023175120353699,-0.0088375480845570564,-0.0080963121727108955,0.00031808993662707508,0,0.9990234375,0,0,1,0,0,0,0,0,1,0,0,1,0,1,349.84085083007812,-0.0001500248908996582,-0.0057285726070404053,-0.0055782687850296497,1,4.1138787269592285,-0.0004457118920981884,-0.042046718299388885,1.3280148506164551,-0.00025031500263139606,-0.0069382013753056526,-2.0896550267934799e-07,0,0.97716814279556274,-0.04160100594162941,-0.0066878870129585266,-0.00048146897461265326,0,0,0,0,1,0,0,0,0,0,0,0,1.0458648204803467,0,349.51077270507812,-0.00010347366333007812,-0.004690021276473999,-0.0045864884741604328,0.23664653301239014,0,-0.0048159817233681679,-0.052471760660409927,-0.019870081916451454,0,-6.5272812843322754,0,0.52436596155166626,0.041898399591445923,264.57916665647645,-0.0064948070794343948,-0.0049117081798613071,267.90280151367188,264.67770385742188,8.0941524505615234,2.5927362442016602,0.96254849433898926,0.057272784411907196
6120,157.20024583406422,1,0.2339278906583786,281.25,7.9995613098144531,0.00014656310668215156,1,173.19108581542969,1,21.429920196533203,8.0970134735107422,149.34023354236101,0.036864474415779114,0.0098028453066945076,-0.00018478235870134085,1.3223112821578979,-0.067638874053955078,-0.051152005791664124,-0.025708584114909172,-0.019442157819867134,3.1611933708190918,-0.0019377134740352631,-0.048448596149682999,1.1119685173034668,-0.00062261312268674374,-0.0086744101718068123,1.0186340659856796e-09,1,0,1,1,-0.046510878950357437,-0.0080517986789345741,-0.0090788360685110092,0,0,1,0,0,1,0,0,0,0,0,1,0,0,1,0,1,349.83746337890625,-0.00013726949691772461,-0.0058169662952423096,-0.0056797489523887634,1,4.0942001342773438,-0.00015833252109587193,-0.041170611977577209,1.3491408824920654,-7.6129508670419455e-05,-0.0067941593006253242,-2.0838342607021332e-07,0,0.97750282287597656,-0.041012279689311981,-0.0067180301994085312,-0.00047202128916978836,0,0,0,0,1,0,0,0,0,0,0,0,1.0473425388336182,0,349.50778198242188,-7.7158212661743164e-05,-0.0048114359378814697,-0.0047342567704617977,0.23616689443588257,0,-0.0048383111134171486,-0.052253026515245438,-0.019851449877023697,0,-6.5958662033081055,0,0.16506046056747437,0.041483312845230103,264.57499998970889,-0.0065630511380732059,-0.0049633178859949112,267.90164184570312,264.66229248046875,8.0959491729736328,2.3987336158752441,0.93887889385223389,0.070305027067661285
6180,175.4577029769587,1,0.23112060129642487,281.25,8.0001010894775391,0.00024283850507345051,1,168.49140930175781,1,19.925008773803711,8.1244449615478516,166.68481782811077,0.060018859803676605,0.010236134752631187,-0.00018318007641937584,1.3223112821578979,-0.065927311778068542,-0.049857635051012039,-0.025351272895932198,-0.019171940162777901,3.1436231136322021,-0.00152919243555516,-0.046918131411075592,1.121245265007019,-0.00048262206837534904,-0.0086501091718673706,7.5669959187507629e-10,1,0,1,1,-0.045388940721750259,-0.0081674875691533089,-0.0085450317710638046,0,0,1,0,0,1,0,0,0,0,0,1,0,0,1,0,1,349.83444213867188,-0.0001020580530166626,-0.0058137327432632446,-0.0057118842378258705,1,4.0764899253845215,2.1356623619794846e-05,-0.03920619934797287,1.3720250129699707,-8.2846963778138161e-05,-0.0062444722279906273,-2.0785955712199211e-07,0,0.97853010892868042,-0.039227552711963654,-0.0061616259627044201,-0.00046358874533325434,0,0,0,0,1,0,0,0,0,0,0,0,1.0475447177886963,0,349.50518798828125,-7.5772404670715332e-05,-0.004830092191696167,-0.0047544669359922409,0.23539431393146515,0,-0.0048559922724962234,-0.051909182220697403,-0.019725527614355087,0,-6.5386724472045898,0,0.28603091835975647,0.04343898594379425,264.57083332294133,-0.0065061417408287525,-0.004920280072838068,267.90115356445312,264.59439086914062,8.1241207122802734,2.5945899486541748,0.79776680469512939,0.054294232279062271
6240,182.94142061296404,1,0.2297510951757431,281.25,8.000518798828125,0.00026239923317916691,1,163.72344970703125,1,18.8814697265625,8.112553596496582,173.79434958231582,0.13670110702514648,0.010175050236284733,-0.00018518330762162805,1.3223112821578979,-0.065050989389419556,-0.049194913357496262,-0.025303401052951813,-0.019135737791657448,3.1262516975402832,-0.00167381193023175,-0.04647352546453476,1.1307188272476196,-0.00043777312384918332,-0.008569108322262764,1.8335413187742233e-09,1,0,1,1,-0.044799715280532837,-0.0081313354894518852,-0.0083894208073616028,0,0,1,0,0,1,0,0,0,0,0,1,0,0,1,0,1,349.8311767578125,-8.563697338104248e-05,-0.005888521671295166,-0.0058030765503644943,1,4.0594191551208496,-0.00042783387470990419,-0.038791902363300323,1.3928769826889038,-5.4850359447300434e-05,-0.0062719080597162247,-2.092274371534586e-07,0,0.97915560007095337,-0.038364075124263763,-0.0062170582823455334,-0.00043551059206947684,0,0,0,0,1,0,0,0,0,0,0,0,1.0461058616638184,0,349.50225830078125,-7.8774988651275635e-05,-0.0046891570091247559,-0.0046105897054076195,0.23446471989154816,0,-0.004872872494161129,-0.051470190286636353,-0.019623003900051117,0,-6.6101789474487305,0,0.86131352186203003,0.043425373733043671,264.56666665617377,-0.0065772924572229385,-0.0049740877002477646,267.9014892578125,264.5955810546875,8.1125526428222656,2.5303478240966797,0.91042470932006836,0.066898442804813385
6300,175.71660812476475,1,0.23475521802902222,218.75,8.0006370544433594,7.7288204920478165e-05,1,168.41847229003906,1,19.309431076049805,8.0888404846191406,166.93077771852651,0.08829229325056076,0.010160938836634159,-0.00019204191630706191,1.3223112821578979,-0.067915216088294983,-0.051360990852117538,-0.026418523862957954,-0.019979050382971764,3.114081859588623,-0.0022414610721170902,-0.047848835587501526,1.1411756277084351,-0.00065621500834822655,-0.0092996489256620407,1.7462298274040222e-09,1,0,1,1,-0.045607373118400574,-0.0086434343829751015,-0.00827042106539011,0,0,1,0,0,1,0,0,0,0,0,1,0,0,1,0,1,349.8280029296875,-0.00012990832328796387,-0.0059958398342132568,-0.0058661396615207195,1,4.041926383972168,-0.00093488919083029032,-0.041174855083227158,1.412653923034668,-0.00010481986100785434,-0.0069955005310475826,-2.0880543161183596e-07,0,0.97814083099365234,-0.040239971131086349,-0.0068906811065971851,-0.00042631590622477233,0,0,0,0,1,0,0,0,0,0,0,0,1.04698646068573,0,349.498779296875,-9.2223286628723145e-05,-0.0047909170389175415,-0.0046986453235149384,0.23409587144851685,0,-0.0049118939787149429,-0.051286704838275909,-0.019621839746832848,0,-6.8549985885620117,0,0.45997491478919983,0.043217368423938751,264.56249998940621,-0.0068208943121135235,-0.0051583121530711651,267.90179443359375,264.639892578125,8.0881681442260742,2.457399845123291,0.9093325138092041,0.061766229569911957
6360,177.86055461702196,1,0.23378206789493561,281.25,8.0000572204589844,0.00029034930048510432,1,167.71604919433594,1,18.783330917358398,8.0509805679321289,168.96752688617084,0.062316711992025375,0.0100219352170825,-0.00019045789667870849,1.3223112821578979,-0.066999323666095734,-0.050668343901634216,-0.027092380449175835,-0.02048865519464016,3.1063468456268311,-0.0028208652511239052,-0.047382835298776627,1.1547263860702515,-0.00080396654084324837,-0.010041611269116402,2.3283064365386963e-10,1,0,1,1,-0.044561974704265594,-0.0092376451939344406,-0.007447289302945137,0,0,1,0,0,1,0,0,0,0,0,1,0,0,1,0,1,349.8248291015625,-0.00017592310905456543,-0.0059404969215393066,-0.005764602217823267,1,4.0248146057128906,-0.0012457073898985982,-0.041720334440469742,1.4325315952301025,-0.00018464808817952871,-0.0090806372463703156,-2.0919833332300186e-07,0,0.97773611545562744,-0.040474630892276764,-0.0088959904387593269,-0.0003342311829328537,0,0,0,0,1,0,0,0,0,0,0,0,1.0473384857177734,0,349.49520874023438,-0.00010786950588226318,-0.0048416107892990112,-0.0047338483855128288,0.23404078185558319,0,-0.0049520828761160374,-0.051242951303720474,-0.019738838076591492,0,-6.7984566688537598,0,0.29897835850715637,0.042456664144992828,264.55833332263865,-0.0067646335810422897,-0.0051157646812498569,267.900634765625,264.6544189453125,8.0504817962646484,2.461066722869873,0.90048867464065552,0.05369298905134201
6420,193.93985318164712,1,0.23128123581409454,281.25,7.9999957084655762,0.00030696543399244547,1,165.33464050292969,1,18.547475814819336,8.0658845901489258,184.24286052256477,0.037585914134979248,0.0100293830037117,-0.00018706706759985536,1.3223112821578979,-0.065348438918590546,-0.049419861286878586,-0.027065925300121307,-0.02046864852309227,3.0993115901947021,-0.0022229880560189486,-0.04631572961807251,1.1716477870941162,-0.00057463120901957154,-0.010749051347374916,5.8207660913467407e-11,1,0,1,1,-0.04409274086356163,-0.010174419730901718,-0.0065598795190453529,0,0,1,0,0,1,0,0,0,0,0,1,0,0,1,0,1,349.821533203125,-0.00013783574104309082,-0.005812525749206543,-0.0056745689362287521,1,4.0086750984191895,-0.001318500260822475,-0.042788572609424591,1.4522743225097656,-0.00030355429043993354,-0.010279614478349686,-2.0893639884889126e-07,0,0.97720110416412354,-0.041470073163509369,-0.0099760601297020912,-0.00030561868334189057,0,0,0,0,1,0,0,0,0,0,0,0,1.0477695465087891,0,349.49200439453125,-0.00012277066707611084,-0.0048996657133102417,-0.0047769481316208839,0.23371466994285583,0,-0.0049704238772392273,-0.05101197212934494,-0.019887425005435944,0,-6.6774201393127441,0,0.16859437525272369,0.042429350316524506,264.55416665587109,-0.0066441991366446018,-0.0050246859900653362,267.89883422851562,264.63134765625,8.0658302307128906,2.3337507247924805,1.1438512802124023,0.062299285084009171
6480,144.24642196707543,1,0.23042568564414978,218.75,8.0002250671386719,9.210829739458859e-05,1,162.23870849609375,1,19.805692672729492,8.0824089050292969,137.03410086872165,0.043870002031326294,0.010050233453512192,-0.00018852901121135801,1.3223112821578979,-0.064488828182220459,-0.04876977950334549,-0.0277588851749897,-0.020992700010538101,3.0963599681854248,-0.0014951862394809723,-0.045493118464946747,1.1889762878417969,-0.00042951270006597042,-0.011777700856328011,-1.9790604710578918e-09,1,0.00018572871340438724,0.9990234375,0.9990234375,-0.043997928500175476,-0.011348188854753971,-0.0056576710194349289,0.00022177408391144127,0,0.9990234375,0,0,1,0,0,0,0,0,1,0,0,1,0,1,349.818603515625,-9.3698501586914062e-05,-0.0058794021606445312,-0.0057858889922499657,1,4.0012731552124023,-0.0015221461653709412,-0.044594138860702515,1.4700131416320801,-0.00047753367107361555,-0.010965805500745773,-2.1071173250675201e-07,0,0.97625058889389038,-0.043071988970041275,-0.010488273575901985,-0.00032131589250639081,0,0,0,0,1,0,0,0,0,0,0,0,1.049904465675354,0,349.489501953125,-0.00014105439186096191,-0.0051314830780029297,-0.0049904393963515759,0.23311309516429901,0,-0.0049815666861832142,-0.050616994500160217,-0.020015858113765717,0,-6.7296042442321777,0,0.19997331500053406,0.042515560984611511,264.54999998910353,-0.0066961236298084259,-0.0050639542751014233,267.89703369140625,264.62490844726562,8.0824079513549805,2.6324899196624756,0.93843138217926025,0.055180519819259644
6540,190.66011116025857,1,0.23094800114631653,218.75,8.0005302429199219,0.00015598002937622368,1,165.033447265625,1,20.681484222412109,8.1037492752075195,181.12710560224562,0.040770251303911209,0.010047990828752518,-0.00018659957277122885,1.3223112821578979,-0.064394012093544006,-0.048698075115680695,-0.028768435120582581,-0.02175617404282093,3.0963492393493652,-0.001340538146905601,-0.045352928340435028,1.2051773071289062,-0.00046786997700110078,-0.012053918093442917,-1.0477378964424133e-09,1,0,1,1,-0.044012393802404404,-0.011586046777665615,-0.0057719666510820389,0,0,1,0,0,1,0,0,0,0,0,1,0,0,1,0,1,349.81573486328125,-0.00010411441326141357,-0.0056896805763244629,-0.0055856406688690186,1,3.9983704090118408,-0.0018057525157928467,-0.046256106346845627,1.4836634397506714,-0.00058613670989871025,-0.011007089167833328,-2.0919833332300186e-07,0,0.97558784484863281,-0.044450357556343079,-0.01042095385491848,-0.00036371801979839802,0,0,0,0,1,0,0,0,0,0,0,0,1.0499838590621948,0,349.48736572265625,-0.00016844272613525391,-0.0051667392253875732,-0.004998386837542057,0.23269861936569214,0,-0.0049940524622797966,-0.050292372703552246,-0.020275039598345757,0,-6.6607327461242676,0,0.18435899913311005,0.042525045573711395,264.54583332233597,-0.0066275945864617825,-0.0050121289677917957,267.8975830078125,264.6263427734375,8.1035099029541016,2.6415996551513672,0.85593605041503906,0.058175094425678253
6600,192.7292590610362,1,0.22825123369693756,268.75,7.9998269081115723,0.00025467181694693863,1,162.64376831054688,1,20.669715881347656,8.1407957077026367,183.09279610798438,0.060323532670736313,0.010313736274838448,-0.00018278560310136527,1.3223112821578979,-0.062683627009391785,-0.047404590994119644,-0.028577594086527824,-0.021611850708723068,3.0987844467163086,-0.0010269873309880495,-0.04382990300655365,1.2202479839324951,-0.00037935061845928431,-0.0119898971170187,-3.0850060284137726e-09,1,0,1,1,-0.042802922427654266,-0.011610547080636024,-0.0056089498102664948,0,0,1,0,0,1,0,0,0,0,0,1,0,0,1,0,1,349.81298828125,-8.859485387802124e-05,-0.005549505352973938,-0.0054610082879662514,1,3.9992601871490479,-0.0012263739481568336,-0.045975681394338608,1.4974117279052734,-0.00047391909174621105,-0.010818636044859886,-2.1094456315040588e-07,0,0.97554564476013184,-0.04474930465221405,-0.010344717651605606,-0.00039377209031954408,0,0,0,0,1,0,0,0,0,0,0,0,1.050858736038208,0,349.48587036132812,-0.00014168024063110352,-0.0052272677421569824,-0.0050858715549111366,0.23212024569511414,0,-0.0049892151728272438,-0.049892250448465347,-0.020536728203296661,0,-6.5245919227600098,0,0.28773686289787292,0.043752379715442657,264.54166665556841,-0.0064921313896775246,-0.0049096844159066677,267.89837646484375,264.63192749023438,8.1407699584960938,2.6893339157104492,0.89007437229156494,0.059804871678352356
6660,191.79864153862033,1,0.23018783330917358,281.25,8.000462532043457,0.00014603714225813746,1,164.5408935546875,1,20.825450897216797,8.1342954635620117,182.2087094616893,0.060731709003448486,0.010362820699810982,-0.00018531613750383258,1.3223112821578979,-0.063517779111862183,-0.048035420477390289,-0.029572540894150734,-0.022364281117916107,3.0997214317321777,-0.00083635468035936356,-0.043988496065139771,1.2349479198455811,-0.0003965759533457458,-0.012382249347865582,-2.8812792152166367e-09,1,0,1,1,-0.043152142316102982,-0.011985674500465393,-0.0057055708020925522,0,0,1,0,0,1,0,0,0,0,0,1,0,0,1,0,1,349.81024169921875,-6.3888728618621826e-05,-0.0055851414799690247,-0.0055215554311871529,1,4.0037031173706055,-0.00055134913418442011,-0.045306161046028137,1.5115388631820679,-0.00035817688331007957,-0.011159356683492661,-2.1123560145497322e-07,0,0.97545057535171509,-0.044754810631275177,-0.010801180265843868,-0.00039585150079801679,0,0,0,0,1,0,0,0,0,0,0,0,1.0515544414520264,0,349.48455810546875,-8.9943408966064453e-05,-0.0052451342344284058,-0.0051554348319768906,0.23156847059726715,0,-0.0049822512082755566,-0.049503762274980545,-0.0208168625831604,0,-6.6149201393127441,0,0.29002746939659119,0.043974664062261581,264.53749998880085,-0.0065820100717246532,-0.0049776555970311165,267.89996337890625,264.61151123046875,8.13360595703125,2.7653899192810059,0.83357405662536621,0.069800823926925659
6720,195.62402177235205,1,0.23164084553718567,281.25,8.0010843276977539,0.00017043831758201122,1,164.52589416503906,1,20.34315299987793,8.1385154724121094,185.84282068373443,0.08320578932762146,0.010554373264312744,-0.00018886486941482872,1.3223112821578979,-0.064487330615520477,-0.048768647015094757,-0.029589792713522911,-0.022377327084541321,3.0976669788360596,-0.00037401262670755386,-0.044358007609844208,1.2482192516326904,-0.00021296471823006868,-0.011752805672585964,-3.14321368932724e-09,1,0.00029372377321124077,0.9990234375,0.9990234375,-0.043983995914459229,-0.011539841070771217,-0.006711173802614212,0.00034798856358975172,0,0.9990234375,0,0,1,0,0,0,0,0,1,0,0,1,0,1,349.80679321289062,-3.5583972930908203e-05,-0.0056995898485183716,-0.0056643402203917503,1,4.0075740814208984,1.1574127711355686e-05,-0.043300561606884003,1.5288505554199219,2.0203064195811749e-05,-0.010692574083805084,-2.1336018107831478e-07,0,0.97632789611816406,-0.043312136083841324,-0.010712776333093643,-0.00038528483128175139,0,0,0,0,1,0,0,0,0,0,0,0,1.048401951789856,0,349.48260498046875,-7.463991641998291e-05,-0.0049146562814712524,-0.0048401933163404465,0.23138861358165741,0,-0.0049862395972013474,-0.049285642802715302,-0.021077115088701248,0,-6.7415933609008789,0,0.42611989378929138,0.044887766242027283,264.53333332203329,-0.0067080529406666756,-0.0050729755312204361,267.89968872070312,264.58242797851562,8.1383895874023438,2.7670185565948486,0.81461131572723389,0.072381198406219482
6780,175.91325033105366,1,0.23163285851478577,268.75,8.0007228851318359,0.00035855991882272065,1,161.06842041015625,1,20.362133026123047,8.1124162673950195,167.11758781450098,0.033432871103286743,0.010017573833465576,-0.00019289903866592795,1.3223112821578979,-0.064851507544517517,-0.049044054001569748,-0.028770800679922104,-0.021757964044809341,3.0933594703674316,-0.00068543164525181055,-0.045643825083971024,1.2602174282073975,-0.00012772368791047484,-0.011070661246776581,7.8580342233181e-10,1,0.0009028609492816031,0.9970703125,0.9970703125,-0.044958397746086121,-0.010942937806248665,-0.0078088878653943539,0.0010520130163058639,0,0.9970703125,0,0,1,0,0,0,0,0,1,0,0,1,0,1,349.80313110351562,-3.2261013984680176e-05,-0.0059262290596961975,-0.0058940518647432327,1,4.0041594505310059,0.00014516338706016541,-0.043385189026594162,1.5483070611953735,0.00043591007124632597,-0.0099163353443145752,-2.1181767806410789e-07,0,0.97644329071044922,-0.043530356138944626,-0.010352245531976223,-0.00041783013148233294,0,0,0,0,1,0,0,0,0,0,0,0,1.0499640703201294,0,349.47982788085938,-6.434321403503418e-05,-0.0050605833530426025,-0.0049964077770709991,0.23138025403022766,0,-0.0050120344385504723,-0.049218297004699707,-0.021242782473564148,0,-6.885594367980957,0,0.14843577146530151,0.042347356677055359,264.52916665526573,-0.0068513378500938416,-0.005181334912776947,267.89825439453125,264.63348388671875,8.1118173599243164,3.3547444343566895,1.0435833930969238,0.063526540994644165
6840,180.62306770306984,1,0.22926679253578186,268.75,8.0007610321044922,0.00037527584936469793,1,157.87498474121094,1,20.537969589233398,8.0818119049072266,171.59191431791635,0.10890093445777893,0.010180482640862465,-0.00019083151710219681,1.3223112821578979,-0.063498124480247498,-0.048020556569099426,-0.028265397995710373,-0.021375751122832298,3.0904920101165771,-0.0010059113847091794,-0.044482462108135223,1.2684422731399536,-0.00024380511604249477,-0.011589689180254936,-2.9103830456733704e-10,1,0,1,1,-0.04347655177116394,-0.011345882900059223,-0.0069232527166604996,0,0,1,0,0,1,0,0,0,0,0,1,0,0,1,0,1,349.79989624023438,-5.4895877838134766e-05,-0.0058790147304534912,-0.0058242757804691792,1,3.9981899261474609,-0.00017807167023420334,-0.043280504643917084,1.5622482299804688,0.00022882199846208096,-0.0081726266071200371,-2.1420419216156006e-07,0,0.97716271877288818,-0.043102432042360306,-0.0084014479070901871,-0.00050736177945509553,0,0,0,0,1,0,0,0,0,0,0,0,1.0506558418273926,0,349.47723388671875,-0.00010263919830322266,-0.0051681995391845703,-0.0050655780360102654,0.23121923208236694,0,-0.0050408313982188702,-0.049131151288747787,-0.021297778934240341,0,-6.811793327331543,0,0.61128360033035278,0.043177086859941483,264.52499998849817,-0.0067779039964079857,-0.0051258006133139133,267.896484375,264.62411499023438,8.0814523696899414,3.2138767242431641,0.94940710067749023,0.062963783740997314
6900,187.773435760757,1,0.23280298709869385,281.25,8.000701904296875,0.00023132632486522198,1,158.89967346191406,1,21.314481735229492,8.0786962509155273,178.38476397271913,0.049715455621480942,0.010438388213515282,-0.00019851011165883392,1.3223112821578979,-0.065266534686088562,-0.04935792088508606,-0.029601346701383591,-0.022386064752936363,3.085552453994751,-0.00080268643796443939,-0.045142900198698044,1.2736718654632568,-0.00019733700901269913,-0.012551525607705116,9.3132257461547852e-10,1,0,1,1,-0.044340215623378754,-0.012354188598692417,-0.0064790518954396248,0,0,1,0,0,1,0,0,0,0,0,1,0,0,1,0,1,349.79669189453125,-6.2286853790283203e-05,-0.0061403810977935791,-0.0060780895873904228,1,3.9958860874176025,0.00023491098545491695,-0.042651239782571793,1.5701198577880859,0.00034410820808261633,-0.0074243168346583843,-2.1362211555242538e-07,0,0.97737711668014526,-0.042886152863502502,-0.0077684246934950352,-0.00054281251505017281,0,0,0,0,1,0,0,0,0,0,0,0,1.0514923334121704,0,349.47451782226562,-8.3059072494506836e-05,-0.0052320510149002075,-0.0051492359489202499,0.23090445995330811,0,-0.0050653554499149323,-0.048937879502773285,-0.021378552541136742,0,-7.0858831405639648,0,0.23017700016498566,0.044229559600353241,264.52083332173061,-0.0070506301708519459,-0.0053320503793656826,267.8951416015625,264.56539916992188,8.0786943435668945,2.8448681831359863,0.77940785884857178,0.056692518293857574
6960,180.24547975591787,1,0.23369377851486206,281.25,8.0009012222290039,0.0002101388672599569,1,160.19831848144531,1,21.372909545898438,8.0597696304321289,171.23320576812196,0.047508683055639267,0.010376457124948502,-0.00019916982273571193,1.3223112821578979,-0.066010475158691406,-0.049920525401830673,-0.029285453259944916,-0.022147171199321747,3.080808162689209,-0.0010931382421404123,-0.045882247388362885,1.277941107749939,-0.00026064540725201368,-0.012169448658823967,1.3969838619232178e-09,1,0,1,1,-0.044789105653762817,-0.011908804066479206,-0.0070768576115369797,0,0,1,0,0,1,0,0,0,0,0,1,0,0,1,0,1,349.7935791015625,-8.2194805145263672e-05,-0.0061362683773040771,-0.0060540055856108665,1,3.9862885475158691,-4.3858308345079422e-05,-0.042693853378295898,1.5766514539718628,0.00041507347486913204,-0.0064295385964214802,-2.1269079297780991e-07,0,0.97769206762313843,-0.042649991810321808,-0.0068446118384599686,-0.00058757688384503126,0,0,0,0,1,0,0,0,0,0,0,0,1.0514178276062012,0,349.47088623046875,-0.00012362003326416016,-0.0052655935287475586,-0.0051417741924524307,0.2315274178981781,0,-0.0051259705796837807,-0.049179065972566605,-0.021564565598964691,0,-7.1094322204589844,0,0.21865475177764893,0.043965347111225128,264.51666665496305,-0.007074061781167984,-0.005349770188331604,267.89279174804688,264.61456298828125,8.0594291687011719,3.1341280937194824,0.93180316686630249,0.053975425660610199
7020,171.95052026385656,1,0.23251557350158691,281.25,8.0006675720214844,0.00017249655502382666,1,158.84980773925781,1,22.063247680664062,8.0813026428222656,163.35299425066373,0.077833332121372223,0.010472988709807396,-0.00019783788593485951,1.3223112821578979,-0.064883127808570862,-0.049067966639995575,-0.030013727024197578,-0.022697929292917252,3.073516845703125,-0.0013775741681456566,-0.045163780450820923,1.2840752601623535,-0.00042703014332801104,-0.012833161279559135,1.8044374883174896e-09,1,0,1,1,-0.043786212801933289,-0.012406131252646446,-0.0063496180810034275,0,0,1,0,0,1,0,0,0,0,0,1,0,0,1,0,1,349.79022216796875,-9.4041228294372559e-05,-0.0061166435480117798,-0.0060225920751690865,1,3.9766597747802734,-0.00046940241008996964,-0.041627466678619385,1.5871198177337646,0.0001188196474686265,-0.0078923534601926804,-2.1257437765598297e-07,0,0.97825455665588379,-0.04115806519985199,-0.0080111706629395485,-0.0005012130131945014,0,0,0,0,1,0,0,0,0,0,0,0,1.0517325401306152,0,349.46771240234375,-0.00016370415687561035,-0.005337059497833252,-0.0051732505671679974,0.23151496052742004,0,-0.005150151439011097,-0.049107387661933899,-0.021669449284672737,0,-7.0618877410888672,0,0.39167273044586182,0.044433034956455231,264.51249998819549,-0.0070267538540065289,-0.0053139938972890377,267.89080810546875,264.55416870117188,8.0806951522827148,2.8775844573974609,1.1393108367919922,0.062117066234350204
7080,163.65762105353892,1,0.24180854856967926,268.75,8.0005311965942383,0.0002441652468405664,1,165.73046875,1,25.442365646362305,8.0843086242675781,155.47474000086197,0.06283685564994812,0.010038262233138084,-0.00021328122238628566,1.3223112821578979,-0.069603368639945984,-0.052637659013271332,-0.033665183931589127,-0.025459349155426025,3.0706400871276855,-0.0024175080470740795,-0.048372779041528702,1.2968581914901733,-0.00097835517954081297,-0.015360894612967968,1.0477378964424133e-09,1,0,1,1,-0.045955274254083633,-0.014382539317011833,-0.0056671202182769775,0,0,1,0,0,1,0,0,0,0,0,1,0,0,1,0,1,349.7874755859375,-0.00018183887004852295,-0.0065454989671707153,-0.0063640153966844082,1,3.9674365520477295,-0.0014381352812051773,-0.045714609324932098,1.599111795425415,-0.00045980612048879266,-0.011182909831404686,-2.1146843209862709e-07,0,0.97612380981445312,-0.044276472181081772,-0.010723101906478405,-0.00044778425944969058,0,0,0,0,1,0,0,0,0,0,0,0,1.0554947853088379,0,349.4647216796875,-0.00023677945137023926,-0.0057863816618919373,-0.0055494746193289757,0.23265117406845093,0,-0.0052256546914577484,-0.04949013888835907,-0.022139595821499825,0,-7.6131429672241211,0,0.30193537473678589,0.042506776750087738,264.50833332142793,-0.0075752665288746357,-0.0057288073003292084,267.8917236328125,264.592529296875,8.0842256546020508,2.9380669593811035,0.95879125595092773,0.065032094717025757
7140,170.80966610581171,1,0.24203580617904663,281.25,7.9999876022338867,0.00017461019160691649,1,166.28825378417969,1,26.775266647338867,8.0629377365112305,162.26918280052112,0.056614793837070465,0.010367685928940773,-0.0002131656656274572,1.3223112821578979,-0.069878831505775452,-0.052845977246761322,-0.033427946269512177,-0.02527993731200695,3.0734429359436035,-0.0016709095798432827,-0.048389099538326263,1.3143997192382812,-0.00068322423612698913,-0.014766490086913109,4.0745362639427185e-10,1,0,1,1,-0.04671819880604744,-0.014083268120884895,-0.0065223304554820061,0,0,1,0,0,1,0,0,0,0,0,1,0,0,1,0,1,349.78506469726562,-0.0001290440559387207,-0.0065469443798065186,-0.0064179622568190098,1,3.9614968299865723,-0.0012602135539054871,-0.046520695090293884,1.6144921779632568,-0.00039925379678606987,-0.012395692989230156,-2.1117739379405975e-07,0,0.97475022077560425,-0.045260481536388397,-0.011996437795460224,-0.00042692563147284091,0,0,0,0,1,0,0,0,0,0,0,0,1.0560081005096436,0,349.46197509765625,-0.00015312433242797852,-0.005754321813583374,-0.0056008091196417809,0.234323650598526,0,-0.0053178919479250908,-0.050104252994060516,-0.02276482991874218,0,-7.6090178489685059,0,0.26718878746032715,0.044037509709596634,264.50416665466037,-0.0075711621902883053,-0.005725703202188015,267.8914794921875,264.63229370117188,8.0628013610839844,2.8245964050292969,0.90130937099456787,0.065215915441513062
7200,165.60835036878458,1,0.24257864058017731,281.25,8.0004901885986328,0.00025526847457513213,1,166.18499755859375,1,27.323032379150391,8.07012939453125,157.32793285034535,0.098792701959609985,0.010219230316579342,-0.00021473650122061372,1.3223112821578979,-0.070494137704372406,-0.0533113032579422,-0.032940361648797989,-0.024911200627684593,3.0733878612518311,-0.0013993969187140465,-0.049326881766319275,1.3322577476501465,-0.00039479823317378759,-0.013947520405054092,2.9103830456733704e-09,1,0,1,1,-0.047927483916282654,-0.01355272252112627,-0.0076666157692670822,0,0,1,0,0,1,0,0,0,0,0,1,0,0,1,0,1,349.7818603515625,-0.00012239813804626465,-0.0066347122192382812,-0.0065124547109007835,1,3.9554672241210938,-0.0010297087719663978,-0.046578992158174515,1.6340012550354004,-0.00013681247946806252,-0.013250282965600491,-2.0701554603874683e-07,0,0.97404646873474121,-0.045549280941486359,-0.013113470748066902,-0.00039218374877236784,0,0,0,0,1,0,0,0,0,0,0,0,1.054797887802124,0,349.458740234375,-0.00011038035154342651,-0.0055901482701301575,-0.0054797790944576263,0.23567570745944977,0,-0.0053941784426569939,-0.050634123384952545,-0.023151803761720657,0,-7.6650896072387695,0,0.53404033184051514,0.043474007397890091,264.49999998789281,-0.0076269549317657948,-0.0057678967714309692,267.88995361328125,264.5089111328125,8.0699548721313477,2.9432225227355957,0.98928022384643555,0.068971864879131317
7260,157.27759989822636,1,0.24766488373279572,281.25,8.0006885528564453,0.00030258388142101467,1,170.66413879394531,1,28.686203002929688,8.0606918334960938,149.41371990331504,0.10137692838907242,0.010050870478153229,-0.00022253124916460365,1.3223112821578979,-0.073241263628005981,-0.05538882315158844,-0.034845247864723206,-0.026351774111390114,3.0792467594146729,-0.001992842648178339,-0.050978556275367737,1.3503429889678955,-0.00046682113315910101,-0.015395307913422585,1.1641532182693481e-09,1,0,1,1,-0.048985719680786133,-0.014928488060832024,-0.0070252856239676476,0,0,1,0,0,1,0,0,0,0,0,1,0,0,1,0,1,349.77914428710938,-0.00014820694923400879,-0.0067568719387054443,-0.0066089080646634102,1,3.9565188884735107,-0.001047034515067935,-0.050464004278182983,1.650653600692749,0.00021501677110791206,-0.013939036056399345,-2.0727748051285744e-07,0,0.97171592712402344,-0.049416966736316681,-0.01415405236184597,-0.00045841632527299225,0,0,0,0,1,0,0,0,0,0,0,0,1.0598456859588623,0,349.4566650390625,-0.0001621246337890625,-0.006146550178527832,-0.005984562449157238,0.23734185099601746,0,-0.0054781157523393631,-0.051281731575727463,-0.023589955642819405,0,-7.9433259963989258,0,0.55320113897323608,0.042938802391290665,264.49583332112525,-0.0079038068652153015,-0.0059772664681077003,267.88919067382812,264.58834838867188,8.0606212615966797,2.9672183990478516,1.0698397159576416,0.077584519982337952
7320,188.79357790817829,1,0.25007686018943787,218.75,8.0007534027099609,3.6450510378926992e-05,1,174.505859375,1,30.587259292602539,8.0695161819458008,179.35389901276938,0.18171268701553345,0.0098203001543879509,-0.00022405288473237306,1.3223112821578979,-0.074446409940719604,-0.056300215423107147,-0.036003336310386658,-0.027227580547332764,3.0931928157806396,-0.0027533289976418018,-0.051544032990932465,1.3659746646881104,-0.00086976983584463596,-0.016809001564979553,1.1641532182693481e-10,1,0,1,1,-0.04879070445895195,-0.015939235687255859,-0.0062062791548669338,0,0,1,0,0,1,0,0,0,0,0,1,0,0,1,0,1,349.77755737304688,-0.00015771389007568359,-0.0066906213760375977,-0.0065332832746207714,1,3.9666635990142822,-0.0013325870968401432,-0.053623035550117493,1.6614129543304443,9.0087298303842545e-05,-0.014185981824994087,-2.0605511963367462e-07,0,0.96981418132781982,-0.052290447056293488,-0.014276067726314068,-0.00053394673159345984,0,0,0,0,1,0,0,0,0,0,0,0,1.0634990930557251,0,349.45632934570312,-0.00021648406982421875,-0.0065662860870361328,-0.0063499035313725471,0.23951300978660583,0,-0.0055769989266991615,-0.052168861031532288,-0.024182334542274475,0,-7.9976406097412109,0,1.4464582204818726,0.042302198708057404,264.49166665435769,-0.0079578515142202377,-0.0060181380249559879,267.88916015625,264.5469970703125,8.0694904327392578,3.2312135696411133,0.9112091064453125,0.092729419469833374
7380,193.89588803994417,1,0.24657140672206879,231.25,8.0003108978271484,0.00039746082620695233,1,171.5264892578125,1,31.774578094482422,8.0765790939331055,184.20109363794694,0.035644263029098511,0.0096518229693174362,-0.00021849271433893591,1.3223112821578979,-0.071773424744606018,-0.054278764873743057,-0.036216538399457932,-0.027388814836740494,3.108119010925293,-0.0031289304606616497,-0.049748305231332779,1.382672905921936,-0.0012717107310891151,-0.017381545156240463,1.862645149230957e-09,1,0,1,1,-0.046619374305009842,-0.016109831631183624,-0.0053692846558988094,0,0,1,0,0,1,0,0,0,0,0,1,0,0,1,0,1,349.77593994140625,-0.00019216537475585938,-0.006553947925567627,-0.0063623469322919846,1,3.9843437671661377,-0.0021450640633702278,-0.05271993950009346,1.6714174747467041,-0.00057536736130714417,-0.016045872122049332,-2.0442530512809753e-07,0,0.97008496522903442,-0.05057486891746521,-0.015470503829419613,-0.00044688774505630136,0,0,0,0,1,0,0,0,0,0,0,0,1.0619070529937744,0,349.45660400390625,-0.00026625394821166992,-0.0064568519592285156,-0.0061906939372420311,0.2410600483417511,0,-0.0056429882533848286,-0.052742674946784973,-0.024762138724327087,0,-7.799168586730957,0,0.15911437571048737,0.040780030190944672,264.48749998759013,-0.0077603668905794621,-0.0058687897399067879,267.88839721679688,264.53778076171875,8.0763149261474609,2.9607458114624023,1.1010289192199707,0.099572062492370605
7440,197.06735803866121,1,0.23862938582897186,231.25,8.0010766983032227,0.00037612178130075336,1,162.56961059570312,1,31.670696258544922,8.1281595230102539,187.21399013672814,0.093205176293849945,0.010208726860582829,-0.00020896444038953632,1.3223112821578979,-0.066971592605113983,-0.050647374242544174,-0.034417219460010529,-0.026028076186776161,3.1179008483886719,-0.0029246741905808449,-0.046768646687269211,1.3977437019348145,-0.0014166475739330053,-0.016241699457168579,6.9849193096160889e-10,1,0,1,1,-0.043843969702720642,-0.014825047925114632,-0.0056216144002974033,0,0,1,0,0,1,0,0,0,0,0,1,0,0,1,0,1,349.773681640625,-0.00023579597473144531,-0.0064511299133300781,-0.0062154103070497513,1,4.0078306198120117,-0.0023315753787755966,-0.050270348787307739,1.685208797454834,-0.0011864034458994865,-0.013623778708279133,-2.0256265997886658e-07,0,0.97205144166946411,-0.047938771545886993,-0.012437376193702221,-0.000563780777156353,0,0,0,0,1,0,0,0,0,0,0,0,1.0594199895858765,0,349.45654296875,-0.00030374526977539062,-0.0062454938888549805,-0.0059419963508844376,0.24131418764591217,0,-0.005663042888045311,-0.052698925137519836,-0.025123797357082367,0,-7.4590539932250977,0,0.49389758706092834,0.043305590748786926,264.48333332082257,-0.0074219442903995514,-0.005612857174128294,267.88726806640625,264.552490234375,8.1280918121337891,3.0110235214233398,0.91022366285324097,0.091668173670768738
7500,207.72465233635134,1,0.23012955486774445,231.25,8.0006961822509766,0.00028694031061604619,1,154.35580444335938,1,29.982824325561523,8.1548910140991211,197.33841971953376,0.028244039043784142,0.010432924143970013,-0.00019739412527997047,1.3223112821578979,-0.062082007527351379,-0.046949617564678192,-0.032402116805315018,-0.024504151195287704,3.1211836338043213,-0.0016690082848072052,-0.043753355741500854,1.4072529077529907,-0.0010965736582875252,-0.015235064551234245,1.1641532182693481e-09,1,0,1,1,-0.042084343731403351,-0.014138489030301571,-0.0056675048545002937,0,0,1,0,0,1,0,0,0,0,0,1,0,0,1,0,1,349.77084350585938,-0.00015497207641601562,-0.0062053203582763672,-0.0060504903085529804,1,4.033203125,-0.0015691965818405151,-0.046924412250518799,1.6979575157165527,-0.0013478891924023628,-0.012384909205138683,-2.0046718418598175e-07,0,0.9740300178527832,-0.045355211943387985,-0.01103702001273632,-0.00057635817211121321,0,0,0,0,1,0,0,0,0,0,0,0,1.0583730936050415,0,349.45635986328125,-0.00022333860397338867,-0.006060481071472168,-0.0058373142965137959,0.23998494446277618,0,-0.0056232721544802189,-0.051942318677902222,-0.025155112147331238,0,-7.0460476875305176,0,0.12385490536689758,0.044130031019449234,264.47916665405501,-0.0070109926164150238,-0.0053020743653178215,267.88546752929688,264.57135009765625,8.154789924621582,3.0724012851715088,0.94902360439300537,0.073625639081001282
7560,223.28411494242485,1,0.22502318024635315,281.25,8.0006809234619141,0.00029477733187377453,1,149.06315612792969,1,28.16822624206543,8.0966548919677734,212.11990919530359,0.045570142567157745,0.010838912799954414,-0.00019109593995381147,1.3223112821578979,-0.059174947440624237,-0.044751148670911789,-0.031327392905950546,-0.023691389709711075,3.1184468269348145,-0.0007714712992310524,-0.041341032832860947,1.4166970252990723,-0.00069732731208205223,-0.014544188044965267,-1.1641532182693481e-09,1,0,1,1,-0.04056955873966217,-0.013846859335899353,-0.005458529107272625,0,0,1,0,0,1,0,0,0,0,0,1,0,0,1,0,1,349.76754760742188,-0.00011283159255981445,-0.0060116052627563477,-0.0058989031240344048,1,4.0527372360229492,-0.00052246730774641037,-0.042877744883298874,1.7138460874557495,-0.00094166724011301994,-0.012122190557420254,-1.9976869225502014e-07,0,0.97593778371810913,-0.042355276644229889,-0.011180521920323372,-0.00049272144678980112,0,0,0,0,1,0,0,0,0,0,0,0,1.054922342300415,0,349.45611572265625,-0.00011771917343139648,-0.0056098103523254395,-0.0054922308772802353,0.23774102330207825,0,-0.0055456501431763172,-0.050799272954463959,-0.024961289018392563,0,-6.8212318420410156,0,0.20865373313426971,0.045916084200143814,264.47499998728745,-0.0067872954532504082,-0.005132902879267931,267.8841552734375,264.52484130859375,8.0963211059570312,3.2712795734405518,0.8883746862411499,0.058072298765182495
7620,223.67958801661905,1,0.22083936631679535,281.25,7.999788761138916,0.00023136653180699795,1,142.73196411132812,1,27.297239303588867,8.138214111328125,212.49560861578809,0.069064706563949585,0.011288969777524471,-0.00018864627054426819,1.3223112821578979,-0.057318426668643951,-0.043347150087356567,-0.029554175212979317,-0.022350391373038292,3.1098361015319824,-0.00039156293496489525,-0.040098212659358978,1.4243545532226562,-0.00043967855162918568,-0.012178897857666016,-2.3283064365386963e-09,1,0,1,1,-0.039706647396087646,-0.011739219538867474,-0.0071087135002017021,0,0,1,0,0,1,0,0,0,0,0,1,0,0,1,0,1,349.76327514648438,-9.8407268524169922e-05,-0.0059777498245239258,-0.0058794203214347363,1,4.0653719902038574,-2.6880763471126556e-05,-0.03941771388053894,1.7322044372558594,-0.00065232906490564346,-0.010767428204417229,-1.9720755517482758e-07,0,0.97811126708984375,-0.039390832185745239,-0.010115097276866436,-0.00046282025869004428,0,0,0,0,1,0,0,0,0,0,0,0,1.0504543781280518,0,349.45465087890625,-6.3180923461914062e-05,-0.0051081180572509766,-0.0050454395823180676,0.23512014746665955,0,-0.0054644132032990456,-0.049563545733690262,-0.024611357599496841,0.001953125,-6.7337899208068848,0,0.33812090754508972,0.047923851758241653,264.47083332051989,-0.0067002885043621063,-0.0050671040080487728,267.884521484375,264.4569091796875,8.1381397247314453,2.7776107788085938,0.86668920516967773,0.057628404349088669
7680,208.88025339065464,1,0.21799242496490479,281.25,7.9993114471435547,6.0274076531641185e-05,1,139.80056762695312,1,27.141279220581055,8.1802730560302734,198.43624072112189,0.11479558795690536,0.011538568884134293,-0.00018524876213632524,1.3223112821578979,-0.055817283689975739,-0.042211908847093582,-0.028860682621598244,-0.021825937554240227,3.0944085121154785,-0.00064523471519351006,-0.038923300802707672,1.4319443702697754,-0.00036642956547439098,-0.011544954031705856,-2.6775524020195007e-09,1,0.0021274653263390064,0.99609375,0.99609375,-0.038278065621852875,-0.011178526096045971,-0.0070530814118683338,0.0024998211301863194,0,0.99609375,0,0,1,0,0,0,0,0,1,0,0,1,0,1,349.758056640625,-9.1433525085449219e-05,-0.0058658719062805176,-0.0057745398953557014,1,4.0695004463195801,-0.00021234946325421333,-0.035265009850263596,1.754857063293457,-0.00046240631490945816,-0.011161608621478081,-1.966254785656929e-07,0,0.98061466217041016,-0.035052664577960968,-0.010699201375246048,-0.00031704333378002048,0,0,0,0,1,0,0,0,0,0,0,0,1.0451874732971191,0,349.4517822265625,-9.581446647644043e-05,-0.0046142935752868652,-0.0045187501236796379,0.23222652077674866,0,-0.0053827464580535889,-0.048305857926607132,-0.024115117266774178,0,-6.6125149726867676,0,0.65935349464416504,0.049237959086894989,264.46666665375233,-0.0065796170383691788,-0.0049758455716073513,267.8839111328125,264.54556274414062,8.1802158355712891,2.9056198596954346,0.87133622169494629,0.059297852218151093
7740,196.71206492395837,1,0.21899807453155518,281.25,7.9991517066955566,-6.041502274456434e-05,1,140.90104675292969,1,27.903675079345703,8.1906614303588867,186.87646167776043,0.50526297092437744,0.012599731795489788,-0.0001863574143499136,1.3223112821578979,-0.055986732244491577,-0.042340055108070374,-0.029788602143526077,-0.022527677938342094,3.0764780044555664,-0.00098680960945785046,-0.038656666874885559,1.4406230449676514,-0.00043439411092549562,-0.012131847441196442,-4.0745362639427185e-10,1,0.0058414279483258724,0.9931640625,0.9931640625,-0.037669859826564789,-0.011697453446686268,-0.0064061796292662621,0.0069194864481687546,0,0.9931640625,0,0,1,0,0,0,0,0,1,0,0,1,0,1,349.75274658203125,-0.00011457502841949463,-0.0058934390544891357,-0.005779108963906765,1,4.0692930221557617,-0.0001690572826191783,-0.033819567412137985,1.7758183479309082,-0.00017479574307799339,-0.011127933859825134,-1.9572325982153416e-07,0,0.98155027627944946,-0.033650513738393784,-0.010953137651085854,-0.00027094921097159386,0,0,0,0,1,0,0,0,0,0,0,0,1.0455334186553955,0,349.44854736328125,-0.000118255615234375,-0.0046711564064025879,-0.004553335253149271,0.22967447340488434,0,-0.0053049344569444656,-0.047175068408250809,-0.023734305053949356,0,-6.6520886421203613,0.0009765625,10,0.061875976622104645,264.46249998698477,-0.0066189938224852085,-0.0050056246109306812,267.88336181640625,264.5472412109375,8.1903905868530273,2.8365688323974609,0.80588936805725098,0.050502631813287735
7800,214.17536309440808,1,0.2217765748500824,281.25,7.997889518737793,-0.00010295733954990283,1,142.26054382324219,1,28.625062942504883,8.1645145416259766,203.46659493968767,0.2200450599193573,0.012531297281384468,-0.00019169134611729532,1.3223112821578979,-0.057606268674135208,-0.043564833700656891,-0.030189698562026024,-0.022831007838249207,3.0620808601379395,-0.0014956446830183268,-0.0395473912358284,1.4505116939544678,-0.00055924465414136648,-0.011865196749567986,1.8917489796876907e-09,1,0.0015162844210863113,0.9951171875,0.9951171875,-0.038051743060350418,-0.011305952444672585,-0.0070803668349981308,0.0017843925161287189,0,0.9951171875,0,0,1,0,0,0,0,0,1,0,0,1,0,1,349.74853515625,-0.00015062838792800903,-0.0060761421918869019,-0.0059256409294903278,1,4.0652923583984375,-0.00040746806189417839,-0.034012466669082642,1.7949134111404419,-7.6522817835211754e-05,-0.011196170002222061,-1.9755680114030838e-07,0,0.98181253671646118,-0.033605001866817474,-0.011119648814201355,-0.00025778403505682945,0,0,0,0,1,0,0,0,0,0,0,0,1.0500146150588989,0,349.44552612304688,-0.0001405179500579834,-0.0051415860652923584,-0.0050014546141028404,0.22814205288887024,0,-0.0052698347717523575,-0.04648301750421524,-0.02358841709792614,0,-6.8424854278564453,0,2.2874240875244141,0.054921247065067291,264.45833332021721,-0.0068084429949522018,-0.0051488960161805153,267.8828125,264.5302734375,8.1644201278686523,2.8491287231445312,0.87544572353363037,0.058160431683063507
7860,195.63032078055679,1,0.22069020569324493,268.75,7.9972105026245117,3.1474894058192149e-05,1,140.34831237792969,1,27.308435440063477,8.126922607421875,185.84880474152894,0.11467693001031876,0.011933863162994385,-0.00019146174599882215,1.3223112821578979,-0.056925412267446518,-0.043049931526184082,-0.030118508264422417,-0.022777169942855835,3.0474133491516113,-0.0019298074766993523,-0.039077863097190857,1.4592857360839844,-0.00083380891010165215,-0.012131129391491413,-6.9849193096160889e-10,1,0.008446449413895607,0.986328125,0.986328125,-0.037148058414459229,-0.011297321878373623,-0.006763845682144165,0.0099416328594088554,0,0.986328125,0,0,1,0,0,0,0,0,1,0,0.0001806237269192934,0.9990234375,0.0002091308415401727,0.9990234375,349.74517822265625,-0.00020255148410797119,-0.0059709548950195312,-0.0057684984058141708,0.9990234375,4.0591483116149902,-0.00086730299517512321,-0.032832995057106018,1.8128414154052734,-0.00029822485521435738,-0.010356715880334377,-1.9650906324386597e-07,0,0.98311072587966919,-0.031965691596269608,-0.010058490559458733,-0.00026419534697197378,0,0,0,0,1,0,0,0,0,0,0,0,1.0493572950363159,0,349.4434814453125,-0.00016099214553833008,-0.0050966739654541016,-0.0049357293173670769,0.22673414647579193,0,-0.005244833417236805,-0.045868225395679474,-0.023428753018379211,0,-6.8342890739440918,0,0.65836232900619507,0.050974342972040176,264.45416665344965,-0.0068002874031662941,-0.0051427283324301243,267.8829345703125,264.56979370117188,8.1262588500976562,2.8411879539489746,0.74588358402252197,0.04565092921257019
7920,193.63155221586672,1,0.22071756422519684,281.25,7.9977049827575684,-1.2943858109792927e-06,1,139.34281921386719,1,25.587789535522461,8.089263916015625,183.94997460507338,0.13086964190006256,0.012120634317398071,-0.00019291504577267915,1.3223112821578979,-0.056360445916652679,-0.042622677981853485,-0.031195886433124542,-0.023591939359903336,3.0333304405212402,-0.0015014789532870054,-0.038192525506019592,1.4680345058441162,-0.00064030743669718504,-0.013294202275574207,1.3387762010097504e-09,1,0.0053344150073826313,0.98828125,0.98828125,-0.036691047251224518,-0.0126538947224617,-0.0054803108796477318,0.0063437675125896931,0,0.98828125,0,0,1,0,0,0,0,0,1,0,0.00012604921357706189,0.9990234375,0.00014444829139392823,0.9990234375,349.74169921875,-0.00019302964210510254,-0.0060326159000396729,-0.0058395713567733765,0.9990234375,4.0508508682250977,-0.00070790923200547695,-0.032299935817718506,1.8267664909362793,-0.00045957602560520172,-0.010971331968903542,-1.9586877897381783e-07,0,0.98340749740600586,-0.031592026352882385,-0.01051175594329834,-0.00023872080782894045,0,0,0,0,1,0,0,0,0,0,0,0,1.0509580373764038,0,349.4415283203125,-0.00016772747039794922,-0.0052633136510848999,-0.0050957994535565376,0.22563639283180237,0,-0.0052267527207732201,-0.045325510203838348,-0.02336389385163784,0,-6.8861656188964844,0,0.80356979370117188,0.052055954933166504,264.44999998668209,-0.006851905956864357,-0.0051817647181451321,267.88455200195312,264.55303955078125,8.088348388671875,3.1889889240264893,1.046177864074707,0.063860446214675903
7980,206.45247148044348,1,0.22292919456958771,231.25,7.9985952377319336,3.0214499929570593e-05,1,137.67056274414062,1,23.579021453857422,8.0847673416137695,196.1298479064213,0.059090271592140198,0.012024008668959141,-0.00020118690736126155,1.3223112821578979,-0.057392075657844543,-0.043402846902608871,-0.032010503113269806,-0.024207994341850281,3.0186750888824463,-0.0010773199610412121,-0.038549371063709259,1.4783987998962402,-0.00049570633564144373,-0.013845290988683701,-4.6566128730773926e-10,1,0.021241536363959312,0.9853515625,0.9853515625,-0.037472046911716461,-0.013349584303796291,-0.0054754167795181274,0.024787740781903267,0,0.9853515625,0,0,1,0,0,0,0,0,1,0,0,1,0,1,349.73880004882812,-0.00014428794384002686,-0.0063986927270889282,-0.0062544522807002068,1,4.0391345024108887,-0.0010427027009427547,-0.030978649854660034,1.8380426168441772,-0.00064720935188233852,-0.011641411110758781,-1.9487924873828888e-07,0,0.98401552438735962,-0.02993595227599144,-0.010994203388690948,-0.00019890355179086328,0,0,0,0,1,0,0,0,0,0,0,0,1.0510300397872925,0,349.43902587890625,-0.0001805722713470459,-0.0052835345268249512,-0.0051029999740421772,0.22495095431804657,0,-0.0052421153523027897,-0.04489513486623764,-0.023462340235710144,0,-7.1814322471618652,0,0.28085145354270935,0.051241498440504074,264.44583331991453,-0.0071457037702202797,-0.0054039498791098595,267.88491821289062,264.47494506835938,8.0843067169189453,3.2000224590301514,0.84270608425140381,0.045260109007358551
8040,206.9196714747128,1,0.22726164758205414,231.25,8.0000333786010742,0.00012656011676881462,1,140.38372802734375,1,22.592327117919922,8.105926513671875,196.57368790097715,0.043633583933115005,0.011572189629077911,-0.00020902664982713759,1.3223112821578979,-0.059847205877304077,-0.045259542763233185,-0.032900705933570862,-0.024881210178136826,3.0030770301818848,-0.00060098781250417233,-0.040691401809453964,1.4899673461914062,-0.00019167421851307154,-0.013333115726709366,-1.076841726899147e-09,1,0.016074340790510178,0.990234375,0.990234375,-0.040090415626764297,-0.013141442090272903,-0.0071204481646418571,0.018890673294663429,0,0.990234375,0,0,1,0,0,0,0,0,1,0,0,1,0,1,349.73550415039062,-8.0153346061706543e-05,-0.0066466033458709717,-0.0065664355643093586,1,4.0187201499938965,-0.00082713854499161243,-0.031135924160480499,1.8515932559967041,-0.0003825152525678277,-0.012073574587702751,-1.9295839592814445e-07,0,0.98363202810287476,-0.030308783054351807,-0.011691059917211533,-0.00018838571850210428,0,0,0,0,1,0,0,0,0,0,0,0,1.0506317615509033,0,349.4351806640625,-0.0001532435417175293,-0.0052164196968078613,-0.0050631808117032051,0.22505909204483032,0,-0.0052945688366889954,-0.044828154146671295,-0.023686129599809647,0,-7.4612741470336914,0,0.19877283275127411,0.049174949526786804,264.44166665314697,-0.0074241533875465393,-0.0056145279668271542,267.8834228515625,264.49703979492188,8.104827880859375,3.157142162322998,1.0357375144958496,0.058761470019817352
8100,213.61008729873632,1,0.22704991698265076,268.75,7.9989829063415527,0.00018520563025958836,1,140.39402770996094,1,22.392250061035156,8.1901788711547852,202.92958293379948,0.14411666989326477,0.012003092095255852,-0.00020842769299633801,1.3223112821578979,-0.059616241604089737,-0.0450848788022995,-0.033055879175662994,-0.024998560547828674,2.9920094013214111,-0.00054977997206151485,-0.0405295230448246,1.5025391578674316,-0.00023695570416748524,-0.013619810342788696,-3.3178366720676422e-09,1,0.0085855554789304733,0.9912109375,0.9912109375,-0.039979740977287292,-0.013382855802774429,-0.0069912471808493137,0.010116676799952984,0,0.9912109375,0,0,1,0,0,0,0,0,1,0,0,1,0,1,349.73223876953125,-7.3999166488647461e-05,-0.0066404044628143311,-0.0065663885325193405,1,3.9993855953216553,-0.00088625960052013397,-0.033086866140365601,1.8671211004257202,-0.00031086651142686605,-0.012697350233793259,-1.9375875126570463e-07,0,0.98271548748016357,-0.032200608402490616,-0.012386485002934933,-0.00021818967070430517,0,0,0,0,1,0,0,0,0,0,0,0,1.0510226488113403,0,349.43084716796875,-0.00014154613018035889,-0.0052438676357269287,-0.0051022591069340706,0.22545726597309113,0,-0.0053515275940299034,-0.044901099056005478,-0.023918576538562775,0,-7.4398946762084961,0,0.93955665826797485,0.05154002457857132,264.43749998637941,-0.0074028801172971725,-0.0055984398350119591,267.88162231445312,264.51083374023438,8.1897802352905273,3.0985350608825684,1.0069448947906494,0.056419484317302704
8160,156.17789187379637,1,0.23071782290935516,281.25,7.998809814453125,9.4618699222337455e-06,1,143.65042114257812,1,22.928323745727539,8.1353378295898438,148.36899728010656,0.086665093898773193,0.011853713542222977,-0.00021373544586822391,1.3223112821578979,-0.061586953699588776,-0.046575229614973068,-0.034080170094966888,-0.025773182511329651,2.987762451171875,-0.001185443252325058,-0.041951991617679596,1.5149083137512207,-0.00041112420149147511,-0.01429564505815506,-1.1641532182693481e-09,1,0,1,1,-0.040766552090644836,-0.013884519226849079,-0.0070408559404313564,0,0,1,0,0,1,0,0,0,0,0,1,0,0,1,0,1,349.72869873046875,-0.00010710954666137695,-0.0066936016082763672,-0.0065863924100995064,1,3.9880092144012451,-0.001481975894421339,-0.035537257790565491,1.8824248313903809,-0.00057540927082300186,-0.013050472363829613,-1.9418075680732727e-07,0,0.98192805051803589,-0.034055285155773163,-0.01247506495565176,-0.00026257618446834385,0,0,0,0,1,0,0,0,0,0,0,0,1.0502841472625732,0,349.42681884765625,-0.00016957521438598633,-0.0051980316638946533,-0.005028420127928257,0.22589719295501709,0,-0.0054019740782678127,-0.045032419264316559,-0.024163242429494858,0,-7.6293563842773438,0,0.44900819659233093,0.050614342093467712,264.43333331961185,-0.0075913993641734123,-0.0057410076260566711,267.8818359375,264.4591064453125,8.1352214813232422,3.2271640300750732,1.2050313949584961,0.070263192057609558
8220,144.5141478986414,1,0.23287630081176758,231.25,7.9991817474365234,0.00020990711345802993,1,142.09739685058594,1,22.362449645996094,8.1800394058227539,137.28844050370932,0.06659814715385437,0.011996574699878693,-0.0002221926988568157,1.3223112821578979,-0.062694057822227478,-0.047412481158971786,-0.034812178462743759,-0.02632676437497139,2.9905686378479004,-0.0016483580693602562,-0.04287487268447876,1.528166651725769,-0.00050558848306536674,-0.01502562128007412,-6.9849193096160889e-10,1,4.3439329601824284e-05,0.9990234375,0.9990234375,-0.041226517409086227,-0.014520034193992615,-0.0068373605608940125,5.3259354899637401e-05,0,0.9990234375,0,0,1,0,0,0,0,0,1,0,0,1,0,1,349.72592163085938,-0.00018417835235595703,-0.0070844888687133789,-0.0069004669785499573,1,3.9806156158447266,-0.0014482205733656883,-0.037777818739414215,1.8952803611755371,-0.00058976514264941216,-0.012789564207196236,-1.9487924873828888e-07,0,0.980823814868927,-0.036329604685306549,-0.012199800461530685,-0.00032860090141184628,0,0,0,0,1,0,0,0,0,0,0,0,1.0563144683837891,0,349.42303466796875,-0.0001990199089050293,-0.0058305263519287109,-0.0056314398534595966,0.22701165080070496,0,-0.0054927580058574677,-0.045437216758728027,-0.024545159190893173,0,-7.9312405586242676,0,0.3236142098903656,0.051190122961997986,264.42916665284429,-0.0078917816281318665,-0.0059681725688278675,267.8831787109375,264.5179443359375,8.1789369583129883,2.9626185894012451,1.0720994472503662,0.066670879721641541
8280,132.49326301645831,1,0.22913853824138641,281.25,7.9997749328613281,0.00016603969561401755,1,139.26390075683594,1,21.140731811523438,8.161433219909668,125.86859986563539,0.16618043184280396,0.012404198758304119,-0.00021597118757199496,1.3223112821578979,-0.060794588178396225,-0.045976001769304276,-0.033528529107570648,-0.025356004014611244,2.9943485260009766,-0.0014100130647420883,-0.041696183383464813,1.5346602201461792,-0.0005048937164247036,-0.014399309642612934,4.6566128730773926e-10,1,0,1,1,-0.040286168456077576,-0.013894414529204369,-0.0070104124024510384,0,0,1,0,0,1,0,0,0,0,0,1,0,0,1,0,1,349.72384643554688,-0.00016343593597412109,-0.0068937540054321289,-0.0067305611446499825,1,3.980259895324707,-0.00060058198869228363,-0.037653286010026932,1.9041593074798584,-0.00016274582594633102,-0.010122834704816341,-1.9604340195655823e-07,0,0.98091280460357666,-0.0370526984333992,-0.009960089810192585,-0.00045936641981825233,0,0,0,0,1,0,0,0,0,0,0,0,1.057761549949646,0,349.42056274414062,-0.00015616416931152344,-0.0059324502944946289,-0.0057761580683290958,0.22766363620758057,0,-0.0055640162900090218,-0.045670658349990845,-0.024778703227639198,0,-7.7091622352600098,0,1.2108608484268188,0.054161611944437027,264.42499998607673,-0.0076708081178367138,-0.0058010607026517391,267.88327026367188,264.51376342773438,8.1605825424194336,2.9397039413452148,0.88491261005401611,0.052835859358310699
8340,135.89056601574077,1,0.22707539796829224,281.25,8.0001335144042969,0.0002330300776520744,1,138.06208801269531,1,20.10405158996582,8.0832252502441406,129.09603771495372,0.13025061786174774,0.012405957095324993,-0.00021201949857641011,1.3223112821578979,-0.059482328593730927,-0.044983606785535812,-0.033327557146549225,-0.025204017758369446,2.9973263740539551,-0.00090002967044711113,-0.040851056575775146,1.5372626781463623,-0.00034198234789073467,-0.014366066083312035,1.0477378964424133e-09,1,0.00080740376142784953,0.9990234375,0.9990234375,-0.039951026439666748,-0.014024082571268082,-0.0067997174337506294,0.00089141051284968853,0,0.9990234375,0,0,1,0,0,0,0,0,1,0,0,1,0,1,349.7216796875,-0.00011354684829711914,-0.0067671537399291992,-0.0066535747610032558,1,3.9824230670928955,-0.00026849051937460899,-0.037552043795585632,1.9100906848907471,-1.3106153346598148e-05,-0.008974914439022541,-1.9546132534742355e-07,0,0.98090273141860962,-0.037283554673194885,-0.0089618079364299774,-0.00051325187087059021,0,0,0,0,1,0,0,0,0,0,0,0,1.0586825609207153,0,349.41888427734375,-0.00012519955635070801,-0.005993574857711792,-0.0058682565577328205,0.22773145139217377,0,-0.0055944551713764668,-0.045623347163200378,-0.024850491434335709,0,-7.5681047439575195,0,0.79762256145477295,0.053287707269191742,264.42083331930917,-0.0075304526835680008,-0.0056949169375002384,267.88095092773438,264.5279541015625,8.0808773040771484,3.0234222412109375,1.0234591960906982,0.055053051561117172
8400,202.02277960821277,1,0.22311946749687195,281.25,7.9996695518493652,0.00016093604790512472,1,134.03794860839844,1,19.071495056152344,8.1263914108276367,191.92164062780213,0.12460163235664368,0.012567164376378059,-0.00020716893777716905,1.3223112821578979,-0.056833982467651367,-0.042980790138244629,-0.033214211463928223,-0.025118300691246986,2.9969692230224609,-0.0012565921060740948,-0.039133816957473755,1.538987398147583,-0.00057203974574804306,-0.014411811716854572,-2.3283064365386963e-10,1,0,1,1,-0.037877224385738373,-0.013839771039783955,-0.0061007048934698105,0,0,1,0,0,1,0,0,0,0,0,1,0,0,1,0,1,349.71939086914062,-0.00017249584197998047,-0.0066257715225219727,-0.006453084759414196,1,3.9826505184173584,-4.4090789742767811e-05,-0.036271516233682632,1.9149837493896484,0.00013701047282665968,-0.0081486403942108154,-1.9697472453117371e-07,0,0.98155748844146729,-0.036227423697710037,-0.0082856509834527969,-0.00052514177514240146,0,0,0,0,1,0,0,0,0,0,0,0,1.0576294660568237,0,349.41748046875,-9.5292925834655762e-05,-0.0058583915233612061,-0.0057629500515758991,0.22729438543319702,0,-0.0056025567464530468,-0.045334130525588989,-0.024938400834798813,0,-7.3949627876281738,0,0.74487447738647461,0.053813233971595764,264.41666665254161,-0.0073581719771027565,-0.0055646291002631187,267.87857055664062,264.50381469726562,8.1263113021850586,2.9008641242980957,0.82812398672103882,0.057598508894443512
8460,216.1206703126748,1,0.21964408457279205,281.25,7.998866081237793,7.2935981734190136e-05,1,130.67535400390625,1,18.725051879882812,8.118626594543457,205.31463679704106,0.075020238757133484,0.012993779964745045,-0.0002027238515438512,1.3223112821578979,-0.05482516810297966,-0.041461620479822159,-0.032615073025226593,-0.024665201082825661,2.9924502372741699,-0.0017231814563274384,-0.037359610199928284,1.5397398471832275,-0.000703432597219944,-0.014548108913004398,1.1641532182693481e-09,1,0,1,1,-0.035636432468891144,-0.01384467352181673,-0.0051981378346681595,0,0,1,0,0,1,0,0,0,0,0,1,0,0,1,0,1,349.71624755859375,-0.0002447962760925293,-0.0065622329711914062,-0.0063171163201332092,1,3.980764627456665,3.6768615245819092e-05,-0.033789440989494324,1.9214153289794922,0.00032074982300400734,-0.0081269340589642525,-1.9697472453117371e-07,0,0.98288589715957642,-0.033826209604740143,-0.0084476852789521217,-0.00045503786532208323,0,0,0,0,1,0,0,0,0,0,0,0,1.0536068677902222,0,349.41525268554688,-7.43865966796875e-05,-0.0054351687431335449,-0.0053606834262609482,0.22609539330005646,0,-0.0055817505344748497,-0.04473547637462616,-0.024911947548389435,0,-7.2362937927246094,0,0.37414392828941345,0.055575545877218246,264.41249998577405,-0.0072002923116087914,-0.0054452326148748398,267.87875366210938,264.49594116210938,8.1185188293457031,2.9687314033508301,0.87883973121643066,0.051536016166210175
8520,198.22928324682411,1,0.2203216552734375,281.25,7.9991035461425781,9.1814130428247154e-05,1,131.47297668457031,1,20.457481384277344,8.1364078521728516,188.31781908448289,0.09338252991437912,0.013028413057327271,-0.00020336445595603436,1.3223112821578979,-0.055069416761398315,-0.041646335273981094,-0.032974965870380402,-0.024937370792031288,2.9847893714904785,-0.0017155786044895649,-0.037500996142625809,1.5438029766082764,-0.00069012842141091824,-0.014573735184967518,2.0954757928848267e-09,1,0,1,1,-0.03578542172908783,-0.013883603736758232,-0.0055114869028329849,0,0,1,0,0,1,0,0,0,0,0,1,0,0,1,0,1,349.71237182617188,-0.00020658969879150391,-0.0064646005630493164,-0.0062578683719038963,1,3.9764528274536133,-7.0231035351753235e-05,-0.034172236919403076,1.9331631660461426,0.00024328473955392838,-0.0089773274958133698,-1.9487924873828888e-07,0,0.98289179801940918,-0.034102007746696472,-0.0092206140980124474,-0.00043052691034972668,0,0,0,0,1,0,0,0,0,0,0,0,1.0518288612365723,0,349.4117431640625,-5.4538249969482422e-05,-0.005237579345703125,-0.0051828757859766483,0.22480222582817078,0,-0.0055539747700095177,-0.044114645570516586,-0.024858605116605759,0,-7.2591605186462402,0,0.49514570832252502,0.055835902690887451,264.40833331900649,-0.0072230454534292221,-0.0054624397307634354,267.87936401367188,264.4892578125,8.1363029479980469,3.3583712577819824,0.94794332981109619,0.062240764498710632
8580,173.64288575708684,1,0.21939979493618011,281.25,7.9999284744262695,0.00020292667613830417,1,130.49931335449219,1,21.962053298950195,8.0925130844116211,164.96074146923249,0.053988728672266006,0.012470048852264881,-0.00020232076349202543,1.3223112821578979,-0.054728493094444275,-0.041388507932424545,-0.032500132918357849,-0.0245782770216465,2.9825127124786377,-0.0014583696611225605,-0.037582904100418091,1.552087664604187,-0.00048902095295488834,-0.013994190841913223,1.7462298274040222e-09,1,0,1,1,-0.036124531179666519,-0.013505168259143829,-0.0061888648197054863,0,0,1,0,0,1,0,0,0,0,0,1,0,0,1,0,1,349.7086181640625,-0.00016066431999206543,-0.0062929987907409668,-0.006132153794169426,1,3.9769396781921387,-0.00053668767213821411,-0.036898627877235413,1.9478352069854736,0.00024458859115839005,-0.010261342860758305,-1.9441358745098114e-07,0,0.98167526721954346,-0.036361940205097198,-0.010505931451916695,-0.00043676298810169101,0,0,0,0,1,0,0,0,0,0,0,0,1.053691029548645,0,349.40826416015625,-8.6724758148193359e-05,-0.0054559707641601562,-0.0053691025823354721,0.22395539283752441,0,-0.00553874671459198,-0.043661646544933319,-0.024867236614227295,0,-7.2219057083129883,0,0.25291991233825684,0.053077623248100281,264.40416665223893,-0.0071859760209918022,-0.0054344055242836475,267.87893676757812,264.5106201171875,8.091766357421875,3.2213935852050781,1.1707046031951904,0.082046777009963989
8640,199.47203384922997,1,0.21725320816040039,281.25,8.0003395080566406,0.00025694546638987958,1,128.21533203125,1,22.299259185791016,8.0956182479858398,189.49843215676847,0.06181953102350235,0.012550863437354565,-0.00019993951718788594,1.3223112821578979,-0.053811822086572647,-0.040695276111364365,-0.031615022569894791,-0.023908911272883415,2.9819455146789551,-0.0013704863376915455,-0.036896675825119019,1.5613417625427246,-0.00050275051034986973,-0.01312822662293911,3.0267983675003052e-09,1,0.0033621024340391159,0.9951171875,0.9951171875,-0.035526193678379059,-0.012625474482774734,-0.0067193424329161644,0.0035336334258317947,0,0.9951171875,0,0,1,0,0,0,0,0,1,0,0,1,0,1,349.70516967773438,-0.00017982721328735352,-0.0061597228050231934,-0.0059798732399940491,1,3.9869747161865234,-0.00062636192888021469,-0.035705074667930603,1.9672491550445557,0.00022446131333708763,-0.010511778295040131,-1.9650906324386597e-07,0,0.98217964172363281,-0.035078711807727814,-0.010736240074038506,-0.00039397936780005693,0,0,0,0,1,0,0,0,0,0,0,0,1.0534161329269409,0,349.40643310546875,-0.00012329220771789551,-0.0054649710655212402,-0.0053416090086102486,0.22281527519226074,0,-0.0055100796744227409,-0.043172724545001984,-0.02471332810819149,0,-7.1369056701660156,0,0.2961609959602356,0.053426697850227356,264.39999998547137,-0.0071013988927006721,-0.0053704441525042057,267.87713623046875,264.48562622070312,8.0955009460449219,3.0998344421386719,1.0940948724746704,0.068893998861312866
8700,178.15675049605281,1,0.22127541899681091,268.75,8.0006704330444336,0.00043053840636275709,1,132.15623474121094,1,23.577430725097656,8.0838003158569336,169.24891297125015,0.074625745415687561,0.01247992180287838,-0.00020495186618063599,1.3223112821578979,-0.055091254413127899,-0.041662849485874176,-0.034011006355285645,-0.025720877572894096,2.9799730777740479,-0.0017560487613081932,-0.03694944828748703,1.5727488994598389,-0.00085588509682565928,-0.014835881069302559,3.7252902984619141e-09,1,0.001884739613160491,0.9931640625,0.9931640625,-0.035193402320146561,-0.013979995623230934,-0.0055381981655955315,0.0019878048915416002,0,0.9931640625,0,0,1,0,0,0,0,0,1,0,0.00072776054730638862,0.998046875,0.00073501584120094776,0.998046875,349.70147705078125,-0.00022256374359130859,-0.0061634182929992676,-0.0059408824890851974,0.998046875,3.9974260330200195,-0.001037889625877142,-0.035079538822174072,1.9837572574615479,-0.00025031284894794226,-0.011509930714964867,-1.9837170839309692e-07,0,0.98249590396881104,-0.034041650593280792,-0.011259619146585464,-0.00034647801658138633,0,0,0,0,1,0,0,0,0,0,0,0,1.0510458946228027,0,349.40472412109375,-0.00019837915897369385,-0.0053028613328933716,-0.0051045920699834824,0.22188237309455872,0,-0.0054904408752918243,-0.042748540639877319,-0.024695362895727158,0,-7.315824031829834,0,0.37171274423599243,0.053197715431451797,264.39583331870381,-0.0072794267907738686,-0.0055050780065357685,267.87481689453125,264.4080810546875,8.08367919921875,3.2816345691680908,0.90808027982711792,0.06342431902885437
8760,202.63869394948952,1,0.22621150314807892,231.25,8.0014476776123047,0.00013923631922807544,1,135.36515808105469,1,24.212919235229492,8.096745491027832,192.50675925201503,0.18607796728610992,0.012588120065629482,-0.00021378496603574604,1.3223112821578979,-0.057293515652418137,-0.043328311294317245,-0.035999778658151627,-0.027224889025092125,2.9812116622924805,-0.0019163195975124836,-0.03816358745098114,1.5862950086593628,-0.00092517316807061434,-0.016075335443019867,1.5133991837501526e-09,1,0.0031821702141314745,0.990234375,0.990234375,-0.036247275769710541,-0.015150161460042,-0.0052729370072484016,0.0033605198841542006,0,0.990234375,0,0,1,0,0,0,0,0,1,0,0,1,0,1,349.6978759765625,-0.00021514296531677246,-0.0065020918846130371,-0.00628708116710186,1,4.0044412612915039,-0.001106065814383328,-0.037045449018478394,1.9940812587738037,-0.00046706502325832844,-0.012805132195353508,-1.962762326002121e-07,0,0.98146474361419678,-0.03593938797712326,-0.012338068336248398,-0.00037228720611892641,0,0,0,0,1,0,0,0,0,0,0,0,1.053816556930542,0,349.40240478515625,-0.00019311904907226562,-0.0055746138095855713,-0.0053816623985767365,0.2221769392490387,0,-0.005516761913895607,-0.042720302939414978,-0.025058744475245476,0,-7.6311240196228027,0,1.5211474895477295,0.054698862135410309,264.39166665193625,-0.0075931581668555737,-0.0057423380203545094,267.8739013671875,264.41592407226562,8.0965585708618164,3.1458539962768555,1.1001020669937134,0.087065689265727997
8820,168.97860482562533,1,0.2326664924621582,231.25,8.0016574859619141,0.00019638499361462891,1,138.61721801757812,1,24.065380096435547,8.1110467910766602,160.52967458434406,0.18531444668769836,0.012856253422796726,-0.00022715606610290706,1.3223112821578979,-0.060719627887010574,-0.045919314026832581,-0.037908468395471573,-0.028668338432908058,2.9831202030181885,-0.0024422607384622097,-0.040141422301530838,1.6004321575164795,-0.001290947780944407,-0.017141286283731461,1.3969838619232178e-09,1,0,1,1,-0.03769916296005249,-0.015850339084863663,-0.0056112073361873627,0,0,1,0,0,1,0,0,0,0,0,1,0,0,1,0,1,349.69473266601562,-0.00023663043975830078,-0.0070242881774902344,-0.0067878309637308121,1,4.0079903602600098,-0.0011605746112763882,-0.036911487579345703,2.0013456344604492,-0.00075569935142993927,-0.014763873070478439,-1.9546132534742355e-07,0,0.98106938600540161,-0.035750910639762878,-0.014008175581693649,-0.0003067810321226716,0,0,0,0,1,0,0,0,0,0,0,0,1.0561127662658691,0,349.39947509765625,-0.00016629695892333984,-0.0057776570320129395,-0.0056112715974450111,0.22328558564186096,0,-0.0055861109867691994,-0.043026171624660492,-0.025555167347192764,0,-8.1084098815917969,0,1.5077816247940063,0.056416694074869156,264.38749998516869,-0.0080680698156356812,-0.0061014904640614986,267.87432861328125,264.42446899414062,8.1106052398681641,3.269599437713623,1.0763299465179443,0.079415008425712585
8880,128.21757994430143,1,0.23315370082855225,281.25,8.0011081695556641,0.00034276538644917309,1,138.79444885253906,1,22.70387077331543,8.0880317687988281,121.80670094708637,0.92594003677368164,0.013882191851735115,-0.00022829418594483286,1.3223112821578979,-0.060681488364934921,-0.045890472829341888,-0.038532264530658722,-0.029140086844563484,2.9857096672058105,-0.0025311491917818785,-0.040603987872600555,1.6156837940216064,-0.0013606396969407797,-0.018089979887008667,4.4237822294235229e-09,1,8.8990549556910992e-05,0.9990234375,0.9990234375,-0.038072835654020309,-0.016729339957237244,-0.0051706321537494659,9.9266886536497623e-05,0,0.9990234375,0,0,1,0,0,0,0,0,1,0,0,1,0,1,349.69189453125,-0.00025439262390136719,-0.0072315335273742676,-0.0069772396236658096,1,4.0067777633666992,-0.0015502602327615023,-0.037945061922073364,2.0083560943603516,-0.0010568243451416492,-0.01577853225171566,-1.9697472453117371e-07,0,0.98059093952178955,-0.036394797265529633,-0.014721711166203022,-0.00030434859218075871,0,0,0,0,1,0,0,0,0,0,0,0,1.0563408136367798,0,349.3955078125,-0.00018045306205749512,-0.0058143585920333862,-0.0056340876035392284,0.22505880892276764,0,-0.0056867040693759918,-0.043588675558567047,-0.026160255074501038,0,-8.1490354537963867,0.0009765625,10,0.066497057676315308,264.38333331840113,-0.0081084929406642914,-0.0061320606619119644,267.87448120117188,264.42312622070312,8.0880069732666016,3.0602579116821289,1.1063692569732666,0.065860696136951447
8940,188.71825853978154,1,0.2322717159986496,268.75,8.0010461807250977,0.00050148740410804749,1,138.69235229492188,1,21.48017692565918,8.0786256790161133,179.28234561279245,0.075113825500011444,0.012795796617865562,-0.00022587933926843107,1.3223112821578979,-0.059498138725757599,-0.044995561242103577,-0.039359994232654572,-0.029766058549284935,2.985595703125,-0.002492882777005434,-0.039857171475887299,1.6287772655487061,-0.001351627754047513,-0.018641877919435501,3.434251993894577e-09,1,0,1,1,-0.037364296615123749,-0.017290249466896057,-0.0046373768709599972,0,0,1,0,0,1,0,0,0,0,0,1,0,0,1,0,1,349.6881103515625,-0.00023815035820007324,-0.0070683509111404419,-0.0068304291926324368,1,4.0034818649291992,-0.0017603961750864983,-0.035802990198135376,2.0163643360137939,-0.0011529300827533007,-0.014829307794570923,-1.9720755517482758e-07,0,0.98160624504089355,-0.034042596817016602,-0.01367638073861599,-0.00030911405337974429,0,0,0,0,1,0,0,0,0,0,0,0,1.0521191358566284,0,349.3902587890625,-0.00020831823348999023,-0.005420386791229248,-0.005211913026869297,0.22641701996326447,0,-0.00576379569247365,-0.043910332024097443,-0.026772927492856979,0,-8.0628366470336914,0,0.37472167611122131,0.054823484271764755,264.37916665163357,-0.0080227227881550789,-0.0060671968385577202,267.87472534179688,264.47409057617188,8.0785789489746094,3.3312911987304688,0.79045581817626953,0.045189231634140015
9000,203.01202228466124,1,0.22977511584758759,281.25,8.0005130767822266,0.00028827815549448133,1,137.14729309082031,1,19.968299865722656,8.0665340423583984,192.86142117042817,0.1368381679058075,0.012567164376378059,-0.00022113717568572611,1.3223112821578979,-0.05797751247882843,-0.043845586478710175,-0.03889138251543045,-0.029411669820547104,2.9800746440887451,-0.0017408550484105945,-0.038714192807674408,1.6408274173736572,-0.0010226276936009526,-0.018882948905229568,2.0954757928848267e-09,1,0,1,1,-0.036973334848880768,-0.017860319465398788,-0.0042460579425096512,0,0,1,0,0,1,0,0,0,0,0,1,0,0,1,0,1,349.6834716796875,-0.00017052888870239258,-0.0068445056676864624,-0.0066743576899170876,1,3.9939160346984863,-0.0011426880955696106,-0.034221824258565903,2.0217947959899902,-0.00089377583935856819,-0.015328098088502884,-1.9790604710578918e-07,0,0.98178380727767944,-0.033079136162996292,-0.014434325508773327,-0.00026858272030949593,0,0,0,0,1,0,0,0,0,0,0,0,1.0506588220596313,0,349.3848876953125,-0.00016832351684570312,-0.0052341669797897339,-0.0050658774562180042,0.22724412381649017,0,-0.0058083757758140564,-0.043997399508953094,-0.027301318943500519,0,-7.8935637474060059,0,0.86270934343338013,0.053859643638134003,264.37499998486601,-0.007854292169213295,-0.0059398207813501358,267.87469482421875,264.46429443359375,8.0665168762207031,3.4315507411956787,0.81436187028884888,0.060264464467763901
9060,219.25290234366477,1,0.2244371622800827,281.25,8.0005731582641602,0.00023373334261123091,1,132.07656860351562,1,18.608026504516602,8.0603017807006836,208.29025722648151,0.069690681993961334,0.012679401785135269,-0.00021399247634690255,1.3223112821578979,-0.055163785815238953,-0.041717700660228729,-0.037329860031604767,-0.028230765834450722,2.9704952239990234,-0.00094245927175506949,-0.03717329353094101,1.6525697708129883,-0.00051560031715780497,-0.017396196722984314,3.5506673157215118e-09,1,0,1,1,-0.036230839788913727,-0.016880597919225693,-0.0050177145749330521,0,0,1,0,0,1,0,0,0,0,0,1,0,0.00010137131903320551,0.9990234375,0.00011174522660439834,0.9990234375,349.6787109375,-8.0347061157226562e-05,-0.0066015422344207764,-0.006521446630358696,0.9990234375,3.9840044975280762,-0.00011272402480244637,-0.032054297626018524,2.0283699035644531,-0.00017777929315343499,-0.015151310712099075,-2.0026345737278461e-07,0,0.98202222585678101,-0.031941574066877365,-0.014973534271121025,-0.00023719550517853349,0,0,0,0,1,0,0,0,0,0,0,0,1.052415132522583,0,349.37997436523438,-7.6688826084136963e-05,-0.0053181871771812439,-0.0052415188401937485,0.2273031622171402,0,-0.0058183870278298855,-0.043799422681331635,-0.027594547718763351,0,-7.6385312080383301,0,0.34184008836746216,0.054152317345142365,264.37083331809845,-0.0076005286537110806,-0.005747911985963583,267.87490844726562,264.46051025390625,8.0600013732910156,3.0593595504760742,0.79463887214660645,0.052373267710208893
9120,218.19863280081501,1,0.21972657740116119,281.25,8.0004720687866211,0.00022117099433671683,1,128.20071411132812,1,17.666448593139648,8.0684804916381836,207.28870116077425,0.058975398540496826,0.012829495593905449,-0.0002068699395749718,1.3223112821578979,-0.053081266582012177,-0.040142793208360672,-0.035468824207782745,-0.026823354884982109,2.957822322845459,-0.0011702440679073334,-0.036170318722724915,1.6607446670532227,-0.00066035357303917408,-0.01580028235912323,4.3073669075965881e-09,1,0,1,1,-0.035000074654817581,-0.0151399290189147,-0.0060446909628808498,0,0,1,0,0,1,0,0,0,0,0,1,0,0,1,0,1,349.67373657226562,-0.00010977685451507568,-0.0064543038606643677,-0.0063445731066167355,1,3.9770176410675049,0.00016460474580526352,-0.030980199575424194,2.0376303195953369,6.4306426793336868e-05,-0.013708389364182949,-1.9755680114030838e-07,0,0.98289674520492554,-0.031144807115197182,-0.013772696256637573,-0.00026964055723510683,0,0,0,0,1,0,0,0,0,0,0,0,1.0507693290710449,0,349.37612915039062,-6.8843364715576172e-05,-0.0051459074020385742,-0.0050769280642271042,0.22622817754745483,0,-0.0057838982902467251,-0.043243743479251862,-0.027551343664526939,0,-7.3842897415161133,0,0.28021278977394104,0.05470975860953331,264.36666665133089,-0.0073475521057844162,-0.0055565978400409222,267.87496948242188,264.45538330078125,8.0681524276733398,3.2435104846954346,0.70788609981536865,0.04652278870344162
9180,179.43302133976945,1,0.22203968465328217,281.25,7.9996910095214844,0.00011697936133714393,1,130.15779113769531,1,18.074434280395508,8.0700321197509766,170.46137027278098,0.086291655898094177,0.013234077021479607,-0.0002102623984683305,1.3223112821578979,-0.054656080901622772,-0.041333746165037155,-0.035534791648387909,-0.026873242110013962,2.9458918571472168,-0.0011167570482939482,-0.036695793271064758,1.6652233600616455,-0.00062179774977266788,-0.015738081187009811,2.2118911147117615e-09,1,0,1,1,-0.035579033195972443,-0.015116281807422638,-0.0064622252248227596,0,0,1,0,0,1,0,0,0,0,0,1,0,0,1,0,1,349.66854858398438,-0.00011280179023742676,-0.0064722597599029541,-0.0063594672828912735,1,3.9686727523803711,0.00041226251050829887,-0.030975457280874252,2.0452280044555664,0.00012584659270942211,-0.013098569586873055,-1.9534491002559662e-07,0,0.98307842016220093,-0.031387720257043839,-0.013224417343735695,-0.00029414481832645833,0,0,0,0,1,0,0,0,0,0,0,0,1.0494861602783203,0,349.3720703125,-3.7252902984619141e-05,-0.0049859583377838135,-0.0049486085772514343,0.22510871291160583,0,-0.0057482547126710415,-0.042764093726873398,-0.027403512969613075,0,-7.5053849220275879,0,0.44650974869728088,0.056703843176364899,264.36249998456333,-0.0074680447578430176,-0.0056477207690477371,267.87384033203125,264.430419921875,8.0693359375,3.257967472076416,0.7825322151184082,0.059149507433176041
9240,179.78463662463682,1,0.22417835891246796,281.25,7.997706413269043,-0.00012503299512900412,1,130.44635009765625,1,18.806783676147461,8.0694494247436523,170.79540479340497,0.12183517962694168,0.013365732505917549,-0.00021591811673715711,1.3223112821578979,-0.055502519011497498,-0.041973866522312164,-0.036545909941196442,-0.027637902647256851,2.9361660480499268,-0.0011675453279167414,-0.036961853504180908,1.6692345142364502,-0.00076992169488221407,-0.01623346284031868,2.852175384759903e-09,1,0,1,1,-0.035794302821159363,-0.015463539399206638,-0.006355583667755127,0,0,1,0,0,1,0,0,0,0,0,1,0,0,1,0,1,349.66366577148438,-0.00014348328113555908,-0.006632685661315918,-0.0064891139045357704,1,3.9605073928833008,0.00038408953696489334,-0.031949952244758606,2.0524196624755859,8.9033972471952438e-05,-0.011613050475716591,-1.9511207938194275e-07,0,0.98306292295455933,-0.032334040850400925,-0.011702084913849831,-0.00038984412094578147,0,0,0,0,1,0,0,0,0,0,0,0,1.0508636236190796,0,349.36770629882812,-3.3646821975708008e-05,-0.0051201581954956055,-0.0050863642245531082,0.22469604015350342,0,-0.005746256560087204,-0.04258379340171814,-0.027372721582651138,0,-7.7072677612304688,0,0.7200016975402832,0.057647630572319031,264.35833331779577,-0.0076689231209456921,-0.0057996353134512901,267.87237548828125,264.41531372070312,8.0691013336181641,3.3497519493103027,0.65359330177307129,0.049963243305683136
9300,204.52676635290339,1,0.22785338759422302,231.25,7.9967036247253418,-0.00048064757720567286,1,134.44894409179688,1,19.367595672607422,8.0706157684326172,194.30042803525822,0.47008997201919556,0.013574915006756783,-0.00021996271971147507,1.3223112821578979,-0.056957371532917023,-0.043074101209640503,-0.038324534893035889,-0.028982989490032196,2.9284210205078125,-0.002029079245403409,-0.037952542304992676,1.6717745065689087,-0.0012949742376804352,-0.017496548593044281,8.149072527885437e-10,1,0,1,1,-0.035923458635807037,-0.016201574355363846,-0.0059537780471146107,0,0,1,0,0,1,0,0,0,0,0,1,0,0,1,0,1,349.65887451171875,-0.00022175908088684082,-0.0066979527473449707,-0.0064761955291032791,1,3.9539761543273926,0.00018190080299973488,-0.031449433416128159,2.0573883056640625,-9.5771509222686291e-05,-0.011021741665899754,-1.9406434148550034e-07,0,0.98370563983917236,-0.031631328165531158,-0.01092597097158432,-0.00041197446989826858,0,0,0,0,1,0,0,0,0,0,0,0,1.0510493516921997,0,349.36346435546875,-5.862116813659668e-05,-0.0051636993885040283,-0.0051049394533038139,0.22484633326530457,0,-0.0057682069018483162,-0.042593486607074738,-0.027582848444581032,0,-7.8516411781311035,0.0009765625,10,0.066387981176376343,264.35416665102821,-0.0078125782310962677,-0.005908274557441473,267.87161254882812,264.44696044921875,8.0702037811279297,3.2297203540802002,0.82738673686981201,0.053648736327886581
9360,198.13412282234444,1,0.23210802674293518,231.25,7.9984869956970215,-0.00031485827639698982,1,134.94044494628906,1,19.613004684448242,8.0963459014892578,188.2274166812272,0.10947385430335999,0.013137811794877052,-0.00023166922619566321,1.3223112821578979,-0.05923992395401001,-0.044800285249948502,-0.039566878229379654,-0.029922515153884888,2.9207422733306885,-0.0017548836767673492,-0.039791036397218704,1.6761287450790405,-0.0010701089631766081,-0.018790071830153465,6.9849193096160889e-10,1,1.6582198441028595e-06,0.9990234375,0.9990234375,-0.038036152720451355,-0.017719963565468788,-0.0059815393760800362,1.8735649973677937e-06,0,0.9990234375,0,0,1,0,0,0,0,0,1,0,0,1,0,1,349.65451049804688,-0.00019133090972900391,-0.0072693228721618652,-0.0070779160596430302,1,3.9408154487609863,-0.00010494561865925789,-0.031836677342653275,2.0586378574371338,-0.00020992010831832886,-0.011924342252314091,-1.9313301891088486e-07,0,0.98326337337493896,-0.031731728464365005,-0.011714422143995762,-0.00039437151281163096,0,0,0,0,1,0,0,0,0,0,0,0,1.0536381006240845,0,349.35858154296875,-7.6591968536376953e-05,-0.0054405927658081055,-0.005363809410482645,0.22586686909198761,0,-0.0058282222598791122,-0.042899318039417267,-0.027961045503616333,0,-8.2695093154907227,0,0.61585325002670288,0.056937362998723984,264.34999998426065,-0.0082283671945333481,-0.0062227156013250351,267.87081909179688,264.41458129882812,8.0962562561035156,3.3646502494812012,1.0753977298736572,0.072541482746601105
9420,194.48376127597032,1,0.23104079067707062,231.25,7.9995903968811035,-0.00015298835933208466,1,133.90167236328125,1,18.913070678710938,8.0925817489624023,184.7595732121718,0.06398686021566391,0.012452209368348122,-0.0002302608045283705,1.3223112821578979,-0.058723121881484985,-0.044409453868865967,-0.039163820445537567,-0.029617700725793839,2.9143691062927246,-0.0011643345933407545,-0.040106620639562607,1.6811933517456055,-0.0007419046014547348,-0.018250791355967522,1.5133991837501526e-09,1,0,1,1,-0.038942284882068634,-0.017508888617157936,-0.0067593883723020554,0,0,1,0,0,1,0,0,0,0,0,1,0,0,1,0,1,349.65048217773438,-0.00011923909187316895,-0.0072166621685028076,-0.0070973210968077183,1,3.9256219863891602,-0.00020792987197637558,-0.032486233860254288,2.0613503456115723,-0.00028030457906424999,-0.010954687371850014,-1.9348226487636566e-07,0,0.98304826021194458,-0.032278306782245636,-0.01067438255995512,-0.0004674447700381279,0,0,0,0,1,0,0,0,0,0,0,0,1.0548601150512695,0,349.35317993164062,-9.3728303909301758e-05,-0.0055799782276153564,-0.005486014299094677,0.22707530856132507,0,-0.0059031089767813683,-0.04323846846818924,-0.028320776298642159,0,-8.2192344665527344,0,0.30850806832313538,0.053120870143175125,264.34583331749309,-0.0081783430650830269,-0.0061848848126828671,267.87176513671875,264.41311645507812,8.0918617248535156,3.2535061836242676,0.97693520784378052,0.054914519190788269
9480,195.29727859389425,1,0.22964973747730255,231.25,8.0004596710205078,-7.0443811637233011e-06,1,133.50460815429688,1,18.299333572387695,8.0650453567504883,185.53241466419954,0.27642080187797546,0.012892031110823154,-0.00022679923858959228,1.3223112821578979,-0.057854421436786652,-0.043752498924732208,-0.038937993347644806,-0.029446918517351151,2.9078741073608398,-0.0010212275665253401,-0.039481848478317261,1.6849566698074341,-0.00059534632600843906,-0.018046867102384567,8.149072527885437e-10,1,0,1,1,-0.038460619747638702,-0.017451521009206772,-0.0065656993538141251,0,0,1,0,0,1,0,0,0,0,0,1,0,0,1,0,1,349.64630126953125,-9.8347663879394531e-05,-0.0070358812808990479,-0.0069373450241982937,1,3.913316011428833,-0.00044611189514398575,-0.03229513019323349,2.066133975982666,-0.00038444716483354568,-0.012017633765935898,-1.9458821043372154e-07,0,0.98297703266143799,-0.03184901550412178,-0.011633187532424927,-0.00041207898175343871,0,0,0,0,1,0,0,0,0,0,0,0,1.0543324947357178,0,349.34906005859375,-9.1642141342163086e-05,-0.0055249780416488647,-0.0054332409054040909,0.22754752635955811,0,-0.0059376899152994156,-0.043333910405635834,-0.028485191985964775,0,-8.095672607421875,0,5.3903107643127441,0.059363082051277161,264.34166665072553,-0.0080553954467177391,-0.0060919057577848434,267.8720703125,264.38031005859375,8.0648250579833984,3.1954412460327148,0.82087957859039307,0.055477708578109741
9540,131.33848398579173,1,0.22921024262905121,231.25,8.000920295715332,2.1034295059507713e-05,1,132.09233093261719,1,17.288370132446289,8.0564308166503906,124.77155978650212,0.11466369032859802,0.012709746137261391,-0.00022791055380366743,1.3223112821578979,-0.057783327996730804,-0.043698731809854507,-0.038565091788768768,-0.029164912179112434,2.9036629199981689,-0.00066402205266058445,-0.039325203746557236,1.6914865970611572,-0.00043791218195110559,-0.017503153532743454,9.3132257461547852e-10,1,0,1,1,-0.038661185652017593,-0.017065241932868958,-0.0070693385787308216,0,0,1,0,0,1,0,0,0,0,0,1,0,0,1,0,1,349.642578125,-8.4340572357177734e-05,-0.0070687532424926758,-0.006984371691942215,1,3.9017677307128906,-0.00069436011835932732,-0.032962009310722351,2.0738050937652588,-0.0005421442911028862,-0.01231338270008564,-1.9505387172102928e-07,0,0.98259347677230835,-0.032267648726701736,-0.011771239340305328,-0.00041592639172449708,0,0,0,0,1,0,0,0,0,0,0,0,1.0568560361862183,0,349.34536743164062,-0.00012344121932983398,-0.0058092772960662842,-0.0056856018491089344,0.22792463004589081,0,-0.0059687383472919464,-0.04342275857925415,-0.02862946130335331,0,-8.1353416442871094,0,0.65825164318084717,0.05438455194234848,264.33749998395797,-0.0080948676913976669,-0.0061217565089464188,267.87020874023438,264.37008666992188,8.0557994842529297,3.2394752502441406,0.74477750062942505,0.057933822274208069
9600,223.83492104375645,1,0.22831504046916962,243.75,7.9996767044067383,0.00045879659592173994,1,130.88818359375,1,16.693202972412109,8.0751752853393555,212.64317499156863,0.070897936820983887,0.012651620432734489,-0.00022732284560333937,1.3223112821578979,-0.057012185454368591,-0.043115556240081787,-0.038740608841180801,-0.029297646135091782,2.898709774017334,-0.00056984322145581245,-0.038827233016490936,1.6967121362686157,-0.00038915127515792847,-0.018178235739469528,-4.0745362639427185e-10,1,0,1,1,-0.038257390260696411,-0.017789086326956749,-0.0063123241998255253,0,0,1,0,0,1,0,0,0,0,0,1,0,0,1,0,1,349.6387939453125,-0.00010094046592712402,-0.0071029365062713623,-0.0070019615814089775,1,3.8900022506713867,-0.00064507825300097466,-0.03177148848772049,2.0828616619110107,-0.00043727783486247063,-0.012407373636960983,-1.9418075680732727e-07,0,0.98297500610351562,-0.031126409769058228,-0.011970097199082375,-0.00037998997140675783,0,0,0,0,1,0,0,0,0,0,0,0,1.0543192625045776,0,349.341552734375,-0.00011032819747924805,-0.0055425763130187988,-0.0054319249466061592,0.22810161113739014,0,-0.0059986505657434464,-0.043442115187644958,-0.028733650222420692,0,-8.1143627166748047,0,0.34905672073364258,0.054006215184926987,264.33333331719041,-0.0080739930272102356,-0.0061059701256453991,267.87115478515625,264.42083740234375,8.0750503540039062,3.2181224822998047,0.81365048885345459,0.05027443915605545
9660,179.78502291266412,1,0.22875158488750458,281.25,8.0007057189941406,0.00032674038084223866,1,132.65376281738281,1,17.10136604309082,8.0829763412475586,170.79577176703091,0.096234448254108429,0.012859050184488297,-0.00022558630735147744,1.3223112821578979,-0.056458413600921631,-0.042696762830018997,-0.040001418441534042,-0.030251136049628258,2.8912417888641357,-0.00063543836586177349,-0.037931978702545166,1.7063709497451782,-0.00041773973498493433,-0.01939847320318222,1.5133991837501526e-09,1,0.00040929217357188463,0.998046875,0.998046875,-0.037296541035175323,-0.018980732187628746,-0.0049061961472034454,0.00048671659897081554,0,0.998046875,0,0,1,0,0,0,0,0,1,0,0,1,0,1,349.6343994140625,-9.7870826721191406e-05,-0.007027946412563324,-0.006930171512067318,1,3.8763313293457031,-0.00077761034481227398,-0.031103536486625671,2.0939359664916992,-0.00054979650303721428,-0.01451836246997118,-1.9208528101444244e-07,0,0.98285901546478271,-0.03032592311501503,-0.013968564569950104,-0.00027047857292927802,0,0,0,0,1,0,0,0,0,0,0,0,1.0537040233612061,0,349.33697509765625,-0.00011351704597473145,-0.0054841935634613037,-0.005370408296585083,0.22815738618373871,0,-0.0060146907344460487,-0.043341957032680511,-0.028941761702299118,0,-8.0523767471313477,0,0.51544755697250366,0.055013939738273621,264.32916665042285,-0.0080123152583837509,-0.0060593262314796448,267.87158203125,264.42779541015625,8.082819938659668,3.3121824264526367,0.80126047134399414,0.05025298148393631
9720,183.95562839338507,1,0.22760292887687683,281.25,8.0007896423339844,0.00031213063630275428,1,130.4129638671875,1,17.266054153442383,8.087672233581543,174.7578469737158,0.094438426196575165,0.012701562605798244,-0.00022602305398322642,1.3223112821578979,-0.055779583752155304,-0.042183399200439453,-0.039760056883096695,-0.03006860613822937,2.8847231864929199,-0.00076762831304222345,-0.037802595645189285,1.7168827056884766,-0.0004060378996655345,-0.019323322921991348,2.6193447411060333e-09,1,0.00034353218507021666,0.9990234375,0.9990234375,-0.037034973502159119,-0.018917284905910492,-0.0050620781257748604,0.0004127177526243031,0,0.9990234375,0,0,1,0,0,0,0,0,1,0,0,1,0,1,349.63018798828125,-0.00010240077972412109,-0.0071320384740829468,-0.0070295538753271103,1,3.8644871711730957,-0.00081606721505522728,-0.032091878354549408,2.1075267791748047,-0.0003918791189789772,-0.014002596959471703,-1.8969876691699028e-07,0,0.98262292146682739,-0.031275808811187744,-0.0136107187718153,-0.00031566675170324743,0,0,0,0,1,0,0,0,0,0,0,0,1.0564652681350708,0,349.33245849609375,-0.00011103600263595581,-0.0057576745748519897,-0.0056465202942490578,0.22816339135169983,0,-0.0060246549546718597,-0.043198227882385254,-0.029175121337175369,0,-8.067967414855957,0,0.50261098146438599,0.054172277450561523,264.32499998365529,-0.0080278282985091209,-0.0060710576362907887,267.8719482421875,264.43951416015625,8.0869522094726562,3.2355203628540039,0.75984728336334229,0.058675374835729599
9780,190.06665836547231,1,0.22365783154964447,281.25,7.9998102188110352,0.00017567822942510247,1,128.10450744628906,1,16.307170867919922,8.0611600875854492,180.56332544719868,0.074904635548591614,0.012929916381835938,-0.00021833728533238173,1.3223112821578979,-0.054168909788131714,-0.040965322405099869,-0.037960361689329147,-0.028707584366202354,2.8786611557006836,-0.0007427240489050746,-0.03685561940073967,1.7234004735946655,-0.00028052268316969275,-0.017680421471595764,8.2945916801691055e-10,1,0.00028327351901680231,0.9970703125,0.9970703125,-0.036112897098064423,-0.017399899661540985,-0.0059976754710078239,0.00033792626345530152,0,0.9970703125,0,0,1,0,0,0,0,0,1,0,0,1,0,1,349.62600708007812,-0.00010736286640167236,-0.0067961513996124268,-0.0066888118162751198,1,3.8565642833709717,-0.00086598750203847885,-0.0319964699447155,2.1191709041595459,-0.00023959035752341151,-0.011414343491196632,-1.8806895241141319e-07,0,0.98343420028686523,-0.031130479648709297,-0.011174752376973629,-0.00042091016075573862,0,0,0,0,1,0,0,0,0,0,0,0,1.0544229745864868,0,349.32855224609375,-9.9837779998779297e-05,-0.0055425167083740234,-0.0054422961547970772,0.22765475511550903,0,-0.0060126148164272308,-0.042878203094005585,-0.029211224988102913,0,-7.7936205863952637,0,0.3734307587146759,0.055166721343994141,264.32083331688773,-0.0077548464760184288,-0.005864615086466074,267.87136840820312,264.46697998046875,8.0607070922851562,3.1733894348144531,0.71546328067779541,0.051231816411018372
9840,162.84957362908284,1,0.22350107133388519,281.25,7.9984140396118164,-1.6368518117815256e-05,1,128.30545043945312,1,16.314424514770508,8.0420961380004883,154.70709494762869,0.06604456901550293,0.012998219579458237,-0.00021753730834461749,1.3223112821578979,-0.054209627211093903,-0.040996115654706955,-0.037740200757980347,-0.028541086241602898,2.8732657432556152,-0.0010036912281066179,-0.036737911403179169,1.7282787561416626,-0.00039913150249049067,-0.017292916774749756,1.1059455573558807e-09,1,0.00014505290891975164,0.998046875,0.998046875,-0.035734221339225769,-0.016893785446882248,-0.0062566781416535378,0.00017227992066182196,0,0.998046875,0,0,1,0,0,0,0,0,1,0,0,1,0,1,349.62091064453125,-0.00013029575347900391,-0.0067563652992248535,-0.0066259196028113365,1,3.8528666496276855,-0.0008647135691717267,-0.032255493104457855,2.1323602199554443,-0.00026019735378213227,-0.01257515512406826,-1.9023718778043985e-07,0,0.98310685157775879,-0.031390782445669174,-0.01231495663523674,-0.00038686193875037134,0,0,0,0,1,0,0,0,0,0,0,0,1.0510786771774292,0,349.32427978515625,-0.00012531131505966187,-0.0052333511412143707,-0.0051078619435429573,0.22681033611297607,0,-0.0059800557792186737,-0.04251573234796524,-0.029057392850518227,0,-7.7650647163391113,0,0.3203904926776886,0.055441565811634064,264.31666665012017,-0.0077264327555894852,-0.0058431271463632584,267.86898803710938,264.4320068359375,8.0419111251831055,3.2163643836975098,0.80819952487945557,0.056748121976852417
9900,163.18390590197629,1,0.22762301564216614,293.75,7.997035026550293,0.00040551071288064122,1,131.00856018066406,1,17.217769622802734,8.0533246994018555,155.02471060687748,0.043760310858488083,0.012265374884009361,-0.00022505510423798114,1.3223112821578979,-0.056295745074748993,-0.042573746293783188,-0.039047032594680786,-0.029529379680752754,2.8713028430938721,-0.0011801447253674269,-0.038372933864593506,1.7376954555511475,-0.00058767048176378012,-0.017796954140067101,5.2386894822120667e-10,1,0,1,1,-0.037192791700363159,-0.017209284007549286,-0.0068698734976351261,0,0,1,0,0,1,0,0,0,0,0,1,0,0,1,0,1,349.61578369140625,-0.00013969838619232178,-0.0068655014038085938,-0.0067258058115839958,1,3.850367546081543,-0.00091257132589817047,-0.035130307078361511,2.1464159488677979,-0.00030709570273756981,-0.013640692457556725,-1.9138678908348083e-07,0,0.98165446519851685,-0.03421773761510849,-0.013333596289157867,-0.00042981546721421182,0,0,0,0,1,0,0,0,0,0,0,0,1.0533936023712158,0,349.31936645507812,-0.00013595819473266602,-0.0054754018783569336,-0.0053393598645925522,0.22663676738739014,0,-0.0059749819338321686,-0.042408518493175507,-0.029070056974887848,0,-8.0334157943725586,0,0.19941613078117371,0.052116438746452332,264.31249998335261,-0.0079934485256671906,-0.0060450579039752483,267.86712646484375,264.43032836914062,8.0528526306152344,3.4508333206176758,1.0881249904632568,0.068640142679214478
9960,103.90514501574867,1,0.22526194155216217,231.25,7.999049186706543,-0.00015795874060131609,1,127.43521881103516,1,16.421926498413086,8.0541648864746094,98.709887764961238,0.033487450331449509,0.012272604741156101,-0.00022424045891966671,1.3223112821578979,-0.054619409143924713,-0.041306015104055405,-0.038972511887550354,-0.029473023489117622,2.8754160404205322,-0.0011265826178714633,-0.037035845220088959,1.746098518371582,-0.00051642063772305846,-0.018143843859434128,-2.3283064365386963e-10,1,0,1,1,-0.035909265279769897,-0.017627423629164696,-0.0059051169082522392,0,0,1,0,0,1,0,0,0,0,0,1,0,0,1,0,1,349.61102294921875,-0.00013893842697143555,-0.0068945586681365967,-0.0067556733265519142,1,3.8532743453979492,-0.00067938352003693581,-0.035772725939750671,2.1590843200683594,-0.00025174207985401154,-0.013519753701984882,-1.9272556528449059e-07,0,0.98133546113967896,-0.035093344748020172,-0.013268010690808296,-0.00045939910341985524,0,0,0,0,1,0,0,0,0,0,0,0,1.0548757314682007,0,349.314697265625,-0.00011819601058959961,-0.0056058615446090698,-0.0054875714704394341,0.22664588689804077,0,-0.0059879510663449764,-0.042333852499723434,-0.029176302254199982,0,-8.0043363571166992,0,0.14869783818721771,0.052105888724327087,264.30833331658505,-0.0079645141959190369,-0.0060231764800846577,267.86776733398438,264.40509033203125,8.0538158416748047,3.5547449588775635,1.0457766056060791,0.065492443740367889
10020,102.11695119280968,1,0.22553509473800659,231.25,8.0011501312255859,5.4097436077427119e-05,1,128.74317932128906,1,15.945198059082031,8.0479021072387695,97.011103633169185,0.047599740326404572,0.012675710022449493,-0.00022277074458543211,1.3223112821578979,-0.054995410144329071,-0.041590366512537003,-0.038723617792129517,-0.029284797608852386,2.8774640560150146,-0.001568556297570467,-0.037069186568260193,1.7554051876068115,-0.00078824703814461827,-0.017647359520196915,-2.9103830456733704e-10,1,0,1,1,-0.035500627011060715,-0.016859114170074463,-0.0063736862502992153,0,0,1,0,0,1,0,0,0,0,0,1,0,0,1,0,1,349.60589599609375,-0.00016131997108459473,-0.0068295150995254517,-0.0066681504249572754,1,3.858637809753418,-0.00068638799712061882,-0.034859288483858109,2.1746716499328613,-0.00029734650161117315,-0.014589589089155197,-1.912703737616539e-07,0,0.981514573097229,-0.034172900021076202,-0.014292243868112564,-0.00039163880865089595,0,0,0,0,1,0,0,0,0,0,0,0,1.0521912574768066,0,349.30987548828125,-0.00011548399925231934,-0.0053346753120422363,-0.0052191265858709812,0.2262495756149292,0,-0.0059857144951820374,-0.04211542010307312,-0.029191305860877037,0,-7.9518742561340332,0,0.21912725269794464,0.053946986794471741,264.30416664981749,-0.0079123126342892647,-0.0059836991131305695,267.8675537109375,264.42672729492188,8.0476903915405273,3.5120973587036133,1.0946431159973145,0.061456620693206787
10080,140.95841545300607,1,0.2305937260389328,231.25,8.0002231597900391,-4.0923776396084577e-05,1,133.812255859375,1,16.629440307617188,8.0463809967041016,133.91049468035575,0.076157674193382263,0.013077208772301674,-0.00022907966922502965,1.3223112821578979,-0.057945862412452698,-0.043821651488542557,-0.039825070649385452,-0.03011777251958847,2.8798179626464844,-0.0019118154887109995,-0.038932386785745621,1.7667412757873535,-0.00098652765154838562,-0.017725689336657524,-2.3283064365386963e-10,1,0,1,1,-0.037020571529865265,-0.016739161685109138,-0.0073306504637002945,0,0,1,0,0,1,0,0,0,0,0,1,0,0,1,0,1,349.60052490234375,-0.00017282366752624512,-0.0069769322872161865,-0.0068040927872061729,1,3.862231969833374,-0.0011607627384364605,-0.035261169075965881,2.1951000690460205,-0.00060856668278574944,-0.016177475452423096,-1.9045546650886536e-07,0,0.98111748695373535,-0.034100405871868134,-0.01556890644133091,-0.00033162621548399329,0,0,0,0,1,0,0,0,0,0,0,0,1.0521459579467773,0,349.30523681640625,-0.00018242001533508301,-0.0053969621658325195,-0.0052145947702229023,0.22637453675270081,0,-0.0059942910447716713,-0.042187269777059555,-0.02924223430454731,0,-8.1770734786987305,0,0.38119062781333923,0.05598052591085434,264.29999998304993,-0.0081363916397094727,-0.0061531588435173035,267.86654663085938,264.37722778320312,8.0458974838256836,3.748429536819458,0.90381157398223877,0.063449256122112274
10140,178.20420024138181,1,0.23103642463684082,243.75,7.9979763031005859,0.00024992445833049715,1,134.13627624511719,1,15.710688591003418,8.0535964965820312,169.29399022931273,0.14206261932849884,0.013201211579144001,-0.00022984501265455037,1.3223112821578979,-0.057965688407421112,-0.043836642056703568,-0.040271736681461334,-0.030455565080046654,2.8793678283691406,-0.0018457791302353144,-0.03884589672088623,1.7809320688247681,-0.0010989115107804537,-0.018440809100866318,1.3969838619232178e-09,1,0,1,1,-0.037000119686126709,-0.017341896891593933,-0.0068210847675800323,0,0,1,0,0,1,0,0,0,0,0,1,0,0.00014526653103530407,0.9990234375,0.00016210335888899863,0.9990234375,349.59555053710938,-0.00015309453010559082,-0.0070327818393707275,-0.0068796076811850071,0.9990234375,3.8616993427276611,-0.00088304467499256134,-0.032508082687854767,2.2168979644775391,-0.00053360685706138611,-0.016505597159266472,-1.9499566406011581e-07,0,0.98191308975219727,-0.031625039875507355,-0.015971990302205086,-0.00025561597431078553,0,0,0,0,1,0,0,0,0,0,0,0,1.0508689880371094,0,349.30029296875,-0.00014907121658325195,-0.0052360296249389648,-0.0050869015976786613,0.2271517813205719,0,-0.0060324291698634624,-0.042521484196186066,-0.029460974037647247,0,-8.2043933868408203,0,0.91731303930282593,0.056867212057113647,264.29583331628237,-0.0081635750830173492,-0.0061737163923680782,267.86514282226562,264.43576049804688,8.0533409118652344,3.4089155197143555,0.84434056282043457,0.055750075727701187
10200,170.72929095993356,1,0.2310059666633606,243.75,7.9986681938171387,0.00030961402808316052,1,133.05612182617188,1,15.387491226196289,8.0808191299438477,162.19282641193689,0.091367378830909729,0.012730544432997704,-0.00023161931312642992,1.3223112821578979,-0.058075733482837677,-0.043919865041971207,-0.040080130100250244,-0.030310662463307381,2.874241828918457,-0.0015152288833633065,-0.039270069450139999,1.7937474250793457,-0.0010152873583137989,-0.018497169017791748,1.2223608791828156e-09,1,0,1,1,-0.037754841148853302,-0.017481880262494087,-0.0071422192268073559,0,0,1,0,0,1,0,0,0,0,0,1,0,0,1,0,1,349.590087890625,-0.00015054643154144287,-0.0071161985397338867,-0.0069655338302254677,1,3.8555355072021484,-0.00038003129884600639,-0.031607221812009811,2.2359652519226074,-0.00026694498956203461,-0.015052579343318939,-1.9354047253727913e-07,0,0.98224115371704102,-0.031227190047502518,-0.014785632491111755,-0.0002987466286867857,0,0,0,0,1,0,0,0,0,0,0,0,1.051455020904541,0,349.29531860351562,-0.00011810660362243652,-0.0052636861801147461,-0.0051455018110573292,0.22782017290592194,0,-0.0060634370893239975,-0.042789489030838013,-0.029650557786226273,0,-8.2677268981933594,0,0.48106223344802856,0.054544806480407715,264.29166664951481,-0.0082265939563512802,-0.0062213744968175888,267.8643798828125,264.39505004882812,8.0805234909057617,3.1867661476135254,0.91322088241577148,0.055127017199993134
10260,127.93822128434044,1,0.23223938047885895,268.75,7.9981012344360352,7.7433833212126046e-05,1,133.72904968261719,1,15.75632381439209,8.0590019226074219,121.54131022012342,0.080705538392066956,0.012341542169451714,-0.00023416492331307381,1.3223112821578979,-0.058266989886760712,-0.044064503163099289,-0.041126169264316559,-0.031101729720830917,2.8679723739624023,-0.0018036016263067722,-0.039486147463321686,1.8015183210372925,-0.0010829544626176357,-0.019143825396895409,1.8044374883174896e-09,1,0.00055549322860315442,0.998046875,0.998046875,-0.037682540714740753,-0.018060870468616486,-0.0065965913236141205,0.00062280381098389626,0,0.998046875,0,0,1,0,0,0,0,0,1,0,0,1,0,1,349.58493041992188,-0.00017173588275909424,-0.0071634501218795776,-0.0069917254149913788,1,3.8474559783935547,-0.00053520163055509329,-0.030902596190571785,2.250680685043335,-0.00024787028087303042,-0.013693427667021751,-1.9348226487636566e-07,0,0.98282551765441895,-0.030367393046617508,-0.013445558026432991,-0.0003317161463201046,0,0,0,0,1,0,0,0,0,0,0,0,1.0512669086456299,0,349.2904052734375,-0.00015010684728622437,-0.0052768588066101074,-0.0051267035305500031,0.22836223244667053,0,-0.006094491109251976,-0.042982593178749084,-0.029809484258294106,0,-8.3585939407348633,0,0.40992650389671326,0.052665159106254578,264.28749998274725,-0.0083170086145401001,-0.0062897508032619953,267.8624267578125,264.41064453125,8.0588245391845703,3.4411563873291016,0.86926919221878052,0.047041624784469604
10320,111.06459763591859,1,0.23428341746330261,281.25,7.9993834495544434,0.00011687275400618091,1,135.94197082519531,1,15.45622444152832,8.0536479949951172,105.51136775412266,0.071187429130077362,0.012457756325602531,-0.00023648908245377243,1.3223112821578979,-0.059403214603662491,-0.044923774898052216,-0.041702635586261749,-0.031537685543298721,2.8604946136474609,-0.0019736036192625761,-0.040569484233856201,1.8082354068756104,-0.0012417719699442387,-0.019319955259561539,2.3865140974521637e-09,1,0,1,1,-0.038595877587795258,-0.018078180029988289,-0.007199498824775219,0,0,1,0,0,1,0,0,0,0,0,1,0,0,1,0,1,349.57989501953125,-0.00019350647926330566,-0.0073268711566925049,-0.0071332291699945927,1,3.8356280326843262,-0.00086598587222397327,-0.030545378103852272,2.2607178688049316,-0.00043140631169080734,-0.013066659681499004,-1.9313301891088486e-07,0,0.98330247402191162,-0.029679391533136368,-0.012635251507163048,-0.00034818696440197527,0,0,0,0,1,0,0,0,0,0,0,0,1.0519133806228638,0,349.285400390625,-0.00016993284225463867,-0.0053613483905792236,-0.0051913345232605934,0.22927525639533997,0,-0.0061390139162540436,-0.043280757963657379,-0.030130958184599876,0,-8.4415550231933594,0,0.35079586505889893,0.05321512371301651,264.28333331597969,-0.0083995573222637177,-0.0063521782867610455,267.865234375,264.34127807617188,8.0535802841186523,3.4414258003234863,0.8954663872718811,0.053576529026031494
10380,175.07831024606099,1,0.23049192130565643,281.25,8.0006313323974609,0.00028220872627571225,1,132.71687316894531,1,14.287089347839355,8.0423126220703125,166.32439473375794,0.098781906068325043,0.012727623805403709,-0.00023066464927978814,1.3223112821578979,-0.057450894266366959,-0.043447330594062805,-0.040428087115287781,-0.030573805794119835,2.8527154922485352,-0.0017920132959261537,-0.039375510066747665,1.813791036605835,-0.0011336134048178792,-0.018909743055701256,1.280568540096283e-09,1,0,1,1,-0.037583500146865845,-0.0177761260420084,-0.0068787327036261559,0,0,1,0,0,1,0,0,0,0,0,1,0,0,1,0,1,349.57513427734375,-0.0001887977123260498,-0.0072512626647949219,-0.0070626521483063698,1,3.8216331005096436,-0.00093740667216479778,-0.029970027506351471,2.2700753211975098,-0.00047420058399438858,-0.012603242881596088,-1.9388971850275993e-07,0,0.98372358083724976,-0.029032621532678604,-0.012129043228924274,-0.00035825266968458891,0,0,0,0,1,0,0,0,0,0,0,0,1.0535354614257812,0,349.2802734375,-0.00017049908638000488,-0.0055241882801055908,-0.0053535494953393936,0.22976352274417877,0,-0.0061600580811500549,-0.043419603258371353,-0.030288849025964737,0,-8.2336502075195312,0,0.53396111726760864,0.054329011589288712,264.27916664921213,-0.0081926863640546799,-0.0061957319267094135,267.86776733398438,264.40072631835938,8.0422744750976562,3.3969681262969971,0.99077820777893066,0.050163008272647858
10440,152.28402001243938,1,0.22904142737388611,231.25,8.0009860992431641,-1.399017492076382e-05,1,132.01548767089844,1,14.629155158996582,8.0400276184082031,144.6698190118174,0.069890789687633514,0.012965062633156776,-0.00022753974189981818,1.3223112821578979,-0.056667126715183258,-0.042854603379964828,-0.040010176599025726,-0.030257759615778923,2.8453884124755859,-0.0018829768523573875,-0.038585737347602844,1.8203396797180176,-0.0010661096312105656,-0.01898670382797718,6.9849193096160889e-10,1,0,1,1,-0.036702759563922882,-0.017920594662427902,-0.0063143442384898663,0,0,1,0,0,1,0,0,0,0,0,1,0,0,1,0,1,349.57098388671875,-0.00021848082542419434,-0.0071248114109039307,-0.0069064991548657417,1,3.8103628158569336,-0.00082855625078082085,-0.029970297589898109,2.2808618545532227,-0.00032235361868515611,-0.013965224847197533,-1.9447179511189461e-07,0,0.98327147960662842,-0.0291417445987463,-0.013642871752381325,-0.00030375929782167077,0,0,0,0,1,0,0,0,0,0,0,0,1.056330680847168,0,349.27603149414062,-0.00015813112258911133,-0.0057914853096008301,-0.0056330757215619087,0.22974802553653717,0,-0.0061613698489964008,-0.043382629752159119,-0.030331842601299286,0,-8.122105598449707,0,0.34303230047225952,0.055348239839076996,264.27499998244457,-0.0080816969275474548,-0.0061117960140109062,267.86898803710938,264.35516357421875,8.0396881103515625,3.3417081832885742,1.1716432571411133,0.052688188850879669
10500,162.16651575919343,1,0.22443166375160217,231.25,8.0012893676757812,0.0001032143336487934,1,128.40211486816406,1,13.792577743530273,8.0505971908569336,154.05818997123376,0.057750191539525986,0.013267215341329575,-0.00022010007523931563,1.3223112821578979,-0.054029058665037155,-0.040859561413526535,-0.038948521018028259,-0.029454881325364113,2.836172342300415,-0.0015632282011210918,-0.036297719925642014,1.8284859657287598,-0.00086050387471914291,-0.018659878522157669,0,1,0,1,1,-0.034734487533569336,-0.017799373716115952,-0.0053327432833611965,0,0,1,0,0,1,0,0,0,0,0,1,0,0,1,0,1,349.566650390625,-0.00017553567886352539,-0.0068773031234741211,-0.0067016910761594772,1,3.8034954071044922,-0.00018578162416815758,-0.027699237689375877,2.2968266010284424,-6.9935806095600128e-05,-0.013480121269822121,-1.9348226487636566e-07,0,0.98413407802581787,-0.027513455599546432,-0.013410186395049095,-0.00026197836268693209,0,0,0,0,1,0,0,0,0,0,0,0,1.0533046722412109,0,349.27212524414062,-9.1195106506347656e-05,-0.0054219067096710205,-0.005330466665327549,0.22912396490573883,0,-0.0061334390193223953,-0.043105509132146835,-0.030227379873394966,0,-7.856544017791748,0,0.27342936396598816,0.056702755391597748,264.27083331567701,-0.0078174564987421036,-0.0059119639918208122,267.86813354492188,264.39260864257812,8.0504074096679688,3.5024209022521973,0.76945489645004272,0.037668131291866302
10560,177.91614328330951,1,0.2224874347448349,243.75,7.9996695518493652,0.00030073724337853491,1,126.77890014648438,1,13.957836151123047,8.0498695373535156,169.02033611914402,0.055351939052343369,0.013224772177636623,-0.0002171748346881941,1.3223112821578979,-0.052750803530216217,-0.039892878383398056,-0.038752373307943344,-0.029306543990969658,2.8236069679260254,-0.00096711376681923866,-0.03543410450220108,1.8360614776611328,-0.00056063802912831306,-0.018162224441766739,1.1641532182693481e-09,1,0.00026145117590203881,0.998046875,0.998046875,-0.03446698933839798,-0.017601583153009415,-0.0054674646817147732,0.00028876788564957678,0,0.998046875,0,0,1,0,0,0,0,0,1,0,0,1,0,1,349.56143188476562,-9.8049640655517578e-05,-0.0067648887634277344,-0.0066666407510638237,1,3.7973868846893311,0.0001768837682902813,-0.026747683063149452,2.3114156723022461,0.00012196134775876999,-0.012322021648287773,-1.9557774066925049e-07,0,0.9847533106803894,-0.02692456915974617,-0.012443985790014267,-0.00027977331774309278,0,0,0,0,1,0,0,0,0,0,0,0,1.0513941049575806,0,349.26751708984375,-3.3318996429443359e-05,-0.005173027515411377,-0.0051394100300967693,0.22803148627281189,0,-0.0060832006856799126,-0.042575754225254059,-0.030071757733821869,0,-7.7521266937255859,0,0.26029855012893677,0.056429088115692139,264.26666664890945,-0.0077135590836405754,-0.0058333911001682281,267.86566162109375,264.36175537109375,8.0496940612792969,3.4358868598937988,0.86423122882843018,0.049959894269704819
10620,139.97745317627448,1,0.2200397253036499,243.75,7.9994726181030273,0.00033763359533622861,1,123.9730224609375,1,13.860097885131836,8.0546770095825195,132.97858051746076,0.12860824167728424,0.013303837738931179,-0.00021484048920683563,1.3223112821578979,-0.051388494670391083,-0.038862630724906921,-0.038185924291610718,-0.028878165408968925,2.8122344017028809,-0.00083654420450329781,-0.034235600382089615,1.8403332233428955,-0.0005553392693400383,-0.017938669770956039,2.0954757928848267e-09,1,0.0047449292615056038,0.990234375,0.990234375,-0.033399052917957306,-0.017383331432938576,-0.005175233818590641,0.0050125354900956154,0,0.990234375,0,0,1,0,0,0,0,0,1,0,0,1,0,1,349.5560302734375,-8.296966552734375e-05,-0.0066680908203125,-0.0065848547965288162,1,3.7902290821075439,5.6132674217224121e-05,-0.026695722714066505,2.3224179744720459,5.6698918342590332e-06,-0.011112267151474953,-1.9383151084184647e-07,0,0.98538684844970703,-0.026751857250928879,-0.011117937974631786,-0.00033635861473158002,0,0,0,0,1,0,0,0,0,0,0,0,1.0513842105865479,0,349.26278686523438,-3.8444995880126953e-05,-0.0051770806312561035,-0.0051384232938289642,0.22678275406360626,0,-0.0060296561568975449,-0.041985150426626205,-0.029884099960327148,0,-7.6688013076782227,0,0.78200644254684448,0.057070124894380569,264.26249998214189,-0.0076306480914354324,-0.0057706898078322411,267.86257934570312,264.3575439453125,8.0542087554931641,3.4453799724578857,0.72055840492248535,0.044252891093492508
10680,138.930102335904,1,0.21985463798046112,268.75,7.9989728927612305,0.00023457383213099092,1,125.40684509277344,1,14.085132598876953,8.0517711639404297,131.98359721910879,0.14030264317989349,0.013271789066493511,-0.00021184862998779863,1.3223112821578979,-0.051224298775196075,-0.03873845562338829,-0.038226164877414703,-0.028908597305417061,2.8016805648803711,-0.0010449416004121304,-0.033674132078886032,1.8452756404876709,-0.0006279326044023037,-0.01787162572145462,9.3132257461547852e-10,1,0.0070083220489323139,0.98828125,0.98828125,-0.032629188150167465,-0.01724369078874588,-0.0049547860398888588,0.0078731738030910492,0,0.98828125,0,0,1,0,0,0,0,0,1,0,0,1,0,1,349.55035400390625,-0.0001284480094909668,-0.0064445137977600098,-0.0063157714903354645,1,3.7824738025665283,-0.00010116351768374443,-0.026521367952227592,2.3327035903930664,-6.0333171859383583e-05,-0.011841289699077606,-1.939479261636734e-07,0,0.98539632558822632,-0.026420207694172859,-0.011780958622694016,-0.00029984134016558528,0,0,0,0,1,0,0,0,0,0,0,0,1.0489482879638672,0,349.25814819335938,-6.6518783569335938e-05,-0.0049614310264587402,-0.0048948274925351143,0.22546809911727905,0,-0.0059749362990260124,-0.04139510914683342,-0.029695931822061539,0,-7.5620059967041016,0,0.89860832691192627,0.056907616555690765,264.25833331537433,-0.0075243841856718063,-0.0056903273798525333,267.86178588867188,264.33731079101562,8.0515003204345703,3.3235702514648438,0.90853530168533325,0.04646577313542366
10740,143.74456819999361,1,0.2189222127199173,268.75,8.0001811981201172,0.00035531207686290145,1,126.52581787109375,1,14.683590888977051,8.0562772750854492,136.55733978999393,0.10308558493852615,0.013630164787173271,-0.00020731479162350297,1.3223112821578979,-0.050304025411605835,-0.038042500615119934,-0.038546212017536163,-0.02915063314139843,2.7916464805603027,-0.00087984930723905563,-0.032452806830406189,1.8531785011291504,-0.00054638762958347797,-0.017896562814712524,2.3283064365386963e-09,1,0.0065199956297874451,0.98828125,0.98828125,-0.031572956591844559,-0.017350174486637115,-0.0044060014188289642,0.0070607196539640427,0,0.98828125,0,0,1,0,0,0,0,0,1,0,0,1,0,1,349.54428100585938,-0.00011026859283447266,-0.0061317682266235352,-0.0060211773961782455,1,3.7783689498901367,-7.6803378760814667e-05,-0.026007184758782387,2.3448960781097412,-2.1594110876321793e-05,-0.012437248602509499,-1.9487924873828888e-07,0,0.98561263084411621,-0.025930382311344147,-0.012415654957294464,-0.00025500199990347028,0,0,0,0,1,0,0,0,0,0,0,0,1.0460928678512573,0,349.2542724609375,-7.7068805694580078e-05,-0.0046863555908203125,-0.004609283059835434,0.22429151833057404,0,-0.0059080198407173157,-0.04085102304816246,-0.029561780393123627,0,-7.4001693725585938,0,0.56608575582504272,0.058478981256484985,264.25416664860677,-0.0073633524589240551,-0.0055685471743345261,267.86053466796875,264.35858154296875,8.0562152862548828,3.5850768089294434,0.93445312976837158,0.052056901156902313
10800,163.73048104184903,1,0.21844972670078278,268.75,7.9991426467895508,0.00025208084844052792,1,124.78522491455078,1,15.399072647094727,8.0551538467407227,155.54395698975657,0.044088322669267654,0.013246815651655197,-0.00020884849072899669,1.3223112821578979,-0.049135692417621613,-0.037158943712711334,-0.03959076851606369,-0.029940580949187279,2.7827434539794922,-0.00072291120886802673,-0.03151848167181015,1.8606761693954468,-0.00046436558477580547,-0.018690833821892738,-6.9849193096160889e-10,1,0.00021186779486015439,0.9970703125,0.9970703125,-0.030795570462942123,-0.018226467072963715,-0.0035107247531414032,0.00022476672893390059,0,0.9970703125,0,0,1,0,0,0,0,0,1,0,0,1,0,1,349.53805541992188,-9.059906005859375e-05,-0.0062528848648071289,-0.0061621684581041336,1,3.7813544273376465,-0.00038075866177678108,-0.026566307991743088,2.3548550605773926,-0.00018655089661478996,-0.012421365827322006,-1.9441358745098114e-07,0,0.9857756495475769,-0.026185551658272743,-0.012234816327691078,-0.00027564403717406094,0,0,0,0,1,0,0,0,0,0,0,0,1.0465643405914307,0,349.25079345703125,-0.00010532140731811523,-0.004761815071105957,-0.0046564359217882156,0.22327232360839844,0,-0.0058504631742835045,-0.040258452296257019,-0.029574580490589142,0,-7.4549155235290527,0,0.20108333230018616,0.056496165692806244,264.24999998183921,-0.0074178264476358891,-0.0056097428314387798,267.85888671875,264.34759521484375,8.0550689697265625,3.481651782989502,1.1382391452789307,0.056973535567522049
10860,166.21964319378273,1,0.21712066233158112,231.25,8.0001544952392578,-0.00023584322480019182,1,123.47518920898438,1,15.829859733581543,8.0494747161865234,157.9086610340936,0.38982439041137695,0.013837188482284546,-0.0002072352945106104,1.3223112821578979,-0.04889921098947525,-0.036980107426643372,-0.038659956306219101,-0.029236653819680214,2.7768144607543945,-0.00066408421844244003,-0.031716108322143555,1.8689165115356445,-0.00041875033639371395,-0.017814209684729576,-1.5133991837501526e-09,1,0,1,1,-0.031052025035023689,-0.017395459115505219,-0.0045987139455974102,0,0,1,0,0,1,0,0,0,0,0,1,0,0,1,0,1,349.53228759765625,-8.8572502136230469e-05,-0.0062593519687652588,-0.0061707156710326672,1,3.7882976531982422,-0.00071022426709532738,-0.026820149272680283,2.3659155368804932,-0.00042125023901462555,-0.012520396150648594,-1.9208528101444244e-07,0,0.98602908849716187,-0.026109926402568817,-0.012099145911633968,-0.00028616224881261587,0,0,0,0,1,0,0,0,0,0,0,0,1.0463690757751465,0,349.24755859375,-0.00013205409049987793,-0.0047691464424133301,-0.0046369200572371483,0.2222292423248291,0,-0.0058028055354952812,-0.039661876857280731,-0.029580101370811462,0,-7.397331714630127,0.0009765625,10,0.067656092345714569,264.24583331507165,-0.0073605291545391083,-0.0055664116516709328,267.85757446289062,264.31546020507812,8.0494394302368164,3.680633544921875,0.75933206081390381,0.048703588545322418
10920,116.21952904902625,1,0.22238618135452271,231.25,8.0010242462158203,-1.5980103853507899e-05,1,128.21449279785156,1,17.035648345947266,8.0632152557373047,110.40855259657494,0.075815185904502869,0.013065170496702194,-0.00021445010497700423,1.3223112821578979,-0.05149117112159729,-0.038940280675888062,-0.04031449556350708,-0.030487900599837303,2.7719063758850098,-0.00074261310510337353,-0.033441722393035889,1.8779925107955933,-0.0003852455411106348,-0.018942669034004211,-3.2596290111541748e-09,1,0,1,1,-0.032699108123779297,-0.01855742558836937,-0.0048290044069290161,0,0,1,0,0,1,0,0,0,0,0,1,0,0,1,0,1,349.52688598632812,-8.3684921264648438e-05,-0.0063946843147277832,-0.0063107134774327278,1,3.7937140464782715,-0.00080410740338265896,-0.02708849310874939,2.3787779808044434,-0.00052662449888885021,-0.013242298737168312,-1.9173603504896164e-07,0,0.98585247993469238,-0.026284387335181236,-0.012715673074126244,-0.00027921641594730318,0,0,0,0,1,0,0,0,0,0,0,0,1.0478570461273193,0,349.2442626953125,-0.00014349818229675293,-0.0049295127391815186,-0.0047856979072093964,0.22168560326099396,0,-0.0057718330062925816,-0.039324667304754257,-0.029593907296657562,0,-7.6548666954040527,0,0.37906304001808167,0.055907942354679108,264.24166664830409,-0.0076167825609445572,-0.0057602040469646454,267.85882568359375,264.34011840820312,8.0630836486816406,3.6846051216125488,0.94616937637329102,0.05438411608338356
10980,135.47799284799029,1,0.22312240302562714,231.25,8.0010557174682617,0.00015757109213154763,1,126.92982482910156,1,16.478067398071289,8.0567073822021484,128.70409320559077,0.27839553356170654,0.013622351922094822,-0.00021877909603063017,1.3223112821578979,-0.051542937755584717,-0.038979429751634598,-0.040949217975139618,-0.030967911705374718,2.7701852321624756,-0.00094428588636219501,-0.033286675810813904,1.8898880481719971,-0.00069905444979667664,-0.019662018865346909,-1.6298145055770874e-09,1,0,1,1,-0.032342389225959778,-0.018962964415550232,-0.0044067422859370708,0,0,1,0,0,1,0,0,0,0,0,1,0,0,1,0,1,349.52252197265625,-0.0001144111156463623,-0.0066758990287780762,-0.0065612639300525188,1,3.7958276271820068,-0.0009433055529370904,-0.026878690347075462,2.3904323577880859,-0.00080250261817127466,-0.014442499727010727,-1.910957507789135e-07,0,0.98575520515441895,-0.025935385376214981,-0.013639997690916061,-0.0002432629989925772,0,0,0,0,1,0,0,0,0,0,0,0,1.0522180795669556,0,349.24078369140625,-0.00017486512660980225,-0.0053971260786056519,-0.0052218129858374596,0.22195222973823547,0,-0.0057837455533444881,-0.039305891841650009,-0.029823081567883492,0,-7.809391975402832,0,5.6040687561035156,0.063330940902233124,264.23749998153653,-0.0077705392614006996,-0.0058764824643731117,267.85946655273438,264.2896728515625,8.0566492080688477,3.5435304641723633,0.90226292610168457,0.049462638795375824
11040,148.05507020099344,1,0.22952216863632202,243.75,8.0008916854858398,0.00034692819463089108,1,128.96209716796875,1,17.424579620361328,8.0577201843261719,140.65231669094376,0.093915589153766632,0.013076008297502995,-0.00023439689539372921,1.3223112821578979,-0.054881863296031952,-0.041504494845867157,-0.042900882661342621,-0.032443858683109283,2.7685732841491699,-0.0011048153974115849,-0.03634016215801239,1.9004466533660889,-0.0009130456019192934,-0.020419016480445862,-2.2118911147117615e-09,1,0,1,1,-0.035235345363616943,-0.019505972042679787,-0.0059070824645459652,0,0,1,0,0,1,0,0,0,0,0,1,0,0,1,0,1,349.518798828125,-0.00015854835510253906,-0.0073119401931762695,-0.0071533061563968658,1,3.7952549457550049,-0.00075701577588915825,-0.02924920991063118,2.4000768661499023,-0.00065389741212129593,-0.013783510774374008,-1.9255094230175018e-07,0,0.9849821925163269,-0.028492193669080734,-0.013129614293575287,-0.00034427945502102375,0,0,0,0,1,0,0,0,0,0,0,0,1.0559444427490234,0,349.2366943359375,-0.00013893842697143555,-0.0057336986064910889,-0.0055944556370377541,0.22244364023208618,0,-0.0058250739239156246,-0.039366297423839569,-0.030116841197013855,0,-8.3668737411499023,0,0.49890702962875366,0.056000493466854095,264.23333331476897,-0.0083252470940351486,-0.0062959813512861729,267.85836791992188,264.32147216796875,8.0576820373535156,3.7547588348388672,0.97369170188903809,0.06463034451007843
11100,143.83375762104731,1,0.23793615400791168,243.75,8.0002174377441406,0.00031316711101680994,1,136.28802490234375,1,17.78480339050293,8.056182861328125,136.64206973999495,0.11448656767606735,0.012719979509711266,-0.0002470947802066803,1.3223112821578979,-0.059159435331821442,-0.044739417731761932,-0.045872688293457031,-0.03469129279255867,2.7734091281890869,-0.0012838719412684441,-0.039356712251901627,1.9106061458587646,-0.00087398686446249485,-0.022231567651033401,-2.3283064365386963e-10,1,0,1,1,-0.038072839379310608,-0.02135758101940155,-0.0062262821011245251,0,0,1,0,0,1,0,0,0,0,0,1,0,0,1,0,1,349.5157470703125,-0.0001456141471862793,-0.007694244384765625,-0.0075484486296772957,1,3.7851881980895996,-0.00059950631111860275,-0.031240874901413918,2.405522346496582,-0.00036362558603286743,-0.014850782230496407,-1.8975697457790375e-07,0,0.98346197605133057,-0.030641369521617889,-0.014487158507108688,-0.00036430743057280779,0,0,0,0,1,0,0,0,0,0,0,0,1.0600512027740479,0,349.23095703125,-6.3478946685791016e-05,-0.0060687661170959473,-0.0060051288455724716,0.22461606562137604,0,-0.0059513924643397331,-0.040109779685735703,-0.030780816450715065,0,-8.8201284408569336,0,0.65677410364151001,0.054573819041252136,264.22916664800141,-0.008776247501373291,-0.006637051235884428,267.85714721679688,264.37200927734375,8.0561800003051758,3.8545060157775879,0.99310803413391113,0.076876506209373474
11160,144.1654090272915,1,0.24133649468421936,243.75,7.998744010925293,0.00017745896184351295,1,139.10025024414062,1,18.187015533447266,8.0530767440795898,136.95713857592693,0.068423159420490265,0.011856386438012123,-0.00025262776762247086,1.3223112821578979,-0.060523740947246552,-0.045771174132823944,-0.04762674868106842,-0.036017805337905884,2.7795352935791016,-0.001428613904863596,-0.040550671517848969,1.9242439270019531,-0.0010616207728162408,-0.02374163456261158,-1.1641532182693481e-10,1,0,1,1,-0.039122052490711212,-0.02268001064658165,-0.0058712540194392204,0,0,1,0,0,1,0,0,0,0,0,1,0,0,1,0,1,349.51318359375,-0.00013083219528198242,-0.0077241659164428711,-0.0075931940227746964,1,3.7708921432495117,-0.00058585172519087791,-0.032368026673793793,2.4118437767028809,-0.00047633820213377476,-0.018037261441349983,-1.916196197271347e-07,0,0.98146331310272217,-0.031782176345586777,-0.017560925334692001,-0.00028439710149541497,0,0,0,0,1,0,0,0,0,0,0,0,1.0640366077423096,0,349.22531127929688,-4.8875808715820312e-05,-0.0064527988433837891,-0.0064036604017019272,0.22752410173416138,0,-0.0061009638011455536,-0.041124705225229263,-0.031655885279178619,0,-9.0176305770874023,0,0.33432510495185852,0.050409369170665741,264.22499998123385,-0.0089727668091654778,-0.0067856688983738422,267.85714721679688,264.35763549804688,8.0530757904052734,3.9427978992462158,1.1447916030883789,0.078030720353126526
11220,172.93993146976936,1,0.23673051595687866,268.75,7.9997472763061523,0.00031858898000791669,1,134.45645141601562,1,18.575525283813477,8.0561552047729492,164.29293489628088,0.044404707849025726,0.01198144257068634,-0.00024667271645739675,1.3223112821578979,-0.05856727808713913,-0.044291596859693527,-0.045401439070701599,-0.034334909170866013,2.7852582931518555,-0.0012467927299439907,-0.039903458207845688,1.9387748241424561,-0.0010443797800689936,-0.022272169589996338,-5.8207660913467407e-10,1,0,1,1,-0.038656666874885559,-0.021227790042757988,-0.0068141003139317036,0,0,1,0,0,1,0,0,0,0,0,1,0,0,1,0,1,349.5103759765625,-0.00011497735977172852,-0.0076810717582702637,-0.0075662690214812756,1,3.7626776695251465,-0.00086440262384712696,-0.032639123499393463,2.4216585159301758,-0.00065619079396128654,-0.017002582550048828,-1.9196886569261551e-07,0,0.98144137859344482,-0.031774725764989853,-0.016346391290426254,-0.00035190099151805043,0,0,0,0,1,0,0,0,0,0,0,0,1.0629227161407471,0,349.220703125,-8.9541077613830566e-05,-0.0063821077346801758,-0.0062922663055360317,0.22953552007675171,0,-0.006207816768437624,-0.041820518672466278,-0.032284587621688843,0,-8.8050632476806641,0,0.2026943564414978,0.050871700048446655,264.22083331446629,-0.0087612569332122803,-0.0066257142461836338,267.85748291015625,264.28408813476562,8.0557899475097656,3.7240757942199707,0.97997015714645386,0.05712137371301651
11280,146.85034105478132,1,0.23693259060382843,268.75,8.0006227493286133,0.00047056487528607249,1,135.45938110351562,1,19.355674743652344,8.0483617782592773,139.50782400204224,0.05937417596578598,0.012072933837771416,-0.00024547390057705343,1.3223112821578979,-0.059127591550350189,-0.044715333729982376,-0.044878929853439331,-0.03393976017832756,2.789048433303833,-0.0012477454729378223,-0.039662629365921021,1.9472591876983643,-0.0010234394576400518,-0.021917859092354774,1.5133991837501526e-09,1,0,1,1,-0.038414888083934784,-0.02089441753923893,-0.0068584922701120377,0,0,1,0,0,1,0,0,0,0,0,1,0,0,1,0,1,349.50640869140625,-0.00012350082397460938,-0.0074962377548217773,-0.0073730535805225372,1,3.7580556869506836,-0.00057523790746927261,-0.031289801001548767,2.429445743560791,-0.0004409316461533308,-0.015528937801718712,-1.909211277961731e-07,0,0.98219907283782959,-0.030714565888047218,-0.015088006854057312,-0.00037212093593552709,0,0,0,0,1,0,0,0,0,0,0,0,1.05743408203125,0,349.21624755859375,-8.8930130004882812e-05,-0.0058324933052062988,-0.0057434123009443283,0.23073586821556091,0,-0.0062798885628581047,-0.042290128767490387,-0.032577060163021088,0,-8.7622709274291992,0,0.28243181109428406,0.051372364163398743,264.21666664769873,-0.0087186777964234352,-0.0065935137681663036,267.85836791992188,264.33001708984375,8.0482845306396484,3.7605266571044922,0.65973055362701416,0.05631854385137558
11340,148.2824309315711,1,0.23513194918632507,281.25,8.0018205642700195,0.00039655220462009311,1,134.94290161132812,1,19.276899337768555,8.055572509765625,140.86830938499253,0.18307407200336456,0.012523964047431946,-0.00024083793687168509,1.3223112821578979,-0.057698704302310944,-0.04363473504781723,-0.044893704354763031,-0.033950936049222946,2.7899143695831299,-0.0010797750437632203,-0.039080768823623657,1.9540719985961914,-0.00083975004963576794,-0.021555600687861443,1.1059455573558807e-09,1,0.0001980621600523591,0.998046875,0.998046875,-0.03800099715590477,-0.020715849474072456,-0.0066974149085581303,0.00025350673240609467,0,0.998046875,0,0,1,0,0,0,0,0,1,0,0,1,0,1,349.5013427734375,-0.00014206767082214355,-0.0074238479137420654,-0.0072820382192730904,1,3.7544074058532715,-1.5281140804290771e-05,-0.031082753092050552,2.4368484020233154,-0.00017311377450823784,-0.015405237674713135,-1.8882565200328827e-07,0,0.98182731866836548,-0.031067473813891411,-0.015232127159833908,-0.00038074399344623089,0,0,0,0,1,0,0,0,0,0,0,0,1.0567352771759033,0,349.21151733398438,-3.4332275390625e-05,-0.0057079195976257324,-0.0056735342368483543,0.2317979633808136,0,-0.0063258283771574497,-0.042674034833908081,-0.032835055142641068,0,-8.5967893600463867,0,1.4693087339401245,0.054176215082406998,264.21249998093117,-0.008554019033908844,-0.0064689903520047665,267.85794067382812,264.32632446289062,8.0554676055908203,3.7001039981842041,1.0025911331176758,0.066101685166358948
11400,169.64370008864722,1,0.23170894384384155,281.25,8.0019416809082031,0.00040533542050980031,1,132.78457641601562,1,19.255561828613281,8.0684022903442383,161.16151508421484,0.051150817424058914,0.012707607820630074,-0.00023421827063430101,1.3223112821578979,-0.056061811745166779,-0.042396832257509232,-0.043556474149227142,-0.032939653843641281,2.7878713607788086,-0.0013929900014773011,-0.037846088409423828,1.9584028720855713,-0.0011154167586937547,-0.020538952201604843,4.0745362639427185e-10,1,0.001815407071262598,0.9951171875,0.9951171875,-0.03645310178399086,-0.019423533231019974,-0.0068414285778999329,0.0021499982103705406,0,0.9951171875,0,0,1,0,0,0,0,0,1,0,0,1,0,1,349.49609375,-0.00017464160919189453,-0.0072340667247772217,-0.0070597277954220772,1,3.7541635036468506,7.4013136327266693e-05,-0.028587358072400093,2.447589635848999,-0.00023296056315302849,-0.014510076493024826,-1.8719583749771118e-07,0,0.98318719863891602,-0.028661372140049934,-0.014277117326855659,-0.00034781981958076358,0,0,0,0,1,0,0,0,0,0,0,0,1.0550137758255005,0,349.20742797851562,-2.2053718566894531e-05,-0.005523681640625,-0.005501375999301672,0.23189887404441833,0,-0.0063304286450147629,-0.042681757360696793,-0.032914087176322937,0,-8.3604974746704102,0,0.23775187134742737,0.05416763573884964,264.20833331416361,-0.008318902924656868,-0.0062911836430430412,267.85678100585938,264.33609008789062,8.0683441162109375,3.6309084892272949,0.90358185768127441,0.045909270644187927
11460,183.08976597019404,1,0.22905100882053375,281.25,8.0012502670288086,0.00033927103504538536,1,130.39192199707031,1,20.356101989746094,8.0861301422119141,173.93527767168433,0.076825045049190521,0.013220754452049732,-0.00023040187079459429,1.3223112821578979,-0.054988067597150803,-0.041584812104701996,-0.042297698557376862,-0.031987700611352921,2.7804603576660156,-0.001264830119907856,-0.037017818540334702,1.9642603397369385,-0.0010547983692958951,-0.019956875592470169,2.7794158086180687e-09,1,0,1,1,-0.035752993077039719,-0.01890207827091217,-0.0068336538970470428,0,0,1,0,0,1,0,0,0,0,0,1,0,0,1,0,1,349.490478515625,-0.00015766173601150513,-0.0072936341166496277,-0.0071362564340233803,1,3.7500820159912109,3.6031939089298248e-05,-0.026514092460274696,2.4638264179229736,-0.00022272299975156784,-0.015076523646712303,-1.8446007743477821e-07,0,0.98402070999145508,-0.026550125330686569,-0.01485380157828331,-0.00024530262453481555,0,0,0,0,1,0,0,0,0,0,0,0,1.0536330938339233,0,349.20297241210938,-5.0827860832214355e-05,-0.005414426326751709,-0.0053633032366633415,0.2315976619720459,0,-0.0063150431960821152,-0.042584255337715149,-0.032839473336935043,0,-8.2242708206176758,0,0.38535085320472717,0.056515641510486603,264.20416664739605,-0.0081833535805344582,-0.0061886738985776901,267.85693359375,264.32437133789062,8.0860300064086914,3.6036429405212402,0.99044132232666016,0.053663700819015503
11520,196.0782169339939,1,0.22776356339454651,243.75,8.00079345703125,0.00035732259857468307,1,129.36367797851562,1,21.404277801513672,8.0813989639282227,186.27430608729421,0.10232189297676086,0.012858007103204727,-0.00022833916591480374,1.3223112821578979,-0.053983934223651886,-0.040825434029102325,-0.042322807013988495,-0.032006688416004181,2.7707221508026123,-0.001483457162976265,-0.036582008004188538,1.9686903953552246,-0.0011210029479116201,-0.020412102341651917,2.5029294192790985e-09,1,0,1,1,-0.035098552703857422,-0.019291099160909653,-0.0061983997002243996,0,0,1,0,0,1,0,0,0,0,0,1,0,0,1,0,1,349.48486328125,-0.00016647577285766602,-0.0071607381105422974,-0.0069944616407155991,1,3.7404904365539551,-0.00013468647375702858,-0.026416312903165817,2.4793891906738281,-9.3369744718074799e-05,-0.014433592557907104,-1.8335413187742233e-07,0,0.9844740629196167,-0.026281625032424927,-0.014340223744511604,-0.00025446416111662984,0,0,0,0,1,0,0,0,0,0,0,0,1.0526752471923828,0,349.197998046875,-6.0200691223144531e-05,-0.0053277015686035156,-0.0052675222977995872,0.23092359304428101,0,-0.0062879361212253571,-0.042303532361984253,-0.032688580453395844,0,-8.1506404876708984,0,0.56030535697937012,0.054891593754291534,264.19999998062849,-0.0081100901588797569,-0.0061332685872912407,267.85635375976562,264.328857421875,8.0811481475830078,3.7360060214996338,0.89748740196228027,0.050407007336616516
11580,195.86334971771757,1,0.23043829202651978,281.25,7.9997034072875977,0.00017458586080465466,1,131.422607421875,1,21.742765426635742,8.0794801712036133,186.07018223183169,0.12137985229492188,0.012937689200043678,-0.0002327736874576658,1.3223112821578979,-0.055306419730186462,-0.041825566440820694,-0.043262496590614319,-0.032717332243919373,2.7631626129150391,-0.0014835752081125975,-0.037348419427871704,1.9747697114944458,-0.0011234951671212912,-0.02074127085506916,2.8812792152166367e-09,1,0,1,1,-0.035864844918251038,-0.019617777317762375,-0.0064467396587133408,0,0,1,0,0,1,0,0,0,0,0,1,0,0,1,0,1,349.479736328125,-0.00016684830188751221,-0.0073155313730239868,-0.007148748729377985,1,3.7289135456085205,-0.00030578882433474064,-0.02816179022192955,2.4906258583068848,-0.00016856659203767776,-0.015238839201629162,-1.8195714801549911e-07,0,0.98353886604309082,-0.027856003493070602,-0.015070271678268909,-0.00027932540979236364,0,0,0,0,1,0,0,0,0,0,0,0,1.0567120313644409,0,349.1932373046875,-9.1493129730224609e-05,-0.0057626664638519287,-0.0056712040677666664,0.23060148954391479,0,-0.0062699038535356522,-0.04214739054441452,-0.032640978693962097,0,-8.3089323043823242,0,0.71596592664718628,0.055336464196443558,264.19583331386093,-0.008267594501376152,-0.0062523814849555492,267.85488891601562,264.27499389648438,8.0791387557983398,3.7320644855499268,1.0289218425750732,0.064573109149932861
11640,173.05354488063691,1,0.23197200894355774,268.75,7.9996762275695801,0.00042532914085313678,1,132.16130065917969,1,20.729446411132812,8.0857763290405273,164.40086763660506,0.35902395844459534,0.013587142340838909,-0.00023612524091731757,1.3223112821578979,-0.055919475853443146,-0.042289193719625473,-0.044000379741191864,-0.033275358378887177,2.7595224380493164,-0.0014458443038165569,-0.03737320750951767,1.9797751903533936,-0.0010757934069260955,-0.021024622023105621,2.7648638933897018e-09,1,0,1,1,-0.035927359014749527,-0.019948828965425491,-0.0063038473017513752,0,0,1,0,0,1,0,0,0,0,0,1,0,0,1,0,1,349.47555541992188,-0.0001688152551651001,-0.0073488503694534302,-0.0071801007725298405,1,3.7211720943450928,-0.00074947811663150787,-0.030086852610111237,2.4981074333190918,-0.00044923415407538414,-0.014947603456676006,-1.8204445950686932e-07,0,0.98307466506958008,-0.029337376356124878,-0.014498368836939335,-0.00034843420144170523,0,0,0,0,1,0,0,0,0,0,0,0,1.0575010776519775,0,349.1893310546875,-0.00013217329978942871,-0.0058823078870773315,-0.0057501047849655151,0.23063641786575317,0,-0.0062758908607065678,-0.042128253728151321,-0.032698895782232285,0,-8.4285678863525391,0.0009765625,10,0.070185504853725433,264.19166664709337,-0.0083866342902183533,-0.0063424054533243179,267.85507202148438,264.27328491210938,8.0846138000488281,3.6733102798461914,1.0273562669754028,0.071324616670608521
11700,164.75329167764355,1,0.23106814920902252,281.25,8.000218391418457,0.00026106685982085764,1,132.40335083007812,1,20.256015777587891,8.0910205841064453,156.51562709376137,0.22228853404521942,0.013059807941317558,-0.00023294921265915036,1.3223112821578979,-0.054897204041481018,-0.041516099125146866,-0.044394455850124359,-0.033573377877473831,2.7613582611083984,-0.00093821965856477618,-0.03673756867647171,1.9873342514038086,-0.00060613465029746294,-0.021510779857635498,3.434251993894577e-09,1,0,1,1,-0.03579934686422348,-0.020904645323753357,-0.0055957804434001446,0,0,1,0,0,1,0,0,0,0,0,1,0,0,1,0,1,349.47097778320312,-0.00010861828923225403,-0.0071158260107040405,-0.0070071378722786903,1,3.7190210819244385,-0.00088642840273678303,-0.032880038022994995,2.5084757804870605,-0.00040397653356194496,-0.017464054748415947,-1.8120044842362404e-07,0,0.98087894916534424,-0.03199361264705658,-0.017060078680515289,-0.00034707674058154225,0,0,0,0,1,0,0,0,0,0,0,0,1.0562007427215576,0,349.1849365234375,-0.00013852119445800781,-0.0057584643363952637,-0.0056200772523880005,0.23077459633350372,0,-0.0062853647395968437,-0.042096994817256927,-0.032838642597198486,0,-8.3151979446411133,0,2.3536281585693359,0.057418398559093475,264.18749998032581,-0.0082738287746906281,-0.0062570963054895401,267.85501098632812,264.28790283203125,8.0909290313720703,3.9359402656555176,0.89901947975158691,0.048812314867973328
11760,155.46406480317998,1,0.22841410338878632,281.25,8.0005397796630859,0.00024452811339870095,1,130.05438232421875,1,19.959556579589844,8.0907649993896484,147.69086156302097,0.13097368180751801,0.012733563780784607,-0.00022907821403350681,1.3223112821578979,-0.053952507674694061,-0.040801670402288437,-0.042995363473892212,-0.032515313476324081,2.7664725780487061,-0.0012472942471504211,-0.036116600036621094,1.9986803531646729,-0.00082992599345743656,-0.020808394998311996,2.5611370801925659e-09,1,0,1,1,-0.034869305789470673,-0.019978471100330353,-0.0058108135126531124,0,0,1,0,0,1,0,0,0,0,0,1,0,0,1,0,1,349.46630859375,-0.00012883543968200684,-0.0069715976715087891,-0.0068427463993430138,1,3.7243638038635254,-0.0010765916667878628,-0.033429913222789764,2.5250644683837891,-0.0005937991663813591,-0.017741404473781586,-1.8184073269367218e-07,0,0.98064905405044556,-0.032353322952985764,-0.017147604376077652,-0.00037160693318583071,0,0,0,0,1,0,0,0,0,0,0,0,1.0561392307281494,0,349.18145751953125,-0.00014805793762207031,-0.0057619214057922363,-0.0056139295920729637,0.2304014265537262,0,-0.006266164593398571,-0.041909947991371155,-0.032850801944732666,0,-8.1770210266113281,0,0.8045727014541626,0.054499834775924683,264.18333331355825,-0.0081363394856452942,-0.0061531197279691696,267.85458374023438,264.2896728515625,8.0905952453613281,3.8158564567565918,0.76827347278594971,0.045361984521150589
11820,150.41694457043212,1,0.23062732815742493,281.25,8.0003852844238281,0.00025387702044099569,1,130.54545593261719,1,19.335971832275391,8.0772285461425781,142.89609734191052,0.05541330948472023,0.012873293831944466,-0.00023491488536819816,1.3223112821578979,-0.055159334093332291,-0.04171433299779892,-0.043635878711938858,-0.032999701797962189,2.7703967094421387,-0.0011572411749511957,-0.03651219978928566,2.0082697868347168,-0.00079534738324582577,-0.021000538021326065,3.3760443329811096e-09,1,0,1,1,-0.035354960709810257,-0.020205192267894745,-0.0059331851080060005,0,0,1,0,0,1,0,0,0,0,0,1,0,0,1,0,1,349.46142578125,-0.00011748075485229492,-0.007193148136138916,-0.0070756394416093826,1,3.730323314666748,-0.0010520755313336849,-0.032523363828659058,2.5434670448303223,-0.00057680346071720123,-0.016352947801351547,-1.8137507140636444e-07,0,0.98162734508514404,-0.031471285969018936,-0.015776146203279495,-0.00039268174441531301,0,0,0,0,1,0,0,0,0,0,0,0,1.0560691356658936,0,349.177978515625,-0.00013518333435058594,-0.0057418942451477051,-0.0056069139391183853,0.23015780746936798,0,-0.0062579698860645294,-0.041792076081037521,-0.032816119492053986,0,-8.3853635787963867,0,0.26063215732574463,0.054880641400814056,264.17916664679069,-0.0083436453714966774,-0.0063098948448896408,267.85336303710938,264.2850341796875,8.0771455764770508,3.8972325325012207,0.89401513338088989,0.061698742210865021
11880,144.20557868598422,1,0.23041431605815887,231.25,8.0000801086425781,-0.00016729948401916772,1,129.17704772949219,1,17.300251007080078,8.0616273880004883,136.995299751685,0.1136467307806015,0.013557268306612968,-0.00023674621479585767,1.3223112821578979,-0.054642103612422943,-0.041323177516460419,-0.044075310230255127,-0.033332023769617081,2.7716641426086426,-0.0014370756689459085,-0.036095496267080307,2.0160307884216309,-0.00085606914944946766,-0.021439313888549805,2.6193447411060333e-10,1,0,1,1,-0.034658417105674744,-0.020583245903253555,-0.0052436543628573418,0,0,1,0,0,1,0,0,0,0,0,1,0,0,1,0,1,349.45700073242188,-0.00015096366405487061,-0.0075376406311988831,-0.0073868045583367348,1,3.7346453666687012,-0.0010174077469855547,-0.031559012830257416,2.557441234588623,-0.00048715877346694469,-0.016316831111907959,-1.7887214198708534e-07,0,0.98218715190887451,-0.030541606247425079,-0.015829671174287796,-0.00035665114410221577,0,0,0,0,1,0,0,0,0,0,0,0,1.058838963508606,0,349.17333984375,-0.00013241171836853027,-0.0060162842273712158,-0.0058838985860347748,0.23027651011943817,0,-0.0062770983204245567,-0.041773628443479538,-0.032905634492635727,0,-8.4507331848144531,0,0.64979791641235352,0.05823758989572525,264.17499998002313,-0.008408689871430397,-0.0063590849749743938,267.8515625,264.26547241210938,8.0615406036376953,3.7080497741699219,0.78095626831054688,0.054639678448438644
11940,168.18645980860359,1,0.22689947485923767,231.25,8.000091552734375,-0.00015653741138521582,1,126.66298675537109,1,16.371213912963867,8.0483179092407227,159.7771368181734,0.13646090030670166,0.013445373624563217,-0.00023056358622852713,1.3223112821578979,-0.052750144153833389,-0.039892379194498062,-0.043033778667449951,-0.032544363290071487,2.7728831768035889,-0.0015911414520815015,-0.035058796405792236,2.0236179828643799,-0.00099795428104698658,-0.021203253418207169,6.6938810050487518e-10,1,0,1,1,-0.033467654138803482,-0.0202053003013134,-0.0049502421170473099,0,0,1,0,0,1,0,0,0,0,0,1,0,0,1,0,1,349.45263671875,-0.00016960501670837402,-0.007234916090965271,-0.0070654517039656639,1,3.7400116920471191,-0.0011394557077437639,-0.031467832624912262,2.5684854984283447,-0.00047765945782884955,-0.015391582623124123,-1.7839192878454924e-07,0,0.98283600807189941,-0.030328376218676567,-0.014913921244442463,-0.00038714567199349403,0,0,0,0,1,0,0,0,0,0,0,0,1.0559166669845581,0,349.1690673828125,-0.00014520436525344849,-0.0057368911802768707,-0.0055916635319590569,0.22988489270210266,0,-0.0062769306823611259,-0.041556913405656815,-0.032905939966440201,0,-8.2300424575805664,0,0.8588716983795166,0.057821378111839294,264.17083331325557,-0.0081890970468521118,-0.0061930175870656967,267.84967041015625,264.27297973632812,8.0482826232910156,3.7174701690673828,0.86794853210449219,0.056086048483848572
12000,170.12475089864557,1,0.22829300165176392,243.75,8.0003700256347656,0.00022119066852610558,1,128.34823608398438,1,16.523624420166016,8.0515003204345703,161.6185133537133,0.10069790482521057,0.013368119485676289,-0.00023175435489974916,1.3223112821578979,-0.052943553775548935,-0.040038645267486572,-0.04411768913269043,-0.033364072442054749,2.7733182907104492,-0.00088931882055476308,-0.034652918577194214,2.0277247428894043,-0.00072856270708143711,-0.021648453548550606,5.5297277867794037e-10,1,0,1,1,-0.033763594925403595,-0.020919892936944962,-0.004682089202105999,0,0,1,0,0,1,0,0,0,0,0,1,0,0,1,0,1,349.4476318359375,-0.0001105964183807373,-0.0071155354380607605,-0.0070050437934696674,1,3.7475261688232422,-0.00051152228843420744,-0.031540371477603912,2.5745220184326172,-0.0002500649425201118,-0.013771488331258297,-1.7882848624140024e-07,0,0.98305177688598633,-0.031028848141431808,-0.013521422632038593,-0.00045946222962811589,0,0,0,0,1,0,0,0,0,0,0,0,1.0553888082504272,0,349.1650390625,-9.8168849945068359e-05,-0.0056369900703430176,-0.0055388729088008404,0.22937788069248199,0,-0.0062611047178506851,-0.041239850223064423,-0.032908707857131958,0,-8.2725467681884766,0,0.54812890291213989,0.057285230606794357,264.16666664648801,-0.0082313902676105499,-0.0062250019982457161,267.84860229492188,264.27151489257812,8.0514106750488281,3.6985912322998047,1.0693312883377075,0.064963892102241516
12060,129.96544808308786,1,0.23142118752002716,243.75,8.0006589889526367,0.00022714781516697258,1,130.29718017578125,1,17.752851486206055,8.0465736389160156,123.46717567893346,0.061348553746938705,0.012915787287056446,-0.00023780135961715132,1.3223112821578979,-0.054476290941238403,-0.041197780519723892,-0.045248612761497498,-0.03421933576464653,2.7756218910217285,-0.00044294988038018346,-0.035693705081939697,2.0314288139343262,-0.00032097846269607544,-0.022411145269870758,7.5669959187507629e-10,1,0,1,1,-0.03525075688958168,-0.022090170532464981,-0.0049002310261130333,0,0,1,0,0,1,0,0,0,0,0,1,0,0,1,0,1,349.44308471679688,-8.0198049545288086e-05,-0.0072681009769439697,-0.0071880565956234932,1,3.7549760341644287,-0.00031384173780679703,-0.03345479816198349,2.5797915458679199,-9.5184659585356712e-05,-0.015405182726681232,-1.7764978110790253e-07,0,0.98137760162353516,-0.033140957355499268,-0.015309997834265232,-0.00045631139073520899,0,0,0,0,1,0,0,0,0,0,0,0,1.0585834980010986,0,349.16152954101562,-9.0196728706359863e-05,-0.005948483943939209,-0.0058583412319421768,0.22946196794509888,0,-0.0062659885734319687,-0.041101880371570587,-0.033050172030925751,0,-8.4883975982666016,0,0.29350030422210693,0.055107101798057556,264.16249997972045,-0.0084461662918329239,-0.0063874265179038048,267.84823608398438,264.27127075195312,8.046442985534668,3.8658356666564941,0.99101537466049194,0.059290237724781036
12120,189.55336802182387,1,0.23255407810211182,243.75,7.9999837875366211,0.0001394293358316645,1,132.06291198730469,1,18.212718963623047,8.0604486465454102,180.07569962073268,0.065851978957653046,0.012985663488507271,-0.00023808445257600397,1.3223112821578979,-0.055339470505714417,-0.041850563138723373,-0.045294281095266342,-0.034253872931003571,2.7823410034179688,-0.00062642327975481749,-0.036572381854057312,2.0392153263092041,-0.00054732873104512691,-0.022142833098769188,-4.6566128730773926e-10,1,0,1,1,-0.03594595193862915,-0.021595504134893417,-0.0058212671428918839,0,0,1,0,0,1,0,0,0,0,0,1,0,0,1,0,1,349.43896484375,-9.5352530479431152e-05,-0.0073285400867462158,-0.0072334022261202335,1,3.761998176574707,-0.0006070001982152462,-0.03478391095995903,2.5867471694946289,-0.00039306702092289925,-0.016480406746268272,-1.7753336578607559e-07,0,0.98046278953552246,-0.034176908433437347,-0.016087338328361511,-0.00047537288628518581,0,0,0,0,1,0,0,0,0,0,0,0,1.0585081577301025,0,349.15817260742188,-0.0001334846019744873,-0.0059842169284820557,-0.0058508105576038361,0.2300657331943512,0,-0.0062975119799375534,-0.041262436658143997,-0.033322181552648544,0,-8.4985017776489258,0,0.31927162408828735,0.055440619587898254,264.15833331295289,-0.0084562208503484726,-0.0063950303010642529,267.84716796875,264.28817749023438,8.0603551864624023,3.6892805099487305,0.72762101888656616,0.057825095951557159
12180,185.0108569751028,1,0.23308479785919189,268.75,8.0005979537963867,0.000454324996098876,1,130.36268615722656,1,18.216072082519531,8.0786991119384766,175.76031412634765,0.037497814744710922,0.01262284629046917,-0.00024284464598167688,1.3223112821578979,-0.055619988590478897,-0.042062703520059586,-0.04546746239066124,-0.034384839236736298,2.7877955436706543,-0.00059704971499741077,-0.037572845816612244,2.047466516494751,-0.0005470390897244215,-0.022114688530564308,-2.1827872842550278e-11,1,0.0010325266048312187,0.9951171875,0.9951171875,-0.036975793540477753,-0.021567646414041519,-0.006535759661346674,0.0012730852467939258,0,0.9951171875,0,0,1,0,0,0,0,0,1,0,0,1,0,1,349.43460083007812,-7.6141208410263062e-05,-0.0075754411518573761,-0.0074995490722358227,1,3.7664783000946045,-0.00074374221730977297,-0.034773092716932297,2.5976591110229492,-0.00051689433166757226,-0.017764599993824959,-1.7532147467136383e-07,0,0.97996699810028076,-0.034029349684715271,-0.017247704789042473,-0.00042582364403642714,0,0,0,0,1,0,0,0,0,0,0,0,1.0599068403244019,0,349.154052734375,-0.00014647841453552246,-0.0061372667551040649,-0.0059906858950853348,0.23040112853050232,0,-0.0063221640884876251,-0.041354484856128693,-0.033477317541837692,0,-8.6684188842773438,0,0.16816209256649017,0.053725026547908783,264.15416664618533,-0.0086252922192215919,-0.0065228911116719246,267.84811401367188,264.22158813476562,8.0778875350952148,3.84078049659729,0.86651921272277832,0.061473608016967773
12240,177.45720093956047,1,0.2316778302192688,281.25,8.0014095306396484,0.00033321123919449747,1,129.6129150390625,1,18.637111663818359,8.0724763870239258,168.58434089258245,0.097230635583400726,0.01310743298381567,-0.00023985299048945308,1.3223112821578979,-0.055088512599468231,-0.041660774499177933,-0.044750899076461792,-0.033842939883470535,2.7959237098693848,-0.00073932850500568748,-0.037476908415555954,2.0553131103515625,-0.00070662930374965072,-0.021690491586923599,-7.5669959187507629e-10,1,0,1,1,-0.036737576127052307,-0.020983859896659851,-0.0068538160994648933,0,0,1,0,0,1,0,0,0,0,0,1,0,0,1,0,1,349.4307861328125,-7.4416399002075195e-05,-0.0075953081250190735,-0.0075212488882243633,1,3.7685990333557129,-0.00072070921305567026,-0.03626033291220665,2.6103763580322266,-0.00044125490239821374,-0.017339590936899185,-1.7396087059751153e-07,0,0.97940385341644287,-0.035539623349905014,-0.01689833402633667,-0.00048774815513752401,0,0,0,0,1,0,0,0,0,0,0,0,1.0616079568862915,0,349.149658203125,-0.00011743232607841492,-0.0062783416360616684,-0.0061607994139194489,0.23072201013565063,0,-0.0063531701453030109,-0.041471555829048157,-0.033579617738723755,0,-8.5616312026977539,0,0.52264398336410522,0.056142427027225494,264.14999997941777,-0.0085190357640385628,-0.0064425342716276646,267.84906005859375,264.25485229492188,8.0721321105957031,3.7029106616973877,0.97566342353820801,0.055402442812919617
12300,199.8667951546995,1,0.22897538542747498,281.25,8.0020084381103516,0.0004128439468331635,1,128.43757629394531,1,18.297079086303711,8.0863246917724609,189.87345539696452,0.1423768550157547,0.013488601893186569,-0.00023367609537672251,1.3223112821578979,-0.053362645208835602,-0.040355585515499115,-0.044258985668420792,-0.03347092866897583,2.803901195526123,-0.0012005375465378165,-0.035856179893016815,2.0618681907653809,-0.0010519588831812143,-0.02177824079990387,-1.2223608791828156e-09,1,0.00031440646853297949,0.9970703125,0.9970703125,-0.034655645489692688,-0.020726285874843597,-0.0057792970910668373,0.00037820247234776616,0,0.9970703125,0,0,1,0,0,0,0,0,1,0,0,1,0,1,349.42660522460938,-0.00012627243995666504,-0.0073701739311218262,-0.0072441049851477146,1,3.7760958671569824,-0.00051793060265481472,-0.034852270036935806,2.6201233863830566,-0.00039454689249396324,-0.016782991588115692,-1.7293496057391167e-07,0,0.98021984100341797,-0.034334339201450348,-0.016388442367315292,-0.00047334615373983979,0,0,0,0,1,0,0,0,0,0,0,0,1.0596599578857422,0,349.14572143554688,-8.4638595581054688e-05,-0.0060508549213409424,-0.0059659881517291069,0.23056596517562866,0,-0.0063543627038598061,-0.041375845670700073,-0.033605396747589111,0,-8.3411445617675781,0,0.92068672180175781,0.058269228786230087,264.14583331265021,-0.0082996459677815437,-0.006276620551943779,267.84954833984375,264.24288940429688,8.0862674713134766,3.7701156139373779,1.1805570125579834,0.046364367008209229
12360,186.19306668482847,1,0.22849331796169281,281.25,8.0013542175292969,0.00032541700056754053,1,130.15284729003906,1,18.166601181030273,8.0642890930175781,176.88341335058703,0.14950495958328247,0.013068858534097672,-0.00022914313012734056,1.3223112821578979,-0.052969537675380707,-0.040058296173810959,-0.044275373220443726,-0.033483322709798813,2.806267261505127,-0.0010799383744597435,-0.034973971545696259,2.065497875213623,-0.00088634522398933768,-0.021533053368330002,-6.8394001573324203e-10,1,0,1,1,-0.03389403223991394,-0.020646706223487854,-0.00541353365406394,0,0,1,0,0,1,0,0,0,0,0,1,0,0,1,0,1,349.4215087890625,-9.3374401330947876e-05,-0.0069354288280010223,-0.006842347327619791,1,3.7844133377075195,-0.00022676691878587008,-0.032325219362974167,2.6291289329528809,-0.00017373886657878757,-0.015298263169825077,-1.7235288396477699e-07,0,0.98164260387420654,-0.032098449766635895,-0.01512452494353056,-0.00045472546480596066,0,0,0,0,1,0,0,0,0,0,0,0,1.0547974109649658,0,349.14190673828125,-6.1608850955963135e-05,-0.0055415630340576172,-0.0054797329939901829,0.2300761491060257,0,-0.0063255592249333858,-0.041148316115140915,-0.033553734421730042,0,-8.1793384552001953,0,1.0001289844512939,0.056197825819253922,264.14166664588265,-0.0081386454403400421,-0.0061548636294901371,267.849365234375,264.23483276367188,8.0642633438110352,3.8074984550476074,0.83794164657592773,0.048089731484651566
12420,144.26089217425294,1,0.22817352414131165,281.25,7.9995713233947754,0.0001319696893915534,1,128.10780334472656,1,18.866437911987305,8.0775537490844727,137.04784756554028,0.184978187084198,0.013265038840472698,-0.00023182493168860674,1.3223112821578979,-0.053382296115159988,-0.04037044569849968,-0.043471667915582657,-0.032875519245862961,2.8072118759155273,-0.0012374824145808816,-0.035478487610816956,2.0672440528869629,-0.00099143502302467823,-0.020495716482400894,-1.5133991837501526e-09,1,0,1,1,-0.034241002053022385,-0.019504280760884285,-0.0065747038461267948,0,0,1,0,0,1,0,0,0,0,0,1,0,0.00062318408163264394,0.998046875,0.00069780857302248478,0.998046875,349.41583251953125,-9.5427036285400391e-05,-0.0071257650852203369,-0.0070304209366440773,0.998046875,3.7914156913757324,-0.00041840854100883007,-0.032835766673088074,2.6414918899536133,-0.0003055894048884511,-0.013824589550495148,-1.7404090613126755e-07,0,0.98220109939575195,-0.032417356967926025,-0.013518999330699444,-0.00052941718604415655,0,0,0,0,1,0,0,0,0,0,0,0,1.0554130077362061,0,349.13775634765625,-9.135901927947998e-05,-0.0056329965591430664,-0.0055413013324141502,0.22973014414310455,0,-0.0063010277226567268,-0.040981866419315338,-0.033502832055091858,0,-8.2750673294067383,0,1.5019369125366211,0.057402186095714569,264.13749997911509,-0.0082338973879814148,-0.0062268977053463459,267.8492431640625,264.205322265625,8.0772514343261719,4.1803922653198242,0.89808058738708496,0.052744574844837189
12480,147.01459881320903,1,0.23200018703937531,243.75,8.0005922317504883,0.00018779585661832243,1,129.52604675292969,1,20.778818130493164,8.0571269989013672,139.66386887254856,0.12802532315254211,0.013078548014163971,-0.00024101710005197674,1.3223112821578979,-0.056120671331882477,-0.042441345751285553,-0.043771587312221527,-0.033102333545684814,2.8109931945800781,-0.0012628564145416021,-0.037515506148338318,2.0695645809173584,-0.00098842382431030273,-0.020230302587151527,-3.4924596548080444e-10,1,0,1,1,-0.036252647638320923,-0.019241880625486374,-0.0080152619630098343,0,0,1,0,0,1,0,0,0,0,0,1,0,0,1,0,1,349.410888671875,-0.00012850761413574219,-0.0074421614408493042,-0.0073137106373906136,1,3.7978484630584717,-0.00035946373827755451,-0.03425174206495285,2.6573042869567871,-0.00037540355697274208,-0.013805271126329899,-1.752050593495369e-07,0,0.98156070709228516,-0.033892281353473663,-0.013429867103695869,-0.00058104400523006916,0,0,0,0,1,0,0,0,0,0,0,0,1.0579583644866943,0,349.13311767578125,-0.00010949373245239258,-0.0059055238962173462,-0.0057958331890404224,0.22975176572799683,0,-0.006315362174063921,-0.041084043681621552,-0.033413678407669067,0,-8.6031837463378906,0,0.77652019262313843,0.056154754012823105,264.13333331234753,-0.0085603818297386169,-0.0064738024957478046,267.847900390625,264.15826416015625,8.0571193695068359,4.1072506904602051,0.80187547206878662,0.062636151909828186
12540,176.05822791454486,1,0.23529671132564545,243.75,8.0006389617919922,0.00020770210539922118,1,131.99400329589844,1,21.901433944702148,8.07257080078125,167.25531651881761,0.30807814002037048,0.013317497447133064,-0.00024673648294992745,1.3223112821578979,-0.056891053915023804,-0.043023951351642609,-0.04607589915394783,-0.034844972193241119,2.813232421875,-0.00087956455536186695,-0.038044191896915436,2.0745301246643066,-0.00063004367984831333,-0.02167590893805027,-2.3283064365386963e-10,1,0,1,1,-0.037164628505706787,-0.021045863628387451,-0.0070677176117897034,0,0,1,0,0,1,0,0,0,0,0,1,0,0,1,0,1,349.4063720703125,-0.00011211633682250977,-0.0075672268867492676,-0.007455204613506794,1,3.8013529777526855,-9.7474316135048866e-05,-0.033209346234798431,2.6722211837768555,-6.8823108449578285e-05,-0.015769539400935173,-1.7392449080944061e-07,0,0.9810255765914917,-0.033111870288848877,-0.015700716525316238,-0.00046273350017145276,0,0,0,0,1,0,0,0,0,0,0,0,1.0599976778030396,0,349.1285400390625,-8.0049037933349609e-05,-0.006079941987991333,-0.0059997700154781342,0.23024480044841766,0,-0.0063474429771304131,-0.041318908333778381,-0.03345014899969101,0,-8.8073396682739258,0.0009765625,10,0.065947398543357849,264.12916664557997,-0.0087635219097137451,-0.006627427414059639,267.84576416015625,264.24151611328125,8.0725212097167969,4.0047898292541504,0.7629246711730957,0.05528312548995018
12600,186.02527590475088,1,0.24418772757053375,243.75,8.0003261566162109,0.00016592063184361905,1,139.09999084472656,1,23.578990936279297,8.0896873474121094,176.72401210951332,0.21863698959350586,0.012629987671971321,-0.00026168834301643074,1.3223112821578979,-0.061607498675584793,-0.046590767800807953,-0.049206264317035675,-0.037212315946817398,2.8176162242889404,-0.001147157046943903,-0.041199721395969391,2.0859265327453613,-0.00072069000452756882,-0.024033632129430771,1.5133991837501526e-09,1,0,1,1,-0.040052562952041626,-0.023312941193580627,-0.0070971697568893433,0,0,1,0,0,1,0,0,0,0,0,1,0,0,1,0,1,349.40237426757812,-0.00014555454254150391,-0.0080934762954711914,-0.0079479897394776344,1,3.7991552352905273,-0.00057701999321579933,-0.03597753494977951,2.682802677154541,-0.00022217258810997009,-0.017782829701900482,-1.7310958355665207e-07,0,0.97910803556442261,-0.035400517284870148,-0.017560657113790512,-0.00046476756688207388,0,0,0,0,1,0,0,0,0,0,0,0,1.0648903846740723,0,349.12393188476562,-0.00011336803436279297,-0.0066024065017700195,-0.0064890338107943535,0.23213082551956177,0,-0.0064357249066233635,-0.04199700802564621,-0.033975392580032349,0,-9.3410511016845703,0,2.2471277713775635,0.055568009614944458,264.12499997881241,-0.0092945778742432594,-0.0070290393196046352,267.84463500976562,264.21661376953125,8.0491924285888672,4.1636533737182617,1.0459572076797485,0.088603384792804718
12660,186.6903833344991,1,0.24487887322902679,268.75,8.0005149841308594,0.00051896809600293636,1,138.18692016601562,1,23.890962600708008,8.1204128265380859,177.35586416777414,0.13249991834163666,0.012519742362201214,-0.00026566052110865712,1.3223112821578979,-0.062089011073112488,-0.046954911202192307,-0.049319133162498474,-0.037297673523426056,2.8247895240783691,-0.001692616380751133,-0.041757687926292419,2.0978758335113525,-0.0011175936087965965,-0.024206675589084625,2.5611370801925659e-09,1,0,1,1,-0.040065072476863861,-0.023089084774255753,-0.0072152093052864075,0,0,1,0,0,1,0,0,0,0,0,1,0,0,1,0,1,349.3997802734375,-0.00018724799156188965,-0.0082506835460662842,-0.0080635920166969299,1,3.798192024230957,-0.0011366538237780333,-0.03658662736415863,2.6911869049072266,-0.0004841903573833406,-0.017879541963338852,-1.7348793335258961e-07,0,0.97876858711242676,-0.035449977964162827,-0.017395352944731712,-0.00047727365745231509,0,0,0,0,1,0,0,0,0,0,0,0,1.0692542791366577,0,349.1201171875,-0.0001306682825088501,-0.007056012749671936,-0.0069254250265657902,0.23455876111984253,0,-0.0065667172893881798,-0.042935177683830261,-0.034620605409145355,0,-9.4828395843505859,0,0.81939661502838135,0.053907394409179688,264.12083331204485,-0.0094356611371040344,-0.0071357334963977337,267.84414672851562,264.1827392578125,8.0620670318603516,4.1676874160766602,0.91947102546691895,0.070639714598655701
12720,194.94216851424105,1,0.24243976175785065,268.75,8.0007209777832031,0.00057771429419517517,1,135.36311340332031,1,24.513185501098633,8.0973548889160156,185.19506008852898,0.077046044170856476,0.012380358763039112,-0.00026317898300476372,1.3223112821578979,-0.060565497726202011,-0.045802753418684006,-0.048707887530326843,-0.036835417151451111,2.8328757286071777,-0.0015267492271959782,-0.04115256667137146,2.1089205741882324,-0.0009860724676400423,-0.02421889454126358,1.862645149230957e-09,1,0,1,1,-0.03962581604719162,-0.023232823237776756,-0.0068375030532479286,0,0,1,0,0,1,0,0,0,0,0,1,0,0,1,0,1,349.39703369140625,-0.00018125772476196289,-0.0083509683609008789,-0.0081697870045900345,1,3.8040783405303955,-0.0010734256356954575,-0.037281341850757599,2.699669361114502,-0.00048001157119870186,-0.017671648412942886,-1.7334241420030594e-07,0,0.97831815481185913,-0.036207914352416992,-0.017191637307405472,-0.00050482322694733739,0,0,0,0,1,0,0,0,0,0,0,0,1.0699231624603271,0,349.11685180664062,-0.00012165307998657227,-0.0071138441562652588,-0.0069923149421811104,0.23613381385803223,0,-0.0066605862230062485,-0.043521635234355927,-0.03506774827837944,0,-9.3942604064941406,0,0.38673275709152222,0.052819255739450455,264.11666664527729,-0.0093475226312875748,-0.0070690787397325039,267.84390258789062,264.1322021484375,8.0735292434692383,4.0675129890441895,1.0178343057632446,0.059678822755813599
12780,186.32781199648153,1,0.24630466103553772,281.25,8.0011482238769531,0.00035293516702950001,1,140.0296630859375,1,25.497430801391602,8.1993293762207031,177.01142139665745,0.39067161083221436,0.012513569556176662,-0.00026677054120227695,1.3223112821578979,-0.062388196587562561,-0.047181174159049988,-0.050426691770553589,-0.038135264068841934,2.841339111328125,-0.0019205096177756786,-0.041938759386539459,2.1190187931060791,-0.0011193752288818359,-0.025214506313204765,6.9849193096160889e-10,1,0,1,1,-0.040018249303102493,-0.024095132946968079,-0.0063272640109062195,0,0,1,0,0,1,0,0,0,0,0,1,0,0,1,0,1,349.39395141601562,-0.00021713972091674805,-0.0081635117530822754,-0.0079463552683591843,1,3.8110740184783936,-0.0011628922075033188,-0.038459464907646179,2.7106966972351074,-0.00035096984356641769,-0.019126858562231064,-1.7182901501655579e-07,0,0.97698760032653809,-0.037296570837497711,-0.018775889649987221,-0.00048584837350063026,0,0,0,0,1,0,0,0,0,0,0,0,1.0691518783569336,0,349.11422729492188,-0.00016236305236816406,-0.0070775747299194336,-0.0069151939824223518,0.23744955658912659,0,-0.0067342342808842659,-0.044025067239999771,-0.035434231162071228,0,-9.5224609375,0.0009765625,10,0.061636131256818771,264.11249997850973,-0.0094750858843326569,-0.0071655488573014736,267.84347534179688,264.2193603515625,8.0554599761962891,4.2083663940429688,1.1326198577880859,0.0708274245262146
12840,154.31649402226344,1,0.24638968706130981,281.25,8.0020837783813477,0.00047734301188029349,1,139.88301086425781,1,23.806747436523438,8.2064657211303711,146.60066932115026,0.064131215214729309,0.011987961828708649,-0.00026732686092145741,1.3223112821578979,-0.062478683888912201,-0.047249604016542435,-0.050402805209159851,-0.038117200136184692,2.8516745567321777,-0.0020353794097900391,-0.042568832635879517,2.130612850189209,-0.0012157480232417583,-0.025164419785141945,2.3283064365386963e-10,1,0,1,1,-0.040533453226089478,-0.02394866943359375,-0.0068085822276771069,0,0,1,0,0,1,0,0,0,0,0,1,0,0,1,0,1,349.39111328125,-0.0001900792121887207,-0.0083487033843994141,-0.0081587135791778564,1,3.8161458969116211,-0.001294795423746109,-0.038705304265022278,2.7192258834838867,-0.00044629722833633423,-0.01917058601975441,-1.7136335372924805e-07,0,0.97651475667953491,-0.03741050511598587,-0.018724292516708374,-0.00050972693134099245,0,0,0,0,1,0,0,0,0,0,0,0,1.0721269845962524,0,349.11151123046875,-0.00021201372146606445,-0.0074245929718017578,-0.0072127045132219791,0.23919457197189331,0,-0.0068188980221748352,-0.04464387521147728,-0.035978540778160095,0,-9.5423202514648438,0,0.30933654308319092,0.051018886268138885,264.10833331174217,-0.0094948457553982735,-0.007180491928011179,267.84326171875,264.26461791992188,8.0834236145019531,3.945307731628418,0.99925291538238525,0.071918733417987823
12900,169.99759985882861,1,0.24092018604278564,281.25,8.0022525787353516,0.00047368736704811454,1,135.0452880859375,1,22.023141860961914,8.1626338958740234,161.49771986588718,0.055288493633270264,0.012137253768742085,-0.00025886905496008694,1.3223112821578979,-0.059463933110237122,-0.044969692826271057,-0.048524729907512665,-0.0366969034075737,2.8600044250488281,-0.0013232993660494685,-0.040727168321609497,2.1393022537231445,-0.00084339594468474388,-0.0247189961373806,-1.280568540096283e-09,1,0,1,1,-0.039403863251209259,-0.023875601589679718,-0.0061949985101819038,0,0,1,0,0,1,0,0,0,0,0,1,0,0,1,0,1,349.38861083984375,-0.00013723969459533691,-0.0082028806209564209,-0.0080657918006181717,1,3.8210234642028809,-0.0014719230821356177,-0.038367688655853271,2.7240123748779297,-0.00085737451445311308,-0.01971769705414772,-1.7066486179828644e-07,0,0.97659385204315186,-0.036895759403705597,-0.018860321491956711,-0.00049451948143541813,0,0,0,0,1,0,0,0,0,0,0,0,1.073932409286499,0,349.109375,-0.00023001432418823242,-0.0076230764389038086,-0.0073932409286499023,0.23999494314193726,0,-0.0068642343394458294,-0.044907297939062119,-0.036223083734512329,0,-9.2404155731201172,0,0.25995373725891113,0.051633626222610474,264.10416664497461,-0.0091944430023431778,-0.0069533120840787888,267.84307861328125,264.2227783203125,8.0765829086303711,4.0431056022644043,0.83363974094390869,0.059418149292469025
12960,190.50207575352346,1,0.23796063661575317,281.25,8.0013542175292969,0.00032060922239907086,1,133.92132568359375,1,22.83506965637207,8.193140983581543,180.97697196584727,0.082664497196674347,0.012343819253146648,-0.00025153916794806719,1.3223112821578979,-0.058306235820055008,-0.044094182550907135,-0.046976938843727112,-0.03552638366818428,2.8688094615936279,-0.0010339177679270506,-0.039591170847415924,2.1481235027313232,-0.00053312291856855154,-0.023818135261535645,-1.5861587598919868e-09,1,0,1,1,-0.038557246327400208,-0.023285012692213058,-0.006146939005702734,0,0,1,0,0,1,0,0,0,0,0,1,0,0,1,0,1,349.38592529296875,-0.0001247897744178772,-0.0078601278364658356,-0.0077353999949991703,1,3.8318543434143066,-0.0014915886567905545,-0.039211995899677277,2.7330331802368164,-0.00082939962157979608,-0.021114654839038849,-1.7143611330538988e-07,0,0.9757915735244751,-0.03772040456533432,-0.02028525248169899,-0.00046493744594044983,0,0,0,0,1,0,0,0,0,0,0,0,1.0724265575408936,0,349.1082763671875,-0.00019396841526031494,-0.0074365660548210144,-0.0072426628321409225,0.23986871540546417,0,-0.0068623032420873642,-0.044842083007097244,-0.036176528781652451,0,-8.9787731170654297,0,0.42258968949317932,0.052692793309688568,264.09999997820705,-0.0089341029524803162,-0.006756429560482502,267.8431396484375,264.24423217773438,8.0793466567993164,4.0280628204345703,0.87549161911010742,0.05352068692445755
13020,143.54835151353078,1,0.23296678066253662,281.25,8.0003128051757812,0.00021078169811517,1,128.62739562988281,1,22.626810073852539,8.2153491973876953,136.37093393785423,0.082287222146987915,0.013014795258641243,-0.0002457471564412117,1.3223112821578979,-0.055598266422748566,-0.042046278715133667,-0.045379094779491425,-0.034318011254072189,2.8761653900146484,-0.0011598613345995545,-0.037565499544143677,2.1567230224609375,-0.0004898804472759366,-0.022690020501613617,1.0186340659856796e-10,1,0,1,1,-0.036405637860298157,-0.022200137376785278,-0.0056360797025263309,0,0,1,0,0,1,0,0,0,0,0,1,0,0,1,0,1,349.38278198242188,-0.00016088783740997314,-0.0078910253942012787,-0.0077299969270825386,1,3.8501133918762207,-0.0014903907431289554,-0.037562325596809387,2.7483096122741699,-0.00076649198308587074,-0.019813485443592072,-1.7057755030691624e-07,0,0.97712165117263794,-0.036071933805942535,-0.019046992063522339,-0.00046032047248445451,0,0,0,0,1,0,0,0,0,0,0,0,1.0713887214660645,0,349.10781860351562,-0.00016802549362182617,-0.0073068141937255859,-0.0071388706564903259,0.23907464742660522,0,-0.006829308345913887,-0.044536106288433075,-0.035955101251602173,0,-8.7720251083374023,0,0.42013716697692871,0.055685538798570633,264.09583331143949,-0.0087283831089735031,-0.0066008535213768482,267.84298706054688,264.17999267578125,8.0628557205200195,4.1981058120727539,0.78874778747558594,0.049917217344045639
13080,171.92910204981621,1,0.23558476567268372,243.75,8.0001058578491211,0.00013187210424803197,1,132.58503723144531,1,23.183135986328125,8.1595678329467773,163.3326469473254,0.16525493562221527,0.013102957978844643,-0.0002465398283675313,1.3223112821578979,-0.056956641376018524,-0.043073549866676331,-0.046279758214950562,-0.034999139606952667,2.8791091442108154,-0.0017095267539843917,-0.037543818354606628,2.1630182266235352,-0.00099139334633946419,-0.022768937051296234,6.5483618527650833e-11,1,0,1,1,-0.035834290087223053,-0.021777542307972908,-0.0056487107649445534,0,0,1,0,0,1,0,0,0,0,0,1,0,0,1,0,1,349.37847900390625,-0.00020606629550457001,-0.0076065640896558762,-0.0074004451744258404,1,3.8724775314331055,-0.0015349315945059061,-0.035637430846691132,2.7652220726013184,-0.00085268751718103886,-0.019097026437520981,-1.7043203115463257e-07,0,0.97837269306182861,-0.034102499485015869,-0.018244341015815735,-0.00041770850657485425,0,0,0,0,1,0,0,0,0,0,0,0,1.0638484954833984,0,349.10675048828125,-0.00013488531112670898,-0.0065195858478546143,-0.006384851410984993,0.23796787858009338,0,-0.0067814472131431103,-0.044100478291511536,-0.035686656832695007,0,-8.8003196716308594,0,1.1981292963027954,0.056586995720863342,264.09166664467193,-0.008756536990404129,-0.00662214495241642,267.84249877929688,264.13150024414062,8.0557136535644531,4.1369280815124512,0.88290071487426758,0.058940112590789795
13140,192.59382389170864,1,0.24010534584522247,243.75,8.0002374649047852,6.5103718952741474e-05,1,136.24882507324219,1,24.770217895507812,8.2271804809570312,182.9641326971232,0.12584428489208221,0.013137033209204674,-0.00025398773141205311,1.3223112821578979,-0.059459928423166275,-0.044966664165258408,-0.047705717384815216,-0.036077525466680527,2.8846054077148438,-0.0018060491420328617,-0.039533123373985291,2.1681206226348877,-0.0011662640608847141,-0.023216519504785538,1.862645149230957e-09,1,0,1,1,-0.037727072834968567,-0.022050254046916962,-0.0066410321742296219,0,0,1,0,0,1,0,0,0,0,0,1,0,0,1,0,1,349.37353515625,-0.00020685791969299316,-0.0078848749399185181,-0.007677935529500246,1,3.890894889831543,-0.001636862987652421,-0.03815624862909317,2.7780842781066895,-0.0010775479022413492,-0.018486868590116501,-1.6867124941200018e-07,0,0.9778677225112915,-0.036519385874271393,-0.017409320920705795,-0.00052705395501106977,0,0,0,0,1,0,0,0,0,0,0,0,1.0659418106079102,0,349.10421752929688,-0.00017162412405014038,-0.0067656375467777252,-0.0065941819921135902,0.23790837824344635,0,-0.0067747402936220169,-0.044104583561420441,-0.035693563520908356,0,-9.0661754608154297,0,0.756247878074646,0.056660722941160202,264.08749997790437,-0.0090210698544979095,-0.0068221981637179852,267.84170532226562,264.19461059570312,8.1002979278564453,4.1678438186645508,1.1678495407104492,0.066740900278091431
13200,186.16271753688613,1,0.24377614259719849,243.75,8.0008049011230469,0.00011281000479357317,1,137.8660888671875,1,25.081911087036133,8.2425413131713867,176.85458166004182,0.15017476677894592,0.012715186923742294,-0.0002626976347528398,1.3223112821578979,-0.060793306678533554,-0.045975033193826675,-0.049790620803833008,-0.03765423595905304,2.8958711624145508,-0.0016844565980136395,-0.040428988635540009,2.1749696731567383,-0.0010116021148860455,-0.024961542338132858,2.7357600629329681e-09,1,0,1,1,-0.038744531571865082,-0.023949936032295227,-0.0057670110836625099,0,0,1,0,0,1,0,0,0,0,0,1,0,0,1,0,1,349.36968994140625,-0.00023061037063598633,-0.0081185400485992432,-0.0078878086060285568,1,3.906435489654541,-0.0015991288237273693,-0.03933035209774971,2.7875776290893555,-0.00079522235319018364,-0.021357331424951553,-1.7043203115463257e-07,0,0.97633600234985352,-0.037731222808361053,-0.020562108606100082,-0.00044663401786237955,0,0,0,0,1,0,0,0,0,0,0,0,1.070547342300415,0,349.10153198242188,-0.00016492605209350586,-0.0072196722030639648,-0.0070547349750995636,0.23850645124912262,0,-0.00680203502997756,-0.044348984956741333,-0.035841777920722961,0,-9.3770771026611328,0,1.0078930854797363,0.054948989301919937,264.08333331113681,-0.0093304254114627838,-0.0070561491884291172,267.84121704101562,264.15399169921875,8.1332645416259766,4.1367683410644531,1.3622872829437256,0.082603618502616882
13260,195.18398389415046,1,0.24268411099910736,281.25,8.0016593933105469,0.0003839947166852653,1,134.53276062011719,1,23.931186676025391,8.2694988250732422,185.42478469944294,0.041662734001874924,0.01232089102268219,-0.00026560481637716293,1.3223112821578979,-0.059960734099149704,-0.045345399528741837,-0.049696467816829681,-0.037583030760288239,2.9052972793579102,-0.0018285736441612244,-0.040343727916479111,2.1858775615692139,-0.0010954703902825713,-0.025603018701076508,3.2014213502407074e-09,1,0.00099436833988875151,0.998046875,0.998046875,-0.038515157997608185,-0.024507548660039902,-0.005275204312056303,0.0011071278713643551,0,0.998046875,0,0,1,0,0,0,0,0,1,0,0,1,0,1,349.36651611328125,-0.00026576220989227295,-0.0084820985794067383,-0.0082164481282234192,1,3.9172091484069824,-0.0015748303849250078,-0.039061427116394043,2.7957675457000732,-0.00085335900075733662,-0.021964499726891518,-1.6816193237900734e-07,0,0.97591918706893921,-0.037486594170331955,-0.021111141890287399,-0.00041932347812689841,0,0,0,0,1,0,0,0,0,0,0,0,1.072946310043335,0,349.09832763671875,-0.00018888711929321289,-0.0074834078550338745,-0.0072946185246109962,0.23931525647640228,0,-0.0068582328967750072,-0.044596992433071136,-0.036181464791297913,0,-9.4808511734008789,0,0.18882706761360168,0.05242745578289032,264.07916664436925,-0.0094336830079555511,-0.0071342377923429012,267.84170532226562,264.17129516601562,8.1025485992431641,4.189396858215332,0.88722920417785645,0.062917865812778473
13320,188.55752930522303,1,0.24361552298069,281.25,8.0013599395751953,0.00039585417835041881,1,134.6676025390625,1,23.616060256958008,8.1898508071899414,179.12965283996186,0.083505600690841675,0.012175180017948151,-0.00026840568170882761,1.3223112821578979,-0.060258530080318451,-0.045570608228445053,-0.050275076180696487,-0.038020607084035873,2.9165778160095215,-0.0013924192171543837,-0.040687352418899536,2.1993050575256348,-0.00086981110507622361,-0.026293855160474777,2.6775524020195007e-09,1,0,1,1,-0.039294928312301636,-0.025424040853977203,-0.0051254648715257645,0,0,1,0,0,1,0,0,0,0,0,1,0,0,1,0,1,349.36431884765625,-0.00022637844085693359,-0.0085648298263549805,-0.0083385314792394638,1,3.9298110008239746,-0.0015135110588744283,-0.042283475399017334,2.8047311305999756,-0.00087184039875864983,-0.024215579032897949,-1.675216481089592e-07,0,0.97340619564056396,-0.040769964456558228,-0.023343738168478012,-0.00045151379890739918,0,0,0,0,1,0,0,0,0,0,0,0,1.0809791088104248,0,349.095703125,-0.00020733475685119629,-0.0083051472902297974,-0.0080979000777006149,0.23992529511451721,0,-0.0069146603345870972,-0.044740475714206696,-0.036473669111728668,0,-9.5808286666870117,0,0.42808115482330322,0.051861800253391266,264.07499997760169,-0.0095331631600856781,-0.0072094695642590523,267.84161376953125,264.17352294921875,8.0707368850708008,4.1130838394165039,1.0351541042327881,0.076561316847801208
13380,203.18239992713686,1,0.24841155111789703,243.75,8.0003519058227539,8.4427963884081692e-05,1,138.02294921875,1,24.763813018798828,8.2989110946655273,193.02327993078001,0.1235809251666069,0.012148186564445496,-0.0002776540641207248,1.3223112821578979,-0.063227251172065735,-0.047815710306167603,-0.051579840481281281,-0.039007335901260376,2.9325227737426758,-0.0016660565743222833,-0.042011409997940063,2.2111191749572754,-0.0010897929314523935,-0.026327762752771378,2.7066562324762344e-09,1,0,1,1,-0.040345355868339539,-0.025237970054149628,-0.0059696296229958534,0,0,1,0,0,1,0,0,0,0,0,1,0,0,1,0,1,349.3629150390625,-0.00027025490999221802,-0.0086457058787345886,-0.0083757191896438599,1,3.946812629699707,-0.0011353854788467288,-0.043754085898399353,2.8127408027648926,-0.00070241792127490044,-0.023052729666233063,-1.6618287190794945e-07,0,0.97263520956039429,-0.042618699371814728,-0.022350311279296875,-0.00057919265236705542,0,0,0,0,1,0,0,0,0,0,0,0,1.0816094875335693,0,349.09381103515625,-0.00014661997556686401,-0.008307434618473053,-0.0081609506160020828,0.24088697135448456,0,-0.0069882897660136223,-0.045083753764629364,-0.036829371005296707,0,-9.9109525680541992,0,0.73562633991241455,0.051948241889476776,264.07083331083413,-0.0098616443574428558,-0.0074578840285539627,267.84051513671875,264.1470947265625,8.1217441558837891,4.2755250930786133,1.1300716400146484,0.071415252983570099
13440,172.96154799251147,1,0.25451427698135376,243.75,8.0009040832519531,0.00014879062655381858,1,141.94789123535156,1,25.76953125,8.2794103622436523,164.31347059288589,0.071974240243434906,0.012093117460608482,-0.00029036717023700476,1.3223112821578979,-0.066034987568855286,-0.04993906244635582,-0.054555844515562057,-0.041257943958044052,2.9504728317260742,-0.0012531199026852846,-0.044036291539669037,2.220822811126709,-0.00087121152319014072,-0.028026247397065163,3.3760443329811096e-09,1,5.3984113037586212e-05,0.9990234375,0.9990234375,-0.042783170938491821,-0.027155036106705666,-0.0060497000813484192,6.950827082619071e-05,0,0.9990234375,0,0,1,0,0,0,0,0,1,0,0,1,0,1,349.3609619140625,-0.00020055472850799561,-0.009164854884147644,-0.0089644929394125938,1,3.9632291793823242,-0.00066064437851309776,-0.046171970665454865,2.8171796798706055,-0.00045441323891282082,-0.024391315877437592,-1.6705598682165146e-07,0,0.97027194499969482,-0.04551132395863533,-0.023936904966831207,-0.00061958737205713987,0,0,0,0,1,0,0,0,0,0,0,0,1.0855057239532471,0,349.09115600585938,-5.1707029342651367e-05,-0.0086022615432739258,-0.0085505787283182144,0.24311509728431702,0,-0.0071180667728185654,-0.045865699648857117,-0.037510477006435394,0,-10.364750862121582,0,0.35553973913192749,0.051612678915262222,264.06666664406657,-0.010313184931874275,-0.0077993622981011868,267.83935546875,264.16744995117188,8.1131515502929688,4.13739013671875,1.3807861804962158,0.087347999215126038
13500,191.3666219261718,1,0.25343358516693115,281.25,8.0009050369262695,0.00033759683719836175,1,142.90928649902344,1,24.610738754272461,8.3406534194946289,181.79829082986319,0.068243123590946198,0.011907674372196198,-0.00028475542785599828,1.3223112821578979,-0.065644726157188416,-0.049643926322460175,-0.053887885063886642,-0.040752798318862915,2.9662303924560547,-0.0014644213952124119,-0.044066298753023148,2.2316746711730957,-0.0010350118391215801,-0.027615651488304138,3.0267983675003052e-09,1,0,1,1,-0.042601872235536575,-0.026580637320876122,-0.0064001232385635376,0,0,1,0,0,1,0,0,0,0,0,1,0,0,1,0,1,349.3582763671875,-0.00021834671497344971,-0.0088719874620437622,-0.008653692901134491,1,3.9785103797912598,-0.00079420022666454315,-0.044754475355148315,2.8248629570007324,-0.00038887606933712959,-0.025756554678082466,-1.6810372471809387e-07,0,0.96992039680480957,-0.043960273265838623,-0.025367680937051773,-0.00050167826702818274,0,0,0,0,1,0,0,0,0,0,0,0,1.0802001953125,0,349.08877563476562,-3.719329833984375e-05,-0.0080570578575134277,-0.0080200154334306717,0.24489977955818176,0,-0.0072197141125798225,-0.046516194939613342,-0.038082510232925415,0,-10.164438247680664,0,0.33326277136802673,0.050734631717205048,264.06249997729901,-0.010113868862390518,-0.0076486291363835335,267.83981323242188,264.13372802734375,8.1113548278808594,4.0628280639648438,0.83162856101989746,0.068561568856239319
13560,171.0077697460346,1,0.25463491678237915,281.25,8.0010204315185547,0.00029667961644008756,1,141.98489379882812,1,24.99797248840332,8.2710227966308594,162.45738125873285,0.040525615215301514,0.011684952303767204,-0.00029070445452816784,1.3223112821578979,-0.065652772784233093,-0.049650013446807861,-0.055141553282737732,-0.041700888425111771,2.9777219295501709,-0.0018481933511793613,-0.043990418314933777,2.2416183948516846,-0.0015153067652136087,-0.028824856504797935,3.2596290111541748e-09,1,0.00043963146163150668,0.998046875,0.998046875,-0.042142227292060852,-0.027309548109769821,-0.0056291017681360245,0.00055083754705265164,0,0.998046875,0,0,1,0,0,0,0,0,1,0,0,1,0,1,349.35455322265625,-0.00026966631412506104,-0.0091335251927375793,-0.0088637769222259521,1,3.9893128871917725,-0.0008051388431340456,-0.043604731559753418,2.8309998512268066,-0.00047581945545971394,-0.02535000815987587,-1.6947160474956036e-07,0,0.97034740447998047,-0.042799592018127441,-0.024874189868569374,-0.00049646751722320914,0,0,0,0,1,0,0,0,0,0,0,0,1.077775239944458,0,349.08502197265625,-6.9260597229003906e-05,-0.007846534252166748,-0.0077775181271135807,0.24654482305049896,0,-0.0073187220841646194,-0.047132886946201324,-0.038673639297485352,0,-10.376791000366211,0,0.18313810229301453,0.049651261419057846,264.05833331053145,-0.010325165465474129,-0.0078084226697683334,267.838623046875,264.12612915039062,8.135004997253418,4.3444528579711914,0.93948876857757568,0.056667972356081009
13620,152.53118088765623,1,0.25081443786621094,281.25,8.0008010864257812,0.00028078470495529473,1,138.62443542480469,1,24.74760627746582,8.2179431915283203,144.90462184327342,0.050679326057434082,0.011831259354948997,-0.00028454948915168643,1.3223112821578979,-0.064145676791667938,-0.048510268330574036,-0.052961088716983795,-0.040051907300949097,2.9824380874633789,-0.001420765183866024,-0.043397367000579834,2.2463893890380859,-0.0011590495705604553,-0.027741460129618645,3.5433913581073284e-09,1,0,1,1,-0.041976600885391235,-0.02658240869641304,-0.0061773154884576797,0,0,1,0,0,1,0,0,0,0,0,1,0,0,1,0,1,349.35000610351562,-0.00019724294543266296,-0.0090365633368492126,-0.0088394386693835258,1,3.9950187206268311,-0.00078156800009310246,-0.039863366633653641,2.8335165977478027,-0.00068179960362613201,-0.023241080343723297,-1.6979174688458443e-07,0,0.97269183397293091,-0.039081797003746033,-0.022559281438589096,-0.00046194330207072198,0,0,0,0,1,0,0,0,0,0,0,0,1.0746290683746338,0,349.07998657226562,-6.7159533500671387e-05,-0.0075298324227333069,-0.0074629038572311401,0.24761548638343811,0,-0.0074001634493470192,-0.047529615461826324,-0.039109751582145691,0,-10.157087326049805,0,0.23525656759738922,0.050304986536502838,264.05416664376389,-0.010106554254889488,-0.0076430975459516048,267.83816528320312,264.12188720703125,8.1014919281005859,4.3375225067138672,1.0090351104736328,0.059337187558412552
13680,184.97949272639707,1,0.24815300107002258,281.25,8.0010805130004883,0.00032652556546963751,1,137.40617370605469,1,24.932880401611328,8.3154964447021484,175.7305180900772,0.11015897244215012,0.012474836781620979,-0.00027803043485619128,1.3223112821578979,-0.063094623386859894,-0.047715410590171814,-0.051473848521709442,-0.038927178829908371,2.9774117469787598,-0.0012824501609429717,-0.042710922658443451,2.2458028793334961,-0.00081529817543923855,-0.026499204337596893,2.4156179279088974e-09,1,0,1,1,-0.041428469121456146,-0.025683905929327011,-0.0065299747511744499,0,0,1,0,0,1,0,0,0,0,0,1,0,0,1,0,1,349.34478759765625,-0.00019762665033340454,-0.008920036256313324,-0.0087225520983338356,1,3.994720458984375,-0.00083727226592600346,-0.036414366215467453,2.8344292640686035,-0.00045163696631789207,-0.020779050886631012,-1.676962710916996e-07,0,0.97509026527404785,-0.035577092319726944,-0.020327413454651833,-0.00041867318213917315,0,0,0,0,1,0,0,0,0,0,0,0,1.0718303918838501,0,349.07473754882812,-0.00010141730308532715,-0.0072845220565795898,-0.0071830488741397858,0.24768823385238647,0,-0.0074197691865265369,-0.047556798905134201,-0.039134234189987183,0,-9.9243879318237305,0,0.62134605646133423,0.053452655673027039,264.04999997699633,-0.0098750125616788864,-0.007467994000762701,267.837646484375,264.11572265625,8.0950546264648438,4.2149934768676758,0.77453923225402832,0.059475414454936981
13740,202.21199235034507,1,0.24679060280323029,281.25,8.0015392303466797,0.00038507484714500606,1,134.52349853515625,1,26.161260604858398,8.2788248062133789,192.1013927328278,0.072066903114318848,0.012310223653912544,-0.00027933652745559812,1.3223112821578979,-0.062451429665088654,-0.047228991985321045,-0.050851665437221527,-0.03845665231347084,2.9716892242431641,-0.0015785605646669865,-0.042465925216674805,2.2414953708648682,-0.0011059620883315802,-0.026755675673484802,3.3760443329811096e-09,1,0,1,1,-0.040887366980314255,-0.025649713352322578,-0.0061706923879683018,0,0,1,0,0,1,0,0,0,0,0,1,0,0,1,0,1,349.339599609375,-0.00028413534164428711,-0.0091544389724731445,-0.0088704396039247513,1,3.9890804290771484,-0.0006907852366566658,-0.037225089967250824,2.8319664001464844,-0.00025863386690616608,-0.019544957205653191,-1.6606645658612251e-07,0,0.97511160373687744,-0.036534309387207031,-0.019286325201392174,-0.00050267094047740102,0,0,0,0,1,0,0,0,0,0,0,0,1.0722184181213379,0,349.06900024414062,-0.00014206767082214355,-0.0073641836643218994,-0.0072218440473079681,0.24778299033641815,0,-0.0074404156766831875,-0.047628868371248245,-0.039109580218791962,0,-9.9710073471069336,0,0.35610005259513855,0.052485555410385132,264.04583331022877,-0.0099214008077979088,-0.0075030750595033169,267.83737182617188,264.08441162109375,8.1154441833496094,4.2647161483764648,0.98415017127990723,0.070940986275672913
13800,193.22851326148773,1,0.24451889097690582,281.25,8.0018014907836914,0.00043357312097214162,1,132.5565185546875,1,26.775722503662109,8.2963857650756836,183.56708759841334,0.037175044417381287,0.012218127027153969,-0.00027572500403039157,1.3223112821578979,-0.06090303510427475,-0.046058017760515213,-0.050411831587553024,-0.038124028593301773,2.9704339504241943,-0.0017607074696570635,-0.04156310111284256,2.2392349243164062,-0.0011211450910195708,-0.026604898273944855,7.6397554948925972e-10,1,0,1,1,-0.039802391082048416,-0.025483755394816399,-0.0056516164913773537,0,0,1,0,0,1,0,0,0,0,0,1,0,0,1,0,1,349.3350830078125,-0.00031160935759544373,-0.0090066753327846527,-0.0086954124271869659,1,3.9870681762695312,-0.00069195160176604986,-0.039378728717565536,2.8298661708831787,-0.00032522238325327635,-0.020995862782001495,-1.6402918845415115e-07,0,0.97414422035217285,-0.038686778396368027,-0.020670641213655472,-0.00051640480523929,0,0,0,0,1,0,0,0,0,0,0,0,1.0756793022155762,0,349.06375122070312,-0.00017364323139190674,-0.0077418312430381775,-0.0075679318979382515,0.2471710592508316,0,-0.0074369288049638271,-0.04736742377281189,-0.038941621780395508,0,-9.8420944213867188,0,0.16658009588718414,0.05196768045425415,264.04166664346121,-0.0097931288182735443,-0.0074060689657926559,267.83761596679688,264.160888671875,8.0834445953369141,4.3915987014770508,1.1086505651473999,0.068898648023605347
13860,185.99218343670915,1,0.24776944518089294,281.25,8.0015439987182617,0.00044931547017768025,1,134.22999572753906,1,27.312156677246094,8.2120771408081055,176.69257426487368,0.072751790285110474,0.012337030842900276,-0.00028329159249551594,1.3223112821578979,-0.062803313136100769,-0.047495104372501373,-0.051432810723781586,-0.038896143436431885,2.9724245071411133,-0.001920060021802783,-0.042355336248874664,2.2391948699951172,-0.0012171380221843719,-0.026526492089033127,0,1,0,1,1,-0.040435276925563812,-0.025309352204203606,-0.006182963028550148,0,0,1,0,0,1,0,0,0,0,0,1,0,0,1,0,1,349.33123779296875,-0.00033310055732727051,-0.0090455114841461182,-0.0087128542363643646,1,3.9881768226623535,-0.00073017831891775131,-0.039451144635677338,2.8308639526367188,-0.00057441135868430138,-0.021970264613628387,-1.6449484974145889e-07,0,0.97415643930435181,-0.038720965385437012,-0.021395852789282799,-0.00048620370216667652,0,0,0,0,1,0,0,0,0,0,0,0,1.0766052007675171,0,349.059326171875,-0.00017279386520385742,-0.0078333616256713867,-0.0076605137437582016,0.24681732058525085,0,-0.0074443570338189602,-0.047217678278684616,-0.038816310465335846,0,-10.112186431884766,0,0.36025246977806091,0.052613832056522369,264.03749997669365,-0.010061876848340034,-0.0076093100942671299,267.83749389648438,264.15280151367188,8.0776023864746094,4.5105810165405273,0.97852849960327148,0.079492777585983276
13920,199.52993903990998,1,0.25463289022445679,281.25,8.0008153915405273,0.00042713971924968064,1,138.74153137207031,1,28.028390884399414,8.27545166015625,189.55344208791448,0.089501500129699707,0.012285130098462105,-0.00029749321402050555,1.3223112821578979,-0.065106675028800964,-0.049237027764320374,-0.055783197283744812,-0.042186129838228226,2.9743521213531494,-0.002239081310108304,-0.042899757623672485,2.2455689907073975,-0.0015397877432405949,-0.029402066022157669,8.149072527885437e-10,1,0,1,1,-0.040660679340362549,-0.027862278744578362,-0.0044128750450909138,0,0,1,0,0,1,0,0,0,0,0,1,0,0,1,0,1,349.32794189453125,-0.00036215782165527344,-0.0093558132648468018,-0.0089942710474133492,1,3.9866569042205811,-0.00040813349187374115,-0.040346436202526093,2.8353219032287598,-0.00047580467071384192,-0.025081658735871315,-1.6507692635059357e-07,0,0.97222518920898438,-0.039938308298587799,-0.024605855345726013,-0.00040029198862612247,0,0,0,0,1,0,0,0,0,0,0,0,1.0822485685348511,0,349.05511474609375,-0.00015088915824890137,-0.0083758831024169922,-0.0082248514518141747,0.24770024418830872,0,-0.0075187049806118011,-0.04749847948551178,-0.039141476154327393,0,-10.61911678314209,0,0.46820983290672302,0.052556991577148438,264.03333330992609,-0.010566285811364651,-0.0079907700419425964,267.83670043945312,264.09906005859375,8.1135416030883789,4.3384037017822266,1.0431358814239502,0.074735775589942932
13980,222.0764533294232,1,0.25547897815704346,281.25,8.0001115798950195,0.00042793908505700529,1,140.5196533203125,1,28.305830001831055,8.2765283584594727,210.97263066295204,0.12158203125,0.012426458299160004,-0.00029666646150872111,1.3223112821578979,-0.065803423523902893,-0.049763944000005722,-0.055845685303211212,-0.042233388870954514,2.9774184226989746,-0.0025956588797271252,-0.043454349040985107,2.2532854080200195,-0.0021071229130029678,-0.029282646253705025,1.9499566406011581e-09,1,0,1,1,-0.040858693420886993,-0.027175523340702057,-0.0052826236933469772,0,0,1,0,0,1,0,0,0,0,0,1,0,0,1,0,1,349.3245849609375,-0.00047551468014717102,-0.0093051418662071228,-0.0088299205526709557,1,3.9889495372772217,-0.00038959411904215813,-0.040899276733398438,2.8387370109558105,-0.00080168427666649222,-0.02532058022916317,-1.650187186896801e-07,0,0.97145736217498779,-0.040509685873985291,-0.024518897756934166,-0.00042802828829735518,0,0,0,0,1,0,0,0,0,0,0,0,1.0795457363128662,0,349.0521240234375,-0.00018191337585449219,-0.0081366896629333496,-0.0079545779153704643,0.2491934597492218,0,-0.0076169976964592934,-0.047953791916370392,-0.039786927402019501,0,-10.589606285095215,0,0.71775597333908081,0.053538180887699127,264.02916664315853,-0.010536921210587025,-0.007968563586473465,267.8353271484375,264.08172607421875,8.1051197052001953,4.4881606101989746,0.75328028202056885,0.068107083439826965
14040,219.43776688055814,1,0.25308400392532349,281.25,7.9991593360900879,0.00045178388245403767,1,137.04032897949219,1,27.231460571289062,8.3307952880859375,208.46587853653023,0.085754424333572388,0.012177866883575916,-0.00029572343919426203,1.3223112821578979,-0.064213216304779053,-0.048561345785856247,-0.055227547883987427,-0.04176592081785202,2.9788427352905273,-0.0021701033692806959,-0.042962759733200073,2.2597856521606445,-0.0017958941170945764,-0.029535159468650818,1.3969838619232178e-09,1,0,1,1,-0.040792651474475861,-0.027739265933632851,-0.0048758992925286293,0,0,1,0,0,1,0,0,0,0,0,1,0,0,1,0,1,349.32086181640625,-0.0003821253776550293,-0.0095901340246200562,-0.009208332747220993,1,3.9959650039672852,-0.00061083596665412188,-0.039934076368808746,2.8459062576293945,-0.00093707838095724583,-0.025022059679031372,-1.6443664208054543e-07,0,0.97208595275878906,-0.039323240518569946,-0.024084985256195068,-0.0004116445779800415,0,0,0,0,1,0,0,0,0,0,0,0,1.0814971923828125,0,349.04888916015625,-0.00019294023513793945,-0.0083426684141159058,-0.0081497244536876678,0.24997267127037048,0,-0.0076692057773470879,-0.048131067305803299,-0.040132675319910049,0,-10.555944442749023,0,0.44292724132537842,0.051889508962631226,264.02499997639097,-0.010503427125513554,-0.0079432334750890732,267.83560180664062,264.13821411132812,8.1205301284790039,4.2717199325561523,1.0567035675048828,0.083123043179512024
14100,138.9827753962488,1,0.24779696762561798,281.25,7.9982571601867676,0.00047463126247748733,1,133.35752868652344,1,24.529993057250977,8.3941183090209961,132.03363662643636,0.086714945733547211,0.012595506384968758,-0.00028524000663310289,1.3223112821578979,-0.061622653156518936,-0.04660223051905632,-0.052869338542222977,-0.039982520043849945,2.9775459766387939,-0.0019387160427868366,-0.041804291307926178,2.2662429809570312,-0.0013567727291956544,-0.028184153139591217,3.637978807091713e-10,1,0,1,1,-0.039865575730800629,-0.026827380061149597,-0.0050481604412198067,0,0,1,0,0,1,0,0,0,0,0,1,0,0,1,0,1,349.31741333007812,-0.00032952427864074707,-0.009351879358291626,-0.0090226922184228897,1,4.0008225440979004,-0.00074010668322443962,-0.037317186594009399,2.8539290428161621,-0.00059548614080995321,-0.024489298462867737,-1.647567842155695e-07,0,0.97341442108154297,-0.036577083170413971,-0.023893814533948898,-0.00032117951195687056,0,0,0,0,1,0,0,0,0,0,0,0,1.078819751739502,0,349.045166015625,-0.00017406046390533447,-0.0080560445785522461,-0.0078819803893566132,0.25001871585845947,0,-0.0076953507959842682,-0.048007626086473465,-0.040262602269649506,0,-10.181735038757324,0,0.449342280626297,0.053854513913393021,264.02083330962341,-0.010131079703569412,-0.0076616448350250721,267.83547973632812,264.10592651367188,8.1184024810791016,4.0996761322021484,0.84322422742843628,0.059127680957317352
14160,154.09403391892636,1,0.24858808517456055,281.25,7.9977803230285645,0.00049025512998923659,1,134.50430297851562,1,24.454912185668945,8.3670759201049805,146.38933222298004,0.054147440940141678,0.01242540031671524,-0.00028552542789839208,1.3223112821578979,-0.062088657170534134,-0.046954646706581116,-0.053123541176319122,-0.040174763649702072,2.96974778175354,-0.0015995906433090568,-0.041665457189083099,2.2704968452453613,-0.0010886862874031067,-0.028580289334058762,2.3283064365386963e-10,1,0,1,1,-0.040065865963697433,-0.027491603046655655,-0.0047659003175795078,0,0,1,0,0,1,0,0,0,0,0,1,0,0,1,0,1,349.3125,-0.00026674941182136536,-0.0091979615390300751,-0.0089314989745616913,1,3.9985544681549072,-0.00049319770187139511,-0.034721367061138153,2.8609881401062012,-0.00023492902982980013,-0.023875430226325989,-1.6362173482775688e-07,0,0.97439461946487427,-0.03422817587852478,-0.023640504106879234,-0.00025223128614015877,0,0,0,0,1,0,0,0,0,0,0,0,1.0728336572647095,0,349.04052734375,-0.00011534988880157471,-0.0073987245559692383,-0.0072833620943129063,0.2496311366558075,0,-0.0076836715452373028,-0.047749023884534836,-0.040196545422077179,0,-10.191922187805176,0,0.25377583503723145,0.052956722676753998,264.01666664285585,-0.010141216218471527,-0.0076693110167980194,267.83480834960938,264.07864379882812,8.204472541809082,4.4373412132263184,1.1438767910003662,0.088942959904670715
14220,226.53473210121635,1,0.24346782267093658,281.25,7.998687744140625,0.00052275531925261021,1,131.434326171875,1,24.746471405029297,8.4498252868652344,215.20799549615552,0.06708420068025589,0.013017088174819946,-0.00027450860943645239,1.3223112821578979,-0.058604765683412552,-0.044319946318864822,-0.052050292491912842,-0.039363116025924683,2.9629683494567871,-0.0012646445538848639,-0.039358232170343399,2.2760696411132812,-0.0010064493399113417,-0.028153970837593079,1.1059455573558807e-09,1,0,1,1,-0.038093585520982742,-0.027147520333528519,-0.0038998301606625319,0,0,1,0,0,1,0,0,0,0,0,1,0,0,1,0,1,349.30755615234375,-0.00020161271095275879,-0.0090114548802375793,-0.0088099259883165359,1,4.0001640319824219,-0.00022507767425850034,-0.036445982754230499,2.868687629699707,-0.00019249628530815244,-0.024251785129308701,-1.6568810679018497e-07,0,0.97313827276229858,-0.036220908164978027,-0.024059288203716278,-0.00031649286393076181,0,0,0,0,1,0,0,0,0,0,0,0,1.0773555040359497,0,349.03598022460938,-8.7194144725799561e-05,-0.0078227892518043518,-0.0077355466783046722,0.24903827905654907,0,-0.0076593379490077496,-0.047381076961755753,-0.04016401618719101,0,-9.7986745834350586,0,0.32645437121391296,0.05558297410607338,264.01249997608829,-0.0097499247640371323,-0.0073733958415687084,267.83474731445312,264.0986328125,8.2458839416503906,4.1789636611938477,0.8458784818649292,0.066851459443569183
14280,235.58456586803277,1,0.23974123597145081,168.75,8.0045003890991211,0.24987815320491791,1,127.98027038574219,1,24.537603378295898,8.5791139602661133,223.80533757463112,0.0681871697306633,0.013123728334903717,-0.0002691691042855382,1.3223112821578979,-0.057954005897045135,-0.043827809393405914,-0.04916788637638092,-0.037183292210102081,2.9598338603973389,-0.00054523086873814464,-0.039147090166807175,2.2812671661376953,-0.0005370381404645741,-0.025676805526018143,-3.7834979593753815e-10,1,0,1,1,-0.038601860404014587,-0.025139767676591873,-0.0058408761397004128,0,0,1,0,0,1,0,0,0,0,0,1,0,0,1,0,1,349.30340576171875,-0.00010994449257850647,-0.0087463930249214172,-0.0086364392191171646,1,4.0085029602050781,8.187850471585989e-05,-0.036511141806840897,2.8818497657775879,-0.00025600043591111898,-0.023450065404176712,-1.6592093743383884e-07,0,0.97366762161254883,-0.036593019962310791,-0.023194065317511559,-0.00036950118374079466,0,0,0,0,1,0,0,0,0,0,0,0,1.0765297412872314,0,349.03326416015625,-3.6068260669708252e-05,-0.007689155638217926,-0.0076529784128069878,0.24746769666671753,0,-0.0075833429582417011,-0.04670417308807373,-0.039763137698173523,0,-9.6080789566040039,0,0.33293288946151733,0.056060981005430222,264.00833330932073,-0.0095602776855230331,-0.0072299749590456486,267.83523559570312,264.09133911132812,8.292271614074707,4.3780708312988281,0.96247780323028564,0.059060141444206238
14340,214.90831968247105,1,0.24397465586662292,168.75,8.0238370895385742,0.25115752220153809,1,130.82783508300781,1,26.341838836669922,8.4875679016113281,204.16290369834749,0.060270428657531738,0.012550665065646172,-0.00027750700246542692,1.3223112821578979,-0.059458490461111069,-0.044965576380491257,-0.051572851836681366,-0.039002049714326859,2.9574973583221436,-0.00085435237269848585,-0.0394611656665802,2.2853240966796875,-0.00076663854997605085,-0.026983130723237991,7.2759576141834259e-10,1,0,1,1,-0.038606815040111542,-0.026216492056846619,-0.0050686788745224476,0,0,1,0,0,1,0,0,0,0,0,1,0,0,1,0,1,349.29840087890625,-0.00012543797492980957,-0.0086716562509536743,-0.0085461791604757309,1,4.0163559913635254,-0.00016038259491324425,-0.035813987255096436,2.8952972888946533,-0.00033125630579888821,-0.023360574617981911,-1.6600824892520905e-07,0,0.97442841529846191,-0.035653606057167053,-0.023029319941997528,-0.00033881800482049584,0,0,0,0,1,0,0,0,0,0,0,0,1.0724785327911377,0,349.0301513671875,-5.626678466796875e-05,-0.0073042213916778564,-0.0072478568181395531,0.24644273519515991,0,-0.0075389188714325428,-0.046308588236570358,-0.039436839520931244,0,-9.9057035446166992,0,0.2874392569065094,0.053491972386837006,264.00416664255317,-0.0098564215004444122,-0.0074539342895150185,267.83517456054688,264.02764892578125,8.1843471527099609,4.5864439010620117,0.97380125522613525,0.065310731530189514
14400,169.61287459206611,1,0.2473517507314682,168.75,8.0414667129516602,0.24982389807701111,1,133.41812133789062,1,27.966955184936523,8.4009284973144531,161.13223086246279,0.22471749782562256,0.013031203299760818,-0.00028357646078802645,1.3223112821578979,-0.061312109231948853,-0.046367380768060684,-0.052783440798521042,-0.039917562156915665,2.9545702934265137,-0.00053606880828738213,-0.040540866553783417,2.2889571189880371,-0.00047007226385176182,-0.027421938255429268,-8.149072527885437e-10,1,0,1,1,-0.040004797279834747,-0.02695186622440815,-0.0055301538668572903,0,0,1,0,0,1,0,0,0,0,0,1,0,0,1,0,1,349.29248046875,-7.6055526733398438e-05,-0.0088754594326019287,-0.0087994188070297241,1,4.024235725402832,-0.00018784217536449432,-0.036333635449409485,2.9019770622253418,-0.00022325571626424789,-0.022809822112321854,-1.6624107956886292e-07,0,0.97436416149139404,-0.036145791411399841,-0.022586565464735031,-0.00038803648203611374,0,0,0,0,1,0,0,0,0,0,0,0,1.0706707239151001,0,349.02590942382812,-6.5535306930541992e-05,-0.0071326792240142822,-0.0070670749992132187,0.24617879092693329,0,-0.0075365379452705383,-0.046135812997817993,-0.039434559643268585,0,-10.122353553771973,0,2.4282255172729492,0.058920692652463913,263.99999997578561,-0.010071993805468082,-0.0076169613748788834,267.83517456054688,264.02981567382812,8.2049064636230469,4.4016180038452148,1.4038243293762207,0.078255519270896912
14460,154.67940037536127,1,0.2480790764093399,168.75,8.0473337173461914,0.24939548969268799,1,131.52560424804688,1,28.981794357299805,8.3882570266723633,146.94543035659319,0.15022771060466766,0.0128677012398839,-0.0002902018022723496,1.3223112821578979,-0.062186781316995621,-0.047028850764036179,-0.052491858601570129,-0.039697051048278809,2.9593720436096191,-0.0010355485137552023,-0.041871227324008942,2.294497013092041,-0.00070925173349678516,-0.027024103328585625,-8.149072527885437e-10,1,6.6021340899169445e-05,0.9990234375,0.9990234375,-0.040835686028003693,-0.026314850896596909,-0.0065279863774776459,8.2794511399697512e-05,0,0.9990234375,0,0,1,0,0,0,0,0,1,0,0,1,0,1,349.28802490234375,-0.00017315149307250977,-0.0093793272972106934,-0.0092062698677182198,1,4.0371570587158203,-0.00083622336387634277,-0.039879411458969116,2.9093971252441406,-0.00047552352771162987,-0.023911705240607262,-1.6682315617799759e-07,0,0.97250115871429443,-0.039043184369802475,-0.023436184972524643,-0.00045622579636983573,0,0,0,0,1,0,0,0,0,0,0,0,1.0784947872161865,0,349.02203369140625,-0.00016611814498901367,-0.0080156326293945312,-0.0078494781628251076,0.24671784043312073,0,-0.0075814132578670979,-0.046365059912204742,-0.039615314453840256,0,-10.358848571777344,0,1.0085091590881348,0.055382363498210907,263.99583330901805,-0.01030731201171875,-0.0077949208207428455,267.83450317382812,264.04681396484375,8.1814537048339844,4.2849321365356445,1.255077600479126,0.084802538156509399
14520,141.02141883932097,1,0.24781559407711029,168.75,8.0521354675292969,0.24716286361217499,1,130.8350830078125,1,28.649358749389648,8.4182977676391602,133.97034789735491,0.10879887640476227,0.012801921926438808,-0.00029080489184707403,1.3223112821578979,-0.061902076005935669,-0.046813543885946274,-0.052560746669769287,-0.039749149233102798,2.9678037166595459,-0.0007342267781496048,-0.041434817016124725,2.3007826805114746,-0.00050731049850583076,-0.027403367683291435,-2.3283064365386963e-10,1,0,1,1,-0.040700584650039673,-0.026896055787801743,-0.0059562237001955509,0,0,1,0,0,1,0,0,0,0,0,1,0,0,1,0,1,349.28424072265625,-0.00013130903244018555,-0.0093764066696166992,-0.0092451944947242737,1,4.0578556060791016,-0.001101987436413765,-0.038984552025794983,2.9222285747528076,-0.0007124696858227253,-0.024265440180897713,-1.6717240214347839e-07,0,0.97320014238357544,-0.037882562726736069,-0.023552969098091125,-0.00038987264269962907,0,0,0,0,1,0,0,0,0,0,0,0,1.0758416652679443,0,349.01910400390625,-0.00016051530838012695,-0.0077447891235351562,-0.0075841671787202358,0.24658581614494324,0,-0.0076091969385743141,-0.046372443437576294,-0.039519235491752625,0.0029296875,-10.380375862121582,0,0.61047196388244629,0.05483517050743103,263.99166664225049,-0.010328732430934906,-0.0078111202456057072,267.8349609375,263.81143188476562,8.1794185638427734,4.582669734954834,1.0236241817474365,0.077783837914466858
14580,189.93818471441637,1,0.24908138811588287,168.75,8.0681753158569336,0.24578244984149933,1,130.56439208984375,1,27.883602142333984,8.4758186340332031,180.44127547869553,0.056887976825237274,0.012575910426676273,-0.00029589599580504,1.3223112821578979,-0.063043639063835144,-0.047676850110292435,-0.052495431154966354,-0.039699751883745193,2.977414608001709,-0.00081735197454690933,-0.042745061218738556,2.3075830936431885,-0.0004320959560573101,-0.027444612234830856,0,1,0,1,1,-0.041927710175514221,-0.027012515813112259,-0.006665308028459549,0,0,1,0,0,1,0,0,0,0,0,1,0,0,1,0,1,349.28045654296875,-0.00012004375457763672,-0.0096049308776855469,-0.0094851255416870117,1,4.0765657424926758,-0.001143735833466053,-0.040920481085777283,2.933079719543457,-0.00071501638740301132,-0.02415911853313446,-1.6461126506328583e-07,0,0.97251248359680176,-0.039776738733053207,-0.023444103077054024,-0.00046658798237331212,0,0,0,0,1,0,0,0,0,0,0,0,1.0790544748306274,0,349.015380859375,-0.00013679265975952148,-0.008042454719543457,-0.0079054497182369232,0.24690303206443787,0,-0.0076578729785978794,-0.046508416533470154,-0.039579775184392929,0,-10.562104225158691,0,0.26868632435798645,0.053616419434547424,263.98749997548293,-0.010509556159377098,-0.0079478686675429344,267.83514404296875,264.11050415039062,8.1766738891601562,4.4119439125061035,1.3191907405853271,0.099154040217399597
14640,181.58629154291407,1,0.25248914957046509,168.75,8.0846290588378906,0.24648354947566986,1,133.14801025390625,1,26.520030975341797,8.4412832260131836,172.50697696576836,0.039471790194511414,0.012369906529784203,-0.00030222712666727602,1.3223112821578979,-0.064478889107704163,-0.048762261867523193,-0.054301813244819641,-0.041065830737352371,2.9944181442260742,-0.00098715163767337799,-0.043570801615715027,2.3145761489868164,-0.00051887379959225655,-0.028493702411651611,-2.3283064365386963e-10,1,0,1,1,-0.042583651840686798,-0.027974829077720642,-0.0062480466440320015,0,0,1,0,0,1,0,0,0,0,0,1,0,0,1,0,1,349.277587890625,-0.00015282630920410156,-0.00974273681640625,-0.0095902923494577408,1,4.0986108779907227,-0.00077436026185750961,-0.044307630509138107,2.9389262199401855,-0.00034631416201591492,-0.024791304022073746,-1.6461126506328583e-07,0,0.97017782926559448,-0.043533269315958023,-0.024444993585348129,-0.00057839660439640284,0,0,0,0,1,0,0,0,0,0,0,0,1.0838354825973511,0,349.01153564453125,-7.7068805694580078e-05,-0.0084608793258666992,-0.0083835478872060776,0.24761652946472168,0,-0.0077245673164725304,-0.046864289790391922,-0.039711534976959229,0,-10.78809642791748,0,0.17789760231971741,0.05259651318192482,263.98333330871537,-0.010734423995018005,-0.0081179253756999969,267.83392333984375,264.07546997070312,8.2851123809814453,4.6885814666748047,1.1272404193878174,0.095695048570632935
14700,189.57709344029703,1,0.25447487831115723,168.75,8.0884313583374023,0.24875588715076447,1,136.81004333496094,1,24.530719757080078,8.5826339721679688,180.09823876828219,0.064533941447734833,0.012384818866848946,-0.00030113194952718914,1.3223112821578979,-0.06499616801738739,-0.049153454601764679,-0.05574866384267807,-0.042160015553236008,3.0136730670928955,-0.0014121392741799355,-0.043742328882217407,2.3195276260375977,-0.00054099410772323608,-0.029353916645050049,1.862645149230957e-09,1,0,1,1,-0.042330190539360046,-0.028812922537326813,-0.0054538920521736145,0,0,1,0,0,1,0,0,0,0,0,1,0,0,1,0,1,349.27447509765625,-0.00020116567611694336,-0.0095794796943664551,-0.0093785915523767471,1,4.1160683631896973,-0.00089149177074432373,-0.044202014803886414,2.9381685256958008,-3.913557156920433e-05,-0.023770526051521301,-1.6577541828155518e-07,0,0.97022497653961182,-0.04331052303314209,-0.023731395602226257,-0.00062845915090292692,0,0,0,0,1,0,0,0,0,0,0,0,1.0809571743011475,0,349.0074462890625,-0.00012177228927612305,-0.0082177519798278809,-0.0080957114696502686,0.2487814873456955,0,-0.0078020710498094559,-0.047305755317211151,-0.040105868130922318,0,-10.749002456665039,0,0.31165188550949097,0.052785903215408325,263.97916664194781,-0.010695524513721466,-0.0080885076895356178,267.83212280273438,264.11807250976562,8.3171253204345703,4.4080491065979004,0.9549407958984375,0.076932370662689209
14760,205.76339281606488,1,0.25696897506713867,168.75,8.0972566604614258,0.2508813738822937,1,139.27067565917969,1,25.490627288818359,8.6304311752319336,195.47522317526162,0.12035685032606125,0.013500677421689034,-0.00030459478148259223,1.3223112821578979,-0.067344784736633301,-0.05092959851026535,-0.05557703971862793,-0.042030222713947296,3.0296764373779297,-0.0014080684632062912,-0.045433968305587769,2.3197932243347168,-0.00067524891346693039,-0.028187939897179604,1.1641532182693481e-09,1,0,1,1,-0.044025897979736328,-0.027512688189744949,-0.0074733542278409004,0,0,1,0,0,1,0,0,0,0,0,1,0,0,1,0,1,349.27069091796875,-0.00020349025726318359,-0.0097205638885498047,-0.0095173316076397896,1,4.1282892227172852,-0.00069744465872645378,-0.043734066188335419,2.9366068840026855,-6.5736938267946243e-05,-0.022529784590005875,-1.6391277313232422e-07,0,0.9704209566116333,-0.043036621063947678,-0.022464048117399216,-0.00068911176640540361,0,0,0,0,1,0,0,0,0,0,0,0,1.0808360576629639,0,349.0030517578125,-0.00012111663818359375,-0.008204728364944458,-0.0080836070701479912,0.24997255206108093,0,-0.0078609269112348557,-0.047804541885852814,-0.040476962924003601,0,-10.87260913848877,0,0.70695698261260986,0.058671511709690094,263.97499997518025,-0.010818516835570335,-0.0081815207377076149,267.83181762695312,264.101806640625,8.4245376586914062,4.2974591255187988,1.3565866947174072,0.090579748153686523
14820,216.96384002074544,1,0.26048257946968079,168.75,8.1129684448242188,0.2519092857837677,1,141.24259948730469,1,25.638036727905273,8.5378761291503906,206.11564801970815,0.26991367340087891,0.013360073789954185,-0.00031283139833249152,1.3223112821578979,-0.068406462669372559,-0.051732495427131653,-0.05805429071187973,-0.043903648853302002,3.0395567417144775,-0.0011560805141925812,-0.045245334506034851,2.320868968963623,-0.00058857840485870838,-0.030391478911042213,1.0477378964424133e-09,1,0,1,1,-0.044089250266551971,-0.029802901670336723,-0.0056853210553526878,0,0,1,0,0,1,0,0,0,0,0,1,0,0,1,0,1,349.2664794921875,-0.00018090009689331055,-0.009805142879486084,-0.0096241161227226257,1,4.1371417045593262,-0.00031767413020133972,-0.040796004235744476,2.9357364177703857,5.3335912525653839e-05,-0.023957604542374611,-1.62515789270401e-07,0,0.97066724300384521,-0.040478326380252838,-0.024010941386222839,-0.00051309342961758375,0,0,0,0,1,0,0,0,0,0,0,0,1.0803400278091431,0,348.99822998046875,-5.0187110900878906e-05,-0.0080843567848205566,-0.0080340057611465454,0.25131815671920776,0,-0.0079366927966475487,-0.048372536897659302,-0.040917038917541504,0.0009765625,-11.166619300842285,0,4.7728476524353027,0.062390275299549103,263.97083330841269,-0.011111063882708549,-0.0084027592092752457,267.83114624023438,263.91934204101562,8.3136177062988281,4.4320201873779297,1.2861951589584351,0.077634662389755249
14880,209.76741080000158,1,0.26851174235343933,168.75,8.1280956268310547,0.2520604133605957,1,146.71479797363281,1,26.656898498535156,8.7049179077148438,199.27904026000149,0.46115186810493469,0.012107325717806816,-0.00032987992744892836,1.3223112821578979,-0.073679253458976746,-0.055720053613185883,-0.060501743108034134,-0.045754540711641312,3.0476722717285156,-0.001636262284591794,-0.049391016364097595,2.3214826583862305,-0.00085827009752392769,-0.032031912356615067,6.9849193096160889e-10,1,0,1,1,-0.047754757106304169,-0.031173642724752426,-0.0069214180111885071,0,0,1,0,0,1,0,0,0,0,0,1,0,0,1,0,1,349.2620849609375,-0.00018551945686340332,-0.010212957859039307,-0.010027259588241577,1,4.1340904235839844,-0.00063353870064020157,-0.043244510889053345,2.9302940368652344,-0.00023594126105308533,-0.024213045835494995,-1.6111880540847778e-07,0,0.96896779537200928,-0.042610973119735718,-0.023977108299732208,-0.00059855543076992035,0,0,0,0,1,0,0,0,0,0,0,0,1.0828280448913574,0,348.99349975585938,-8.633732795715332e-05,-0.0083693265914916992,-0.0082827936857938766,0.25376817584037781,0,-0.0080670332536101341,-0.049392670392990112,-0.041654761880636215,0,-11.775171279907227,0.0009765625,10,0.060219015926122665,263.96666664164513,-0.011716588400304317,-0.0088606886565685272,267.83084106445312,264.14093017578125,8.2733173370361328,4.144803524017334,1.4491479396820068,0.07943783700466156
14940,210.01587014495448,1,0.26906025409698486,168.75,8.132807731628418,0.25148430466651917,1,146.54388427734375,1,27.39185905456543,8.6530332565307617,199.51507663770676,0.095121435821056366,0.011208219453692436,-0.00033229275140911341,1.3223112821578979,-0.07442735880613327,-0.056285809725522995,-0.060200959444046021,-0.045527070760726929,3.0591964721679688,-0.00098135648295283318,-0.050636902451515198,2.3231120109558105,-0.00055961054749786854,-0.031971361488103867,5.2386894822120667e-10,1,0,1,1,-0.049655549228191376,-0.031411752104759216,-0.0078061544336378574,0,0,1,0,0,1,0,0,0,0,0,1,0,0,1,0,1,349.2584228515625,-0.00012564659118652344,-0.010398596525192261,-0.010273166932165623,1,4.1268720626831055,-0.00041844346560537815,-0.045739486813545227,2.9216594696044922,-0.00017754978034645319,-0.024939332157373428,-1.5978002920746803e-07,0,0.96662247180938721,-0.045321039855480194,-0.024761784821748734,-0.00066987221362069249,0,0,0,0,1,0,0,0,0,0,0,0,1.089059591293335,0,348.98846435546875,-9.1731548309326172e-05,-0.0089977681636810303,-0.0089059555903077126,0.25660347938537598,0,-0.0082249138504266739,-0.050638269633054733,-0.042384717613458633,0,-11.861299514770508,0,0.50747191905975342,0.047691017389297485,263.96249997487757,-0.011802287772297859,-0.0089254984632134438,267.83035278320312,264.12045288085938,8.36114501953125,4.1016421318054199,1.3226430416107178,0.094119735062122345
15000,223.97486702525762,1,0.26446545124053955,168.75,8.1396017074584961,0.25052371621131897,1,142.30007934570312,1,27.103473663330078,8.6264076232910156,212.77612367399473,0.12562261521816254,0.01145089790225029,-0.00032496880157850683,1.3223112821578979,-0.072230324149131775,-0.054624296724796295,-0.057760443538427353,-0.043681427836418152,3.0731906890869141,-0.0010000596521422267,-0.049395360052585602,2.3229563236236572,-0.00049524055793881416,-0.030818019062280655,4.4383341446518898e-10,1,0,1,1,-0.048395298421382904,-0.030322778970003128,-0.0076476889662444592,0,0,1,0,0,1,0,0,0,0,0,1,0,0,1,0,1,349.2554931640625,-0.0001483820378780365,-0.010347776114940643,-0.010199570097029209,1,4.1269536018371582,-0.00072767946403473616,-0.047044474631547928,2.9181492328643799,-0.00027538719587028027,-0.02440374530851841,-1.5881960280239582e-07,0,0.96581995487213135,-0.046316787600517273,-0.024128355085849762,-0.00074650975875556469,0,0,0,0,1,0,0,0,0,0,0,0,1.0896462202072144,0,348.9844970703125,-0.0001598745584487915,-0.0091246813535690308,-0.0089646195992827415,0.25830364227294922,0,-0.0083287749439477921,-0.051446665078401566,-0.042709831148386002,0,-11.59986686706543,0,0.75420975685119629,0.048782672733068466,263.95833330811001,-0.011542156338691711,-0.0087287742644548416,267.83056640625,264.11187744140625,8.3231344223022461,4.0263752937316895,0.76557409763336182,0.07326914370059967
15060,191.69955853777884,1,0.26577639579772949,168.75,8.1502895355224609,0.24942003190517426,1,145.01089477539062,1,26.791233062744141,8.588099479675293,182.1145806108899,0.083815328776836395,0.011666792444884777,-0.00032365968218073249,1.3223112821578979,-0.072642363607883453,-0.05493590235710144,-0.058714874088764191,-0.044403217732906342,3.0841541290283203,-0.0016129668802022934,-0.048919662833213806,2.3254415988922119,-0.00096169777680188417,-0.031416110694408417,1.6298145055770874e-09,1,0,1,1,-0.047306694090366364,-0.03045441210269928,-0.0066531840711832047,0,0,1,0,0,1,0,0,0,0,0,1,0,0,1,0,1,349.25213623046875,-0.0002422034740447998,-0.010211944580078125,-0.009969659149646759,1,4.1301593780517578,-0.00089912244584411383,-0.04580344632267952,2.9162721633911133,-0.00046365230809897184,-0.026463601738214493,-1.5905243344604969e-07,0,0.96536719799041748,-0.044904317706823349,-0.025999948382377625,-0.0005897575756534934,0,0,0,0,1,0,0,0,0,0,0,0,1.0881423950195312,0,348.98040771484375,-0.00017732381820678711,-0.0089916661381721497,-0.0088142454624176025,0.25963437557220459,0,-0.0084051676094532013,-0.052099280059337616,-0.042981468141078949,0,-11.55313777923584,0,0.43011164665222168,0.049709491431713104,263.95416664134245,-0.011495659127831459,-0.008693610318005085,267.83041381835938,264.11904907226562,8.3473825454711914,4.1165943145751953,0.79720324277877808,0.068925194442272186
15120,206.50420936622984,1,0.26343345642089844,168.75,8.1597671508789062,0.25237736105918884,1,145.41439819335938,1,25.914299011230469,8.5872344970703125,196.17899889791835,0.076966218650341034,0.012011907994747162,-0.00031430076342076063,1.3223112821578979,-0.071568317711353302,-0.054123654961585999,-0.057434607297182083,-0.043435011059045792,3.090003490447998,-0.0011435376945883036,-0.048535473644733429,2.3272888660430908,-0.00085715140448883176,-0.030136428773403168,2.066371962428093e-09,1,0,1,1,-0.047391936182975769,-0.029279276728630066,-0.007477268110960722,0,0,1,0,0,1,0,0,0,0,0,1,0,0,1,0,1,349.24737548828125,-0.00021554529666900635,-0.0098734870553016663,-0.0096577424556016922,1,4.1349892616271973,-0.00028830347582697868,-0.044223420321941376,2.9181468486785889,-0.00025311112403869629,-0.024561405181884766,-1.5954719856381416e-07,0,0.96665304899215698,-0.043935105204582214,-0.024308294057846069,-0.00062660803087055683,0,0,0,0,1,0,0,0,0,0,0,0,1.0816597938537598,0,348.97625732421875,-0.00011476874351501465,-0.0082809329032897949,-0.0081659797579050064,0.26044884324073792,0,-0.0084258792921900749,-0.0525086410343647,-0.043115861713886261,0,-11.219067573547363,0,0.38623335957527161,0.051468770951032639,263.94999997457489,-0.011163251474499702,-0.0084422267973423004,267.83013916015625,264.08786010742188,8.3240127563476562,4.2098407745361328,1.2024378776550293,0.074871808290481567
15180,157.27743625201325,1,0.26092055439949036,168.75,8.1607885360717773,0.25391274690628052,1,142.9996337890625,1,26.431972503662109,8.6451587677001953,149.41356443941257,0.065282568335533142,0.011760363355278969,-0.00031054884311743081,1.3223112821578979,-0.069891199469566345,-0.05285533145070076,-0.056738365441560745,-0.042908478528261185,3.0931577682495117,-0.0008826754055917263,-0.04776054248213768,2.3258395195007324,-0.00068524410016834736,-0.029399409890174866,-5.2386894822120667e-10,1,0,1,1,-0.046877868473529816,-0.028714168816804886,-0.007543876301497221,0,0,1,0,0,1,0,0,0,0,0,1,0,0,1,0,1,349.24130249023438,-0.00018897652626037598,-0.0097624361515045166,-0.0095732277259230614,1,4.1405477523803711,-3.6207959055900574e-05,-0.043375611305236816,2.9191555976867676,-0.00012720515951514244,-0.024084659293293953,-1.5867408365011215e-07,0,0.96703100204467773,-0.043339397758245468,-0.023957453668117523,-0.00060930498875677586,0,0,0,0,1,0,0,0,0,0,0,0,1.0792937278747559,0,348.97171020507812,-8.8512897491455078e-05,-0.0080180168151855469,-0.0079293809831142426,0.26066747307777405,0,-0.0084179872646927834,-0.052658837288618088,-0.043124407529830933,0,-11.085142135620117,0,0.31597182154655457,0.050095919519662857,263.94583330780733,-0.011029992252588272,-0.0083414493128657341,267.82937622070312,264.06033325195312,8.3085880279541016,4.3435993194580078,1.1820647716522217,0.07486281543970108
15240,213.3495184083134,1,0.26383963227272034,168.75,8.1659440994262695,0.25366145372390747,1,145.38887023925781,1,29.059640884399414,8.6362199783325195,202.68204248789772,0.13386277854442596,0.011940473690629005,-0.00031581221264787018,1.3223112821578979,-0.072013199329376221,-0.054460097104310989,-0.057331599295139313,-0.043357111513614655,3.0946459770202637,-0.00088478461839258671,-0.04886607825756073,2.326688289642334,-0.00057216477580368519,-0.030066607519984245,-1.280568540096283e-09,1,0,1,1,-0.047981299459934235,-0.029494442045688629,-0.0075130085460841656,0,0,1,0,0,1,0,0,0,0,0,1,0,0,1,0,1,349.23538208007812,-0.00020590424537658691,-0.009951859712600708,-0.0097459349781274796,1,4.1452383995056152,-0.00035702413879334927,-0.042637303471565247,2.9255344867706299,-0.00014022784307599068,-0.026832070201635361,-1.5695695765316486e-07,0,0.96641916036605835,-0.042280271649360657,-0.026691839098930359,-0.00041763996705412865,0,0,0,0,1,0,0,0,0,0,0,0,1.0820004940032959,0,348.96701049804688,-0.00015971064567565918,-0.0083599239587783813,-0.0082000494003295898,0.26094719767570496,0,-0.0084183085709810257,-0.052822917699813843,-0.043088104575872421,0,-11.273019790649414,0,0.83281302452087402,0.051443152129650116,263.94166664103977,-0.011216934770345688,-0.0084828250110149384,267.82809448242188,264.0755615234375,8.3347225189208984,4.6974811553955078,1.2314975261688232,0.078353732824325562
15300,211.94404416116575,1,0.26295095682144165,168.75,8.1609811782836914,0.25184381008148193,1,142.85041809082031,1,29.754573822021484,8.5911321640014648,201.34684195310746,0.039840430021286011,0.011545374058187008,-0.00031818725983612239,1.3223112821578979,-0.071607954800128937,-0.054153628647327423,-0.056846588850021362,-0.042990323156118393,3.0981171131134033,-0.0012755480129271746,-0.049101125448942184,2.3318431377410889,-0.0010963589884340763,-0.029778443276882172,-1.8044374883174896e-09,1,0,1,1,-0.047825578600168228,-0.028682086616754532,-0.0079039130359888077,0,0,1,0,0,1,0,0,0,0,0,1,0,0,1,0,1,349.2308349609375,-0.00025260448455810547,-0.010252565145492554,-0.010000051930546761,1,4.1505146026611328,-0.0008956101955845952,-0.044782951474189758,2.9311299324035645,-0.00085988570936024189,-0.027943715453147888,-1.5669502317905426e-07,0,0.96531462669372559,-0.043887332081794739,-0.027083829045295715,-0.00045410660095512867,0,0,0,0,1,0,0,0,0,0,0,0,1.0868549346923828,0,348.96258544921875,-0.00022764503955841064,-0.0089131444692611694,-0.0086854901164770126,0.26142692565917969,0,-0.008437158539891243,-0.053116556257009506,-0.043160505592823029,0,-11.35779857635498,0,0.17972734570503235,0.049009643495082855,263.93749997427221,-0.011301292106509209,-0.008546619676053524,267.82571411132812,264.08599853515625,8.2926025390625,4.5235157012939453,1.0405771732330322,0.074994407594203949
15360,170.64656271975633,1,0.25613442063331604,168.75,8.1565494537353516,0.25033462047576904,1,138.52830505371094,1,28.731483459472656,8.5048103332519531,162.11423458376851,0.052185188978910446,0.011742057278752327,-0.00030325312400236726,1.3223112821578979,-0.067826911807060242,-0.051294207572937012,-0.054083965718746185,-0.040901083499193192,3.1040744781494141,-0.00082223466597497463,-0.046914290636777878,2.3349976539611816,-0.00069394404999911785,-0.028467774391174316,-1.280568540096283e-09,1,0,1,1,-0.046092059463262558,-0.027773832902312279,-0.0074537014588713646,0,0,1,0,0,1,0,0,0,0,0,1,0,0,1,0,1,349.22637939453125,-0.00015696883201599121,-0.0098248422145843506,-0.0096680764108896255,1,4.1604013442993164,-0.00082937022671103477,-0.043964549899101257,2.9365015029907227,-0.00081273261457681656,-0.026907814666628838,-1.5774276107549667e-07,0,0.96625226736068726,-0.043135173618793488,-0.026095082983374596,-0.00046049733646214008,0,0,0,0,1,0,0,0,0,0,0,0,1.0841641426086426,0,348.95849609375,-0.00014293193817138672,-0.0085592865943908691,-0.008416411466896534,0.26103717088699341,0,-0.0084251556545495987,-0.053049236536026001,-0.042932935059070587,0,-10.82472038269043,0,0.24325059354305267,0.049907263368368149,263.93333330750465,-0.010770865716040134,-0.0081454841420054436,267.82467651367188,264.00143432617188,8.2328319549560547,4.2738618850708008,0.90444260835647583,0.072950370609760284
15420,165.18646497945039,1,0.25963526964187622,168.75,8.1598482131958008,0.25048097968101501,1,143.09205627441406,1,29.65936279296875,8.5350847244262695,156.92714173047787,0.093682512640953064,0.011722585186362267,-0.00030578451696783304,1.3223112821578979,-0.069378376007080078,-0.052467506378889084,-0.055965673178434372,-0.042324129492044449,3.1089868545532227,-0.0010702249128371477,-0.046996280550956726,2.3327913284301758,-0.00086635001935064793,-0.029141280800104141,1.1641532182693481e-10,1,0,1,1,-0.045926056802272797,-0.028274931013584137,-0.0069273407571017742,0,0,1,0,0,1,0,0,0,0,0,1,0,0,1,0,1,349.22100830078125,-0.00014910101890563965,-0.0096099972724914551,-0.00946090929210186,1,4.1717844009399414,-0.00034669693559408188,-0.044806808233261108,2.9387216567993164,-0.00013407622464001179,-0.024726342409849167,-1.5739351511001587e-07,0,0.96628862619400024,-0.04446011409163475,-0.024592269212007523,-0.00059221161063760519,0,0,0,0,1,0,0,0,0,0,0,0,1.0840532779693604,0,348.95553588867188,-1.3500452041625977e-05,-0.0084188580513000488,-0.0084053212776780128,0.26022210717201233,0,-0.0083706527948379517,-0.052759766578674316,-0.042612005025148392,0,-10.915078163146973,0,0.49726051092147827,0.049996070563793182,263.92916664073709,-0.010860774666070938,-0.0082134781405329704,267.8240966796875,264.03115844726562,8.3095169067382812,4.6267924308776855,0.85952526330947876,0.075607478618621826
15480,188.56695418752642,1,0.25815761089324951,181.25,8.170649528503418,0.19755324721336365,1,140.4412841796875,1,28.628530502319336,8.6134910583496094,179.13860647815008,0.036953244358301163,0.011803461238741875,-0.00030626688385382295,1.3223112821578979,-0.069342009723186493,-0.052440006285905838,-0.054386217147111893,-0.041129663586616516,3.1162788867950439,-0.00093259476125240326,-0.047283224761486053,2.3265590667724609,-0.00079620815813541412,-0.028230741620063782,0,1,0,1,1,-0.046350628137588501,-0.027434539049863815,-0.0077520469203591347,0,0,1,0,0,1,0,0,0,0,0,1,0,0,1,0,1,349.21615600585938,-0.00011265277862548828,-0.009825289249420166,-0.0097127016633749008,1,4.1833810806274414,-0.00046064425259828568,-0.045005723834037781,2.9343643188476562,-0.0003311866894364357,-0.023053392767906189,-1.5692785382270813e-07,0,0.96687424182891846,-0.044545076787471771,-0.022722207009792328,-0.00069360370980575681,0,0,0,0,1,0,0,0,0,0,0,0,1.0830600261688232,0,348.95245361328125,-8.0764293670654297e-05,-0.0083868503570556641,-0.0083060041069984436,0.25998824834823608,0,-0.0083484919741749763,-0.052737526595592499,-0.042482711374759674,0,-10.932295799255371,0,0.16549456119537354,0.050172820687294006,263.92499997396953,-0.01087790634483099,-0.0082264337688684464,267.82345581054688,263.9727783203125,8.453883171081543,4.399594783782959,0.95884048938751221,0.062731139361858368
15540,196.74472095366693,1,0.2613634467124939,181.25,8.1751441955566406,0.19957444071769714,1,144.36288452148438,1,28.892257690429688,8.6364374160766602,186.90748490598358,0.14628499746322632,0.012291008606553078,-0.00030918538686819375,1.3223112821578979,-0.070893518626689911,-0.053613334894180298,-0.055975858122110367,-0.04233182966709137,3.1201484203338623,-0.0011421358212828636,-0.04778994619846344,2.3183164596557617,-0.00071626110002398491,-0.028681488707661629,-1.1641532182693481e-09,1,0,1,1,-0.046647809445858002,-0.027965230867266655,-0.00741609837859869,0,0,1,0,0,1,0,0,0,0,0,1,0,0,1,0,1,349.2103271484375,-0.00015389919281005859,-0.0096717476844787598,-0.0095178494229912758,1,4.1929197311401367,-0.0007852679118514061,-0.043472722172737122,2.9316017627716064,-0.00022920826449990273,-0.021766528487205505,-1.57160684466362e-07,0,0.96820449829101562,-0.042687453329563141,-0.021537322551012039,-0.00066426675766706467,0,0,0,0,1,0,0,0,0,0,0,0,1.0788208246231079,0,348.9486083984375,-0.00012767314910888672,-0.0080096721649169922,-0.0078820865601301193,0.25996041297912598,0,-0.0083364304155111313,-0.052815444767475128,-0.042370907962322235,0,-11.036473274230957,0,0.96353638172149658,0.053243041038513184,263.92083330720197,-0.010981565341353416,-0.008304825983941555,267.82318115234375,263.98977661132812,8.3830661773681641,4.4086408615112305,1.1586859226226807,0.074330970644950867
15600,205.27456201095941,1,0.25925272703170776,181.25,8.1814050674438477,0.20099590718746185,1,142.64387512207031,1,29.397052764892578,8.7103910446166992,195.01083391041143,0.11827225983142853,0.012202972546219826,-0.00030539149884134531,1.3223112821578979,-0.07036164402961731,-0.05321110412478447,-0.05429578572511673,-0.041061274707317352,3.1237301826477051,-0.0016430753748863935,-0.048393625766038895,2.3093392848968506,-0.00094167841598391533,-0.028154000639915466,-1.9790604710578918e-09,1,0,1,1,-0.046750549226999283,-0.027212325483560562,-0.007956288754940033,0,0,1,0,0,1,0,0,0,0,0,1,0,0,1,0,1,349.205078125,-0.00020219385623931885,-0.009778931736946106,-0.0095769148319959641,1,4.1988778114318848,-0.0011332856956869364,-0.045156512409448624,2.9301080703735352,-0.00025449279928579926,-0.022354166954755783,-1.5507976058870554e-07,0,0.96715456247329712,-0.044023226946592331,-0.022099677473306656,-0.00069144065491855145,0,0,0,0,1,0,0,0,0,0,0,0,1.0830426216125488,0,348.94552612304688,-0.0002040565013885498,-0.0085081234574317932,-0.0083042718470096588,0.259825199842453,0,-0.0083136111497879028,-0.052872031927108765,-0.042224250733852386,0,-10.90104866027832,0,0.68884569406509399,0.052616395056247711,263.91666664043441,-0.010846814140677452,-0.0082029206678271294,267.82376098632812,263.97647094726562,8.52001953125,4.498316764831543,1.029240608215332,0.094049394130706787
15660,190.41924139355655,1,0.26317575573921204,168.75,8.1928825378417969,0.25399550795555115,1,144.2589111328125,1,31.095252990722656,8.8154888153076172,180.89827932387871,0.093366831541061401,0.011796350590884686,-0.00031588936690241098,1.3223112821578979,-0.072828866541385651,-0.055076945573091507,-0.055532082915306091,-0.041996225714683533,3.1374208927154541,-0.0011029294691979885,-0.049872420728206635,2.3046436309814453,-0.00063879811204969883,-0.028529196977615356,-1.076841726899147e-09,1,0,1,1,-0.048769492655992508,-0.0278904028236866,-0.0084947515279054642,0,0,1,0,0,1,0,0,0,0,0,1,0,0,1,0,1,349.20135498046875,-0.00014318525791168213,-0.01001778244972229,-0.0098747778683900833,1,4.2106418609619141,-0.0014065689174458385,-0.050679728388786316,2.932586669921875,-0.00041177630191668868,-0.021790951490402222,-1.5486148186028004e-07,0,0.96457016468048096,-0.049273155629634857,-0.021379176527261734,-0.00095786544261500239,0,0,0,0,1,0,0,0,0,0,0,0,1.0868854522705078,0,348.94320678710938,-0.00020261108875274658,-0.0088910758495330811,-0.0086885429918766022,0.25984174013137817,0,-0.0083147278055548668,-0.053050380200147629,-0.042043201625347137,0,-11.275774955749512,0,0.49503514170646667,0.05026785284280777,263.91249997366685,-0.011219676584005356,-0.0084848981350660324,267.82333374023438,263.98788452148438,8.5655651092529297,4.7312860488891602,1.0728862285614014,0.090586572885513306
15720,207.77659901581688,1,0.27273580431938171,168.75,8.1978912353515625,0.2544884979724884,1,148.26441955566406,1,32.089641571044922,8.610966682434082,197.38776906502602,0.077377922832965851,0.011462131515145302,-0.00034208141732960939,1.3223112821578979,-0.079680450260639191,-0.060258466750383377,-0.057668834924697876,-0.043612148612737656,3.1540999412536621,-0.0016112076118588448,-0.053719252347946167,2.2991199493408203,-0.0010690682101994753,-0.029237963259220123,-2.3283064365386963e-10,1,0,1,1,-0.052108041942119598,-0.028168898075819016,-0.0099587682634592056,0,0,1,0,0,1,0,0,0,0,0,1,0,0,1,0,1,349.19827270507812,-0.0002161860466003418,-0.010723471641540527,-0.010507579892873764,1,4.2199735641479492,-0.0015021329745650291,-0.050814073532819748,2.9293124675750732,-0.00072854338213801384,-0.021711934357881546,-1.5564728528261185e-07,0,0.96427476406097412,-0.049311943352222443,-0.020983390510082245,-0.00097632542019709945,0,0,0,0,1,0,0,0,0,0,0,0,1.0916911363601685,0,348.94024658203125,-0.00019586086273193359,-0.0093649029731750488,-0.009169112890958786,0.26139926910400391,0,-0.0084138428792357445,-0.053939245641231537,-0.04227350652217865,0.001953125,-12.210707664489746,0,0.38881188631057739,0.04900035634636879,263.90833330689929,-0.012149957939982414,-0.0091884247958660126,267.82266235351562,263.75103759765625,8.3642692565917969,4.2363958358764648,1.201982855796814,0.086816705763339996
15780,170.70299137942061,1,0.28090560436248779,168.75,8.2147846221923828,0.2526279091835022,1,152.34210205078125,1,32.905666351318359,8.6639223098754883,162.16784181044957,0.115302674472332,0.011465347371995449,-0.00036374852061271667,1.3223112821578979,-0.084925144910812378,-0.064224772155284882,-0.060619648545980453,-0.045843705534934998,3.16676926612854,-0.0011179158464074135,-0.057780947536230087,2.2956254482269287,-0.00071746436879038811,-0.031353291124105453,-2.3283064365386963e-10,1,0,1,1,-0.056663036346435547,-0.030635828152298927,-0.010249294340610504,0,0,1,0,0,1,0,0,0,0,0,1,0,0,1,0,1,349.19573974609375,-0.00016945600509643555,-0.011649966239929199,-0.01148081012070179,1,4.2179164886474609,-0.0008815438486635685,-0.052688281983137131,2.9245624542236328,-0.00049244984984397888,-0.024492628872394562,-1.5506520867347717e-07,0,0.96070611476898193,-0.051806744188070297,-0.024000182747840881,-0.00090633274521678686,0,0,0,0,1,0,0,0,0,0,0,0,1.0987327098846436,0,348.9361572265625,-0.00015926361083984375,-0.010032415390014648,-0.0098732747137546539,0.26426604390144348,0,-0.0086076874285936356,-0.055474855005741119,-0.042728327214717865,0,-12.984122276306152,0,0.66360074281692505,0.049261409789323807,263.90416664013173,-0.012919524684548378,-0.0097704110667109489,267.82418823242188,264.0330810546875,8.3281717300415039,4.2819528579711914,1.3597553968429565,0.099234245717525482
15840,171.0024668445613,1,0.28520601987838745,181.25,8.2206401824951172,0.20074278116226196,1,154.81446838378906,1,33.263614654541016,8.6426362991333008,162.45234350233324,0.18285220861434937,0.011373642832040787,-0.00037463166518136859,1.3223112821578979,-0.087752640247344971,-0.066363073885440826,-0.062198415398597717,-0.047037649899721146,3.1900053024291992,-0.00092392601072788239,-0.060045033693313599,2.3002114295959473,-0.00047810608521103859,-0.032476082444190979,1.280568540096283e-09,1,0,1,1,-0.059121109545230865,-0.03199797123670578,-0.010211660526692867,0,0,1,0,0,1,0,0,0,0,0,1,0,0,1,0,1,349.19549560546875,-0.00011205673217773438,-0.012104213237762451,-0.011992193758487701,1,4.2191352844238281,-0.00049938727170228958,-0.058374360203742981,2.9210233688354492,-0.00023327162489295006,-0.027990531176328659,-1.5599653124809265e-07,0,0.9547274112701416,-0.057874977588653564,-0.027757264673709869,-0.00093802332412451506,0,0,0,0,1,0,0,0,0,0,0,0,1.1117007732391357,0,348.93255615234375,-9.4234943389892578e-05,-0.011264026165008545,-0.011170072481036186,0.26780211925506592,0,-0.0088529791682958603,-0.057273529469966888,-0.043408840894699097,0,-13.372600555419922,0,1.4655580520629883,0.049409732222557068,263.89999997336417,-0.013306070119142532,-0.010062736459076405,267.82504272460938,264.063232421875,8.376347541809082,4.5460147857666016,1.2341289520263672,0.10013559460639954
15900,198.67675337451061,1,0.28689625859260559,181.25,8.2307863235473633,0.20120440423488617,1,155.81184387207031,1,32.184738159179688,8.810032844543457,188.74291570578507,0.074537865817546844,0.010576356202363968,-0.00037889089435338974,1.3223112821578979,-0.087621778249740601,-0.066264107823371887,-0.064562305808067322,-0.048825345933437347,3.2152283191680908,-0.0012675104662775993,-0.059758331626653671,2.3070545196533203,-0.00093420874327421188,-0.03512292355298996,-9.3132257461547852e-10,1,0,1,1,-0.0584908127784729,-0.034188710153102875,-0.0078039946965873241,0,0,1,0,0,1,0,0,0,0,0,1,0,0,1,0,1,349.1949462890625,-0.0001316070556640625,-0.012067437171936035,-0.011935878545045853,1,4.2243919372558594,-0.00080012157559394836,-0.059250537306070328,2.9201459884643555,-0.00061577744781970978,-0.030300511047244072,-1.5809200704097748e-07,0,0.95241415500640869,-0.058450415730476379,-0.029684737324714661,-0.00085510959615930915,0,0,0,0,1,0,0,0,0,0,0,0,1.1076322793960571,0,348.93014526367188,-0.00014132261276245117,-0.010904252529144287,-0.01076322328299284,0.27127641439437866,0,-0.0090916072949767113,-0.058990128338336945,-0.044242516160011292,0,-13.524633407592773,0,0.37117204070091248,0.044883675873279572,263.89583330659661,-0.013457346707582474,-0.01017714012414217,267.82421875,264.02142333984375,8.5355567932128906,4.5108547210693359,1.1230334043502808,0.084109313786029816
15960,198.16609742849442,1,0.28667545318603516,181.25,8.240361213684082,0.20286104083061218,1,156.12771606445312,1,32.030559539794922,8.6893424987792969,188.25779255706971,0.072303809225559235,0.010856395587325096,-0.00037725197034887969,1.3223112821578979,-0.086670756340026855,-0.065544895827770233,-0.065556257963180542,-0.049577023833990097,3.2364542484283447,-0.0011881219688802958,-0.058287903666496277,2.3176994323730469,-0.00093228195328265429,-0.036342516541481018,-2.1536834537982941e-09,1,0,1,1,-0.057099781930446625,-0.035410232841968536,-0.0059536406770348549,0,0,1,0,0,1,0,0,0,0,0,1,0,0,1,0,1,349.19308471679688,-0.00010971724987030029,-0.012017369270324707,-0.011907560750842094,1,4.2367334365844727,-0.00082467356696724892,-0.059045292437076569,2.9218740463256836,-0.00089208502322435379,-0.032363932579755783,-1.5797559171915054e-07,0,0.95070064067840576,-0.058220617473125458,-0.031471852213144302,-0.00073103688191622496,0,0,0,0,1,0,0,0,0,0,0,0,1.108029842376709,0,348.927490234375,-0.00014501810073852539,-0.010947942733764648,-0.010802978649735451,0.27403071522712708,0,-0.0092780934646725655,-0.060159482061862946,-0.045165017247200012,0,-13.466132164001465,0,0.35753419995307922,0.046197362244129181,263.89166663982905,-0.013399136252701283,-0.010133118368685246,267.82357788085938,263.95382690429688,8.4329853057861328,4.6077394485473633,0.95982575416564941,0.091509163379669189
16020,205.35167562497557,1,0.28282597661018372,181.25,8.2479848861694336,0.20307403802871704,1,154.0289306640625,1,33.471576690673828,8.6513233184814453,195.08409184372678,0.084615029394626617,0.010765243321657181,-0.00036719397758133709,1.3223112821578979,-0.08451041579246521,-0.063911132514476776,-0.063606515526771545,-0.048102527856826782,3.2535853385925293,-0.0009481087327003479,-0.05788528174161911,2.3264682292938232,-0.00056058773770928383,-0.035230156034231186,-1.280568540096283e-09,1,0,1,1,-0.056937173008918762,-0.03466956689953804,-0.0064435182139277458,0,0,1,0,0,1,0,0,0,0,0,1,0,0,1,0,1,349.19049072265625,-9.5903873443603516e-05,-0.011783301830291748,-0.011687014251947403,1,4.2501583099365234,-0.00058890972286462784,-0.058546476066112518,2.9257440567016602,-0.00033763516694307327,-0.030898137018084526,-1.5622936189174652e-07,0,0.95033621788024902,-0.057957567274570465,-0.030560504645109177,-0.0007880980265326798,0,0,0,0,1,0,0,0,0,0,0,0,1.1031941175460815,0,348.92507934570312,-0.00012171268463134766,-0.010441243648529053,-0.010319413617253304,0.27620589733123779,0,-0.0094214286655187607,-0.06108340248465538,-0.045872993767261505,0,-13.107109069824219,0,0.43537518382072449,0.045788172632455826,263.88749997306149,-0.013041899539530277,-0.0098629575222730637,267.82376098632812,263.93887329101562,8.4380397796630859,4.639439582824707,0.91420000791549683,0.079659387469291687
16080,191.27691439359634,1,0.27960920333862305,181.25,8.2447195053100586,0.20453862845897675,1,154.11001586914062,1,36.284164428710938,8.7264833450317383,181.71306867391652,0.17600269615650177,0.011235681362450123,-0.00035462019150145352,1.3223112821578979,-0.082647010684013367,-0.062501929700374603,-0.062103964388370514,-0.046966221183538437,3.2635886669158936,-0.0010972518939524889,-0.056608811020851135,2.3296387195587158,-0.00056677870452404022,-0.034410841763019562,4.6566128730773926e-10,1,0,1,1,-0.055511556565761566,-0.033844061195850372,-0.0063116271048784256,0,0,1,0,0,1,0,0,0,0,0,1,0,0,1,0,1,349.18624877929688,-0.00010848045349121094,-0.011469006538391113,-0.011360037140548229,1,4.2660140991210938,-0.00066782429348677397,-0.055233672261238098,2.9296016693115234,-0.00017042591935023665,-0.028612002730369568,-1.5580735635012388e-07,0,0.95298433303833008,-0.054565850645303726,-0.028441578149795532,-0.00077532755676656961,0,0,0,0,1,0,0,0,0,0,0,0,1.0996584892272949,0,348.922119140625,-0.00016124173998832703,-0.01012728363275528,-0.0099658472463488579,0.27714627981185913,0,-0.0094736479222774506,-0.061480429023504257,-0.046195916831493378,0,-12.658283233642578,0,1.3547161817550659,0.048347041010856628,263.88333330629393,-0.01259530708193779,-0.0095252208411693573,267.82275390625,263.97134399414062,8.426335334777832,4.8649768829345703,1.0937632322311401,0.10146274417638779
16140,207.66058169585023,1,0.26948609948158264,181.25,8.242375373840332,0.20435814559459686,1,145.95809936523438,1,36.860740661621094,8.6695919036865234,197.2775526110577,0.055784747004508972,0.011355225928127766,-0.00033521305886097252,1.3223112821578979,-0.076495379209518433,-0.05784974992275238,-0.058053385466337204,-0.043902963399887085,3.2648177146911621,-0.0014905707212164998,-0.053419850766658783,2.3281538486480713,-0.00094887183513492346,-0.032511360943317413,8.7311491370201111e-10,1,0,1,1,-0.051929272711277008,-0.031562484800815582,-0.0060637453570961952,0,0,1,0,0,1,0,0,0,0,0,1,0,0,1,0,1,349.1820068359375,-0.00017082691192626953,-0.011057376861572266,-0.010886078700423241,1,4.2812857627868652,-0.00087775383144617081,-0.050471603870391846,2.9316272735595703,-0.00032322201877832413,-0.026565499603748322,-1.5267869457602501e-07,0,0.957477867603302,-0.049593843519687653,-0.026242276653647423,-0.00068799813743680716,0,0,0,0,1,0,0,0,0,0,0,0,1.0961177349090576,0,348.92086791992188,-0.00019532442092895508,-0.0098074972629547119,-0.0096117816865444183,0.27648130059242249,0,-0.009425794705748558,-0.061166360974311829,-0.046005833894014359,0,-11.96553897857666,0,0.26265400648117065,0.04824896901845932,263.87916663952637,-0.011906009167432785,-0.0090039381757378578,267.82257080078125,264.02291870117188,8.4803562164306641,4.5240044593811035,0.78075540065765381,0.069568738341331482
16200,211.29800946678213,1,0.26505750417709351,181.25,8.2534732818603516,0.2018100768327713,1,140.93701171875,1,37.082038879394531,8.720210075378418,200.73310899344301,0.059550128877162933,0.01182343065738678,-0.00033032029750756919,1.3223112821578979,-0.073775246739387512,-0.05579264834523201,-0.056458424776792526,-0.042696774005889893,3.2610957622528076,-0.0017979444237425923,-0.051412075757980347,2.3224074840545654,-0.0010566749842837453,-0.031877137720584869,3.4924596548080444e-10,1,0,1,1,-0.049614131450653076,-0.030820457264780998,-0.0052881091833114624,0,0,1,0,0,1,0,0,0,0,0,1,0,0,1,0,1,349.17724609375,-0.00020422041416168213,-0.011175930500030518,-0.010971100069582462,1,4.2906837463378906,-0.00071781326550990343,-0.049097068607807159,2.9319705963134766,-0.00035234435927122831,-0.025091443210840225,-1.5276600606739521e-07,0,0.95933759212493896,-0.04837924987077713,-0.024739094078540802,-0.00071235361974686384,0,0,0,0,1,0,0,0,0,0,0,0,1.0956299304962158,0,348.91885375976562,-0.00017845630645751953,-0.0097417831420898438,-0.009562985971570015,0.27478182315826416,0,-0.0093345455825328827,-0.060395635664463043,-0.045501261949539185,0,-11.790890693664551,0,0.28341266512870789,0.050291374325752258,263.87499997275881,-0.011732229962944984,-0.0088725173845887184,267.82147216796875,264.025634765625,8.4482955932617188,4.6679763793945312,1.3617881536483765,0.083240993320941925
16260,202.64807069457635,1,0.26295989751815796,181.25,8.2507047653198242,0.19934043288230896,1,139.69618225097656,1,36.915878295898438,8.6542110443115234,192.51566715984751,0.074969589710235596,0.012291193008422852,-0.00032540489337407053,1.3223112821578979,-0.072513453662395477,-0.054838415235280991,-0.055697131901979446,-0.042121045291423798,3.2585198879241943,-0.0023543885909020901,-0.050235051661729813,2.3178441524505615,-0.0013841991312801838,-0.030930370092391968,1.5425030142068863e-09,1,0,1,1,-0.047880660742521286,-0.029546165838837624,-0.0053750202059745789,0,0,1,0,0,1,0,0,0,0,0,1,0,0,1,0,1,349.17327880859375,-0.00025635585188865662,-0.010862458497285843,-0.010605535469949245,1,4.3019881248474121,-0.0010980952065438032,-0.048358485102653503,2.9305574893951416,-0.00064700411166995764,-0.024732135236263275,-1.5195109881460667e-07,0,0.96054661273956299,-0.04726039245724678,-0.024085134267807007,-0.00069168256595730782,0,0,0,0,1,0,0,0,0,0,0,0,1.0960112810134888,0,348.91705322265625,-0.00019189715385437012,-0.0097931027412414551,-0.0096011282876133919,0.27271968126296997,0,-0.0092382188886404037,-0.059425350278615952,-0.044955328106880188,0,-11.615433692932129,0,0.37383142113685608,0.052589159458875656,263.87083330599125,-0.011557645164430141,-0.0087404875084757805,267.82046508789062,264.009765625,8.40765380859375,4.32720947265625,0.87062478065490723,0.088803648948669434
16320,211.13175683758428,1,0.26170188188552856,168.75,8.2479486465454102,0.25756645202636719,1,137.68424987792969,1,38.895183563232422,8.8874626159667969,200.57516899570504,0.080867558717727661,0.012276887893676758,-0.00032544397981837392,1.3223112821578979,-0.071523085236549377,-0.054089445620775223,-0.055551581084728241,-0.042010970413684845,3.2552509307861328,-0.0020908152218908072,-0.04981829971075058,2.3104195594787598,-0.0012922845780849457,-0.030421141535043716,1.4260876923799515e-09,1,0,1,1,-0.047727480530738831,-0.029128855094313622,-0.0057506440207362175,0,0,1,0,0,1,0,0,0,0,0,1,0,0,1,0,1,349.1689453125,-0.00024612247943878174,-0.010883376002311707,-0.010636851191520691,1,4.319237232208252,-0.001478233840316534,-0.048604674637317657,2.9284007549285889,-0.00081108906306326389,-0.022760733962059021,-1.5157274901866913e-07,0,0.96216678619384766,-0.047126442193984985,-0.021949645131826401,-0.00081456592306494713,0,0,0,0,1,0,0,0,0,0,0,0,1.0940184593200684,0,348.91549682617188,-0.00025290250778198242,-0.0096548497676849365,-0.0094018522650003433,0.2707027792930603,0,-0.0091425925493240356,-0.058495812118053436,-0.044389761984348297,0,-11.616828918457031,0,0.41096717119216919,0.052419193089008331,263.86666663922369,-0.011559033766388893,-0.0087415380403399467,267.8201904296875,263.9656982421875,8.7042560577392578,4.3589029312133789,1.2699811458587646,0.11100798845291138
16380,190.38681601095652,1,0.26007091999053955,181.25,8.2371139526367188,0.200686976313591,1,135.83525085449219,1,40.248241424560547,8.8957948684692383,180.86747521040868,0.090992741286754608,0.012551059946417809,-0.00032374486909247935,1.3223112821578979,-0.070405468344688416,-0.053244248032569885,-0.055154770612716675,-0.041710883378982544,3.2600183486938477,-0.001421839464455843,-0.049102555960416794,2.3023481369018555,-0.00074283662252128124,-0.030491158366203308,1.9790604710578918e-09,1,0,1,1,-0.04768071323633194,-0.02974831685423851,-0.0052684405818581581,0,0,1,0,0,1,0,0,0,0,0,1,0,0,1,0,1,349.1656494140625,-0.00015753507614135742,-0.010926961898803711,-0.010769041255116463,1,4.3442673683166504,-0.0014674251433461905,-0.051226023584604263,2.9231977462768555,-0.0004587577423080802,-0.022035514935851097,-1.521548256278038e-07,0,0.96150177717208862,-0.049758605659008026,-0.021576762199401855,-0.00095793465152382851,0,0,0,0,1,0,0,0,0,0,0,0,1.0967375040054321,0,348.913818359375,-0.00020763278007507324,-0.0098812282085418701,-0.0096737509593367577,0.26899370551109314,0,-0.0090704783797264099,-0.057662032544612885,-0.04396355152130127,0,-11.556178092956543,0,0.47846734523773193,0.053603895008563995,263.86249997245613,-0.011498684994876385,-0.0086958985775709152,267.8192138671875,264.01348876953125,8.7023963928222656,4.5347833633422852,0.87047219276428223,0.081597626209259033
16440,219.12119220759823,1,0.26529112458229065,181.25,8.2550268173217773,0.20501941442489624,1,135.35768127441406,1,41.138229370117188,8.7587385177612305,208.1651325972183,0.051409844309091568,0.01190066896378994,-0.0003448460774961859,1.3223112821578979,-0.073938481509685516,-0.055916093289852142,-0.056514665484428406,-0.042739305645227432,3.269005298614502,-0.0019718233961611986,-0.05051412433385849,2.2958011627197266,-0.00079038285184651613,-0.031485475599765778,2.852175384759903e-09,1,0,1,1,-0.048542298376560211,-0.030695090070366859,-0.0050923554226756096,0,0,1,0,0,1,0,0,0,0,0,1,0,0,1,0,1,349.16265869140625,-0.00026801228523254395,-0.011464565992355347,-0.011196225881576538,1,4.3722720146179199,-0.001751018688082695,-0.052261076867580414,2.9170780181884766,-0.00042416201904416084,-0.024270797148346901,-1.5168916434049606e-07,0,0.96066874265670776,-0.05051005631685257,-0.023846639320254326,-0.00087655219249427319,0,0,0,0,1,0,0,0,0,0,0,0,1.0987945795059204,0,348.91162109375,-0.00030097365379333496,-0.010180413722991943,-0.0098794493824243546,0.26770806312561035,0,-0.0090518137440085411,-0.057020880281925201,-0.043640412390232086,0,-12.309393882751465,0,0.23912568390369415,0.0505782850086689,263.85833330568857,-0.012248152866959572,-0.0092626847326755524,267.81875610351562,263.95315551757812,8.5624065399169922,4.4093999862670898,1.3633139133453369,0.10748778283596039
16500,222.5460334458628,1,0.26912111043930054,181.25,8.2267618179321289,0.20826996862888336,1,140.04127502441406,1,39.793907165527344,8.7456464767456055,211.41873177356965,0.083031490445137024,0.01221914030611515,-0.00034795835381373763,1.3223112821578979,-0.077124632894992828,-0.058325625956058502,-0.056777406483888626,-0.042938005179166794,3.2824585437774658,-0.0013302743900567293,-0.052193962037563324,2.2916741371154785,-0.00055977725423872471,-0.030887262895703316,2.7939677238464355e-09,1,0,1,1,-0.050863690674304962,-0.030327482149004936,-0.0066735516302287579,0,0,1,0,0,1,0,0,0,0,0,1,0,0,1,0,1,349.15966796875,-0.00023755431175231934,-0.011324316263198853,-0.01108649093657732,1,4.3963336944580078,-0.0013549677096307278,-0.053308330476284027,2.9140970706939697,-0.0004835100844502449,-0.022143973037600517,-1.5331897884607315e-07,0,0.9610554575920105,-0.05195336788892746,-0.021660467609763145,-0.0010309490608051419,0,0,0,0,1,0,0,0,0,0,0,0,1.0931997299194336,0,348.90814208984375,-0.00030222535133361816,-0.0096223056316375732,-0.0093199871480464935,0.26765096187591553,0,-0.0090970098972320557,-0.057084038853645325,-0.043472208082675934,0,-12.420485496520996,0,0.42498165369033813,0.052255414426326752,263.85416663892101,-0.012358692474663258,-0.0093462811782956123,267.81903076171875,263.93838500976562,8.5490913391113281,4.4621543884277344,1.4339478015899658,0.10550914704799652
16560,206.48144051978284,1,0.27200129628181458,181.25,8.2214736938476562,0.20888729393482208,1,143.324951171875,1,38.958889007568359,8.7366580963134766,196.15736849379368,0.20249147713184357,0.012474054470658302,-0.00035101937828585505,1.3223112821578979,-0.078995764255523682,-0.059740670025348663,-0.057710811495780945,-0.04364389181137085,3.2973628044128418,-0.0010573773179203272,-0.054331026971340179,2.2845325469970703,-0.00052515440620481968,-0.030372714623808861,1.280568540096283e-09,1,0,1,1,-0.053273648023605347,-0.029847558587789536,-0.0083305872976779938,0,0,1,0,0,1,0,0,0,0,0,1,0,0,1,0,1,349.15542602539062,-0.00017949938774108887,-0.011392652988433838,-0.011212984099984169,1,4.414729118347168,-0.00068834191188216209,-0.054675005376338959,2.9072885513305664,-5.973130464553833e-05,-0.021709831431508064,-1.5407567843794823e-07,0,0.95981311798095703,-0.053986668586730957,-0.021650103852152824,-0.0011087637394666672,0,0,0,0,1,0,0,0,0,0,0,0,1.0938005447387695,0,348.90386962890625,-0.00014933943748474121,-0.00952950119972229,-0.0093800630420446396,0.2682059109210968,0,-0.0091550461947917938,-0.057438153773546219,-0.043476462364196777,0.001953125,-12.529750823974609,0,1.8441897630691528,0.055474389344453812,263.84999997215346,-0.012467414140701294,-0.0094285020604729652,267.81829833984375,263.8082275390625,8.4012975692749023,4.4530801773071289,1.3954384326934814,0.099906422197818756
16620,204.38795869316348,1,0.27363193035125732,181.25,8.2198314666748047,0.21093183755874634,1,147.63015747070312,1,40.084041595458984,8.8623247146606445,194.16856075850529,0.20050241053104401,0.012039471417665482,-0.00034694865462370217,1.3223112821578979,-0.079819217324256897,-0.060363408178091049,-0.058577653020620346,-0.044299442321062088,3.3141975402832031,-0.0018043667078018188,-0.054528027772903442,2.2783312797546387,-0.00094898790121078491,-0.031172513961791992,1.280568540096283e-09,1,0,1,1,-0.052723657339811325,-0.030223526060581207,-0.0074501596391201019,0,0,1,0,0,1,0,0,0,0,0,1,0,0,1,0,1,349.15093994140625,-0.00021377205848693848,-0.010992258787155151,-0.010778222233057022,1,4.4296455383300781,-0.00052619306370615959,-0.056768335402011871,2.9030303955078125,0.00027794053312391043,-0.023368585854768753,-1.5256227925419807e-07,0,0.95741051435470581,-0.056242145597934723,-0.023646529763936996,-0.0010757590644061565,0,0,0,0,1,0,0,0,0,0,0,0,1.0938646793365479,0,348.900634765625,-8.7812542915344238e-05,-0.009474337100982666,-0.0093864705413579941,0.26893118023872375,0,-0.009188573807477951,-0.057931005954742432,-0.04352075606584549,0,-12.384446144104004,0,1.8010058403015137,0.052428089082241058,263.8458333053859,-0.012322831898927689,-0.0093191610649228096,267.81817626953125,263.94302368164062,8.4600677490234375,4.4342508316040039,1.2444171905517578,0.088493600487709045
16680,194.37648228498486,1,0.26705119013786316,181.25,8.2511577606201172,0.21533705294132233,1,143.30772399902344,1,39.359401702880859,8.9307136535644531,184.6576581707356,0.13616034388542175,0.012342801317572594,-0.00033224155777134001,1.3223112821578979,-0.075915463268756866,-0.057411190122365952,-0.055944468826055527,-0.04230809211730957,3.3276956081390381,-0.0019476838642731309,-0.052177097648382187,2.275374174118042,-0.0010208566673099995,-0.029684307053685188,5.2386894822120667e-10,1,0,1,1,-0.05022941529750824,-0.028663448989391327,-0.0071046729572117329,0,0,1,0,0,1,0,0,0,0,0,1,0,0,1,0,1,349.146484375,-0.00017890334129333496,-0.01064695417881012,-0.010467926040291786,1,4.4482183456420898,-0.00085650733672082424,-0.053660579025745392,2.9007740020751953,3.9167469367384911e-05,-0.023342933505773544,-1.5230034478008747e-07,0,0.95944875478744507,-0.052804075181484222,-0.023382104933261871,-0.00094187550712376833,0,0,0,0,1,0,0,0,0,0,0,0,1.0929315090179443,0,348.89935302734375,-0.00013316422700881958,-0.0094261914491653442,-0.0092931445688009262,0.26911422610282898,0,-0.0091706216335296631,-0.058082893490791321,-0.043496031314134598,0,-11.859471321105957,0,0.85582423210144043,0.053302258253097534,263.84166663861834,-0.011800468899309635,-0.0089241228997707367,267.81781005859375,263.87960815429688,8.5215167999267578,4.4955945014953613,1.1878652572631836,0.079046636819839478
16740,176.56188488019276,1,0.272431880235672,168.75,8.2938899993896484,0.27065035700798035,1,146.12496948242188,1,40.377288818359375,8.8021907806396484,167.73379063618313,0.14782229065895081,0.012336315587162971,-0.00034593092277646065,1.3223112821578979,-0.078650623559951782,-0.059479657560586929,-0.058700039982795715,-0.044391997158527374,3.3328070640563965,-0.0022269925102591515,-0.052836552262306213,2.2744758129119873,-0.0013739829882979393,-0.032093167304992676,1.6298145055770874e-09,1,0,1,1,-0.050609562546014786,-0.030719183385372162,-0.0056501417420804501,0,0,1,0,0,1,0,0,0,0,0,1,0,0,1,0,1,349.1417236328125,-0.00024674832820892334,-0.011039078235626221,-0.010792335495352745,1,4.4686603546142578,-0.00095738237723708153,-0.051705047488212585,2.8995418548583984,-0.00032741250470280647,-0.026170240715146065,-1.544831320643425e-07,0,0.95922839641571045,-0.050747677683830261,-0.025842830538749695,-0.0007301203440874815,0,0,0,0,1,0,0,0,0,0,0,0,1.0916389226913452,0,348.89874267578125,-0.00016501545906066895,-0.0093288719654083252,-0.0091638946905732155,0.26920324563980103,0,-0.0091590108349919319,-0.058184422552585602,-0.043485492467880249,0,-12.348116874694824,0,0.980857253074646,0.053784318268299103,263.83749997185078,-0.012286683544516563,-0.0092918239533901215,267.8170166015625,263.88137817382812,8.4506721496582031,4.6099362373352051,1.0458498001098633,0.07846195250749588
16800,209.14172309781193,1,0.27328819036483765,168.75,8.2990932464599609,0.27157974243164062,1,144.57504272460938,1,39.555145263671875,8.8769350051879883,198.68463694292132,0.067810952663421631,0.011879281140863895,-0.0003529468085616827,1.3223112821578979,-0.078636318445205688,-0.059468839317560196,-0.059746250510215759,-0.045183196663856506,3.338994026184082,-0.0021972795948386192,-0.053040027618408203,2.2803902626037598,-0.0014475886709988117,-0.033204797655344009,2.3283064365386963e-09,1,0,1,1,-0.050842750817537308,-0.031757205724716187,-0.0050187553279101849,0,0,1,0,0,1,0,0,0,0,0,1,0,0,1,0,1,349.13800048828125,-0.00025886297225952148,-0.01155245304107666,-0.011293688789010048,1,4.4937267303466797,-0.00058048684149980545,-0.05165032297372818,2.900637149810791,-0.00018577557057142258,-0.027946639806032181,-1.5378464013338089e-07,0,0.95812129974365234,-0.051069840788841248,-0.027760868892073631,-0.00062840274767950177,0,0,0,0,1,0,0,0,0,0,0,0,1.0961182117462158,0,348.8975830078125,-8.4131956100463867e-05,-0.009695887565612793,-0.0096118217334151268,0.27001923322677612,0,-0.009209880605340004,-0.058510329574346542,-0.043793756514787674,0,-12.598551750183105,0,0.33071786165237427,0.050669901072978973,263.83333330508322,-0.012535871937870979,-0.0094802733510732651,267.81536865234375,263.91824340820312,8.5390729904174805,4.6661062240600586,1.3508601188659668,0.081172630190849304
16860,180.8606754370453,1,0.27439185976982117,168.75,8.2758159637451172,0.27044010162353516,1,142.3685302734375,1,36.571186065673828,8.8307981491088867,171.81764166519304,0.89260798692703247,0.013140765018761158,-0.00036277691833674908,1.3223112821578979,-0.079469740390777588,-0.060099117457866669,-0.059969611465930939,-0.045352112501859665,3.3468880653381348,-0.0017506791045889258,-0.054266184568405151,2.2838373184204102,-0.0014619881985709071,-0.032919656485319138,3.4924596548080444e-09,1,0,1,1,-0.052515510469675064,-0.031457670032978058,-0.0063991565257310867,0,0,1,0,0,1,0,0,0,0,0,1,0,0,1,0,1,349.135498046875,-0.00026683509349822998,-0.012011334300041199,-0.011744765564799309,1,4.5205492973327637,-0.00038688117638230324,-0.050446026027202606,2.8991751670837402,-0.00046936282888054848,-0.02563045546412468,-1.5413388609886169e-07,0,0.95992434024810791,-0.050059150904417038,-0.025161094963550568,-0.00073959189467132092,0,0,0,0,1,0,0,0,0,0,0,0,1.0970492362976074,0,348.8955078125,-9.6291303634643555e-05,-0.0098011791706085205,-0.0097049213945865631,0.27067360281944275,0,-0.0092864576727151871,-0.05872654914855957,-0.044044665992259979,0,-12.949440956115723,0.0009765625,10,0.068137302994728088,263.82916663831566,-0.012885015457868576,-0.009744313545525074,267.8140869140625,263.94140625,8.5577163696289062,4.5170345306396484,1.0037360191345215,0.094934888184070587
16920,206.70854473133707,1,0.27593985199928284,181.25,8.3107786178588867,0.21907958388328552,1,143.48936462402344,1,35.298992156982422,8.9723892211914062,196.37311749477021,0.14917238056659698,0.012094296514987946,-0.00036606952198781073,1.3223112821578979,-0.080981627106666565,-0.061242483556270599,-0.059827592223882675,-0.045244712382555008,3.3595116138458252,-0.0015342766419053078,-0.055877916514873505,2.2817192077636719,-0.0010991273447871208,-0.032565969973802567,2.4447217583656311e-09,1,0,1,1,-0.05434364452958107,-0.031466841697692871,-0.0074983616359531879,0,0,1,0,0,1,0,0,0,0,0,1,0,0,1,0,1,349.13287353515625,-0.00023618340492248535,-0.012103080749511719,-0.011867210268974304,1,4.5410284996032715,-0.00068788882344961166,-0.051947586238384247,2.8917455673217773,-0.00049668131396174431,-0.023010775446891785,-1.544831320643425e-07,0,0.96027910709381104,-0.051259696483612061,-0.022514095529913902,-0.00096200598636642098,0,0,0,0,1,0,0,0,0,0,0,0,1.0930355787277222,0,348.89190673828125,-9.0301036834716797e-05,-0.0093939006328582764,-0.0093035483732819557,0.2714516818523407,0,-0.0093796122819185257,-0.059075705707073212,-0.044221945106983185,0,-13.066971778869629,0,0.99629354476928711,0.051947422325611115,263.8249999715481,-0.013001961633563042,-0.0098327537998557091,267.81369018554688,263.96463012695312,8.7909355163574219,4.4228653907775879,1.0570869445800781,0.084005832672119141
16980,198.09493838870537,1,0.28131645917892456,181.25,8.3407468795776367,0.22046281397342682,1,147.44200134277344,1,38.042984008789062,8.9963893890380859,188.1901914692701,0.076271824538707733,0.011343305930495262,-0.00037748893373645842,1.3223112821578979,-0.085520967841148376,-0.064675368368625641,-0.060307703912258148,-0.045607797801494598,3.3749966621398926,-0.0017567366594448686,-0.059203013777732849,2.2728257179260254,-0.0010633777128532529,-0.031720273196697235,2.6047928258776665e-09,1,0.00042144808685407043,0.9990234375,0.9990234375,-0.057446278631687164,-0.030656898394227028,-0.0098320310935378075,0.00055028818314895034,0,0.9990234375,0,0,1,0,0,0,0,0,1,0,0,1,0,1,349.1290283203125,-0.00025896728038787842,-0.012166999280452728,-0.011908078566193581,1,4.5568752288818359,-0.00094339187489822507,-0.05417344719171524,2.8809366226196289,-0.00040090561378747225,-0.020419817417860031,-1.5585101209580898e-07,0,0.96017050743103027,-0.053230054676532745,-0.020018912851810455,-0.001157148159109056,0,0,0,0,1,0,0,0,0,0,0,0,1.0900756120681763,0,348.88662719726562,-8.0697238445281982e-05,-0.009088221937417984,-0.0090075591579079628,0.27263632416725159,0,-0.0094847073778510094,-0.059711139649152756,-0.044472739100456238,0,-13.474590301513672,0,0.38190081715583801,0.048248257488012314,263.82083330478054,-0.013407552614808083,-0.010139483027160168,267.81332397460938,263.92282104492188,8.7709074020385742,4.3352923393249512,1.1092453002929688,0.10305790603160858
17040,134.45620129953679,1,0.2828071117401123,181.25,8.3365049362182617,0.22052094340324402,1,148.43583679199219,1,38.484706878662109,8.7447614669799805,127.73339123455995,0.051512449979782104,0.011439221911132336,-0.0003809536574408412,1.3223112821578979,-0.086720049381256104,-0.065582171082496643,-0.060534682124853134,-0.045779448002576828,3.3945393562316895,-0.0015417489921674132,-0.059870243072509766,2.2682056427001953,-0.00080404698383063078,-0.032316811382770538,1.3969838619232178e-09,1,0.00029215222457423806,0.9990234375,0.9990234375,-0.058328498154878616,-0.031512759625911713,-0.0091755716130137444,0.00041929964208975434,0,0.9990234375,0,0,1,0,0,0,0,0,1,0,0,1,0,1,349.12527465820312,-0.00017400830984115601,-0.012386798858642578,-0.012212840840220451,1,4.564518928527832,-0.0010350786615163088,-0.05644230917096138,2.8780879974365234,-0.00041082571260631084,-0.025494156405329704,-1.5436671674251556e-07,0,0.95604753494262695,-0.055407233536243439,-0.025083331391215324,-0.00092307780869305134,0,0,0,0,1,0,0,0,0,0,0,0,1.0993812084197998,0,348.88137817382812,-9.8466873168945312e-05,-0.010036662220954895,-0.0099381264299154282,0.27448713779449463,0,-0.0096211601048707962,-0.06081186980009079,-0.044681958854198456,0,-13.598265647888184,0,0.23967045545578003,0.048636898398399353,263.81666663801298,-0.013530612923204899,-0.010232547298073769,267.81307983398438,263.95443725585938,8.5472812652587891,4.2480897903442383,1.6702934503555298,0.094224691390991211
17100,178.47283673730109,1,0.27789789438247681,181.25,8.3398771286010742,0.21645280718803406,1,144.68211364746094,1,36.572486877441406,8.7970657348632812,169.54919490043602,0.048972044140100479,0.011393165215849876,-0.0003708351869136095,1.3223112821578979,-0.083391115069389343,-0.063064664602279663,-0.058941502124071121,-0.04457460343837738,3.4111628532409668,-0.001287632854655385,-0.058179561048746109,2.2685472965240479,-0.00074422010220587254,-0.031960833817720413,8.7311491370201111e-10,1,0.0013353321701288223,0.99609375,0.99609375,-0.056891929358243942,-0.031216615810990334,-0.0083080930635333061,0.0019436976872384548,0,0.99609375,0,0,1,0,0,0,0,0,1,0,0,1,0,1,349.12200927734375,-0.00017690658569335938,-0.012115418910980225,-0.011938637122511864,1,4.5678677558898926,-0.00068376725539565086,-0.056318186223506927,2.8821468353271484,-0.00038340152241289616,-0.025315210223197937,-1.5285331755876541e-07,0,0.95528578758239746,-0.055634420365095139,-0.024931810796260834,-0.00092809420311823487,0,0,0,0,1,0,0,0,0,0,0,0,1.0968180894851685,0,348.87744140625,-9.4711780548095703e-05,-0.0097764730453491211,-0.0096818096935749054,0.27552831172943115,0,-0.0097057502716779709,-0.061458386480808258,-0.044762216508388519,0,-13.237082481384277,0,0.22627884149551392,0.048388004302978516,263.81249997124542,-0.013171226717531681,-0.0099607612937688828,267.81268310546875,263.89981079101562,8.5384883880615234,4.5291314125061035,0.98583006858825684,0.094837792217731476
17160,219.9570768500939,1,0.28149154782295227,168.75,8.3523750305175781,0.27248549461364746,1,146.94700622558594,1,37.893775939941406,8.9060220718383789,208.9592230075892,0.04454895481467247,0.011251388117671013,-0.00037946811062283814,1.3223112821578979,-0.085296273231506348,-0.064505442976951599,-0.060849696397781372,-0.046017680317163467,3.420292854309082,-0.0011679450981318951,-0.058162316679954529,2.2720081806182861,-0.00075521389953792095,-0.033547848463058472,6.9849193096160889e-10,1,0.00017508299788460135,0.9990234375,0.9990234375,-0.056994371116161346,-0.032792635262012482,-0.0069062458351254463,0.00026184605667367578,0,0.9990234375,0,0,1,0,0,0,0,0,1,0,0,1,0,1,349.11785888671875,-0.00016686320304870605,-0.012226760387420654,-0.012059984728693962,1,4.5652279853820801,-0.00023133261129260063,-0.05478975921869278,2.8884773254394531,-0.00034327013418078423,-0.029700309038162231,-1.5436671674251556e-07,0,0.95356178283691406,-0.054558422416448593,-0.02935703843832016,-0.00062656222144141793,0,0,0,0,1,0,0,0,0,0,0,0,1.1000063419342041,0,348.8729248046875,-9.250640869140625e-05,-0.010093152523040771,-0.010000623762607574,0.27618575096130371,0,-0.009772520512342453,-0.06187882274389267,-0.044866789132356644,0,-13.545238494873047,0,0.20342978835105896,0.047736942768096924,263.80833330447786,-0.013477848842740059,-0.010192644782364368,267.81201171875,263.9573974609375,8.7514371871948242,4.8906650543212891,1.102850079536438,0.12854067981243134
17220,218.77193129183857,1,0.27847269177436829,168.75,8.341465950012207,0.27325320243835449,1,145.9168701171875,1,36.660137176513672,8.8316822052001953,207.83333472724664,0.10475703328847885,0.011528890579938889,-0.00036998352152295411,1.3223112821578979,-0.082489758729934692,-0.062383010983467102,-0.060911118984222412,-0.046064130961894989,3.4237961769104004,-0.0014392761513590813,-0.056712266057729721,2.2800722122192383,-0.0010548287536948919,-0.03374902531504631,2.6775524020195007e-09,1,0,1,1,-0.055272992700338364,-0.032694198191165924,-0.0060065682046115398,0,0,1,0,0,1,0,0,0,0,0,1,0,0,1,0,1,349.11480712890625,-0.00024718046188354492,-0.012031197547912598,-0.011783955618739128,1,4.5681300163269043,-0.00026851892471313477,-0.05326278880238533,2.8912065029144287,-0.00047342758625745773,-0.029066609218716621,-1.5390105545520782e-07,0,0.95463520288467407,-0.052994269877672195,-0.028593182563781738,-0.00061998103046789765,0,0,0,0,1,0,0,0,0,0,0,0,1.1042935848236084,0,348.870849609375,-0.00014930963516235352,-0.010578632354736328,-0.010429366491734982,0.27684581279754639,0,-0.0098309013992547989,-0.06218530610203743,-0.045102968811988831,0,-13.206683158874512,0,0.57886028289794922,0.049397937953472137,263.8041666377103,-0.013140978291630745,-0.0099378852173686028,267.81137084960938,263.91156005859375,8.6558437347412109,4.5935697555541992,1.7332172393798828,0.10562007129192352
17280,183.06840601472328,1,0.28383469581604004,181.25,8.3443632125854492,0.21097704768180847,1,146.15003967285156,1,34.538307189941406,8.7096424102783203,173.91498571398711,0.050494667142629623,0.011264970526099205,-0.0003911447711288929,1.3223112821578979,-0.085970699787139893,-0.065015479922294617,-0.062907084822654724,-0.047573581337928772,3.424842357635498,-0.00080069387331604958,-0.058625154197216034,2.2874219417572021,-0.00057213311083614826,-0.034407977014780045,2.0954757928848267e-09,1,0.00024471117649227381,0.9990234375,0.9990234375,-0.057824455201625824,-0.033835843205451965,-0.006686801090836525,0.00033167103538289666,0,0.9990234375,0,0,1,0,0,0,0,0,1,0,0,1,0,1,349.11273193359375,-0.00016894936561584473,-0.012693822383880615,-0.012524781748652458,1,4.5713143348693848,-0.000141119584441185,-0.053882502019405365,2.8914065361022949,-0.00042581791058182716,-0.030129292979836464,-1.5308614820241928e-07,0,0.9532514214515686,-0.053741380572319031,-0.029703477397561073,-0.0006045124027878046,0,0,0,0,1,0,0,0,0,0,0,0,1.1093100309371948,0,348.87033081054688,-0.00015443563461303711,-0.011085271835327148,-0.010931000113487244,0.27747583389282227,0,-0.0098960725590586662,-0.062366880476474762,-0.045385710895061493,0,-13.962039947509766,0,0.23428119719028473,0.047802209854125977,263.79999997094274,-0.013892577029764652,-0.010506283491849899,267.81021118164062,263.83566284179688,8.6218385696411133,4.5305204391479492,1.2931835651397705,0.099926978349685669
17340,203.10007348568638,1,0.28609159588813782,181.25,8.3605155944824219,0.2115541398525238,1,148.27598571777344,1,32.258174896240234,8.7809219360351562,192.94506981140205,0.059835966676473618,0.01164349727332592,-0.00039480667328462005,1.3223112821578979,-0.089235052466392517,-0.067484147846698761,-0.061242442578077316,-0.046314693987369537,3.431147575378418,-0.00066486326977610588,-0.06058855727314949,2.2890136241912842,-0.0004784734919667244,-0.032924074679613113,3.14321368932724e-09,1,0,1,1,-0.059923689812421799,-0.032445602118968964,-0.0088583212345838547,0,0,1,0,0,1,0,0,0,0,0,1,0,0,1,0,1,349.11138916015625,-0.00015094876289367676,-0.01294061541557312,-0.012789608910679817,1,4.5729718208312988,-0.00025075767189264297,-0.056801892817020416,2.8912992477416992,-0.00020019151270389557,-0.026554742828011513,-1.5285331755876541e-07,0,0.9524005651473999,-0.056551139801740646,-0.026354555040597916,-0.0009194505400955677,0,0,0,0,1,0,0,0,0,0,0,0,1.1122957468032837,0,348.8692626953125,-0.00013661384582519531,-0.011365950107574463,-0.011229570955038071,0.27875572443008423,0,-0.010013732127845287,-0.063042916357517242,-0.045659903436899185,0,-14.092752456665039,0,0.28500834107398987,0.04955185204744339,263.79583330417518,-0.014022639021277428,-0.010604643262922764,267.8106689453125,263.94204711914062,8.5233573913574219,4.4941601753234863,1.1141715049743652,0.10374759882688522
17400,198.00895743783735,1,0.29059174656867981,168.75,8.3910961151123047,0.26864546537399292,1,149.66036987304688,1,33.743896484375,8.8345670700073242,188.10850956594547,0.062140617519617081,0.011265167035162449,-0.00040990480920299888,1.3223112821578979,-0.092363730072975159,-0.069850213825702667,-0.062745906412601471,-0.047451689839363098,3.4433622360229492,-0.00060915388166904449,-0.062668368220329285,2.2851524353027344,-0.00050431955605745316,-0.033722050487995148,3.9581209421157837e-09,1,0.00063470820896327496,0.9990234375,0.9990234375,-0.062059216201305389,-0.033217731863260269,-0.0091207139194011688,0.00086910056415945292,0,0.9990234375,0,0,1,0,0,0,0,0,1,0,0,1,0,1,349.1107177734375,-0.00013625621795654297,-0.013235330581665039,-0.013099141418933868,1,4.5766711235046387,-0.00045884493738412857,-0.059714913368225098,2.8891963958740234,-0.00040753558278083801,-0.026090549305081367,-1.5320256352424622e-07,0,0.94992214441299438,-0.059256069362163544,-0.025683015584945679,-0.0011001703096553683,0,0,0,0,1,0,0,0,0,0,0,0,1.1150557994842529,0,348.8680419921875,-0.0001354217529296875,-0.01164090633392334,-0.011505588889122009,0.28053790330886841,0,-0.01016589067876339,-0.06415267288684845,-0.045874737203121185,0,-14.631686210632324,0,0.29797950387001038,0.047862667590379715,263.79166663740762,-0.014558891765773296,-0.01101018488407135,267.81097412109375,263.79815673828125,8.6079349517822266,4.6693482398986816,1.2088450193405151,0.098565153777599335
17460,140.49825741518774,1,0.28528079390525818,168.75,8.3983421325683594,0.26593351364135742,1,145.89384460449219,1,32.703319549560547,8.7723379135131836,133.47334454442836,0.13290898501873016,0.01176396943628788,-0.00039785116678103805,1.3223112821578979,-0.087877333164215088,-0.066457375884056091,-0.062119878828525543,-0.046978257596492767,3.4502084255218506,-0.0013050995767116547,-0.060313969850540161,2.2815067768096924,-0.00091833557235077024,-0.034411810338497162,3.827153705060482e-09,1,0,1,1,-0.059008870273828506,-0.03349347785115242,-0.0069068013690412045,0,0,1,0,0,1,0,0,0,0,0,1,0,0,1,0,1,349.10855102539062,-0.00023871660232543945,-0.013213858008384705,-0.012975141406059265,1,4.5823650360107422,-0.00087094074115157127,-0.054625131189823151,2.8879506587982178,-0.00053466577082872391,-0.024703644216060638,-1.5337718650698662e-07,0,0.9538799524307251,-0.053754191845655441,-0.024168979376554489,-0.00092412630328908563,0,0,0,0,1,0,0,0,0,0,0,0,1.109250545501709,0,348.86505126953125,-0.00015783309936523438,-0.011082708835601807,-0.010925048962235451,0.28178656101226807,0,-0.010290540754795074,-0.064853459596633911,-0.046074371784925461,0,-14.20142650604248,0,0.82340562343597412,0.050377372652292252,263.78749997064006,-0.014130773022770882,-0.010686419904232025,267.81094360351562,263.91241455078125,8.5918178558349609,4.4208369255065918,1.2153046131134033,0.068594291806221008
17520,154.47205367183074,1,0.29044905304908752,168.75,8.3932476043701172,0.26395261287689209,1,148.83552551269531,1,35.726409912109375,8.7680816650390625,146.7484509882392,0.44160795211791992,0.011773411184549332,-0.0004115695774089545,1.3223112821578979,-0.091236576437950134,-0.068997807800769806,-0.064183518290519714,-0.04853888601064682,3.4527029991149902,-0.0018221440259367228,-0.062165170907974243,2.2789950370788574,-0.0010843747295439243,-0.034801840782165527,4.2491592466831207e-09,1,0,1,1,-0.060343030840158463,-0.03371746838092804,-0.0075595574453473091,0,0,1,0,0,1,0,0,0,0,0,1,0,0,1,0,1,349.10540771484375,-0.00025168061256408691,-0.013464063405990601,-0.01321247685700655,1,4.5872039794921875,-0.0013789436779916286,-0.056290309876203537,2.8845000267028809,-0.00072158710099756718,-0.026382271200418472,-1.5390105545520782e-07,0,0.95254802703857422,-0.054911363869905472,-0.025660688057541847,-0.00087371020345017314,0,0,0,0,1,0,0,0,0,0,0,0,1.1108300685882568,0,348.86026000976562,-0.00017300248146057129,-0.01125568151473999,-0.011083018034696579,0.28268367052078247,0,-0.010383103042840958,-0.065237551927566528,-0.046361811459064484,0,-14.691110610961914,0.0009765625,10,0.057969048619270325,263.7833333038725,-0.014618020504713058,-0.011054901406168938,267.81094360351562,263.91555786132812,8.6037101745605469,4.4472751617431641,1.0540339946746826,0.097263410687446594
17580,160.67333830777943,1,0.29114028811454773,168.75,8.4112663269042969,0.26190918684005737,1,148.435302734375,1,36.362201690673828,8.8485841751098633,152.63967139239045,0.085876323282718658,0.011659817770123482,-0.00041563273407518864,1.3223112821578979,-0.091908574104309082,-0.069506004452705383,-0.0641508549451828,-0.048514187335968018,3.4589190483093262,-0.0027733542956411839,-0.062809765338897705,2.2783346176147461,-0.0018373553175479174,-0.034956496208906174,2.4447217583656311e-09,1,0,1,1,-0.060036409646272659,-0.033119142055511475,-0.0076852268539369106,0,0,1,0,0,1,0,0,0,0,0,1,0,0,1,0,1,349.10247802734375,-0.00041478872299194336,-0.013635993003845215,-0.013221355155110359,1,4.5891971588134766,-0.002166645135730505,-0.057913437485694885,2.8824682235717773,-0.0012249581050127745,-0.026381988078355789,-1.5436671674251556e-07,0,0.95188748836517334,-0.055746793746948242,-0.025157030671834946,-0.0009299459052272141,0,0,0,0,1,0,0,0,0,0,0,0,1.1139090061187744,0,348.854736328125,-0.00034579634666442871,-0.011736184358596802,-0.011390892788767815,0.28417679667472839,0,-0.010518491268157959,-0.066013097763061523,-0.046746924519538879,0.0009765625,-14.836147308349609,0,0.44373893737792969,0.049756057560443878,263.77916663710494,-0.014762335456907749,-0.011164039373397827,267.81072998046875,263.75872802734375,8.627197265625,4.2693586349487305,0.94335079193115234,0.073715880513191223
17640,218.42493505794573,1,0.28574448823928833,168.75,8.414057731628418,0.25954577326774597,1,146.23268127441406,1,35.991363525390625,8.8475627899169922,207.50368830504843,0.077197343111038208,0.011794946156442165,-0.00039886793820187449,1.3223112821578979,-0.087124675512313843,-0.065888173878192902,-0.063765808939933777,-0.048222992569208145,3.4643867015838623,-0.0020709331147372723,-0.060353130102157593,2.275784969329834,-0.0013645680155605078,-0.036053556948900223,1.57160684466362e-09,1,0,1,1,-0.058282200247049332,-0.034688990563154221,-0.0054044635035097599,0,0,1,0,0,1,0,0,0,0,0,1,0,0,1,0,1,349.0992431640625,-0.00029060244560241699,-0.013313055038452148,-0.013022477738559246,1,4.5910358428955078,-0.0012762546539306641,-0.055957481265068054,2.8728086948394775,-0.00055181095376610756,-0.026358030736446381,-1.5518162399530411e-07,0,0.95195651054382324,-0.054681237787008286,-0.025806223973631859,-0.00085749651771038771,0,0,0,0,1,0,0,0,0,0,0,0,1.1086661815643311,0,348.84906005859375,-0.00023704767227172852,-0.011103332042694092,-0.010866621509194374,0.28503656387329102,0,-0.010607689619064331,-0.066387221217155457,-0.047101963311433792,0,-14.23772144317627,0,0.38768002390861511,0.050380706787109375,263.77499997033738,-0.014166886918246746,-0.010713730938732624,267.8109130859375,263.94528198242188,8.6136302947998047,4.3408474922180176,1.517406702041626,0.088909387588500977
17700,222.6064775011256,1,0.27502763271331787,168.75,8.4104852676391602,0.25949358940124512,1,138.81483459472656,1,34.457855224609375,8.767491340637207,211.4761536260693,0.056152362376451492,0.012102343142032623,-0.00037465643254108727,1.3223112821578979,-0.080372802913188934,-0.060782060027122498,-0.059533119201660156,-0.045022014528512955,3.4650952816009521,-0.0016520337667316198,-0.056321773678064346,2.2748467922210693,-0.0013209237949922681,-0.034174002707004547,1.3969838619232178e-09,1,0,1,1,-0.054669741541147232,-0.032853074371814728,-0.0050692874938249588,0,0,1,0,0,1,0,0,0,0,0,1,0,0,1,0,1,349.09341430664062,-0.00020250678062438965,-0.01277458667755127,-0.012571860104799271,1,4.5993852615356445,-0.0011342833749949932,-0.053275678306818008,2.8676779270172119,-0.0010313064558431506,-0.026294788345694542,-1.5663681551814079e-07,0,0.95392030477523804,-0.052141394466161728,-0.025263484567403793,-0.00077795004472136497,0,0,0,0,1,0,0,0,0,0,0,0,1.099478006362915,0,348.84246826171875,-0.00018776953220367432,-0.010135427117347717,-0.0099478103220462799,0.28401422500610352,0,-0.010560923255980015,-0.065763503313064575,-0.046979665756225586,0,-13.373481750488281,0,0.26465952396392822,0.051535755395889282,263.77083330356982,-0.01330694742500782,-0.010063400492072105,267.81085205078125,263.946533203125,8.5363197326660156,4.2503185272216797,0.99035370349884033,0.083137616515159607
17760,207.08015477436135,1,0.27565857768058777,168.75,8.4177360534667969,0.25853446125984192,1,138.82037353515625,1,34.390342712402344,8.8262786865234375,196.72614703564327,0.038754865527153015,0.011865196749567986,-0.00037722571869380772,1.3223112821578979,-0.07993723452091217,-0.0604526586830616,-0.06087801605463028,-0.046039097011089325,3.4598054885864258,-0.0014270204119384289,-0.055447600781917572,2.2715263366699219,-0.0011478151427581906,-0.034968525171279907,1.0477378964424133e-09,1,0,1,1,-0.054020583629608154,-0.033820711076259613,-0.0041375234723091125,0,0,1,0,0,1,0,0,0,0,0,1,0,0,1,0,1,349.08651733398438,-0.00014506280422210693,-0.012560650706291199,-0.012415316887199879,1,4.6045236587524414,-0.0016265541780740023,-0.050476487725973129,2.8592381477355957,-0.0012898860732093453,-0.024860572069883347,-1.5739351511001587e-07,0,0.95732617378234863,-0.048849936574697495,-0.023570692166686058,-0.00073578790761530399,0,0,0,0,1,0,0,0,0,0,0,0,1.0975745916366577,0,348.8353271484375,-0.00023236870765686035,-0.0099895298480987549,-0.0097574647516012192,0.28240507841110229,0,-0.010473031550645828,-0.064849793910980225,-0.046700581908226013,0,-13.465195655822754,0,0.17434969544410706,0.050402354449033737,263.76666663680226,-0.013398204930126667,-0.010132413357496262,267.81002807617188,263.83499145507812,8.6227006912231445,4.5521297454833984,0.99254715442657471,0.081404060125350952
17820,182.40782741778668,1,0.27779185771942139,168.75,8.4136343002319336,0.25887984037399292,1,139.40988159179688,1,34.289199829101562,8.8553361892700195,173.28743604689734,0.062412582337856293,0.011898836120963097,-0.00038441910874098539,1.3223112821578979,-0.082557886838912964,-0.06243453174829483,-0.059970557689666748,-0.04535282775759697,3.4533956050872803,-0.0010079122148454189,-0.057335920631885529,2.2642700672149658,-0.00055857840925455093,-0.033715255558490753,4.6566128730773926e-10,1,0,1,1,-0.056328009814023972,-0.033156674355268478,-0.0062152678146958351,0,0,1,0,0,1,0,0,0,0,0,1,0,0,1,0,1,349.0799560546875,-7.5832009315490723e-05,-0.012779742479324341,-0.012703625485301018,1,4.6009273529052734,-0.0011863040272146463,-0.052125878632068634,2.8455939292907715,-0.00059023476205766201,-0.023180931806564331,-1.5643308870494366e-07,0,0.95651841163635254,-0.050939586013555527,-0.022590700536966324,-0.00093537860084325075,0,0,0,0,1,0,0,0,0,0,0,0,1.101841926574707,0,348.8275146484375,-0.00016397237777709961,-0.010348156094551086,-0.010184184648096561,0.28147280216217041,0,-0.010437781922519207,-0.064287930727005005,-0.046562701463699341,0,-13.721965789794922,0,0.29952266812324524,0.050637632608413696,263.7624999700347,-0.013653697445988655,-0.010325630195438862,267.80966186523438,263.80136108398438,8.4812755584716797,4.2506213188171387,0.93201285600662231,0.081438109278678894
17880,207.06532177809265,1,0.27788525819778442,181.25,8.4111251831054688,0.21166594326496124,1,142.04783630371094,1,34.203563690185547,9.1931018829345703,196.71205568918802,0.066228047013282776,0.011812217533588409,-0.00037766079185530543,1.3223112821578979,-0.083200737833976746,-0.062920689582824707,-0.059193901717662811,-0.04476548358798027,3.4483778476715088,-0.0010713239898905158,-0.058262839913368225,2.2547926902770996,-0.00070314330514520407,-0.033102065324783325,2.0081643015146255e-09,1,0,1,1,-0.057191513478755951,-0.032398916780948639,-0.0072858892381191254,0,0,1,0,0,1,0,0,0,0,0,1,0,0,1,0,1,349.07330322265625,-8.5670500993728638e-05,-0.012441385537385941,-0.01235541794449091,1,4.5910372734069824,-0.001237338874489069,-0.051736429333686829,2.8327388763427734,-0.00075750681571662426,-0.023119572550058365,-1.5471596270799637e-07,0,0.95710742473602295,-0.050499096512794495,-0.022362068295478821,-0.00093471072614192963,0,0,0,0,1,0,0,0,0,0,0,0,1.0979281663894653,0,348.82015991210938,-0.0002498328685760498,-0.010042577981948853,-0.009792812168598175,0.28094273805618286,0,-0.010414604097604752,-0.064079105854034424,-0.046321019530296326,0,-13.480725288391113,0,0.32145768404006958,0.050327889621257782,263.75833330326714,-0.013413657434284687,-0.010144099593162537,267.80819702148438,263.912841796875,8.8405017852783203,4.3828973770141602,1.0261514186859131,0.074878998100757599
17940,222.20212745938937,1,0.27725425362586975,181.25,8.4148521423339844,0.21222575008869171,1,141.17680358886719,1,35.068447113037109,9.0355653762817383,211.09202108641989,0.062017705291509628,0.011577114462852478,-0.00037740817060694098,1.3223112821578979,-0.08224371075630188,-0.062196936458349228,-0.059731680899858475,-0.045172177255153656,3.4419374465942383,-0.0012680779909715056,-0.057121161371469498,2.2498979568481445,-0.00091646565124392509,-0.034022796899080276,2.6775524020195007e-09,1,0,1,1,-0.055853083729743958,-0.033106327056884766,-0.0058339573442935944,0,0,1,0,0,1,0,0,0,0,0,1,0,0,1,0,1,349.066650390625,-0.00012783706188201904,-0.012482985854148865,-0.012354983016848564,1,4.5786237716674805,-0.001184109365567565,-0.051062021404504776,2.8241317272186279,-0.0010233422508463264,-0.024820471182465553,-1.546577550470829e-07,0,0.95685338973999023,-0.049877919256687164,-0.023797130212187767,-0.00081115384818986058,0,0,0,0,1,0,0,0,0,0,0,0,1.0990928411483765,0,348.8128662109375,-0.00029365718364715576,-0.01020282506942749,-0.0099092880263924599,0.28017765283584595,0,-0.010360352694988251,-0.063745647668838501,-0.04606647789478302,0,-13.471707344055176,0,0.29728293418884277,0.049156174063682556,263.75416663649958,-0.013404684141278267,-0.010137313976883888,267.80706787109375,263.89370727539062,8.7792320251464844,4.344329833984375,1.6842808723449707,0.10314847528934479
18000,202.74752175015368,1,0.27392324805259705,168.75,8.404423713684082,0.26337060332298279,1,140.71990966796875,1,34.317325592041016,8.9565134048461914,192.61014566264598,0.069680593907833099,0.012025345116853714,-0.00036514981184154749,1.3223112821578979,-0.079847753047943115,-0.060384988784790039,-0.058894746005535126,-0.044539246708154678,3.4343342781066895,-0.0012207762338221073,-0.054802875965833664,2.2500624656677246,-0.00094331114087253809,-0.033537130802869797,2.0954757928848267e-09,1,6.5488857217133045e-05,0.9990234375,0.9990234375,-0.053582102060317993,-0.032593816518783569,-0.0049424031749367714,8.7675376562401652e-05,0,0.9990234375,0,0,1,0,0,0,0,0,1,0,0,1,0,1,349.06060791015625,-0.00016388297080993652,-0.012006819248199463,-0.011842910200357437,1,4.5723686218261719,-0.00067332875914871693,-0.048896990716457367,2.8226649761199951,-0.00096110522281378508,-0.026604557409882545,-1.5477417036890984e-07,0,0.95740687847137451,-0.048223666846752167,-0.025643453001976013,-0.00061526510398834944,0,0,0,0,1,0,0,0,0,0,0,0,1.0984227657318115,0,348.80712890625,-0.00022041797637939453,-0.010062515735626221,-0.009842265397310257,0.27939572930335999,0,-0.010299799032509327,-0.063361957669258118,-0.04587852954864502,0,-13.034141540527344,0,0.34178006649017334,0.051239762455224991,263.74999996973202,-0.012969295494258404,-0.0098080504685640335,267.80679321289062,263.83950805664062,8.5892305374145508,4.3808794021606445,0.95877611637115479,0.0802573561668396
18060,213.55972028231554,1,0.27613547444343567,181.25,8.4007730484008789,0.21584238111972809,1,140.12319946289062,1,33.616981506347656,9.0236415863037109,202.88173426819975,0.16757605969905853,0.011837747879326344,-0.00037566135870292783,1.3223112821578979,-0.082296617329120636,-0.062236946076154709,-0.058252990245819092,-0.04405391588807106,3.4290487766265869,-0.0015626735985279083,-0.056923240423202515,2.2487287521362305,-0.0010234285145998001,-0.032112255692481995,2.0954757928848267e-09,1,0,1,1,-0.055360570549964905,-0.031088827177882195,-0.007188581395894289,0,0,1,0,0,1,0,0,0,0,0,1,0,0,1,0,1,349.0546875,-0.00024467706680297852,-0.012302398681640625,-0.012057965621352196,1,4.566314697265625,-0.00087646720930933952,-0.051747828722000122,2.8274846076965332,-0.00067504821345210075,-0.023905811831355095,-1.5366822481155396e-07,0,0.95731627941131592,-0.050871364772319794,-0.023230761289596558,-0.00086746836313977838,0,0,0,0,1,0,0,0,0,0,0,0,1.0980223417282104,0,348.80169677734375,-0.00027996301651000977,-0.010082155466079712,-0.0098022250458598137,0.27864694595336914,0,-0.010241319425404072,-0.063028492033481598,-0.045600038021802902,0,-13.409354209899902,0,1.2303146123886108,0.050892487168312073,263.74583330296446,-0.013342641294002533,-0.01009039394557476,267.80535888671875,263.91876220703125,8.6183357238769531,4.2619638442993164,1.0796836614608765,0.10162605345249176
18120,195.54556093750449,1,0.27692916989326477,181.25,8.3975858688354492,0.2183881551027298,1,143.47012329101562,1,33.063514709472656,8.9842939376831055,185.76828289062925,0.090353161096572876,0.011789150536060333,-0.00037007065839134157,1.3223112821578979,-0.081973887979984283,-0.061992883682250977,-0.059697668999433517,-0.045146457850933075,3.4258384704589844,-0.0014733267016708851,-0.05619417130947113,2.2490191459655762,-0.00082399602979421616,-0.033063530921936035,1.6298145055770874e-09,1,0,1,1,-0.054720848798751831,-0.032239537686109543,-0.0058787227608263493,0,0,1,0,0,1,0,0,0,0,0,1,0,0,1,0,1,349.0478515625,-0.00023978948593139648,-0.011913716793060303,-0.011674068868160248,1,4.5609335899353027,-0.00062883738428354263,-0.049689162522554398,2.834266185760498,-0.00037653744220733643,-0.025944719091057777,-1.5343539416790009e-07,0,0.95765423774719238,-0.049060329794883728,-0.025568181648850441,-0.00063153880182653666,0,0,0,0,1,0,0,0,0,0,0,0,1.0910077095031738,0,348.795654296875,-0.00024628639221191406,-0.0093469619750976562,-0.0091007687151432037,0.27815225720405579,0,-0.010192578658461571,-0.062792718410491943,-0.045402713119983673,0,-13.209792137145996,0,0.47405406832695007,0.050307974219322205,263.7416666361969,-0.013144072145223618,-0.0099402256309986115,267.80514526367188,263.929443359375,8.6034069061279297,4.161616325378418,1.1276133060455322,0.09702640026807785
18180,196.35465267698621,1,0.28010424971580505,181.25,8.4029388427734375,0.21976977586746216,1,146.80552673339844,1,33.161975860595703,9.0192861557006836,186.53692004313689,0.19739325344562531,0.012093988247215748,-0.00037424560287036002,1.3223112821578979,-0.083270788192749023,-0.062973663210868835,-0.061881303787231445,-0.04679783433675766,3.4193987846374512,-0.001185266301035881,-0.05658385157585144,2.2566399574279785,-0.00072246778290718794,-0.034066095948219299,1.7462298274040222e-09,1,0,1,1,-0.055398590862751007,-0.033343631774187088,-0.0054930206388235092,0,0,1,0,0,1,0,0,0,0,0,1,0,0,1,0,1,349.04058837890625,-0.00021862983703613281,-0.012005507946014404,-0.011786894872784615,1,4.5555510520935059,-0.00037778541445732117,-0.048463501036167145,2.8452529907226562,-0.00035032397136092186,-0.028624914586544037,-1.5349360182881355e-07,0,0.95686674118041992,-0.048085715621709824,-0.028274595737457275,-0.00041731703095138073,0,0,0,0,1,0,0,0,0,0,0,0,1.0961426496505737,0,348.78939819335938,-0.00022423267364501953,-0.0098382234573364258,-0.0096142692491412163,0.2784276008605957,0,-0.010165907442569733,-0.062826648354530334,-0.045565880835056305,0,-13.358819007873535,0,1.7359132766723633,0.052535310387611389,263.73749996942934,-0.013292357325553894,-0.010052366182208061,267.8048095703125,263.88946533203125,8.734501838684082,4.3529348373413086,1.1735715866088867,0.09508979320526123
18240,179.47151866441064,1,0.28071078658103943,181.25,8.4039926528930664,0.2219216376543045,1,144.18214416503906,1,32.873611450195312,9.1124897003173828,170.49794273119011,0.054953999817371368,0.011821063235402107,-0.00038353572017513216,1.3223112821578979,-0.084305793046951294,-0.063756391406059265,-0.061232194304466248,-0.046306945383548737,3.4151740074157715,-0.0014387527480721474,-0.057869087904691696,2.2655677795410156,-0.00093896954786032438,-0.03350374847650528,1.7462298274040222e-09,1,0,1,1,-0.056430339813232422,-0.032564781606197357,-0.0068566720001399517,0,0,1,0,0,1,0,0,0,0,0,1,0,0,1,0,1,349.0355224609375,-0.0002467036247253418,-0.012538105249404907,-0.012291399762034416,1,4.5506458282470703,-0.00042402744293212891,-0.051172349601984024,2.8560290336608887,-0.00040948786772787571,-0.028304357081651688,-1.521548256278038e-07,0,0.95547211170196533,-0.050748322159051895,-0.027894865721464157,-0.00057304440997540951,0,0,0,0,1,0,0,0,0,0,0,0,1.1059862375259399,0,348.78414916992188,-0.00020954012870788574,-0.010807812213897705,-0.010598625987768173,0.27875807881355286,0,-0.010170039720833302,-0.062923416495323181,-0.045736081898212433,0,-13.690432548522949,0,0.25813829898834229,0.050261802971363068,263.73333330266178,-0.01362232118844986,-0.010301901958882809,267.80508422851562,263.90036010742188,8.915740966796875,4.3016433715820312,1.1969848871231079,0.10137459635734558
18300,196.11958157081941,1,0.27637258172035217,181.25,8.4193449020385742,0.22181673347949982,1,139.54205322265625,1,32.613788604736328,8.9924278259277344,186.31360249227842,0.12741400301456451,0.011868581175804138,-0.00037819848512299359,1.3223112821578979,-0.081020742654800415,-0.061272066086530685,-0.060305435210466385,-0.045606080442667007,3.4171099662780762,-0.0016146446578204632,-0.056148167699575424,2.2737743854522705,-0.0010016318410634995,-0.033828027546405792,1.6298145055770874e-09,1,0,1,1,-0.054533522576093674,-0.032826393842697144,-0.0055418629199266434,0,0,1,0,0,1,0,0,0,0,0,1,0,0,1,0,1,349.03173828125,-0.00025659799575805664,-0.012525886297225952,-0.012269024737179279,1,4.5528140068054199,-0.00050724390894174576,-0.051913708448410034,2.8618025779724121,-0.00030834460631012917,-0.029188729822635651,-1.51805579662323e-07,0,0.95464658737182617,-0.051406461745500565,-0.02888038381934166,-0.00054676434956490993,0,0,0,0,1,0,0,0,0,0,0,0,1.1078228950500488,0,348.7803955078125,-0.00014275312423706055,-0.01092451810836792,-0.010782280936837196,0.27862423658370972,0,-0.010178869590163231,-0.062793895602226257,-0.045762114226818085,0,-13.499917984008789,0,0.77079766988754272,0.050702467560768127,263.72916663589422,-0.013432754203677177,-0.010158541612327099,267.80499267578125,263.84375,8.7207603454589844,4.2170124053955078,0.92433559894561768,0.076233737170696259
18360,203.54110894102706,1,0.27636229991912842,181.25,8.4342174530029297,0.22222641110420227,1,139.74858093261719,1,33.205085754394531,8.9788570404052734,193.36405349397569,0.05281975120306015,0.011708831414580345,-0.00037759737460874021,1.3223112821578979,-0.081537917256355286,-0.061663180589675903,-0.059591565281152725,-0.045066215097904205,3.4209499359130859,-0.0013906096573919058,-0.05628521740436554,2.2801201343536377,-0.00077336857793852687,-0.032654769718647003,2.4447217583656311e-09,1,0,1,1,-0.05489460751414299,-0.031881403177976608,-0.006562206894159317,0,0,1,0,0,1,0,0,0,0,0,1,0,0,1,0,1,349.02639770507812,-0.00021497905254364014,-0.012339890003204346,-0.012124434113502502,1,4.5664968490600586,-0.00086278514936566353,-0.052543137222528458,2.8684554100036621,-0.0003387918695807457,-0.028621086850762367,-1.4959368854761124e-07,0,0.95466798543930054,-0.051680348813533783,-0.028282294049859047,-0.00058934668777510524,0,0,0,0,1,0,0,0,0,0,0,0,1.1013768911361694,0,348.7762451171875,-0.00011336803436279297,-0.010250717401504517,-0.010137694887816906,0.27813714742660522,0,-0.010170115157961845,-0.06257341057062149,-0.045639809221029282,0,-13.478462219238281,0,0.24664077162742615,0.049789540469646454,263.72499996912666,-0.013411405496299267,-0.010142396204173565,267.8045654296875,263.85537719726562,8.6602439880371094,4.418729305267334,1.3326780796051025,0.089640535414218903
18420,224.47017587894533,1,0.28361934423446655,181.25,8.4320068359375,0.2242068350315094,1,146.9490966796875,1,34.594966888427734,9.0209674835205078,213.24666708499805,0.054381117224693298,0.011799155734479427,-0.00038813304854556918,1.3223112821578979,-0.086957529187202454,-0.065761767327785492,-0.061255611479282379,-0.046324651688337326,3.4290170669555664,-0.0015885967295616865,-0.059006087481975555,2.2836258411407471,-0.00097012356854975224,-0.032431595027446747,1.57160684466362e-09,1,0.00012526096543297172,0.9990234375,0.9990234375,-0.057417493313550949,-0.031461469829082489,-0.0082945795729756355,0.00017321479390375316,0,0.9990234375,0,0,1,0,0,0,0,0,1,0,0,1,0,1,349.02093505859375,-0.00022178888320922852,-0.012408018112182617,-0.012185864150524139,1,4.579352855682373,-0.0016450972761958838,-0.054926984012126923,2.8743126392364502,-0.00081696466077119112,-0.029164571315050125,-1.496518962085247e-07,0,0.95364135503768921,-0.053281888365745544,-0.028347603976726532,-0.00065588060533627868,0,0,0,0,1,0,0,0,0,0,0,0,1.1020133495330811,0,348.77105712890625,-0.00020903348922729492,-0.010410025715827942,-0.010201336815953255,0.27850240468978882,0,-0.010200731456279755,-0.06281694769859314,-0.045674532651901245,0,-13.854536056518555,0,0.25503754615783691,0.050217919051647186,263.7208333023591,-0.013785608112812042,-0.010425387881696224,267.80313110351562,263.83743286132812,8.7361087799072266,4.5775356292724609,1.1145250797271729,0.095239236950874329
18480,221.498365462908,1,0.28879299759864807,181.25,8.4481668472290039,0.22507740557193756,1,150.8541259765625,1,35.442695617675781,8.9591054916381836,210.42344718976258,0.2172456681728363,0.01190811675041914,-0.00039915609522722661,1.3223112821578979,-0.089434906840324402,-0.067635290324687958,-0.064526334404945374,-0.048798143863677979,3.4332716464996338,-0.0010983982356265187,-0.06042042002081871,2.2885856628417969,-0.00061026000184938312,-0.035242535173892975,-5.8207660913467407e-11,1,0,1,1,-0.059322025626897812,-0.034632280468940735,-0.0067539885640144348,0,0,1,0,0,1,0,0,0,0,0,1,0,0,1,0,1,349.0152587890625,-0.00010363012552261353,-0.012675061821937561,-0.01257149875164032,1,4.5818357467651367,-0.0016258510295301676,-0.053205188363790512,2.8787875175476074,-0.00069531647022813559,-0.031253963708877563,-1.4909892342984676e-07,0,0.95334875583648682,-0.051579337567090988,-0.030558645725250244,-0.00044533572508953512,0,0,0,0,1,0,0,0,0,0,0,0,1.1034921407699585,0,348.76571655273438,-0.00011184066534042358,-0.010460749268531799,-0.010349210351705551,0.27998358011245728,0,-0.010265249758958817,-0.06357632577419281,-0.046021260321140289,0,-14.248007774353027,0,2.2082223892211914,0.05300111323595047,263.71666663559154,-0.01417712215334177,-0.010721471160650253,267.80313110351562,263.84823608398438,8.6709747314453125,4.4878721237182617,1.0764117240905762,0.10152774304151535
18540,142.67150495621075,1,0.28725630044937134,181.25,8.458430290222168,0.22472892701625824,1,150.61318969726562,1,34.377189636230469,8.961583137512207,135.53792970840021,0.080833010375499725,0.011568396352231503,-0.00039344647666439414,1.3223112821578979,-0.088956132531166077,-0.06727321445941925,-0.063184283673763275,-0.047783214598894119,3.4363646507263184,-0.0012353817000985146,-0.060781136155128479,2.2922625541687012,-0.00073994416743516922,-0.034695979207754135,1.3969838619232178e-09,1,0,1,1,-0.059545759111642838,-0.033956035971641541,-0.0073397066444158554,0,0,1,0,0,1,0,0,0,0,0,1,0,0,1,0,1,349.01022338867188,-0.00012946128845214844,-0.012699723243713379,-0.012570498511195183,1,4.5768060684204102,-0.0011589229106903076,-0.054512348026037216,2.8773822784423828,-0.0005217771977186203,-0.029070869088172913,-1.4988472685217857e-07,0,0.95259082317352295,-0.053353425115346909,-0.028549090027809143,-0.00065678567625582218,0,0,0,0,1,0,0,0,0,0,0,0,1.1064438819885254,0,348.75958251953125,-8.1330537796020508e-05,-0.010725498199462891,-0.010644391179084778,0.28133964538574219,0,-0.010332401841878891,-0.064233079552650452,-0.046418443322181702,0,-14.044200897216797,0,0.41074517369270325,0.049404211342334747,263.71249996882398,-0.013974329456686974,-0.010568108409643173,267.80355834960938,263.74407958984375,8.6096000671386719,4.181206226348877,1.1379683017730713,0.083612978458404541
18600,139.3128511084123,1,0.28529825806617737,181.25,8.4591693878173828,0.22598539292812347,1,149.34567260742188,1,32.60906982421875,8.8768396377563477,132.34720855299167,0.17730855941772461,0.011447698809206486,-0.00038872705772519112,1.3223112821578979,-0.087507084012031555,-0.0661773681640625,-0.062663018703460693,-0.047389008104801178,3.4382858276367188,-0.0013063452206552029,-0.060230657458305359,2.2905020713806152,-0.0007969229482114315,-0.034864760935306549,1.7462298274040222e-09,1,0,1,1,-0.058924313634634018,-0.034067839384078979,-0.0068415673449635506,0,0,1,0,0,1,0,0,0,0,0,1,0,0,1,0,1,349.00543212890625,-0.00015997886657714844,-0.012616991996765137,-0.012457147240638733,1,4.5701627731323242,-0.00086392275989055634,-0.053627602756023407,2.8712360858917236,-0.0004055975005030632,-0.027377787977457047,-1.4936085790395737e-07,0,0.95322155952453613,-0.052763678133487701,-0.026972189545631409,-0.00072609807830303907,0,0,0,0,1,0,0,0,0,0,0,0,1.1088824272155762,0,348.75384521484375,-5.2690505981445312e-05,-0.010940909385681152,-0.010888244956731796,0.28237545490264893,0,-0.01037280447781086,-0.064749591052532196,-0.046683743596076965,0,-13.875739097595215,0,1.3751344680786133,0.049243725836277008,263.70833330205642,-0.013806705363094807,-0.010441342368721962,267.80313110351562,263.84030151367188,8.6270875930786133,4.3666901588439941,1.4784085750579834,0.093835756182670593
18660,192.63090491909529,1,0.28138008713722229,181.25,8.4618549346923828,0.22607393562793732,1,146.74447631835938,1,30.825750350952148,8.8357954025268555,182.9993596731405,0.07839260995388031,0.011544764973223209,-0.00037954069557599723,1.3223112821578979,-0.085924617946147919,-0.064980626106262207,-0.059814080595970154,-0.045234493911266327,3.4379754066467285,-0.0014787721447646618,-0.059772826731204987,2.2863092422485352,-0.00089188362471759319,-0.033155180513858795,1.0477378964424133e-09,1,0,1,1,-0.058294054120779037,-0.032263293862342834,-0.007824980653822422,0,0,1,0,0,1,0,0,0,0,0,1,0,0,1,0,1,349.00088500976562,-0.00016760826110839844,-0.012418478727340698,-0.012250917032361031,1,4.5636272430419922,-0.00076972879469394684,-0.054585974663496017,2.8677835464477539,-0.00042865006253123283,-0.026512261480093002,-1.5017576515674591e-07,0,0.95290529727935791,-0.053816244006156921,-0.026083610951900482,-0.00082405819557607174,0,0,0,0,1,0,0,0,0,0,0,0,1.1090002059936523,0,348.74917602539062,-7.6144933700561523e-05,-0.010976344347000122,-0.010900011286139488,0.28256386518478394,0,-0.010362816974520683,-0.064915731549263,-0.046635564416646957,0,-13.547828674316406,0,0.39519846439361572,0.049138009548187256,263.70416663528886,-0.013480426743626595,-0.010194594040513039,267.80303955078125,263.79940795898438,8.6109199523925781,4.3731832504272461,1.1046361923217773,0.079973533749580383
18720,212.20288153868685,1,0.27684310078620911,181.25,8.4624910354614258,0.22531971335411072,1,142.58518981933594,1,29.099550247192383,8.8043918609619141,201.59273746175251,0.043376002460718155,0.011498198844492435,-0.00037202038220129907,1.3223112821578979,-0.083399742841720581,-0.063071183860301971,-0.057578064501285553,-0.043543502688407898,3.4368777275085449,-0.0015490166842937469,-0.058570995926856995,2.2812957763671875,-0.00099317426793277264,-0.031459283083677292,1.0477378964424133e-09,1,0,1,1,-0.057021979242563248,-0.03046610951423645,-0.008337101899087429,0,0,1,0,0,1,0,0,0,0,0,1,0,0,1,0,1,348.99542236328125,-0.00017124414443969727,-0.012190818786621094,-0.012019557878375053,1,4.5560750961303711,-0.00058131711557507515,-0.053253293037414551,2.869293212890625,-0.00044739886652678251,-0.026514520868659019,-1.5087425708770752e-07,0,0.9536057710647583,-0.052671976387500763,-0.026067119091749191,-0.00075367814861238003,0,0,0,0,1,0,0,0,0,0,0,0,1.1031385660171509,0,348.74481201171875,-0.00015594065189361572,-0.010469898581504822,-0.010313855484127998,0.28187930583953857,0,-0.010313194245100021,-0.064756706357002258,-0.04620777815580368,0,-13.279388427734375,0,0.19746674597263336,0.048803117126226425,263.6999999685213,-0.013213321566581726,-0.009992595762014389,267.80316162109375,263.7376708984375,8.5458946228027344,4.2113585472106934,0.92149978876113892,0.09087865799665451
18780,180.79496968564516,1,0.26904991269111633,181.25,8.4789104461669922,0.22567938268184662,1,137.43838500976562,1,28.772274017333984,8.8085422515869141,171.7552212013629,0.13569191098213196,0.012245737016201019,-0.00035426687099970877,1.3223112821578979,-0.077643945813179016,-0.058718357235193253,-0.055978529155254364,-0.042333852499723434,3.4313716888427734,-0.00081474788021296263,-0.054397851228713989,2.2802817821502686,-0.000529139069840312,-0.030810996890068054,1.280568540096283e-09,1,0,1,1,-0.053583107888698578,-0.030281858518719673,-0.0064306054264307022,0,0,1,0,0,1,0,0,0,0,0,1,0,0,1,0,1,348.9892578125,-0.0001322329044342041,-0.011772513389587402,-0.011640157550573349,1,4.5486369132995605,0.00012344680726528168,-0.050277665257453918,2.8824644088745117,2.4341046810150146e-05,-0.026667412370443344,-1.5087425708770752e-07,0,0.95511209964752197,-0.050401113927364349,-0.026691753417253494,-0.00058586429804563522,0,0,0,0,1,0,0,0,0,0,0,0,1.0995602607727051,0,348.7406005859375,-0.00015813112258911133,-0.010114192962646484,-0.0099560227245092392,0.28010708093643188,0,-0.01020608376711607,-0.063984110951423645,-0.045560978353023529,0,-12.645671844482422,0,0.85109198093414307,0.052381601184606552,263.69583330175374,-0.012582758441567421,-0.0095157306641340256,267.80252075195312,263.86001586914062,8.5458354949951172,4.1813621520996094,1.0604120492935181,0.072455540299415588
18840,179.83159241725389,1,0.26243028044700623,181.25,8.4858922958374023,0.22706842422485352,1,132.25363159179688,1,29.034107208251953,8.8884906768798828,170.84001279639119,0.11324233561754227,0.012580029666423798,-0.00034164436510764062,1.3223112821578979,-0.073683016002178192,-0.055722896009683609,-0.053516659885644913,-0.040472060441970825,3.4186728000640869,-0.00076848512981086969,-0.051782935857772827,2.2820711135864258,-0.00054309942061081529,-0.029839282855391502,1.7462298274040222e-10,1,0,1,1,-0.051014453172683716,-0.029296183958649635,-0.0058684274554252625,0,0,1,0,0,1,0,0,0,0,0,1,0,0,1,0,1,348.98297119140625,-0.00013364851474761963,-0.01157553493976593,-0.011441907845437527,1,4.5444488525390625,0.00040997983887791634,-0.045686986297369003,2.9006562232971191,0.00012919865548610687,-0.027515601366758347,-1.5052501112222672e-07,0,0.95839101076126099,-0.046096965670585632,-0.027644798159599304,-0.00030548271024599671,0,0,0,0,1,0,0,0,0,0,0,0,1.0995492935180664,0,348.736328125,-0.00014853477478027344,-0.010103553533554077,-0.0099549368023872375,0.27751144766807556,0,-0.010048940777778625,-0.062766522169113159,-0.044830061495304108,0,-12.195106506347656,0,0.64645636081695557,0.053713172674179077,263.69166663498618,-0.012134434655308723,-0.0091766854748129845,267.80197143554688,263.790771484375,8.6544456481933594,4.5225944519042969,1.1831152439117432,0.082056485116481781
18900,157.17844444366258,1,0.26554325222969055,181.25,8.4955816268920898,0.2273743748664856,1,131.05947875976562,1,30.157459259033203,8.8474721908569336,149.31952222147945,0.12174829840660095,0.013062523677945137,-0.00035717195714823902,1.3223112821578979,-0.07470761239528656,-0.05649774894118309,-0.055790230631828308,-0.042191449552774429,3.3993782997131348,-0.00078653416130691767,-0.051271736621856689,2.288264274597168,-0.00044962484389543533,-0.03092653863132,-4.3655745685100555e-10,1,0,1,1,-0.050485201179981232,-0.03047691285610199,-0.0047416957095265388,0,0,1,0,0,1,0,0,0,0,0,1,0,0,1,0,1,348.9769287109375,-0.00010086596012115479,-0.012087255716323853,-0.011986441910266876,1,4.5386619567871094,-3.8441503420472145e-06,-0.044212967157363892,2.9178133010864258,9.2890695668756962e-06,-0.028184849768877029,-1.5419209375977516e-07,0,0.96024894714355469,-0.044209115207195282,-0.028194136917591095,-0.00019761492148973048,0,0,0,0,1,0,0,0,0,0,0,0,1.0999858379364014,0,348.73199462890625,-9.5494091510772705e-05,-0.010094046592712402,-0.0099985785782337189,0.2749311625957489,0,-0.0099115418270230293,-0.061489462852478027,-0.044143173843622208,0,-12.749370574951172,0,0.71923041343688965,0.056096270680427551,263.68749996821862,-0.012685940600931644,-0.0095937624573707581,267.80227661132812,263.71371459960938,8.6442060470581055,4.0943093299865723,0.93725013732910156,0.081645682454109192
18960,135.45113143441716,1,0.27150988578796387,181.25,8.5068235397338867,0.22482739388942719,1,135.70294189453125,1,32.522247314453125,8.8424234390258789,128.67857486269631,1.7689427137374878,0.014835264533758163,-0.00036872929194942117,1.3223112821578979,-0.077653221786022186,-0.058725371956825256,-0.058922562748193741,-0.044560279697179794,3.3879804611206055,-0.0012414368102326989,-0.052733980119228363,2.295651912689209,-0.00097815797198563814,-0.032677695155143738,4.6566128730773926e-10,1,0,1,1,-0.051492538303136826,-0.031699534505605698,-0.004519263282418251,0,0,1,0,0,1,0,0,0,0,0,1,0,0,1,0,1,348.97210693359375,-0.00020141899585723877,-0.012418091297149658,-0.012216687202453613,1,4.5369091033935547,-0.00060897314688190818,-0.04696042463183403,2.9234323501586914,-0.00044000946218147874,-0.02995874360203743,-1.5414843801409006e-07,0,0.95897448062896729,-0.04635145515203476,-0.02951873280107975,-0.00021395097428467125,0,0,0,0,1,0,0,0,0,0,0,0,1.1024119853973389,0,348.7257080078125,-0.00015313923358917236,-0.010394379496574402,-0.010241205804049969,0.27381229400634766,0,-0.009893747977912426,-0.060853295028209686,-0.043990567326545715,0,-13.161913871765137,0.0009765625,10,0.066731899976730347,263.68333330145106,-0.013096431270241737,-0.009904196485877037,267.80300903320312,263.77349853515625,8.6227855682373047,4.3216867446899414,0.95159465074539185,0.088695153594017029
19020,157.86215823886192,1,0.27484092116355896,181.25,8.5272645950317383,0.22289609909057617,1,137.62335205078125,1,31.37493896484375,8.8788824081420898,149.96905032691882,0.25361016392707825,0.013573207892477512,-0.00037713084020651877,1.3223112821578979,-0.080217793583869934,-0.060664832592010498,-0.059514224529266357,-0.045007728040218353,3.3802261352539062,-0.0015354612842202187,-0.0544758141040802,2.3037292957305908,-0.0012273379834368825,-0.032223407179117203,2.3283064365386963e-09,1,0,1,1,-0.052940350025892258,-0.030996069312095642,-0.006258055567741394,0,0,1,0,0,1,0,0,0,0,0,1,0,0,1,0,1,348.96682739257812,-0.00028061866760253906,-0.012621253728866577,-0.012340432032942772,1,4.5380887985229492,-0.00099386135116219521,-0.046428389847278595,2.9244453907012939,-0.00065543991513550282,-0.029871692880988121,-1.5518162399530411e-07,0,0.95983755588531494,-0.045434530824422836,-0.029216252267360687,-0.00022674628417007625,0,0,0,0,1,0,0,0,0,0,0,0,1.100231409072876,0,348.71905517578125,-0.00016617774963378906,-0.010189235210418701,-0.010023137554526329,0.27367901802062988,0,-0.0099172312766313553,-0.060638546943664551,-0.044188790023326874,0,-13.461808204650879,0,3.6404814720153809,0.062574312090873718,263.6791666346835,-0.013394834473729134,-0.010129864327609539,267.80239868164062,263.83990478515625,8.6730003356933594,4.4180793762207031,1.046369194984436,0.080190658569335938
19080,163.37093032829534,1,0.27865225076675415,181.25,8.5428009033203125,0.22276212275028229,1,138.97499084472656,1,29.216974258422852,8.8651638031005859,155.20238381188057,0.13772322237491608,0.012418199330568314,-0.00038921626401133835,1.3223112821578979,-0.082597494125366211,-0.062464486807584763,-0.060987900942564011,-0.046122197061777115,3.3746700286865234,-0.0017268359661102295,-0.055810973048210144,2.3078322410583496,-0.0011141822906211019,-0.033883281052112579,1.862645149230957e-09,1,0,1,1,-0.054084137082099915,-0.032769098877906799,-0.0055012749508023262,0,0,1,0,0,1,0,0,0,0,0,1,0,0,1,0,1,348.9609375,-0.0002695918083190918,-0.012775838375091553,-0.012506114318966866,1,4.5351371765136719,-0.0010487362742424011,-0.047529082745313644,2.9211230278015137,-0.00048943795263767242,-0.028110746294260025,-1.544831320643425e-07,0,0.95969974994659424,-0.046480350196361542,-0.027621306478977203,-0.0003910298109985888,0,0,0,0,1,0,0,0,0,0,0,0,1.0956785678863525,0,348.7109375,-0.00018912553787231445,-0.0097568035125732422,-0.0095678661018610001,0.27414211630821228,0,-0.0099775474518537521,-0.060810074210166931,-0.044424265623092651,0,-13.89320182800293,0,0.87176674604415894,0.053394529968500137,263.67499996791594,-0.013824081048369408,-0.010454483330249786,267.80084228515625,263.83718872070312,8.6183185577392578,4.3261871337890625,1.1099486351013184,0.082202345132827759
19140,165.14447936836788,1,0.28319212794303894,181.25,8.550175666809082,0.22136647999286652,1,142.42535400390625,1,26.932441711425781,8.818568229675293,156.88725539994948,0.33541905879974365,0.012628281489014626,-0.00039865411235950887,1.3223112821578979,-0.084921956062316895,-0.064222365617752075,-0.063514620065689087,-0.048033032566308975,3.3696355819702148,-0.001558313611894846,-0.057463053613901138,2.3074462413787842,-0.00091403571423143148,-0.035153232514858246,1.8044374883174896e-09,1,0,1,1,-0.055904734879732132,-0.034239195287227631,-0.0054409164004027843,0,0,1,0,0,1,0,0,0,0,0,1,0,0,1,0,1,348.95477294921875,-0.00020709633827209473,-0.012947767972946167,-0.01274049561470747,1,4.5208292007446289,-0.00081976008368656039,-0.046996768563985825,2.9099135398864746,-0.0003497981233522296,-0.027283232659101486,-1.544394763186574e-07,0,0.95994943380355835,-0.046177010983228683,-0.026933431625366211,-0.00043671880848705769,0,0,0,0,1,0,0,0,0,0,0,0,1.0966615676879883,0,348.70159912109375,-0.00018985196948051453,-0.0098558217287063599,-0.0096661541610956192,0.2755122184753418,0,-0.010099736973643303,-0.061310850083827972,-0.044951401650905609,0,-14.230088233947754,0.0009765625,10,0.063273578882217407,263.67083330114838,-0.014159291982650757,-0.010707986541092396,267.79977416992188,263.80056762695312,8.6470155715942383,4.2634973526000977,0.9098968505859375,0.074168942868709564
19200,162.30459791385536,1,0.2844962477684021,181.25,8.5679349899291992,0.22014640271663666,1,146.17247009277344,1,27.842052459716797,8.8383808135986328,154.18936801816258,0.079479493200778961,0.011922525241971016,-0.00039382567047141492,1.3223112821578979,-0.085927486419677734,-0.064982794225215912,-0.063803620636463165,-0.048251587897539139,3.3657732009887695,-0.0024016709066927433,-0.058553442358970642,2.3058016300201416,-0.0016158935613930225,-0.035882484167814255,1.5133991837501526e-09,1,0,1,1,-0.056151770055294037,-0.03426659107208252,-0.0056601772084832191,0,0,1,0,0,1,0,0,0,0,0,1,0,0,1,0,1,348.94873046875,-0.00029128789901733398,-0.012660413980484009,-0.01236904039978981,1,4.5026769638061523,-0.0011762751964852214,-0.049619309604167938,2.8952884674072266,-0.00073124433401972055,-0.027849115431308746,-1.5553086996078491e-07,0,0.95827662944793701,-0.048443038016557693,-0.02711787074804306,-0.00054800114594399929,0,0,0,0,1,0,0,0,0,0,0,0,1.0976402759552002,0,348.69390869140625,-0.00021636486053466797,-0.0099805444478988647,-0.0097640370950102806,0.27705615758895874,0,-0.010200422257184982,-0.061966359615325928,-0.045549504458904266,0,-14.057735443115234,0,0.40208971500396729,0.050860069692134857,263.66666663438082,-0.013987796381115913,-0.010578293353319168,267.79873657226562,263.84835815429688,8.6543445587158203,4.3433828353881836,1.1491012573242188,0.089117772877216339
19260,163.70019174509693,1,0.27897012233734131,181.25,8.5753850936889648,0.21831750869750977,1,140.66876220703125,1,27.156953811645508,8.9398288726806641,155.51518215784208,0.05539395660161972,0.011819718405604362,-0.00038584726280532777,1.3223112821578979,-0.083482019603252411,-0.063133411109447479,-0.060173135250806808,-0.045506030321121216,3.3681015968322754,-0.0015858728438615799,-0.058188367635011673,2.3029804229736328,-0.0011513382196426392,-0.033758237957954407,2.9103830456733704e-09,1,0,1,1,-0.056602492928504944,-0.032606899738311768,-0.007305637001991272,0,0,1,0,0,1,0,0,0,0,0,1,0,0,1,0,1,348.943359375,-0.00024488568305969238,-0.012666851282119751,-0.012421520426869392,1,4.4909858703613281,-0.0007765553891658783,-0.052010376006364822,2.88246750831604,-0.00050150277093052864,-0.026618234813213348,-1.5599653124809265e-07,0,0.9564664363861084,-0.051233820617198944,-0.026116730645298958,-0.00074388465145602822,0,0,0,0,1,0,0,0,0,0,0,0,1.1017746925354004,0,348.68719482421875,-0.00016742944717407227,-0.010344803333282471,-0.010177465155720711,0.27802276611328125,0,-0.010265255346894264,-0.062419064342975616,-0.045858100056648254,0,-13.772945404052734,0,0.26052692532539368,0.050259552896022797,263.66249996761326,-0.013704422861337662,-0.010363991372287273,267.79818725585938,263.82345581054688,8.6659784317016602,4.2960014343261719,1.1172490119934082,0.085176065564155579
19320,210.94899258337159,1,0.27148115634918213,181.25,8.5817928314208984,0.2186381071805954,1,137.72457885742188,1,26.194747924804688,8.9496364593505859,200.40154295420299,0.092896074056625366,0.012385154142975807,-0.00036320145591162145,1.3223112821578979,-0.079039350152015686,-0.059773635119199753,-0.057014480233192444,-0.04311729222536087,3.371384859085083,-0.0014315531589090824,-0.05540485680103302,2.2940025329589844,-0.0011318400502204895,-0.031397540122270584,3.9581209421157837e-09,1,0,1,1,-0.053973302245140076,-0.030265700072050095,-0.0075386129319667816,0,0,1,0,0,1,0,0,0,0,0,1,0,0,1,0,1,348.93701171875,-0.00021916627883911133,-0.011900842189788818,-0.011681234464049339,1,4.4899501800537109,-0.00065833516418933868,-0.05114414170384407,2.8723888397216797,-0.00033823773264884949,-0.023396462202072144,-1.5436671674251556e-07,0,0.95843440294265747,-0.050485812127590179,-0.023058220744132996,-0.00089586409740149975,0,0,0,0,1,0,0,0,0,0,0,0,1.0927977561950684,0,348.68109130859375,-0.0001137852668762207,-0.0093936920166015625,-0.0092797763645648956,0.27700835466384888,0,-0.01020988542586565,-0.062069129198789597,-0.045422188937664032,0,-12.964594841003418,0,0.49172639846801758,0.052994366735219955,263.6583333008457,-0.012900094501674175,-0.0097557166591286659,267.79800415039062,263.81552124023438,8.7327566146850586,4.3464813232421875,1.0263137817382812,0.08641718327999115
19380,234.38256208178061,1,0.26936379075050354,181.25,8.5690717697143555,0.21674607694149017,1,138.15766906738281,1,26.33660888671875,8.9984407424926758,222.66343397769157,0.11468926072120667,0.012467918917536736,-0.00035365737858228385,1.3223112821578979,-0.078593596816062927,-0.059436533600091934,-0.055027768015861511,-0.041614837944507599,3.369659423828125,-0.0016773941460996866,-0.054834321141242981,2.278273344039917,-0.0010311203077435493,-0.029465718194842339,3.2596290111541748e-09,1,0,1,1,-0.053156927227973938,-0.028434595093131065,-0.0083159655332565308,0,0,1,0,0,1,0,0,0,0,0,1,0,0,1,0,1,348.9290771484375,-0.00025695562362670898,-0.011507213115692139,-0.011249849572777748,1,4.4905271530151367,-0.0010466962121427059,-0.049355357885360718,2.859898567199707,-0.00043940660543739796,-0.01971595361828804,-1.5320256352424622e-07,0,0.96161186695098877,-0.048308659344911575,-0.019276546314358711,-0.00099830131512135267,0,0,0,0,1,0,0,0,0,0,0,0,1.0905201435089111,0,348.67459106445312,-0.00021725893020629883,-0.0092694759368896484,-0.0090520177036523819,0.2757185697555542,0,-0.010103600099682808,-0.061638519167900085,-0.04487629234790802,0,-12.62391471862793,0,0.65846520662307739,0.053393833339214325,263.65416663407814,-0.01256110891699791,-0.0094993589445948601,267.79745483398438,263.72735595703125,8.7523889541625977,4.1035547256469727,0.79914212226867676,0.073415108025074005
19440,163.25025475893494,1,0.26744133234024048,168.75,8.5764856338500977,0.25991371273994446,1,136.21437072753906,1,27.685184478759766,8.8779745101928711,155.0877420209882,0.057813938707113266,0.012148303911089897,-0.0003510772658046335,1.3223112821578979,-0.07783953845500946,-0.058866273611783981,-0.053721785545349121,-0.040627185255289078,3.3648548126220703,-0.0014043307164683938,-0.055013466626405716,2.2595314979553223,-0.00061363109853118658,-0.028222000226378441,1.3533281162381172e-09,1,0,1,1,-0.053609132766723633,-0.027608372271060944,-0.0090292850509285927,0,0,1,0,0,1,0,0,0,0,0,1,0,0,1,0,1,348.92184448242188,-0.00022115558385848999,-0.011546559631824493,-0.01132498774677515,1,4.4860086441040039,-0.00090706383343786001,-0.049355119466781616,2.8464605808258057,-0.00018114759586751461,-0.018971173092722893,-1.5337718650698662e-07,0,0.9622763991355896,-0.04844805970788002,-0.018790021538734436,-0.0010085490066558123,0,0,0,0,1,0,0,0,0,0,0,0,1.0941489934921265,0,348.668212890625,-0.00019460916519165039,-0.0096095949411392212,-0.0094148945063352585,0.27433830499649048,0,-0.0099820978939533234,-0.061148293316364288,-0.044204920530319214,0,-12.531817436218262,0,0.27378103137016296,0.051670357584953308,263.64999996731058,-0.012469470500946045,-0.0094300564378499985,267.79769897460938,263.798095703125,8.6816120147705078,4.364990234375,1.3650834560394287,0.083730831742286682
19500,267.91216398058702,1,0.26548242568969727,181.25,8.6058454513549805,0.21323128044605255,1,135.87043762207031,1,29.30323600769043,8.7863969802856445,254.51655578155766,0.044704455882310867,0.012021233327686787,-0.00034428838989697397,1.3223112821578979,-0.077468283474445343,-0.058585513383150101,-0.051811933517456055,-0.039182856678962708,3.3618342876434326,-0.0016980536747723818,-0.054440576583147049,2.2443587779998779,-0.00090105377603322268,-0.027082130312919617,2.0954757928848267e-09,1,0,1,1,-0.052742514759302139,-0.02618107944726944,-0.0093590859323740005,0,0,1,0,0,1,0,0,0,0,0,1,0,0,1,0,1,348.91522216796875,-0.00029227137565612793,-0.011142149567604065,-0.010849649086594582,1,4.482515811920166,-0.001466184388846159,-0.04888838529586792,2.8390979766845703,-0.000674485694617033,-0.019773624837398529,-1.5250407159328461e-07,0,0.96328264474868774,-0.047422200441360474,-0.019099138677120209,-0.00090159534011036158,0,0,0,0,1,0,0,0,0,0,0,0,1.0902695655822754,0,348.6627197265625,-0.00028520822525024414,-0.0093122422695159912,-0.0090269651263952255,0.27300560474395752,0,-0.0098723527044057846,-0.060725368559360504,-0.043446220457553864,0,-12.289486885070801,0,0.20422333478927612,0.051072124391794205,263.64583330054302,-0.01222834549844265,-0.009247705340385437,267.79779052734375,263.83853149414062,8.5950803756713867,4.3151102066040039,0.9531291127204895,0.06583133339881897
19560,143.50046484650338,1,0.26232698559761047,181.25,8.6291732788085938,0.21474207937717438,1,134.01345825195312,1,27.451887130737305,8.7948665618896484,136.3254416041782,0.14651522040367126,0.013027431443333626,-0.00033675998565740883,1.3223112821578979,-0.075454086065292358,-0.057062271982431412,-0.050861094146966934,-0.038463782519102097,3.3528342247009277,-0.001929533202201128,-0.052439231425523758,2.2335207462310791,-0.00096797954756766558,-0.0264741200953722,7.5669959187507629e-10,1,0,1,1,-0.050509698688983917,-0.025506142526865005,-0.0082903522998094559,0,0,1,0,0,1,0,0,0,0,0,1,0,0,1,0,1,348.90744018554688,-0.00028461217880249023,-0.010950848460197449,-0.010666016489267349,1,4.4791746139526367,-0.0012693740427494049,-0.042545486241579056,2.8389697074890137,-0.00055903522297739983,-0.020762786269187927,-1.521548256278038e-07,0,0.96694201231002808,-0.041276119649410248,-0.020203752443194389,-0.00053815142018720508,0,0,0,0,1,0,0,0,0,0,0,0,1.0832506418228149,0,348.657958984375,-0.00023442506790161133,-0.0085595548152923584,-0.0083250692114233971,0.27125078439712524,0,-0.0097322594374418259,-0.060165658593177795,-0.042535394430160522,0,-12.020758628845215,0,0.96611326932907104,0.056292526423931122,263.64166663377546,-0.0119609534740448,-0.009045490063726902,267.7972412109375,263.79891967773438,8.599822998046875,4.1165685653686523,0.86001956462860107,0.053231619298458099
19620,151.12645252049731,1,0.25897106528282166,168.75,8.6399173736572266,0.26016297936439514,1,130.77774047851562,1,26.92609977722168,8.9638881683349609,143.57012989447244,0.17386443912982941,0.01316967885941267,-0.00033201667247340083,1.3223112821578979,-0.073198094964027405,-0.05535617470741272,-0.050065569579601288,-0.03786216676235199,3.3356239795684814,-0.0018623669166117907,-0.051020778715610504,2.2253594398498535,-0.00092765828594565392,-0.02578851580619812,2.3283064365386963e-10,1,0,1,1,-0.049158409237861633,-0.02486085519194603,-0.007876027375459671,0,0,1,0,0,1,0,0,0,0,0,1,0,0,1,0,1,348.89935302734375,-0.00024935603141784668,-0.010993480682373047,-0.010743883438408375,1,4.4670295715332031,-0.00077240960672497749,-0.040040403604507446,2.8422539234161377,-0.00019913027063012123,-0.019818814471364021,-1.5273690223693848e-07,0,0.96867406368255615,-0.039267994463443756,-0.019619686529040337,-0.00048033849452622235,0,0,0,0,1,0,0,0,0,0,0,0,1.0836037397384644,0,348.6517333984375,-0.00015929341316223145,-0.0085196793079376221,-0.0083603793755173683,0.26941639184951782,0,-0.0096022235229611397,-0.059482239186763763,-0.041792333126068115,0,-11.851443290710449,0,1.3219683170318604,0.056973464787006378,263.6374999670079,-0.011792480945587158,-0.0089180823415517807,267.79574584960938,263.72891235351562,8.6740837097167969,4.4060144424438477,0.90182715654373169,0.066739737987518311
19680,201.58512570196345,1,0.25399047136306763,168.75,8.6477489471435547,0.25818529725074768,1,125.36302947998047,1,26.614805221557617,9.0911703109741211,191.50586941686527,0.055713806301355362,0.013136048801243305,-0.0003267554275225848,1.3223112821578979,-0.070056349039077759,-0.052980225533246994,-0.048670865595340729,-0.036807417869567871,3.315392017364502,-0.0014743534848093987,-0.048837848007678986,2.2142539024353027,-0.00075777620077133179,-0.025693519040942192,1.1641532182693481e-09,1,0,1,1,-0.047363493591547012,-0.024935740977525711,-0.0066760694608092308,0,0,1,0,0,1,0,0,0,0,0,1,0,0,1,0,1,348.89202880859375,-0.00021821260452270508,-0.011032998561859131,-0.010814592242240906,1,4.4556059837341309,-0.00097501836717128754,-0.037162195891141891,2.8432135581970215,-0.00048140855506062508,-0.018494758754968643,-1.5203841030597687e-07,0,0.97147399187088013,-0.036187179386615753,-0.018013350665569305,-0.00043637445196509361,0,0,0,0,1,0,0,0,0,0,0,0,1.0859763622283936,0,348.6458740234375,-0.00016760826110839844,-0.0087653398513793945,-0.0085976431146264076,0.2670314610004425,0,-0.0094611179083585739,-0.05851300060749054,-0.040957465767860413,0,-11.663641929626465,0,0.26226750016212463,0.056055784225463867,263.63333330024034,-0.011605613864958286,-0.008776763454079628,267.79669189453125,263.73760986328125,8.7796745300292969,4.2770390510559082,0.83770215511322021,0.057981647551059723
19740,191.49865718589174,1,0.2550111711025238,168.75,8.6524429321289062,0.25884062051773071,1,124.63674926757812,1,28.534452438354492,9.2017297744750977,181.92372432659715,0.17757825553417206,0.013081077486276627,-0.00033263769000768661,1.3223112821578979,-0.070714615285396576,-0.053478039801120758,-0.048927139490842819,-0.037001226097345352,3.2941379547119141,-0.00094066327437758446,-0.048563413321971893,2.2081527709960938,-0.00041676778346300125,-0.025993570685386658,2.3283064365386963e-09,1,6.2451290432363749e-05,0.9990234375,0.9990234375,-0.047622747719287872,-0.025576803833246231,-0.006283964030444622,7.7737277024425566e-05,0,0.9990234375,0,0,1,0,0,0,0,0,1,0,0.0004579780506901443,0.9990234375,0.00057007576106116176,0.9990234375,348.8858642578125,-0.00018024444580078125,-0.011074244976043701,-0.010893901810050011,0.9990234375,4.4426908493041992,-0.00039461394771933556,-0.036435224115848541,2.8469219207763672,-0.00025553954765200615,-0.020378699526190758,-1.5110708773136139e-07,0,0.97108691930770874,-0.036040615290403366,-0.020123161375522614,-0.0003039962612092495,0,0,0,0,1,0,0,0,0,0,0,0,1.0878771543502808,0,348.6407470703125,-0.00011116266250610352,-0.0088989734649658203,-0.0087877213954925537,0.26490280032157898,0,-0.009359416551887989,-0.0575912706553936,-0.040269665420055389,0,-11.873611450195312,0,1.3793920278549194,0.05641472339630127,263.62916663347278,-0.011814538389444351,-0.0089347632601857185,267.79580688476562,263.69171142578125,8.9428749084472656,4.4743556976318359,1.0388517379760742,0.072603136301040649
19800,209.83465203322126,1,0.2534463107585907,168.75,8.6484699249267578,0.25794586539268494,1,123.38714599609375,1,29.596185684204102,9.1840572357177734,199.34291943156018,0.096386730670928955,0.013586085289716721,-0.00032985868165269494,1.3223112821578979,-0.069195836782455444,-0.052329462021589279,-0.049259718507528305,-0.037252739071846008,3.2749595642089844,-0.0011041925754398108,-0.047077365219593048,2.2091517448425293,-0.00063989358022809029,-0.02651369571685791,1.7462298274040222e-09,1,3.4176453482359648e-05,0.9990234375,0.9990234375,-0.045973166823387146,-0.025873800739645958,-0.0050923824310302734,4.1945491830119863e-05,0,0.9990234375,0,0,1,0,0,0,0,0,1,0,0,1,0,1,348.88058471679688,-0.00019720196723937988,-0.011128544807434082,-0.010931344702839851,1,4.4332275390625,-0.00063628656789660454,-0.036428973078727722,2.8557446002960205,-0.00041576987132430077,-0.022470306605100632,-1.5046680346131325e-07,0,0.97097218036651611,-0.03579268604516983,-0.022054534405469894,-0.00017446573474444449,0,0,0,0,1,0,0,0,0,0,0,0,1.090067982673645,0,348.63565063476562,-0.0001964867115020752,-0.0092032849788665771,-0.0090067964047193527,0.26289498805999756,0,-0.009272819384932518,-0.056723959743976593,-0.039663523435592651,0,-11.7744140625,0,0.51654404401779175,0.058209214359521866,263.62499996670522,-0.011715834960341454,-0.0088601186871528625,267.79388427734375,263.74798583984375,8.9028911590576172,4.4933919906616211,1.2537422180175781,0.080455392599105835
19860,179.88418371260309,1,0.25560614466667175,181.25,8.6536293029785156,0.2099498063325882,1,125.45375823974609,1,30.974836349487305,9.0454597473144531,170.88997452697294,0.11109506338834763,0.013576316647231579,-0.00033278996124863625,1.3223112821578979,-0.068889215588569641,-0.052097577601671219,-0.052133955061435699,-0.03942638635635376,3.2632279396057129,-0.001433507539331913,-0.046898365020751953,2.217376708984375,-0.00090637733228504658,-0.027924012392759323,4.0745362639427185e-10,1,0.00067792582558467984,0.9970703125,0.9970703125,-0.045464858412742615,-0.027017634361982346,-0.0041162599809467793,0.00083897891454398632,0,0.9970703125,0,0,1,0,0,0,0,0,1,0,0,1,0,1,348.87600708007812,-0.00020492076873779297,-0.011030048131942749,-0.010825237259268761,1,4.4314765930175781,-0.0013814633712172508,-0.039106510579586029,2.8624815940856934,-0.00077879894524812698,-0.023838803172111511,-1.5017576515674591e-07,0,0.96963036060333252,-0.037725046277046204,-0.023060008883476257,-0.00020632694941014051,0,0,0,0,1,0,0,0,0,0,0,0,1.0897202491760254,0,348.63092041015625,-0.000255584716796875,-0.0092276334762573242,-0.0089720236137509346,0.26149588823318481,0,-0.0092128515243530273,-0.055936560034751892,-0.039486207067966461,0,-11.879045486450195,0,0.62890148162841797,0.058321550488471985,263.62083329993766,-0.011819945648312569,-0.0089388526976108551,267.79290771484375,263.70343017578125,8.8175201416015625,4.8894076347351074,0.93765711784362793,0.081664763391017914
19920,164.98555241400811,1,0.26067048311233521,181.25,8.6737966537475586,0.20867572724819183,1,128.69839477539062,1,32.070987701416016,8.9367170333862305,156.7362747933077,0.046380359679460526,0.012971896678209305,-0.00034406653139740229,1.3223112821578979,-0.072742447257041931,-0.055011589080095291,-0.052740249782800674,-0.039884898811578751,3.2595863342285156,-0.0012409011833369732,-0.049468077719211578,2.222562313079834,-0.00080374977551400661,-0.027843397110700607,0,1,0.004173103254288435,0.9951171875,0.9951171875,-0.048227176070213318,-0.027039647102355957,-0.0059215100482106209,0.0052708666771650314,0,0.9951171875,0,0,1,0,0,0,0,0,1,0,0,1,0,1,348.8709716796875,-0.00015762448310852051,-0.011195838451385498,-0.011038187891244888,1,4.4324607849121094,-0.0017837588675320148,-0.042656991630792618,2.8657131195068359,-0.00118837202899158,-0.023758966475725174,-1.5064142644405365e-07,0,0.96840012073516846,-0.04087323322892189,-0.022570595145225525,-0.00036666111554950476,0,0,0,0,1,0,0,0,0,0,0,0,1.0887079238891602,0,348.62518310546875,-0.00031906366348266602,-0.0091897547245025635,-0.0088708028197288513,0.26079779863357544,0,-0.0091859772801399231,-0.055481318384408951,-0.039493229240179062,0,-12.281566619873047,0,0.2128201425075531,0.05533050000667572,263.6166666331701,-0.012220464646816254,-0.0092417458072304726,267.79266357421875,263.65414428710938,8.6541938781738281,4.4685959815979004,1.1104857921600342,0.0945778489112854
19980,175.61132258905513,1,0.26730328798294067,181.25,8.6816091537475586,0.20906504988670349,1,133.73504638671875,1,33.074943542480469,9.0225849151611328,166.83075645960238,0.13071718811988831,0.012523328885436058,-0.00035703240428119898,1.3223112821578979,-0.076445281505584717,-0.057811863720417023,-0.05552198737859726,-0.041988592594861984,3.2650260925292969,-0.0012303914409130812,-0.052116364240646362,2.2289359569549561,-0.00072211609221994877,-0.028767399489879608,-9.3132257461547852e-10,1,0,1,1,-0.050885967910289764,-0.028045281767845154,-0.0067130569368600845,0,0,1,0,0,1,0,0,0,0,0,1,0,0,1,0,1,348.866455078125,-0.00010749697685241699,-0.01153448224067688,-0.011427057906985283,1,4.4338665008544922,-0.0022848327644169331,-0.047844745218753815,2.8685684204101562,-0.0014191321097314358,-0.024871986359357834,-1.5075784176588058e-07,0,0.9656025767326355,-0.045559912919998169,-0.02345285564661026,-0.00050675857346504927,0,0,0,0,1,0,0,0,0,0,0,0,1.0956082344055176,0,348.61871337890625,-0.00029015541076660156,-0.009850919246673584,-0.0095608187839388847,0.26153585314750671,0,-0.0092417942360043526,-0.055718719959259033,-0.039807848632335663,0,-12.744388580322266,0,0.80210191011428833,0.053570147603750229,263.61249996640254,-0.012680984102189541,-0.0095900138840079308,267.79360961914062,263.697998046875,8.7469902038574219,4.4742755889892578,1.2155947685241699,0.11956527829170227
20040,154.39337199690212,1,0.26825639605522156,181.25,8.6814842224121094,0.20776940882205963,1,135.34185791015625,1,31.399324417114258,9.0156726837158203,146.67370339705701,0.27601894736289978,0.012830878607928753,-0.00035658094566315413,1.3223112821578979,-0.076832175254821777,-0.058104455471038818,-0.056137196719646454,-0.042453844100236893,3.277646541595459,-0.00097584770992398262,-0.051924958825111389,2.2336030006408691,-0.00055951555259525776,-0.029233228415250778,-1.7462298274040222e-09,1,0,1,1,-0.050949111580848694,-0.028673714026808739,-0.006384765263646841,0,0,1,0,0,1,0,0,0,0,0,1,0,0,1,0,1,348.86212158203125,-0.00011748075485229492,-0.011375725269317627,-0.011258393526077271,1,4.4432621002197266,-0.0020595649257302284,-0.049029279500246048,2.8693652153015137,-0.0013826435897499323,-0.024634804576635361,-1.5029218047857285e-07,0,0.96470403671264648,-0.046969711780548096,-0.023252164945006371,-0.00058858457487076521,0,0,0,0,1,0,0,0,0,0,0,0,1.0930929183959961,0,348.61395263671875,-0.00023037195205688477,-0.0095396041870117188,-0.0093092899769544601,0.26246669888496399,0,-0.0092962896451354027,-0.056065421551465988,-0.040192794054746628,0,-12.728272438049316,0,5.3484625816345215,0.058926653116941452,263.60833329963498,-0.012664947658777237,-0.0095778871327638626,267.79434204101562,263.62344360351562,8.7804431915283203,4.2278594970703125,1.1142334938049316,0.094209372997283936
20100,163.80908458471293,1,0.26998436450958252,181.25,8.6977014541625977,0.20557615160942078,1,136.39741516113281,1,31.294918060302734,8.9708528518676758,155.61863035547728,0.14123989641666412,0.012666618451476097,-0.00036070292117074132,1.3223112821578979,-0.078674420714378357,-0.059497654438018799,-0.055681847035884857,-0.04210948571562767,3.2880492210388184,-0.00096899364143610001,-0.053441368043422699,2.2343599796295166,-0.00090614124201238155,-0.028957514092326164,-2.3283064365386963e-09,1,0,1,1,-0.052472375333309174,-0.028051372617483139,-0.0077591575682163239,0,0,1,0,0,1,0,0,0,0,0,1,0,0,1,0,1,348.856201171875,-0.00014674663543701172,-0.011499613523483276,-0.011352945119142532,1,4.4518880844116211,-0.0016348985955119133,-0.048818562179803848,2.8661453723907471,-0.0017533623613417149,-0.023288901895284653,-1.5157274901866913e-07,0,0.96492147445678711,-0.047183666378259659,-0.021535541862249374,-0.00068458402529358864,0,0,0,0,1,0,0,0,0,0,0,0,1.0884790420532227,0,348.60858154296875,-6.5624713897705078e-05,-0.0089131593704223633,-0.0088479109108448029,0.26353591680526733,0,-0.0093497727066278458,-0.056544385850429535,-0.04052550345659256,0,-12.875407218933105,0,0.90852928161621094,0.054464232176542282,263.60416663286742,-0.012811350636184216,-0.0096886046230792999,267.79461669921875,263.66683959960938,8.7289648056030273,4.3626189231872559,0.92404890060424805,0.088742397725582123
20160,206.18264843651031,1,0.27622595429420471,181.25,8.710515022277832,0.20522546768188477,1,139.9669189453125,1,34.236686706542969,9.0629549026489258,195.87351601468478,0.048375006765127182,0.012209253385663033,-0.00037645065458491445,1.3223112821578979,-0.081995666027069092,-0.062009353190660477,-0.058789338916540146,-0.044459529221057892,3.3011448383331299,-0.001084452960640192,-0.055505067110061646,2.2361159324645996,-0.00080946437083184719,-0.030445044860243797,-3.4924596548080444e-10,1,0.00013005157234147191,0.9990234375,0.9990234375,-0.054420612752437592,-0.029635580256581306,-0.0075016748160123825,0.00018232897855341434,0,0.9990234375,0,0,1,0,0,0,0,0,1,0,0,1,0,1,348.85003662109375,-0.00017917156219482422,-0.011972188949584961,-0.011793130077421665,1,4.4584841728210449,-0.001253652386367321,-0.050566121935844421,2.8637924194335938,-0.0014472333714365959,-0.02706628106534481,-1.5064142644405365e-07,0,0.96150863170623779,-0.049312472343444824,-0.025619050487875938,-0.00054354174062609673,0,0,0,0,1,0,0,0,0,0,0,0,1.0922348499298096,0,348.60211181640625,-2.4080276489257812e-05,-0.0092473626136779785,-0.0092234760522842407,0.26523715257644653,0,-0.0094471611082553864,-0.057284694164991379,-0.041005983948707581,0,-13.437529563903809,0,0.22316046059131622,0.052019525319337845,263.59999996609986,-0.013370675966143608,-0.010111594572663307,267.79421997070312,263.73916625976562,8.7902469635009766,4.4745540618896484,1.1030037403106689,0.097874671220779419
20220,208.79513030299015,1,0.28449970483779907,181.25,8.707545280456543,0.20759725570678711,1,145.08631896972656,1,38.246341705322266,9.1383333206176758,198.35537378784062,0.081987716257572174,0.011945299804210663,-0.00039678846951574087,1.3223112821578979,-0.086636811494827271,-0.065519228577613831,-0.062841504812240601,-0.047523986548185349,3.3185250759124756,-0.0016501899808645248,-0.05781177431344986,2.2488572597503662,-0.0010652127675712109,-0.033273056149482727,4.6566128730773926e-10,1,0,1,1,-0.056161582469940186,-0.032207842916250229,-0.0065204421989619732,0,0,1,0,0,1,0,0,0,0,0,1,0,0,1,0,1,348.84579467773438,-0.00020265579223632812,-0.012538909912109375,-0.012336324900388718,1,4.4665765762329102,-0.00081329606473445892,-0.053775466978549957,2.8679859638214111,-0.000874335877597332,-0.030794233083724976,-1.4994293451309204e-07,0,0.95667535066604614,-0.052962169051170349,-0.029919898137450218,-0.00045781279914081097,0,0,0,0,1,0,0,0,0,0,0,0,1.1008988618850708,0,348.5966796875,-5.3584575653076172e-05,-0.010143280029296875,-0.01008988544344902,0.26808655261993408,0,-0.0096282865852117538,-0.058513518422842026,-0.041965257376432419,0,-14.163493156433105,0,0.41819483041763306,0.050913065671920776,263.5958332993323,-0.014093028381466866,-0.010657874867320061,267.79391479492188,263.69235229492188,8.8384275436401367,4.4912819862365723,1.1847934722900391,0.10211208462715149
20280,223.42331167910697,1,0.29282355308532715,168.75,8.7085189819335938,0.25637277960777283,1,151.56150817871094,1,40.217853546142578,9.0752782821655273,212.2521460951516,0.24891553819179535,0.012150032445788383,-0.0004141608951613307,1.3223112821578979,-0.092380627989768982,-0.069862999022006989,-0.065737284719944,-0.049713924527168274,3.3374490737915039,-0.0016827518120408058,-0.061707776039838791,2.258537769317627,-0.0010513132438063622,-0.035050168633460999,-4.6566128730773926e-10,1,0,1,1,-0.06002502515912056,-0.033998854458332062,-0.0073011801578104496,0,0,1,0,0,1,0,0,0,0,0,1,0,0,1,0,1,348.84326171875,-0.0001544952392578125,-0.013023555278778076,-0.012868961319327354,1,4.4712338447570801,-0.0005906280130147934,-0.056991104036569595,2.8669726848602295,-0.00046321284025907516,-0.030028579756617546,-1.5040859580039978e-07,0,0.95375221967697144,-0.056400477886199951,-0.029565365985035896,-0.00064558617305010557,0,0,0,0,1,0,0,0,0,0,0,0,1.1109049320220947,0,348.5927734375,-8.6188316345214844e-05,-0.011176586151123047,-0.011090487241744995,0.27183046936988831,0,-0.0098621081560850143,-0.06020025908946991,-0.043127164244651794,0,-14.783608436584473,0,3.3905925750732422,0.055356487631797791,263.59166663256474,-0.014710058458149433,-0.0111245047301054,267.79293823242188,263.70321655273438,8.748957633972168,4.4525537490844727,1.4891865253448486,0.1128278374671936
20340,218.95292782614982,1,0.29472595453262329,168.75,8.7151393890380859,0.25766071677207947,1,152.73423767089844,1,40.445724487304688,9.087432861328125,208.00528143484232,0.18203525245189667,0.011318555101752281,-0.00041904315003193915,1.3223112821578979,-0.094246700406074524,-0.071274213492870331,-0.065654247999191284,-0.049651127308607101,3.3601670265197754,-0.0021264269016683102,-0.064030066132545471,2.2629375457763672,-0.0013276280369609594,-0.035293247550725937,-1.1641532182693481e-09,1,0,1,1,-0.061903640627861023,-0.033965617418289185,-0.0083721261471509933,0,0,1,0,0,1,0,0,0,0,0,1,0,0,1,0,1,348.84164428710938,-0.00022488832473754883,-0.013222098350524902,-0.012996896170079708,1,4.4735169410705566,-0.0014945496805012226,-0.059704922139644623,2.8583076000213623,-0.00078276451677083969,-0.030120600014925003,-1.5040859580039978e-07,0,0.95153820514678955,-0.058210372924804688,-0.029337834566831589,-0.00076366681605577469,0,0,0,0,1,0,0,0,0,0,0,0,1.1141296625137329,0,348.589599609375,-0.00018304586410522461,-0.011596024036407471,-0.011412965133786201,0.27595847845077515,0,-0.010107994079589844,-0.062096498906612396,-0.044342592358589172,0,-14.957882881164551,0,1.4518370628356934,0.049341432750225067,263.58749996579718,-0.014883465133607388,-0.011255644261837006,267.79135131835938,263.62826538085938,8.8719482421875,4.7688250541687012,1.4264731407165527,0.11208385974168777
20400,130.68394370850763,1,0.29510942101478577,168.75,8.7253637313842773,0.25828543305397034,1,152.75068664550781,1,40.819526672363281,9.0659856796264648,124.14974652308223,0.034636504948139191,0.010619152337312698,-0.00042063562432304025,1.3223112821578979,-0.095599040389060974,-0.072296924889087677,-0.064206987619400024,-0.048556637018918991,3.3885049819946289,-0.0019765128381550312,-0.06495029479265213,2.2692327499389648,-0.0012356885708868504,-0.035252418369054794,-1.7462298274040222e-09,1,0,1,1,-0.062973782420158386,-0.034016728401184082,-0.0086231138557195663,0,0,1,0,0,1,0,0,0,0,0,1,0,0,1,0,1,348.84088134765625,-0.00016227364540100098,-0.013159781694412231,-0.01299712061882019,1,4.4834432601928711,-0.0026012056041508913,-0.065832428634166718,2.8555388450622559,-0.0014712095726281404,-0.032169610261917114,-1.5093246474862099e-07,0,0.94586247205734253,-0.063231222331523895,-0.030698398128151894,-0.00089889869559556246,0,0,0,0,1,0,0,0,0,0,0,0,1.1227705478668213,0,348.58822631835938,-0.00031648576259613037,-0.012593492865562439,-0.012277062050998211,0.27967879176139832,0,-0.010332437232136726,-0.063966073095798492,-0.0452418252825737,0,-15.014725685119629,0,0.15423257648944855,0.044951304793357849,263.58333329902962,-0.01494002528488636,-0.011298418045043945,267.7923583984375,263.76065063476562,8.822728157043457,4.6467390060424805,1.2915523052215576,0.11565693467855453
20460,144.44379423120844,1,0.29149758815765381,168.75,8.7609262466430664,0.25707593560218811,1,151.69660949707031,1,39.209484100341797,9.081364631652832,137.22160451964803,0.055589288473129272,0.011086974292993546,-0.00040819629793986678,1.3223112821578979,-0.092489451169967651,-0.069945290684700012,-0.063796557486057281,-0.048246245831251144,3.4211859703063965,-0.002654107054695487,-0.063289940357208252,2.2751526832580566,-0.0018306691199541092,-0.034515425562858582,-1.8044374883174896e-09,1,0,1,1,-0.060635831207036972,-0.032684758305549622,-0.0080979568883776665,0,0,1,0,0,1,0,0,0,0,0,1,0,0,1,0,1,348.84027099609375,-0.00025577843189239502,-0.012888357043266296,-0.012632090598344803,1,4.5073833465576172,-0.0033224788494408131,-0.067599818110466003,2.8570537567138672,-0.0021310101728886366,-0.032693997025489807,-1.5093246474862099e-07,0,0.9443131685256958,-0.064277343451976776,-0.030562985688447952,-0.00094925035955384374,0,0,0,0,1,0,0,0,0,0,0,0,1.1187591552734375,0,348.58868408203125,-0.00047215819358825684,-0.012347981333732605,-0.011875909753143787,0.28212875127792358,0,-0.010476844385266304,-0.065274477005004883,-0.045817293226718903,0,-14.570700645446777,0,0.26158946752548218,0.047077134251594543,263.57916663226206,-0.014498209580779076,-0.010964293964207172,267.7928466796875,263.70449829101562,8.8152217864990234,4.6550202369689941,1.085867166519165,0.10531730949878693
20520,166.7010169143133,1,0.2887502908706665,168.75,8.7742576599121094,0.25820612907409668,1,151.4453125,1,37.982883453369141,9.1750240325927734,158.36596606859763,0.15714801847934723,0.011670499108731747,-0.00039742153603583574,1.3223112821578979,-0.091124638915061951,-0.068913154304027557,-0.06205933541059494,-0.046932470053434372,3.4471282958984375,-0.0019808674696832895,-0.062027841806411743,2.2792899608612061,-0.0014587473124265671,-0.034216888248920441,-1.4551915228366852e-09,1,0,1,1,-0.060046978294849396,-0.032758142799139023,-0.0075311446562409401,0,0,1,0,0,1,0,0,0,0,0,1,0,0,1,0,1,348.837158203125,-0.00021231174468994141,-0.012669369578361511,-0.012456748634576797,1,4.5369963645935059,-0.0024103391915559769,-0.065566234290599823,2.8629996776580811,-0.0015094787813723087,-0.032417744398117065,-1.5052501112222672e-07,0,0.94475620985031128,-0.063155896961688995,-0.030908264219760895,-0.00086549995467066765,0,0,0,0,1,0,0,0,0,0,0,0,1.112545371055603,0,348.5880126953125,-0.0003649294376373291,-0.011619508266448975,-0.011254534125328064,0.28338831663131714,0,-0.010531531646847725,-0.065957576036453247,-0.046079121530056,0,-14.186091423034668,0,1.0920315980911255,0.050544191151857376,263.5749999654945,-0.014115514233708382,-0.010674879886209965,267.79290771484375,263.67825317382812,8.9054899215698242,4.6129326820373535,1.5818750858306885,0.12151326239109039
20580,177.84799202834253,1,0.28824388980865479,168.75,8.7805290222167969,0.25836622714996338,1,150.67657470703125,1,35.858943939208984,9.0615854263305664,168.95559242692539,1.0657219886779785,0.013422645628452301,-0.00039735122118145227,1.3223112821578979,-0.090026549994945526,-0.068082720041275024,-0.062970124185085297,-0.047621257603168488,3.4664340019226074,-0.001846605446189642,-0.06162058562040329,2.2838993072509766,-0.0013517891056835651,-0.034613229334354401,-1.280568540096283e-09,1,0,1,1,-0.05977398157119751,-0.033261436969041824,-0.0068962406367063522,0,0,1,0,0,1,0,0,0,0,0,1,0,0,1,0,1,348.83343505859375,-0.00021612644195556641,-0.01289600133895874,-0.012679960578680038,1,4.5675158500671387,-0.0013843759661540389,-0.064357385039329529,2.8707821369171143,-0.00068168411962687969,-0.031451094895601273,-1.4877878129482269e-07,0,0.9443364143371582,-0.062973007559776306,-0.030769409611821175,-0.00088934565428644419,0,0,0,0,1,0,0,0,0,0,0,0,1.1140121221542358,0,348.58718872070312,-0.00025947391986846924,-0.011660858988761902,-0.01140120904892683,0.28446465730667114,0,-0.010562215000391006,-0.066506974399089813,-0.046362530440092087,0,-14.183581352233887,0.001953125,10,0.072489172220230103,263.57083329872694,-0.014113016426563263,-0.010672991164028645,267.7926025390625,263.7183837890625,8.8310356140136719,4.5077977180480957,1.6262788772583008,0.11068546026945114
20640,177.09778537164411,1,0.28313568234443665,168.75,8.7780160903930664,0.25793308019638062,1,143.85101318359375,1,33.873119354248047,9.0938014984130859,168.2428961030619,0.059555403888225555,0.011665539816021919,-0.00039446723531000316,1.3223112821578979,-0.087336428463459015,-0.066048309206962585,-0.060076870024204254,-0.045433226972818375,3.4808831214904785,-0.0014560844283550978,-0.060946140438318253,2.2845253944396973,-0.00095005822367966175,-0.033463798463344574,-1.1641532182693481e-09,1,0,1,1,-0.059490058571100235,-0.032513737678527832,-0.0073252697475254536,0,0,1,0,0,1,0,0,0,0,0,1,0,0,1,0,1,348.82977294921875,-0.0001462399959564209,-0.013074666261672974,-0.012928236275911331,1,4.5942988395690918,-0.0009308643639087677,-0.061748698353767395,2.8777179718017578,-0.00045460555702447891,-0.029113156720995903,-1.4738179743289948e-07,0,0.94623106718063354,-0.060817841440439224,-0.0286585483700037,-0.00094855052884668112,0,0,0,0,1,0,0,0,0,0,0,0,1.1137371063232422,0,348.58538818359375,-0.00019109249114990234,-0.011565089225769043,-0.011373699642717838,0.2846505343914032,0,-0.010579308494925499,-0.066611789166927338,-0.046386703848838806,0,-14.080636978149414,0,0.28344210982322693,0.049634650349617004,263.56666663195938,-0.014010583981871605,-0.010595526546239853,267.79168701171875,263.64212036132812,8.827906608581543,4.6570296287536621,1.2599835395812988,0.090701557695865631
20700,195.11215634549185,1,0.27892285585403442,181.25,8.7741622924804688,0.19997225701808929,1,140.8729248046875,1,33.269554138183594,9.1888999938964844,185.35654852821725,0.064311787486076355,0.011609266512095928,-0.00038509219302795827,1.3223112821578979,-0.0845961794257164,-0.063975997269153595,-0.058535143733024597,-0.04426729679107666,3.4883623123168945,-0.0015544367488473654,-0.05888628214597702,2.2800083160400391,-0.0011616864940151572,-0.032209459692239761,-1.3969838619232178e-09,1,0,1,1,-0.057331845164299011,-0.031047772616147995,-0.0072192661464214325,0,0,1,0,0,1,0,0,0,0,0,1,0,0,1,0,1,348.82513427734375,-0.0001977086067199707,-0.012581050395965576,-0.012383323162794113,1,4.6146807670593262,-0.00084341038018465042,-0.057646013796329498,2.8814351558685303,-0.00056353304535150528,-0.026540189981460571,-1.46450474858284e-07,0,0.95008814334869385,-0.056802600622177124,-0.025976654142141342,-0.00093369052046909928,0,0,0,0,1,0,0,0,0,0,0,0,1.1064896583557129,0,348.5828857421875,-0.00017264485359191895,-0.010821759700775146,-0.010648971423506737,0.28387582302093506,0,-0.010556509718298912,-0.066312864422798157,-0.046077359467744827,0,-13.745992660522461,0,0.3103739321231842,0.049354944378137589,263.56249996519182,-0.013677604496479034,-0.010343709960579872,267.79037475585938,263.66937255859375,8.9359130859375,4.4524621963500977,0.99978077411651611,0.068219497799873352
20760,231.11026872857423,1,0.28012984991073608,181.25,8.7641754150390625,0.19917544722557068,1,143.19599914550781,1,34.344440460205078,9.1243267059326172,219.5547552921455,0.20062419772148132,0.012151467613875866,-0.00038378438330255449,1.3223112821578979,-0.0849451944231987,-0.064239934086799622,-0.059595055878162384,-0.045068856328725815,3.4864137172698975,-0.0010821651667356491,-0.05894426628947258,2.2756948471069336,-0.00080561009235680103,-0.032752133905887604,-1.9790604710578918e-09,1,0,1,1,-0.05786210298538208,-0.031946524977684021,-0.0068593453615903854,0,0,1,0,0,1,0,0,0,0,0,1,0,0,1,0,1,348.8189697265625,-0.00015813112258911133,-0.012515008449554443,-0.012356843799352646,1,4.6277890205383301,-0.0010042218491435051,-0.054218325763940811,2.8841700553894043,-0.00068892212584614754,-0.026460647583007812,-1.4714896678924561e-07,0,0.95322233438491821,-0.05321410670876503,-0.025771724060177803,-0.00076084642205387354,0,0,0,0,1,0,0,0,0,0,0,0,1.1029263734817505,0,348.57974243164062,-0.00018745660781860352,-0.010480284690856934,-0.010292632505297661,0.28305798768997192,0,-0.010511505417525768,-0.065866820514202118,-0.045830972492694855,0,-13.699308395385742,0,1.803614616394043,0.054281871765851974,263.55833329842426,-0.013631152920424938,-0.010308581404387951,267.78900146484375,263.66061401367188,8.8686752319335938,4.2494745254516602,1.118919849395752,0.082163110375404358
20820,179.08297014941809,1,0.27979135513305664,168.75,8.7681922912597656,0.25299441814422607,1,145.19000244140625,1,34.656166076660156,9.1377077102661133,170.12882164194718,0.11679394543170929,0.011667026206851006,-0.00037714309291914105,1.3223112821578979,-0.084664657711982727,-0.064027778804302216,-0.059558376669883728,-0.045041117817163467,3.4815690517425537,-0.00080295838415622711,-0.05869225412607193,2.271881103515625,-0.00059122894890606403,-0.032944560050964355,-1.280568540096283e-09,1,0,1,1,-0.057889290153980255,-0.032353334128856659,-0.0066125122830271721,0,0,1,0,0,1,0,0,0,0,0,1,0,0,1,0,1,348.813232421875,-0.0001118779182434082,-0.012269705533981323,-0.012157663702964783,1,4.6368908882141113,-0.00046364543959498405,-0.051552359014749527,2.8845627307891846,-0.00036475271917879581,-0.024945246055722237,-1.4749821275472641e-07,0,0.9555201530456543,-0.051088716834783554,-0.024580491706728935,-0.00074120430508628488,0,0,0,0,1,0,0,0,0,0,0,0,1.103752613067627,0,348.57662963867188,-0.00011423230171203613,-0.01048964262008667,-0.010375255718827248,0.28242835402488708,0,-0.010451542213559151,-0.065525054931640625,-0.045691236853599548,0,-13.462246894836426,0,0.67619812488555908,0.049940243363380432,263.5541666316567,-0.013395270332694054,-0.010130194015800953,267.78790283203125,263.69842529296875,8.8751106262207031,4.259303092956543,0.95436203479766846,0.081341683864593506
20880,228.66255036053536,1,0.28337076306343079,181.25,8.78424072265625,0.1982731968164444,1,144.84333801269531,1,35.454200744628906,9.1897220611572266,217.2294228425086,0.046964898705482483,0.011108232662081718,-0.0003927413490600884,1.3223112821578979,-0.087214618921279907,-0.065956190228462219,-0.060562852770090103,-0.045800752937793732,3.4763920307159424,-0.00086656410712748766,-0.060819737613201141,2.2692317962646484,-0.00051867315778508782,-0.033256553113460541,-9.6042640507221222e-10,1,0,1,1,-0.059953175485134125,-0.032737880945205688,-0.0075067305006086826,0,0,1,0,0,1,0,0,0,0,0,1,0,0,1,0,1,348.80828857421875,-0.00013780593872070312,-0.012871131300926208,-0.012733535841107368,1,4.6407585144042969,-0.00026195752434432507,-0.050365321338176727,2.8848192691802979,-9.2760426923632622e-05,-0.026001956313848495,-1.4860415831208229e-07,0,0.95555049180984497,-0.050103362649679184,-0.025909196585416794,-0.00059506902471184731,0,0,0,0,1,0,0,0,0,0,0,0,1.1077185869216919,0,348.57366943359375,-0.00010432302951812744,-0.010876193642616272,-0.010771863162517548,0.28230085968971252,0,-0.010428957641124725,-0.065442614257335663,-0.045668385922908783,0,-14.019030570983887,0,0.21583808958530426,0.047105219215154648,263.54999996488914,-0.013949284330010414,-0.010549168102443218,267.78717041015625,263.64697265625,8.9596548080444336,4.0360965728759766,1.3199948072433472,0.087400525808334351
20940,199.66419667022521,1,0.28351461887359619,181.25,8.7778520584106445,0.19708822667598724,1,143.66793823242188,1,35.410388946533203,9.3450298309326172,189.68098683671394,0.23817363381385803,0.011835653334856033,-0.00039655782165937126,1.3223112821578979,-0.087506756186485291,-0.066177122294902802,-0.060330137610435486,-0.045624762773513794,3.4756231307983398,-0.0011543629225343466,-0.061005841940641403,2.2695050239562988,-0.00070987583603709936,-0.033034585416316986,-8.7311491370201111e-10,1,0,1,1,-0.059851475059986115,-0.032324708998203278,-0.0077196466736495495,0,0,1,0,0,1,0,0,0,0,0,1,0,0,1,0,1,348.80450439453125,-0.00016932189464569092,-0.01322561502456665,-0.013056263327598572,1,4.6395101547241211,-0.00090691982768476009,-0.051523901522159576,2.8876299858093262,-0.00050655461382120848,-0.027363765984773636,-1.4918623492121696e-07,0,0.95440953969955444,-0.05061698704957962,-0.02685721218585968,-0.00058096868451684713,0,0,0,0,1,0,0,0,0,0,0,0,1.1115503311157227,0,348.56979370117188,-0.00015044212341308594,-0.011305451393127441,-0.011155031621456146,0.28272965550422668,0,-0.010478142648935318,-0.065665431320667267,-0.045738764107227325,0.0009765625,-14.155261039733887,0,2.9064152240753174,0.052251238375902176,263.54583329812158,-0.014084836468100548,-0.010651679709553719,267.78836059570312,263.48919677734375,9.1764011383056641,4.1433529853820801,1.4093738794326782,0.10634748637676239
21000,124.10991819402606,1,0.27622237801551819,181.25,8.7899589538574219,0.19512824714183807,1,138.08549499511719,1,33.561382293701172,9.2866706848144531,117.90442228432475,0.051415428519248962,0.011832166463136673,-0.00038156498339958489,1.3223112821578979,-0.083736799657344818,-0.063326090574264526,-0.056276958435773849,-0.042559538036584854,3.4748167991638184,-0.0011721472255885601,-0.058526623994112015,2.2702946662902832,-0.00088262208737432957,-0.031166911125183105,-1.3387762010097504e-09,1,0,1,1,-0.057354476302862167,-0.030284292995929718,-0.007816939614713192,0,0,1,0,0,1,0,0,0,0,0,1,0,0,1,0,1,348.80120849609375,-0.00014540553092956543,-0.012809216976165771,-0.012663926929235458,1,4.646082878112793,-0.00054378155618906021,-0.050308413803577423,2.8942151069641113,-0.00070020928978919983,-0.027252186089754105,-1.4854595065116882e-07,0,0.95509195327758789,-0.049764629453420639,-0.026551976799964905,-0.00053599843522533774,0,0,0,0,1,0,0,0,0,0,0,0,1.1120542287826538,0,348.567138671875,6.5565109252929688e-06,-0.011198520660400391,-0.011205427348613739,0.28197461366653442,0,-0.010463531129062176,-0.065432459115982056,-0.045356042683124542,0,-13.620086669921875,0,0.23915533721446991,0.050296895205974579,263.54166663135402,-0.013552324846386909,-0.010248967446386814,267.7882080078125,263.65689086914062,9.0649785995483398,4.1158037185668945,1.0900979042053223,0.091023832559585571
21060,189.60986839163269,1,0.27406662702560425,181.25,8.7931489944458008,0.19663950800895691,1,138.23004150390625,1,33.488750457763672,9.2945966720581055,180.12937497205104,0.65425223112106323,0.013670044019818306,-0.00037231112946756184,1.3223112821578979,-0.083501771092414856,-0.063148349523544312,-0.053780466318130493,-0.040671560913324356,3.4754123687744141,-0.0013370201922953129,-0.058178577572107315,2.2699301242828369,-0.00081300758756697178,-0.028341878205537796,-1.7462298274040222e-09,1,0,1,1,-0.056841559708118439,-0.027528868988156319,-0.0095437485724687576,0,0,1,0,0,1,0,0,0,0,0,1,0,0,1,0,1,348.79763793945312,-0.00014781951904296875,-0.012481451034545898,-0.012333706021308899,1,4.6599926948547363,-0.00067737046629190445,-0.050719723105430603,2.9050529003143311,-0.00056047737598419189,-0.024955537170171738,-1.4784745872020721e-07,0,0.95645833015441895,-0.050042346119880676,-0.024395063519477844,-0.00066452438477426767,0,0,0,0,1,0,0,0,0,0,0,0,1.1104342937469482,0,348.5653076171875,-9.1195106506347656e-06,-0.011052548885345459,-0.011043436825275421,0.28052583336830139,0,-0.010389743372797966,-0.064942620694637299,-0.04462793841958046,0,-13.289767265319824,0.0009765625,10,0.067538313567638397,263.53749996458646,-0.013223649002611637,-0.010000405833125114,267.78701782226562,263.62979125976562,9.1363792419433594,4.3599891662597656,1.0747084617614746,0.078994616866111755
21120,201.99727317943834,1,0.27139037847518921,168.75,8.7981729507446289,0.25912225246429443,1,134.82281494140625,1,33.310195922851562,9.2243776321411133,191.89740952046643,0.36207637190818787,0.013402469456195831,-0.00037064653588458896,1.3223112821578979,-0.080557480454444885,-0.060921721160411835,-0.054732680320739746,-0.041391674429178238,3.4751863479614258,-0.0013496060855686665,-0.056443862617015839,2.2689073085784912,-0.00087303854525089264,-0.029405619949102402,-2.3283064365386963e-10,1,0,1,1,-0.055094256997108459,-0.02853257954120636,-0.0074258237145841122,0,0,1,0,0,1,0,0,0,0,0,1,0,0,1,0,1,348.7938232421875,-0.00016492605209350586,-0.012656807899475098,-0.012491932138800621,1,4.6673259735107422,-0.00052487850189208984,-0.048492215573787689,2.9164619445800781,-0.00056503294035792351,-0.02542475238442421,-1.4761462807655334e-07,0,0.95800089836120605,-0.047967340797185898,-0.024859722703695297,-0.00051090028136968613,0,0,0,0,1,0,0,0,0,0,0,0,1.1104458570480347,0,348.562255859375,-5.2690505981445312e-05,-0.011097371578216553,-0.011044587008655071,0.27938097715377808,0,-0.010324444621801376,-0.06456620991230011,-0.044035688042640686,0,-13.230348587036133,0.0009765625,10,0.066954180598258972,263.5333332978189,-0.013164525851607323,-0.0099556939676403999,267.78555297851562,263.593994140625,8.9527854919433594,4.4758939743041992,0.92444801330566406,0.085164979100227356
21180,206.52264784764074,1,0.27238112688064575,168.75,8.8105049133300781,0.25913017988204956,1,134.22822570800781,1,35.032173156738281,9.3691730499267578,196.19651545525869,0.3086148202419281,0.013136012479662895,-0.00037638054345734417,1.3223112821578979,-0.081055484712123871,-0.061298336833715439,-0.05526704341173172,-0.041795790195465088,3.4680938720703125,-0.0010400009341537952,-0.05620231106877327,2.2697608470916748,-0.00070809922181069851,-0.029867162927985191,-1.7462298274040222e-10,1,0,1,1,-0.055162303149700165,-0.029159063473343849,-0.0070095215924084187,0,0,1,0,0,1,0,0,0,0,0,1,0,0,1,0,1,348.78961181640625,-0.00015676021575927734,-0.012570768594741821,-0.012414230965077877,1,4.6685266494750977,-0.0003620772622525692,-0.047781419008970261,2.9278640747070312,-0.00031975982710719109,-0.025998152792453766,-1.4784745872020721e-07,0,0.95840132236480713,-0.047419346868991852,-0.025678396224975586,-0.0004326480848249048,0,0,0,0,1,0,0,0,0,0,0,0,1.1074782609939575,0,348.55783081054688,-3.8444995880126953e-05,-0.010786116123199463,-0.010747823864221573,0.27774566411972046,0,-0.01026921346783638,-0.063833728432655334,-0.043517783284187317,0,-13.435026168823242,0.0009765625,10,0.072420388460159302,263.52916663105134,-0.013368185609579086,-0.010109711438417435,267.78402709960938,263.578857421875,9.1097679138183594,4.3943395614624023,1.2359743118286133,0.092894285917282104
21240,216.1201522153581,1,0.2719271183013916,168.75,8.8117771148681641,0.25782680511474609,1,134.61886596679688,1,33.711196899414062,9.4079008102416992,205.31414460459018,0.11258528381586075,0.012346250936388969,-0.00037341486313380301,1.3223112821578979,-0.081284373998641968,-0.06147143617272377,-0.054344099014997482,-0.041097812354564667,3.4679479598999023,-0.0011190725490450859,-0.056711278855800629,2.2726893424987793,-0.00063047697767615318,-0.029388964176177979,-1.1641532182693481e-09,1,0,1,1,-0.055592209100723267,-0.028758488595485687,-0.0075522912666201591,0,0,1,0,0,1,0,0,0,0,0,1,0,0,1,0,1,348.78555297851562,-0.00015270709991455078,-0.012389689683914185,-0.012237370945513248,1,4.6687512397766113,-0.00056693609803915024,-0.050967209041118622,2.935107946395874,-0.00034278957173228264,-0.026281734928488731,-1.4744000509381294e-07,0,0.95683026313781738,-0.050400272011756897,-0.025938946753740311,-0.00052382214926183224,0,0,0,0,1,0,0,0,0,0,0,0,1.1093459129333496,0,348.55313110351562,-8.9764595031738281e-05,-0.01102408766746521,-0.010934578254818916,0.27674850821495056,0,-0.010234100744128227,-0.063429616391658783,-0.043166615068912506,0,-13.329165458679199,0,0.64105117321014404,0.052811857312917709,263.52499996428378,-0.013262851163744926,-0.010030052624642849,267.78323364257812,263.61831665039062,9.1044158935546875,4.4288301467895508,1.1473500728607178,0.10250847041606903
21300,235.41635330032065,1,0.27215719223022461,168.75,8.8168706893920898,0.25880753993988037,1,134.02743530273438,1,32.022468566894531,9.5189151763916016,223.64553563530461,0.07165246456861496,0.012414301745593548,-0.00037601546500809491,1.3223112821578979,-0.080821380019187927,-0.061121296137571335,-0.05532391369342804,-0.041838798671960831,3.472820520401001,-0.0014365175738930702,-0.055804084986448288,2.276930570602417,-0.00077044637873768806,-0.02996295690536499,-6.9849193096160889e-10,1,0,1,1,-0.054367564618587494,-0.029192510992288589,-0.0065016867592930794,0,0,1,0,0,1,0,0,0,0,0,1,0,0,1,0,1,348.78128051757812,-0.00021302700042724609,-0.012454628944396973,-0.012241953983902931,1,4.6723084449768066,-0.00092149060219526291,-0.052013009786605835,2.9397079944610596,-0.00047823041677474976,-0.027344295755028725,-1.4668330550193787e-07,0,0.95622771978378296,-0.051091510802507401,-0.026866067200899124,-0.00049080012831836939,0,0,0,0,1,0,0,0,0,0,0,0,1.1094754934310913,0,348.54864501953125,-0.00011944770812988281,-0.011066675186157227,-0.010947550646960735,0.27569997310638428,0,-0.010195937938988209,-0.06297292560338974,-0.042840778827667236,0,-13.421995162963867,0,0.35359662771224976,0.052918538451194763,263.52083329751622,-0.013355218805372715,-0.010099905543029308,267.7838134765625,263.67001342773438,9.2254390716552734,4.5545177459716797,1.0824791193008423,0.099461816251277924
21360,194.44725176821493,1,0.26951953768730164,168.75,8.8134403228759766,0.25802358984947205,1,132.24345397949219,1,30.965120315551758,9.5895929336547852,184.72488917980417,0.26132822036743164,0.013653280213475227,-0.00037011492531746626,1.3223112821578979,-0.079571321606636047,-0.060175936669111252,-0.053802631795406342,-0.040688324719667435,3.4755797386169434,-0.001436836551874876,-0.054616421461105347,2.277451753616333,-0.00083925365470349789,-0.029168406501412392,-6.9849193096160889e-10,1,0,1,1,-0.053179584443569183,-0.028329154476523399,-0.0065716253593564034,0,0,1,0,0,1,0,0,0,0,0,1,0,0,1,0,1,348.77713012695312,-0.00018972158432006836,-0.01239621639251709,-0.012206787243485451,1,4.6792349815368652,-0.00047620106488466263,-0.049880430102348328,2.9408183097839355,-0.0002659219317138195,-0.025366669520735741,-1.4598481357097626e-07,0,0.95838737487792969,-0.049404226243495941,-0.025100747123360634,-0.00052451604278758168,0,0,0,0,1,0,0,0,0,0,0,0,1.1098144054412842,0,348.5450439453125,-6.9320201873779297e-05,-0.011050522327423096,-0.010981440544128418,0.27470472455024719,0,-0.010165596380829811,-0.062531717121601105,-0.042551659047603607,0,-13.211373329162598,0,4.1171016693115234,0.064162030816078186,263.51666663074866,-0.013145645149052143,-0.0099414149299263954,267.782958984375,263.648193359375,9.3837747573852539,4.2537136077880859,1.1221880912780762,0.073017582297325134
21420,205.07739272521383,1,0.27140805125236511,181.25,8.8176422119140625,0.19963905215263367,1,132.60429382324219,1,32.777919769287109,9.4243879318237305,194.82352308895312,0.41991722583770752,0.013801947236061096,-0.00037692126352339983,1.3223112821578979,-0.079757198691368103,-0.060316506773233414,-0.055914498865604401,-0.042285427451133728,3.4739189147949219,-0.0013726488687098026,-0.054320991039276123,2.2801666259765625,-0.00080071738921105862,-0.031626947224140167,-8.149072527885437e-10,1,0,1,1,-0.052948344498872757,-0.030826233327388763,-0.0043740328401327133,0,0,1,0,0,1,0,0,0,0,0,1,0,0,1,0,1,348.7733154296875,-0.00017726421356201172,-0.012790977954864502,-0.012614011764526367,1,4.6858253479003906,-0.00037461146712303162,-0.048981502652168274,2.9434890747070312,-0.00030010286718606949,-0.028636705130338669,-1.4610122889280319e-07,0,0.95780611038208008,-0.048606887459754944,-0.028336601331830025,-0.00027691651484929025,0,0,0,0,1,0,0,0,0,0,0,0,1.1137809753417969,0,348.54107666015625,-9.1433525085449219e-05,-0.01146930456161499,-0.011378095485270023,0.27382940053939819,0,-0.010141453705728054,-0.06211487203836441,-0.042301282286643982,0,-13.454327583312988,0.0009765625,10,0.067480579018592834,263.5124999639811,-0.013387390412390232,-0.010124235413968563,267.78115844726562,263.57412719726562,9.2388343811035156,4.8052186965942383,1.036887526512146,0.095607966184616089
21480,181.84186702897875,1,0.27801042795181274,181.25,8.8305149078369141,0.2003847062587738,1,135.24200439453125,1,31.548223495483398,9.2317743301391602,172.74977367752982,0.19127470254898071,0.013737881556153297,-0.0003972022095695138,1.3223112821578979,-0.083712078630924225,-0.063307389616966248,-0.058629076927900314,-0.044338330626487732,3.4713780879974365,-0.0020091133192181587,-0.055931657552719116,2.283139705657959,-0.0012116283178329468,-0.032198857516050339,-2.3283064365386963e-10,1,0,1,1,-0.053922537714242935,-0.03098723292350769,-0.0049644182436168194,0,0,1,0,0,1,0,0,0,0,0,1,0,0,1,0,1,348.76953125,-0.00024682283401489258,-0.013273358345031738,-0.013026714324951172,1,4.6904511451721191,-0.00047698337584733963,-0.048497628420591354,2.9418997764587402,-0.00043822592124342918,-0.026655031368136406,-1.4633405953645706e-07,0,0.95895755290985107,-0.048020645976066589,-0.02621680311858654,-0.00041390879778191447,0,0,0,0,1,0,0,0,0,0,0,0,1.1099361181259155,0,348.5360107421875,-0.00016611814498901367,-0.011159658432006836,-0.01099361851811409,0.27380600571632385,0,-0.01018068753182888,-0.06202252209186554,-0.042488843202590942,0,-14.178262710571289,0,1.6157424449920654,0.06053880974650383,263.50833329721354,-0.014107723720371723,-0.010668988339602947,267.78060913085938,263.57473754882812,9.0704212188720703,4.4830093383789062,1.1969435214996338,0.086582444608211517
21540,183.20775022993774,1,0.28224989771842957,181.25,8.8371820449829102,0.20128351449966431,1,136.8802490234375,1,30.509283065795898,9.2553472518920898,174.04736271844084,0.29080972075462341,0.013560465537011623,-0.00041067716665565968,1.3223112821578979,-0.086203247308731079,-0.065191343426704407,-0.060546886175870895,-0.045788679271936417,3.4688029289245605,-0.0019725384190678596,-0.058397203683853149,2.2845573425292969,-0.0011278865858912468,-0.032838709652423859,-2.3283064365386963e-10,1,0,1,1,-0.056424662470817566,-0.031710825860500336,-0.0058703003451228142,0,0,1,0,0,1,0,0,0,0,0,1,0,0,1,0,1,348.76556396484375,-0.00022137165069580078,-0.013651371002197266,-0.013429963961243629,1,4.6828889846801758,-0.00098557025194168091,-0.049532536417245865,2.9347929954528809,-0.00049966853111982346,-0.026435822248458862,-1.4598481357097626e-07,0,0.95850414037704468,-0.048546966165304184,-0.025936150923371315,-0.00047980569070205092,0,0,0,0,1,0,0,0,0,0,0,0,1.1119271516799927,0,348.52838134765625,-0.00019323825836181641,-0.011385798454284668,-0.011192711070179939,0.27509331703186035,0,-0.010320110246539116,-0.062530919909477234,-0.042996086180210114,0,-14.659255027770996,0,7.3522868156433105,0.066626191139221191,263.50416663044598,-0.014586323872208595,-0.01103093009442091,267.78155517578125,263.54208374023438,8.9539337158203125,4.0814781188964844,1.1012669801712036,0.086544215679168701
21600,175.69955419033056,1,0.2808799147605896,181.25,8.8362331390380859,0.20290195941925049,1,135.39889526367188,1,30.061025619506836,9.2756481170654297,166.91457648081402,0.1474071592092514,0.012785700149834156,-0.0004091541632078588,1.3223112821578979,-0.085228614509105682,-0.064454272389411926,-0.060159143060445786,-0.045495446771383286,3.467557430267334,-0.0017347391694784164,-0.058387786149978638,2.2829430103302002,-0.0010995836928486824,-0.033461324870586395,2.3283064365386963e-10,1,0.0013346687192097306,0.9970703125,0.9970703125,-0.05665304884314537,-0.032361738383769989,-0.0056374580599367619,0.0018150312826037407,0,0.9970703125,0,0,1,0,0,0,0,0,1,0,0,1,0,1,348.76104736328125,-0.00027537345886230469,-0.01359856128692627,-0.0133233442902565,1,4.6725502014160156,-0.00061943382024765015,-0.04889344796538353,2.9209563732147217,-0.00036573782563209534,-0.026040880009531975,-1.4714896678924561e-07,0,0.95844525098800659,-0.04827401414513588,-0.02567514032125473,-0.00050349696539342403,0,0,0,0,1,0,0,0,0,0,0,0,1.1077862977981567,0,348.52032470703125,-0.00013816356658935547,-0.010916948318481445,-0.010778624564409256,0.2763594388961792,0,-0.010452410206198692,-0.062966234982013702,-0.043503038585186005,0,-14.604890823364258,0,0.97615325450897217,0.055103294551372528,263.49999996367842,-0.014532229863107204,-0.010990021750330925,267.78256225585938,263.6776123046875,9.0013952255249023,4.1629762649536133,0.90284407138824463,0.063633695244789124
21660,194.24071744486824,1,0.27826350927352905,181.25,8.8473730087280273,0.20275816321372986,1,133.74057006835938,1,30.317678451538086,9.2059316635131836,184.52868157262481,0.058571979403495789,0.012613129802048206,-0.0004027593822684139,1.3223112821578979,-0.085091486573219299,-0.064350567758083344,-0.056943867355585098,-0.043063890188932419,3.4675674438476562,-0.001427880022674799,-0.059360850602388382,2.280242919921875,-0.00090718152932822704,-0.030979704111814499,4.6566128730773926e-10,1,0.00025891291443258524,0.9990234375,0.9990234375,-0.05793297290802002,-0.030072525143623352,-0.0082308724522590637,0.00036517161061055958,0,0.9990234375,0,0,1,0,0,0,0,0,1,0,0,1,0,1,348.75601196289062,-0.00021940469741821289,-0.013528168201446533,-0.013308570720255375,1,4.6621932983398438,-0.000407378189265728,-0.05073222890496254,2.9076342582702637,-0.00026239035651087761,-0.02720816433429718,-1.4714896678924561e-07,0,0.95663177967071533,-0.05032484233379364,-0.026945773512125015,-0.00050882546929642558,0,0,0,0,1,0,0,0,0,0,0,0,1.11161208152771,0,348.51235961914062,-0.0001621246337890625,-0.011323451995849609,-0.011161222122609615,0.27683174610137939,0,-0.010527625679969788,-0.063207417726516724,-0.043632574379444122,0,-14.376627922058105,0,0.27797353267669678,0.053758934140205383,263.49583329691086,-0.01430510263890028,-0.010818256065249443,267.783203125,263.66830444335938,8.9994535446166992,4.3964910507202148,1.0256563425064087,0.077825531363487244
21720,209.30772050990464,1,0.27613338828086853,181.25,8.8486700057983398,0.20172140002250671,1,132.48744201660156,1,30.810888290405273,9.2192592620849609,198.84233448440941,0.40090057253837585,0.013822199776768684,-0.00039730319986119866,1.3223112821578979,-0.083378300070762634,-0.063054971396923065,-0.05669122189283371,-0.042872827500104904,3.4686191082000732,-0.0016173049807548523,-0.057702474296092987,2.2795829772949219,-0.00092215277254581451,-0.030950916931033134,9.3132257461547852e-10,1,0,1,1,-0.056085169315338135,-0.030028762295842171,-0.0069904578849673271,0,0,1,0,0,1,0,0,0,0,0,1,0,0,1,0,1,348.751708984375,-0.00023996829986572266,-0.013149499893188477,-0.012909223325550556,1,4.6512441635131836,-0.00061442423611879349,-0.05035863071680069,2.9010744094848633,-0.00032373331487178802,-0.028474621474742889,-1.4691613614559174e-07,0,0.95626461505889893,-0.049744203686714172,-0.028150886297225952,-0.0003886906779371202,0,0,0,0,1,0,0,0,0,0,0,0,1.1110607385635376,0,348.50567626953125,-0.00017702579498291016,-0.011283397674560547,-0.01110607385635376,0.27694177627563477,0,-0.010574473068118095,-0.06337149441242218,-0.043503716588020325,0,-14.181867599487305,0.0009765625,10,0.076640956103801727,263.4916666301433,-0.014111311174929142,-0.010671701282262802,267.78317260742188,263.58349609375,9.0039148330688477,4.4657015800476074,1.0405864715576172,0.077346570789813995
21780,200.23955397609939,1,0.2847980260848999,181.25,8.8504400253295898,0.20249815285205841,1,138.26683044433594,1,35.868896484375,9.1602840423583984,190.22757627729442,0.17850606143474579,0.012312650680541992,-0.00041766968206502497,1.3223112821578979,-0.087913490831851959,-0.066484719514846802,-0.061435554176568985,-0.04646073654294014,3.4712903499603271,-0.0022371131926774979,-0.060098461806774139,2.2767486572265625,-0.0013703783042728901,-0.033889647573232651,-4.6566128730773926e-10,1,0,1,1,-0.057861343026161194,-0.03251926600933075,-0.0059629315510392189,0,0,1,0,0,1,0,0,0,0,0,1,0,0,1,0,1,348.7470703125,-0.00032413005828857422,-0.013596296310424805,-0.013271710835397243,1,4.6510038375854492,-0.00087891332805156708,-0.055970273911952972,2.8906130790710449,-0.00049324845895171165,-0.028244644403457642,-1.4784745872020721e-07,0,0.95348203182220459,-0.055091358721256256,-0.027751393616199493,-0.00066213519312441349,0,0,0,0,1,0,0,0,0,0,0,0,1.1157381534576416,0,348.49957275390625,-0.00020188093185424805,-0.011775851249694824,-0.011573817580938339,0.2772771418094635,0,-0.010625708848237991,-0.063498988747596741,-0.043658137321472168,0,-14.908854484558105,0,1.3941460847854614,0.053083539009094238,263.48749996337574,-0.014834681525826454,-0.011218751780688763,267.7830810546875,263.68264770507812,8.8894424438476562,4.5134692192077637,1.5392105579376221,0.12524384260177612
21840,212.60480257632284,1,0.28842955827713013,181.25,8.8474206924438477,0.20296540856361389,1,137.662841796875,1,36.402828216552734,9.1579370498657227,201.97456244750668,0.13240176439285278,0.012156674638390541,-0.00043575515155680478,1.3223112821578979,-0.09096112847328186,-0.068789497017860413,-0.061864528805017471,-0.046785145998001099,3.4879896640777588,-0.0024489550851285458,-0.062082506716251373,2.2764406204223633,-0.0014251740649342537,-0.033640753477811813,-1.3969838619232178e-09,1,0,1,1,-0.059633549302816391,-0.032215576618909836,-0.007147214375436306,0,0,1,0,0,1,0,0,0,0,0,1,0,0,1,0,1,348.744140625,-0.00038695335388183594,-0.014251232147216797,-0.013864010572433472,1,4.6581244468688965,-0.0011732224375009537,-0.060686200857162476,2.8795323371887207,-0.00070694461464881897,-0.03084072470664978,-1.4877878129482269e-07,0,0.94929492473602295,-0.05951298400759697,-0.03013378381729126,-0.00069940998218953609,0,0,0,0,1,0,0,0,0,0,0,0,1.1222028732299805,0,348.49462890625,-0.00020241737365722656,-0.012422800064086914,-0.012220288626849651,0.279063880443573,0,-0.010788828134536743,-0.064322918653488159,-0.044222962111234665,0.0009765625,-15.554423332214355,0,0.81843686103820801,0.052034858614206314,263.48333329660818,-0.015477037988603115,-0.011704534292221069,267.78305053710938,263.46087646484375,8.9863338470458984,4.2045907974243164,1.2617208957672119,0.10346079617738724
21900,202.90720338732379,1,0.2897447943687439,181.25,8.8576498031616211,0.20121397078037262,1,140.51226806640625,1,32.878433227539062,9.188197135925293,192.76184321795759,0.076998516917228699,0.01218307763338089,-0.00043278548400849104,1.3223112821578979,-0.091522365808486938,-0.069213934242725372,-0.062825478613376617,-0.047511868178844452,3.5015201568603516,-0.0027654664590954781,-0.062156528234481812,2.2805511951446533,-0.0018492224626243114,-0.034372024238109589,-1.3969838619232178e-09,1,0,1,1,-0.05939105898141861,-0.03252280130982399,-0.0066676177084445953,0,0,1,0,0,1,0,0,0,0,0,1,0,0,1,0,1,348.74066162109375,-0.00038170814514160156,-0.014108180999755859,-0.013726199977099895,1,4.6627292633056641,-0.00068690534681081772,-0.057263761758804321,2.873476505279541,-0.00081640714779496193,-0.032821625471115112,-1.4808028936386108e-07,0,0.94975370168685913,-0.056576855480670929,-0.032005220651626587,-0.0004504846001509577,0,0,0,0,1,0,0,0,0,0,0,0,1.1188116073608398,0,348.48919677734375,-0.00020033121109008789,-0.012081503868103027,-0.011881151236593723,0.28109443187713623,0,-0.010972377844154835,-0.0653233602643013,-0.044829331338405609,0,-15.448418617248535,0,0.38643532991409302,0.051991820335388184,263.47916662984062,-0.015371561050415039,-0.011624767445027828,267.782470703125,263.59124755859375,8.9861516952514648,4.3219881057739258,0.99928885698318481,0.06827748566865921
21960,169.90584645883837,1,0.28688806295394897,181.25,8.8701295852661133,0.19925963878631592,1,140.31834411621094,1,32.184253692626953,9.1666946411132812,161.41055413589643,0.7320980429649353,0.012428987771272659,-0.00042069077608175576,1.3223112821578979,-0.089445516467094421,-0.067643314599990845,-0.062000103294849396,-0.046887677162885666,3.5040931701660156,-0.0020997142419219017,-0.061090067028999329,2.283153772354126,-0.0013591144233942032,-0.034299641847610474,-1.3969838619232178e-09,1,0.0022226911969482899,0.99609375,0.99609375,-0.058990344405174255,-0.03294052928686142,-0.0062488103285431862,0.003452155739068985,0,0.99609375,0,0,1,0,0,0,0,0,1,0,0,1,0,1,348.73541259765625,-0.00033223628997802734,-0.013593316078186035,-0.013260670006275177,1,4.6576046943664551,-0.00041443482041358948,-0.055054143071174622,2.8671736717224121,-0.00043978262692689896,-0.031593181192874908,-1.4877878129482269e-07,0,0.95068895816802979,-0.054639715701341629,-0.031153403222560883,-0.00044902844820171595,0,0,0,0,1,0,0,0,0,0,0,0,1.1105992794036865,0,348.48297119140625,-0.00016248226165771484,-0.011222243309020996,-0.011059925891458988,0.28237950801849365,0,-0.011062479577958584,-0.065909311175346375,-0.045285671949386597,0,-15.016695022583008,0.0009765625,10,0.059542879462242126,263.47499996307306,-0.014941984787583351,-0.011299899779260159,267.7816162109375,263.66195678710938,8.9697589874267578,4.2842588424682617,1.0180515050888062,0.085672184824943542
22020,179.92637802378422,1,0.27908110618591309,181.25,8.8859310150146484,0.19884613156318665,1,138.15040588378906,1,32.629375457763672,9.2150869369506836,170.930059122595,0.10125173628330231,0.012380392290651798,-0.00039334999746643007,1.3223112821578979,-0.084261298179626465,-0.06372273713350296,-0.059219520539045334,-0.044784855097532272,3.5021378993988037,-0.0015405351296067238,-0.058032795786857605,2.2806344032287598,-0.001226421445608139,-0.033396221697330475,-1.3969838619232178e-09,1,0.0012126377550885081,0.99609375,0.99609375,-0.056492261588573456,-0.032169800251722336,-0.0055124405771493912,0.0018698496278375387,0,0.99609375,0,0,1,0,0,0,0,0,1,0,0,1,0,1,348.72830200195312,-0.00029838085174560547,-0.012791872024536133,-0.012493194080889225,1,4.6558980941772461,-0.00030085677281022072,-0.053813032805919647,2.8630528450012207,-0.00047970679588615894,-0.029411632567644119,-1.4883698895573616e-07,0,0.95201998949050903,-0.053512182086706161,-0.028931928798556328,-0.00053454330191016197,0,0,0,0,1,0,0,0,0,0,0,0,1.1052507162094116,0,348.4766845703125,-0.00010886788368225098,-0.010633766651153564,-0.01052507758140564,0.28237012028694153,0,-0.011029155924916267,-0.065815150737762451,-0.045317392796278,0,-14.040756225585938,0,0.55226397514343262,0.052970491349697113,263.4708332963055,-0.013970902189612389,-0.010565516538918018,267.78073120117188,263.69012451171875,8.9793024063110352,4.3593144416809082,1.041624903678894,0.077849157154560089
22080,182.13733820700585,1,0.2768109142780304,181.25,8.8917484283447266,0.20050731301307678,1,138.30970764160156,1,34.04376220703125,9.2261333465576172,173.03047129665555,0.27246502041816711,0.012641517445445061,-0.00038338662125170231,1.3223112821578979,-0.082590579986572266,-0.062459256500005722,-0.058692160993814468,-0.044386040419340134,3.4990813732147217,-0.0019299183040857315,-0.056696318089962006,2.2790889739990234,-0.0013058283366262913,-0.033414188772439957,-6.9849193096160889e-10,1,0,1,1,-0.054766394197940826,-0.032108355313539505,-0.0047374535351991653,0,0,1,0,0,1,0,0,0,0,0,1,0,0,1,0,1,348.72021484375,-0.00033622980117797852,-0.012356460094451904,-0.012020006775856018,1,4.6621208190917969,-0.00042393524199724197,-0.054235689342021942,2.8602807521820068,-0.00050634238868951797,-0.03038901649415493,-1.4924444258213043e-07,0,0.95141541957855225,-0.053811758756637573,-0.029882676899433136,-0.00049438525456935167,0,0,0,0,1,0,0,0,0,0,0,0,1.1008450984954834,0,348.470703125,-0.00011724233627319336,-0.010201454162597656,-0.010084511712193489,0.28147426247596741,0,-0.010916218161582947,-0.065281949937343597,-0.045206550508737564,0,-13.685111045837402,0,5.0004801750183105,0.058530669659376144,263.46666662953794,-0.013617025688290596,-0.010297897271811962,267.78118896484375,263.6580810546875,8.9778118133544922,4.2567300796508789,0.90228861570358276,0.078326448798179626
22140,149.35662759824817,1,0.27201971411705017,181.25,8.8864631652832031,0.19972677528858185,1,134.80165100097656,1,33.012050628662109,9.1864032745361328,141.88879621833576,0.062831617891788483,0.012237023562192917,-0.00037328962935134768,1.3223112821578979,-0.079639248549938202,-0.060227308422327042,-0.056842304766178131,-0.042987082153558731,3.4952316284179688,-0.0018392619676887989,-0.0549006387591362,2.2796602249145508,-0.0012041057925671339,-0.032152537256479263,3.4924596548080444e-10,1,0,1,1,-0.053061366081237793,-0.030948428437113762,-0.0049135666340589523,0,0,1,0,0,1,0,0,0,0,0,1,0,0,1,0,1,348.71173095703125,-0.0002638697624206543,-0.01216965913772583,-0.011905243620276451,1,4.6723804473876953,-0.00059497123584151268,-0.051638875156641006,2.8608355522155762,-0.00029145367443561554,-0.029541965574026108,-1.4877878129482269e-07,0,0.95409274101257324,-0.051043905317783356,-0.029250511899590492,-0.00043210375588387251,0,0,0,0,1,0,0,0,0,0,0,0,1.0988007783889771,0,348.46527099609375,-8.9466571807861328e-05,-0.0099694281816482544,-0.0098800770938396454,0.28029096126556396,0,-0.01079120859503746,-0.064648985862731934,-0.044979244470596313,0,-13.324695587158203,0,0.30190557241439819,0.052098020911216736,263.46249996277038,-0.013258403167128563,-0.010026688687503338,267.78179931640625,263.56259155273438,8.9495573043823242,4.4321441650390625,1.0696355104446411,0.078895866870880127
22200,168.32649690316111,1,0.26499658823013306,181.25,8.892216682434082,0.1980939656496048,1,129.15103149414062,1,29.85601806640625,9.256596565246582,159.91017205800304,0.06000007688999176,0.012566334567964077,-0.00036021601408720016,1.3223112821578979,-0.074742048978805542,-0.056523792445659637,-0.055100228637456894,-0.041669636964797974,3.4866046905517578,-0.0012882601004093885,-0.051965091377496719,2.2774991989135742,-0.00088274467270821333,-0.030743023380637169,-1.1641532182693481e-10,1,0.0003525245119817555,0.9990234375,0.9990234375,-0.050676822662353516,-0.029860278591513634,-0.0045887143351137638,0.00049887353088706732,0,0.9990234375,0,0,1,0,0,0,0,0,1,0,0,1,0,1,348.70367431640625,-0.00020423531532287598,-0.01189906895160675,-0.011694358661770821,1,4.6872701644897461,-0.00020655686967074871,-0.048553884029388428,2.8658962249755859,-0.0002136442344635725,-0.027062682434916496,-1.4857505448162556e-07,0,0.95764470100402832,-0.048347331583499908,-0.026849038898944855,-0.00045853934716433287,0,0,0,0,1,0,0,0,0,0,0,0,1.0994181632995605,0,348.46121215820312,-4.456937313079834e-05,-0.009986191987991333,-0.0099418219178915024,0.27819687128067017,0,-0.010620104148983955,-0.063517339527606964,-0.04448879137635231,0,-12.858028411865234,0,0.28592580556869507,0.053533554077148438,263.45833329600282,-0.012794057838618755,-0.0096755260601639748,267.78152465820312,263.56790161132812,9.0762319564819336,4.3415055274963379,0.91769760847091675,0.074374943971633911
22260,165.15317644810568,1,0.26100754737854004,181.25,8.901515007019043,0.19712197780609131,1,126.03301239013672,1,28.058935165405273,9.3375473022460938,156.89551762570039,0.058677509427070618,0.012979274615645409,-0.00035270763328298926,1.3223112821578979,-0.072756558656692505,-0.055022262036800385,-0.053116083145141602,-0.040169123560190201,3.4731147289276123,-0.0016393295954912901,-0.050342239439487457,2.2727341651916504,-0.0010169805027544498,-0.029243841767311096,-8.149072527885437e-10,1,0,1,1,-0.0487029068171978,-0.028226859867572784,-0.0049859993159770966,0,0,1,0,0,1,0,0,0,0,0,1,0,0,1,0,1,348.69564819335938,-0.00022861361503601074,-0.011670112609863281,-0.011441082693636417,1,4.6977534294128418,-0.00051646493375301361,-0.044606886804103851,2.8698630332946777,-0.00041759666055440903,-0.024549413472414017,-1.4924444258213043e-07,0,0.96253800392150879,-0.044090420007705688,-0.024131821468472481,-0.00043152671423740685,0,0,0,0,1,0,0,0,0,0,0,0,1.0917122364044189,0,348.4571533203125,-9.7095966339111328e-05,-0.0092681050300598145,-0.0091712232679128647,0.27526801824569702,0,-0.010416856966912746,-0.062000278383493423,-0.043802008032798767,0,-12.590014457702637,0,0.27855876088142395,0.055375516414642334,263.45416662923526,-0.012527377344667912,-0.0094738490879535675,267.781005859375,263.59759521484375,9.0865478515625,4.4841947555541992,0.92231327295303345,0.074086546897888184
22320,183.08185338042358,1,0.2671775221824646,181.25,8.9108448028564453,0.19719062745571136,1,132.05569458007812,1,29.570011138916016,9.2028036117553711,173.92776071140239,0.21334409713745117,0.013747268356382847,-0.00036106270272284746,1.3223112821578979,-0.076853975653648376,-0.058120939880609512,-0.05480189248919487,-0.041444018483161926,3.4606947898864746,-0.0014603522140532732,-0.052574165165424347,2.2667622566223145,-0.0010417691664770246,-0.0292782261967659,-7.5669959187507629e-10,1,0,1,1,-0.051113806664943695,-0.028236454352736473,-0.0065046539530158043,0,0,1,0,0,1,0,0,0,0,0,1,0,0,1,0,1,348.68756103515625,-0.00019592046737670898,-0.011959731578826904,-0.011763505637645721,1,4.6996421813964844,-0.00071236328221857548,-0.04602200910449028,2.8694930076599121,-0.00063280609901994467,-0.024729762226343155,-1.4901161193847656e-07,0,0.96237951517105103,-0.045309647917747498,-0.024096958339214325,-0.00050460855709388852,0,0,0,0,1,0,0,0,0,0,0,0,1.0952932834625244,0,348.45150756835938,-0.00013603270053863525,-0.0096652209758758545,-0.0095293410122394562,0.27342259883880615,0,-0.010270820930600166,-0.061091139912605286,-0.043300904333591461,0,-12.888251304626465,0,2.1036961078643799,0.060471918433904648,263.4499999624677,-0.012824130244553089,-0.0096982689574360847,267.77920532226562,263.56027221679688,9.0067787170410156,4.3177852630615234,1.039220929145813,0.091975860297679901
22380,202.39167118805995,1,0.26889538764953613,181.25,8.9082365036010742,0.19748847186565399,1,131.57098388671875,1,27.884052276611328,9.2498102188110352,192.27208762865695,0.13717533648014069,0.013345238752663136,-0.00036942813312634826,1.3223112821578979,-0.077407628297805786,-0.058539640158414841,-0.056117802858352661,-0.042439177632331848,3.453498363494873,-0.0015371008776128292,-0.05291280522942543,2.258793830871582,-0.0011608228087425232,-0.030366221442818642,-8.7311491370201111e-10,1,0,1,1,-0.051375702023506165,-0.029205396771430969,-0.0059208646416664124,0,0,1,0,0,1,0,0,0,0,0,1,0,0,1,0,1,348.68124389648438,-0.00017553567886352539,-0.0122222900390625,-0.012046663090586662,1,4.6972408294677734,-0.00039757834747433662,-0.046348407864570618,2.8638401031494141,-0.00052874418906867504,-0.022155540063977242,-1.4860415831208229e-07,0,0.96347892284393311,-0.04595082625746727,-0.021626796573400497,-0.00067301432136446238,0,0,0,0,1,0,0,0,0,0,0,0,1.0993528366088867,0,348.44622802734375,-9.0688467025756836e-05,-0.010025918483734131,-0.0099352840334177017,0.27237749099731445,0,-0.010189400985836983,-0.060584358870983124,-0.04304107278585434,0,-13.186857223510742,0,0.86615079641342163,0.05771251767873764,263.44583329570014,-0.01312125101685524,-0.009922967292368412,267.7774658203125,263.46893310546875,8.9842529296875,4.2241611480712891,1.4719966650009155,0.095668725669384003
22440,212.86004316133491,1,0.26612305641174316,168.75,8.9065036773681641,0.25589203834533691,1,131.00343322753906,1,24.950889587402344,9.2708520889282227,202.21704100326815,0.14712221920490265,0.013501422479748726,-0.0003596705209929496,1.3223112821578979,-0.075628787279129028,-0.057194389402866364,-0.055229026824235916,-0.041767038404941559,3.4459185600280762,-0.0012611560523509979,-0.051295232027769089,2.2489678859710693,-0.00093216774985194206,-0.030401723459362984,-7.5669959187507629e-10,1,0,1,1,-0.050034072250127792,-0.029469555243849754,-0.0050493874587118626,0,0,1,0,0,1,0,0,0,0,0,1,0,0,1,0,1,348.67526245117188,-0.00011578202247619629,-0.011859297752380371,-0.011743290349841118,1,4.6920309066772461,-0.00024520896840840578,-0.045291926711797714,2.8513720035552979,-0.00022173312027007341,-0.021928314119577408,-1.4845863915979862e-07,0,0.96438467502593994,-0.045046716928482056,-0.021706581115722656,-0.00062909384723752737,0,0,0,0,1,0,0,0,0,0,0,0,1.0956279039382935,0,348.44113159179688,1.9371509552001953e-07,-0.0095623806118965149,-0.0095627941191196442,0.27130195498466492,0,-0.010113261640071869,-0.060053825378417969,-0.042823672294616699,0.001953125,-12.838557243347168,0,0.97293609380722046,0.058254934847354889,263.44166662893258,-0.01277468353509903,-0.0096608744934201241,267.77566528320312,263.405517578125,9.0567359924316406,3.9994239807128906,1.059522271156311,0.082944393157958984
22500,224.3861312983403,1,0.26728585362434387,168.75,8.9197530746459961,0.25315925478935242,1,133.23068237304688,1,26.274072647094727,9.364990234375,213.16682473342328,0.38486698269844055,0.014063285663723946,-0.00035831387504003942,1.3223112821578979,-0.07642054557800293,-0.057793159037828445,-0.05553504079580307,-0.04199846088886261,3.4393515586853027,-0.0014819598291069269,-0.051637619733810425,2.2392134666442871,-0.0009974093409255147,-0.030227765440940857,-9.3132257461547852e-10,1,0,1,1,-0.050155654549598694,-0.029230356216430664,-0.0054606320336461067,0,0,1,0,0,1,0,0,0,0,0,1,0,0,1,0,1,348.6685791015625,-0.00013822317123413086,-0.011566728353500366,-0.011428358964622021,1,4.6888251304626465,-0.0006268196739256382,-0.046471793204545975,2.837763786315918,-0.00025941384956240654,-0.020601138472557068,-1.4866236597299576e-07,0,0.96452850103378296,-0.045844972133636475,-0.020341724157333374,-0.00073280022479593754,0,0,0,0,1,0,0,0,0,0,0,0,1.0934631824493408,0,348.43585205078125,-2.8342008590698242e-05,-0.0093743205070495605,-0.0093463212251663208,0.27028542757034302,0,-0.010019040666520596,-0.059537127614021301,-0.04264010488986969,0,-12.790131568908691,0.0009765625,10,0.071084961295127869,263.43749996216502,-0.012726498767733574,-0.0096244346350431442,267.77545166015625,263.52297973632812,9.0502681732177734,3.9875304698944092,1.1064420938491821,0.066513389348983765
22560,231.38326892483832,1,0.26636061072349548,168.75,8.9175758361816406,0.25135001540184021,1,133.83805847167969,1,26.751285552978516,9.2557973861694336,219.81410547859639,0.16109851002693176,0.013413701206445694,-0.00035299648880027235,1.3223112821578979,-0.075883880257606506,-0.057387303560972214,-0.055162936449050903,-0.041717056185007095,3.4341888427734375,-0.00098580331541597843,-0.0517100989818573,2.2293262481689453,-0.0005835056072100997,-0.029986297711730003,-8.5856299847364426e-10,1,0,1,1,-0.050724294036626816,-0.029402794316411018,-0.0057347067631781101,0,0,1,0,0,1,0,0,0,0,0,1,0,0,1,0,1,348.66140747070312,-0.00013695284724235535,-0.011443063616752625,-0.011306112632155418,1,4.683495044708252,-0.00056190881878137589,-0.046640612185001373,2.8227415084838867,-0.00013459054753184319,-0.020989082753658295,-1.4883698895573616e-07,0,0.96409410238265991,-0.046078704297542572,-0.020854493603110313,-0.00072502583498135209,0,0,0,0,1,0,0,0,0,0,0,0,1.0908752679824829,0,348.42974853515625,-7.4490904808044434e-05,-0.0091616660356521606,-0.0090875271707773209,0.26975476741790771,0,-0.0099415238946676254,-0.05922747403383255,-0.042548228055238724,0,-12.600324630737305,0,1.1425515413284302,0.057986609637737274,263.43333329539746,-0.012537636794149876,-0.0094816079363226891,267.7755126953125,263.59335327148438,9.0005970001220703,4.2885837554931641,1.112066388130188,0.081993654370307922
22620,193.13438216786363,1,0.26102697849273682,168.75,8.9343986511230469,0.25148111581802368,1,127.54514312744141,1,25.969717025756836,9.3239307403564453,183.47766305947044,0.27556419372558594,0.013288216665387154,-0.00034860387677326798,1.3223112821578979,-0.073195114731788635,-0.05535392090678215,-0.052533119916915894,-0.039728254079818726,3.4279336929321289,-0.00089276814833283424,-0.051232453435659409,2.2213873863220215,-0.00055758038070052862,-0.027972303330898285,-7.5669959187507629e-10,1,0,1,1,-0.050339680165052414,-0.027414724230766296,-0.0071996408514678478,0,0,1,0,0,1,0,0,0,0,0,1,0,0,1,0,1,348.65472412109375,-0.00015616416931152344,-0.011517554521560669,-0.01136140339076519,1,4.6748085021972656,-0.00028191227465867996,-0.046509027481079102,2.8150687217712402,-6.798584945499897e-05,-0.020809372887015343,-1.491280272603035e-07,0,0.9645615816116333,-0.046227112412452698,-0.020741390064358711,-0.00073030893690884113,0,0,0,0,1,0,0,0,0,0,0,0,1.0929865837097168,0,348.42373657226562,-7.6383352279663086e-05,-0.0093747079372406006,-0.0092986561357975006,0.26866978406906128,0,-0.009847637265920639,-0.058703809976577759,-0.042262770235538483,0,-12.443530082702637,0,5.3017477989196777,0.060955729335546494,263.4291666286299,-0.012381621636450291,-0.0093636205419898033,267.77578735351562,263.54766845703125,9.0671825408935547,4.0792407989501953,1.3117935657501221,0.078035585582256317
22680,169.73802554766425,1,0.26147651672363281,168.75,8.9502744674682617,0.25236061215400696,1,125.41275787353516,1,26.99717903137207,9.4015798568725586,161.25112427028103,0.15656787157058716,0.013385395519435406,-0.00035636607208289206,1.3223112821578979,-0.074467547237873077,-0.056316200643777847,-0.051263004541397095,-0.038767728954553604,3.4229745864868164,-0.0013143657706677914,-0.051658965647220612,2.2120361328125,-0.00081434100866317749,-0.026869060471653938,-7.2759576141834259e-10,1,0,1,1,-0.050344601273536682,-0.02605472132563591,-0.0081437006592750549,0,0,1,0,0,1,0,0,0,0,0,1,0,0,1,0,1,348.64892578125,-0.00020813941955566406,-0.011816896498203278,-0.01160893402993679,1,4.6646027565002441,-0.000230225152336061,-0.046267718076705933,2.813300609588623,2.956658136099577e-05,-0.019279595464468002,-1.492153387516737e-07,0,0.96562886238098145,-0.046037487685680389,-0.019309163093566895,-0.00079417938832193613,0,0,0,0,1,0,0,0,0,0,0,0,1.096354603767395,0,348.41705322265625,-7.3537230491638184e-05,-0.0097087174654006958,-0.0096354596316814423,0.26733595132827759,0,-0.0097832204774022102,-0.058191169053316116,-0.041728779673576355,0,-12.720602989196777,0,1.0847926139831543,0.057800352573394775,263.42499996186234,-0.012657316401600838,-0.0095721157267689705,267.776123046875,263.54544067382812,9.1607637405395508,4.0016775131225586,0.8248521089553833,0.079577550292015076
22740,127.7888741966234,1,0.26417264342308044,168.75,8.9594478607177734,0.25121557712554932,1,127.35804748535156,1,28.252758026123047,9.3601350784301758,121.39943048679223,0.094158023595809937,0.013397453352808952,-0.00036189041566103697,1.3223112821578979,-0.075966790318489075,-0.057450003921985626,-0.052390053868293762,-0.039620060473680496,3.4157018661499023,-0.0013595155905932188,-0.052124258130788803,2.2003452777862549,-0.0010555770713835955,-0.027097934857010841,-6.9849193096160889e-10,1,0,1,1,-0.050764739513397217,-0.026042358949780464,-0.0081645771861076355,0,0,1,0,0,1,0,0,0,0,0,1,0,0,1,0,1,348.6435546875,-0.00019162893295288086,-0.011825084686279297,-0.011633753776550293,1,4.6493711471557617,-0.00030085351318120956,-0.046651225537061691,2.8113324642181396,-0.00033489568158984184,-0.018036810681223869,-1.4819670468568802e-07,0,0.96611285209655762,-0.046350371092557907,-0.017701916396617889,-0.00086968939285725355,0,0,0,0,1,0,0,0,0,0,0,0,1.0980916023254395,0,348.41018676757812,-0.00012189149856567383,-0.009930729866027832,-0.0098091438412666321,0.26642900705337524,0,-0.0097556803375482559,-0.057953327894210815,-0.041231840848922729,0.0009765625,-12.91779613494873,0,0.50062268972396851,0.057531759142875671,263.42083329509478,-0.012853528372943401,-0.0097205014899373055,267.77658081054688,263.37924194335938,9.1235227584838867,4.1780543327331543,0.99916982650756836,0.097059130668640137
22800,157.85431042946334,1,0.26347023248672485,168.75,8.9797391891479492,0.25001892447471619,1,127.02645874023438,1,28.730171203613281,9.3576898574829102,149.96159490799016,0.48876217007637024,0.014150090515613556,-0.00035994857898913324,1.3223112821578979,-0.075710028409957886,-0.057255830615758896,-0.051898457109928131,-0.039248291403055191,3.4102153778076172,-0.0018134405836462975,-0.052318684756755829,2.1901705265045166,-0.0010296842083334923,-0.026767399162054062,0,1,0,1,1,-0.050505250692367554,-0.025737717747688293,-0.0080498196184635162,0,0,1,0,0,1,0,0,0,0,0,1,0,0,1,0,1,348.63876342773438,-0.00022640824317932129,-0.011858999729156494,-0.011632978916168213,1,4.6392874717712402,-0.00024040974676609039,-0.045971795916557312,2.8080573081970215,-0.00015960074961185455,-0.018740613013505936,-1.4877878129482269e-07,0,0.9660879373550415,-0.045731380581855774,-0.018581012263894081,-0.00077003281330689788,0,0,0,0,1,0,0,0,0,0,0,0,1.0998183488845825,0,348.4049072265625,-9.4830989837646484e-05,-0.010076403617858887,-0.0099818268790841103,0.26592618227005005,0,-0.0097446758300065994,-0.057873178273439407,-0.040920242667198181,0,-12.848482131958008,0.0009765625,10,0.075584441423416138,263.41666662832722,-0.012784559279680252,-0.0096683427691459656,267.77581787109375,263.54190063476562,9.1337184906005859,4.2090821266174316,0.93956375122070312,0.077843472361564636
22860,153.67915053414691,1,0.26514950394630432,168.75,8.9855833053588867,0.24881467223167419,1,127.11834716796875,1,28.047502517700195,9.3353214263916016,145.99519300743955,0.21958008408546448,0.013927727937698364,-0.00036660992191173136,1.3223112821578979,-0.076519161462783813,-0.057867735624313354,-0.052793428301811218,-0.039925113320350647,3.4039983749389648,-0.0017625060863792896,-0.052911475300788879,2.1846556663513184,-0.00095710949972271919,-0.027437988668680191,4.0745362639427185e-10,1,0,1,1,-0.051148969680070877,-0.02648087777197361,-0.0077633843757212162,0,0,1,0,0,1,0,0,0,0,0,1,0,0,1,0,1,348.63421630859375,-0.00025837123394012451,-0.012262433767318726,-0.012004485353827477,1,4.6293115615844727,-0.00016329740174114704,-0.046030320227146149,2.8087291717529297,-3.7717283703386784e-05,-0.019497405737638474,-1.4854595065116882e-07,0,0.96560657024383545,-0.045867018401622772,-0.019459687173366547,-0.000712936045601964,0,0,0,0,1,0,0,0,0,0,0,0,1.101415753364563,0,348.39950561523438,-9.4994902610778809e-05,-0.010236598551273346,-0.010141563601791859,0.26537016034126282,0,-0.0097374133765697479,-0.057725690305233002,-0.040608786046504974,0,-13.086260795593262,0,2.2740128040313721,0.061622746288776398,263.41249996155966,-0.013021155260503292,-0.0098472693935036659,267.7735595703125,263.52215576171875,9.0805063247680664,4.468163013458252,1.1982870101928711,0.096853099763393402
22920,167.20616549313362,1,0.27642455697059631,168.75,8.9994134902954102,0.24616627395153046,1,135.12094116210938,1,28.909080505371094,9.28948974609375,158.84585721847694,0.1020374596118927,0.013206667266786098,-0.0003907933714799583,1.3223112821578979,-0.084171265363693237,-0.06365465372800827,-0.055892571806907654,-0.042268846184015274,3.4010353088378906,-0.0022010935936123133,-0.057598438113927841,2.1866893768310547,-0.0012824195437133312,-0.02867569774389267,9.3132257461547852e-10,1,0,1,1,-0.055397346615791321,-0.027393277734518051,-0.0093437600880861282,0,0,1,0,0,1,0,0,0,0,0,1,0,0,1,0,1,348.6297607421875,-0.00029894709587097168,-0.012799322605133057,-0.012500864453613758,1,4.6154193878173828,-0.00087303062900900841,-0.048679541796445847,2.8068828582763672,-0.00035593216307461262,-0.022559849545359612,-1.4872057363390923e-07,0,0.96309655904769897,-0.047806508839130402,-0.022203916683793068,-0.00065009854733943939,0,0,0,0,1,0,0,0,0,0,0,0,1.1026780605316162,0,348.39260864257812,-0.00013387203216552734,-0.010401755571365356,-0.010267798788845539,0.26655155420303345,0,-0.0098305940628051758,-0.058347664773464203,-0.040773123502731323,0,-13.949496269226074,0,0.55816137790679932,0.05683782696723938,263.4083332947921,-0.013880095444619656,-0.010496844537556171,267.77120971679688,263.50146484375,9.0864973068237305,4.7260017395019531,1.5436670780181885,0.10841618478298187
22980,158.18097552801783,1,0.27901268005371094,168.75,9.0219478607177734,0.24554324150085449,1,135.53935241699219,1,27.947952270507812,9.3759794235229492,150.27192675161692,0.074074499309062958,0.012071859091520309,-0.00040063276537694037,1.3223112821578979,-0.086397290229797363,-0.065338090062141418,-0.055964510887861252,-0.042323250323534012,3.404630184173584,-0.0022393488325178623,-0.060217671096324921,2.187389612197876,-0.00143577647395432,-0.028905743733048439,1.6298145055770874e-09,1,0,1,1,-0.057978324592113495,-0.02746996283531189,-0.010379331186413765,0,0,1,0,0,1,0,0,0,0,0,1,0,0,1,0,1,348.62579345703125,-0.00030291080474853516,-0.012937068939208984,-0.012634350918233395,1,4.5959901809692383,-0.00081376545131206512,-0.052215974777936935,2.803687572479248,-0.00034981966018676758,-0.021998077630996704,-1.4877878129482269e-07,0,0.96108889579772949,-0.051402207463979721,-0.021648256108164787,-0.00081588502507656813,0,0,0,0,1,0,0,0,0,0,0,0,1.1089589595794678,0,348.38540649414062,-0.00012642145156860352,-0.01102215051651001,-0.010895891115069389,0.26841169595718384,0,-0.0099681597203016281,-0.059399452060461044,-0.041019797325134277,0,-14.300717353820801,0,0.36832642555236816,0.051414377987384796,263.40416662802454,-0.014229569584131241,-0.010761134326457977,267.77166748046875,263.58990478515625,9.13720703125,4.7426128387451172,1.1714327335357666,0.11047585308551788
23040,174.97859338402446,1,0.27621972560882568,168.75,9.0301971435546875,0.24607802927494049,1,132.69549560546875,1,27.645383834838867,9.302424430847168,166.22966371482323,0.078956834971904755,0.01237502321600914,-0.00039705244125798345,1.3223112821578979,-0.085604086518287659,-0.064738228917121887,-0.053390055894851685,-0.040376313030719757,3.4153575897216797,-0.001831279369071126,-0.060236398130655289,2.1823668479919434,-0.001116639468818903,-0.027091573923826218,1.9790604710578918e-09,1,0,1,1,-0.058405119925737381,-0.025974933058023453,-0.011368490755558014,0,0,1,0,0,1,0,0,0,0,0,1,0,0,1,0,1,348.623046875,-0.00029784440994262695,-0.013034045696258545,-0.012736491858959198,1,4.5799341201782227,-0.00046880746958777308,-0.054996401071548462,2.7972736358642578,-0.0002612691605463624,-0.019857849925756454,-1.4825491234660149e-07,0,0.95927965641021729,-0.054527588188648224,-0.019596578553318977,-0.0010454932926222682,0,0,0,0,1,0,0,0,0,0,0,0,1.1167818307876587,0,348.37936401367188,-0.00013452768325805664,-0.011812642216682434,-0.011678174138069153,0.27016657590866089,0,-0.01011052168905735,-0.060487829148769379,-0.041112132370471954,0,-14.172917366027832,0,0.39876934885978699,0.052687898278236389,263.39999996125698,-0.014102404937148094,-0.010664965957403183,267.77218627929688,263.53170776367188,9.04669189453125,4.2044887542724609,0.97048574686050415,0.093570530414581299
23100,153.76189418864448,1,0.27380064129829407,168.75,9.0244941711425781,0.2479977011680603,1,129.43081665039062,1,27.936178207397461,9.3610754013061523,146.07379947921225,0.062711872160434723,0.012597816064953804,-0.00039646576624363661,1.3223112821578979,-0.083322219550609589,-0.063012562692165375,-0.053703382611274719,-0.040613267570734024,3.4239919185638428,-0.00089837354607880116,-0.058500371873378754,2.1766066551208496,-0.00059552490711212158,-0.028288748115301132,1.0477378964424133e-09,1,0,1,1,-0.057601995766162872,-0.027693223208189011,-0.0090928804129362106,0,0,1,0,0,1,0,0,0,0,0,1,0,0,1,0,1,348.62017822265625,-0.00012201070785522461,-0.013183325529098511,-0.013061694800853729,1,4.5720357894897461,-0.00036066304892301559,-0.053557075560092926,2.7923753261566162,-0.00022676214575767517,-0.02246292307972908,-1.4854595065116882e-07,0,0.95844066143035889,-0.053196407854557037,-0.022236160933971405,-0.00082777725765481591,0,0,0,0,1,0,0,0,0,0,0,0,1.1131377220153809,0,348.37469482421875,-2.8669834136962891e-05,-0.011342227458953857,-0.011313771829009056,0.27101877331733704,0,-0.010206307284533978,-0.061092272400856018,-0.040961433202028275,0,-14.151974678039551,0,0.30122396349906921,0.053692974150180817,263.39583329448942,-0.014081566594541073,-0.010649207048118114,267.77276611328125,263.52825927734375,9.037567138671875,4.4603686332702637,1.1362760066986084,0.1017548143863678
23160,166.21763114309041,1,0.270894855260849,168.75,9.0360431671142578,0.24754220247268677,1,128.80845642089844,1,27.616985321044922,9.3166561126708984,157.9067495859359,0.10917362570762634,0.013064326718449593,-0.00038583163404837251,1.3223112821578979,-0.08082263171672821,-0.061122242361307144,-0.053700901567935944,-0.040611390024423599,3.4252305030822754,-0.0013539905194193125,-0.056133713573217392,2.1774082183837891,-0.00097526307217776775,-0.029003886505961418,3.4924596548080444e-10,1,0,1,1,-0.054779723286628723,-0.028028624132275581,-0.0071430248208343983,0,0,1,0,0,1,0,0,0,0,0,1,0,0,1,0,1,348.6153564453125,-0.0001093745231628418,-0.01280665397644043,-0.012697849422693253,1,4.5696229934692383,-0.00090704485774040222,-0.049897234886884689,2.7915439605712891,-0.00058355065993964672,-0.02446964755654335,-1.4860415831208229e-07,0,0.96037155389785767,-0.048990190029144287,-0.023886095732450485,-0.0005606719059869647,0,0,0,0,1,0,0,0,0,0,0,0,1.1056740283966064,0,348.36859130859375,-2.9712915420532227e-05,-0.010596930980682373,-0.010567404329776764,0.27114114165306091,0,-0.010262181982398033,-0.061227656900882721,-0.040881354361772537,0,-13.77238655090332,0,0.61345595121383667,0.055878054350614548,263.39166662772186,-0.013703866861760616,-0.010363571345806122,267.7724609375,263.54739379882812,9.0854415893554688,4.4255218505859375,0.88590192794799805,0.082984201610088348
23220,206.44162424579045,1,0.27012231945991516,168.75,9.043248176574707,0.24662590026855469,1,130.54487609863281,1,29.373886108398438,9.3925848007202148,196.11954303350092,0.062490999698638916,0.012769421562552452,-0.000377451884560287,1.3223112821578979,-0.079271361231803894,-0.05994909256696701,-0.055001668632030487,-0.041595097631216049,3.427093505859375,-0.0014186613261699677,-0.054786793887615204,2.1802511215209961,-0.0010447693057358265,-0.029861541464924812,-4.6566128730773926e-10,1,0,1,1,-0.053368136286735535,-0.028816774487495422,-0.0058323699049651623,0,0,1,0,0,1,0,0,0,0,0,1,0,0,1,0,1,348.60980224609375,-9.1850757598876953e-05,-0.012357413768768311,-0.012266096659004688,1,4.5742664337158203,-0.00075009232386946678,-0.052726052701473236,2.7935514450073242,-0.00042410753667354584,-0.024554872885346413,-1.4819670468568802e-07,0,0.9588698148727417,-0.051975961774587631,-0.024130765348672867,-0.00067116151330992579,0,0,0,0,1,0,0,0,0,0,0,0,1.1062673330307007,0,348.36285400390625,-5.4299831390380859e-05,-0.010680854320526123,-0.010626740753650665,0.27098178863525391,0,-0.010256582871079445,-0.061124563217163086,-0.040971554815769196,0,-13.473268508911133,0,0.29996806383132935,0.054424196481704712,263.3874999609543,-0.013406237587332726,-0.010138488374650478,267.77133178710938,263.57907104492188,9.0963020324707031,4.1342930793762207,1.0478719472885132,0.093540459871292114
23280,180.89428313259583,1,0.26657378673553467,168.75,9.0251913070678711,0.24494504928588867,1,127.10905456542969,1,31.849201202392578,9.3386697769165039,171.84956897596604,0.36070683598518372,0.014091767370700836,-0.00037257681833580136,1.3223112821578979,-0.07822253555059433,-0.059155914932489395,-0.0520649254322052,-0.039374183863401413,3.4287354946136475,-0.0013167886063456535,-0.053817041218280792,2.1792793273925781,-0.00084533262997865677,-0.027474489063024521,-2.3283064365386963e-10,1,0.00030904798768460751,0.9970703125,0.9970703125,-0.052500255405902863,-0.02662915363907814,-0.0072611346840858459,0.00041886130929924548,0,0.9970703125,0,0,1,0,0,0,0,0,1,0,0,1,0,1,348.6041259765625,-0.00013118982315063477,-0.012265563011169434,-0.012135172262787819,1,4.5885329246520996,-0.00038548093289136887,-0.051169119775295258,2.7952096462249756,-0.00013288110494613647,-0.022610308602452278,-1.4924444258213043e-07,0,0.9604651927947998,-0.050783634185791016,-0.022477425634860992,-0.00072149257175624371,0,0,0,0,1,0,0,0,0,0,0,0,1.104539155960083,0,348.3583984375,-3.3617019653320312e-05,-0.010487556457519531,-0.010453914292156696,0.2702338695526123,0,-0.010213349014520645,-0.060747638344764709,-0.040848411619663239,0,-13.299250602722168,0.0009765625,10,0.071326032280921936,263.38333329418674,-0.013233085162937641,-0.010007541626691818,267.77023315429688,263.53155517578125,9.1614933013916016,4.5584659576416016,1.0464349985122681,0.087979152798652649
23340,190.4984555277864,1,0.27021956443786621,168.75,9.0246877670288086,0.24357055127620697,1,131.94929504394531,1,35.976428985595703,9.5077943801879883,180.97353275139707,0.077904537320137024,0.013448728248476982,-0.00037383785820566118,1.3223112821578979,-0.079903349280357361,-0.060427036136388779,-0.054203346371650696,-0.040991365909576416,3.4311814308166504,-0.0015390454791486263,-0.054697427898645401,2.1786565780639648,-0.0010227980092167854,-0.028105514124035835,-1.1641532182693481e-10,1,0,1,1,-0.053158383816480637,-0.027082717046141624,-0.0072094588540494442,0,0,1,0,0,1,0,0,0,0,0,1,0,0,1,0,1,348.59820556640625,-0.00020569562911987305,-0.012074708938598633,-0.011869431473314762,1,4.6041641235351562,-0.00055029476061463356,-0.051017452031373978,2.8004574775695801,-0.00013651559129357338,-0.02443658746778965,-1.4901161193847656e-07,0,0.95991265773773193,-0.050467159599065781,-0.024300068616867065,-0.00060457328800112009,0,0,0,0,1,0,0,0,0,0,0,0,1.0999776124954224,0,348.3546142578125,-0.00010728836059570312,-0.010104835033416748,-0.0099977627396583557,0.26978373527526855,0,-0.010177643969655037,-0.060579128563404083,-0.0406997911632061,0,-13.344265937805176,0,0.39212086796760559,0.057625792920589447,263.37916662741918,-0.013277876190841198,-0.010041414760053158,267.7691650390625,263.45428466796875,9.1526556015014648,4.6125450134277344,0.94911813735961914,0.075456194579601288
23400,178.2166823119835,1,0.26411154866218567,168.75,9.0252437591552734,0.24363848567008972,1,128.16815185546875,1,38.015884399414062,9.4616975784301758,169.30584819638432,0.097557149827480316,0.01362116914242506,-0.0003593536966945976,1.3223112821578979,-0.075990885496139526,-0.057468228042125702,-0.052279800176620483,-0.039536681026220322,3.428530216217041,-0.001691834069788456,-0.052736852318048477,2.1804637908935547,-0.001315064262598753,-0.027536336332559586,-9.3132257461547852e-10,1,0,1,1,-0.051045022904872894,-0.026221275329589844,-0.0068671437911689281,0,0,1,0,0,1,0,0,0,0,0,1,0,0,1,0,1,348.59185791015625,-0.00026232004165649414,-0.011681675910949707,-0.011419552378356457,1,4.6190690994262695,-0.0010092789307236671,-0.047262132167816162,2.8064298629760742,-0.00053009483963251114,-0.022997576743364334,-1.4854595065116882e-07,0,0.96351635456085205,-0.046252850443124771,-0.022467482835054398,-0.000553297926671803,0,0,0,0,1,0,0,0,0,0,0,0,1.0976495742797852,0,348.35104370117188,-0.00020509958267211914,-0.0099701285362243652,-0.0097649665549397469,0.26925072073936462,0,-0.010117243975400925,-0.060293219983577728,-0.040654618293046951,0,-12.82724666595459,0,0.52501481771469116,0.058650027960538864,263.37499996065162,-0.012763429433107376,-0.0096523640677332878,267.76763916015625,263.54598999023438,9.1881427764892578,4.3148336410522461,0.98950624465942383,0.072893515229225159
23460,209.46126563747652,1,0.26166579127311707,168.75,9.0271120071411133,0.24221214652061462,1,126.15407562255859,1,43.224952697753906,9.4131965637207031,198.98820235560268,0.070651113986968994,0.013406150043010712,-0.00035504184779711068,1.3223112821578979,-0.075345933437347412,-0.05698048323392868,-0.050199538469314575,-0.03796347975730896,3.424440860748291,-0.00086099770851433277,-0.052569825202226639,2.1782162189483643,-0.00060103321447968483,-0.02621658518910408,-8.149072527885437e-10,1,0,1,1,-0.051708824932575226,-0.025615556165575981,-0.0077171572484076023,0,0,1,0,0,1,0,0,0,0,0,1,0,0,1,0,1,348.58566284179688,-0.00014552474021911621,-0.011619985103607178,-0.011474806815385818,1,4.6309833526611328,-0.00024718279018998146,-0.046911783516407013,2.8127706050872803,7.3227100074291229e-05,-0.021509088575839996,-1.4761462807655334e-07,0,0.96375763416290283,-0.04666459932923317,-0.021582316607236862,-0.00062200147658586502,0,0,0,0,1,0,0,0,0,0,0,0,1.0978713035583496,0,348.34759521484375,-7.2598457336425781e-05,-0.0098596513271331787,-0.0097871311008930206,0.26811927556991577,0,-0.010023647919297218,-0.059764333069324493,-0.040281474590301514,0,-12.673335075378418,0,0.34757658839225769,0.057323742657899857,263.37083329388406,-0.012610283680260181,-0.0095365466549992561,267.76800537109375,263.48223876953125,9.1622467041015625,4.7716875076293945,1.198451042175293,0.088584467768669128
23520,212.38133437597168,1,0.26282870769500732,168.75,9.0459928512573242,0.23706953227519989,1,125.09159851074219,1,45.378952026367188,9.4328756332397461,201.76226765717308,0.1639503538608551,0.01367817260324955,-0.00036285258829593658,1.3223112821578979,-0.076379187405109406,-0.057761881500482559,-0.050099112093448639,-0.037887532263994217,3.4238922595977783,-0.0012333184713497758,-0.053086001425981522,2.1741178035736084,-0.00070998643059283495,-0.025668716058135033,-8.149072527885437e-10,1,0,1,1,-0.051852680742740631,-0.02495872974395752,-0.0082814842462539673,0,0,1,0,0,1,0,0,0,0,0,1,0,0,1,0,1,348.5799560546875,-0.00020068883895874023,-0.011901497840881348,-0.011700965464115143,1,4.6450424194335938,-0.00069989543408155441,-0.04960930347442627,2.8164496421813965,-0.00017356034368276596,-0.020099764689803123,-1.4668330550193787e-07,0,0.96322762966156006,-0.048909407109022141,-0.019926205277442932,-0.00078940432285889983,0,0,0,0,1,0,0,0,0,0,0,0,1.1009862422943115,0,348.34408569335938,-0.00011235475540161133,-0.01021111011505127,-0.010098626837134361,0.26682272553443909,0,-0.0099410302937030792,-0.059254735708236694,-0.039808087050914764,0,-12.952140808105469,0,1.180406928062439,0.059242364019155502,263.3666666271165,-0.012887702323496342,-0.009746345691382885,267.76779174804688,263.4404296875,9.1982669830322266,4.8598356246948242,1.4734065532684326,0.11267416179180145
23580,194.02243642779666,1,0.26919564604759216,168.75,9.0789852142333984,0.23335525393486023,1,127.85293579101562,1,44.378528594970703,9.536097526550293,184.32131460640682,0.1073596253991127,0.013249797746539116,-0.00038144632708281279,1.3223112821578979,-0.080641523003578186,-0.060985278338193893,-0.051758989691734314,-0.039142817258834839,3.4318947792053223,-0.0012070587836205959,-0.055899240076541901,2.1706442832946777,-0.00084246968617662787,-0.026659423485398293,-5.6752469390630722e-10,1,0,1,1,-0.054692178964614868,-0.025816956534981728,-0.0089980140328407288,0,0,1,0,0,1,0,0,0,0,0,1,0,0,1,0,1,348.57485961914062,-0.0001718476414680481,-0.012498319149017334,-0.012326675467193127,1,4.6618719100952148,-0.00089989323168992996,-0.051115892827510834,2.8189346790313721,-0.00062920525670051575,-0.021311091259121895,-1.4540273696184158e-07,0,0.96217703819274902,-0.05021599680185318,-0.02068188413977623,-0.00078082585241645575,0,0,0,0,1,0,0,0,0,0,0,0,1.1003930568695068,0,348.33999633789062,-0.00011467933654785156,-0.010154157876968384,-0.010039305314421654,0.26681378483772278,0,-0.0099568730220198631,-0.059374827891588211,-0.0396004319190979,0,-13.615850448608398,0,0.59909623861312866,0.057025521993637085,263.36249996034894,-0.0135481096804142,-0.010245779529213905,267.7677001953125,263.4185791015625,9.2831592559814453,4.9816632270812988,1.2451850175857544,0.11684557795524597
23640,183.22414918692343,1,0.28736403584480286,168.75,9.0611581802368164,0.23079290986061096,1,141.48863220214844,1,44.596054077148438,9.6218852996826172,174.06294172757725,0.2554934024810791,0.012577055022120476,-0.00041929120197892189,1.3223112821578979,-0.091853693127632141,-0.069464497268199921,-0.059044182300567627,-0.044652257114648819,3.4487316608428955,-0.0023020347580313683,-0.061391305178403854,2.1737964153289795,-0.0017318888567388058,-0.030563516542315483,2.9831426218152046e-10,1,0,1,1,-0.059089265763759613,-0.028831629082560539,-0.0088150445371866226,0,0,1,0,0,1,0,0,0,0,0,1,0,0,1,0,1,348.57061767578125,-0.00028335303068161011,-0.013095585629343987,-0.012812372297048569,1,4.6770715713500977,-0.0012920147273689508,-0.056223571300506592,2.8184061050415039,-0.0010111287701874971,-0.024112723767757416,-1.4444231055676937e-07,0,0.95805245637893677,-0.054931551218032837,-0.023101594299077988,-0.00085956562543287873,0,0,0,0,1,0,0,0,0,0,0,0,1.1049832105636597,0,348.33538818359375,-0.00019476190209388733,-0.010693341493606567,-0.010498316027224064,0.26851806044578552,0,-0.010079160332679749,-0.060279272496700287,-0.039968907833099365,0,-14.96673583984375,0,3.748633861541748,0.056333571672439575,263.35833329358138,-0.014892274513840675,-0.01126230601221323,267.76809692382812,263.49435424804688,9.3332366943359375,4.6510334014892578,1.4021657705307007,0.1351388692855835
23700,199.84765513812792,1,0.29093506932258606,168.75,9.0480880737304688,0.23014430701732635,1,143.99217224121094,1,40.777427673339844,9.4858417510986328,189.85527238122151,0.16732621192932129,0.012781159952282906,-0.00042755238246172667,1.3223112821578979,-0.094452716410160065,-0.071430012583732605,-0.06004849448800087,-0.045411769300699234,3.4689836502075195,-0.0015399467665702105,-0.063547834753990173,2.178875207901001,-0.0012665061512961984,-0.031452812254428864,-6.4028427004814148e-10,1,0,1,1,-0.062007881700992584,-0.030186306685209274,-0.0090023167431354523,0,0,1,0,0,1,0,0,0,0,0,1,0,0,1,0,1,348.56771850585938,-0.00024864077568054199,-0.013628542423248291,-0.013379938900470734,1,4.6850953102111816,-0.00042864959686994553,-0.057215936481952667,2.8174331188201904,-0.00036952551454305649,-0.024114962667226791,-1.4435499906539917e-07,0,0.95535242557525635,-0.056787289679050446,-0.02374543622136116,-0.00089788762852549553,0,0,0,0,1,0,0,0,0,0,0,0,1.1138430833816528,0,348.33126831054688,-0.00018933415412902832,-0.011573612689971924,-0.011384297162294388,0.27238988876342773,0,-0.010324418544769287,-0.062256217002868652,-0.040900904685258865,0,-15.261621475219727,0,1.2268091440200806,0.055407002568244934,263.35416662681382,-0.01518569327890873,-0.011484204791486263,267.7684326171875,263.4814453125,9.2525548934936523,4.5562067031860352,1.2571595907211304,0.12579600512981415
23760,206.76223968016967,1,0.29350370168685913,168.75,9.0527515411376953,0.23326361179351807,1,143.47773742675781,1,38.143100738525391,9.4603891372680664,196.42412769616118,0.25038233399391174,0.012398826889693737,-0.00044055102625861764,1.3223112821578979,-0.095102258026599884,-0.07192123681306839,-0.062697574496269226,-0.047415141016244888,3.4892582893371582,-0.0014381255023181438,-0.064394131302833557,2.1832437515258789,-0.0011213298421353102,-0.034291885793209076,-5.8207660913467407e-10,1,0,1,1,-0.062956012785434723,-0.033170558512210846,-0.0069082295522093773,0,0,1,0,0,1,0,0,0,0,0,1,0,0,1,0,1,348.56658935546875,-0.00023889541625976562,-0.01415860652923584,-0.01391969621181488,1,4.687901496887207,-0.00068625994026660919,-0.059365984052419662,2.8103885650634766,-0.00034781871363520622,-0.027575492858886719,-1.4260876923799515e-07,0,0.95122218132019043,-0.058679722249507904,-0.027227677404880524,-0.00074317364487797022,0,0,0,0,1,0,0,0,0,0,0,0,1.1227149963378906,0,348.3271484375,-0.00016033649444580078,-0.012431979179382324,-0.012271490879356861,0.27597671747207642,0,-0.010572156868875027,-0.06391732394695282,-0.041921909898519516,0,-15.725612640380859,0,3.4658210277557373,0.055474318563938141,263.34999996004626,-0.015647375956177711,-0.011833352968096733,267.76821899414062,263.5189208984375,9.2121486663818359,4.6556606292724609,1.4476388692855835,0.12394970655441284
23820,228.31587200985979,1,0.29307261109352112,168.75,9.0455732345581055,0.23429788649082184,1,144.75990295410156,1,39.589759826660156,9.4226722717285156,216.90007840936678,0.068389460444450378,0.01187028456479311,-0.00043472778634168208,1.3223112821578979,-0.094294048845767975,-0.071310020983219147,-0.063308760523796082,-0.047877348959445953,3.5063936710357666,-0.001705339178442955,-0.064069643616676331,2.1951885223388672,-0.001190556213259697,-0.034942574799060822,-2.3283064365386963e-10,1,0,1,1,-0.062364302575588226,-0.033752020448446274,-0.0060850954614579678,0,0,1,0,0,1,0,0,0,0,0,1,0,0,1,0,1,348.56475830078125,-0.00021713972091674805,-0.013855338096618652,-0.013637999072670937,1,4.691309928894043,-0.0017610369250178337,-0.060879316180944443,2.8100731372833252,-0.00090912682935595512,-0.030990112572908401,-1.41095370054245e-07,0,0.94848132133483887,-0.059118278324604034,-0.030080989003181458,-0.00058781099505722523,0,0,0,0,1,0,0,0,0,0,0,0,1.1193118095397949,0,348.32342529296875,-0.00021594762802124023,-0.012147367000579834,-0.011931177228689194,0.27929887175559998,0,-0.010799264535307884,-0.065393432974815369,-0.043030779808759689,0,-15.517749786376953,0,0.33412620425224304,0.050552524626255035,263.3458332932787,-0.015440546907484531,-0.011676938273012638,267.7686767578125,263.48171997070312,9.1364784240722656,4.3306407928466797,1.2236543893814087,0.099709004163742065
23880,248.01048076494735,1,0.28396087884902954,168.75,9.0232419967651367,0.23198208212852478,1,137.96003723144531,1,39.973834991455078,9.4511203765869141,235.60995672669998,0.13288544118404388,0.012147223576903343,-0.00041491794399917126,1.3223112821578979,-0.088431686162948608,-0.066876605153083801,-0.059567518532276154,-0.045048031955957413,3.525498628616333,-0.0014722226187586784,-0.061723947525024414,2.2062716484069824,-0.0008591129444539547,-0.033294308930635452,4.6566128730773926e-10,1,0,1,1,-0.060251723974943161,-0.032435201108455658,-0.0061785867437720299,0,0,1,0,0,1,0,0,0,0,0,1,0,0,1,0,1,348.56234741210938,-0.00018429756164550781,-0.013563871383666992,-0.013379392214119434,1,4.7077407836914062,-0.0021705925464630127,-0.061339199542999268,2.8144271373748779,-0.001131243072450161,-0.029010813683271408,-1.41095370054245e-07,0,0.94872760772705078,-0.059168606996536255,-0.027879569679498672,-0.00077078305184841156,0,0,0,0,1,0,0,0,0,0,0,0,1.1208299398422241,0,348.32080078125,-0.00023180246353149414,-0.012315273284912109,-0.012082986533641815,0.2811245322227478,0,-0.010911401361227036,-0.066097460687160492,-0.043663941323757172,0,-14.81063175201416,0,0.82317447662353516,0.052026711404323578,263.34166662651114,-0.014736946672201157,-0.011144839227199554,267.76809692382812,263.50967407226562,9.2042427062988281,4.6544065475463867,0.85255146026611328,0.089477553963661194
23940,226.64889460549787,1,0.27609485387802124,168.75,9.0396976470947266,0.23150889575481415,1,133.71604919433594,1,37.186206817626953,9.5175743103027344,215.31644987522296,0.065688095986843109,0.012156754732131958,-0.00039348789141513407,1.3223112821578979,-0.083837099373340607,-0.063401937484741211,-0.055959835648536682,-0.042319715023040771,3.536414623260498,-0.0014934227801859379,-0.058696351945400238,2.2097039222717285,-0.00086757773533463478,-0.031557776033878326,3.4924596548080444e-10,1,0,1,1,-0.057202935218811035,-0.030690200626850128,-0.0060216542333364487,0,0,1,0,0,1,0,0,0,0,0,1,0,0,1,0,1,348.55825805664062,-0.00019985437393188477,-0.012920975685119629,-0.012721131555736065,1,4.7274103164672852,-0.0018229316920042038,-0.057439252734184265,2.8169293403625488,-0.00096354866400361061,-0.027977976948022842,-1.4260876923799515e-07,0,0.95153248310089111,-0.055616319179534912,-0.027014430612325668,-0.00065833039116114378,0,0,0,0,1,0,0,0,0,0,0,0,1.1110506057739258,0,348.31838989257812,-0.00021666288375854492,-0.011322319507598877,-0.011105051264166832,0.28073519468307495,0,-0.010890495032072067,-0.065832853317260742,-0.043602392077445984,0,-14.04567813873291,0,0.31832066178321838,0.051751036196947098,263.33749995974358,-0.013975799083709717,-0.010569220408797264,267.76580810546875,263.52072143554688,9.2780427932739258,4.2619137763977051,1.1147603988647461,0.082394905388355255
24000,210.29377539558556,1,0.28196477890014648,168.75,9.0132408142089844,0.23611584305763245,1,140.45541381835938,1,36.960494995117188,9.6753511428833008,199.77908662580626,0.083127714693546295,0.012948635965585709,-0.00039901214768178761,1.3223112821578979,-0.087264738976955414,-0.065994098782539368,-0.058626085519790649,-0.044336069375276566,3.5388052463531494,-0.0014908025041222572,-0.059666682034730911,2.2124114036560059,-0.0009421113645657897,-0.03196696937084198,4.0745362639427185e-10,1,0,1,1,-0.058175880461931229,-0.031024862080812454,-0.0062654698267579079,0,0,1,0,0,1,0,0,0,0,0,1,0,0,1,0,1,348.5528564453125,-0.00018039345741271973,-0.012919694185256958,-0.012739146128296852,1,4.7422194480895996,-0.0011285899672657251,-0.054670564830303192,2.8247365951538086,-0.00056478206533938646,-0.026603901758790016,-1.4400575309991837e-07,0,0.95372635126113892,-0.053541973233222961,-0.026039119809865952,-0.00062406732467934489,0,0,0,0,1,0,0,0,0,0,0,0,1.1088120937347412,0,348.3167724609375,-0.00016409158706665039,-0.011045694351196289,-0.010881212539970875,0.28023165464401245,0,-0.01083344966173172,-0.065584659576416016,-0.043524183332920074,0,-14.24286937713623,0,0.42560988664627075,0.055578172206878662,263.33333329297602,-0.014172009192407131,-0.01071760430932045,267.76492309570312,263.52813720703125,9.4716348648071289,4.4594478607177734,1.2133862972259521,0.080854743719100952
24060,208.69391808874724,1,0.28528368473052979,168.75,8.9921722412109375,0.24083459377288818,1,139.49937438964844,1,37.603122711181641,9.5822420120239258,198.25922218430986,0.061894815415143967,0.01206037774682045,-0.00041610078187659383,1.3223112821578979,-0.088745355606079102,-0.067113816738128662,-0.060877226293087006,-0.046038497239351273,3.5430128574371338,-0.0016733314841985703,-0.060123041272163391,2.21559739112854,-0.00086556817404925823,-0.035220585763454437,0,1,0,1,1,-0.058449707925319672,-0.034355014562606812,-0.0036971098743379116,0,0,1,0,0,1,0,0,0,0,0,1,0,0,1,0,1,348.5482177734375,-0.00017189979553222656,-0.013402581214904785,-0.013230578973889351,1,4.7460527420043945,-0.0012442930601537228,-0.057503137737512589,2.8263664245605469,-0.00047484505921602249,-0.030089538544416428,-1.4423858374357224e-07,0,0.95048403739929199,-0.056258846074342728,-0.029614690691232681,-0.00050756905693560839,0,0,0,0,1,0,0,0,0,0,0,0,1.1145725250244141,0,348.31390380859375,-0.00017857551574707031,-0.011635959148406982,-0.011457255110144615,0.28077816963195801,0,-0.010857469402253628,-0.065804779529571533,-0.043796159327030182,0,-14.85285472869873,0,0.29658704996109009,0.051389105618000031,263.32916662620846,-0.014778959564864635,-0.011176611296832561,267.763916015625,263.48379516601562,9.3074893951416016,4.2781658172607422,1.2438764572143555,0.10750479251146317
24120,208.21307797095918,1,0.284150630235672,168.75,8.9959325790405273,0.2398122102022171,1,139.347412109375,1,36.645835876464844,9.4438982009887695,197.80242407241121,0.27933615446090698,0.012021340429782867,-0.00041161102126352489,1.3223112821578979,-0.087145857512950897,-0.065904192626476288,-0.061680391430854797,-0.046645894646644592,3.5515782833099365,-0.0021834357175976038,-0.059463091194629669,2.2288138866424561,-0.0011293373536318541,-0.035592444241046906,-4.0745362639427185e-10,1,0,1,1,-0.057279657572507858,-0.034463107585906982,-0.0033645122312009335,0,0,1,0,0,1,0,0,0,0,0,1,0,0,1,0,1,348.5443115234375,-0.00023289024829864502,-0.013327717781066895,-0.013094911351799965,1,4.7511773109436035,-0.0015123775228857994,-0.058650687336921692,2.828162670135498,-0.00054515758529305458,-0.032606977969408035,-1.4482066035270691e-07,0,0.94874143600463867,-0.057138305157423019,-0.032061822712421417,-0.00041891541332006454,0,0,0,0,1,0,0,0,0,0,0,0,1.1102919578552246,0,348.31106567382812,-0.00022184848785400391,-0.011251211166381836,-0.011029199697077274,0.281617671251297,0,-0.010922121815383434,-0.065992511808872223,-0.044395245611667633,0,-14.69258975982666,0,5.7108926773071289,0.055564031004905701,263.3249999594409,-0.014619491994380951,-0.011056014336645603,267.76263427734375,263.45791625976562,9.2198829650878906,4.186396598815918,1.016592264175415,0.088049411773681641
24180,129.26622295075407,1,0.28611361980438232,168.75,8.9847650527954102,0.24169814586639404,1,142.36175537109375,1,36.032402038574219,9.5592632293701172,122.80291180321636,0.066865988075733185,0.011698136106133461,-0.0004113033355679363,1.3223112821578979,-0.089213930070400238,-0.067468173801898956,-0.061302646994590759,-0.046360224485397339,3.5593476295471191,-0.0017371510621160269,-0.060811743140220642,2.2331199645996094,-0.00098334997892379761,-0.035065121948719025,-2.3283064365386963e-10,1,0,1,1,-0.05907459557056427,-0.034081771969795227,-0.0049006147310137749,0,0,1,0,0,1,0,0,0,0,0,1,0,0,1,0,1,348.5389404296875,-0.00020942091941833496,-0.013228148221969604,-0.013018820434808731,1,4.7628240585327148,-0.0004759723087772727,-0.058191750198602676,2.8263328075408936,-0.00013165728887543082,-0.026339471340179443,-1.4569377526640892e-07,0,0.9509614109992981,-0.057715777307748795,-0.026207810267806053,-0.00084776704898104072,0,0,0,0,1,0,0,0,0,0,0,0,1.1079487800598145,0,348.30767822265625,-0.00016210973262786865,-0.010957084596157074,-0.01079487893730402,0.28220129013061523,0,-0.010935358703136444,-0.066085062921047211,-0.044752728193998337,0,-14.681606292724609,0,0.32517820596694946,0.049822248518466949,263.32083329267334,-0.014608563855290413,-0.011047749780118465,267.7625732421875,263.41534423828125,9.3237838745117188,4.4314384460449219,1.0270137786865234,0.088829852640628815
24240,187.19468079872144,1,0.29093563556671143,168.75,8.9799165725708008,0.24325129389762878,1,144.13095092773438,1,36.973648071289062,9.4725732803344727,177.83494675878535,0.11245302110910416,0.011650887317955494,-0.00042714318260550499,1.3223112821578979,-0.091443449258804321,-0.069154255092144012,-0.064539358019828796,-0.048807989805936813,3.5678901672363281,-0.0023497734218835831,-0.062300331890583038,2.2294454574584961,-0.001254943897947669,-0.036615684628486633,-1.1059455573558807e-09,1,0,1,1,-0.059950560331344604,-0.035360738635063171,-0.0045210877433419228,0,0,1,0,0,1,0,0,0,0,0,1,0,0,1,0,1,348.53469848632812,-0.0002504885196685791,-0.01383596658706665,-0.013585587963461876,1,4.7729854583740234,-0.00044645403977483511,-0.058329224586486816,2.8140990734100342,1.1891825124621391e-05,-0.025912761688232422,-1.4575198292732239e-07,0,0.95033884048461914,-0.057882770895957947,-0.025924649089574814,-0.0009135400177910924,0,0,0,0,1,0,0,0,0,0,0,0,1.1149297952651978,0,348.30364990234375,-0.0001592785120010376,-0.011652357876300812,-0.011492975056171417,0.28354561328887939,0,-0.011008070781826973,-0.066579073667526245,-0.045364469289779663,0,-15.247015953063965,0,0.63996666669845581,0.049652937799692154,263.31666662590578,-0.015171159990131855,-0.011473213322460651,267.76266479492188,263.44699096679688,9.2616634368896484,4.2307167053222656,1.2869017124176025,0.096976019442081451
24300,129.30796178013154,1,0.29311752319335938,181.25,8.9901180267333984,0.17994686961174011,1,143.38623046875,1,34.910572052001953,9.3730058670043945,122.84256369112495,0.096664994955062866,0.011783534660935402,-0.00043909437954425812,1.3223112821578979,-0.09367389976978302,-0.070841036736965179,-0.064284324645996094,-0.048615124076604843,3.5738718509674072,-0.0014739120379090309,-0.064124032855033875,2.2258129119873047,-0.0011172675294801593,-0.035861589014530182,-1.0477378964424133e-09,1,0,1,1,-0.062650114297866821,-0.034744322299957275,-0.0066909119486808777,0,0,1,0,0,1,0,0,0,0,0,1,0,0,1,0,1,348.53125,-0.00015459954738616943,-0.014411404728889465,-0.014256979338824749,1,4.7764825820922852,0.00041791284456849098,-0.058066211640834808,2.7996127605438232,4.5746332034468651e-05,-0.026344720274209976,-1.4598481357097626e-07,0,0.94940376281738281,-0.058484122157096863,-0.02639046311378479,-0.00092982687056064606,0,0,0,0,1,0,0,0,0,0,0,0,1.1218349933624268,0,348.29788208007812,-3.6716461181640625e-05,-0.0122203528881073,-0.012183499522507191,0.28474882245063782,0,-0.011101333424448967,-0.067037157714366913,-0.045881934463977814,0,-15.673617362976074,0,0.5185510516166687,0.050256211310625076,263.31249995913822,-0.015595639124512672,-0.011794227175414562,267.7623291015625,263.43484497070312,9.1136388778686523,4.1701602935791016,1.3680453300476074,0.1206543818116188
24360,186.90649055745325,1,0.2964726984500885,168.75,8.9793558120727539,0.24531516432762146,1,144.01664733886719,1,32.347362518310547,9.4093303680419922,177.56116602958059,0.034209836274385452,0.011325760744512081,-0.00045235714060254395,1.3223112821578979,-0.097203977406024933,-0.073510661721229553,-0.06371702253818512,-0.048186097294092178,3.5808684825897217,-0.0017940299585461617,-0.066996805369853973,2.2236275672912598,-0.0013093766756355762,-0.034769251942634583,-2.0372681319713593e-10,1,0,1,1,-0.065202772617340088,-0.033459872007369995,-0.0090284198522567749,0,0,1,0,0,1,0,0,0,0,0,1,0,0,1,0,1,348.52850341796875,-0.00020537525415420532,-0.01485598087310791,-0.014650535769760609,1,4.7651996612548828,0.00026500265812501311,-0.059418272227048874,2.7875733375549316,4.3511390686035156e-06,-0.0262562595307827,-1.4543184079229832e-07,0,0.94776809215545654,-0.059683278203010559,-0.026260606944561005,-0.00099875079467892647,0,0,0,0,1,0,0,0,0,0,0,0,1.1225900650024414,0,348.2908935546875,-6.9499015808105469e-05,-0.012328706681728363,-0.012259017676115036,0.28701245784759521,0,-0.011296829208731651,-0.068206854164600372,-0.046473436057567596,0,-16.147035598754883,0,0.15217351913452148,0.048030849546194077,263.30833329237066,-0.016066702082753181,-0.012150469236075878,267.76217651367188,263.47250366210938,9.1946258544921875,4.2692966461181641,1.2594258785247803,0.091353252530097961
24420,205.53225018327171,1,0.29114866256713867,168.75,8.9789447784423828,0.24253568053245544,1,140.69126892089844,1,32.711738586425781,9.4418907165527344,195.25563767410813,0.036337275058031082,0.011559136211872101,-0.00043854812975041568,1.3223112821578979,-0.093845382332801819,-0.070970721542835236,-0.061294380575418472,-0.04635397344827652,3.5873489379882812,-0.0016312138177454472,-0.065622173249721527,2.2233943939208984,-0.0010826563229784369,-0.033869020640850067,-3.4924596548080444e-10,1,0,1,1,-0.063990965485572815,-0.032786369323730469,-0.0086690755560994148,0,0,1,0,0,1,0,0,0,0,0,1,0,0,1,0,1,348.5247802734375,-0.00016707181930541992,-0.014625251293182373,-0.014458121731877327,1,4.7587451934814453,0.00020215380936861038,-0.060271095484495163,2.7841172218322754,0.0001460718922317028,-0.028221102431416512,-1.4546094462275505e-07,0,0.94582772254943848,-0.060473248362541199,-0.028367172926664352,-0.00087067193817347288,0,0,0,0,1,0,0,0,0,0,0,0,1.1226921081542969,0,348.28500366210938,-9.0569257736206055e-05,-0.012359976768493652,-0.012269212864339352,0.28822925686836243,0,-0.011416826397180557,-0.068955771625041962,-0.046586528420448303,0,-15.654118537902832,0,0.16248665750026703,0.049032852053642273,263.3041666256031,-0.015576237812638283,-0.011779554188251495,267.76199340820312,263.50933837890625,9.1905145645141602,4.7153840065002441,1.0760359764099121,0.095742806792259216
24480,218.481389786367,1,0.28982403874397278,168.75,8.9942684173583984,0.24052450060844421,1,141.5252685546875,1,34.372844696044922,9.3746557235717773,207.55732029704865,0.11580906808376312,0.011883881874382496,-0.00043004038161598146,1.3223112821578979,-0.093607768416404724,-0.07079102098941803,-0.059786751866340637,-0.04521382600069046,3.5961718559265137,-0.001843963866122067,-0.065357111394405365,2.2204172611236572,-0.0011605354957282543,-0.032289505004882812,-2.6193447411060333e-10,1,0,1,1,-0.063513152301311493,-0.031128967180848122,-0.0094160856679081917,0,0,1,0,0,1,0,0,0,0,0,1,0,0,1,0,1,348.52056884765625,-0.00020858645439147949,-0.014219664037227631,-0.01401116605848074,1,4.762019157409668,-0.00046388967894017696,-0.062418177723884583,2.7833137512207031,-6.5494328737258911e-05,-0.025236444547772408,-1.4633405953645706e-07,0,0.94574284553527832,-0.061954285949468613,-0.025170950219035149,-0.0011412629391998053,0,0,0,0,1,0,0,0,0,0,0,0,1.1216063499450684,0,348.28012084960938,-0.00015269219875335693,-0.012313447892665863,-0.012160629034042358,0.28861367702484131,0,-0.011459450237452984,-0.069306910037994385,-0.04645126685500145,0,-15.350433349609375,0,0.66786056756973267,0.050810158252716064,263.29999995883554,-0.015274062752723694,-0.011551033705472946,267.76165771484375,263.49154663085938,9.1243906021118164,4.1771345138549805,1.1577630043029785,0.089250072836875916
24540,218.40103287304501,1,0.28704157471656799,168.75,9.0023813247680664,0.24136260151863098,1,137.42784118652344,1,34.794097900390625,9.425297737121582,207.48098122939274,0.14840222895145416,0.012129463255405426,-0.00043022894533351064,1.3223112821578979,-0.092317670583724976,-0.069815382361412048,-0.057856190949678421,-0.043753836303949356,3.6015381813049316,-0.0010971142910420895,-0.064919248223304749,2.2102518081665039,-0.00068216142244637012,-0.031060028821229935,-9.8953023552894592e-10,1,0,1,1,-0.063822135329246521,-0.030377864837646484,-0.0098623037338256836,0,0,1,0,0,1,0,0,0,0,0,1,0,0,1,0,1,348.51611328125,-0.00013357400894165039,-0.014430016279220581,-0.014296591281890869,1,4.7653141021728516,-0.00014736561570316553,-0.059736482799053192,2.780097484588623,-6.5880711190402508e-05,-0.024492951110005379,-1.46450474858284e-07,0,0.94738274812698364,-0.059589114040136337,-0.024427067488431931,-0.0010507944971323013,0,0,0,0,1,0,0,0,0,0,0,0,1.1210422515869141,0,348.27545166015625,-5.9992074966430664e-05,-0.012164592742919922,-0.01210421696305275,0.28856730461120605,0,-0.011478198692202568,-0.069479942321777344,-0.046071529388427734,0,-15.357162475585938,0,0.98746204376220703,0.052055034786462784,263.29583329206798,-0.015280758962035179,-0.011556098237633705,267.76123046875,263.44699096679688,9.1356563568115234,4.1199064254760742,1.2790019512176514,0.09161202609539032
24600,199.93483034458376,1,0.28735962510108948,168.75,9.0090656280517578,0.23806877434253693,1,136.13778686523438,1,34.678241729736328,9.4688510894775391,189.93808882735456,0.37340599298477173,0.012147631496191025,-0.0004357511643320322,1.3223112821578979,-0.092705130577087402,-0.070108398795127869,-0.057691812515258789,-0.043629523366689682,3.6006927490234375,-0.0019675656221807003,-0.064925052225589752,2.2051959037780762,-0.00090998236555606127,-0.031672254204750061,-8.7311491370201111e-11,1,0,1,1,-0.062957480549812317,-0.030762270092964172,-0.0087581686675548553,0,0,1,0,0,1,0,0,0,0,0,1,0,0,1,0,1,348.51138305664062,-0.00027120113372802734,-0.014623843133449554,-0.014352777972817421,1,4.7629938125610352,-0.00020172912627458572,-0.057680368423461914,2.7802543640136719,0.00020206090994179249,-0.025775641202926636,-1.4703255146741867e-07,0,0.94836968183517456,-0.057478636503219604,-0.02597770094871521,-0.00081722124014049768,0,0,0,0,1,0,0,0,0,0,0,0,1.1207621097564697,0,348.2703857421875,-4.2751431465148926e-05,-0.012119099497795105,-0.012076209299266338,0.28823456168174744,0,-0.011506101116538048,-0.069577202200889587,-0.045595332980155945,0,-15.554280281066895,0.0009765625,10,0.059849925339221954,263.29166662530042,-0.015476895496249199,-0.011704426258802414,267.7607421875,263.41217041015625,9.2172145843505859,4.2064762115478516,1.5428431034088135,0.10180395841598511
24660,153.47564273972975,1,0.2864481508731842,168.75,9.0273141860961914,0.23761719465255737,1,137.73063659667969,1,34.162342071533203,9.4029693603515625,145.80186060274326,0.054984994232654572,0.01164387259632349,-0.00042662621126510203,1.3223112821578979,-0.091051332652568817,-0.068857714533805847,-0.059005841612815857,-0.044623259454965591,3.5952680110931396,-0.0016636822838336229,-0.063596628606319427,2.200286865234375,-0.00060416653286665678,-0.032563388347625732,-4.3655745685100555e-10,1,0,1,1,-0.061932943761348724,-0.031959217041730881,-0.007092607207596302,0,0,1,0,0,1,0,0,0,0,0,1,0,0,1,0,1,348.50592041015625,-0.00021305680274963379,-0.014109060168266296,-0.013896041549742222,1,4.7573971748352051,-0.00016788765788078308,-0.055369451642036438,2.7749872207641602,0.0003579889889806509,-0.026003528386354446,-1.4685792848467827e-07,0,0.94987666606903076,-0.055201560258865356,-0.02636151947081089,-0.00067641772329807281,0,0,0,0,1,0,0,0,0,0,0,0,1.1143472194671631,0,348.265380859375,-3.0905008316040039e-05,-0.011465668678283691,-0.011434722691774368,0.2878110408782959,0,-0.011507604271173477,-0.069501787424087524,-0.045295007526874542,0,-15.228562355041504,0,0.25830638408660889,0.049431316554546356,263.28749995853286,-0.015152798034250736,-0.011459327302873135,267.76004028320312,263.37643432617188,9.2132835388183594,4.2103309631347656,1.0899673700332642,0.078325957059860229
24720,184.87120050611108,1,0.29067304730415344,168.75,9.0224161148071289,0.23988020420074463,1,142.77204895019531,1,35.200702667236328,9.374333381652832,175.62764048080552,0.05566832423210144,0.011690047569572926,-0.00043004218605346978,1.3223112821578979,-0.094210349023342133,-0.071246728301048279,-0.06005394458770752,-0.045415889471769333,3.5924105644226074,-0.0019392163958400488,-0.064788192510604858,2.1935369968414307,-0.00075217511039227247,-0.033432558178901672,-1.6880221664905548e-09,1,0,1,1,-0.062848970293998718,-0.032680384814739227,-0.0068672941997647285,0,0,1,0,0,1,0,0,0,0,0,1,0,0,1,0,1,348.49972534179688,-0.00025588274002075195,-0.013995081186294556,-0.013739331625401974,1,4.7508721351623535,8.9775072410702705e-05,-0.057820241898298264,2.7655274868011475,0.00042248901445418596,-0.023548755794763565,-1.4738179743289948e-07,0,0.94898200035095215,-0.057910017669200897,-0.023971244692802429,-0.00093996664509177208,0,0,0,0,1,0,0,0,0,0,0,0,1.1148937940597534,0,348.26031494140625,-9.0003013610839844e-06,-0.011498555541038513,-0.0114893838763237,0.28805583715438843,0,-0.011517908424139023,-0.069687381386756897,-0.045265398919582367,0,-15.350496292114258,0,0.26201978325843811,0.04969671368598938,263.2833332917653,-0.015274126082658768,-0.011551082134246826,267.75933837890625,263.42449951171875,9.2166957855224609,4.4446182250976562,1.3332990407943726,0.10393707454204559
24780,195.69063614560307,1,0.29236993193626404,168.75,9.0247173309326172,0.2410440593957901,1,142.69117736816406,1,37.067359924316406,9.414210319519043,185.9061043383229,0.04970039427280426,0.011864193715155125,-0.0004378657613415271,1.3223112821578979,-0.095547802746295929,-0.072258174419403076,-0.060388043522834778,-0.045668553560972214,3.5904941558837891,-0.0015448448248207569,-0.065415389835834503,2.1846575736999512,-0.00071911467239260674,-0.033274292945861816,-1.1641532182693481e-09,1,0,1,1,-0.063870541751384735,-0.032555174082517624,-0.0074076345190405846,0,0,1,0,0,1,0,0,0,0,0,1,0,0,1,0,1,348.49456787109375,-0.00022220611572265625,-0.014321029186248779,-0.014099126681685448,1,4.7445831298828125,0.0002317456528544426,-0.057038631290197372,2.7537288665771484,0.00014247698709368706,-0.023005178198218346,-1.46450474858284e-07,0,0.94942235946655273,-0.05727037787437439,-0.02314765565097332,-0.0009676036424934864,0,0,0,0,1,0,0,0,0,0,0,0,1.1161890029907227,0,348.2559814453125,-7.2598457336425781e-05,-0.011691510677337646,-0.011618901044130325,0.28840714693069458,0,-0.011528769508004189,-0.069970391690731049,-0.045239154249429703,0,-15.6297607421875,0,0.23009786009788513,0.050441794097423553,263.27916662499774,-0.01555200107395649,-0.011761225759983063,267.75845336914062,263.3978271484375,9.2439346313476562,4.4914026260375977,1.2273581027984619,0.084245271980762482
24840,225.14404723879844,1,0.29370450973510742,168.75,9.0241975784301758,0.2391749769449234,1,143.125732421875,1,38.368221282958984,9.3206558227539062,213.8868448768585,0.13625577092170715,0.011935051530599594,-0.00044254158274270594,1.3223112821578979,-0.096040703356266022,-0.072630934417247772,-0.061539862304925919,-0.046539619565010071,3.5841422080993652,-0.0011936688097193837,-0.065742149949073792,2.1762189865112305,-0.00071655563078820705,-0.03432614728808403,-1.6880221664905548e-09,1,0,1,1,-0.064548492431640625,-0.033609591424465179,-0.0068332520313560963,0,0,1,0,0,1,0,0,0,0,0,1,0,0,1,0,1,348.488525390625,-0.00020325928926467896,-0.014394000172615051,-0.014191004447638988,1,4.7318925857543945,0.00033842842094600201,-0.054809994995594025,2.7373979091644287,3.4636934287846088e-05,-0.024057574570178986,-1.4691613614559174e-07,0,0.95017683506011963,-0.055148422718048096,-0.024092212319374084,-0.0008195237023755908,0,0,0,0,1,0,0,0,0,0,0,0,1.1109027862548828,0,348.24847412109375,-4.0233135223388672e-05,-0.011130422353744507,-0.011090283282101154,0.28927922248840332,0,-0.011600091122090816,-0.070453174412250519,-0.045446012169122696,0,-15.796667098999023,0,0.85679090023040771,0.051157794892787933,263.27499995823018,-0.015718076378107071,-0.011886820197105408,267.75918579101562,263.43240356445312,9.178990364074707,4.202054500579834,0.98116171360015869,0.093048408627510071
24900,219.63855539598802,1,0.2965904176235199,168.75,9.0300083160400391,0.23387449979782104,1,146.79240417480469,1,43.40545654296875,9.3791599273681641,208.65662762618862,0.15418843924999237,0.011964818462729454,-0.00044433222501538694,1.3223112821578979,-0.097980588674545288,-0.074097976088523865,-0.062687650322914124,-0.047407634556293488,3.5786190032958984,-0.0023750611580908298,-0.066742897033691406,2.1696357727050781,-0.0013746693730354309,-0.034792307764291763,-1.5133991837501526e-09,1,0,1,1,-0.064367830753326416,-0.033417638391256332,-0.0067790616303682327,0,0,1,0,0,1,0,0,0,0,0,1,0,0,1,0,1,348.48141479492188,-0.00030910968780517578,-0.014315187931060791,-0.014006282202899456,1,4.7257404327392578,-0.00068345293402671814,-0.058597788214683533,2.7228260040283203,-0.00039410963654518127,-0.024506855756044388,-1.4714896678924561e-07,0,0.94794130325317383,-0.057914331555366516,-0.024112746119499207,-0.00095821876311674714,0,0,0,0,1,0,0,0,0,0,0,0,1.1103430986404419,0,348.23992919921875,-0.00016427040100097656,-0.011198282241821289,-0.01103430800139904,0.29025864601135254,0,-0.011655040085315704,-0.071017839014530182,-0.045737650245428085,0,-15.860583305358887,0,1.0555659532546997,0.051438495516777039,263.27083329146262,-0.015781674534082413,-0.011934916488826275,267.759765625,263.4385986328125,9.2773113250732422,4.2029504776000977,1.0554214715957642,0.096391171216964722
24960,143.8665337993796,1,0.28612801432609558,168.75,9.0448999404907227,0.23534436523914337,1,138.04916381835938,1,42.399463653564453,9.3712348937988281,136.67320710941061,0.04488961398601532,0.012324724346399307,-0.00042421626858413219,1.3223112821578979,-0.090975105762481689,-0.068800069391727448,-0.058677308261394501,-0.044374808669090271,3.5805222988128662,-0.0016793604008853436,-0.064122810959815979,2.164698600769043,-0.001141485758125782,-0.03245081752538681,-1.6298145055770874e-09,1,0,1,1,-0.06244344636797905,-0.031309328973293304,-0.0074578281491994858,0,0,1,0,0,1,0,0,0,0,0,1,0,0,1,0,1,348.47509765625,-0.00022596120834350586,-0.014394879341125488,-0.014169308356940746,1,4.7317452430725098,-0.00090793892741203308,-0.058497879654169083,2.7168300151824951,-0.00078993663191795349,-0.024459607899188995,-1.4691613614559174e-07,0,0.94840878248214722,-0.057589937001466751,-0.023669671267271042,-0.00097461009863764048,0,0,0,0,1,0,0,0,0,0,0,0,1.1175302267074585,0,348.2332763671875,-0.00019636750221252441,-0.01194918155670166,-0.011753030121326447,0.29034799337387085,0,-0.01164396945387125,-0.071105390787124634,-0.045732662081718445,0,-15.142538070678711,0,0.20516911149024963,0.052515760064125061,263.26666662469506,-0.015067202039062977,-0.011394595727324486,267.76089477539062,263.305419921875,9.1658935546875,4.3798027038574219,0.86449480056762695,0.08066241443157196
25020,153.25633316614699,1,0.29082587361335754,168.75,9.0673656463623047,0.23461006581783295,1,139.87493896484375,1,43.643020629882812,9.3427095413208008,145.59351650783964,0.66446989774703979,0.012666905298829079,-0.00043964205542579293,1.3223112821578979,-0.093705721199512482,-0.070865102112293243,-0.061053860932588577,-0.04617207869887352,3.5834617614746094,-0.0014278674498200417,-0.065042391419410706,2.161693811416626,-0.00090633612126111984,-0.033844683319330215,-1.3969838619232178e-09,1,0,1,1,-0.063614524900913239,-0.032938346266746521,-0.0067237783223390579,0,0,1,0,0,1,0,0,0,0,0,1,0,0,1,0,1,348.47000122070312,-0.00021135807037353516,-0.0145721435546875,-0.01436067558825016,1,4.7392120361328125,-0.00084868259727954865,-0.059724777936935425,2.7131156921386719,-0.00067793019115924835,-0.02538657933473587,-1.46450474858284e-07,0,0.94678813219070435,-0.058876089751720428,-0.024708651006221771,-0.00096044951351359487,0,0,0,0,1,0,0,0,0,0,0,0,1.1149953603744507,0,348.227294921875,-0.00016283988952636719,-0.011662125587463379,-0.01149953156709671,0.28980648517608643,0,-0.011638795956969261,-0.070815548300743103,-0.045563861727714539,0,-15.69316577911377,0.0009765625,10,0.061185978353023529,263.2624999579275,-0.015615090727806091,-0.011808937415480614,267.76080322265625,263.44390869140625,9.1288433074951172,4.5896568298339844,1.0292422771453857,0.087594524025917053
25080,170.09257964225367,1,0.2890341579914093,168.75,9.0684938430786133,0.23363465070724487,1,141.76419067382812,1,42.847995758056641,9.5177192687988281,161.58795066014099,1.4867808818817139,0.013681134209036827,-0.00042581502930261195,1.3223112821578979,-0.093269690871238708,-0.070535354316234589,-0.059192020446062088,-0.044764060527086258,3.5889296531677246,-0.0015059346333146095,-0.065160006284713745,2.1573548316955566,-0.0010143807157874107,-0.032589472830295563,-6.9849193096160889e-10,1,0,1,1,-0.06365407258272171,-0.031575091183185577,-0.0079328706488013268,0,0,1,0,0,1,0,0,0,0,0,1,0,0,1,0,1,348.464111328125,-0.00021100044250488281,-0.014084696769714355,-0.0138735082000494,1,4.7446403503417969,-0.00061715487390756607,-0.061406705528497696,2.7072010040283203,-0.00064655812457203865,-0.024322934448719025,-1.4668330550193787e-07,0,0.94603466987609863,-0.060789540410041809,-0.023676378652453423,-0.0011697460431605577,0,0,0,0,1,0,0,0,0,0,0,0,1.117485523223877,0,348.22219848632812,-0.00014358758926391602,-0.011891961097717285,-0.011748551391065121,0.29004329442977905,0,-0.011651008389890194,-0.070939168334007263,-0.045729406177997589,0,-15.199605941772461,0.0009765625,10,0.062281444668769836,263.25833329115994,-0.015123985707759857,-0.011437538079917431,267.76010131835938,263.48715209960938,9.2630596160888672,4.2093315124511719,1.2626827955245972,0.097543835639953613
25140,199.80607917441537,1,0.27840450406074524,168.75,9.0814352035522461,0.23133708536624908,1,132.021728515625,1,39.533149719238281,9.3989057540893555,189.8157752156946,0.052055537700653076,0.012254245579242706,-0.00040862351306714118,1.3223112821578979,-0.086502909660339355,-0.065417960286140442,-0.054969772696495056,-0.041570976376533508,3.5914735794067383,-0.0013346821069717407,-0.061449740082025528,2.1550817489624023,-0.00089992303401231766,-0.031223716214299202,-6.9849193096160889e-10,1,0,1,1,-0.060115057975053787,-0.03032379224896431,-0.0068986858241260052,0,0,1,0,0,1,0,0,0,0,0,1,0,0,1,0,1,348.45941162109375,-0.00018799304962158203,-0.013964295387268066,-0.013776055537164211,1,4.7570762634277344,-0.00083601195365190506,-0.057173144072294235,2.7090167999267578,-0.0006864587776362896,-0.026744833216071129,-1.4761462807655334e-07,0,0.94823020696640015,-0.056337121874094009,-0.026058375835418701,-0.00077904015779495239,0,0,0,0,1,0,0,0,0,0,0,0,1.1222530603408813,0,348.22088623046875,-0.00015351176261901855,-0.01237863302230835,-0.012225303798913956,0.28870058059692383,0,-0.011556606739759445,-0.070361286401748657,-0.045147765427827835,0,-14.585949897766113,0,0.2425595223903656,0.052110441029071808,263.25416662439238,-0.014513382688164711,-0.01097576878964901,267.75973510742188,263.43350219726562,9.2256507873535156,4.4022665023803711,1.2635283470153809,0.088111370801925659
25200,167.54294338204491,1,0.29210212826728821,168.75,9.096954345703125,0.2301013171672821,1,140.03753662109375,1,41.908573150634766,9.4235286712646484,159.16579621294267,0.063056960701942444,0.011758029460906982,-0.00044493822497315705,1.3223112821578979,-0.09470018744468689,-0.071617163717746735,-0.061328858137130737,-0.046380046755075455,3.5874738693237305,-0.0018512820824980736,-0.066143959760665894,2.1581764221191406,-0.0011737383902072906,-0.034307681024074554,2.3283064365386963e-10,1,0,1,1,-0.064292684197425842,-0.033133938908576965,-0.006886734627187252,0,0,1,0,0,1,0,0,0,0,0,1,0,0,1,0,1,348.4559326171875,-0.00025576353073120117,-0.014807581901550293,-0.014551636762917042,1,4.7630987167358398,-0.00077914213761687279,-0.058747492730617523,2.7073845863342285,-0.00027264165692031384,-0.029297199100255966,-1.4691613614559174e-07,0,0.94653892517089844,-0.057968348264694214,-0.029024560004472733,-0.00066743930801749229,0,0,0,0,1,0,0,0,0,0,0,0,1.1260280609130859,0,348.2200927734375,-7.5250864028930664e-05,-0.012677848339080811,-0.012602796778082848,0.28782105445861816,0,-0.011527376249432564,-0.069900572299957275,-0.044877126812934875,0,-15.88221549987793,0,0.30318960547447205,0.050031960010528564,263.24999995762482,-0.015803199261426926,-0.011951194144785404,267.75961303710938,263.29666137695312,9.1878890991210938,4.4854507446289062,1.217005729675293,0.11647811532020569
25260,154.95331884506518,1,0.29981029033660889,168.75,9.1076641082763672,0.23221506178379059,1,143.8837890625,1,42.504146575927734,9.4324426651000977,147.20565290281192,0.037178833037614822,0.011251766234636307,-0.0004682391881942749,1.3223112821578979,-0.099965512752532959,-0.075599074363708496,-0.064296305179595947,-0.048624183982610703,3.6012215614318848,-0.0020693438127636909,-0.068462319672107697,2.1661489009857178,-0.0012696739286184311,-0.036138877272605896,-2.4738255888223648e-10,1,0,1,1,-0.066392973065376282,-0.034869201481342316,-0.0066175302490592003,0,0,1,0,0,1,0,0,0,0,0,1,0,0,1,0,1,348.45513916015625,-0.00029983371496200562,-0.015274234116077423,-0.014974183402955532,1,4.7703742980957031,-0.0014735518489032984,-0.066603362560272217,2.6998224258422852,-0.00066487118601799011,-0.03189772367477417,-1.4691613614559174e-07,0,0.93988949060440063,-0.065129809081554413,-0.031232856214046478,-0.00081232201773673296,0,0,0,0,1,0,0,0,0,0,0,0,1.141103982925415,0,348.21835327148438,-0.00014899671077728271,-0.014258921146392822,-0.014110403135418892,0.28966140747070312,0,-0.011681456118822098,-0.070749163627624512,-0.045473482459783554,0,-16.713951110839844,0,0.16659864783287048,0.047699414193630219,263.24583329085726,-0.01663079671561718,-0.012577066197991371,267.75985717773438,263.43478393554688,9.1478900909423828,4.3438186645507812,1.3107937574386597,0.15525802969932556
25320,153.36859532206265,1,0.29881182312965393,168.75,9.1178836822509766,0.22983081638813019,1,142.53976440429688,1,40.631217956542969,9.3907289505004883,145.7001655559595,0.080791853368282318,0.011623098514974117,-0.0004679476551245898,1.3223112821578979,-0.099607415497303009,-0.075328268110752106,-0.063389472663402557,-0.047938387840986252,3.624636173248291,-0.0023499762173742056,-0.068703845143318176,2.1706547737121582,-0.0011274489806964993,-0.035083897411823273,1.1641532182693481e-10,1,0,1,1,-0.066353864967823029,-0.033956445753574371,-0.0073804124258458614,0,0,1,0,0,1,0,0,0,0,0,1,0,0,1,0,1,348.45526123046875,-0.00035814940929412842,-0.015454277396202087,-0.015095964074134827,1,4.795252799987793,-0.00230429507791996,-0.06810314953327179,2.6938261985778809,-0.00080377282574772835,-0.03132237121462822,-1.4633405953645706e-07,0,0.93906009197235107,-0.065798848867416382,-0.030518598854541779,-0.00088543759193271399,0,0,0,0,1,0,0,0,0,0,0,0,1.1366610527038574,0,348.21728515625,-0.00017417967319488525,-0.013839825987815857,-0.013666113838553429,0.29139429330825806,0,-0.01185661181807518,-0.071601495146751404,-0.046038985252380371,0,-16.703544616699219,0,0.410480797290802,0.049424916505813599,263.2416666240897,-0.016620442271232605,-0.012569235637784004,267.76007080078125,263.4578857421875,9.1611137390136719,4.2379589080810547,1.1044886112213135,0.10752250254154205
25380,184.5855894021289,1,0.30416801571846008,168.75,9.1136569976806641,0.22783739864826202,1,148.0045166015625,1,41.745937347412109,9.5342159271240234,175.35630993202244,0.060373313724994659,0.011183379217982292,-0.00047534145414829254,1.3223112821578979,-0.10491549968719482,-0.079342514276504517,-0.062922827899456024,-0.047585487365722656,3.6466941833496094,-0.002914350712671876,-0.071863666176795959,2.1687479019165039,-0.0012472469825297594,-0.033828236162662506,5.8207660913467407e-11,1,0,1,1,-0.068949319422245026,-0.032580990344285965,-0.0096791107207536697,0,0,1,0,0,1,0,0,0,0,0,1,0,0,1,0,1,348.45187377929688,-0.00034379959106445312,-0.015284672379493713,-0.014940840192139149,1,4.8142023086547852,-0.0035079633817076683,-0.070037662982940674,2.6884188652038574,-0.0011069602333009243,-0.030553385615348816,-1.46450474858284e-07,0,0.93836474418640137,-0.066529691219329834,-0.029446426779031754,-0.00097234873101115227,0,0,0,0,1,0,0,0,0,0,0,0,1.123767614364624,0,348.213623046875,-0.00028985738754272461,-0.012666463851928711,-0.012376759201288223,0.29320454597473145,0,-0.012007344514131546,-0.072696685791015625,-0.046316266059875488,0,-16.96746826171875,0,0.28801587224006653,0.04747501015663147,263.23749995732214,-0.016883052885532379,-0.012767835520207882,267.75973510742188,263.35690307617188,9.2000160217285156,4.8111100196838379,1.0825010538101196,0.11569463461637497
25440,216.45737398035297,1,0.30317190289497375,168.75,9.0942811965942383,0.2279679924249649,1,145.98582458496094,1,42.323043823242188,9.4684085845947266,205.63450528133532,0.039353854954242706,0.011208727955818176,-0.00047719528083689511,1.3223112821578979,-0.1032470166683197,-0.078080721199512482,-0.064121037721633911,-0.048491634428501129,3.6696557998657227,-0.0030157712753862143,-0.070583492517471313,2.1731338500976562,-0.0011152643710374832,-0.036074649542570114,-1.3242242857813835e-09,1,0,1,1,-0.067567721009254456,-0.034959383308887482,-0.006514216773211956,0,0,1,0,0,1,0,0,0,0,0,1,0,0,1,0,1,348.44839477539062,-0.00033089518547058105,-0.015535466372966766,-0.01520462054759264,1,4.8304891586303711,-0.00373501842841506,-0.069209903478622437,2.6886639595031738,-0.00099532748572528362,-0.035808347165584564,-1.4534452930092812e-07,0,0.93641936779022217,-0.06547488272190094,-0.034813020378351212,-0.00053016911260783672,0,0,0,0,1,0,0,0,0,0,0,0,1.1331648826599121,0,348.2098388671875,-0.00025543570518493652,-0.013571768999099731,-0.013316484168171883,0.2952723503112793,0,-0.012157930061221123,-0.073936618864536285,-0.046633381396532059,0,-17.033641815185547,0,0.17731302976608276,0.04753517359495163,263.23333329055458,-0.016948897391557693,-0.012817630544304848,267.75909423828125,263.37680053710938,9.2165775299072266,4.3327236175537109,1.1305179595947266,0.099509075284004211
25500,230.49425465417016,1,0.29433909058570862,168.75,9.1057071685791016,0.22578155994415283,1,141.79270935058594,1,40.145538330078125,9.4616498947143555,218.96954192146165,0.1706671416759491,0.012134529650211334,-0.0004496037436183542,1.3223112821578979,-0.095744699239730835,-0.072407081723213196,-0.062902629375457764,-0.047570213675498962,3.67899489402771,-0.0030772527679800987,-0.066733330488204956,2.1799759864807129,-0.0011746574891731143,-0.036262065172195435,-8.149072527885437e-10,1,3.8701226003468037e-05,0.9990234375,0.9990234375,-0.063656076788902283,-0.035087410360574722,-0.0044561997056007385,6.0374022723408416e-05,0,0.9990234375,0,0,1,0,0,0,0,0,1,0,0,1,0,1,348.44479370117188,-0.00035879015922546387,-0.014995783567428589,-0.014637179672718048,1,4.8463859558105469,-0.0025851258542388678,-0.062989689409732819,2.6924173831939697,-0.00043248746078461409,-0.034584056586027145,-1.4511169865727425e-07,0,0.94057142734527588,-0.060404561460018158,-0.034151569008827209,-0.00037004254409112036,0,0,0,0,1,0,0,0,0,0,0,0,1.129534125328064,0,348.20697021484375,-0.00014038383960723877,-0.013093635439872742,-0.01295341644436121,0.29566890001296997,0,-0.01220281608402729,-0.0740479975938797,-0.046900324523448944,0,-16.048751831054688,0,1.2745271921157837,0.052657060325145721,263.22916662378702,-0.015968907624483109,-0.012076511979103088,267.75778198242188,263.42312622070312,9.2505731582641602,4.3762807846069336,1.0366172790527344,0.078797183930873871
25560,263.20629515966351,1,0.29089981317520142,168.75,9.1097440719604492,0.22413367033004761,1,139.61607360839844,1,37.229454040527344,9.5291223526000977,250.04598040168031,0.040467780083417892,0.011688366532325745,-0.00044079322833567858,1.3223112821578979,-0.094444751739501953,-0.071423992514610291,-0.060010433197021484,-0.045382983982563019,3.6821308135986328,-0.0027717668563127518,-0.066721968352794647,2.1783652305603027,-0.0013192431069910526,-0.034217290580272675,-3.7834979593753815e-10,1,0.00012203160440549254,0.9990234375,0.9990234375,-0.063950203359127045,-0.03289804607629776,-0.006611701101064682,0.00018615397857502103,0,0.9990234375,0,0,1,0,0,0,0,0,1,0,0,1,0,1,348.44070434570312,-0.00036530196666717529,-0.014761567115783691,-0.014396435581147671,1,4.852630615234375,-0.0012283526593819261,-0.063802063465118408,2.6895527839660645,-0.00021349894814193249,-0.030077939853072166,-1.4500983525067568e-07,0,0.94101989269256592,-0.062573716044425964,-0.029864441603422165,-0.00076277134940028191,0,0,0,0,1,0,0,0,0,0,0,0,1.1315052509307861,0,348.2037353515625,-8.4951519966125488e-05,-0.013235531747341156,-0.013150523416697979,0.29518300294876099,0,-0.012155300937592983,-0.073696762323379517,-0.046880297362804413,0,-15.734257698059082,0,0.18284973502159119,0.049641869962215424,263.22499995701946,-0.01565597765147686,-0.011839858256280422,267.7562255859375,263.36935424804688,9.3263330459594727,4.2978501319885254,1.4113110303878784,0.1023637056350708
25620,169.19428586917695,1,0.28030344843864441,168.75,9.0966510772705078,0.2264508455991745,1,130.74003601074219,1,32.420940399169922,9.4129514694213867,160.73457157571809,0.060797911137342453,0.012224183417856693,-0.00042113056406378746,1.3223112821578979,-0.088599741458892822,-0.067003697156906128,-0.054259151220321655,-0.041033569723367691,3.6849215030670166,-0.0027825527358800173,-0.063680365681648254,2.1693782806396484,-0.0013744416646659374,-0.0310174860060215,-3.4924596548080444e-10,1,5.4530508350580931e-05,0.9990234375,0.9990234375,-0.060897819697856903,-0.029643043875694275,-0.0075562098063528538,8.1746446085162461e-05,0,0.9990234375,0,0,1,0,0,0,0,0,1,0,0,1,0,1,348.43621826171875,-0.0003649592399597168,-0.014560073614120483,-0.014195144176483154,1,4.8540248870849609,-0.00059875007718801498,-0.061282187700271606,2.684938907623291,-0.00023820297792553902,-0.027549166232347488,-1.4575198292732239e-07,0,0.94402825832366943,-0.060683447867631912,-0.027310965582728386,-0.00082290777936577797,0,0,0,0,1,0,0,0,0,0,0,0,1.1261870861053467,0,348.19924926757812,-9.8764896392822266e-05,-0.01271742582321167,-0.012618713080883026,0.2936403751373291,0,-0.01206573098897934,-0.07298867404460907,-0.04622533917427063,0,-15.032392501831055,0,0.29039955139160156,0.051946438848972321,263.2208332902519,-0.014957604929804802,-0.011311712674796581,267.75570678710938,263.3319091796875,9.2326421737670898,4.0375690460205078,0.78741484880447388,0.059661302715539932
25680,165.89409943054338,1,0.27818828821182251,168.75,9.1061763763427734,0.22530195116996765,1,131.81443786621094,1,32.000766754150391,9.4362659454345703,157.5993944590162,0.13930763304233551,0.012611823156476021,-0.00040831332444213331,1.3223112821578979,-0.085900962352752686,-0.064962737262248993,-0.055613480508327484,-0.042057782411575317,3.6763899326324463,-0.0026081004180014133,-0.060905367136001587,2.1595673561096191,-0.0013468412216752768,-0.032173775136470795,-2.3283064365386963e-10,1,4.0708691813051701e-06,0.9990234375,0.9990234375,-0.058297276496887207,-0.030826937407255173,-0.0051451809704303741,6.1057271523168311e-06,0,0.9990234375,0,0,1,0,0,0,0,0,1,0,0,1,0,1,348.42926025390625,-0.00034862756729125977,-0.013912677764892578,-0.013564106076955795,1,4.852996826171875,-0.00046725291758775711,-0.056620337069034576,2.680539608001709,-0.00031187944114208221,-0.02781682088971138,-1.4551915228366852e-07,0,0.94863438606262207,-0.056153092533349991,-0.027504945173859596,-0.00057569262571632862,0,0,0,0,1,0,0,0,0,0,0,0,1.1158925294876099,0,348.193603515625,-9.1075897216796875e-05,-0.011680483818054199,-0.011589253321290016,0.29092103242874146,0,-0.011889252811670303,-0.071644127368927002,-0.045344561338424683,0,-14.574877738952637,0,0.88817477226257324,0.054005302488803864,263.21666662348434,-0.014502366073429585,-0.0109674371778965,267.75540161132812,263.33926391601562,9.2206525802612305,3.972874641418457,1.2542332410812378,0.095799759030342102
25740,164.71129271649644,1,0.27372777462005615,168.75,9.1139974594116211,0.22188970446586609,1,130.08013916015625,1,31.993265151977539,9.457550048828125,156.47572808067162,0.08436208963394165,0.012759198434650898,-0.00039417188963852823,1.3223112821578979,-0.082794785499572754,-0.062613688409328461,-0.054416999220848083,-0.041152942925691605,3.667245626449585,-0.0018862555734813213,-0.05845361202955246,2.1552348136901855,-0.00087299104779958725,-0.031501300632953644,-1.1641532182693481e-10,1,0,1,1,-0.056567355990409851,-0.03062831237912178,-0.004520057700574398,0,0,1,0,0,1,0,0,0,0,0,1,0,0,1,0,1,348.4222412109375,-0.00025358796119689941,-0.013368904590606689,-0.013115216977894306,1,4.8586287498474121,-0.00027652131393551826,-0.057069137692451477,2.6810789108276367,-2.5368761271238327e-05,-0.028377221897244453,-1.46450474858284e-07,0,0.94874453544616699,-0.056792620569467545,-0.028351858258247375,-0.00056242640130221844,0,0,0,0,1,0,0,0,0,0,0,0,1.1152265071868896,0,348.18829345703125,-3.9994716644287109e-05,-0.01156306266784668,-0.011522646993398666,0.28806543350219727,0,-0.011675013229250908,-0.070133373141288757,-0.04460211843252182,0,-14.070094108581543,0,0.43370711803436279,0.054536610841751099,263.21249995671678,-0.014000093564391136,-0.010587592609226704,267.75497436523438,263.352783203125,9.2555217742919922,4.3065447807312012,1.0647604465484619,0.085395991802215576
25800,192.27266026090226,1,0.27590903639793396,168.75,9.1157197952270508,0.22167646884918213,1,133.50787353515625,1,32.586734771728516,9.612513542175293,182.65902724785713,0.060301471501588821,0.012528454884886742,-0.00039330622530542314,1.3223112821578979,-0.08410286158323288,-0.063602924346923828,-0.055313155055046082,-0.04183066263794899,3.6608407497406006,-0.0013376297429203987,-0.05875178799033165,2.1549983024597168,-0.00073311175219714642,-0.030866153538227081,3.4924596548080444e-10,1,0.0014290958642959595,0.9970703125,0.9970703125,-0.057414155453443527,-0.030133040621876717,-0.0055954856798052788,0.00209595519118011,0,0.9970703125,0,0,1,0,0,0,0,0,1,0,0,1,0,1,348.414306640625,-0.00019001960754394531,-0.012985110282897949,-0.012794751673936844,1,4.8656220436096191,0.00027572596445679665,-0.056310988962650299,2.6855645179748535,0.0001018056645989418,-0.027848251163959503,-1.46450474858284e-07,0,0.94959664344787598,-0.056586720049381256,-0.02795005775988102,-0.00058901659213006496,0,0,0,0,1,0,0,0,0,0,0,0,1.1084812879562378,0,348.18243408203125,1.4424324035644531e-05,-0.010834097862243652,-0.010848136618733406,0.28574025630950928,0,-0.011478554457426071,-0.068873502314090729,-0.044067107141017914,0,-14.039194107055664,0,0.28761318325996399,0.053364422172307968,263.20833328994922,-0.013969347812235355,-0.010564341209828854,267.75433349609375,263.37484741210938,9.4018926620483398,4.2627019882202148,1.246314525604248,0.081833690404891968
25860,183.97238692742667,1,0.27696290612220764,168.75,9.0990324020385742,0.22075405716896057,1,133.82704162597656,1,33.4901123046875,9.6280031204223633,174.77376758105532,0.076202817261219025,0.012544481083750725,-0.00039688157266937196,1.3223112821578979,-0.085111498832702637,-0.064365707337856293,-0.055177681148052216,-0.04172820970416069,3.6571121215820312,-0.0016684713773429394,-0.058973204344511032,2.1484663486480713,-0.0010244769509881735,-0.030290564522147179,2.3283064365386963e-10,1,0.010190590284764767,0.98828125,0.98828125,-0.057304732501506805,-0.029266087338328362,-0.0063729565590620041,0.014594885520637035,0,0.98828125,0,0,1,0,0,0,0,0,1,0,0,1,0,1,348.406494140625,-0.00025480985641479492,-0.012939751148223877,-0.012684387154877186,1,4.8709921836853027,2.5434419512748718e-06,-0.058039449155330658,2.6821532249450684,-0.00027661304920911789,-0.023964587599039078,-1.4621764421463013e-07,0,0.95075041055679321,-0.058041989803314209,-0.023687977343797684,-0.00093303940957412124,0,0,0,0,1,0,0,0,0,0,0,0,1.1120296716690063,0,348.17633056640625,-8.5890293121337891e-05,-0.011289298534393311,-0.011202964931726456,0.28405949473381042,0,-0.011325441300868988,-0.067992031574249268,-0.043702241033315659,0,-14.166817665100098,0,0.38147148489952087,0.053549036383628845,263.20416662318166,-0.0140963364392519,-0.010660376399755478,267.75320434570312,263.36862182617188,9.3686408996582031,4.1646723747253418,1.0858142375946045,0.10610661655664444
25920,188.8786946997578,1,0.28201115131378174,168.75,9.0863714218139648,0.22168377041816711,1,137.31126403808594,1,35.356586456298828,9.5102815628051758,179.43475996476991,0.2639240026473999,0.013244377449154854,-0.00040835011168383062,1.3223112821578979,-0.088266611099243164,-0.066751763224601746,-0.057170175015926361,-0.043235033750534058,3.655487060546875,-0.0023597835097461939,-0.060452841222286224,2.1357336044311523,-0.0014403718523681164,-0.030860040336847305,0,1,0.0055752256885170937,0.9892578125,0.9892578125,-0.058093052357435226,-0.029419666156172752,-0.0067307860590517521,0.0079867690801620483,0,0.9892578125,0,0,1,0,0,0,0,0,1,0,0,1,0,1,348.39962768554688,-0.00036337971687316895,-0.013274639844894409,-0.012910597026348114,1,4.8716564178466797,-0.00087565532885491848,-0.05778021365404129,2.6721043586730957,-0.00054854614427313209,-0.021897852420806885,-1.46450474858284e-07,0,0.95280122756958008,-0.056904561817646027,-0.021349307149648666,-0.0010231429478153586,0,0,0,0,1,0,0,0,0,0,0,0,1.1116118431091309,0,348.1710205078125,-0.00020478665828704834,-0.01136644184589386,-0.011161179281771183,0.28317126631736755,0,-0.011232880875468254,-0.0675835981965065,-0.043476372957229614,0,-14.576190948486328,0,4.2994885444641113,0.060797896236181259,263.1999999564141,-0.01450367271900177,-0.010968425311148167,267.75228881835938,263.34744262695312,9.3044214248657227,4.2224025726318359,1.2486522197723389,0.081721886992454529
25980,206.16219188390741,1,0.28004926443099976,168.75,9.0878839492797852,0.22324562072753906,1,136.85784912109375,1,34.820808410644531,9.441859245300293,195.85408228971204,0.1060778945684433,0.012377878651022911,-0.0004012116405647248,1.3223112821578979,-0.088216245174407959,-0.066713675856590271,-0.054523073136806488,-0.041233159601688385,3.6540389060974121,-0.0019286979222670197,-0.061194777488708496,2.1210718154907227,-0.0011543850414454937,-0.029396705329418182,5.8207660913467407e-11,1,0.0043196016922593117,0.98828125,0.98828125,-0.059266082942485809,-0.028242317959666252,-0.0083159077912569046,0.0062887044623494148,0,0.98828125,0,0,1,0,0,0,0,0,1,0,0,1,0,1,348.39337158203125,-0.00027745217084884644,-0.013142555952072144,-0.012864692136645317,1,4.8640480041503906,-0.00065994216129183769,-0.059419073164463043,2.6580061912536621,-0.00037534828879870474,-0.020735722035169601,-1.465377863496542e-07,0,0.95203763246536255,-0.058759130537509918,-0.020360376685857773,-0.0011747984681278467,0,0,0,0,1,0,0,0,0,0,0,0,1.1121878623962402,0,348.16619873046875,-0.0001809634268283844,-0.011400099843740463,-0.011218788102269173,0.28282672166824341,0,-0.011180512607097626,-0.067489787936210632,-0.043327823281288147,0,-14.321380615234375,0,0.58907723426818848,0.052885506302118301,263.19583328964654,-0.014250130392611027,-0.010776683688163757,267.75143432617188,263.32904052734375,9.2199001312255859,4.1812992095947266,1.0993027687072754,0.077515162527561188
26040,210.6470739931251,1,0.27584195137023926,168.75,9.0985383987426758,0.22391484677791595,1,135.50204467773438,1,33.845401763916016,9.5024442672729492,200.11472029346885,0.15110090374946594,0.012597745284438133,-0.00038723539910279214,1.3223112821578979,-0.085340112447738647,-0.06453859806060791,-0.053292147815227509,-0.040302272886037827,3.6534855365753174,-0.0015589399263262749,-0.059390433132648468,2.1106517314910889,-0.00084569002501666546,-0.029222786426544189,-2.9103830456733704e-10,1,0.0052602509967982769,0.990234375,0.990234375,-0.05783148854970932,-0.028377097100019455,-0.0070884479209780693,0.0078070182353258133,0,0.990234375,0,0,1,0,0,0,0,0,1,0,0,1,0,1,348.38705444335938,-0.00022044777870178223,-0.012688785791397095,-0.012467946857213974,1,4.8602437973022461,-0.00064370967447757721,-0.058839291334152222,2.653317928314209,-0.00035654893144965172,-0.023347213864326477,-1.4598481357097626e-07,0,0.95109307765960693,-0.058195594698190689,-0.022990666329860687,-0.00094697048189118505,0,0,0,0,1,0,0,0,0,0,0,0,1.1088986396789551,0,348.16220092773438,-0.00014322996139526367,-0.011033058166503906,-0.010889860801398754,0.28187865018844604,0,-0.011071698740124702,-0.067178301513195038,-0.0428038090467453,0,-13.822493553161621,0,1.0187174081802368,0.054110541939735413,263.19166662287898,-0.013753725215792656,-0.010401276871562004,267.75164794921875,263.25619506835938,9.2159442901611328,4.2430934906005859,1.2357048988342285,0.087848305702209473
26100,199.01299598741136,1,0.27403143048286438,168.75,9.1153936386108398,0.223554328083992,1,134.03611755371094,1,35.253738403320312,9.4869060516357422,189.06234618804078,0.10734350979328156,0.012813827954232693,-0.00038381267222575843,1.3223112821578979,-0.084241211414337158,-0.063707552850246429,-0.052566491067409515,-0.039753492921590805,3.6478724479675293,-0.0021372907795011997,-0.057342864573001862,2.112311840057373,-0.0011911608744412661,-0.028741423040628433,-6.9849193096160889e-10,1,0.021147586405277252,0.9765625,0.9765625,-0.055205568671226501,-0.027550257742404938,-0.0063101612031459808,0.031295090913772583,0,0.9765625,0,0,1,0,0,0,0,0,1,0,0,1,0,1,348.37973022460938,-0.00029081106185913086,-0.01253664493560791,-0.012245558202266693,1,4.8619966506958008,-0.0012223869562149048,-0.05698901042342186,2.6627392768859863,-0.00062057073228061199,-0.026780210435390472,-1.4633405953645706e-07,0,0.952140212059021,-0.055766630917787552,-0.026159640401601791,-0.00062460638582706451,0,0,0,0,1,0,0,0,0,0,0,0,1.1040670871734619,0,348.15792846679688,-0.00017124414443969727,-0.010577857494354248,-0.010406705550849438,0.28039056062698364,0,-0.010932659730315208,-0.066549614071846008,-0.042242784053087234,0,-13.7003173828125,0,0.59896963834762573,0.055180955678224564,263.18749995611142,-0.013632156886160374,-0.010309340432286263,267.75225830078125,263.26544189453125,9.2967872619628906,4.4056129455566406,1.339618444442749,0.10818532854318619
26160,161.44085293253062,1,0.27518031001091003,168.75,9.1342897415161133,0.22224918007850647,1,135.12339782714844,1,35.622055053710938,9.4405441284179688,153.36881028590409,0.10076972097158432,0.012604312039911747,-0.00038553291233256459,1.3223112821578979,-0.084314689040184021,-0.063763119280338287,-0.0540115125477314,-0.040846291929483414,3.6400146484375,-0.0026395260356366634,-0.056430540978908539,2.1172516345977783,-0.0016643505077809095,-0.027978906407952309,-6.9849193096160889e-10,1,0.025355368852615356,0.9755859375,0.9755859375,-0.05379100888967514,-0.026314552873373032,-0.0065955687314271927,0.037688769400119781,0,0.9755859375,0,0,1,0,0,0,0,0,1,0,0,1,0,1,348.372802734375,-0.00032392144203186035,-0.01248285174369812,-0.012158466503024101,1,4.8708186149597168,-0.0010031084530055523,-0.055836938321590424,2.6767182350158691,-0.00068905600346624851,-0.025754494592547417,-1.4720717445015907e-07,0,0.95402365922927856,-0.054833829402923584,-0.02506544440984726,-0.00064332352485507727,0,0,0,0,1,0,0,0,0,0,0,0,1.106971263885498,0,348.15512084960938,-0.00014914572238922119,-0.010846197605133057,-0.010697122663259506,0.27911317348480225,0,-0.010812730528414249,-0.065957680344581604,-0.041862457990646362,0,-13.761722564697266,0,0.54866403341293335,0.054052084684371948,263.18333328934386,-0.013693256303668022,-0.010355547070503235,267.75259399414062,263.26702880859375,9.2606754302978516,4.5389609336853027,0.86165571212768555,0.076823025941848755
26220,218.68994094379079,1,0.2841956615447998,168.75,9.139068603515625,0.22024795413017273,1,139.31083679199219,1,36.263908386230469,9.5569238662719727,207.75544389660124,0.055353499948978424,0.012107247486710548,-0.00041191486525349319,1.3223112821578979,-0.089794158935546875,-0.067906975746154785,-0.057819612324237823,-0.043726172298192978,3.6350445747375488,-0.002437810180708766,-0.059342112392187119,2.1188867092132568,-0.0014595361426472664,-0.029481025412678719,-7.5669959187507629e-10,1,0.0035470840521156788,0.990234375,0.990234375,-0.056904301047325134,-0.028021488338708878,-0.0069763720966875553,0.0053114220499992371,0,0.990234375,0,0,1,0,0,0,0,0,1,0,0,1,0,1,348.3668212890625,-0.00033304095268249512,-0.013192892074584961,-0.012859610840678215,1,4.8772516250610352,-0.00068442570045590401,-0.056686490774154663,2.6817073822021484,-0.00025517167523503304,-0.024465726688504219,-1.4691613614559174e-07,0,0.95380359888076782,-0.056002065539360046,-0.024210561066865921,-0.00073825981235131621,0,0,0,0,1,0,0,0,0,0,0,0,1.1106275320053101,0,348.153076171875,-0.000102996826171875,-0.011165827512741089,-0.011062754318118095,0.27902489900588989,0,-0.010781903751194477,-0.065855011343955994,-0.041933737695217133,0,-14.703435897827148,0,0.26030698418617249,0.051693014800548553,263.1791666225763,-0.014630284160375595,-0.011064175516366959,267.75277709960938,263.20742797851562,9.3471946716308594,4.7924580574035645,1.0374034643173218,0.092450931668281555
26280,191.96119927076683,1,0.28680902719497681,168.75,9.1452875137329102,0.22081245481967926,1,138.30570983886719,1,37.819740295410156,9.5342512130737305,182.36313930722847,0.71492296457290649,0.013135930523276329,-0.00042646005749702454,1.3223112821578979,-0.092128843069076538,-0.069672584533691406,-0.057825129479169846,-0.043730344623327255,3.6371173858642578,-0.0028808428905904293,-0.061534013599157333,2.1172535419464111,-0.0018504314357414842,-0.029709931463003159,-5.2386894822120667e-10,1,0,1,1,-0.058653175830841064,-0.02785949781537056,-0.0080431364476680756,0,0,1,0,0,1,0,0,0,0,0,1,0,0,1,0,1,348.36294555664062,-0.00040312111377716064,-0.013899743556976318,-0.013496455736458302,1,4.8739228248596191,-0.00099005107767879963,-0.058063149452209473,2.6830282211303711,-0.00082259939517825842,-0.023799540475010872,-1.46450474858284e-07,0,0.95307397842407227,-0.057073101401329041,-0.022976944223046303,-0.00086908997036516666,0,0,0,0,1,0,0,0,0,0,0,0,1.1155687570571899,0,348.14950561523438,-0.0001977384090423584,-0.011754557490348816,-0.011556878685951233,0.280437171459198,0,-0.010888686403632164,-0.066527098417282104,-0.042315654456615448,0,-15.222630500793457,0.0009765625,10,0.063593357801437378,263.17499995580874,-0.015146896243095398,-0.011454864405095577,267.75296020507812,263.21102905273438,9.3256053924560547,4.1598711013793945,1.301721453666687,0.10458428412675858
26340,228.45127734585446,1,0.28877460956573486,168.75,9.138422966003418,0.22196148335933685,1,137.63006591796875,1,38.089916229248047,9.5755186080932617,217.02871347856174,0.12000615894794464,0.0125910434871912,-0.0004374251002445817,1.3223112821578979,-0.09466283768415451,-0.071588918566703796,-0.056551791727542877,-0.04276738315820694,3.6382012367248535,-0.002800018759444356,-0.063917651772499084,2.1196548938751221,-0.0017518532695248723,-0.029153892770409584,-1.7462298274040222e-10,1,0,1,1,-0.061117630451917648,-0.027402039617300034,-0.0095059880986809731,0,0,1,0,0,1,0,0,0,0,0,1,0,0,1,0,1,348.359619140625,-0.00038984417915344238,-0.014586180448532104,-0.014195895753800869,1,4.8718738555908203,-0.0014634036924690008,-0.059177108108997345,2.6898536682128906,-0.00091150915250182152,-0.027007047086954117,-1.4685792848467827e-07,0,0.95092320442199707,-0.057713709771633148,-0.026095543056726456,-0.00065472337882965803,0,0,0,0,1,0,0,0,0,0,0,0,1.1191146373748779,0,348.1441650390625,-0.00024026632308959961,-0.012151733040809631,-0.011911461129784584,0.28168562054634094,0,-0.011024406179785728,-0.067267954349517822,-0.042433168739080429,0,-15.614031791687012,0,0.70388704538345337,0.054091565310955048,263.17083328904118,-0.015536350198090076,-0.011749389581382275,267.752685546875,263.31671142578125,9.3625297546386719,4.5843257904052734,1.5185730457305908,0.12498169392347336
26400,222.729793585436,1,0.28715088963508606,181.25,9.121729850769043,0.1573614776134491,1,135.55889892578125,1,37.376564025878906,9.5798664093017578,211.59330390616418,0.092492803931236267,0.012292850762605667,-0.00043665908742696047,1.3223112821578979,-0.092381082475185394,-0.069863341748714447,-0.05791124701499939,-0.043795473873615265,3.6418886184692383,-0.0018735954072326422,-0.063102684915065765,2.1269304752349854,-0.0011235985439270735,-0.031146526336669922,3.2014213502407074e-10,1,0,1,1,-0.061229083687067032,-0.030022928491234779,-0.0071669528260827065,0,0,1,0,0,1,0,0,0,0,0,1,0,0,1,0,1,348.35675048828125,-0.00023101270198822021,-0.014629393815994263,-0.014397796243429184,1,4.8683414459228516,-0.00095781893469393253,-0.057674579322338104,2.6960902214050293,-0.00061141431797295809,-0.029101705178618431,-1.4522811397910118e-07,0,0.94994425773620605,-0.056716762483119965,-0.028490293771028519,-0.00045364303514361382,0,0,0,0,1,0,0,0,0,0,0,0,1.1202337741851807,0,348.13775634765625,-0.00016352534294128418,-0.012186884880065918,-0.012023378163576126,0.28304296731948853,0,-0.011170832440257072,-0.067948751151561737,-0.042659439146518707,0,-15.586688995361328,0,0.488901287317276,0.052532531321048737,263.16666662227362,-0.015509143471717834,-0.011728813871741295,267.75204467773438,263.33624267578125,9.3498830795288086,4.1968288421630859,1.4005539417266846,0.10354171693325043
26460,208.82136833033019,1,0.28861314058303833,181.25,9.110809326171875,0.15804445743560791,1,137.37159729003906,1,37.403865814208984,9.616755485534668,198.38029991381367,0.15948502719402313,0.013038737699389458,-0.00043751343037001789,1.3223112821578979,-0.094208329916000366,-0.071245200932025909,-0.057068165391683578,-0.043157890439033508,3.6396899223327637,-0.001494669821113348,-0.064001381397247314,2.1326651573181152,-0.00090081780217587948,-0.030044307932257652,5.8207660913467407e-11,1,0,1,1,-0.062506705522537231,-0.029143489897251129,-0.0085193812847137451,0,0,1,0,0,1,0,0,0,0,0,1,0,0,1,0,1,348.35308837890625,-0.00016854703426361084,-0.014634892344474792,-0.014465881511569023,1,4.8618907928466797,-0.0010187206789851189,-0.056497663259506226,2.7007331848144531,-0.00066861079540103674,-0.027351377531886101,-1.4470424503087997e-07,0,0.95110505819320679,-0.055478945374488831,-0.026682768017053604,-0.00053311430383473635,0,0,0,0,1,0,0,0,0,0,0,0,1.1198214292526245,0,348.13177490234375,-0.00010094046592712402,-0.012082897126674652,-0.0119821447879076,0.28390133380889893,0,-0.011276769451797009,-0.068394795060157776,-0.042846620082855225,0,-15.617184638977051,0,1.1216554641723633,0.056530788540840149,263.16249995550606,-0.015539486892521381,-0.01175176165997982,267.75164794921875,263.26055908203125,9.3500871658325195,4.4928970336914062,1.1986575126647949,0.084424808621406555
26520,181.80290897847155,1,0.28864619135856628,168.75,9.1145563125610352,0.21697846055030823,1,138.77937316894531,1,36.224201202392578,9.4516429901123047,172.71276352954797,0.89808768033981323,0.013653417117893696,-0.00043322404962964356,1.3223112821578979,-0.094499349594116211,-0.071465283632278442,-0.056634064763784409,-0.042829602956771851,3.6362111568450928,-0.0022677639499306679,-0.064293988049030304,2.1333434581756592,-0.0011022253893315792,-0.029989549890160561,3.4924596548080444e-10,1,0,1,1,-0.062026225030422211,-0.028887324035167694,-0.0082442192360758781,0,0,1,0,0,1,0,0,0,0,0,1,0,0,1,0,1,348.34860229492188,-0.00029880553483963013,-0.014307752251625061,-0.014008626341819763,1,4.8522233963012695,-0.0011630197986960411,-0.055929500609636307,2.7038257122039795,-0.00042509846389293671,-0.025885049253702164,-1.4499528333544731e-07,0,0.95175188779830933,-0.054766487330198288,-0.025459956377744675,-0.00058305286802351475,0,0,0,0,1,0,0,0,0,0,0,0,1.1140823364257812,0,348.1259765625,-0.0001150965690612793,-0.011523202061653137,-0.011408232152462006,0.2846989631652832,0,-0.011348772794008255,-0.068986348807811737,-0.042786765843629837,0,-15.46407413482666,0.0009765625,10,0.065668351948261261,263.1583332887385,-0.015387138351798058,-0.011636547744274139,267.75155639648438,263.21588134765625,9.2494621276855469,4.375938892364502,1.0347657203674316,0.085439078509807587
26580,175.91904887334226,1,0.28074207901954651,168.75,9.1155834197998047,0.21841570734977722,1,133.72505187988281,1,33.677398681640625,9.458277702331543,167.12309642967514,0.066172055900096893,0.012702545151114464,-0.00041366592631675303,1.3223112821578979,-0.088883891701698303,-0.067218586802482605,-0.054418239742517471,-0.041153881698846817,3.6320958137512207,-0.0034224735572934151,-0.062408555299043655,2.1284446716308594,-0.0017739286413416266,-0.029357973486185074,1.7462298274040222e-10,1,0,1,1,-0.058986082673072815,-0.027584044262766838,-0.0075989360921084881,0,0,1,0,0,1,0,0,0,0,0,1,0,0,1,0,1,348.34341430664062,-0.00043916702270507812,-0.013980790972709656,-0.013541348278522491,1,4.8427104949951172,-0.0020416059996932745,-0.054837848991155624,2.6989974975585938,-0.00071306695463135839,-0.022919904440641403,-1.4505349099636078e-07,0,0.95442849397659302,-0.052796244621276855,-0.022206839174032211,-0.00069086311850696802,0,0,0,0,1,0,0,0,0,0,0,0,1.1149705648422241,0,348.120361328125,-0.00021159648895263672,-0.011708587408065796,-0.011497058905661106,0.28476482629776001,0,-0.01135972049087286,-0.06911236047744751,-0.042713485658168793,0,-14.76594066619873,0,0.32113188505172729,0.054219916462898254,263.15416662197094,-0.014692477881908417,-0.011111210100352764,267.7515869140625,263.25778198242188,9.3248958587646484,4.0325336456298828,0.94390672445297241,0.076533004641532898
26640,178.7224029864847,1,0.27508512139320374,181.25,9.1170129776000977,0.15451499819755554,1,128.54672241210938,1,31.604921340942383,9.4551324844360352,169.78628283716046,0.072306171059608459,0.012693731114268303,-0.00040483707562088966,1.3223112821578979,-0.08510947972536087,-0.064364179968833923,-0.052618652582168579,-0.039792940020561218,3.626246452331543,-0.0027586312498897314,-0.05990571528673172,2.1167299747467041,-0.0015085662016645074,-0.028713222593069077,5.8207660913467407e-11,1,0,1,1,-0.057147085666656494,-0.02720465324819088,-0.0068837916478514671,0,0,1,0,0,1,0,0,0,0,0,1,0,0,1,0,1,348.33837890625,-0.00033687055110931396,-0.013719514012336731,-0.013382431119680405,1,4.8325681686401367,-0.0020808149129152298,-0.0543794184923172,2.6875643730163574,-0.0010292476508766413,-0.019570820033550262,-1.4586839824914932e-07,0,0.9565509557723999,-0.052298609167337418,-0.018541574478149414,-0.00090402207570150495,0,0,0,0,1,0,0,0,0,0,0,0,1.1150572299957275,0,348.1138916015625,-0.0002339482307434082,-0.011739432811737061,-0.011505715548992157,0.28354966640472412,0,-0.011296190321445465,-0.068562187254428864,-0.042282123118638992,0,-14.450791358947754,0,0.35754853487014771,0.054112918674945831,263.14999995520338,-0.014378896914422512,-0.010874063707888126,267.75177001953125,263.31515502929688,9.2924985885620117,4.0438480377197266,1.1498959064483643,0.088452115654945374
26700,201.83625867475226,1,0.27148634195327759,181.25,9.1179132461547852,0.1554313451051712,1,126.59989166259766,1,31.898565292358398,9.4484882354736328,191.74444574101463,0.076476410031318665,0.013283492997288704,-0.00039513965020887554,1.3223112821578979,-0.082708723843097687,-0.062548600137233734,-0.05155448243021965,-0.038988158106803894,3.6183021068572998,-0.0021560993045568466,-0.058156825602054596,2.104053258895874,-0.0012278802460059524,-0.028040563687682152,-1.4551915228366852e-10,1,0,1,1,-0.0560007244348526,-0.026812681928277016,-0.0066675781272351742,0,0,1,0,0,1,0,0,0,0,0,1,0,0,1,0,1,348.33245849609375,-0.00033821165561676025,-0.013442516326904297,-0.013104530982673168,1,4.8230137825012207,-0.0011733709834516048,-0.053936544805765152,2.6733283996582031,-0.0009719763183966279,-0.020848730579018593,-1.4484248822554946e-07,0,0.9562111496925354,-0.052763175219297409,-0.019876757636666298,-0.00082707568071782589,0,0,0,0,1,0,0,0,0,0,0,0,1.1108247041702271,0,348.1072998046875,-0.00016860663890838623,-0.011251084506511688,-0.011082470417022705,0.28156152367591858,0,-0.011186597868800163,-0.067556791007518768,-0.041758053004741669,0,-14.104639053344727,0,0.38317516446113586,0.056851103901863098,263.14583328843582,-0.014034466817975044,-0.010613587684929371,267.751708984375,263.21945190429688,9.2156667709350586,4.069005012512207,0.96241813898086548,0.08512568473815918
26760,204.07105574988691,1,0.26629143953323364,181.25,9.1077556610107422,0.15610238909721375,1,125.06214141845703,1,33.227138519287109,9.4481277465820312,193.86750296239256,0.070794083178043365,0.013604340143501759,-0.0003774728684220463,1.3223112821578979,-0.080133408308029175,-0.060601018369197845,-0.048690967261791229,-0.036822620779275894,3.6147322654724121,-0.0013381410390138626,-0.056488640606403351,2.0960469245910645,-0.00065664108842611313,-0.026174029335379601,-4.6566128730773926e-10,1,0,1,1,-0.055150493979454041,-0.025517389178276062,-0.0073401532135903835,0,0,1,0,0,1,0,0,0,0,0,1,0,0,1,0,1,348.32611083984375,-0.00021344423294067383,-0.012856543064117432,-0.012643164023756981,1,4.8230018615722656,-0.00089429132640361786,-0.05634516105055809,2.6684684753417969,-0.0006250627338886261,-0.020114295184612274,-1.4388933777809143e-07,0,0.95508033037185669,-0.055450867861509323,-0.019489232450723648,-0.00098024471662938595,0,0,0,0,1,0,0,0,0,0,0,0,1.1095389127731323,0,348.10101318359375,-8.8036060333251953e-05,-0.011042177677154541,-0.010953886434435844,0.27944529056549072,0,-0.011053590103983879,-0.066519133746623993,-0.041123256087303162,0,-13.474017143249512,0,0.34843361377716064,0.058192141354084015,263.14166662166826,-0.013406982645392418,-0.010139051824808121,267.75131225585938,263.32583618164062,9.2450180053710938,4.0574474334716797,1.1061255931854248,0.079107232391834259
26820,230.07012874673913,1,0.2599930465221405,168.75,9.1213884353637695,0.21524415910243988,1,121.76990509033203,1,32.272586822509766,9.5278110504150391,218.56662230940216,0.093415558338165283,0.013882003724575043,-0.00036081552389077842,1.3223112821578979,-0.07593497633934021,-0.057425945997238159,-0.047151695936918259,-0.035658545792102814,3.6119289398193359,-0.0010951962321996689,-0.053512115031480789,2.0883429050445557,-0.00050103478133678436,-0.025128258392214775,4.6566128730773926e-10,1,0,1,1,-0.05241692066192627,-0.024627221748232841,-0.006621380802243948,0,0,1,0,0,1,0,0,0,0,0,1,0,0,1,0,1,348.3192138671875,-0.00019395351409912109,-0.012273192405700684,-0.012079436331987381,1,4.8365378379821777,-0.0010536694899201393,-0.052742887288331985,2.6736979484558105,-0.00070129148662090302,-0.020324742421507835,-1.4482066035270691e-07,0,0.95848649740219116,-0.051689218729734421,-0.019623454660177231,-0.00079969549551606178,0,0,0,0,1,0,0,0,0,0,0,0,1.1035428047180176,0,348.09664916992188,-0.00014173984527587891,-0.010496020317077637,-0.010354282334446907,0.27650690078735352,0,-0.010843070223927498,-0.06513725221157074,-0.040225431323051453,0,-12.879426956176758,0,0.4953782856464386,0.05953679233789444,263.1374999549007,-0.012815350666642189,-0.009691629558801651,267.75009155273438,263.23818969726562,9.3296070098876953,3.9559707641601562,1.3177447319030762,0.066351026296615601
26880,243.56698621312157,1,0.268270343542099,181.25,9.1043291091918945,0.15224370360374451,1,127.30144500732422,1,33.320598602294922,9.4352254867553711,231.38863690246546,0.11078281700611115,0.014068777672946453,-0.00037916188011877239,1.3223112821578979,-0.080730363726615906,-0.061052463948726654,-0.05038907378911972,-0.038106817752122879,3.6028904914855957,-0.00127364881336689,-0.055741392076015472,2.0829930305480957,-0.00067086191847920418,-0.026247968897223473,-2.3283064365386963e-10,1,0,1,1,-0.054467741400003433,-0.025577105581760406,-0.0069876015186309814,0,0,1,0,0,1,0,0,0,0,0,1,0,0,1,0,1,348.31210327148438,-0.00027626752853393555,-0.012671411037445068,-0.012395413592457771,1,4.8465213775634766,-0.0012089218944311142,-0.051621727645397186,2.6766133308410645,-0.0007868325337767601,-0.020832628011703491,-1.4505349099636078e-07,0,0.95982134342193604,-0.050412807613611221,-0.020045798271894455,-0.00070194480940699577,0,0,0,0,1,0,0,0,0,0,0,0,1.1042871475219727,0,348.09234619140625,-0.0001811981201171875,-0.010609924793243408,-0.010428715497255325,0.27418112754821777,0,-0.010671462863683701,-0.064008712768554688,-0.039643298834562302,0.0009765625,-13.534307479858398,0,0.62637472152709961,0.060537099838256836,263.13333328813314,-0.013466972857713699,-0.010184419341385365,267.74832153320312,263.12142944335938,9.28814697265625,4.4336862564086914,1.3808000087738037,0.090856179594993591
26940,179.93932074202453,1,0.26998716592788696,181.25,9.11138916015625,0.15230897068977356,1,125.6044921875,1,32.978061676025391,9.7007474899291992,170.9423547049233,0.1331169456243515,0.013589256443083286,-0.00039170953095890582,1.3223112821578979,-0.082114219665527344,-0.06209900975227356,-0.050475463271141052,-0.038172148168087006,3.5999932289123535,-0.00092181935906410217,-0.056864082813262939,2.0820693969726562,-0.00043859239667654037,-0.026784453541040421,-4.6566128730773926e-10,1,0,1,1,-0.055942263454198837,-0.026345862075686455,-0.007139657624065876,0,0,1,0,0,1,0,0,0,0,0,1,0,0,1,0,1,348.30712890625,-0.00022065639495849609,-0.013061046600341797,-0.012840386480093002,1,4.8464412689208984,-0.0013894680887460709,-0.053258605301380157,2.6813092231750488,-0.00087783625349402428,-0.021616976708173752,-1.4598481357097626e-07,0,0.95923823118209839,-0.051869139075279236,-0.020739141851663589,-0.00072192761581391096,0,0,0,0,1,0,0,0,0,0,0,0,1.1121563911437988,0,348.088134765625,-0.00021845102310180664,-0.011433839797973633,-0.011215638369321823,0.27326065301895142,0,-0.010618273168802261,-0.06357477605342865,-0.039381124079227448,0,-13.982199668884277,0,0.82544964551925659,0.058643899857997894,263.12916662136558,-0.013912636786699295,-0.010521453805267811,267.74639892578125,263.22134399414062,9.3809356689453125,4.2067165374755859,2.0438637733459473,0.11041545867919922
27000,228.83169948467619,1,0.27902364730834961,181.25,9.0949392318725586,0.15197992324829102,1,130.20504760742188,1,34.621150970458984,9.514063835144043,217.39011451044237,0.15680235624313354,0.013362717814743519,-0.00041709520155563951,1.3223112821578979,-0.087438493967056274,-0.066125497221946716,-0.054338686168193817,-0.041093718260526657,3.5949082374572754,-0.0012326082214713097,-0.060139846056699753,2.0855340957641602,-0.00053375307470560074,-0.028006326407194138,-9.3132257461547852e-10,1,0,1,1,-0.05890723317861557,-0.027472572401165962,-0.0077598560601472855,0,0,1,0,0,1,0,0,0,0,0,1,0,0,1,0,1,348.30316162109375,-0.0002180933952331543,-0.013602375984191895,-0.013384374789893627,1,4.8402595520019531,-0.0018922621384263039,-0.051070563495159149,2.6866803169250488,-0.0011564642190933228,-0.02215912751853466,-1.4528632164001465e-07,0,0.96060824394226074,-0.049178309738636017,-0.021002665162086487,-0.00059289403725415468,0,0,0,0,1,0,0,0,0,0,0,0,1.1103125810623169,0,348.08474731445312,-0.00023663043975830078,-0.011267542839050293,-0.011031264439225197,0.27344143390655518,0,-0.010668890550732613,-0.063666388392448425,-0.039465546607971191,0,-14.888350486755371,0,1.0877130031585693,0.057777274399995804,263.12499995459802,-0.014814279042184353,-0.011203321628272533,267.745361328125,263.16244506835938,9.3492431640625,4.2958431243896484,1.1953699588775635,0.09025825560092926
27060,215.324269260899,1,0.28705915808677673,181.25,9.0758152008056641,0.15414513647556305,1,137.75527954101562,1,38.081817626953125,9.6064901351928711,204.55805579785405,0.073339305818080902,0.012762262485921383,-0.00042928522452712059,1.3223112821578979,-0.094080008566379547,-0.071148157119750977,-0.054970443248748779,-0.041571483016014099,3.5931358337402344,-0.0017136423848569393,-0.064068198204040527,2.0857317447662354,-0.00062545738182961941,-0.02826390415430069,-1.1641532182693481e-10,1,0,1,1,-0.062354549765586853,-0.027638444676995277,-0.0091779567301273346,0,0,1,0,0,1,0,0,0,0,0,1,0,0,1,0,1,348.2984619140625,-0.00018432736396789551,-0.013716429471969604,-0.013531815260648727,1,4.8239278793334961,-0.0024169287644326687,-0.054841119796037674,2.6871728897094727,-0.0010834631975740194,-0.020239787176251411,-1.4476245269179344e-07,0,0.95866364240646362,-0.052424192428588867,-0.019156325608491898,-0.00084609282203018665,0,0,0,0,1,0,0,0,0,0,0,0,1.1093913316726685,0,348.07928466796875,-0.00024537742137908936,-0.01118449866771698,-0.010939134284853935,0.2750525176525116,0,-0.010788790881633759,-0.064597807824611664,-0.039762619882822037,0,-15.32347583770752,0,0.36382979154586792,0.054596558213233948,263.12083328783046,-0.015247239731252193,-0.011530749499797821,267.74530029296875,263.27947998046875,9.3242702484130859,4.2218751907348633,1.4931849241256714,0.1275162398815155
27120,203.54253000417523,1,0.290172278881073,181.25,9.0596694946289062,0.1546701192855835,1,136.44773864746094,1,39.742637634277344,9.4116744995117188,193.36540350396646,0.073293335735797882,0.012418230064213276,-0.00044765288475900888,1.3223112821578979,-0.095790967345237732,-0.07244206964969635,-0.056748256087303162,-0.042915958911180496,3.602217435836792,-0.0015551627147942781,-0.065422825515270233,2.0848231315612793,-0.00078634766396135092,-0.029937442392110825,6.4028427004814148e-10,1,0,1,1,-0.063867658376693726,-0.02915109321475029,-0.0084328986704349518,0,0,1,0,0,1,0,0,0,0,0,1,0,0,1,0,1,348.29510498046875,-0.00022196769714355469,-0.014448583126068115,-0.014226563274860382,1,4.8168544769287109,-0.0025871763937175274,-0.059772871434688568,2.6801981925964355,-0.0013051272835582495,-0.021756358444690704,-1.4426768757402897e-07,0,0.95428293943405151,-0.057185694575309753,-0.02045123279094696,-0.00095692154718562961,0,0,0,0,1,0,0,0,0,0,0,0,1.122138500213623,0,348.07391357421875,-0.00026872009038925171,-0.012482628226280212,-0.012213855981826782,0.27760550379753113,0,-0.01097831130027771,-0.065959669649600983,-0.040271416306495667,0,-15.97911548614502,0,0.36354935169219971,0.052975848317146301,263.1166666210629,-0.015899617224931717,-0.012024111114442348,267.74465942382812,263.1956787109375,9.266087532043457,4.6943225860595703,1.6101019382476807,0.1152045801281929
27180,160.18659231064453,1,0.29329290986061096,168.75,9.0861005783081055,0.2152206152677536,1,136.8531494140625,1,38.711299896240234,9.5337514877319336,152.17726269511229,0.07606053352355957,0.012058064341545105,-0.00046088217641226947,1.3223112821578979,-0.096778564155101776,-0.073188945651054382,-0.059767048805952072,-0.045198924839496613,3.6117799282073975,-0.0014676493592560291,-0.06609528511762619,2.0901045799255371,-0.00096546579152345657,-0.032617345452308655,-5.8207660913467407e-11,1,0,1,1,-0.06462763249874115,-0.031651876866817474,-0.0066547216847538948,0,0,1,0,0,1,0,0,0,0,0,1,0,0,1,0,1,348.29278564453125,-0.00025606155395507812,-0.014991968870162964,-0.014735857024788857,1,4.8085751533508301,-0.0026894216425716877,-0.061073753982782364,2.6731009483337402,-0.0016988908173516393,-0.027397610247135162,-1.4415127225220203e-07,0,0.94999033212661743,-0.058384332805871964,-0.025698721408843994,-0.00066901859827339649,0,0,0,0,1,0,0,0,0,0,0,0,1.1277174949645996,0,348.06854248046875,-0.00037980079650878906,-0.013151481747627258,-0.012771753594279289,0.28018143773078918,0,-0.011197472922503948,-0.067217603325843811,-0.04094821959733963,0,-16.451339721679688,0,0.3805866539478302,0.0513584204018116,263.11249995429534,-0.016369491815567017,-0.01237945444881916,267.74407958984375,263.1973876953125,9.2784595489501953,4.5657844543457031,1.0376086235046387,0.10749642550945282
27240,193.34898508044819,1,0.29087969660758972,168.75,9.0875101089477539,0.21515251696109772,1,136.95718383789062,1,37.476036071777344,9.7130203247070312,183.68153582642577,0.32508841156959534,0.012927304022014141,-0.00044925758265890181,1.3223112821578979,-0.094433382153511047,-0.07141539454460144,-0.059999443590641022,-0.04537467285990715,3.6176667213439941,-0.0012668480630964041,-0.064899280667304993,2.1081881523132324,-0.00063783524092286825,-0.03284609317779541,5.2386894822120667e-10,1,0,1,1,-0.063632428646087646,-0.032208260148763657,-0.0058784531429409981,0,0,1,0,0,1,0,0,0,0,0,1,0,0,1,0,1,348.29061889648438,-0.00015226006507873535,-0.014758914709091187,-0.014606675133109093,1,4.7984833717346191,-0.0018930960213765502,-0.059383906424045563,2.6763091087341309,-0.0010708104819059372,-0.031680289655923843,-1.442094799131155e-07,0,0.9480431079864502,-0.057490810751914978,-0.030609481036663055,-0.00033506314503028989,0,0,0,0,1,0,0,0,0,0,0,0,1.1261763572692871,0,348.06344604492188,-0.00018295645713806152,-0.012800455093383789,-0.012617630884051323,0.2825450599193573,0,-0.011402946896851063,-0.068197831511497498,-0.0418224036693573,0.0009765625,-16.036397933959961,0.0009765625,10,0.070142686367034912,263.10833328752778,-0.015956614166498184,-0.012067214585840702,267.74343872070312,263.10122680664062,9.4126863479614258,4.3217105865478516,1.3298718929290771,0.098570480942726135
27300,179.71047311207323,1,0.28918421268463135,168.75,9.0875139236450195,0.21537281572818756,1,136.43049621582031,1,37.044754028320312,9.6178989410400391,170.72494945646957,0.12323560565710068,0.012422654777765274,-0.00044315156992524862,1.3223112821578979,-0.094210892915725708,-0.07124713808298111,-0.057901620864868164,-0.043788190931081772,3.6152551174163818,-0.0017553005600348115,-0.065313637256622314,2.1188771724700928,-0.00096762424800544977,-0.031308185309171677,1.0186340659856796e-09,1,0,1,1,-0.063558340072631836,-0.030340561643242836,-0.0075968722812831402,0,0,1,0,0,1,0,0,0,0,0,1,0,0,1,0,1,348.28656005859375,-0.00025084614753723145,-0.014563322067260742,-0.01431247778236866,1,4.7869434356689453,-0.0013374290429055691,-0.057455524802207947,2.6807174682617188,-0.00068072928115725517,-0.02913149818778038,-1.4441320672631264e-07,0,0.94936144351959229,-0.056118104606866837,-0.028450772166252136,-0.00046274004853330553,0,0,0,0,1,0,0,0,0,0,0,0,1.1279706954956055,0,348.05868530273438,-0.00011554360389709473,-0.012912362813949585,-0.012797070667147636,0.28357505798339844,0,-0.011491913348436356,-0.068662136793136597,-0.042253807187080383,0,-15.818439483642578,0,0.73251646757125854,0.053072977811098099,263.10416662076022,-0.015739740803837776,-0.011903204023838043,267.74298095703125,263.23876953125,9.3801002502441406,4.220362663269043,1.0352911949157715,0.11336196959018707
27360,164.37488688323896,1,0.28994500637054443,168.75,9.0870990753173828,0.21639953553676605,1,134.513916015625,1,39.423622131347656,9.502589225769043,156.156142539077,0.062930136919021606,0.012261709198355675,-0.00045302242506295443,1.3223112821578979,-0.095180898904800415,-0.071980707347393036,-0.057428881525993347,-0.043430682271718979,3.6132991313934326,-0.0017182666342705488,-0.066654153168201447,2.1244626045227051,-0.00087222765432670712,-0.030697222799062729,8.440110832452774e-10,1,0,1,1,-0.064935892820358276,-0.02982499822974205,-0.0086674317717552185,0,0,1,0,0,1,0,0,0,0,0,1,0,0,1,0,1,348.28375244140625,-0.00033111497759819031,-0.015026643872261047,-0.014695531688630581,1,4.7770528793334961,-0.0022614914923906326,-0.060379646718502045,2.6852693557739258,-0.0010680139530450106,-0.029385440051555634,-1.4493707567453384e-07,0,0.94730567932128906,-0.058118164539337158,-0.02831742912530899,-0.00057517434470355511,0,0,0,0,1,0,0,0,0,0,0,0,1.1336371898651123,0,348.0555419921875,-0.00028967857360839844,-0.013653412461280823,-0.01336372084915638,0.28465330600738525,0,-0.011590927839279175,-0.069259077310562134,-0.042469002306461334,0,-16.170783996582031,0,0.3024667501449585,0.052213966846466064,263.09999995399266,-0.016090331599116325,-0.012168338522315025,267.74234008789062,263.17221069335938,9.3633747100830078,4.2434539794921875,1.0344469547271729,0.11616476625204086
27420,171.77385213572828,1,0.294655442237854,168.75,9.0964336395263672,0.21660558879375458,1,137.55131530761719,1,41.625656127929688,9.4825563430786133,163.18515952894185,0.084183074533939362,0.012222150340676308,-0.00046496331924572587,1.3223112821578979,-0.098257496953010559,-0.074307389557361603,-0.059378132224082947,-0.044904805719852448,3.6214380264282227,-0.0017397487536072731,-0.068176582455635071,2.13161301612854,-0.00067582866176962852,-0.031591448932886124,8.149072527885437e-10,1,0,1,1,-0.066436842083930969,-0.030915619805455208,-0.0083878524601459503,0,0,1,0,0,1,0,0,0,0,0,1,0,0,1,0,1,348.28167724609375,-0.00026559829711914062,-0.015183418989181519,-0.014917737804353237,1,4.7801704406738281,-0.0029112682677805424,-0.065567284822463989,2.6884274482727051,-0.001265829661861062,-0.031704269349575043,-1.444714143872261e-07,0,0.94267302751541138,-0.062656015157699585,-0.030438441783189774,-0.00059274013619869947,0,0,0,0,1,0,0,0,0,0,0,0,1.136427640914917,0,348.052734375,-0.0003018304705619812,-0.013944860547780991,-0.013642759062349796,0.28604522347450256,0,-0.011727586388587952,-0.069924965500831604,-0.042799435555934906,0,-16.597017288208008,0,0.43252834677696228,0.052241317927837372,263.0958332872251,-0.016514444723725319,-0.012489074841141701,267.74124145507812,263.14596557617188,9.3122367858886719,4.4067401885986328,1.0757691860198975,0.10730938613414764
27480,174.00757169587916,1,0.30023175477981567,181.25,9.0949640274047852,0.15079931914806366,1,142.28877258300781,1,41.301876068115234,9.4578609466552734,165.30719311108521,0.096021190285682678,0.011640386655926704,-0.00047548767179250717,1.3223112821578979,-0.10281147062778473,-0.077751338481903076,-0.060303609818220139,-0.045604702085256577,3.6360371112823486,-0.0015396568924188614,-0.070810422301292419,2.1369645595550537,-0.00072795327287167311,-0.032609768211841583,5.2386894822120667e-10,1,0,1,1,-0.069270774722099304,-0.031881816685199738,-0.0088573619723320007,0,0,1,0,0,1,0,0,0,0,0,1,0,0.00046113843563944101,0.998046875,0.000629949732683599,0.998046875,348.2791748046875,-0.00022195279598236084,-0.015349417924880981,-0.015127161517739296,0.998046875,4.784398078918457,-0.001862654578872025,-0.06707039475440979,2.6936872005462646,-0.00085657922318205237,-0.030340921133756638,-1.4511169865727425e-07,0,0.94077867269515991,-0.065207742154598236,-0.029484344646334648,-0.00075008900603279471,0,0,0,0,1,0,0,0,0,0,0,0,1.1368087530136108,0,348.049560546875,-0.00024978071451187134,-0.013930723071098328,-0.013680877164006233,0.28830608725547791,0,-0.011900292709469795,-0.071127548813819885,-0.043241512030363083,0,-16.972686767578125,0,0.51391410827636719,0.049582280218601227,263.09166662045754,-0.016888245940208435,-0.012771762907505035,267.74044799804688,263.18820190429688,9.3419046401977539,4.3173398971557617,1.4529485702514648,0.12073519080877304
27540,178.57423502072808,1,0.30539622902870178,168.75,9.1005191802978516,0.21683298051357269,1,144.50358581542969,1,38.08489990234375,9.4624528884887695,169.64552326969167,0.11601922661066055,0.011709986254572868,-0.00049277918878942728,1.3223112821578979,-0.1050599217414856,-0.079451732337474823,-0.06459229439496994,-0.048848025500774384,3.6487827301025391,-0.0010868955869227648,-0.071644961833953857,2.1375885009765625,-0.00067297799978405237,-0.036156017333269119,-1.7462298274040222e-10,1,0,1,1,-0.070558071136474609,-0.035483039915561676,-0.0063736420124769211,0,0,1,0,0,1,0,0,0,0,0,1,0,0,1,0,1,348.2769775390625,-0.00013282895088195801,-0.015776634216308594,-0.015643661841750145,1,4.7876644134521484,-0.00080879684537649155,-0.066413141787052155,2.6856160163879395,-0.00052502192556858063,-0.03043750487267971,-1.4621764421463013e-07,0,0.93927741050720215,-0.065604344010353088,-0.029912486672401428,-0.00075254531111568213,0,0,0,0,1,0,0,0,0,0,0,0,1.1428630352020264,0,348.04669189453125,-0.00012052059173583984,-0.014406919479370117,-0.014286313205957413,0.291096031665802,0,-0.01210416853427887,-0.072519347071647644,-0.043982051312923431,0,-17.589914321899414,0,0.66963374614715576,0.05025932565331459,263.08749995368998,-0.017502402886748314,-0.013236219994723797,267.74002075195312,263.26885986328125,9.3127479553222656,4.4010105133056641,1.3380578756332397,0.11158129572868347
27600,183.3429606220827,1,0.30746650695800781,181.25,9.091609001159668,0.14864256978034973,1,146.85481262207031,1,37.256378173828125,9.4851150512695312,174.17581259097855,0.080655783414840698,0.011550732888281345,-0.00049481767928227782,1.3223112821578979,-0.10665667802095413,-0.080659285187721252,-0.065197736024856567,-0.049305889755487442,3.6581625938415527,-0.00076383864507079124,-0.073061734437942505,2.1412167549133301,-0.00054979289416223764,-0.036175742745399475,-4.6566128730773926e-10,1,0,1,1,-0.072297893464565277,-0.035625949501991272,-0.0071037444286048412,0,0,1,0,0,1,0,0,0,0,0,1,0,0,1,0,1,348.27398681640625,-9.4071030616760254e-05,-0.015956774353981018,-0.015862626954913139,1,4.7877368927001953,0.00011565466411411762,-0.067123867571353912,2.675121545791626,-0.00014229328371584415,-0.032641652971506119,-1.4726538211107254e-07,0,0.93536317348480225,-0.067239515483379364,-0.032499365508556366,-0.0006307450239546597,0,0,0,0,1,0,0,0,0,0,0,0,1.1383992433547974,0,348.043212890625,-3.8236379623413086e-05,-0.013878226280212402,-0.013839926570653915,0.29399281740188599,0,-0.01232429314404726,-0.073918417096138,-0.044939853250980377,0,-17.662679672241211,0,0.40960714221000671,0.049210719764232635,263.08333328692243,-0.01757480576634407,-0.01329097431153059,267.74008178710938,263.24703979492188,9.3208274841308594,4.0260739326477051,1.1132347583770752,0.11786875873804092
27660,189.42975271556335,1,0.30566906929016113,181.25,9.0937252044677734,0.14913322031497955,1,146.2916259765625,1,38.839672088623047,9.560999870300293,179.95826507978518,0.14873558282852173,0.011649246327579021,-0.00048806206905283034,1.3223112821578979,-0.10520124435424805,-0.079558610916137695,-0.064783260226249695,-0.048992443829774857,3.6714601516723633,-0.0016845022328197956,-0.07311151921749115,2.1460280418395996,-0.0011243503540754318,-0.036052189767360687,-9.8953023552894592e-10,1,0,1,1,-0.071427017450332642,-0.034927837550640106,-0.0072362758219242096,0,0,1,0,0,1,0,0,0,0,0,1,0,0,1,0,1,348.27035522460938,-0.00020179152488708496,-0.015945479273796082,-0.015743527561426163,1,4.7956132888793945,-0.00052092038094997406,-0.070524618029594421,2.6692886352539062,-0.00031305896118283272,-0.033745348453521729,-1.4732358977198601e-07,0,0.93200033903121948,-0.070003703236579895,-0.033432289958000183,-0.00071493047289550304,0,0,0,0,1,0,0,0,0,0,0,0,1.1406469345092773,0,348.038818359375,-0.00017635524272918701,-0.014240920543670654,-0.014064700342714787,0.29614987969398499,0,-0.01247855369001627,-0.075036868453025818,-0.045636318624019623,0,-17.421533584594727,0,0.99127620458602905,0.050084277987480164,263.07916662015487,-0.017334859818220139,-0.01310951542109251,267.740478515625,263.20645141601562,9.4032411575317383,4.3514609336853027,1.1781383752822876,0.10860580205917358
27720,218.94386079943871,1,0.2988545298576355,181.25,9.0875988006591797,0.14875014126300812,1,139.87019348144531,1,37.156669616699219,9.5207605361938477,207.99666775946676,0.037868071347475052,0.011855216696858406,-0.00047708349302411079,1.3223112821578979,-0.10189404338598251,-0.077057532966136932,-0.059711247682571411,-0.045156724750995636,3.6862986087799072,-0.0019725197926163673,-0.07189372181892395,2.1511015892028809,-0.0011503745336085558,-0.033302370458841324,-8.149072527885437e-10,1,0,1,1,-0.069921195507049561,-0.032151997089385986,-0.0087887486442923546,0,0,1,0,0,1,0,0,0,0,0,1,0,0,1,0,1,348.267333984375,-0.0002631843090057373,-0.016029804944992065,-0.015766264870762825,1,4.8063898086547852,-0.0017702067270874977,-0.069317393004894257,2.6667051315307617,-0.00092233461327850819,-0.033047758042812347,-1.4703255146741867e-07,0,0.93403112888336182,-0.067547187209129333,-0.032125428318977356,-0.00071181933162733912,0,0,0,0,1,0,0,0,0,0,0,0,1.1426159143447876,0,348.03518676757812,-0.00040459632873535156,-0.014666348695755005,-0.014261596836149693,0.29740220308303833,0,-0.012569054029881954,-0.075681045651435852,-0.046000663191080093,0,-17.029651641845703,0,0.16998027265071869,0.050360143184661865,263.07499995338731,-0.016944926232099533,-0.012814627029001713,267.74063110351562,263.15921020507812,9.2815494537353516,4.04205322265625,1.0393717288970947,0.09453931450843811
27780,210.02116723281011,1,0.29071778059005737,168.75,9.0845432281494141,0.21757936477661133,1,135.39016723632812,1,34.599155426025391,9.4310340881347656,199.52010887116961,0.070450954139232635,0.012218066491186619,-0.00045369882718659937,1.3223112821578979,-0.09603726863861084,-0.072628334164619446,-0.057154126465320587,-0.043222896754741669,3.6902391910552979,-0.0019791251979768276,-0.067950129508972168,2.1506521701812744,-0.0011231424286961555,-0.032320741564035416,-9.3132257461547852e-10,1,0,1,1,-0.065971001982688904,-0.031197598204016685,-0.0073363925330340862,0,0,1,0,0,1,0,0,0,0,0,1,0,0,1,0,1,348.26361083984375,-0.00025808811187744141,-0.015257477760314941,-0.014999242499470711,1,4.8103289604187012,-0.0016451617702841759,-0.063506767153739929,2.6715176105499268,-0.00092760380357503891,-0.032081268727779388,-1.4761462807655334e-07,0,0.93924880027770996,-0.061861597001552582,-0.031153663992881775,-0.00047149637248367071,0,0,0,0,1,0,0,0,0,0,0,0,1.1329301595687866,0,348.0316162109375,-0.00041657686233520508,-0.013709425926208496,-0.01329302042722702,0.29673734307289124,0,-0.012550864368677139,-0.075469896197319031,-0.045531265437602997,0.0009765625,-16.194927215576172,0,0.34637802839279175,0.052108179777860641,263.07083328661975,-0.016114355996251106,-0.012186506763100624,267.74014282226562,263.0301513671875,9.2536592483520508,4.020777702331543,0.96610909700393677,0.093648239970207214
27840,207.76191541016163,1,0.29314687848091125,168.75,9.0933456420898438,0.21701528131961823,1,138.389892578125,1,35.716800689697266,9.4706106185913086,197.37381963965353,0.060636941343545914,0.011801455169916153,-0.00045508390758186579,1.3223112821578979,-0.096792861819267273,-0.073199756443500519,-0.059528015553951263,-0.045018155127763748,3.6808357238769531,-0.001151625532656908,-0.06822560727596283,2.1486778259277344,-0.00069674348924309015,-0.033314809203147888,-6.9849193096160889e-10,1,0,1,1,-0.067073971033096313,-0.032618064433336258,-0.00680208345875144,0,0,1,0,0,1,0,0,0,0,0,1,0,0,1,0,1,348.257080078125,-0.00013065338134765625,-0.015061080455780029,-0.014930330216884613,1,4.8071632385253906,-0.00031926063820719719,-0.059492006897926331,2.6724464893341064,-0.00037069432437419891,-0.030002687126398087,-1.469743438065052e-07,0,0.94201070070266724,-0.059172745794057846,-0.029631994664669037,-0.00044589315075427294,0,0,0,0,1,0,0,0,0,0,0,0,1.1249344348907471,0,348.026611328125,-0.00022113323211669922,-0.012714385986328125,-0.012493439018726349,0.29603403806686401,0,-0.012498917989432812,-0.075043991208076477,-0.04536031186580658,0,-16.244367599487305,0,0.28949511051177979,0.050165064632892609,263.06666661985219,-0.016163550317287445,-0.012223710305988789,267.73910522460938,263.1875,9.2436790466308594,4.2558689117431641,1.0595701932907104,0.087796777486801147
27900,243.64133766498739,1,0.28889507055282593,168.75,9.102910041809082,0.21684002876281738,1,134.939208984375,1,36.799777984619141,9.4504251480102539,231.45927078173801,0.044117365032434464,0.011972294189035892,-0.00044670651550404727,1.3223112821578979,-0.094886928796768188,-0.071758389472961426,-0.056355349719524384,-0.042618822306394577,3.6692831516265869,-0.00082362443208694458,-0.067744910717010498,2.140613317489624,-0.00054946262389421463,-0.031667299568653107,-9.3132257461547852e-10,1,0,1,1,-0.066921301186084747,-0.031117834150791168,-0.0080049261450767517,0,0,1,0,0,1,0,0,0,0,0,1,0,0,1,0,1,348.24942016601562,-0.00011783838272094727,-0.015025973320007324,-0.014907901175320148,1,4.7997317314147949,0.00078837014734745026,-0.058465354144573212,2.6699762344360352,0.00026178127154707909,-0.027347922325134277,-1.4784745872020721e-07,0,0.94307661056518555,-0.059253722429275513,-0.027609707787632942,-0.00061575043946504593,0,0,0,0,1,0,0,0,0,0,0,0,1.1243934631347656,0,348.0201416015625,-5.7280063629150391e-05,-0.012496590614318848,-0.012439344078302383,0.2950592041015625,0,-0.01241700816899538,-0.074562758207321167,-0.045036673545837402,0,-15.945333480834961,0,0.20123109221458435,0.050866656005382538,263.06249995308463,-0.015866003930568695,-0.011998690664768219,267.73748779296875,263.19717407226562,9.2445716857910156,4.514063835144043,1.1128389835357666,0.099694043397903442
27960,175.43470737425503,1,0.28242084383964539,168.75,9.1155157089233398,0.21583092212677002,1,130.26519775390625,1,36.193389892578125,9.4415178298950195,166.66297200554226,0.049701768904924393,0.01256488636136055,-0.00043231653398834169,1.3223112821578979,-0.090483054518699646,-0.068427950143814087,-0.054190859198570251,-0.040981922298669815,3.6599328517913818,-0.0010015824809670448,-0.065060168504714966,2.129988431930542,-0.00054009724408388138,-0.030783535912632942,-9.3132257461547852e-10,1,0,1,1,-0.064058586955070496,-0.030243439599871635,-0.0072132614441215992,0,0,1,0,0,1,0,0,0,0,0,1,0,0,1,0,1,348.24249267578125,-0.00016450881958007812,-0.014897644519805908,-0.014733212999999523,1,4.7943282127380371,0.00064590480178594589,-0.058436356484889984,2.6642799377441406,0.00041900621727108955,-0.02576075866818428,-1.4808028936386108e-07,0,0.94443726539611816,-0.059082254767417908,-0.026179766282439232,-0.00068964343518018723,0,0,0,0,1,0,0,0,0,0,0,0,1.1236481666564941,0,348.01318359375,-3.1590461730957031e-05,-0.01239621639251709,-0.012364807538688183,0.29321157932281494,0,-0.012305969372391701,-0.073693543672561646,-0.044426754117012024,0,-15.431679725646973,0,0.23010510206222534,0.05345940962433815,263.05833328631707,-0.015354905277490616,-0.011612171307206154,267.73751831054688,263.24264526367188,9.2508478164672852,4.2223529815673828,1.0524544715881348,0.1068769246339798
28020,209.96238426597719,1,0.27816468477249146,168.75,9.1216955184936523,0.21338677406311035,1,128.13273620605469,1,35.539081573486328,9.4135398864746094,199.46426505267831,0.082724079489707947,0.013140464201569557,-0.00041993867489509284,1.3223112821578979,-0.088095217943191528,-0.066622145473957062,-0.052033789455890656,-0.039350636303424835,3.6514601707458496,-0.00071400171145796776,-0.063086643815040588,2.1175627708435059,-0.00046588247641921043,-0.028769232332706451,-2.3283064365386963e-10,1,0,1,1,-0.062372643500566483,-0.028303351253271103,-0.0079874061048030853,0,0,1,0,0,1,0,0,0,0,0,1,0,0,1,0,1,348.23501586914062,-0.00010195374488830566,-0.014454305171966553,-0.014352349564433098,1,4.7958450317382812,6.214948371052742e-05,-0.056947387754917145,2.6577005386352539,2.2053718566894531e-06,-0.02311667799949646,-1.4831312000751495e-07,0,0.94832754135131836,-0.057009540498256683,-0.023118887096643448,-0.00082283018855378032,0,0,0,0,1,0,0,0,0,0,0,0,1.1142725944519043,0,348.00665283203125,-3.5643577575683594e-05,-0.011462703347206116,-0.011427253484725952,0.29076766967773438,0,-0.01214235182851553,-0.072503559291362762,-0.043646614998579025,0,-14.989848136901855,0,0.42297756671905518,0.056184690445661545,263.05416661954951,-0.014915271662175655,-0.0112796975299716,267.738525390625,263.1033935546875,9.2551403045654297,4.0345287322998047,1.532069206237793,0.097088173031806946
28080,206.56251622518184,1,0.27705675363540649,168.75,9.1321601867675781,0.21299061179161072,1,127.55426025390625,1,35.763580322265625,9.4417524337768555,196.23439041392274,0.1442415714263916,0.013341694138944149,-0.00041682258597575128,1.3223112821578979,-0.086345434188842773,-0.065298870205879211,-0.053356923162937164,-0.040351256728172302,3.6414330005645752,-0.00071069970726966858,-0.061131946742534637,2.1020970344543457,-0.00039574952097609639,-0.029833897948265076,-4.9476511776447296e-10,1,0,1,1,-0.060421254485845566,-0.029438147321343422,-0.0059497468173503876,0,0,1,0,0,1,0,0,0,0,0,1,0,0,1,0,1,348.22592163085938,-0.00012736022472381592,-0.014169424772262573,-0.014042085967957973,1,4.8049707412719727,-0.00020993303041905165,-0.053811565041542053,2.6478610038757324,-9.3420385383069515e-05,-0.021233560517430305,-1.4816760085523129e-07,0,0.9524884819984436,-0.053601637482643127,-0.021140143275260925,-0.00078660796862095594,0,0,0,0,1,0,0,0,0,0,0,0,1.108087420463562,0,347.9998779296875,-2.2239983081817627e-05,-0.010830864310264587,-0.010808736085891724,0.28836345672607422,0,-0.011966835707426071,-0.071316242218017578,-0.042901307344436646,0,-14.878618240356445,0,0.94092392921447754,0.057501796633005142,263.04999995278195,-0.014804595150053501,-0.011195998638868332,267.73922729492188,263.1024169921875,9.2276077270507812,4.3989725112915039,0.98132443428039551,0.082125037908554077
28140,181.07736780378735,1,0.27641928195953369,168.75,9.1406335830688477,0.21066209673881531,1,127.22745513916016,1,34.384853363037109,9.4472036361694336,172.02349941359799,0.067106008529663086,0.013420194387435913,-0.00041501535451970994,1.3223112821578979,-0.086127743124961853,-0.065134242177009583,-0.052820563316345215,-0.039945635944604874,3.6296005249023438,-0.001067721750587225,-0.06105930358171463,2.0868425369262695,-0.00049918191507458687,-0.029263017699122429,-2.9103830456733704e-10,1,0,1,1,-0.05999157577753067,-0.028763836249709129,-0.0063861468806862831,0,0,1,0,0,1,0,0,0,0,0,1,0,0,1,0,1,348.21749877929688,-0.00014374405145645142,-0.014282122254371643,-0.014138373546302319,1,4.8121070861816406,-0.0001565050333738327,-0.05307304859161377,2.6315522193908691,6.6921755205839872e-05,-0.02090999111533165,-1.4790566638112068e-07,0,0.9538266658782959,-0.052916541695594788,-0.020976915955543518,-0.00076944602187722921,0,0,0,0,1,0,0,0,0,0,0,0,1.1105786561965942,0,347.99298095703125,-2.8386712074279785e-06,-0.011060521006584167,-0.011057861149311066,0.28637480735778809,0,-0.011833199299871922,-0.070251487195491791,-0.042455084621906281,0,-14.814107894897461,0,0.32658201456069946,0.057351201772689819,263.04583328601439,-0.014740405604243279,-0.011147455312311649,267.73892211914062,263.16827392578125,9.2327880859375,3.9019837379455566,0.9620131254196167,0.083085976541042328
28200,184.16088785576159,1,0.27558919787406921,168.75,9.131566047668457,0.20907816290855408,1,126.47515106201172,1,34.100700378417969,9.3647489547729492,174.9528434629735,0.1356702446937561,0.013619311153888702,-0.00041373414569534361,1.3223112821578979,-0.085880450904369354,-0.064947225153446198,-0.05206231027841568,-0.03937220573425293,3.6208653450012207,-0.0013577818172052503,-0.060509268194437027,2.0725541114807129,-0.00065646355506032705,-0.028757903724908829,3.0559021979570389e-10,1,0,1,1,-0.059151489287614822,-0.028101442381739616,-0.006546772550791502,0,0,1,0,0,1,0,0,0,0,0,1,0,0,1,0,1,348.2108154296875,-0.00013194233179092407,-0.014030933380126953,-0.013899032957851887,1,4.8143653869628906,-0.00016789813525974751,-0.053595192730426788,2.6215338706970215,9.8171469289809465e-05,-0.020458333194255829,-1.4738179743289948e-07,0,0.95420527458190918,-0.05342729389667511,-0.020556505769491196,-0.00080782268196344376,0,0,0,0,1,0,0,0,0,0,0,0,1.1169147491455078,0,347.98687744140625,-1.220405101776123e-05,-0.011703595519065857,-0.011691480875015259,0.28437739610671997,0,-0.011699480935931206,-0.069288186728954315,-0.041918128728866577,0,-14.768375396728516,0,0.85087358951568604,0.058693476021289825,263.04166661924683,-0.014694901183247566,-0.011113042011857033,267.7388916015625,263.18374633789062,9.2215919494628906,4.0843348503112793,1.3671082258224487,0.086551621556282043
28260,190.61482808336254,1,0.28104263544082642,168.75,9.1420068740844727,0.20829816162586212,1,130.44728088378906,1,34.641361236572266,9.4232492446899414,181.0840866791944,0.22551733255386353,0.013492659665644169,-0.00042542364099062979,1.3223112821578979,-0.088625341653823853,-0.067023053765296936,-0.055261459201574326,-0.041791565716266632,3.6152257919311523,-0.0011041425168514252,-0.06134314090013504,2.0640649795532227,-0.00073500885628163815,-0.030712435021996498,2.3283064365386963e-10,1,0,1,1,-0.060238998383283615,-0.029977427795529366,-0.0056022279895842075,0,0,1,0,0,1,0,0,0,0,0,1,0,0,1,0,1,348.205322265625,-0.0001532435417175293,-0.014111638069152832,-0.013958442956209183,1,4.8144826889038086,-2.8292299248278141e-05,-0.056237481534481049,2.6160984039306641,1.6423175111413002e-05,-0.022959908470511436,-1.4752731658518314e-07,0,0.9518008828163147,-0.05620918795466423,-0.022976335138082504,-0.00077422789763659239,0,0,0,0,1,0,0,0,0,0,0,0,1.1190433502197266,0,347.9825439453125,-5.3241848945617676e-05,-0.011957466602325439,-0.011904340237379074,0.28320088982582092,0,-0.011617633514106274,-0.068684063851833344,-0.04163670539855957,0,-15.185635566711426,0,2.4534862041473389,0.059920836240053177,263.03749995247927,-0.015110084787011147,-0.011427025310695171,267.73867797851562,263.17434692382812,9.2379541397094727,3.9634149074554443,1.0320025682449341,0.096523463726043701
28320,104.24703126362031,1,0.27950111031532288,168.75,9.1532363891601562,0.20717476308345795,1,127.6953125,1,30.025983810424805,9.4651651382446289,99.034679700439298,0.1554381400346756,0.013394435867667198,-0.00042747988482005894,1.3223112821578979,-0.087319932878017426,-0.066035836935043335,-0.055191852152347565,-0.041738927364349365,3.6162190437316895,-0.0012986916117370129,-0.06032991036772728,2.0643880367279053,-0.0007380535826086998,-0.031440146267414093,1.1641532182693481e-10,1,0,1,1,-0.059031218290328979,-0.030702093616127968,-0.0045658629387617111,0,0,1,0,0,1,0,0,0,0,0,1,0,0,1,0,1,348.20098876953125,-0.00014233589172363281,-0.014350414276123047,-0.014207948930561543,1,4.8168439865112305,-0.00052322354167699814,-0.056920647621154785,2.6122810840606689,-2.6669818907976151e-05,-0.025411900132894516,-1.4773104339838028e-07,0,0.95075702667236328,-0.056397415697574615,-0.025385230779647827,-0.00062692526262253523,0,0,0,0,1,0,0,0,0,0,0,0,1.1204372644424438,0,347.97705078125,-0.00010538101196289062,-0.012148857116699219,-0.012043722905218601,0.2826918363571167,0,-0.011598599143326283,-0.068307243287563324,-0.041676528751850128,0,-15.259035110473633,0,1.0708239078521729,0.057673819363117218,263.03333328571171,-0.015183119103312492,-0.011482257395982742,267.73797607421875,263.1973876953125,9.3068485260009766,4.2325749397277832,1.1387342214584351,0.074821919202804565
28380,198.18518486850189,1,0.27508404850959778,168.75,9.1467218399047852,0.20581264793872833,1,124.9681396484375,1,27.496278762817383,9.4586715698242188,188.27592562507678,0.064034812152385712,0.012879034504294395,-0.00041642514406703413,1.3223112821578979,-0.085134044289588928,-0.064382754266262054,-0.05257740244269371,-0.039761744439601898,3.6161150932312012,-0.0012829289771616459,-0.059580355882644653,2.0646429061889648,-0.00071481731720268726,-0.029522433876991272,2.3283064365386963e-10,1,0,1,1,-0.058297418057918549,-0.028807617723941803,-0.005892458837479353,0,0,1,0,0,1,0,0,0,0,0,1,0,0,1,0,1,348.1956787109375,-0.00012296438217163086,-0.013930320739746094,-0.013807095587253571,1,4.8142228126525879,-0.00096454308368265629,-0.055533081293106079,2.610748291015625,-0.00029295298736542463,-0.022871486842632294,-1.4738179743289948e-07,0,0.95373904705047607,-0.054568544030189514,-0.022578533738851547,-0.00072298402665182948,0,0,0,0,1,0,0,0,0,0,0,0,1.1157176494598389,0,347.97039794921875,-0.0001735389232635498,-0.011745169758796692,-0.011571756564080715,0.28175157308578491,0,-0.011548040434718132,-0.067766256630420685,-0.041540950536727905,0,-14.864431381225586,0,0.30878320336341858,0.054857827723026276,263.02916661894415,-0.014790479093790054,-0.011185322888195515,267.73699951171875,263.15164184570312,9.2524166107177734,4.0606670379638672,1.0987861156463623,0.088275067508220673
28440,151.1423951439802,1,0.27556890249252319,168.75,9.1537532806396484,0.20550613105297089,1,125.43867492675781,1,29.069416046142578,9.4223346710205078,143.58527538678118,0.052548732608556747,0.012688032351434231,-0.00041706056799739599,1.3223112821578979,-0.084509044885635376,-0.063910096883773804,-0.054232701659202576,-0.041013564914464951,3.6093337535858154,-0.0014703869819641113,-0.058658570051193237,2.0630002021789551,-0.00074687087908387184,-0.030202634632587433,5.8207660913467407e-10,1,0,1,1,-0.057188183069229126,-0.029455766081809998,-0.004878269974142313,0,0,1,0,0,1,0,0,0,0,0,1,0,0,1,0,1,348.1895751953125,-0.00016504526138305664,-0.013792574405670166,-0.013627450913190842,1,4.8100438117980957,-0.00084148813039064407,-0.053150080144405365,2.6076271533966064,-0.00012667453847825527,-0.022841744124889374,-1.4784745872020721e-07,0,0.95558714866638184,-0.052308589220046997,-0.022715071216225624,-0.00063574191881343722,0,0,0,0,1,0,0,0,0,0,0,0,1.1138176918029785,0,347.96392822265625,-0.00022462010383605957,-0.011606156826019287,-0.011381767690181732,0.2805933952331543,0,-0.011490353383123875,-0.067106097936630249,-0.041345603764057159,0,-14.887112617492676,0,0.24519126117229462,0.053970105946063995,263.02499995217659,-0.014813047833740711,-0.011202391237020493,267.73623657226562,263.15213012695312,9.2575407028198242,4.0537543296813965,1.1768572330474854,0.10243779420852661
28500,182.59210264685814,1,0.27723190188407898,168.75,9.1610612869262695,0.20541547238826752,1,128.34384155273438,1,31.080923080444336,9.48809814453125,173.46249751451523,0.20339488983154297,0.013603790663182735,-0.00041504442924633622,1.3223112821578979,-0.085663624107837677,-0.064783252775669098,-0.054683756083250046,-0.041354678571224213,3.6036539077758789,-0.0011209237854927778,-0.058814145624637604,2.0618605613708496,-0.00054620904847979546,-0.02965955063700676,2.3283064365386963e-10,1,0,1,1,-0.057693220674991608,-0.029113341122865677,-0.005631827749311924,0,0,1,0,0,1,0,0,0,0,0,1,0,0,1,0,1,348.18353271484375,-0.00014671683311462402,-0.013587474822998047,-0.013440782204270363,1,4.809913158416748,-0.00055000570137053728,-0.054495610296726227,2.6066825389862061,-1.8590770196169615e-05,-0.02226368710398674,-1.4831312000751495e-07,0,0.9549107551574707,-0.053945600986480713,-0.022245094180107117,-0.00075800623744726181,0,0,0,0,1,0,0,0,0,0,0,0,1.1129797697067261,0,347.95806884765625,-0.00022453069686889648,-0.011522464454174042,-0.0112979831174016,0.2797406017780304,0,-0.011430768296122551,-0.066586911678314209,-0.041298724710941315,0,-14.815146446228027,0,1.8642183542251587,0.059457454830408096,263.02083328540903,-0.014741439372301102,-0.011148236691951752,267.7354736328125,263.2174072265625,9.2867431640625,3.9856884479522705,1.0771901607513428,0.096606843173503876
28560,188.69119321061387,1,0.27666926383972168,168.75,9.1453857421875,0.20450802147388458,1,127.46692657470703,1,31.511634826660156,9.4105224609375,179.25663355008317,0.11788984388113022,0.01332780160009861,-0.00041536049684509635,1.3223112821578979,-0.085791066288948059,-0.064879626035690308,-0.053711030632257462,-0.040619052946567535,3.6032438278198242,-0.0011461013928055763,-0.059118550270795822,2.060053825378418,-0.00060666771605610847,-0.028951382264494896,6.9849193096160889e-10,1,0,1,1,-0.05797244980931282,-0.028344713151454926,-0.0065644532442092896,0,0,1,0,0,1,0,0,0,0,0,1,0,0,1,0,1,348.17755126953125,-0.0001392364501953125,-0.013711690902709961,-0.013572324067354202,1,4.8142528533935547,-0.0013878961326554418,-0.056346248835325241,2.6073694229125977,-0.00042398230289109051,-0.021572956815361977,-1.4855322660878301e-07,0,0.95499861240386963,-0.054958350956439972,-0.02114897221326828,-0.00088835752103477716,0,0,0,0,1,0,0,0,0,0,0,0,1.1132417917251587,0,347.9527587890625,-0.00033978372812271118,-0.011663883924484253,-0.011324191465973854,0.27917236089706421,0,-0.011378249153494835,-0.066277742385864258,-0.041215956211090088,0,-14.826428413391113,0,0.68555855751037598,0.057144351303577423,263.01666661864147,-0.014752665534615517,-0.011156726628541946,267.73513793945312,263.21121215820312,9.2543697357177734,3.9601325988769531,1.0042910575866699,0.080268204212188721
28620,186.9956432594895,1,0.27928099036216736,168.75,9.1389532089233398,0.20520320534706116,1,128.62254333496094,1,30.449735641479492,9.4634132385253906,177.64586109651501,0.10637777298688889,0.013058913871645927,-0.00042339626816101372,1.3223112821578979,-0.087458275258541107,-0.066140457987785339,-0.054666146636009216,-0.041341360658407211,3.6010830402374268,-0.0015514018014073372,-0.060248427093029022,2.058326244354248,-0.00071183172985911369,-0.028874661773443222,3.4924596548080444e-10,1,0,1,1,-0.058697018772363663,-0.028162829577922821,-0.0070845792070031166,0,0,1,0,0,1,0,0,0,0,0,1,0,0,1,0,1,348.17144775390625,-0.00021684169769287109,-0.013913571834564209,-0.013696590438485146,1,4.814995288848877,-0.0022487426176667213,-0.053617455065250397,2.6065807342529297,-0.00088548660278320312,-0.020331917330622673,-1.4784745872020721e-07,0,0.95820355415344238,-0.05136871337890625,-0.019446432590484619,-0.00084841845091432333,0,0,0,0,1,0,0,0,0,0,0,0,1.1088477373123169,0,347.94692993164062,-0.00045514106750488281,-0.011340081691741943,-0.010884774848818779,0.27874535322189331,0,-0.011350555345416069,-0.066075593233108521,-0.041122529655694962,0,-15.11326789855957,0,0.5914120078086853,0.05603882297873497,263.01249995187391,-0.015038077719509602,-0.01137256994843483,267.73489379882812,263.05126953125,9.3275470733642578,3.8609714508056641,0.96396124362945557,0.074164479970932007
28680,158.81821637597787,1,0.28227618336677551,168.75,9.1554708480834961,0.20304694771766663,1,130.02557373046875,1,28.619987487792969,9.4535894393920898,150.87730555717897,0.071314141154289246,0.012961010448634624,-0.00043244805419817567,1.3223112821578979,-0.089495450258255005,-0.067681074142456055,-0.05560234934091568,-0.042049363255500793,3.5932822227478027,-0.0016592859756201506,-0.061736889183521271,2.0541036128997803,-0.00087999459356069565,-0.029990727081894875,6.9849193096160889e-10,1,0,1,1,-0.060077603906393051,-0.029110731557011604,-0.0070350514724850655,0,0,1,0,0,1,0,0,0,0,0,1,0,0,1,0,1,348.16448974609375,-0.0002135932445526123,-0.014379680156707764,-0.014165920205414295,1,4.8001270294189453,-0.0021192510612308979,-0.050513464957475662,2.5994887351989746,-0.00091341906227171421,-0.020609447732567787,-1.4842953532934189e-07,0,0.95972996950149536,-0.048394210636615753,-0.019696028903126717,-0.00069795927265658975,0,0,0,0,1,0,0,0,0,0,0,0,1.1050629615783691,0,347.93820190429688,-0.00035375356674194336,-0.01085972785949707,-0.010506296530365944,0.27930954098701477,0,-0.011403022333979607,-0.066368751227855682,-0.041306894272565842,0,-15.436374664306641,0,0.3515581488609314,0.055323325097560883,263.00833328510635,-0.015359576791524887,-0.01161570381373167,267.73480224609375,263.18313598632812,9.310455322265625,4.2241249084472656,1.1042183637619019,0.085207805037498474
28740,180.76522664988346,1,0.2782728374004364,181.25,9.1518259048461914,0.13677576184272766,1,128.85638427734375,1,27.523813247680664,9.5464267730712891,171.72696531738927,0.16726064682006836,0.013853526674211025,-0.00041806756053119898,1.3223112821578979,-0.086496531963348389,-0.065413139760494232,-0.054798934608697891,-0.041441779583692551,3.5780413150787354,-0.0019717579707503319,-0.059623409062623978,2.0482096672058105,-0.0012709626462310553,-0.030028818175196648,1.1641532182693481e-10,1,0,1,1,-0.057651650160551071,-0.028757853433489799,-0.0061012795194983482,0,0,1,0,0,1,0,0,0,0,0,1,0,0,1,0,1,348.15673828125,-0.00020998716354370117,-0.013974040746688843,-0.013764010742306709,1,4.7794589996337891,-0.0015709672588855028,-0.047256723046302795,2.5897121429443359,-0.00078695005504414439,-0.020155485719442368,-1.4896795619279146e-07,0,0.96190518140792847,-0.045685756951570511,-0.019368536770343781,-0.00061499880393967032,0,0,0,0,1,0,0,0,0,0,0,0,1.1030795574188232,0,347.928466796875,-0.00016537681221961975,-0.010472994297742844,-0.010307958349585533,0.27945852279663086,0,-0.011413083411753178,-0.066447854042053223,-0.041415933519601822,0,-14.92305850982666,0,1.2258907556533813,0.060194589197635651,263.00416661833879,-0.014848814345896244,-0.01122943963855505,267.73397827148438,263.10922241210938,9.4108448028564453,4.0421848297119141,0.95377743244171143,0.086547762155532837
28800,179.80164379611173,1,0.2795461118221283,181.25,9.1513767242431641,0.136387899518013,1,129.71580505371094,1,30.484891891479492,9.4714317321777344,170.81156160630613,0.043734751641750336,0.012851661071181297,-0.00042102459701709449,1.3223112821578979,-0.087264731526374817,-0.065994091331958771,-0.055341243743896484,-0.04185190424323082,3.559755802154541,-0.0024364646524190903,-0.060008980333805084,2.0450754165649414,-0.0013710698112845421,-0.030975012108683586,2.3283064365386963e-10,1,0,1,1,-0.057572521269321442,-0.029603943228721619,-0.0053824260830879211,0,0,1,0,0,1,0,0,0,0,0,1,0,0,1,0,1,348.14825439453125,-0.00029486417770385742,-0.013795733451843262,-0.0135005172342062,1,4.7577476501464844,-0.0014273906126618385,-0.048390090465545654,2.5812785625457764,-0.0008267425000667572,-0.023073790594935417,-1.4877878129482269e-07,0,0.9606938362121582,-0.046962697058916092,-0.022247049957513809,-0.00046438435674645007,0,0,0,0,1,0,0,0,0,0,0,0,1.1020088195800781,0,347.9190673828125,-0.00011545419692993164,-0.010316133499145508,-0.010200880467891693,0.27917024493217468,0,-0.01137879490852356,-0.066225148737430573,-0.041474513709545135,0,-15.028609275817871,0,0.19928634166717529,0.054774489253759384,262.99999995157123,-0.014953840523958206,-0.011308865621685982,267.73345947265625,263.14666748046875,9.2863311767578125,3.9129974842071533,0.94460487365722656,0.084205545485019684
28860,173.56270146575571,1,0.28745830059051514,181.25,9.1525754928588867,0.1342671811580658,1,136.80264282226562,1,34.370513916015625,9.4360475540161133,164.88456639246792,0.07688257098197937,0.012578359805047512,-0.00043408028432168067,1.3223112821578979,-0.092425607144832611,-0.069897010922431946,-0.058279316872358322,-0.044073823839426041,3.5486927032470703,-0.0015464541502296925,-0.062830299139022827,2.051544189453125,-0.00094244652427732944,-0.031986810266971588,-2.3283064365386963e-10,1,0,1,1,-0.061283841729164124,-0.031044367700815201,-0.0061967838555574417,0,0,1,0,0,1,0,0,0,0,0,1,0,0,1,0,1,348.14083862304688,-0.00023925304412841797,-0.013869345188140869,-0.013629883527755737,1,4.7351140975952148,-0.00058304797857999802,-0.053070865571498871,2.5806610584259033,-0.00056120054796338081,-0.02790243923664093,-1.4831312000751495e-07,0,0.95406568050384521,-0.052487827837467194,-0.027341237291693687,-0.00036802390241064131,0,0,0,0,1,0,0,0,0,0,0,0,1.1109349727630615,0,347.91073608398438,-0.00014734268188476562,-0.011240839958190918,-0.011093501001596451,0.27993875741958618,0,-0.011391193605959415,-0.06651073694229126,-0.041716862469911575,0.0009765625,-15.494638442993164,0,0.38571035861968994,0.053737074136734009,262.99583328480367,-0.015417550690472126,-0.011659546755254269,267.73300170898438,262.92449951171875,9.3363723754882812,3.8621318340301514,1.2602618932723999,0.088671289384365082
28920,184.71045538564442,1,0.28920799493789673,181.25,9.1626987457275391,0.13392327725887299,1,136.1580810546875,1,36.80291748046875,9.4886093139648438,175.4749326163622,0.077053822576999664,0.012256537564098835,-0.00044414770673029125,1.3223112821578979,-0.093053117394447327,-0.070371568202972412,-0.059778161346912384,-0.045207329094409943,3.545025110244751,-0.0014478358207270503,-0.063648335635662079,2.0644125938415527,-0.00080530549166724086,-0.033317644149065018,-3.4924596548080444e-10,1,0,1,1,-0.062200494110584259,-0.032512340694665909,-0.0056382962502539158,0,0,1,0,0,1,0,0,0,0,0,1,0,0,1,0,1,348.13504028320312,-0.0001675337553024292,-0.014366284012794495,-0.014198603108525276,1,4.717747688293457,-0.00028443837072700262,-0.054206773638725281,2.5870499610900879,-0.00022983894450590014,-0.031031809747219086,-1.4819670468568802e-07,0,0.95069259405136108,-0.053922336548566818,-0.030801968649029732,-0.00020566242164932191,0,0,0,0,1,0,0,0,0,0,0,0,1.1175386905670166,0,347.90359497070312,-0.00011986494064331055,-0.011873655021190643,-0.0117538683116436,0.2815508246421814,0,-0.011458184570074081,-0.067240111529827118,-0.042273044586181641,0,-15.853997230529785,0,0.38678145408630371,0.052188027650117874,262.99166661803611,-0.015775121748447418,-0.011929960921406746,267.73220825195312,263.06729125976562,9.3289146423339844,4.0437002182006836,1.469510555267334,0.094821587204933167
28980,182.52044496206045,1,0.28788658976554871,181.25,9.1588602066040039,0.13317583501338959,1,134.901611328125,1,37.364761352539062,9.5095033645629883,173.39442271395743,0.12282569706439972,0.01256564911454916,-0.00044216783135198057,1.3223112821578979,-0.091707713901996613,-0.0693541020154953,-0.059999793767929077,-0.045374937355518341,3.5414953231811523,-0.0012323888950049877,-0.063066519796848297,2.0813336372375488,-0.00070193130522966385,-0.033666476607322693,-5.8207660913467407e-10,1,0,1,1,-0.061834130436182022,-0.032964549958705902,-0.0052377060055732727,0,0,1,0,0,1,0,0,0,0,0,1,0,0,1,0,1,348.1295166015625,-0.00018310546875,-0.014387607574462891,-0.014204449020326138,1,4.7070736885070801,-0.00056356564164161682,-0.055203944444656372,2.6006348133087158,-0.00040650821756571531,-0.033004924654960632,-1.4842953532934189e-07,0,0.94896674156188965,-0.054640382528305054,-0.03259841725230217,-0.00014248146908357739,0,0,0,0,1,0,0,0,0,0,0,0,1.1163989305496216,0,347.89569091796875,-0.00011356920003890991,-0.011753283441066742,-0.011639887467026711,0.28282010555267334,0,-0.011545779183506966,-0.067682832479476929,-0.042825832962989807,0,-15.7833251953125,0,0.72883731126785278,0.05411568284034729,262.98749995126855,-0.015704801306128502,-0.011876780539751053,267.73220825195312,263.09652709960938,9.3501491546630859,4.0804996490478516,1.2593772411346436,0.099059797823429108
29040,192.29157533145485,1,0.28207379579544067,181.25,9.1484689712524414,0.13326355814933777,1,130.27432250976562,1,37.216720581054688,9.574915885925293,182.6769965648821,0.11374486982822418,0.013145701959729195,-0.00043069457751698792,1.3223112821578979,-0.087192997336387634,-0.065939843654632568,-0.058878138661384583,-0.044526685029268265,3.5415511131286621,-0.0014671427197754383,-0.060909688472747803,2.0987257957458496,-0.00068981526419520378,-0.033042822033166885,0,1,0,1,1,-0.059442553669214249,-0.032353010028600693,-0.0046776821836829185,0,0,1,0,0,1,0,0,0,0,0,1,0,0,1,0,1,348.1243896484375,-0.00019538402557373047,-0.014530301094055176,-0.01433442160487175,1,4.7058629989624023,-0.00052101397886872292,-0.055149078369140625,2.6135749816894531,-0.00013288040645420551,-0.033643871545791626,-1.4749821275472641e-07,0,0.94855862855911255,-0.054628066718578339,-0.03351099044084549,-9.0479305072221905e-05,0,0,0,0,1,0,0,0,0,0,0,0,1.1220842599868774,0,347.8885498046875,-4.8607587814331055e-05,-0.012256771326065063,-0.012208424508571625,0.28315556049346924,0,-0.011577393859624863,-0.06768462061882019,-0.043172337114810944,0,-15.373784065246582,0,0.65061062574386597,0.056593857705593109,262.98333328450099,-0.015297297388315201,-0.011568604968488216,267.73199462890625,263.18185424804688,9.3542346954345703,4.1530089378356934,1.0627634525299072,0.11020559072494507
29100,212.17915625098189,1,0.27725979685783386,181.25,9.1433019638061523,0.13329020142555237,1,129.59953308105469,1,38.872066497802734,9.4917917251586914,201.57019843843278,0.35917443037033081,0.012979715131223202,-0.00041114713530987501,1.3223112821578979,-0.084761247038841248,-0.064100824296474457,-0.056109350174665451,-0.042432785034179688,3.5426931381225586,-0.0013463713694363832,-0.059576258063316345,2.1106071472167969,-0.0006153773283585906,-0.031322482973337173,-2.6193447411060333e-10,1,0.00053200096590444446,0.9990234375,0.9990234375,-0.058229885995388031,-0.030707105994224548,-0.005658226553350687,0.0007529938593506813,0,0.9990234375,0,0,1,0,0,0,0,0,1,0,0,1,0,1,348.11883544921875,-0.00017909705638885498,-0.013634011149406433,-0.013454679399728775,1,4.7134590148925781,-0.00056124245747923851,-0.055060356855392456,2.6242570877075195,2.0451843738555908e-06,-0.032009530812501907,-1.4656689018011093e-07,0,0.94973659515380859,-0.054499115794897079,-0.032011575996875763,-0.00020388991106301546,0,0,0,0,1,0,0,0,0,0,0,0,1.114842414855957,0,347.8822021484375,-0.00012165307998657227,-0.011605501174926758,-0.011484246701002121,0.2823813259601593,0,-0.011527925729751587,-0.067149758338928223,-0.043192144483327866,0,-14.676031112670898,0.0009765625,10,0.06377100944519043,262.97916661773343,-0.014603015966713428,-0.011043554171919823,267.73135375976562,263.17181396484375,9.3070907592773438,4.0773067474365234,1.1865661144256592,0.093351103365421295
29160,216.85378624220451,1,0.27333199977874756,181.25,9.1252975463867188,0.1324651688337326,1,127.76785278320312,1,37.946060180664062,9.4983634948730469,206.01109693009428,0.045721206814050674,0.012294854037463665,-0.00039956718683242798,1.3223112821578979,-0.081889152526855469,-0.061928801238536835,-0.055260360240936279,-0.041790734976530075,3.5427541732788086,-0.0011789451818913221,-0.057601526379585266,2.1200492382049561,-0.00065878848545253277,-0.031555399298667908,-5.8207660913467407e-11,1,0,1,1,-0.056422583758831024,-0.030896609649062157,-0.0047273589298129082,0,0,1,0,0,1,0,0,0,0,0,1,0,0,1,0,1,348.11212158203125,-0.00019045174121856689,-0.013079464435577393,-0.012888633646070957,1,4.7163934707641602,-0.00010476354509592056,-0.053505789488554001,2.6317658424377441,0.0001756597775965929,-0.031914703547954559,-1.4714896678924561e-07,0,0.95086038112640381,-0.053401023149490356,-0.032090365886688232,-0.00017542071873322129,0,0,0,0,1,0,0,0,0,0,0,0,1.109892725944519,0,347.87713623046875,-0.00010287761688232422,-0.01109197735786438,-0.010989271104335785,0.28105443716049194,0,-0.011404132470488548,-0.066405773162841797,-0.042967561632394791,0,-14.26268196105957,0,0.20942908525466919,0.05222770944237709,262.97499995096587,-0.014191723428666592,-0.010732512921094894,267.73117065429688,263.14739990234375,9.2880706787109375,4.5831103324890137,1.1424107551574707,0.092048324644565582
29220,256.34626185985445,1,0.27071297168731689,181.25,9.1201200485229492,0.13337038457393646,1,126.5546875,1,38.260837554931641,9.5578651428222656,243.52894876686173,0.08599371463060379,0.012816902250051498,-0.00039191238465718925,1.3223112821578979,-0.080654338002204895,-0.060994971543550491,-0.053718719631433487,-0.040624868124723434,3.5404391288757324,-0.00078307150397449732,-0.056436307728290558,2.1242589950561523,-0.00043439900036901236,-0.030118601396679878,-6.4028427004814148e-10,1,0,1,1,-0.05565323680639267,-0.029684204608201981,-0.0054519632831215858,0,0,1,0,0,1,0,0,0,0,0,1,0,0,1,0,1,348.10467529296875,-0.00014095008373260498,-0.012956082820892334,-0.012814942747354507,1,4.7216558456420898,-0.00030073267407715321,-0.053970225155353546,2.6304082870483398,-0.00011203798931092024,-0.029799021780490875,-1.4749821275472641e-07,0,0.95201921463012695,-0.053669489920139313,-0.029686985537409782,-0.00034187579876743257,0,0,0,0,1,0,0,0,0,0,0,0,1.1073417663574219,0,347.8731689453125,-0.00027655065059661865,-0.011010661721229553,-0.010734185576438904,0.27939644455909729,0,-0.011262616142630577,-0.065505579113960266,-0.042626820504665375,0,-13.98944091796875,0,0.44452115893363953,0.054593373090028763,262.97083328419831,-0.01391984149813652,-0.010526902042329311,267.73123168945312,263.07940673828125,9.3529558181762695,4.3089971542358398,1.3173991441726685,0.10406726598739624
29280,268.7989376580295,1,0.26468849182128906,181.25,9.1110048294067383,0.13355705142021179,1,121.89366149902344,1,36.040294647216797,9.5697507858276367,255.35899077512801,0.10920781642198563,0.013271600008010864,-0.00038033301825635135,1.3223112821578979,-0.077811963856220245,-0.058845419436693192,-0.050275996327400208,-0.038021299988031387,3.5377655029296875,-0.00084091303870081902,-0.054586406797170639,2.1223468780517578,-0.00045186863280832767,-0.027673769742250443,-3.4924596548080444e-10,1,0,1,1,-0.053745497018098831,-0.027221903204917908,-0.0064972415566444397,0,0,1,0,0,1,0,0,0,0,0,1,0,0,1,0,1,348.0986328125,-0.0001443326473236084,-0.012692421674728394,-0.012547975406050682,1,4.7315969467163086,-0.0013348567299544811,-0.051418650895357132,2.6270608901977539,-0.00070152850821614265,-0.027561444789171219,-1.4761462807655334e-07,0,0.95618510246276855,-0.050083793699741364,-0.026859916746616364,-0.00035995803773403168,0,0,0,0,1,0,0,0,0,0,0,0,1.1089087724685669,0,347.8699951171875,-0.0004437565803527832,-0.011334538459777832,-0.01089087687432766,0.27719730138778687,0,-0.011097230948507786,-0.064459547400474548,-0.042033765465021133,0,-13.576112747192383,0,0.61372864246368408,0.05679001659154892,262.96666661743075,-0.013508569449186325,-0.010215876623988152,267.73089599609375,263.09332275390625,9.3780975341796875,4.4492273330688477,1.0861232280731201,0.090442433953285217
29340,253.23512209231464,1,0.26232904195785522,181.25,9.1073617935180664,0.13372246921062469,1,121.92048645019531,1,34.224895477294922,9.6090536117553711,240.57336598769891,0.092829830944538116,0.014228908345103264,-0.00037017103750258684,1.3223112821578979,-0.076911076903343201,-0.058164123445749283,-0.04863247275352478,-0.036778382956981659,3.5319309234619141,-0.00082373409532010555,-0.052991200238466263,2.1149983406066895,-0.00028528249822556973,-0.026034519076347351,1.7462298274040222e-10,1,0,1,1,-0.052167467772960663,-0.025749238207936287,-0.0067784753628075123,0,0,1,0,0,1,0,0,0,0,0,1,0,0,1,0,1,348.092529296875,-0.00012683868408203125,-0.012346446514129639,-0.012219314463436604,1,4.7390646934509277,-0.0011568432673811913,-0.050073880702257156,2.625842809677124,-0.00057792174629867077,-0.025015512481331825,-1.4784745872020721e-07,0,0.95867061614990234,-0.048917040228843689,-0.024437591433525085,-0.00045708904508501291,0,0,0,0,1,0,0,0,0,0,0,0,1.1058839559555054,0,347.86666870117188,-0.000278472900390625,-0.010866940021514893,-0.010588401928544044,0.27458122372627258,0,-0.010904788970947266,-0.063319332897663116,-0.041105929762125015,0,-13.213375091552734,0,0.49126175045967102,0.061111785471439362,262.96249995066319,-0.013147637248039246,-0.0099429218098521233,267.73101806640625,263.01937866210938,9.4797048568725586,4.5580911636352539,1.0040042400360107,0.085524767637252808
29400,155.3593554902483,1,0.27253046631813049,181.25,9.1225910186767578,0.13355304300785065,1,128.11474609375,1,35.694511413574219,9.5962934494018555,147.59138771573589,0.089229904115200043,0.013615482486784458,-0.00039498996920883656,1.3223112821578979,-0.082061953842639923,-0.06205948069691658,-0.053957398980855942,-0.04080536961555481,3.5309345722198486,-0.0018304223194718361,-0.055421244353055954,2.1081640720367432,-0.00077136512845754623,-0.029155507683753967,0,1,0,1,1,-0.053590819239616394,-0.028384143486618996,-0.0052896095439791679,0,0,1,0,0,1,0,0,0,0,0,1,0,0,1,0,1,348.08633422851562,-0.00023627281188964844,-0.012777090072631836,-0.012540620751678944,1,4.7470097541809082,-0.001763287466019392,-0.052476108074188232,2.6223325729370117,-0.0010340341832488775,-0.024790599942207336,-1.4749821275472641e-07,0,0.95858281850814819,-0.050712823867797852,-0.023756563663482666,-0.00058335077483206987,0,0,0,0,1,0,0,0,0,0,0,0,1.1061649322509766,0,347.86279296875,-0.00030142068862915039,-0.01091805100440979,-0.010616501793265343,0.2734319269657135,0,-0.01079248171299696,-0.062817104160785675,-0.04072493314743042,0,-14.099296569824219,0,0.46635380387306213,0.058548793196678162,262.95833328389563,-0.014029150828719139,-0.010609567165374756,267.73095703125,263.02197265625,9.3721675872802734,4.1342668533325195,1.5331951379776001,0.097320958971977234
29460,170.28022584130261,1,0.27192100882530212,181.25,9.1355323791503906,0.13198366761207581,1,125.0462646484375,1,36.358837127685547,9.5421772003173828,161.76621454923747,0.11554449796676636,0.013776522129774094,-0.00040197366615757346,1.3223112821578979,-0.081546783447265625,-0.061669882386922836,-0.053941566497087479,-0.040793396532535553,3.5318255424499512,-0.0018959103617817163,-0.055515863001346588,2.1032614707946777,-0.00089478644076734781,-0.02921794168651104,6.9849193096160889e-10,1,0,1,1,-0.053619951009750366,-0.028323156759142876,-0.0054418654181063175,0,0,1,0,0,1,0,0,0,0,0,1,0,0,1,0,1,348.08111572265625,-0.00031587481498718262,-0.013232946395874023,-0.012916993349790573,1,4.7548685073852539,-0.0019968808628618717,-0.052319735288619995,2.6132090091705322,-0.0013462500646710396,-0.026104364544153214,-1.4773104339838028e-07,0,0.95868945121765137,-0.050322860479354858,-0.02475811168551445,-0.00053254928207024932,0,0,0,0,1,0,0,0,0,0,0,0,1.110857367515564,0,347.85845947265625,-0.00032144784927368164,-0.011407464742660522,-0.011085735633969307,0.27310851216316223,0,-0.01078083086758852,-0.062640570104122162,-0.040757246315479279,0,-14.348581314086914,0,0.66563266515731812,0.059378251433372498,262.95416661712807,-0.014277195557951927,-0.010797151364386082,267.73013305664062,263.0286865234375,9.3093910217285156,4.4174909591674805,1.2676537036895752,0.089482694864273071
29520,199.97999598383291,1,0.28283074498176575,181.25,9.1398983001708984,0.13110770285129547,1,130.03849792480469,1,40.902320861816406,9.5170993804931641,189.98099618464124,0.34628528356552124,0.01421063207089901,-0.00043495855061337352,1.3223112821578979,-0.088058218359947205,-0.066594168543815613,-0.058602921664714813,-0.044318553060293198,3.5327000617980957,-0.0023806311655789614,-0.058945972472429276,2.1021215915679932,-0.00091242417693138123,-0.031571362167596817,7.2759576141834259e-10,1,0,1,1,-0.056565344333648682,-0.030658937990665436,-0.0051456359215080738,0,0,1,0,0,1,0,0,0,0,0,1,0,0,1,0,1,348.07586669921875,-0.00039345771074295044,-0.01416420191526413,-0.013770774006843567,1,4.7682533264160156,-0.0020262463949620724,-0.053987517952919006,2.6098287105560303,-0.00095500936731696129,-0.026752494275569916,-1.4774559531360865e-07,0,0.95673221349716187,-0.051961272954940796,-0.025797482579946518,-0.00053621147526428103,0,0,0,0,1,0,0,0,0,0,0,0,1.1109693050384521,0,347.85415649414062,-0.00033338367938995361,-0.011430896818637848,-0.011096934787929058,0.27361103892326355,0,-0.010855576023459435,-0.062823347747325897,-0.041050344705581665,0,-15.52598762512207,0.0009765625,10,0.071002468466758728,262.94999995036051,-0.015448743477463722,-0.011683137156069279,267.72915649414062,262.96676635742188,9.3907051086425781,4.8012485504150391,1.5278306007385254,0.10838489234447479
29580,180.719865513906,1,0.28814968466758728,181.25,9.1388826370239258,0.12931306660175323,1,133.85383605957031,1,40.502048492431641,9.5000076293945312,171.68387223821068,0.22369083762168884,0.013995855115354061,-0.00044685191824100912,1.3223112821578979,-0.092217124998569489,-0.069739349186420441,-0.059583958238363266,-0.04506046324968338,3.5419225692749023,-0.0022532367147505283,-0.062583670020103455,2.1011097431182861,-0.0009153812425211072,-0.031560167670249939,1.1641532182693481e-09,1,0,1,1,-0.060330439358949661,-0.030644787475466728,-0.0072785904631018639,0,0,1,0,0,1,0,0,0,0,0,1,0,0,1,0,1,348.07177734375,-0.00036188215017318726,-0.01473197340965271,-0.014370055869221687,1,4.7786064147949219,-0.0021543749608099461,-0.057685021311044693,2.6010031700134277,-0.0010705115273594856,-0.024865252897143364,-1.4825491234660149e-07,0,0.95449322462081909,-0.055530644953250885,-0.023794738575816154,-0.00081423210212960839,0,0,0,0,1,0,0,0,0,0,0,0,1.1142399311065674,0,347.848388671875,-0.00027325749397277832,-0.011697858572006226,-0.0114239901304245,0.2759966254234314,0,-0.011053107678890228,-0.063889250159263611,-0.041791759431362152,0,-15.950525283813477,0,2.396312952041626,0.062634296715259552,262.94583328359295,-0.015871169045567513,-0.012002596631646156,267.7286376953125,263.10458374023438,9.3131742477416992,4.1280069351196289,1.5101735591888428,0.11297070235013962
29640,208.92802396680673,1,0.29059353470802307,181.25,9.1415090560913086,0.12840385735034943,1,134.63111877441406,1,38.007614135742188,9.4761171340942383,198.48162276846639,0.06825612485408783,0.012475965544581413,-0.00045567203778773546,1.3223112821578979,-0.093540914356708527,-0.070740461349487305,-0.060979600995779037,-0.046115919947624207,3.5532627105712891,-0.001918604364618659,-0.063966922461986542,2.0970849990844727,-0.00080703647108748555,-0.033099837601184845,4.0745362639427185e-10,1,0,1,1,-0.062048323452472687,-0.032292798161506653,-0.0067697968333959579,0,0,1,0,0,1,0,0,0,0,0,1,0,0,1,0,1,348.0682373046875,-0.00029002130031585693,-0.014896169304847717,-0.014605960808694363,1,4.7790155410766602,-0.00266299769282341,-0.056573688983917236,2.5878872871398926,-0.0014873181935399771,-0.026912394911050797,-1.4778925105929375e-07,0,0.95420283079147339,-0.053910695016384125,-0.025425076484680176,-0.0006336114602163434,0,0,0,0,1,0,0,0,0,0,0,0,1.1131045818328857,0,347.84170532226562,-0.00032186508178710938,-0.011632844805717468,-0.011310456320643425,0.27859911322593689,0,-0.011267009191215038,-0.065135098993778229,-0.042451933026313782,0,-16.265361785888672,0,0.33333948254585266,0.053207322955131531,262.94166661682539,-0.01618443988263607,-0.012239508330821991,267.72760009765625,263.14874267578125,9.3452835083007812,4.0273656845092773,1.0954053401947021,0.10089096426963806
29700,166.99039016562307,1,0.29009521007537842,181.25,9.1545038223266602,0.12660565972328186,1,135.74455261230469,1,38.122478485107422,9.5057964324951172,158.64087065734191,0.056448593735694885,0.01223460678011179,-0.00044961337698623538,1.3223112821578979,-0.093076273798942566,-0.070389077067375183,-0.060991134494543076,-0.046124640852212906,3.5610725879669189,-0.0010274492669850588,-0.064404420554637909,2.0935616493225098,-0.00051240762695670128,-0.033540293574333191,9.3132257461547852e-10,1,0,1,1,-0.063376978039741516,-0.033027887344360352,-0.0070272255688905716,0,0,1,0,0,1,0,0,0,0,0,1,0,0,1,0,1,348.0635986328125,-0.00018146634101867676,-0.01472809910774231,-0.014546508900821209,1,4.7757425308227539,-0.0020882571116089821,-0.058465126901865005,2.5747103691101074,-0.0012719058431684971,-0.025699708610773087,-1.4656689018011093e-07,0,0.95237940549850464,-0.056376870721578598,-0.024427799507975578,-0.00078914506593719125,0,0,0,0,1,0,0,0,0,0,0,0,1.1175363063812256,0,347.83499145507812,-0.00024065375328063965,-0.011994838714599609,-0.011753629893064499,0.28055521845817566,0,-0.011414466425776482,-0.06596856564283371,-0.043120361864566803,0,-16.049097061157227,0,0.2662789523601532,0.052053932100534439,262.93749995005783,-0.015969250351190567,-0.012076770886778831,267.7269287109375,263.142822265625,9.3331460952758789,4.0183181762695312,1.3168509006500244,0.10520201921463013
29760,182.65875601404304,1,0.28963357210159302,181.25,9.1563520431518555,0.12577655911445618,1,135.45841979980469,1,41.267658233642578,9.5385761260986328,173.52581821334087,0.041461244225502014,0.011786224320530891,-0.00044841557973995805,1.3223112821578979,-0.094117037951946259,-0.071176156401634216,-0.058706555515527725,-0.044396925717592239,3.5778577327728271,-0.0009859008714556694,-0.065597973763942719,2.0911858081817627,-0.00041999202221632004,-0.032103352248668671,6.9849193096160889e-10,1,0,1,1,-0.064612075686454773,-0.031683359295129776,-0.008585839532315731,0,0,1,0,0,1,0,0,0,0,0,1,0,0,1,0,1,348.060302734375,-0.00011855363845825195,-0.014508187770843506,-0.014389138668775558,1,4.7821598052978516,-0.0011987593024969101,-0.062902085483074188,2.5722455978393555,-0.0010059252381324768,-0.026640068739652634,-1.4598481357097626e-07,0,0.94726693630218506,-0.061703324317932129,-0.025634145364165306,-0.00093471526633948088,0,0,0,0,1,0,0,0,0,0,0,0,1.1242605447769165,0,347.83111572265625,-0.000148773193359375,-0.012575328350067139,-0.012426048517227173,0.28233548998832703,0,-0.011541182175278664,-0.066925488412380219,-0.043484058231115341,0,-16.006341934204102,0,0.18781639635562897,0.050026297569274902,262.93333328329027,-0.015926707535982132,-0.012044597417116165,267.72695922851562,263.08352661132812,9.3822546005249023,4.1784305572509766,1.1599342823028564,0.10885713994503021
29820,195.54468476683408,1,0.28413838148117065,181.25,9.155888557434082,0.12464912980794907,1,133.46578979492188,1,41.384136199951172,9.5136547088623047,185.76745052849236,0.047321625053882599,0.012186958454549313,-0.00042969442438334227,1.3223112821578979,-0.090490683913230896,-0.068433724343776703,-0.056642230600118637,-0.042835775762796402,3.5983104705810547,-0.00088176876306533813,-0.063504233956336975,2.0946547985076904,-0.00043439981527626514,-0.030847761780023575,9.3132257461547852e-10,1,0,1,1,-0.062622472643852234,-0.030413363128900528,-0.008372901938855648,0,0,1,0,0,1,0,0,0,0,0,1,0,0,1,0,1,348.05731201171875,-0.00012278556823730469,-0.014049053192138672,-0.013926016166806221,1,4.798060417175293,-0.00092162191867828369,-0.063749954104423523,2.582481861114502,-0.00096830446273088455,-0.027414038777351379,-1.4668330550193787e-07,0,0.94589054584503174,-0.062828347086906433,-0.026445735245943069,-0.00091297784820199013,0,0,0,0,1,0,0,0,0,0,0,0,1.1240030527114868,0,347.8294677734375,-0.00016069412231445312,-0.012561559677124023,-0.012400301173329353,0.2830846905708313,0,-0.011582881212234497,-0.06742367148399353,-0.043506059795618057,0,-15.33808422088623,0,0.21768483519554138,0.051795568317174911,262.92916661652271,-0.015261774882674217,-0.011541740968823433,267.7264404296875,263.13037109375,9.3622884750366211,4.0823397636413574,1.0285927057266235,0.085683435201644897
29880,224.91669180390392,1,0.28035429120063782,181.25,9.1444416046142578,0.12650498747825623,1,130.73832702636719,1,37.699077606201172,9.6655340194702148,213.6708572137087,0.050824858248233795,0.012846886180341244,-0.00042136519914492965,1.3223112821578979,-0.087578549981117249,-0.066231414675712585,-0.055962521582841873,-0.042321745306253433,3.6097955703735352,-0.0011718734167516232,-0.06072504073381424,2.0964875221252441,-0.0006486247293651104,-0.030858080834150314,6.9849193096160889e-10,1,0,1,1,-0.059553168714046478,-0.030209455639123917,-0.006719883531332016,0,0,1,0,0,1,0,0,0,0,0,1,0,0,1,0,1,348.052734375,-0.00018388032913208008,-0.013844490051269531,-0.013660443015396595,1,4.8136301040649414,-0.00059955008327960968,-0.058198139071464539,2.5902254581451416,-0.00064905593171715736,-0.026603151112794876,-1.4633405953645706e-07,0,0.94977527856826782,-0.057598590850830078,-0.025954091921448708,-0.00071117584593594074,0,0,0,0,1,0,0,0,0,0,0,0,1.1153273582458496,0,347.8275146484375,-0.00020527839660644531,-0.011738240718841553,-0.01153273694217205,0.28284186124801636,0,-0.011552123352885246,-0.06739528477191925,-0.043332353234291077,0,-15.040768623352051,0,0.23602603375911713,0.054764576256275177,262.92499994975515,-0.014965939335525036,-0.011318014934659004,267.7275390625,263.0736083984375,9.4777812957763672,4.5546808242797852,0.93326956033706665,0.082139521837234497
29940,247.80224375695329,1,0.28118571639060974,181.25,9.12255859375,0.12815643846988678,1,131.36302185058594,1,36.597225189208984,9.7480545043945312,235.41213156910561,0.28278923034667969,0.013480208814144135,-0.00042310351273044944,1.3223112821578979,-0.088062286376953125,-0.066597245633602142,-0.056351952254772186,-0.042616251856088638,3.6109256744384766,-0.0014145630411803722,-0.060724895447492599,2.0946974754333496,-0.00077892467379570007,-0.030542904511094093,2.3283064365386963e-10,1,0,1,1,-0.059310339391231537,-0.029763977974653244,-0.0069006206467747688,0,0,1,0,0,1,0,0,0,0,0,1,0,0,1,0,1,348.04690551757812,-0.000209808349609375,-0.013916969299316406,-0.013707179576158524,1,4.8172736167907715,-0.00063860882073640823,-0.056441739201545715,2.5922622680664062,-0.00046673929318785667,-0.024245763197541237,-1.4691613614559174e-07,0,0.95265102386474609,-0.055803131312131882,-0.023779021576046944,-0.0007756546838209033,0,0,0,0,1,0,0,0,0,0,0,0,1.1149277687072754,0,347.822998046875,-0.00015318393707275391,-0.011645972728729248,-0.011492781341075897,0.28234168887138367,0,-0.011517686769366264,-0.067230485379695892,-0.043142005801200867,0,-15.102817535400391,0,6.1339058876037598,0.062978953123092651,262.92083328298759,-0.01502767950296402,-0.011364706791937351,267.7283935546875,263.03244018554688,9.5936851501464844,4.272313117980957,1.052223801612854,0.085136108100414276
30000,156.90530367155498,1,0.2856120765209198,168.75,9.1364355087280273,0.19848966598510742,1,133.79052734375,1,38.144924163818359,9.5804100036621094,149.06003848797721,0.13218259811401367,0.012659247033298016,-0.00043535578879527748,1.3223112821578979,-0.091710746288299561,-0.069356396794319153,-0.056783229112625122,-0.042942408472299576,3.6116721630096436,-0.0010765977203845978,-0.063131526112556458,2.0879392623901367,-0.00070812739431858063,-0.0299995057284832,1.1641532182693481e-10,1,0,1,1,-0.06205492839217186,-0.029291378334164619,-0.0087514594197273254,0,0,1,0,0,1,0,0,0,0,0,1,0,0,1,0,1,348.04147338867188,-0.0002079010009765625,-0.014119505882263184,-0.013911517336964607,1,4.8179202079772949,-0.00052149873226881027,-0.057859830558300018,2.5867378711700439,-0.00054198363795876503,-0.02218933030962944,-1.4668330550193787e-07,0,0.95268344879150391,-0.05733833834528923,-0.021647347137331963,-0.00097761268261820078,0,0,0,0,1,0,0,0,0,0,0,0,1.1166157722473145,0,347.81817626953125,-7.9929828643798828e-05,-0.011741578578948975,-0.011661576107144356,0.28251147270202637,0,-0.011509486474096775,-0.067343100905418396,-0.043128944933414459,0,-15.540166854858398,0,0.81629723310470581,0.054361250251531601,262.91666661622003,-0.015462853014469147,-0.011693807318806648,267.7291259765625,262.91973876953125,9.4560718536376953,4.3013033866882324,1.1343619823455811,0.10225652903318405
30060,186.45580069874032,1,0.28782978653907776,168.75,9.1451854705810547,0.19614934921264648,1,132.93540954589844,1,36.823322296142578,9.5366306304931641,177.1330106638033,0.10062099993228912,0.012474861927330494,-0.00044844223884865642,1.3223112821578979,-0.094013437628746033,-0.071097813546657562,-0.05623413622379303,-0.042527154088020325,3.6186294555664062,-0.00076234713196754456,-0.065443515777587891,2.0804998874664307,-0.00060367537662386894,-0.029798189178109169,2.3283064365386963e-10,1,0,1,1,-0.064681157469749451,-0.029194511473178864,-0.0098291076719760895,0,0,1,0,0,1,0,0,0,0,0,1,0,0,1,0,1,348.03778076171875,-0.00016188621520996094,-0.014846622943878174,-0.014684500172734261,1,4.8146486282348633,-0.00020012352615594864,-0.06291072815656662,2.5807857513427734,-0.00063032889738678932,-0.021770425140857697,-1.4691613614559174e-07,0,0.94846963882446289,-0.062710613012313843,-0.021140098571777344,-0.0012233357410877943,0,0,0,0,1,0,0,0,0,0,0,0,1.131560206413269,0,347.81423950195312,7.152557373046875e-07,-0.013155221939086914,-0.01315602008253336,0.28329035639762878,0,-0.011577656492590904,-0.067880585789680481,-0.043025024235248566,0,-16.007291793823242,0,0.54755610227584839,0.053237885236740112,262.91249994945247,-0.015927653759717941,-0.012045313604176044,267.72909545898438,263.10568237304688,9.4062271118164062,4.2176036834716797,1.5091819763183594,0.12112651765346527
30120,191.68283727881078,1,0.28356859087944031,168.75,9.1415033340454102,0.19438201189041138,1,127.71482849121094,1,36.483364105224609,9.5420770645141602,182.09869541487024,0.060019645839929581,0.013021747581660748,-0.00044634746154770255,1.3223112821578979,-0.091201536357402802,-0.068971306085586548,-0.054663017392158508,-0.041338995099067688,3.6302704811096191,-0.00093565741553902626,-0.064513459801673889,2.0697274208068848,-0.00077335000969469547,-0.028915433213114738,1.0477378964424133e-09,1,0,1,1,-0.063577808439731598,-0.028142081573605537,-0.0097980834543704987,0,0,1,0,0,1,0,0,0,0,0,1,0,0,1,0,1,348.036376953125,-0.000164031982421875,-0.015152096748352051,-0.014987827278673649,1,4.8161563873291016,-5.1232054829597473e-05,-0.062151558697223663,2.5704193115234375,-0.00093036331236362457,-0.021459119394421577,-1.4621764421463013e-07,0,0.94886183738708496,-0.062100328505039215,-0.020528756082057953,-0.0012269159778952599,0,0,0,0,1,0,0,0,0,0,0,0,1.134235143661499,0,347.81304931640625,-3.4451484680175781e-05,-0.013458013534545898,-0.013423513621091843,0.28385409712791443,0,-0.011674834415316582,-0.068371668457984924,-0.04285527765750885,0,-15.93251895904541,0,0.28603526949882507,0.055535372346639633,262.90833328268491,-0.01585325226187706,-0.011989046819508076,267.727783203125,263.03689575195312,9.3962211608886719,4.2044510841369629,1.3675256967544556,0.097582757472991943
30180,207.02183125456494,1,0.27746719121932983,168.75,9.1399040222167969,0.19209885597229004,1,122.79067230224609,1,35.154167175292969,9.6688594818115234,196.6707396918367,0.056279413402080536,0.013371260836720467,-0.00043492016266100109,1.3223112821578979,-0.087585568428039551,-0.066236726939678192,-0.051888793706893921,-0.039240982383489609,3.6353676319122314,-0.0010515530593693256,-0.062680982053279877,2.0623433589935303,-0.00052419258281588554,-0.027546804398298264,6.9849193096160889e-10,1,0,1,1,-0.061629433184862137,-0.027022607624530792,-0.0095594115555286407,0,0,1,0,0,1,0,0,0,0,0,1,0,0,1,0,1,348.03463745117188,-0.00018286705017089844,-0.015076518058776855,-0.014893358573317528,1,4.8195180892944336,-0.00064723752439022064,-0.059538446366786957,2.5681633949279785,-0.00075120851397514343,-0.021643038839101791,-1.4528632164001465e-07,0,0.9512321949005127,-0.058891214430332184,-0.020891828462481499,-0.0010664082365110517,0,0,0,0,1,0,0,0,0,0,0,0,1.131666898727417,0,347.81124877929688,-0.00015163421630859375,-0.013318538665771484,-0.013166696764528751,0.28320568799972534,0,-0.011704488657414913,-0.068212106823921204,-0.042399358004331589,0,-15.524618148803711,0,0.2653537392616272,0.057058993726968765,262.90416661591735,-0.01544738095253706,-0.011682106181979179,267.72589111328125,263.11761474609375,9.4735774993896484,4.4400520324707031,1.155177116394043,0.10654132068157196
30240,184.13295539882418,1,0.27439337968826294,168.75,9.1320552825927734,0.19197967648506165,1,120.02930450439453,1,33.827621459960938,9.5258808135986328,174.92630762888297,0.047504916787147522,0.01350322924554348,-0.00043030225788243115,1.3223112821578979,-0.085725799202919006,-0.064830273389816284,-0.050627090036869049,-0.038286816328763962,3.6368772983551025,-0.0017961231060326099,-0.061896432191133499,2.0533967018127441,-0.00087034562602639198,-0.026268446817994118,1.1641532182693481e-09,1,0.00042908854084089398,0.9990234375,0.9990234375,-0.060100313276052475,-0.025398101657629013,-0.0098301144316792488,0.00055520684691146016,0,0.9990234375,0,0,1,0,0,0,0,0,1,0,0,1,0,1,348.0325927734375,-0.00033801794052124023,-0.014913260936737061,-0.014574847184121609,1,4.819526195526123,-0.0014707921072840691,-0.059607181698083878,2.5709671974182129,-0.0010813768021762371,-0.019451677799224854,-1.4528632164001465e-07,0,0.9529651403427124,-0.058136384934186935,-0.018370300531387329,-0.0011758031323552132,0,0,0,0,1,0,0,0,0,0,0,0,1.1323608160018921,0,347.80886840820312,-0.00034242868423461914,-0.013578951358795166,-0.013236077502369881,0.28194716572761536,0,-0.011690901592373848,-0.067786440253257751,-0.041763864457607269,0,-15.359779357910156,0,0.21863521635532379,0.05758478119969368,262.89999994914979,-0.015283362939953804,-0.011558067053556442,267.72479248046875,263.03439331054688,9.4740362167358398,4.4398412704467773,0.97927451133728027,0.081980347633361816
30300,218.73509596061317,1,0.27579948306083679,168.75,9.1228370666503906,0.19054929912090302,1,122.38304901123047,1,33.701171875,9.4974279403686523,207.79834116258249,0.046016998589038849,0.01311025582253933,-0.00042854764615185559,1.3223112821578979,-0.086989417672157288,-0.065785884857177734,-0.050493523478507996,-0.038185808807611465,3.6340563297271729,-0.0019736357498914003,-0.061650462448596954,2.0403943061828613,-0.00076249206904321909,-0.026053786277770996,1.2223608791828156e-09,1,0,1,1,-0.059676826000213623,-0.025291293859481812,-0.0095449471846222878,0,0,1,0,0,1,0,0,0,0,0,1,0,0,1,0,1,348.03009033203125,-0.00035741925239562988,-0.014376044273376465,-0.01401810348033905,1,4.8168878555297852,-0.0015235519967973232,-0.056759029626846313,2.5682177543640137,-0.00077766156755387783,-0.018231067806482315,-1.4563556760549545e-07,0,0.95595848560333252,-0.055235471576452255,-0.017453406006097794,-0.0010998995276167989,0,0,0,0,1,0,0,0,0,0,0,0,1.1280961036682129,0,347.80685424804688,-0.00036096572875976562,-0.013170599937438965,-0.012809611856937408,0.28053945302963257,0,-0.011651128530502319,-0.067299559712409973,-0.041090354323387146,0,-15.297147750854492,0,0.21094921231269836,0.055840976536273956,262.89583328238223,-0.015221042558550835,-0.011510937474668026,267.72412109375,262.91519165039062,9.3548717498779297,4.2035112380981445,1.1806703805923462,0.086637921631336212
30360,172.16257767803566,1,0.27164402604103088,168.75,9.1253414154052734,0.191001296043396,1,118.66539001464844,1,31.382183074951172,9.5561456680297852,163.55444879413386,0.062078483402729034,0.013547185808420181,-0.00042229547398164868,1.3223112821578979,-0.083822965621948242,-0.063391253352165222,-0.049943871796131134,-0.037770133465528488,3.625363826751709,-0.0010561279486864805,-0.059662215411663055,2.0297214984893799,-0.00043216842459514737,-0.026091039180755615,8.7311491370201111e-10,1,0,1,1,-0.058606084436178207,-0.025658866390585899,-0.0085043888539075851,0,0,1,0,0,1,0,0,0,0,0,1,0,0,1,0,1,348.02679443359375,-0.00025563687086105347,-0.0144682377576828,-0.014212369918823242,1,4.8079719543457031,-0.00082516344264149666,-0.053604133427143097,2.5598235130310059,-0.00052099383901804686,-0.018692372366786003,-1.4476245269179344e-07,0,0.95725619792938232,-0.052778962999582291,-0.01817137748003006,-0.0009378324612043798,0,0,0,0,1,0,0,0,0,0,0,0,1.1264688968658447,0,347.80364990234375,-0.00027556717395782471,-0.012922465801239014,-0.012646894901990891,0.27929329872131348,0,-0.011614319868385792,-0.066816873848438263,-0.040540769696235657,0,-15.073974609375,0,0.29762730002403259,0.05777919664978981,262.89166661561467,-0.014998979866504669,-0.011343002319335938,267.7237548828125,262.97576904296875,9.4244537353515625,4.2516536712646484,1.1542816162109375,0.08474326878786087
30420,135.64051598278408,1,0.27452093362808228,168.75,9.1267490386962891,0.19187474250793457,1,119.28994750976562,1,31.816928863525391,9.50677490234375,128.85849018364488,0.069036237895488739,0.013681042939424515,-0.00043357332469895482,1.3223112821578979,-0.08624846488237381,-0.065225541591644287,-0.049916528165340424,-0.037749454379081726,3.6182513236999512,-0.0013147217687219381,-0.060483492910861969,2.0179920196533203,-0.00072281609755009413,-0.02618570439517498,1.0913936421275139e-09,1,0,1,1,-0.059168774634599686,-0.025462888181209564,-0.0088352281600236893,0,0,1,0,0,1,0,0,0,0,0,1,0,0,1,0,1,348.02325439453125,-0.00025712698698043823,-0.01477629691362381,-0.014518997631967068,1,4.8017559051513672,-0.00026916153728961945,-0.055747754871845245,2.5483694076538086,-5.4183881729841232e-05,-0.016998667269945145,-1.4551915228366852e-07,0,0.95652639865875244,-0.055478587746620178,-0.016944482922554016,-0.0011239338200539351,0,0,0,0,1,0,0,0,0,0,0,0,1.1266626119613647,0,347.798828125,-0.00015190243721008301,-0.012818336486816406,-0.012666257098317146,0.27803850173950195,0,-0.011585944332182407,-0.066314533352851868,-0.040027342736721039,0,-15.476541519165039,0,0.33795210719108582,0.058467060327529907,262.88749994884711,-0.015399543568491936,-0.011645928956568241,267.72305297851562,262.94427490234375,9.3707847595214844,4.136070728302002,1.2452068328857422,0.1020619124174118
30480,135.945501863082,1,0.27962735295295715,168.75,9.1291275024414062,0.18978732824325562,1,122.77717590332031,1,31.160799026489258,9.4464998245239258,129.1482267699279,0.14928121864795685,0.01385973859578371,-0.00044520630035549402,1.3223112821578979,-0.0889853835105896,-0.067295335233211517,-0.05264793336391449,-0.039815083146095276,3.6157469749450684,-0.0014894430059939623,-0.061483342200517654,2.0044116973876953,-0.00076342979446053505,-0.027571901679039001,1.280568540096283e-09,1,0,1,1,-0.05999390035867691,-0.026808470487594604,-0.0078673325479030609,0,0,1,0,0,1,0,0,0,0,0,1,0,0,1,0,1,348.019775390625,-0.0003245621919631958,-0.014900833368301392,-0.014576067216694355,1,4.7973566055297852,-0.00055247126147150993,-0.056635752320289612,2.5344209671020508,7.5728632509708405e-05,-0.017054535448551178,-1.4723627828061581e-07,0,0.95612120628356934,-0.056083276867866516,-0.017130263149738312,-0.0011177872074767947,0,0,0,0,1,0,0,0,0,0,0,0,1.1293621063232422,0,347.7938232421875,-0.00018266588449478149,-0.013119310140609741,-0.012936202809214592,0.27773374319076538,0,-0.011614490300416946,-0.066271588206291199,-0.03974185511469841,0,-15.89178466796875,0,0.9975472092628479,0.059853024780750275,262.88333328207955,-0.015812721103429794,-0.011958395130932331,267.72216796875,263.0267333984375,9.3073577880859375,4.0761241912841797,1.0753921270370483,0.09040406346321106
30540,153.16333878835761,1,0.28548747301101685,168.75,9.1511201858520508,0.18980634212493896,1,128.27328491210938,1,32.282123565673828,9.4097070693969727,145.50517184893971,0.085987024009227753,0.013688097707927227,-0.00045348718413151801,1.3223112821578979,-0.092731118202209473,-0.070128053426742554,-0.054916687309741974,-0.041530832648277283,3.6168222427368164,-0.0013013100251555443,-0.063537336885929108,2.0003609657287598,-0.00069709517993032932,-0.02880391851067543,9.3132257461547852e-10,1,0,1,1,-0.062236029654741287,-0.028106821700930595,-0.0079069677740335464,0,0,1,0,0,1,0,0,0,0,0,1,0,0,1,0,1,348.01632690429688,-0.00025871396064758301,-0.014974892139434814,-0.014716072008013725,1,4.7888035774230957,-0.0006368798203766346,-0.059253595769405365,2.5228819847106934,-3.0605006031692028e-05,-0.022389255464076996,-1.4685792848467827e-07,0,0.95204353332519531,-0.058616712689399719,-0.022358652204275131,-0.00086797773838043213,0,0,0,0,1,0,0,0,0,0,0,0,1.1271867752075195,0,347.78802490234375,-0.00021666288375854492,-0.012935489416122437,-0.012718681246042252,0.2786794900894165,0,-0.011707251891493797,-0.066742166876792908,-0.039996758103370667,0,-16.187372207641602,0,0.44447657465934753,0.058886583894491196,262.87916661531199,-0.01610683836042881,-0.012180821970105171,267.72164916992188,263.04067993164062,9.2856006622314453,3.9491813182830811,1.0566458702087402,0.09910227358341217
30600,160.08096797742235,1,0.27871212363243103,168.75,9.1555442810058594,0.18849234282970428,1,123.16313934326172,1,30.944705963134766,9.4197483062744141,152.07691957855121,0.066498599946498871,0.014192787930369377,-0.00043946757796220481,1.3223112821578979,-0.088834643363952637,-0.067181341350078583,-0.051568761467933655,-0.038998957723379135,3.6209166049957275,-0.00058679282665252686,-0.06199357658624649,2.0033583641052246,-0.00023569492623209953,-0.02679053321480751,5.8207660913467407e-10,1,0,1,1,-0.061406783759593964,-0.026554837822914124,-0.0086460690945386887,0,0,1,0,0,1,0,0,0,0,0,1,0,0,1,0,1,348.01220703125,-0.00013643503189086914,-0.014895111322402954,-0.014758490025997162,1,4.7836809158325195,-6.3928106101229787e-05,-0.058908123522996902,2.5229165554046631,0.00018538838776294142,-0.023441087454557419,-1.4713441487401724e-07,0,0.9510350227355957,-0.058844197541475296,-0.023626476526260376,-0.00076211476698517799,0,0,0,0,1,0,0,0,0,0,0,0,1.1290621757507324,0,347.7818603515625,-0.00010481849312782288,-0.013011077418923378,-0.012906225398182869,0.27920037508010864,0,-0.011747281067073345,-0.067040577530860901,-0.040017411112785339,0,-15.686939239501953,0,0.3230336606502533,0.060864418745040894,262.87499994854443,-0.015608894638717175,-0.011804251000285149,267.72134399414062,262.9892578125,9.3383293151855469,3.8729820251464844,1.01120924949646,0.087781913578510284
30660,162.88177017975659,1,0.27991560101509094,168.75,9.1642446517944336,0.18741391599178314,1,125.59815216064453,1,30.859626770019531,9.4094171524047852,154.73768167076875,0.21020796895027161,0.014739527367055416,-0.00043655405170284212,1.3223112821578979,-0.088972277939319611,-0.067285425961017609,-0.053087532520294189,-0.040147531777620316,3.6162874698638916,-0.00080925878137350082,-0.060644101351499557,2.0057153701782227,-0.00040221028029918671,-0.028199868276715279,1.1641532182693481e-09,1,0,1,1,-0.059834849089384079,-0.027797657996416092,-0.0067391390912234783,0,0,1,0,0,1,0,0,0,0,0,1,0,0,1,0,1,348.00735473632812,-0.00012701749801635742,-0.014462053775787354,-0.014334945008158684,1,4.7801303863525391,-0.00013123638927936554,-0.054365731775760651,2.5278091430664062,0.00015164026990532875,-0.024894386529922485,-1.4866236597299576e-07,0,0.95313572883605957,-0.054234493523836136,-0.025046024471521378,-0.00049250887241214514,0,0,0,0,1,0,0,0,0,0,0,0,1.1245943307876587,0,347.77703857421875,-3.1054019927978516e-05,-0.012490510940551758,-0.012459438294172287,0.2791094183921814,0,-0.011742233298718929,-0.067039653658866882,-0.039938881993293762,0,-15.582940101623535,0,2.0242428779602051,0.065523833036422729,262.87083328177687,-0.015505412593483925,-0.011725992895662785,267.72158813476562,263.021240234375,9.268101692199707,4.1873645782470703,0.95973050594329834,0.06660124659538269
30720,174.0133889133559,1,0.28077301383018494,168.75,9.1735925674438477,0.18747115135192871,1,126.05903625488281,1,31.40650749206543,9.4307518005371094,165.31271946768808,0.27322655916213989,0.014392456971108913,-0.0004389672540128231,1.3223112821578979,-0.08969193696975708,-0.067829668521881104,-0.053120963275432587,-0.040172811597585678,3.608335018157959,-0.00093561550602316856,-0.061705306172370911,2.0106711387634277,-0.00023299152962863445,-0.028173811733722687,1.1641532182693481e-09,1,0,1,1,-0.060769688338041306,-0.027940820902585983,-0.0071478672325611115,0,0,1,0,0,1,0,0,0,0,0,1,0,0,1,0,1,348.00140380859375,-0.00011789798736572266,-0.014388680458068848,-0.014270758256316185,1,4.771240234375,-0.00049511808902025223,-0.056415274739265442,2.5316662788391113,2.5914399884641171e-05,-0.024403981864452362,-1.4901161193847656e-07,0,0.95221114158630371,-0.055920153856277466,-0.024429898709058762,-0.00059754709945991635,0,0,0,0,1,0,0,0,0,0,0,0,1.1248741149902344,0,347.771484375,-0.00010249018669128418,-0.012589916586875916,-0.012487410567700863,0.27931362390518188,0,-0.011748846620321274,-0.067150510847568512,-0.040035761892795563,0,-15.669079780578613,0,5.0718646049499512,0.06823054701089859,262.86666661500931,-0.015591124072670937,-0.011790812015533447,267.7216796875,263.06558227539062,9.3105096817016602,4.1898813247680664,1.0203554630279541,0.10490807890892029
30780,167.41308761356768,1,0.28015273809432983,168.75,9.1726503372192383,0.18701153993606567,1,124.97328948974609,1,30.707742691040039,9.4819393157958984,159.04243323288929,0.11740680038928986,0.014010039158165455,-0.0004398528253659606,1.3223112821578979,-0.088934272527694702,-0.067256681621074677,-0.053492676466703415,-0.040453922003507614,3.6007237434387207,-0.0021940956357866526,-0.061814945191144943,2.0135631561279297,-0.001035068416967988,-0.027926633134484291,1.1641532182693481e-09,1,0,1,1,-0.059620849788188934,-0.026891563087701797,-0.0074734133668243885,0,0,1,0,0,1,0,0,0,0,0,1,0,0,1,0,1,347.99652099609375,-0.00029130280017852783,-0.014578133821487427,-0.014286774210631847,1,4.7596964836120605,-0.00094031635671854019,-0.054903458803892136,2.5368766784667969,-0.00025705643929541111,-0.024477379396557808,-1.4936085790395737e-07,0,0.95380747318267822,-0.053963139653205872,-0.02422032319009304,-0.00054396246559917927,0,0,0,0,1,0,0,0,0,0,0,0,1.1241617202758789,0,347.76522827148438,-0.00013294816017150879,-0.012548893690109253,-0.012416167184710503,0.27948427200317383,0,-0.011765456758439541,-0.067249104380607605,-0.040109939873218536,0,-15.700690269470215,0,0.68142187595367432,0.060441765934228897,262.86249994824175,-0.015622577629983425,-0.011814598925411701,267.72109985351562,262.9306640625,9.3138942718505859,3.8594608306884766,0.86960136890411377,0.0758848637342453
30840,98.633638106735717,1,0.27687713503837585,181.25,9.1681661605834961,0.11990629136562347,1,123.767578125,1,29.217884063720703,9.5226192474365234,93.701956201398929,0.29099491238594055,0.013729262165725231,-0.00042874037171714008,1.3223112821578979,-0.086697317659854889,-0.06556498259305954,-0.05252978578209877,-0.039725732058286667,3.590280294418335,-0.0017926153959706426,-0.060646262019872665,2.0159909725189209,-0.00093765952624380589,-0.02791116014122963,1.1932570487260818e-09,1,0,1,1,-0.058853648602962494,-0.026973497122526169,-0.0070785651914775372,0,0,1,0,0,1,0,0,0,0,0,1,0,0,1,0,1,347.98931884765625,-0.00024214386940002441,-0.014096885919570923,-0.013854634016752243,1,4.7501640319824219,-6.2897801399230957e-05,-0.053260952234268188,2.5440356731414795,9.9773984402418137e-05,-0.023462425917387009,-1.4866236597299576e-07,0,0.95499593019485474,-0.053198050707578659,-0.023562200367450714,-0.00055316940415650606,0,0,0,0,1,0,0,0,0,0,0,0,1.1152098178863525,0,347.75778198242188,2.9802322387695312e-06,-0.011517792940139771,-0.011520982719957829,0.27923905849456787,0,-0.011748030781745911,-0.067083641886711121,-0.040101993829011917,0,-15.304028511047363,0,7.3852691650390625,0.064973548054695129,262.85833328147419,-0.015227888710796833,-0.011516114696860313,267.72061157226562,262.94805908203125,9.3198356628417969,3.9771933555603027,0.90396928787231445,0.070213302969932556
30900,184.29257267475091,1,0.28168541193008423,181.25,9.1653509140014648,0.11967276036739349,1,127.23345947265625,1,29.725564956665039,9.5182857513427734,175.07794404101335,0.19679719209671021,0.013169672340154648,-0.0004391690599732101,1.3223112821578979,-0.089450933039188385,-0.067647412419319153,-0.054835647344589233,-0.041469544172286987,3.5803163051605225,-0.0021849528420716524,-0.062090352177619934,2.0158216953277588,-0.0012477656127884984,-0.029617520049214363,-1.7462298274040222e-10,1,0,1,1,-0.059905394911766052,-0.028369754552841187,-0.0065047447569668293,0,0,1,0,0,1,0,0,0,0,0,1,0,0,1,0,1,347.98095703125,-0.00033088028430938721,-0.014214374125003815,-0.013883421197533607,1,4.7356400489807129,-0.00010653166100382805,-0.05446355789899826,2.5465831756591797,0.00021225446835160255,-0.023743908852338791,-1.4848774299025536e-07,0,0.95426410436630249,-0.054357025772333145,-0.023956164717674255,-0.0005712226266041398,0,0,0,0,1,0,0,0,0,0,0,0,1.1140174865722656,0,347.74868774414062,-3.0934810638427734e-05,-0.011432647705078125,-0.011401750147342682,0.27927953004837036,0,-0.011736031621694565,-0.067026093602180481,-0.04018310084939003,0,-15.67628288269043,0,1.7237563133239746,0.057314567267894745,262.85416661470663,-0.015598291531205177,-0.011796232312917709,267.71966552734375,262.96286010742188,9.3242168426513672,3.981238842010498,1.3955627679824829,0.10111869871616364
30960,213.79355823014603,1,0.28501403331756592,168.75,9.1659164428710938,0.18792258203029633,1,130.84718322753906,1,32.073123931884766,9.5606651306152344,203.10388031863872,0.092582352459430695,0.012982755899429321,-0.00044235843233764172,1.3223112821578979,-0.0912332683801651,-0.06899530440568924,-0.056696910411119461,-0.042877126485109329,3.5795860290527344,-0.0027447130996733904,-0.062497206032276154,2.0219399929046631,-0.001370322541333735,-0.030988238751888275,5.8207660913467407e-10,1,0.0001139957457780838,0.9990234375,0.9990234375,-0.059752494096755981,-0.029617914929986,-0.0055642430670559406,0.00016701949061825871,0,0.9990234375,0,0,1,0,0,0,0,0,1,0,0,1,0,1,347.97296142578125,-0.0003935396671295166,-0.014158464968204498,-0.013764829374849796,1,4.7262711524963379,-0.00078848155681043863,-0.058465339243412018,2.551426887512207,-0.00011363561498001218,-0.027714924886822701,-1.4906981959939003e-07,0,0.95047938823699951,-0.057676859200000763,-0.027601290494203568,-0.00048363793757744133,0,0,0,0,1,0,0,0,0,0,0,0,1.1148309707641602,0,347.74026489257812,-2.5019049644470215e-05,-0.011507943272590637,-0.011483093723654747,0.2799084484577179,0,-0.011750822886824608,-0.067224524915218353,-0.040514994412660599,0,-15.790129661560059,0,0.48952788114547729,0.055635176599025726,262.84999994793907,-0.015711572021245956,-0.011881900951266289,267.7196044921875,262.99642944335938,9.3646163940429688,4.0970125198364258,1.0857348442077637,0.097485721111297607
31020,225.6095672316371,1,0.2901674211025238,168.75,9.1761837005615234,0.18507242202758789,1,134.94076538085938,1,34.345020294189453,9.5949192047119141,214.32908887005524,0.48830899596214294,0.013187882490456104,-0.00045262946514412761,1.3223112821578979,-0.095576643943786621,-0.072279989719390869,-0.05710117518901825,-0.043182853609323502,3.5820016860961914,-0.0022574826143682003,-0.065368860960006714,2.0321588516235352,-0.0014806844992563128,-0.030352266505360603,5.8207660913467407e-10,1,0,1,1,-0.063111379742622375,-0.028871580958366394,-0.007983548566699028,0,0,1,0,0,1,0,0,0,0,0,1,0,0,1,0,1,347.96481323242188,-0.00035177171230316162,-0.014356419444084167,-0.014004549011588097,1,4.7146496772766113,-0.00077942595817148685,-0.059772409498691559,2.5610966682434082,-0.00015304470434784889,-0.02709655649960041,-1.4953548088669777e-07,0,0.94962608814239502,-0.058992981910705566,-0.026943512260913849,-0.00056784093612805009,0,0,0,0,1,0,0,0,0,0,0,0,1.1144909858703613,0,347.73162841796875,-2.5659799575805664e-05,-0.011474460363388062,-0.011449091136455536,0.28122669458389282,0,-0.01178769301623106,-0.067797809839248657,-0.041004765778779984,0,-16.156757354736328,0.0009765625,10,0.065421447157859802,262.84583328117151,-0.016076374799013138,-0.012157783843576908,267.71957397460938,262.9974365234375,9.4625015258789062,4.1090011596679688,1.0991796255111694,0.095076307654380798
31080,228.44324359846939,1,0.28554132580757141,168.75,9.1940832138061523,0.18512296676635742,1,131.36003112792969,1,34.531627655029297,9.6069707870483398,217.02108141854592,0.09267880767583847,0.012696059420704842,-0.00044308154610916972,1.3223112821578979,-0.092360116541385651,-0.069847486913204193,-0.055617280304431915,-0.042060654610395432,3.5862634181976318,-0.0013725501485168934,-0.063839443027973175,2.0409665107727051,-0.00082178472075611353,-0.030469700694084167,8.149072527885437e-10,1,0,1,1,-0.062466889619827271,-0.029647920280694962,-0.0069090500473976135,0,0,1,0,0,1,0,0,0,0,0,1,0,0,1,0,1,347.9576416015625,-0.00021404027938842773,-0.014338523149490356,-0.014124520123004913,1,4.6993494033813477,-0.0015719565562903881,-0.060731261968612671,2.5664732456207275,-0.00023940391838550568,-0.028588008135557175,-1.4854595065116882e-07,0,0.94830048084259033,-0.059159304946660995,-0.028348606079816818,-0.00048278024769388139,0,0,0,0,1,0,0,0,0,0,0,0,1.1204893589019775,0,347.7227783203125,-8.1837177276611328e-05,-0.012130796909332275,-0.012048933655023575,0.28263553977012634,0,-0.011851685121655464,-0.068514600396156311,-0.041292011737823486,0,-15.815940856933594,0,0.49020323157310486,0.054289810359477997,262.84166661440395,-0.015737254172563553,-0.011901323683559895,267.71896362304688,262.91009521484375,9.3726987838745117,4.1617202758789062,1.2509803771972656,0.10949259996414185
31140,186.12790307798602,1,0.27628383040428162,168.75,9.2068500518798828,0.18298722803592682,1,126.24873352050781,1,33.182132720947266,9.5149927139282227,176.82150792408672,0.074204824864864349,0.013028636574745178,-0.00041761816828511655,1.3223112821578979,-0.086197793483734131,-0.065187215805053711,-0.052516203373670578,-0.039715461432933807,3.5834040641784668,-0.0011565224267542362,-0.060739107429981232,2.0457735061645508,-0.00056349369697272778,-0.02862422913312912,4.6566128730773926e-10,1,0,1,1,-0.05958259105682373,-0.028060737997293472,-0.0067695323377847672,0,0,1,0,0,1,0,0,0,0,0,1,0,0,1,0,1,347.95068359375,-0.00021854043006896973,-0.013818293809890747,-0.01359984278678894,1,4.6960573196411133,-0.0030169531237334013,-0.057184591889381409,2.5700418949127197,-0.00095944269560277462,-0.026176201179623604,-1.4845863915979862e-07,0,0.95275384187698364,-0.054167643189430237,-0.025216756388545036,-0.0005030088359490037,0,0,0,0,1,0,0,0,0,0,0,0,1.1150805950164795,0,347.71713256835938,-0.00026392936706542969,-0.01177215576171875,-0.01150805689394474,0.28225451707839966,0,-0.011785536073148251,-0.068290337920188904,-0.04122435674071312,0,-14.907016754150391,0,0.36912581324577332,0.055616524070501328,262.83749994763639,-0.014832852408289909,-0.011217367835342884,267.71832275390625,262.95309448242188,9.3983497619628906,4.2356467247009277,1.3714739084243774,0.089248687028884888
31200,183.34566418199975,1,0.27225860953330994,168.75,9.2023067474365234,0.18234401941299438,1,123.03387451171875,1,33.155799865722656,9.5705604553222656,174.17838097289976,0.15809053182601929,0.013597308658063412,-0.00041007206891663373,1.3223112821578979,-0.08467864990234375,-0.064038366079330444,-0.049362536519765854,-0.037330497056245804,3.5789115428924561,-0.0014078579843044281,-0.059943713247776031,2.0464582443237305,-0.00030469894409179688,-0.026497716084122658,1.1641532182693481e-09,1,0,1,1,-0.058535858988761902,-0.02619301900267601,-0.0077469274401664734,0,0,1,0,0,1,0,0,0,0,0,1,0,0,1,0,1,347.94317626953125,-0.00024461746215820312,-0.013694882392883301,-0.013450222089886665,1,4.6969470977783203,-0.0031990609131753445,-0.0570816770195961,2.5755562782287598,-0.00060332659631967545,-0.023235281929373741,-1.4796387404203415e-07,0,0.9543423056602478,-0.053882621228694916,-0.022631954401731491,-0.00065819616429507732,0,0,0,0,1,0,0,0,0,0,0,0,1.1105310916900635,0,347.7108154296875,-0.00027304887771606445,-0.011326372623443604,-0.011053103022277355,0.28079128265380859,0,-0.011672071181237698,-0.067665591835975647,-0.040697336196899414,0,-14.637657165527344,0,1.103888988494873,0.059031333774328232,262.83333328086883,-0.014564832672476768,-0.011014677584171295,267.71823120117188,262.938720703125,9.4765243530273438,4.2284355163574219,1.3629152774810791,0.089725866913795471
31260,189.5946554984281,1,0.26866284012794495,168.75,9.1891517639160156,0.18399608135223389,1,121.95706939697266,1,32.939540863037109,9.5854129791259766,180.11492272350668,0.069389365613460541,0.013560255989432335,-0.0003975170839112252,1.3223112821578979,-0.081729918718338013,-0.061808381229639053,-0.049292914569377899,-0.037277843803167343,3.5737051963806152,-0.0012905672192573547,-0.057403616607189178,2.0396919250488281,-0.00036209449172019958,-0.026229590177536011,9.3132257461547852e-10,1,0,1,1,-0.056113049387931824,-0.025867495685815811,-0.0066680135205388069,0,0,1,0,0,1,0,0,0,0,0,1,0,0,1,0,1,347.93521118164062,-0.00021845102310180664,-0.013150215148925781,-0.012931588105857372,1,4.7045164108276367,-0.0025500291958451271,-0.05416986346244812,2.5762581825256348,-0.00057583628222346306,-0.021154105663299561,-1.4831312000751495e-07,0,0.95755064487457275,-0.051619842648506165,-0.02057826891541481,-0.00067905720788985491,0,0,0,0,1,0,0,0,0,0,0,0,1.1053754091262817,0,347.70474243164062,-0.00025725364685058594,-0.010795354843139648,-0.010537547990679741,0.27873861789703369,0,-0.011510779149830341,-0.066751740872859955,-0.040029291063547134,0,-14.189502716064453,0,0.34004795551300049,0.057924322783946991,262.82916661410127,-0.01411890797317028,-0.010677446611225605,267.71798706054688,263.01321411132812,9.3639945983886719,4.2569055557250977,1.1267596483230591,0.097443766891956329
31320,193.61756589629235,1,0.26170939207077026,168.75,9.195155143737793,0.18047651648521423,1,117.62662506103516,1,29.987905502319336,9.6375608444213867,183.93668760147773,0.11270897090435028,0.014469906687736511,-0.00038097132346592844,1.3223112821578979,-0.076955772936344147,-0.058197926729917526,-0.047752261161804199,-0.036112722009420395,3.5663378238677979,-0.00041117006912827492,-0.054359249770641327,2.0339720249176025,-0.00030879233963787556,-0.025656599551439285,1.280568540096283e-09,1,0,1,1,-0.05394807830452919,-0.025347810238599777,-0.0060945595614612103,0,0,1,0,0,1,0,0,0,0,0,1,0,0,1,0,1,347.92755126953125,-0.00012046098709106445,-0.012917816638946533,-0.012797413393855095,1,4.7139296531677246,-0.0015947474166750908,-0.052202850580215454,2.5791382789611816,-0.00063242902979254723,-0.021023984998464584,-1.4773104339838028e-07,0,0.95921450853347778,-0.050608102232217789,-0.020391557365655899,-0.0006538069574162364,0,0,0,0,1,0,0,0,0,0,0,0,1.1048867702484131,0,347.69955444335938,-0.00024917721748352051,-0.010737895965576172,-0.010488681495189667,0.27624866366386414,0,-0.011314351111650467,-0.065467111766338348,-0.039393331855535507,0,-13.598896026611328,0,0.64206641912460327,0.062238764017820358,262.82499994733371,-0.013531239703297615,-0.010233021341264248,267.7176513671875,262.85809326171875,9.4590988159179688,4.3727617263793945,1.161754846572876,0.068290024995803833
31380,142.13089884653635,1,0.2596743106842041,168.75,9.2110795974731445,0.17858903110027313,1,116.07277679443359,1,28.533237457275391,9.5583171844482422,135.02435390420953,0.11015346646308899,0.014321554452180862,-0.00037713482743129134,1.3223112821578979,-0.075915053486824036,-0.057410880923271179,-0.046767529100179672,-0.035368017852306366,3.5576763153076172,-0.00077368086203932762,-0.053273588418960571,2.0275669097900391,-0.00036961957812309265,-0.025109870359301567,5.8207660913467407e-10,1,0,1,1,-0.052499912679195404,-0.024740254506468773,-0.005982949398458004,0,0,1,0,0,1,0,0,0,0,0,1,0,0,1,0,1,347.91986083984375,-0.00015753507614135742,-0.012656688690185547,-0.01249903067946434,1,4.7241702079772949,-0.0011520152911543846,-0.05041329562664032,2.5801198482513428,-0.00052181677892804146,-0.019663942977786064,-1.4808028936386108e-07,0,0.96120500564575195,-0.049261283129453659,-0.019142128527164459,-0.00068624963751062751,0,0,0,0,1,0,0,0,0,0,0,0,1.1035177707672119,0,347.69415283203125,-0.00020161271095275879,-0.010553449392318726,-0.010351775214076042,0.27346143126487732,0,-0.011107657104730606,-0.064051412045955658,-0.038741745054721832,0,-13.461950302124023,0,0.62130171060562134,0.061498843133449554,262.82083328056615,-0.013394975103437901,-0.01012997142970562,267.71722412109375,262.88211059570312,9.4625864028930664,3.9430890083312988,0.90634387731552124,0.054779909551143646
31440,183.79184746094521,1,0.26605582237243652,168.75,9.217768669128418,0.17953072488307953,1,120.63783264160156,1,30.284902572631836,9.6938629150390625,174.60225508789793,0.30184191465377808,0.015225227922201157,-0.0003902786411345005,1.3223112821578979,-0.07958105206489563,-0.060183297842741013,-0.04927423968911171,-0.037263721227645874,3.5459942817687988,-0.0015195338055491447,-0.055015794932842255,2.0216712951660156,-0.00064657977782189846,-0.025691855698823929,-1.1641532182693481e-10,1,0,1,1,-0.053496263921260834,-0.025045279413461685,-0.006335115060210228,0,0,1,0,0,1,0,0,0,0,0,1,0,0,1,0,1,347.91204833984375,-0.00021559000015258789,-0.012879937887191772,-0.012664485722780228,1,4.7251815795898438,-0.00054742209613323212,-0.047899860888719559,2.5781800746917725,-7.6428987085819244e-05,-0.019438192248344421,-1.4761462807655334e-07,0,0.96296238899230957,-0.047352433204650879,-0.019361766055226326,-0.000596633180975914,0,0,0,0,1,0,0,0,0,0,0,0,1.101826548576355,0,347.68728637695312,-0.00011706352233886719,-0.010299921035766602,-0.01018265075981617,0.27138084173202515,0,-0.01094495877623558,-0.063043035566806793,-0.038248714059591293,0,-13.931123733520508,0,9.8972368240356445,0.081487119197845459,262.81666661379859,-0.013861814513802528,-0.010483019053936005,267.71646118164062,262.90304565429688,9.5351743698120117,4.1139926910400391,1.1703423261642456,0.087765417993068695
31500,177.03113046462104,1,0.26738786697387695,168.75,9.2146854400634766,0.17898370325565338,1,120.56034851074219,1,30.357036590576172,9.5464801788330078,168.17957394138998,0.14013615250587463,0.014479280449450016,-0.00039642458432354033,1.3223112821578979,-0.081224933266639709,-0.06142648309469223,-0.048377528786659241,-0.036585584282875061,3.5330562591552734,-0.001006240607239306,-0.056168612092733383,2.015282154083252,-0.00049811386270448565,-0.024988977238535881,-6.8394001573324203e-10,1,0,1,1,-0.055162373930215836,-0.024490868672728539,-0.0076986979693174362,0,0,1,0,0,1,0,0,0,0,0,1,0,0,1,0,1,347.90496826171875,-0.00012231618165969849,-0.013089977204799652,-0.012967841699719429,1,4.7139639854431152,0.00017927307635545731,-0.047853879630565643,2.5765883922576904,0.00021137273870408535,-0.018675195053219795,-1.4784745872020721e-07,0,0.96280920505523682,-0.048033144325017929,-0.018886568024754524,-0.00064532202668488026,0,0,0,0,1,0,0,0,0,0,0,0,1.1057000160217285,0,347.67962646484375,-2.09808349609375e-05,-0.010591208934783936,-0.010570013895630836,0.27066969871520996,0,-0.010893316939473152,-0.062736913561820984,-0.038034722208976746,0,-14.150506019592285,0,0.89685553312301636,0.062706485390663147,262.81249994703103,-0.014080105349421501,-0.010648101568222046,267.71527099609375,262.88504028320312,9.4082756042480469,4.1080703735351562,1.026820182800293,0.096148937940597534
31560,206.31301476785245,1,0.26629778742790222,168.75,9.2229957580566406,0.1763855516910553,1,118.89618682861328,1,28.417694091796875,9.5613861083984375,195.99736402945982,0.18089480698108673,0.014697342179715633,-0.00039707703399471939,1.3223112821578979,-0.080046489834785461,-0.060535285621881485,-0.048842288553714752,-0.036937057971954346,3.517554759979248,-0.00097679463215172291,-0.05571630597114563,2.0102086067199707,-0.0004273212980479002,-0.025454578921198845,-6.9849193096160889e-10,1,0,1,1,-0.054739516228437424,-0.025027260184288025,-0.0069761332124471664,0,0,1,0,0,1,0,0,0,0,0,1,0,0,1,0,1,347.89804077148438,-0.00015336275100708008,-0.013282299041748047,-0.013129032216966152,1,4.698051929473877,-0.00021784193813800812,-0.045598886907100677,2.5760941505432129,0.00014478154480457306,-0.018832646310329437,-1.4918623492121696e-07,0,0.96441781520843506,-0.045381039381027222,-0.01897742971777916,-0.00052739784587174654,0,0,0,0,1,0,0,0,0,0,0,0,1.104534387588501,0,347.67153930664062,-9.3698501586914062e-05,-0.01054731011390686,-0.010453434661030769,0.26995658874511719,0,-0.010854834690690041,-0.062410928308963776,-0.037825446575880051,0,-14.173793792724609,0,1.4329168796539307,0.063880801200866699,262.80833328026347,-0.014103277586400509,-0.010665626265108585,267.71524047851562,262.99081420898438,9.4429855346679688,4.1281394958496094,0.96452361345291138,0.082252122461795807
31620,214.01400953404018,1,0.26652437448501587,168.75,9.2195034027099609,0.1762232780456543,1,119.01953125,1,28.199125289916992,9.5888967514038086,203.31330905733816,0.067854106426239014,0.014242356643080711,-0.00039767887210473418,1.3223112821578979,-0.080593675374984741,-0.060949094593524933,-0.048245593905448914,-0.036485806107521057,3.5025291442871094,-0.0018936579581350088,-0.056335277855396271,2.005579948425293,-0.00097545189782977104,-0.025481868535280228,4.6566128730773926e-10,1,0,1,1,-0.054441619664430618,-0.024506416171789169,-0.0072893011383712292,0,0,1,0,0,1,0,0,0,0,0,1,0,0,1,0,1,347.89120483398438,-0.00027006864547729492,-0.01334691047668457,-0.013076921924948692,1,4.677037239074707,-0.00089463731274008751,-0.046333067119121552,2.5765566825866699,-0.00029729190282523632,-0.018712682649493217,-1.4784745872020721e-07,0,0.9651719331741333,-0.045438423752784729,-0.018415391445159912,-0.00056272646179422736,0,0,0,0,1,0,0,0,0,0,0,0,1.1037402153015137,0,347.6632080078125,-0.00012630224227905273,-0.010500639677047729,-0.010374018922448158,0.26934736967086792,0,-0.010830446146428585,-0.062184758484363556,-0.037617731839418411,0,-14.195277214050293,0,0.33097162842750549,0.061086028814315796,262.80416661349591,-0.014124654233455658,-0.010681792162358761,267.7149658203125,262.939453125,9.4812602996826172,3.8186097145080566,1.0301746129989624,0.068401098251342773
31680,208.63274018818348,1,0.27138984203338623,168.75,9.2166805267333984,0.17524811625480652,1,122.3565673828125,1,29.075431823730469,9.6644496917724609,198.2011031787743,0.082585662603378296,0.014277664944529533,-0.00040840727160684764,1.3223112821578979,-0.082889780402183533,-0.062685526907444,-0.051131024956703186,-0.038667917251586914,3.4913733005523682,-0.001994679681956768,-0.056812938302755356,2.0089106559753418,-0.0010119258658960462,-0.026823274791240692,-4.6566128730773926e-10,1,0,1,1,-0.054818257689476013,-0.025811349973082542,-0.0064825727604329586,0,0,1,0,0,1,0,0,0,0,0,1,0,0,1,0,1,347.88412475585938,-0.00030034780502319336,-0.013475596904754639,-0.013175247237086296,1,4.6539134979248047,-0.0010605459101498127,-0.049017958343029022,2.5788702964782715,-0.00050128786824643612,-0.022533686831593513,-1.4738179743289948e-07,0,0.96243476867675781,-0.0479574054479599,-0.022032398730516434,-0.0004577096551656723,0,0,0,0,1,0,0,0,0,0,0,0,1.1030349731445312,0,347.65362548828125,-0.00021457672119140625,-0.010518431663513184,-0.010303501039743423,0.26914137601852417,0,-0.010825611650943756,-0.062069214880466461,-0.037591904401779175,0,-14.578230857849121,0,0.42207661271095276,0.061350420117378235,262.79999994672835,-0.014505702070891857,-0.010969960130751133,267.71438598632812,262.91485595703125,9.4769916534423828,4.0504593849182129,1.1509852409362793,0.079437755048274994
31740,193.93549782068538,1,0.2685016393661499,168.75,9.2128810882568359,0.17473238706588745,1,120.62923431396484,1,29.076406478881836,9.5684385299682617,184.23872292965112,0.085781857371330261,0.014340175315737724,-0.00040116976015269756,1.3223112821578979,-0.08031676709651947,-0.060739681124687195,-0.051351167261600494,-0.038834400475025177,3.4830813407897949,-0.001207136083394289,-0.0553249791264534,2.0154573917388916,-0.0005805289838463068,-0.027702566236257553,0,1,0,1,1,-0.054117839783430099,-0.027122039347887039,-0.0050919516943395138,0,0,1,0,0,1,0,0,0,0,0,1,0,0,1,0,1,347.87686157226562,-0.00019228458404541016,-0.013226568698883057,-0.013034273870289326,1,4.6378498077392578,-0.001161456573754549,-0.048978090286254883,2.5823001861572266,-0.00053851306438446045,-0.021882446482777596,-1.4796387404203415e-07,0,0.96249532699584961,-0.047816634178161621,-0.021343935281038284,-0.0005022658733651042,0,0,0,0,1,0,0,0,0,0,0,0,1.1004428863525391,0,347.64471435546875,-0.00024077296257019043,-0.010285347700119019,-0.010044284164905548,0.26912117004394531,0,-0.010824377648532391,-0.061929501593112946,-0.037772297859191895,0,-14.319886207580566,0,0.44310984015464783,0.061511881649494171,262.79583327996079,-0.014248643070459366,-0.010775558650493622,267.7137451171875,263.04742431640625,9.4514064788818359,4.0846033096313477,0.80502915382385254,0.076976507902145386
31800,162.45693956174691,1,0.27622437477111816,168.75,9.2040901184082031,0.17520071566104889,1,123.52262115478516,1,32.518337249755859,9.5578708648681641,154.33409258365955,0.79527473449707031,0.015726249665021896,-0.00042655935976654291,1.3223112821578979,-0.085954628884792328,-0.065003320574760437,-0.052830323576927185,-0.039953015744686127,3.4759054183959961,-0.0014414312317967415,-0.058911595493555069,2.0143890380859375,-0.00074827199568971992,-0.027888268232345581,1.7462298274040222e-10,1,0,1,1,-0.057470165193080902,-0.027139995247125626,-0.0070090820081532001,0,0,1,0,0,1,0,0,0,0,0,1,0,0,1,0,1,347.87008666992188,-0.00023296475410461426,-0.014073833823204041,-0.013840845786035061,1,4.6291751861572266,-0.0010676891542971134,-0.05117560550570488,2.57672119140625,-0.00046814535744488239,-0.018295153975486755,-1.4703255146741867e-07,0,0.96199536323547363,-0.050107914954423904,-0.01782701164484024,-0.00080381531734019518,0,0,0,0,1,0,0,0,0,0,0,0,1.1078488826751709,0,347.637451171875,-0.00022552907466888428,-0.011010646820068359,-0.010784890502691269,0.26971203088760376,0,-0.010872804559767246,-0.062104150652885437,-0.038117304444313049,0,-15.226175308227539,0.001953125,10,0.08333878219127655,262.79166661319323,-0.015150423161685467,-0.011457531712949276,267.71267700195312,262.89862060546875,9.4089975357055664,4.2820415496826172,1.1769293546676636,0.085356682538986206
31860,189.69169990098317,1,0.28017273545265198,168.75,9.2071666717529297,0.17635789513587952,1,125.52315521240234,1,34.755275726318359,9.6027364730834961,180.20711490593399,0.35213783383369446,0.01405646838247776,-0.00043801983701996505,1.3223112821578979,-0.087702721357345581,-0.066325321793556213,-0.055516514927148819,-0.041984453797340393,3.4720745086669922,-0.0014278640737757087,-0.059846848249435425,2.0120627880096436,-0.00085052376380190253,-0.030363058671355247,-1.0477378964424133e-09,1,0.00012263411190360785,0.9990234375,0.9990234375,-0.058418981730937958,-0.029512533918023109,-0.0054982239380478859,0.00015894438547547907,0,0.9990234375,0,0,1,0,0,0,0,0,1,0,0,1,0,1,347.86410522460938,-0.00016532838344573975,-0.014344334602355957,-0.01417914405465126,1,4.6172990798950195,-0.0009942247997969389,-0.048924751579761505,2.5614309310913086,-0.00048984959721565247,-0.021375900134444237,-1.4723627828061581e-07,0,0.96185934543609619,-0.047930523753166199,-0.020886052399873734,-0.0005418192595243454,0,0,0,0,1,0,0,0,0,0,0,0,1.1050829887390137,0,347.62960815429688,-0.00020284205675125122,-0.010711211711168289,-0.010508299805223942,0.27127876877784729,0,-0.011007595807313919,-0.062798582017421722,-0.038648732006549835,0,-15.635259628295898,0.0009765625,10,0.068966925144195557,262.78749994642567,-0.015557472594082355,-0.011765363626182079,267.71160888671875,262.92254638671875,9.4649591445922852,4.1541461944580078,0.9324638843536377,0.086563408374786377
31920,196.02856814076094,1,0.28506717085838318,168.75,9.1955204010009766,0.17589616775512695,1,128.80267333984375,1,36.594497680664062,9.5987758636474609,186.22713973372288,0.083248525857925415,0.013065498322248459,-0.00044963147956877947,1.3223112821578979,-0.090103022754192352,-0.068140551447868347,-0.058550003916025162,-0.044278532266616821,3.4648382663726807,-0.0010263724252581596,-0.061637431383132935,2.0178229808807373,-0.00047538476064801216,-0.031917475163936615,-6.9849193096160889e-10,1,0,1,1,-0.0606110580265522,-0.031442087143659592,-0.0053237136453390121,0,0,1,0,0,1,0,0,0,0,0,1,0,0,1,0,1,347.85809326171875,-0.00011676549911499023,-0.014532923698425293,-0.014416028745472431,1,4.5968046188354492,-0.0011432573664933443,-0.05029788613319397,2.5516819953918457,-0.00033947778865695,-0.024154581129550934,-1.4717807061970234e-07,0,0.95939141511917114,-0.049154631793498993,-0.023815102875232697,-0.00043149467092007399,0,0,0,0,1,0,0,0,0,0,0,0,1.1082609891891479,0,347.62020874023438,-0.00016397237777709961,-0.010989978909492493,-0.010826102457940578,0.27329409122467041,0,-0.011181764304637909,-0.063553228974342346,-0.039471469819545746,0,-16.049741744995117,0,0.42639917135238647,0.055846650153398514,262.78333327965811,-0.015969892963767052,-0.012077257037162781,267.71051025390625,263.00204467773438,9.4345054626464844,4.2216596603393555,1.049506664276123,0.091654777526855469
31980,222.4369879271888,1,0.28508049249649048,168.75,9.1970901489257812,0.17462967336177826,1,130.171875,1,35.90985107421875,9.5803852081298828,211.31513853082936,0.071419507265090942,0.012774776667356491,-0.00044496450573205948,1.3223112821578979,-0.090289272367954254,-0.068281404674053192,-0.058280885219573975,-0.04407501220703125,3.463024377822876,-0.0011488585732877254,-0.061847366392612457,2.0246586799621582,-0.00048007303848862648,-0.032545041292905807,-1.1641532182693481e-10,1,0,1,1,-0.060698501765727997,-0.032064966857433319,-0.0051443483680486679,0,0,1,0,0,1,0,0,0,0,0,1,0,0,1,0,1,347.85244750976562,-7.960200309753418e-05,-0.014388561248779297,-0.014309096150100231,1,4.5801982879638672,-0.00090368837118148804,-0.052675936371088028,2.542813777923584,-0.00027768360450863838,-0.024720661342144012,-1.4714896678924561e-07,0,0.95663869380950928,-0.051772251725196838,-0.024442980065941811,-0.00052568165119737387,0,0,0,0,1,0,0,0,0,0,0,0,1.1111034154891968,0,347.61196899414062,-0.00010323524475097656,-0.011213421821594238,-0.011110344901680946,0.27539974451065063,0,-0.011325707659125328,-0.064377330243587494,-0.040338866412639618,0,-15.883152961730957,0,0.35219252109527588,0.054472759366035461,262.77916661289055,-0.01580413244664669,-0.011951900087296963,267.71047973632812,262.94747924804688,9.4429149627685547,3.9834403991699219,1.2835273742675781,0.089381873607635498
32040,186.3075103192505,1,0.28789049386978149,168.75,9.1983661651611328,0.17444483935832977,1,131.65933227539062,1,35.903408050537109,9.5635547637939453,176.99213480328797,0.047651130706071854,0.012402929365634918,-0.00045307521941140294,1.3223112821578979,-0.092901937663555145,-0.070257239043712616,-0.058139152824878693,-0.043967828154563904,3.4657406806945801,-0.0015220777131617069,-0.063301347196102142,2.0289690494537354,-0.00068415841087698936,-0.031987659633159637,-2.3283064365386963e-10,1,0,1,1,-0.061779264360666275,-0.03130350261926651,-0.0063712317496538162,0,0,1,0,0,1,0,0,0,0,0,1,0,0,1,0,1,347.84747314453125,-0.0001246333122253418,-0.014531970024108887,-0.014407454989850521,1,4.566838264465332,-0.00052281096577644348,-0.055633634328842163,2.5341970920562744,5.4703210480511189e-05,-0.02425101026892662,-1.4656689018011093e-07,0,0.95362919569015503,-0.055110827088356018,-0.024305712431669235,-0.00066603231243789196,0,0,0,0,1,0,0,0,0,0,0,0,1.1201976537704468,0,347.60470581054688,-5.3167343139648438e-05,-0.012072920799255371,-0.012019766494631767,0.27748709917068481,0,-0.011462830007076263,-0.065345384180545807,-0.041022270917892456,0,-16.17266845703125,0,0.21939407289028168,0.052748586982488632,262.77499994612299,-0.016092207282781601,-0.012169756926596165,267.71054077148438,262.90267944335938,9.4034547805786133,4.0651655197143555,1.0012282133102417,0.10555732250213623
32100,253.77429389528118,1,0.28810307383537292,168.75,9.1882095336914062,0.17315375804901123,1,132.96565246582031,1,38.633678436279297,9.4641914367675781,241.08557920051712,0.69317054748535156,0.013010133057832718,-0.00044961849926039577,1.3223112821578979,-0.093370027840137482,-0.070611231029033661,-0.057693026959896088,-0.043630443513393402,3.473170280456543,-0.0016053798608481884,-0.063722483813762665,2.0320312976837158,-0.00093503063544631004,-0.031922727823257446,3.4924596548080444e-10,1,0,1,1,-0.062117103487253189,-0.030987698584794998,-0.0066989576444029808,0,0,1,0,0,1,0,0,0,0,0,1,0,0,1,0,1,347.84381103515625,-0.00017243623733520508,-0.014340758323669434,-0.014168289490044117,1,4.5617794990539551,-0.00067092198878526688,-0.058970354497432709,2.5360097885131836,-0.00030659651383757591,-0.026470117270946503,-1.4703255146741867e-07,0,0.95067906379699707,-0.058299433439970016,-0.026163522154092789,-0.0006741589168086648,0,0,0,0,1,0,0,0,0,0,0,0,1.1250714063644409,0,347.6007080078125,-9.1075897216796875e-05,-0.012598082423210144,-0.012507141567766666,0.27914068102836609,0,-0.011569583788514137,-0.066197380423545837,-0.041396953165531158,0,-16.049280166625977,0.0009765625,10,0.062347859144210815,262.77083327935543,-0.015969432890415192,-0.012076908722519875,267.71029663085938,262.94921875,9.3373203277587891,4.2303552627563477,1.0685968399047852,0.092023462057113647
32160,203.18070603806163,1,0.28576764464378357,168.75,9.1891403198242188,0.17159993946552277,1,130.73042297363281,1,40.925846099853516,9.5619716644287109,193.02167073615854,0.077219627797603607,0.012679297477006912,-0.00044627487659454346,1.3223112821578979,-0.090195059776306152,-0.06821015477180481,-0.059375248849391937,-0.044902626425027847,3.4840660095214844,-0.002092030830681324,-0.062403552234172821,2.0482017993927002,-0.0012536682188510895,-0.033582404255867004,-2.3283064365386963e-10,1,0,1,1,-0.06031152606010437,-0.032328739762306213,-0.0047040916979312897,0,0,1,0,0,1,0,0,0,0,0,1,0,0,1,0,1,347.84109497070312,-0.00026458501815795898,-0.014580607414245605,-0.014316249638795853,1,4.5666956901550293,-0.0012044627219438553,-0.059223458170890808,2.5460329055786133,-0.00074272649362683296,-0.031403396278619766,-1.4738179743289948e-07,0,0.94855755567550659,-0.058018989861011505,-0.030660670250654221,-0.00036895411903969944,0,0,0,0,1,0,0,0,0,0,0,0,1.1265521049499512,0,347.59832763671875,-0.00013393163681030273,-0.012788772583007812,-0.012655215337872505,0.28080564737319946,0,-0.011674298904836178,-0.066879652440547943,-0.042030669748783112,0,-15.929927825927734,0,0.38781961798667908,0.054083243012428284,262.76666661258787,-0.015850674360990524,-0.011987097561359406,267.709716796875,262.88165283203125,9.3929939270019531,4.4338235855102539,1.1018553972244263,0.085513487458229065
32220,193.7687857542499,1,0.28197860717773438,168.75,9.1639614105224609,0.17101359367370605,1,129.7767333984375,1,43.352130889892578,9.572993278503418,184.08034646653741,0.044716723263263702,0.012738289311528206,-0.00043190841097384691,1.3223112821578979,-0.088893681764602661,-0.06722598522901535,-0.05614476278424263,-0.04245956614613533,3.490969181060791,-0.0025627512950450182,-0.061363019049167633,2.0599031448364258,-0.0014478695811703801,-0.031385257840156555,-2.9103830456733704e-11,1,0,1,1,-0.058800265192985535,-0.029937388375401497,-0.0060622524470090866,0,0,1,0,0,1,0,0,0,0,0,1,0,0,1,0,1,347.83612060546875,-0.00026538968086242676,-0.014026865363121033,-0.01376159954816103,1,4.5829710960388184,-0.0010897195897996426,-0.057875018566846848,2.5606875419616699,-0.00055144948419183493,-0.026757111772894859,-1.46887032315135e-07,0,0.95153534412384033,-0.056785296648740768,-0.026205664500594139,-0.0006273793987929821,0,0,0,0,1,0,0,0,0,0,0,0,1.115315318107605,0,347.59478759765625,-5.2124261856079102e-05,-0.0115833580493927,-0.011531537398695946,0.2810899019241333,0,-0.011681302450597286,-0.066946081817150116,-0.042284473776817322,0,-15.417111396789551,0,0.20428596436977386,0.054233573377132416,262.76249994582031,-0.015340409241616726,-0.011601208709180355,267.70980834960938,262.855712890625,9.4661531448364258,4.2765793800354004,1.2442018985748291,0.11382655054330826
32280,197.4893186206836,1,0.28491559624671936,181.25,9.1284189224243164,0.10243798792362213,1,132.31858825683594,1,45.328605651855469,9.7428407669067383,187.61485268964941,0.05737718939781189,0.012476371601223946,-0.00043698627268895507,1.3223112821578979,-0.089940562844276428,-0.068017691373825073,-0.05859021469950676,-0.044308941811323166,3.4998936653137207,-0.0030565459746867418,-0.061180301010608673,2.0653295516967773,-0.0015331094618886709,-0.033143427222967148,-2.3283064365386963e-10,1,0,1,1,-0.05812375620007515,-0.031610317528247833,-0.0043704155832529068,0,0,1,0,0,1,0,0,0,0,0,1,0,0,1,0,1,347.8306884765625,-0.00025470554828643799,-0.014005616307258606,-0.013751043006777763,1,4.6037702560424805,-0.0013147697318345308,-0.059403412044048309,2.5641746520996094,-0.00049007055349647999,-0.026952639222145081,-1.4674151316285133e-07,0,0.95065128803253174,-0.058088645339012146,-0.026462569832801819,-0.00065612106118351221,0,0,0,0,1,0,0,0,0,0,0,0,1.122046947479248,0,347.59124755859375,-4.7594308853149414e-05,-0.012251943349838257,-0.012204695492982864,0.28131425380706787,0,-0.011671977117657661,-0.067091323435306549,-0.042405325919389725,0,-15.598368644714355,0,0.27137434482574463,0.053106240928173065,262.75833327905275,-0.015520764514803886,-0.011737602762877941,267.70956420898438,262.93466186523438,9.5387554168701172,4.1227970123291016,1.083827018737793,0.084647662937641144
32340,207.34888397568224,1,0.29414355754852295,181.25,9.1140823364257812,0.10137665271759033,1,139.10067749023438,1,46.420845031738281,9.6144943237304688,196.98143977689813,0.040946457535028458,0.012140571139752865,-0.00045739224879071116,1.3223112821578979,-0.097044259309768677,-0.073389872908592224,-0.060591757297515869,-0.045822612941265106,3.5120449066162109,-0.002768403384834528,-0.065862990915775299,2.0692191123962402,-0.0014282834017649293,-0.032572239637374878,-4.9476511776447296e-10,1,0,1,1,-0.063094593584537506,-0.031143955886363983,-0.0076850131154060364,0,0,1,0,0,1,0,0,0,0,0,1,0,0,1,0,1,347.82568359375,-0.00022698938846588135,-0.014442175626754761,-0.014215411618351936,1,4.614161491394043,-0.0016033700667321682,-0.063390173017978668,2.5568208694458008,-0.00056241312995553017,-0.025316327810287476,-1.4575198292732239e-07,0,0.94842958450317383,-0.061786800622940063,-0.024753915145993233,-0.00094400602392852306,0,0,0,0,1,0,0,0,0,0,0,0,1.1222869157791138,0,347.5870361328125,-9.3549489974975586e-05,-0.012322157621383667,-0.012228693813085556,0.28292387723922729,0,-0.01173434779047966,-0.067758485674858093,-0.043004803359508514,0,-16.326766967773438,0,0.18523938953876495,0.051661558449268341,262.75416661228519,-0.016245538368821144,-0.012285714037716389,267.7086181640625,262.97103881835938,9.5561771392822266,4.3338136672973633,1.4448415040969849,0.11774031072854996
32400,205.95672136950714,1,0.2900187075138092,168.75,9.1150827407836914,0.16942015290260315,1,136.80253601074219,1,41.467273712158203,9.5901012420654297,195.65888530103177,0.06325385719537735,0.012206055223941803,-0.00044578340020962059,1.3223112821578979,-0.094931900501251221,-0.071792401373386383,-0.057948142290115356,-0.043823372572660446,3.5249805450439453,-0.0023333926219493151,-0.066170245409011841,2.0645308494567871,-0.0013576749479398131,-0.031181095167994499,-5.8207660913467407e-10,1,0,1,1,-0.063836857676506042,-0.029823420569300652,-0.0089481305330991745,0,0,1,0,0,1,0,0,0,0,0,1,0,0,1,0,1,347.820556640625,-0.00024794787168502808,-0.014338485896587372,-0.014090551063418388,1,4.6117329597473145,-0.0017400668002665043,-0.064194455742835999,2.5443120002746582,-0.00089134916197508574,-0.023640505969524384,-1.4404940884560347e-07,0,0.94780266284942627,-0.062454387545585632,-0.022749155759811401,-0.0011141676222905517,0,0,0,0,1,0,0,0,0,0,0,0,1.1212708950042725,0,347.58193969726562,-0.00013953447341918945,-0.012266390025615692,-0.012127082794904709,0.28466296195983887,0,-0.01181278470903635,-0.06867506355047226,-0.043329395353794098,0,-15.912384033203125,0,0.30431312322616577,0.051949158310890198,262.74999994551763,-0.015833217650651932,-0.011973896063864231,267.70773315429688,262.82147216796875,9.4666843414306641,4.1183958053588867,1.0351219177246094,0.090270593762397766
