time_s,z_m,variable,value,location,units,window_start_s,window_end_s,source_times_s
28800.0,6.25,buoyancy_mean,-0.00155490075,Center,m s^-2,25200.0,28800.0,27000.0;28800.0
28800.0,18.75,buoyancy_mean,0.00601618923,Center,m s^-2,25200.0,28800.0,27000.0;28800.0
28800.0,31.25,buoyancy_mean,0.0123796253,Center,m s^-2,25200.0,28800.0,27000.0;28800.0
28800.0,43.75,buoyancy_mean,0.0186732952,Center,m s^-2,25200.0,28800.0,27000.0;28800.0
28800.0,56.25,buoyancy_mean,0.024678776,Center,m s^-2,25200.0,28800.0,27000.0;28800.0
28800.0,68.75,buoyancy_mean,0.0304387389,Center,m s^-2,25200.0,28800.0,27000.0;28800.0
28800.0,81.25,buoyancy_mean,0.0359429214,Center,m s^-2,25200.0,28800.0,27000.0;28800.0
28800.0,93.75,buoyancy_mean,0.0411979333,Center,m s^-2,25200.0,28800.0,27000.0;28800.0
28800.0,106.25,buoyancy_mean,0.0462181736,Center,m s^-2,25200.0,28800.0,27000.0;28800.0
28800.0,118.75,buoyancy_mean,0.0510322768,Center,m s^-2,25200.0,28800.0,27000.0;28800.0
28800.0,131.25,buoyancy_mean,0.0556853507,Center,m s^-2,25200.0,28800.0,27000.0;28800.0
28800.0,143.75,buoyancy_mean,0.0603873357,Center,m s^-2,25200.0,28800.0,27000.0;28800.0
28800.0,156.25,buoyancy_mean,0.0651302859,Center,m s^-2,25200.0,28800.0,27000.0;28800.0
28800.0,168.75,buoyancy_mean,0.0720964819,Center,m s^-2,25200.0,28800.0,27000.0;28800.0
28800.0,181.25,buoyancy_mean,0.0839092657,Center,m s^-2,25200.0,28800.0,27000.0;28800.0
28800.0,193.75,buoyancy_mean,0.0884511545,Center,m s^-2,25200.0,28800.0,27000.0;28800.0
28800.0,206.25,buoyancy_mean,0.0926865749,Center,m s^-2,25200.0,28800.0,27000.0;28800.0
28800.0,218.75,buoyancy_mean,0.0977032557,Center,m s^-2,25200.0,28800.0,27000.0;28800.0
28800.0,231.25,buoyancy_mean,0.1025456,Center,m s^-2,25200.0,28800.0,27000.0;28800.0
28800.0,243.75,buoyancy_mean,0.10783508,Center,m s^-2,25200.0,28800.0,27000.0;28800.0
28800.0,256.25,buoyancy_mean,0.111856226,Center,m s^-2,25200.0,28800.0,27000.0;28800.0
28800.0,268.75,buoyancy_mean,0.116297543,Center,m s^-2,25200.0,28800.0,27000.0;28800.0
28800.0,281.25,buoyancy_mean,0.120999251,Center,m s^-2,25200.0,28800.0,27000.0;28800.0
28800.0,293.75,buoyancy_mean,0.124864794,Center,m s^-2,25200.0,28800.0,27000.0;28800.0
28800.0,306.25,buoyancy_mean,0.129630521,Center,m s^-2,25200.0,28800.0,27000.0;28800.0
28800.0,318.75,buoyancy_mean,0.134704672,Center,m s^-2,25200.0,28800.0,27000.0;28800.0
28800.0,331.25,buoyancy_mean,0.139431797,Center,m s^-2,25200.0,28800.0,27000.0;28800.0
28800.0,343.75,buoyancy_mean,0.143978246,Center,m s^-2,25200.0,28800.0,27000.0;28800.0
28800.0,356.25,buoyancy_mean,0.148628481,Center,m s^-2,25200.0,28800.0,27000.0;28800.0
28800.0,368.75,buoyancy_mean,0.153272763,Center,m s^-2,25200.0,28800.0,27000.0;28800.0
28800.0,381.25,buoyancy_mean,0.15779978,Center,m s^-2,25200.0,28800.0,27000.0;28800.0
28800.0,393.75,buoyancy_mean,0.160850748,Center,m s^-2,25200.0,28800.0,27000.0;28800.0
28800.0,0,density_at_w_faces,1.32231128,Face,kg m^-3,25200.0,28800.0,27000.0;28800.0
28800.0,12.5,density_at_w_faces,1.32078004,Face,kg m^-3,25200.0,28800.0,27000.0;28800.0
28800.0,25,density_at_w_faces,1.31924987,Face,kg m^-3,25200.0,28800.0,27000.0;28800.0
28800.0,37.5,density_at_w_faces,1.31772065,Face,kg m^-3,25200.0,28800.0,27000.0;28800.0
28800.0,50,density_at_w_faces,1.31619275,Face,kg m^-3,25200.0,28800.0,27000.0;28800.0
28800.0,62.5,density_at_w_faces,1.31466579,Face,kg m^-3,25200.0,28800.0,27000.0;28800.0
28800.0,75,density_at_w_faces,1.31313968,Face,kg m^-3,25200.0,28800.0,27000.0;28800.0
28800.0,87.5,density_at_w_faces,1.31161475,Face,kg m^-3,25200.0,28800.0,27000.0;28800.0
28800.0,100,density_at_w_faces,1.31009102,Face,kg m^-3,25200.0,28800.0,27000.0;28800.0
28800.0,112.5,density_at_w_faces,1.30856824,Face,kg m^-3,25200.0,28800.0,27000.0;28800.0
28800.0,125,density_at_w_faces,1.30704665,Face,kg m^-3,25200.0,28800.0,27000.0;28800.0
28800.0,137.5,density_at_w_faces,1.30552602,Face,kg m^-3,25200.0,28800.0,27000.0;28800.0
28800.0,150,density_at_w_faces,1.30400634,Face,kg m^-3,25200.0,28800.0,27000.0;28800.0
28800.0,162.5,density_at_w_faces,1.30248785,Face,kg m^-3,25200.0,28800.0,27000.0;28800.0
28800.0,175,density_at_w_faces,1.30097032,Face,kg m^-3,25200.0,28800.0,27000.0;28800.0
28800.0,187.5,density_at_w_faces,1.29945397,Face,kg m^-3,25200.0,28800.0,27000.0;28800.0
28800.0,200,density_at_w_faces,1.29793859,Face,kg m^-3,25200.0,28800.0,27000.0;28800.0
28800.0,212.5,density_at_w_faces,1.29642439,Face,kg m^-3,25200.0,28800.0,27000.0;28800.0
28800.0,225,density_at_w_faces,1.29491115,Face,kg m^-3,25200.0,28800.0,27000.0;28800.0
28800.0,237.5,density_at_w_faces,1.2933991,Face,kg m^-3,25200.0,28800.0,27000.0;28800.0
28800.0,250,density_at_w_faces,1.291888,Face,kg m^-3,25200.0,28800.0,27000.0;28800.0
28800.0,262.5,density_at_w_faces,1.29037797,Face,kg m^-3,25200.0,28800.0,27000.0;28800.0
28800.0,275,density_at_w_faces,1.28886902,Face,kg m^-3,25200.0,28800.0,27000.0;28800.0
28800.0,287.5,density_at_w_faces,1.28736115,Face,kg m^-3,25200.0,28800.0,27000.0;28800.0
28800.0,300,density_at_w_faces,1.28585434,Face,kg m^-3,25200.0,28800.0,27000.0;28800.0
28800.0,312.5,density_at_w_faces,1.28434849,Face,kg m^-3,25200.0,28800.0,27000.0;28800.0
28800.0,325,density_at_w_faces,1.28284383,Face,kg m^-3,25200.0,28800.0,27000.0;28800.0
28800.0,337.5,density_at_w_faces,1.28134012,Face,kg m^-3,25200.0,28800.0,27000.0;28800.0
28800.0,350,density_at_w_faces,1.27983749,Face,kg m^-3,25200.0,28800.0,27000.0;28800.0
28800.0,362.5,density_at_w_faces,1.27833605,Face,kg m^-3,25200.0,28800.0,27000.0;28800.0
28800.0,375,density_at_w_faces,1.27683544,Face,kg m^-3,25200.0,28800.0,27000.0;28800.0
28800.0,387.5,density_at_w_faces,1.27533603,Face,kg m^-3,25200.0,28800.0,27000.0;28800.0
28800.0,400,density_at_w_faces,1.27458656,Face,kg m^-3,25200.0,28800.0,27000.0;28800.0
28800.0,6.25,density_mean,1.32154548,Center,kg m^-3,25200.0,28800.0,27000.0;28800.0
28800.0,18.75,density_mean,1.32001472,Center,kg m^-3,25200.0,28800.0,27000.0;28800.0
28800.0,31.25,density_mean,1.31848502,Center,kg m^-3,25200.0,28800.0,27000.0;28800.0
28800.0,43.75,density_mean,1.31695652,Center,kg m^-3,25200.0,28800.0,27000.0;28800.0
28800.0,56.25,density_mean,1.31542897,Center,kg m^-3,25200.0,28800.0,27000.0;28800.0
28800.0,68.75,density_mean,1.3139025,Center,kg m^-3,25200.0,28800.0,27000.0;28800.0
28800.0,81.25,density_mean,1.31237698,Center,kg m^-3,25200.0,28800.0,27000.0;28800.0
28800.0,93.75,density_mean,1.31085265,Center,kg m^-3,25200.0,28800.0,27000.0;28800.0
28800.0,106.25,density_mean,1.30932939,Center,kg m^-3,25200.0,28800.0,27000.0;28800.0
28800.0,118.75,density_mean,1.30780721,Center,kg m^-3,25200.0,28800.0,27000.0;28800.0
28800.0,131.25,density_mean,1.30628598,Center,kg m^-3,25200.0,28800.0,27000.0;28800.0
28800.0,143.75,density_mean,1.30476594,Center,kg m^-3,25200.0,28800.0,27000.0;28800.0
28800.0,156.25,density_mean,1.30324686,Center,kg m^-3,25200.0,28800.0,27000.0;28800.0
28800.0,168.75,density_mean,1.30172884,Center,kg m^-3,25200.0,28800.0,27000.0;28800.0
28800.0,181.25,density_mean,1.30021191,Center,kg m^-3,25200.0,28800.0,27000.0;28800.0
28800.0,193.75,density_mean,1.29869604,Center,kg m^-3,25200.0,28800.0,27000.0;28800.0
28800.0,206.25,density_mean,1.29718125,Center,kg m^-3,25200.0,28800.0,27000.0;28800.0
28800.0,218.75,density_mean,1.29566753,Center,kg m^-3,25200.0,28800.0,27000.0;28800.0
28800.0,231.25,density_mean,1.29415488,Center,kg m^-3,25200.0,28800.0,27000.0;28800.0
28800.0,243.75,density_mean,1.29264331,Center,kg m^-3,25200.0,28800.0,27000.0;28800.0
28800.0,256.25,density_mean,1.29113269,Center,kg m^-3,25200.0,28800.0,27000.0;28800.0
28800.0,268.75,density_mean,1.28962326,Center,kg m^-3,25200.0,28800.0,27000.0;28800.0
28800.0,281.25,density_mean,1.28811479,Center,kg m^-3,25200.0,28800.0,27000.0;28800.0
28800.0,293.75,density_mean,1.2866075,Center,kg m^-3,25200.0,28800.0,27000.0;28800.0
28800.0,306.25,density_mean,1.28510118,Center,kg m^-3,25200.0,28800.0,27000.0;28800.0
28800.0,318.75,density_mean,1.28359592,Center,kg m^-3,25200.0,28800.0,27000.0;28800.0
28800.0,331.25,density_mean,1.28209174,Center,kg m^-3,25200.0,28800.0,27000.0;28800.0
28800.0,343.75,density_mean,1.28058851,Center,kg m^-3,25200.0,28800.0,27000.0;28800.0
28800.0,356.25,density_mean,1.27908647,Center,kg m^-3,25200.0,28800.0,27000.0;28800.0
28800.0,368.75,density_mean,1.27758551,Center,kg m^-3,25200.0,28800.0,27000.0;28800.0
28800.0,381.25,density_mean,1.2760855,Center,kg m^-3,25200.0,28800.0,27000.0;28800.0
28800.0,393.75,density_mean,1.27458656,Center,kg m^-3,25200.0,28800.0,27000.0;28800.0
28800.0,0,density_weighted_pressure_tke_flux,0,Face,kg s^-3,25200.0,28800.0,27000.0;28800.0
28800.0,12.5,density_weighted_pressure_tke_flux,-3.39009015e-10,Face,kg s^-3,25200.0,28800.0,27000.0;28800.0
28800.0,25,density_weighted_pressure_tke_flux,-5.59794128e-10,Face,kg s^-3,25200.0,28800.0,27000.0;28800.0
28800.0,37.5,density_weighted_pressure_tke_flux,-7.20262794e-10,Face,kg s^-3,25200.0,28800.0,27000.0;28800.0
28800.0,50,density_weighted_pressure_tke_flux,-8.50549547e-10,Face,kg s^-3,25200.0,28800.0,27000.0;28800.0
28800.0,62.5,density_weighted_pressure_tke_flux,-9.77936732e-10,Face,kg s^-3,25200.0,28800.0,27000.0;28800.0
28800.0,75,density_weighted_pressure_tke_flux,-1.15965015e-09,Face,kg s^-3,25200.0,28800.0,27000.0;28800.0
28800.0,87.5,density_weighted_pressure_tke_flux,-1.90690419e-09,Face,kg s^-3,25200.0,28800.0,27000.0;28800.0
28800.0,100,density_weighted_pressure_tke_flux,-2.85054857e-09,Face,kg s^-3,25200.0,28800.0,27000.0;28800.0
28800.0,112.5,density_weighted_pressure_tke_flux,-3.62329988e-09,Face,kg s^-3,25200.0,28800.0,27000.0;28800.0
28800.0,125,density_weighted_pressure_tke_flux,-4.09166667e-09,Face,kg s^-3,25200.0,28800.0,27000.0;28800.0
28800.0,137.5,density_weighted_pressure_tke_flux,-4.01011557e-09,Face,kg s^-3,25200.0,28800.0,27000.0;28800.0
28800.0,150,density_weighted_pressure_tke_flux,-6.01530847e-09,Face,kg s^-3,25200.0,28800.0,27000.0;28800.0
28800.0,162.5,density_weighted_pressure_tke_flux,-5.16168164e-09,Face,kg s^-3,25200.0,28800.0,27000.0;28800.0
28800.0,175,density_weighted_pressure_tke_flux,7.54822316e-09,Face,kg s^-3,25200.0,28800.0,27000.0;28800.0
28800.0,187.5,density_weighted_pressure_tke_flux,-8.22641788e-09,Face,kg s^-3,25200.0,28800.0,27000.0;28800.0
28800.0,200,density_weighted_pressure_tke_flux,-1.06727311e-08,Face,kg s^-3,25200.0,28800.0,27000.0;28800.0
28800.0,212.5,density_weighted_pressure_tke_flux,-4.29926161e-09,Face,kg s^-3,25200.0,28800.0,27000.0;28800.0
28800.0,225,density_weighted_pressure_tke_flux,-1.95942396e-09,Face,kg s^-3,25200.0,28800.0,27000.0;28800.0
28800.0,237.5,density_weighted_pressure_tke_flux,1.33707712e-09,Face,kg s^-3,25200.0,28800.0,27000.0;28800.0
28800.0,250,density_weighted_pressure_tke_flux,4.40665308e-09,Face,kg s^-3,25200.0,28800.0,27000.0;28800.0
28800.0,262.5,density_weighted_pressure_tke_flux,7.49427409e-09,Face,kg s^-3,25200.0,28800.0,27000.0;28800.0
28800.0,275,density_weighted_pressure_tke_flux,1.20890995e-08,Face,kg s^-3,25200.0,28800.0,27000.0;28800.0
28800.0,287.5,density_weighted_pressure_tke_flux,1.87176994e-08,Face,kg s^-3,25200.0,28800.0,27000.0;28800.0
28800.0,300,density_weighted_pressure_tke_flux,2.60195989e-08,Face,kg s^-3,25200.0,28800.0,27000.0;28800.0
28800.0,312.5,density_weighted_pressure_tke_flux,2.74121161e-08,Face,kg s^-3,25200.0,28800.0,27000.0;28800.0
28800.0,325,density_weighted_pressure_tke_flux,2.29969075e-08,Face,kg s^-3,25200.0,28800.0,27000.0;28800.0
28800.0,337.5,density_weighted_pressure_tke_flux,1.86661264e-08,Face,kg s^-3,25200.0,28800.0,27000.0;28800.0
28800.0,350,density_weighted_pressure_tke_flux,1.33119453e-08,Face,kg s^-3,25200.0,28800.0,27000.0;28800.0
28800.0,362.5,density_weighted_pressure_tke_flux,6.75226963e-09,Face,kg s^-3,25200.0,28800.0,27000.0;28800.0
28800.0,375,density_weighted_pressure_tke_flux,2.22124619e-09,Face,kg s^-3,25200.0,28800.0,27000.0;28800.0
28800.0,387.5,density_weighted_pressure_tke_flux,5.20411297e-10,Face,kg s^-3,25200.0,28800.0,27000.0;28800.0
28800.0,400,density_weighted_pressure_tke_flux,0,Face,kg s^-3,25200.0,28800.0,27000.0;28800.0
28800.0,0,density_weighted_turbulent_tke_flux,0,Face,kg s^-3,25200.0,28800.0,27000.0;28800.0
28800.0,12.5,density_weighted_turbulent_tke_flux,-1.09477367e-15,Face,kg s^-3,25200.0,28800.0,27000.0;28800.0
28800.0,25,density_weighted_turbulent_tke_flux,1.34449063e-16,Face,kg s^-3,25200.0,28800.0,27000.0;28800.0
28800.0,37.5,density_weighted_turbulent_tke_flux,-2.06713097e-16,Face,kg s^-3,25200.0,28800.0,27000.0;28800.0
28800.0,50,density_weighted_turbulent_tke_flux,-1.24899243e-15,Face,kg s^-3,25200.0,28800.0,27000.0;28800.0
28800.0,62.5,density_weighted_turbulent_tke_flux,-2.67898225e-15,Face,kg s^-3,25200.0,28800.0,27000.0;28800.0
28800.0,75,density_weighted_turbulent_tke_flux,-2.56718746e-15,Face,kg s^-3,25200.0,28800.0,27000.0;28800.0
28800.0,87.5,density_weighted_turbulent_tke_flux,-3.73371683e-14,Face,kg s^-3,25200.0,28800.0,27000.0;28800.0
28800.0,100,density_weighted_turbulent_tke_flux,-5.36444126e-14,Face,kg s^-3,25200.0,28800.0,27000.0;28800.0
28800.0,112.5,density_weighted_turbulent_tke_flux,-3.29260545e-14,Face,kg s^-3,25200.0,28800.0,27000.0;28800.0
28800.0,125,density_weighted_turbulent_tke_flux,2.13918781e-14,Face,kg s^-3,25200.0,28800.0,27000.0;28800.0
28800.0,137.5,density_weighted_turbulent_tke_flux,3.03447859e-13,Face,kg s^-3,25200.0,28800.0,27000.0;28800.0
28800.0,150,density_weighted_turbulent_tke_flux,4.65271875e-12,Face,kg s^-3,25200.0,28800.0,27000.0;28800.0
28800.0,162.5,density_weighted_turbulent_tke_flux,8.40690281e-12,Face,kg s^-3,25200.0,28800.0,27000.0;28800.0
28800.0,175,density_weighted_turbulent_tke_flux,-2.41381966e-11,Face,kg s^-3,25200.0,28800.0,27000.0;28800.0
28800.0,187.5,density_weighted_turbulent_tke_flux,-1.08955255e-10,Face,kg s^-3,25200.0,28800.0,27000.0;28800.0
28800.0,200,density_weighted_turbulent_tke_flux,-3.20426639e-11,Face,kg s^-3,25200.0,28800.0,27000.0;28800.0
28800.0,212.5,density_weighted_turbulent_tke_flux,-3.67493752e-11,Face,kg s^-3,25200.0,28800.0,27000.0;28800.0
28800.0,225,density_weighted_turbulent_tke_flux,-3.93881577e-11,Face,kg s^-3,25200.0,28800.0,27000.0;28800.0
28800.0,237.5,density_weighted_turbulent_tke_flux,-4.94818353e-11,Face,kg s^-3,25200.0,28800.0,27000.0;28800.0
28800.0,250,density_weighted_turbulent_tke_flux,-4.43804017e-11,Face,kg s^-3,25200.0,28800.0,27000.0;28800.0
28800.0,262.5,density_weighted_turbulent_tke_flux,-4.89975421e-11,Face,kg s^-3,25200.0,28800.0,27000.0;28800.0
28800.0,275,density_weighted_turbulent_tke_flux,-5.15522334e-11,Face,kg s^-3,25200.0,28800.0,27000.0;28800.0
28800.0,287.5,density_weighted_turbulent_tke_flux,-1.03028613e-10,Face,kg s^-3,25200.0,28800.0,27000.0;28800.0
28800.0,300,density_weighted_turbulent_tke_flux,-8.41443668e-11,Face,kg s^-3,25200.0,28800.0,27000.0;28800.0
28800.0,312.5,density_weighted_turbulent_tke_flux,-2.55788154e-11,Face,kg s^-3,25200.0,28800.0,27000.0;28800.0
28800.0,325,density_weighted_turbulent_tke_flux,-3.81346994e-12,Face,kg s^-3,25200.0,28800.0,27000.0;28800.0
28800.0,337.5,density_weighted_turbulent_tke_flux,-3.91432199e-12,Face,kg s^-3,25200.0,28800.0,27000.0;28800.0
28800.0,350,density_weighted_turbulent_tke_flux,-1.72790966e-11,Face,kg s^-3,25200.0,28800.0,27000.0;28800.0
28800.0,362.5,density_weighted_turbulent_tke_flux,-2.29013466e-12,Face,kg s^-3,25200.0,28800.0,27000.0;28800.0
28800.0,375,density_weighted_turbulent_tke_flux,-3.96819686e-12,Face,kg s^-3,25200.0,28800.0,27000.0;28800.0
28800.0,387.5,density_weighted_turbulent_tke_flux,-7.30025849e-14,Face,kg s^-3,25200.0,28800.0,27000.0;28800.0
28800.0,400,density_weighted_turbulent_tke_flux,0,Face,kg s^-3,25200.0,28800.0,27000.0;28800.0
28800.0,0,pressure_tke_flux,0,Face,m^3 s^-3,25200.0,28800.0,27000.0;28800.0
28800.0,12.5,pressure_tke_flux,-2.56673301e-10,Face,m^3 s^-3,25200.0,28800.0,27000.0;28800.0
28800.0,25,pressure_tke_flux,-4.24327073e-10,Face,m^3 s^-3,25200.0,28800.0,27000.0;28800.0
28800.0,37.5,pressure_tke_flux,-5.46597351e-10,Face,m^3 s^-3,25200.0,28800.0,27000.0;28800.0
28800.0,50,pressure_tke_flux,-6.46219495e-10,Face,m^3 s^-3,25200.0,28800.0,27000.0;28800.0
28800.0,62.5,pressure_tke_flux,-7.43868078e-10,Face,m^3 s^-3,25200.0,28800.0,27000.0;28800.0
28800.0,75,pressure_tke_flux,-8.83112e-10,Face,m^3 s^-3,25200.0,28800.0,27000.0;28800.0
28800.0,87.5,pressure_tke_flux,-1.45385981e-09,Face,m^3 s^-3,25200.0,28800.0,27000.0;28800.0
28800.0,100,pressure_tke_flux,-2.17584006e-09,Face,m^3 s^-3,25200.0,28800.0,27000.0;28800.0
28800.0,112.5,pressure_tke_flux,-2.76890644e-09,Face,m^3 s^-3,25200.0,28800.0,27000.0;28800.0
28800.0,125,pressure_tke_flux,-3.13046933e-09,Face,m^3 s^-3,25200.0,28800.0,27000.0;28800.0
28800.0,137.5,pressure_tke_flux,-3.07164483e-09,Face,m^3 s^-3,25200.0,28800.0,27000.0;28800.0
28800.0,150,pressure_tke_flux,-4.61294725e-09,Face,m^3 s^-3,25200.0,28800.0,27000.0;28800.0
28800.0,162.5,pressure_tke_flux,-3.96293676e-09,Face,m^3 s^-3,25200.0,28800.0,27000.0;28800.0
28800.0,175,pressure_tke_flux,5.8020001e-09,Face,m^3 s^-3,25200.0,28800.0,27000.0;28800.0
28800.0,187.5,pressure_tke_flux,-6.33066788e-09,Face,m^3 s^-3,25200.0,28800.0,27000.0;28800.0
28800.0,200,pressure_tke_flux,-8.22282153e-09,Face,m^3 s^-3,25200.0,28800.0,27000.0;28800.0
28800.0,212.5,pressure_tke_flux,-3.31624916e-09,Face,m^3 s^-3,25200.0,28800.0,27000.0;28800.0
28800.0,225,pressure_tke_flux,-1.51317092e-09,Face,m^3 s^-3,25200.0,28800.0,27000.0;28800.0
28800.0,237.5,pressure_tke_flux,1.03376779e-09,Face,m^3 s^-3,25200.0,28800.0,27000.0;28800.0
28800.0,250,pressure_tke_flux,3.41101734e-09,Face,m^3 s^-3,25200.0,28800.0,27000.0;28800.0
28800.0,262.5,pressure_tke_flux,5.80780957e-09,Face,m^3 s^-3,25200.0,28800.0,27000.0;28800.0
28800.0,275,pressure_tke_flux,9.3796213e-09,Face,m^3 s^-3,25200.0,28800.0,27000.0;28800.0
28800.0,287.5,pressure_tke_flux,1.45395957e-08,Face,m^3 s^-3,25200.0,28800.0,27000.0;28800.0
28800.0,300,pressure_tke_flux,2.02352481e-08,Face,m^3 s^-3,25200.0,28800.0,27000.0;28800.0
28800.0,312.5,pressure_tke_flux,2.13432081e-08,Face,m^3 s^-3,25200.0,28800.0,27000.0;28800.0
28800.0,325,pressure_tke_flux,1.79265012e-08,Face,m^3 s^-3,25200.0,28800.0,27000.0;28800.0
28800.0,337.5,pressure_tke_flux,1.45676506e-08,Face,m^3 s^-3,25200.0,28800.0,27000.0;28800.0
28800.0,350,pressure_tke_flux,1.04012807e-08,Face,m^3 s^-3,25200.0,28800.0,27000.0;28800.0
28800.0,362.5,pressure_tke_flux,5.28207655e-09,Face,m^3 s^-3,25200.0,28800.0,27000.0;28800.0
28800.0,375,pressure_tke_flux,1.73964965e-09,Face,m^3 s^-3,25200.0,28800.0,27000.0;28800.0
28800.0,387.5,pressure_tke_flux,4.08058018e-10,Face,m^3 s^-3,25200.0,28800.0,27000.0;28800.0
28800.0,400,pressure_tke_flux,0,Face,m^3 s^-3,25200.0,28800.0,27000.0;28800.0
28800.0,0,resolved_buoyancy_flux,0,Face,m^2 s^-3,25200.0,28800.0,27000.0;28800.0
28800.0,12.5,resolved_buoyancy_flux,-3.63067778e-13,Face,m^2 s^-3,25200.0,28800.0,27000.0;28800.0
28800.0,25,resolved_buoyancy_flux,-1.29130121e-12,Face,m^2 s^-3,25200.0,28800.0,27000.0;28800.0
28800.0,37.5,resolved_buoyancy_flux,-1.53099365e-12,Face,m^2 s^-3,25200.0,28800.0,27000.0;28800.0
28800.0,50,resolved_buoyancy_flux,-2.70687921e-12,Face,m^2 s^-3,25200.0,28800.0,27000.0;28800.0
28800.0,62.5,resolved_buoyancy_flux,-5.80998422e-12,Face,m^2 s^-3,25200.0,28800.0,27000.0;28800.0
28800.0,75,resolved_buoyancy_flux,-9.5759416e-12,Face,m^2 s^-3,25200.0,28800.0,27000.0;28800.0
28800.0,87.5,resolved_buoyancy_flux,-2.03928376e-11,Face,m^2 s^-3,25200.0,28800.0,27000.0;28800.0
28800.0,100,resolved_buoyancy_flux,-3.56586601e-11,Face,m^2 s^-3,25200.0,28800.0,27000.0;28800.0
28800.0,112.5,resolved_buoyancy_flux,-5.20296584e-11,Face,m^2 s^-3,25200.0,28800.0,27000.0;28800.0
28800.0,125,resolved_buoyancy_flux,-8.05758481e-11,Face,m^2 s^-3,25200.0,28800.0,27000.0;28800.0
28800.0,137.5,resolved_buoyancy_flux,-9.66936739e-11,Face,m^2 s^-3,25200.0,28800.0,27000.0;28800.0
28800.0,150,resolved_buoyancy_flux,-1.42933661e-10,Face,m^2 s^-3,25200.0,28800.0,27000.0;28800.0
28800.0,162.5,resolved_buoyancy_flux,8.33937502e-11,Face,m^2 s^-3,25200.0,28800.0,27000.0;28800.0
28800.0,175,resolved_buoyancy_flux,-9.48075368e-10,Face,m^2 s^-3,25200.0,28800.0,27000.0;28800.0
28800.0,187.5,resolved_buoyancy_flux,-2.91217953e-10,Face,m^2 s^-3,25200.0,28800.0,27000.0;28800.0
28800.0,200,resolved_buoyancy_flux,7.77060194e-10,Face,m^2 s^-3,25200.0,28800.0,27000.0;28800.0
28800.0,212.5,resolved_buoyancy_flux,2.98751295e-10,Face,m^2 s^-3,25200.0,28800.0,27000.0;28800.0
28800.0,225,resolved_buoyancy_flux,1.87240112e-10,Face,m^2 s^-3,25200.0,28800.0,27000.0;28800.0
28800.0,237.5,resolved_buoyancy_flux,3.82497659e-10,Face,m^2 s^-3,25200.0,28800.0,27000.0;28800.0
28800.0,250,resolved_buoyancy_flux,3.29520931e-10,Face,m^2 s^-3,25200.0,28800.0,27000.0;28800.0
28800.0,262.5,resolved_buoyancy_flux,2.22455908e-10,Face,m^2 s^-3,25200.0,28800.0,27000.0;28800.0
28800.0,275,resolved_buoyancy_flux,8.54112725e-10,Face,m^2 s^-3,25200.0,28800.0,27000.0;28800.0
28800.0,287.5,resolved_buoyancy_flux,9.73674003e-10,Face,m^2 s^-3,25200.0,28800.0,27000.0;28800.0
28800.0,300,resolved_buoyancy_flux,5.72384376e-10,Face,m^2 s^-3,25200.0,28800.0,27000.0;28800.0
28800.0,312.5,resolved_buoyancy_flux,1.62482461e-09,Face,m^2 s^-3,25200.0,28800.0,27000.0;28800.0
28800.0,325,resolved_buoyancy_flux,2.04696726e-09,Face,m^2 s^-3,25200.0,28800.0,27000.0;28800.0
28800.0,337.5,resolved_buoyancy_flux,1.88188232e-09,Face,m^2 s^-3,25200.0,28800.0,27000.0;28800.0
28800.0,350,resolved_buoyancy_flux,1.48133217e-09,Face,m^2 s^-3,25200.0,28800.0,27000.0;28800.0
28800.0,362.5,resolved_buoyancy_flux,1.27425448e-09,Face,m^2 s^-3,25200.0,28800.0,27000.0;28800.0
28800.0,375,resolved_buoyancy_flux,8.55904181e-10,Face,m^2 s^-3,25200.0,28800.0,27000.0;28800.0
28800.0,387.5,resolved_buoyancy_flux,1.75354536e-09,Face,m^2 s^-3,25200.0,28800.0,27000.0;28800.0
28800.0,400,resolved_buoyancy_flux,0,Face,m^2 s^-3,25200.0,28800.0,27000.0;28800.0
28800.0,6.25,resolved_tke,5.42807821e-09,Center,m^2 s^-2,25200.0,28800.0,27000.0;28800.0
28800.0,18.75,resolved_tke,7.30824778e-09,Center,m^2 s^-2,25200.0,28800.0,27000.0;28800.0
28800.0,31.25,resolved_tke,7.05018088e-09,Center,m^2 s^-2,25200.0,28800.0,27000.0;28800.0
28800.0,43.75,resolved_tke,8.67200933e-09,Center,m^2 s^-2,25200.0,28800.0,27000.0;28800.0
28800.0,56.25,resolved_tke,1.05036579e-08,Center,m^2 s^-2,25200.0,28800.0,27000.0;28800.0
28800.0,68.75,resolved_tke,1.17809704e-08,Center,m^2 s^-2,25200.0,28800.0,27000.0;28800.0
28800.0,81.25,resolved_tke,2.0281453e-08,Center,m^2 s^-2,25200.0,28800.0,27000.0;28800.0
28800.0,93.75,resolved_tke,2.0482978e-08,Center,m^2 s^-2,25200.0,28800.0,27000.0;28800.0
28800.0,106.25,resolved_tke,2.25854881e-08,Center,m^2 s^-2,25200.0,28800.0,27000.0;28800.0
28800.0,118.75,resolved_tke,2.69268448e-08,Center,m^2 s^-2,25200.0,28800.0,27000.0;28800.0
28800.0,131.25,resolved_tke,4.06233802e-08,Center,m^2 s^-2,25200.0,28800.0,27000.0;28800.0
28800.0,143.75,resolved_tke,1.42145758e-07,Center,m^2 s^-2,25200.0,28800.0,27000.0;28800.0
28800.0,156.25,resolved_tke,9.82039865e-07,Center,m^2 s^-2,25200.0,28800.0,27000.0;28800.0
28800.0,168.75,resolved_tke,2.11549838e-06,Center,m^2 s^-2,25200.0,28800.0,27000.0;28800.0
28800.0,181.25,resolved_tke,2.38525899e-06,Center,m^2 s^-2,25200.0,28800.0,27000.0;28800.0
28800.0,193.75,resolved_tke,7.51659087e-07,Center,m^2 s^-2,25200.0,28800.0,27000.0;28800.0
28800.0,206.25,resolved_tke,8.06661291e-07,Center,m^2 s^-2,25200.0,28800.0,27000.0;28800.0
28800.0,218.75,resolved_tke,9.3869474e-07,Center,m^2 s^-2,25200.0,28800.0,27000.0;28800.0
28800.0,231.25,resolved_tke,8.50606568e-07,Center,m^2 s^-2,25200.0,28800.0,27000.0;28800.0
28800.0,243.75,resolved_tke,9.39953651e-07,Center,m^2 s^-2,25200.0,28800.0,27000.0;28800.0
28800.0,256.25,resolved_tke,8.47891613e-07,Center,m^2 s^-2,25200.0,28800.0,27000.0;28800.0
28800.0,268.75,resolved_tke,9.49791541e-07,Center,m^2 s^-2,25200.0,28800.0,27000.0;28800.0
28800.0,281.25,resolved_tke,1.06407998e-06,Center,m^2 s^-2,25200.0,28800.0,27000.0;28800.0
28800.0,293.75,resolved_tke,1.28271097e-06,Center,m^2 s^-2,25200.0,28800.0,27000.0;28800.0
28800.0,306.25,resolved_tke,1.40469103e-06,Center,m^2 s^-2,25200.0,28800.0,27000.0;28800.0
28800.0,318.75,resolved_tke,1.03691556e-06,Center,m^2 s^-2,25200.0,28800.0,27000.0;28800.0
28800.0,331.25,resolved_tke,1.00051898e-06,Center,m^2 s^-2,25200.0,28800.0,27000.0;28800.0
28800.0,343.75,resolved_tke,7.24051858e-07,Center,m^2 s^-2,25200.0,28800.0,27000.0;28800.0
28800.0,356.25,resolved_tke,6.24943851e-07,Center,m^2 s^-2,25200.0,28800.0,27000.0;28800.0
28800.0,368.75,resolved_tke,4.22087027e-07,Center,m^2 s^-2,25200.0,28800.0,27000.0;28800.0
28800.0,381.25,resolved_tke,2.35736117e-07,Center,m^2 s^-2,25200.0,28800.0,27000.0;28800.0
28800.0,393.75,resolved_tke,1.54095702e-07,Center,m^2 s^-2,25200.0,28800.0,27000.0;28800.0
28800.0,6.25,resolved_tke_buoyancy_production,-1.81533784e-13,Center,m^2 s^-3,25200.0,28800.0,27000.0;28800.0
28800.0,18.75,resolved_tke_buoyancy_production,-8.27184052e-13,Center,m^2 s^-3,25200.0,28800.0,27000.0;28800.0
28800.0,31.25,resolved_tke_buoyancy_production,-1.41114724e-12,Center,m^2 s^-3,25200.0,28800.0,27000.0;28800.0
28800.0,43.75,resolved_tke_buoyancy_production,-2.11893328e-12,Center,m^2 s^-3,25200.0,28800.0,27000.0;28800.0
28800.0,56.25,resolved_tke_buoyancy_production,-4.25843085e-12,Center,m^2 s^-3,25200.0,28800.0,27000.0;28800.0
28800.0,68.75,resolved_tke_buoyancy_production,-7.69296779e-12,Center,m^2 s^-3,25200.0,28800.0,27000.0;28800.0
28800.0,81.25,resolved_tke_buoyancy_production,-1.49844052e-11,Center,m^2 s^-3,25200.0,28800.0,27000.0;28800.0
28800.0,93.75,resolved_tke_buoyancy_production,-2.80257224e-11,Center,m^2 s^-3,25200.0,28800.0,27000.0;28800.0
28800.0,106.25,resolved_tke_buoyancy_production,-4.38442008e-11,Center,m^2 s^-3,25200.0,28800.0,27000.0;28800.0
28800.0,118.75,resolved_tke_buoyancy_production,-6.63028417e-11,Center,m^2 s^-3,25200.0,28800.0,27000.0;28800.0
28800.0,131.25,resolved_tke_buoyancy_production,-8.8634787e-11,Center,m^2 s^-3,25200.0,28800.0,27000.0;28800.0
28800.0,143.75,resolved_tke_buoyancy_production,-1.19813645e-10,Center,m^2 s^-3,25200.0,28800.0,27000.0;28800.0
28800.0,156.25,resolved_tke_buoyancy_production,-2.97697283e-11,Center,m^2 s^-3,25200.0,28800.0,27000.0;28800.0
28800.0,168.75,resolved_tke_buoyancy_production,-4.32340858e-10,Center,m^2 s^-3,25200.0,28800.0,27000.0;28800.0
28800.0,181.25,resolved_tke_buoyancy_production,-6.19646667e-10,Center,m^2 s^-3,25200.0,28800.0,27000.0;28800.0
28800.0,193.75,resolved_tke_buoyancy_production,2.42921003e-10,Center,m^2 s^-3,25200.0,28800.0,27000.0;28800.0
28800.0,206.25,resolved_tke_buoyancy_production,5.37906442e-10,Center,m^2 s^-3,25200.0,28800.0,27000.0;28800.0
28800.0,218.75,resolved_tke_buoyancy_production,2.4299586e-10,Center,m^2 s^-3,25200.0,28800.0,27000.0;28800.0
28800.0,231.25,resolved_tke_buoyancy_production,2.84868767e-10,Center,m^2 s^-3,25200.0,28800.0,27000.0;28800.0
28800.0,243.75,resolved_tke_buoyancy_production,3.56009555e-10,Center,m^2 s^-3,25200.0,28800.0,27000.0;28800.0
28800.0,256.25,resolved_tke_buoyancy_production,2.75988607e-10,Center,m^2 s^-3,25200.0,28800.0,27000.0;28800.0
28800.0,268.75,resolved_tke_buoyancy_production,5.38283945e-10,Center,m^2 s^-3,25200.0,28800.0,27000.0;28800.0
28800.0,281.25,resolved_tke_buoyancy_production,9.13892906e-10,Center,m^2 s^-3,25200.0,28800.0,27000.0;28800.0
28800.0,293.75,resolved_tke_buoyancy_production,7.73029002e-10,Center,m^2 s^-3,25200.0,28800.0,27000.0;28800.0
28800.0,306.25,resolved_tke_buoyancy_production,1.0986044e-09,Center,m^2 s^-3,25200.0,28800.0,27000.0;28800.0
28800.0,318.75,resolved_tke_buoyancy_production,1.83589755e-09,Center,m^2 s^-3,25200.0,28800.0,27000.0;28800.0
28800.0,331.25,resolved_tke_buoyancy_production,1.96442462e-09,Center,m^2 s^-3,25200.0,28800.0,27000.0;28800.0
28800.0,343.75,resolved_tke_buoyancy_production,1.68160608e-09,Center,m^2 s^-3,25200.0,28800.0,27000.0;28800.0
28800.0,356.25,resolved_tke_buoyancy_production,1.3777921e-09,Center,m^2 s^-3,25200.0,28800.0,27000.0;28800.0
28800.0,368.75,resolved_tke_buoyancy_production,1.06507908e-09,Center,m^2 s^-3,25200.0,28800.0,27000.0;28800.0
28800.0,381.25,resolved_tke_buoyancy_production,1.30472533e-09,Center,m^2 s^-3,25200.0,28800.0,27000.0;28800.0
28800.0,393.75,resolved_tke_buoyancy_production,8.76772099e-10,Center,m^2 s^-3,25200.0,28800.0,27000.0;28800.0
28800.0,6.25,resolved_tke_pressure_transport,2.05219704e-11,Center,m^2 s^-3,25200.0,28800.0,27000.0;28800.0
28800.0,18.75,resolved_tke_pressure_transport,1.33807644e-11,Center,m^2 s^-3,25200.0,28800.0,27000.0;28800.0
28800.0,31.25,resolved_tke_pressure_transport,9.73652452e-12,Center,m^2 s^-3,25200.0,28800.0,27000.0;28800.0
28800.0,43.75,resolved_tke_pressure_transport,7.91444189e-12,Center,m^2 s^-3,25200.0,28800.0,27000.0;28800.0
28800.0,56.25,resolved_tke_pressure_transport,7.74733316e-12,Center,m^2 s^-3,25200.0,28800.0,27000.0;28800.0
28800.0,68.75,resolved_tke_pressure_transport,1.10639618e-11,Center,m^2 s^-3,25200.0,28800.0,27000.0;28800.0
28800.0,81.25,resolved_tke_pressure_transport,4.55512537e-11,Center,m^2 s^-3,25200.0,28800.0,27000.0;28800.0
28800.0,93.75,resolved_tke_pressure_transport,5.75895581e-11,Center,m^2 s^-3,25200.0,28800.0,27000.0;28800.0
28800.0,106.25,resolved_tke_pressure_transport,4.72151537e-11,Center,m^2 s^-3,25200.0,28800.0,27000.0;28800.0
28800.0,118.75,resolved_tke_pressure_transport,2.86504605e-11,Center,m^2 s^-3,25200.0,28800.0,27000.0;28800.0
28800.0,131.25,resolved_tke_pressure_transport,-4.99444285e-12,Center,m^2 s^-3,25200.0,28800.0,27000.0;28800.0
28800.0,143.75,resolved_tke_pressure_transport,1.22945907e-10,Center,m^2 s^-3,25200.0,28800.0,27000.0;28800.0
28800.0,156.25,resolved_tke_pressure_transport,-5.24003757e-11,Center,m^2 s^-3,25200.0,28800.0,27000.0;28800.0
28800.0,168.75,resolved_tke_pressure_transport,-7.81110142e-10,Center,m^2 s^-3,25200.0,28800.0,27000.0;28800.0
28800.0,181.25,resolved_tke_pressure_transport,9.70589276e-10,Center,m^2 s^-3,25200.0,28800.0,27000.0;28800.0
28800.0,193.75,resolved_tke_pressure_transport,1.50693374e-10,Center,m^2 s^-3,25200.0,28800.0,27000.0;28800.0
28800.0,206.25,resolved_tke_pressure_transport,-3.93065469e-10,Center,m^2 s^-3,25200.0,28800.0,27000.0;28800.0
28800.0,218.75,resolved_tke_pressure_transport,-1.44471674e-10,Center,m^2 s^-3,25200.0,28800.0,27000.0;28800.0
28800.0,231.25,resolved_tke_pressure_transport,-2.03777911e-10,Center,m^2 s^-3,25200.0,28800.0,27000.0;28800.0
28800.0,243.75,resolved_tke_pressure_transport,-1.89972149e-10,Center,m^2 s^-3,25200.0,28800.0,27000.0;28800.0
28800.0,256.25,resolved_tke_pressure_transport,-1.91312466e-10,Center,m^2 s^-3,25200.0,28800.0,27000.0;28800.0
28800.0,268.75,resolved_tke_pressure_transport,-2.85033921e-10,Center,m^2 s^-3,25200.0,28800.0,27000.0;28800.0
28800.0,281.25,resolved_tke_pressure_transport,-4.11677817e-10,Center,m^2 s^-3,25200.0,28800.0,27000.0;28800.0
28800.0,293.75,resolved_tke_pressure_transport,-4.54025109e-10,Center,m^2 s^-3,25200.0,28800.0,27000.0;28800.0
28800.0,306.25,resolved_tke_pressure_transport,-8.6687095e-11,Center,m^2 s^-3,25200.0,28800.0,27000.0;28800.0
28800.0,318.75,resolved_tke_pressure_transport,2.75177724e-10,Center,m^2 s^-3,25200.0,28800.0,27000.0;28800.0
28800.0,331.25,resolved_tke_pressure_transport,2.70232794e-10,Center,m^2 s^-3,25200.0,28800.0,27000.0;28800.0
28800.0,343.75,resolved_tke_pressure_transport,3.34481998e-10,Center,m^2 s^-3,25200.0,28800.0,27000.0;28800.0
28800.0,356.25,resolved_tke_pressure_transport,4.10272413e-10,Center,m^2 s^-3,25200.0,28800.0,27000.0;28800.0
28800.0,368.75,resolved_tke_pressure_transport,2.83724141e-10,Center,m^2 s^-3,25200.0,28800.0,27000.0;28800.0
28800.0,381.25,resolved_tke_pressure_transport,1.0662831e-10,Center,m^2 s^-3,25200.0,28800.0,27000.0;28800.0
28800.0,393.75,resolved_tke_pressure_transport,3.26638057e-11,Center,m^2 s^-3,25200.0,28800.0,27000.0;28800.0
28800.0,6.25,resolved_tke_shear_production,6.83415694e-12,Center,m^2 s^-3,25200.0,28800.0,27000.0;28800.0
28800.0,18.75,resolved_tke_shear_production,9.26911846e-12,Center,m^2 s^-3,25200.0,28800.0,27000.0;28800.0
28800.0,31.25,resolved_tke_shear_production,5.04217008e-12,Center,m^2 s^-3,25200.0,28800.0,27000.0;28800.0
28800.0,43.75,resolved_tke_shear_production,9.34867461e-12,Center,m^2 s^-3,25200.0,28800.0,27000.0;28800.0
28800.0,56.25,resolved_tke_shear_production,1.75896814e-11,Center,m^2 s^-3,25200.0,28800.0,27000.0;28800.0
28800.0,68.75,resolved_tke_shear_production,1.79586285e-11,Center,m^2 s^-3,25200.0,28800.0,27000.0;28800.0
28800.0,81.25,resolved_tke_shear_production,2.75368357e-11,Center,m^2 s^-3,25200.0,28800.0,27000.0;28800.0
28800.0,93.75,resolved_tke_shear_production,2.82974703e-11,Center,m^2 s^-3,25200.0,28800.0,27000.0;28800.0
28800.0,106.25,resolved_tke_shear_production,2.23454623e-11,Center,m^2 s^-3,25200.0,28800.0,27000.0;28800.0
28800.0,118.75,resolved_tke_shear_production,4.43056321e-11,Center,m^2 s^-3,25200.0,28800.0,27000.0;28800.0
28800.0,131.25,resolved_tke_shear_production,9.31961799e-11,Center,m^2 s^-3,25200.0,28800.0,27000.0;28800.0
28800.0,143.75,resolved_tke_shear_production,6.36635022e-10,Center,m^2 s^-3,25200.0,28800.0,27000.0;28800.0
28800.0,156.25,resolved_tke_shear_production,9.87715187e-10,Center,m^2 s^-3,25200.0,28800.0,27000.0;28800.0
28800.0,168.75,resolved_tke_shear_production,3.00282088e-09,Center,m^2 s^-3,25200.0,28800.0,27000.0;28800.0
28800.0,181.25,resolved_tke_shear_production,2.56244825e-09,Center,m^2 s^-3,25200.0,28800.0,27000.0;28800.0
28800.0,193.75,resolved_tke_shear_production,-2.5799027e-11,Center,m^2 s^-3,25200.0,28800.0,27000.0;28800.0
28800.0,206.25,resolved_tke_shear_production,-3.81984941e-14,Center,m^2 s^-3,25200.0,28800.0,27000.0;28800.0
28800.0,218.75,resolved_tke_shear_production,-2.31757312e-13,Center,m^2 s^-3,25200.0,28800.0,27000.0;28800.0
28800.0,231.25,resolved_tke_shear_production,-1.84238306e-13,Center,m^2 s^-3,25200.0,28800.0,27000.0;28800.0
28800.0,243.75,resolved_tke_shear_production,-2.37590302e-14,Center,m^2 s^-3,25200.0,28800.0,27000.0;28800.0
28800.0,256.25,resolved_tke_shear_production,1.20171591e-13,Center,m^2 s^-3,25200.0,28800.0,27000.0;28800.0
28800.0,268.75,resolved_tke_shear_production,5.25319873e-14,Center,m^2 s^-3,25200.0,28800.0,27000.0;28800.0
28800.0,281.25,resolved_tke_shear_production,-1.95480919e-13,Center,m^2 s^-3,25200.0,28800.0,27000.0;28800.0
28800.0,293.75,resolved_tke_shear_production,-1.75757717e-13,Center,m^2 s^-3,25200.0,28800.0,27000.0;28800.0
28800.0,306.25,resolved_tke_shear_production,-1.28481989e-13,Center,m^2 s^-3,25200.0,28800.0,27000.0;28800.0
28800.0,318.75,resolved_tke_shear_production,-1.79299145e-13,Center,m^2 s^-3,25200.0,28800.0,27000.0;28800.0
28800.0,331.25,resolved_tke_shear_production,-2.43624389e-13,Center,m^2 s^-3,25200.0,28800.0,27000.0;28800.0
28800.0,343.75,resolved_tke_shear_production,-2.03608235e-13,Center,m^2 s^-3,25200.0,28800.0,27000.0;28800.0
28800.0,356.25,resolved_tke_shear_production,7.36043167e-14,Center,m^2 s^-3,25200.0,28800.0,27000.0;28800.0
28800.0,368.75,resolved_tke_shear_production,-3.77078976e-14,Center,m^2 s^-3,25200.0,28800.0,27000.0;28800.0
28800.0,381.25,resolved_tke_shear_production,-3.72465999e-13,Center,m^2 s^-3,25200.0,28800.0,27000.0;28800.0
28800.0,393.75,resolved_tke_shear_production,-3.01847929e-13,Center,m^2 s^-3,25200.0,28800.0,27000.0;28800.0
28800.0,6.25,resolved_tke_transport,2.05220346e-11,Center,m^2 s^-3,25200.0,28800.0,27000.0;28800.0
28800.0,18.75,resolved_tke_transport,1.33806946e-11,Center,m^2 s^-3,25200.0,28800.0,27000.0;28800.0
28800.0,31.25,resolved_tke_transport,9.73654967e-12,Center,m^2 s^-3,25200.0,28800.0,27000.0;28800.0
28800.0,43.75,resolved_tke_transport,7.91450044e-12,Center,m^2 s^-3,25200.0,28800.0,27000.0;28800.0
28800.0,56.25,resolved_tke_transport,7.74741404e-12,Center,m^2 s^-3,25200.0,28800.0,27000.0;28800.0
28800.0,68.75,resolved_tke_transport,1.10639471e-11,Center,m^2 s^-3,25200.0,28800.0,27000.0;28800.0
28800.0,81.25,resolved_tke_transport,4.55533597e-11,Center,m^2 s^-3,25200.0,28800.0,27000.0;28800.0
28800.0,93.75,resolved_tke_transport,5.75905035e-11,Center,m^2 s^-3,25200.0,28800.0,27000.0;28800.0
28800.0,106.25,resolved_tke_transport,4.72138925e-11,Center,m^2 s^-3,25200.0,28800.0,27000.0;28800.0
28800.0,118.75,resolved_tke_transport,2.86471576e-11,Center,m^2 s^-3,25200.0,28800.0,27000.0;28800.0
28800.0,131.25,resolved_tke_transport,-5.01171516e-12,Center,m^2 s^-3,25200.0,28800.0,27000.0;28800.0
28800.0,143.75,resolved_tke_transport,1.22679259e-10,Center,m^2 s^-3,25200.0,28800.0,27000.0;28800.0
28800.0,156.25,resolved_tke_transport,-5.26306498e-11,Center,m^2 s^-3,25200.0,28800.0,27000.0;28800.0
28800.0,168.75,resolved_tke_transport,-7.79109e-10,Center,m^2 s^-3,25200.0,28800.0,27000.0;28800.0
28800.0,181.25,resolved_tke_transport,9.75808601e-10,Center,m^2 s^-3,25200.0,28800.0,27000.0;28800.0
28800.0,193.75,resolved_tke_transport,1.4595539e-10,Center,m^2 s^-3,25200.0,28800.0,27000.0;28800.0
28800.0,206.25,resolved_tke_transport,-3.92774979e-10,Center,m^2 s^-3,25200.0,28800.0,27000.0;28800.0
28800.0,218.75,resolved_tke_transport,-1.44308929e-10,Center,m^2 s^-3,25200.0,28800.0,27000.0;28800.0
28800.0,231.25,resolved_tke_transport,-2.03153744e-10,Center,m^2 s^-3,25200.0,28800.0,27000.0;28800.0
28800.0,243.75,resolved_tke_transport,-1.90287806e-10,Center,m^2 s^-3,25200.0,28800.0,27000.0;28800.0
28800.0,256.25,resolved_tke_transport,-1.9102633e-10,Center,m^2 s^-3,25200.0,28800.0,27000.0;28800.0
28800.0,268.75,resolved_tke_transport,-2.84876006e-10,Center,m^2 s^-3,25200.0,28800.0,27000.0;28800.0
28800.0,281.25,resolved_tke_transport,-4.08480381e-10,Center,m^2 s^-3,25200.0,28800.0,27000.0;28800.0
28800.0,293.75,resolved_tke_transport,-4.55199364e-10,Center,m^2 s^-3,25200.0,28800.0,27000.0;28800.0
28800.0,306.25,resolved_tke_transport,-9.03328523e-11,Center,m^2 s^-3,25200.0,28800.0,27000.0;28800.0
28800.0,318.75,resolved_tke_transport,2.73821164e-10,Center,m^2 s^-3,25200.0,28800.0,27000.0;28800.0
28800.0,331.25,resolved_tke_transport,2.70239504e-10,Center,m^2 s^-3,25200.0,28800.0,27000.0;28800.0
28800.0,343.75,resolved_tke_transport,3.35316684e-10,Center,m^2 s^-3,25200.0,28800.0,27000.0;28800.0
28800.0,356.25,resolved_tke_transport,4.09334996e-10,Center,m^2 s^-3,25200.0,28800.0,27000.0;28800.0
28800.0,368.75,resolved_tke_transport,2.83829363e-10,Center,m^2 s^-3,25200.0,28800.0,27000.0;28800.0
28800.0,381.25,resolved_tke_transport,1.06383896e-10,Center,m^2 s^-3,25200.0,28800.0,27000.0;28800.0
28800.0,393.75,resolved_tke_transport,3.2659259e-11,Center,m^2 s^-3,25200.0,28800.0,27000.0;28800.0
28800.0,6.25,resolved_tke_turbulent_transport,6.62725361e-17,Center,m^2 s^-3,25200.0,28800.0,27000.0;28800.0
28800.0,18.75,resolved_tke_turbulent_transport,-7.44974014e-17,Center,m^2 s^-3,25200.0,28800.0,27000.0;28800.0
28800.0,31.25,resolved_tke_turbulent_transport,2.0700625e-17,Center,m^2 s^-3,25200.0,28800.0,27000.0;28800.0
28800.0,43.75,resolved_tke_turbulent_transport,6.33152628e-17,Center,m^2 s^-3,25200.0,28800.0,27000.0;28800.0
28800.0,56.25,resolved_tke_turbulent_transport,8.69667785e-17,Center,m^2 s^-3,25200.0,28800.0,27000.0;28800.0
28800.0,68.75,resolved_tke_turbulent_transport,-6.80601561e-18,Center,m^2 s^-3,25200.0,28800.0,27000.0;28800.0
28800.0,81.25,resolved_tke_turbulent_transport,2.11950587e-15,Center,m^2 s^-3,25200.0,28800.0,27000.0;28800.0
28800.0,93.75,resolved_tke_turbulent_transport,9.9521972e-16,Center,m^2 s^-3,25200.0,28800.0,27000.0;28800.0
28800.0,106.25,resolved_tke_turbulent_transport,-1.26586067e-15,Center,m^2 s^-3,25200.0,28800.0,27000.0;28800.0
28800.0,118.75,resolved_tke_turbulent_transport,-3.32264428e-15,Center,m^2 s^-3,25200.0,28800.0,27000.0;28800.0
28800.0,131.25,resolved_tke_turbulent_transport,-1.727357e-14,Center,m^2 s^-3,25200.0,28800.0,27000.0;28800.0
28800.0,143.75,resolved_tke_turbulent_transport,-2.66670475e-13,Center,m^2 s^-3,25200.0,28800.0,27000.0;28800.0
28800.0,156.25,resolved_tke_turbulent_transport,-2.30451942e-13,Center,m^2 s^-3,25200.0,28800.0,27000.0;28800.0
28800.0,168.75,resolved_tke_turbulent_transport,2.00011389e-12,Center,m^2 s^-3,25200.0,28800.0,27000.0;28800.0
28800.0,181.25,resolved_tke_turbulent_transport,5.21866925e-12,Center,m^2 s^-3,25200.0,28800.0,27000.0;28800.0
28800.0,193.75,resolved_tke_turbulent_transport,-4.7378373e-12,Center,m^2 s^-3,25200.0,28800.0,27000.0;28800.0
28800.0,206.25,resolved_tke_turbulent_transport,2.90271333e-13,Center,m^2 s^-3,25200.0,28800.0,27000.0;28800.0
28800.0,218.75,resolved_tke_turbulent_transport,1.62929566e-13,Center,m^2 s^-3,25200.0,28800.0,27000.0;28800.0
28800.0,231.25,resolved_tke_turbulent_transport,6.2395423e-13,Center,m^2 s^-3,25200.0,28800.0,27000.0;28800.0
28800.0,243.75,resolved_tke_turbulent_transport,-3.15719402e-13,Center,m^2 s^-3,25200.0,28800.0,27000.0;28800.0
28800.0,256.25,resolved_tke_turbulent_transport,2.86082545e-13,Center,m^2 s^-3,25200.0,28800.0,27000.0;28800.0
28800.0,268.75,resolved_tke_turbulent_transport,1.58476259e-13,Center,m^2 s^-3,25200.0,28800.0,27000.0;28800.0
28800.0,281.25,resolved_tke_turbulent_transport,3.19700787e-12,Center,m^2 s^-3,25200.0,28800.0,27000.0;28800.0
28800.0,293.75,resolved_tke_turbulent_transport,-1.1741929e-12,Center,m^2 s^-3,25200.0,28800.0,27000.0;28800.0
28800.0,306.25,resolved_tke_turbulent_transport,-3.64582193e-12,Center,m^2 s^-3,25200.0,28800.0,27000.0;28800.0
28800.0,318.75,resolved_tke_turbulent_transport,-1.35652267e-12,Center,m^2 s^-3,25200.0,28800.0,27000.0;28800.0
28800.0,331.25,resolved_tke_turbulent_transport,6.29574518e-15,Center,m^2 s^-3,25200.0,28800.0,27000.0;28800.0
28800.0,343.75,resolved_tke_turbulent_transport,8.34910374e-13,Center,m^2 s^-3,25200.0,28800.0,27000.0;28800.0
28800.0,356.25,resolved_tke_turbulent_transport,-9.37479708e-13,Center,m^2 s^-3,25200.0,28800.0,27000.0;28800.0
28800.0,368.75,resolved_tke_turbulent_transport,1.0507689e-13,Center,m^2 s^-3,25200.0,28800.0,27000.0;28800.0
28800.0,381.25,resolved_tke_turbulent_transport,-2.44196075e-13,Center,m^2 s^-3,25200.0,28800.0,27000.0;28800.0
28800.0,393.75,resolved_tke_turbulent_transport,-4.58207047e-15,Center,m^2 s^-3,25200.0,28800.0,27000.0;28800.0
28800.0,0,resolved_u_w_flux,0,Face,m^2 s^-2,25200.0,28800.0,27000.0;28800.0
28800.0,12.5,resolved_u_w_flux,-1.65321749e-10,Face,m^2 s^-2,25200.0,28800.0,27000.0;28800.0
28800.0,25,resolved_u_w_flux,-1.19709836e-10,Face,m^2 s^-2,25200.0,28800.0,27000.0;28800.0
28800.0,37.5,resolved_u_w_flux,-1.11814658e-10,Face,m^2 s^-2,25200.0,28800.0,27000.0;28800.0
28800.0,50,resolved_u_w_flux,-1.89205013e-10,Face,m^2 s^-2,25200.0,28800.0,27000.0;28800.0
28800.0,62.5,resolved_u_w_flux,-2.44804982e-10,Face,m^2 s^-2,25200.0,28800.0,27000.0;28800.0
28800.0,75,resolved_u_w_flux,6.24972452e-11,Face,m^2 s^-2,25200.0,28800.0,27000.0;28800.0
28800.0,87.5,resolved_u_w_flux,3.90821014e-10,Face,m^2 s^-2,25200.0,28800.0,27000.0;28800.0
28800.0,100,resolved_u_w_flux,1.36613149e-09,Face,m^2 s^-2,25200.0,28800.0,27000.0;28800.0
28800.0,112.5,resolved_u_w_flux,2.09642226e-09,Face,m^2 s^-2,25200.0,28800.0,27000.0;28800.0
28800.0,125,resolved_u_w_flux,3.22933469e-09,Face,m^2 s^-2,25200.0,28800.0,27000.0;28800.0
28800.0,137.5,resolved_u_w_flux,5.40328382e-09,Face,m^2 s^-2,25200.0,28800.0,27000.0;28800.0
28800.0,150,resolved_u_w_flux,1.47377213e-08,Face,m^2 s^-2,25200.0,28800.0,27000.0;28800.0
28800.0,162.5,resolved_u_w_flux,5.52834023e-09,Face,m^2 s^-2,25200.0,28800.0,27000.0;28800.0
28800.0,175,resolved_u_w_flux,1.68935493e-07,Face,m^2 s^-2,25200.0,28800.0,27000.0;28800.0
28800.0,187.5,resolved_u_w_flux,-9.52318047e-08,Face,m^2 s^-2,25200.0,28800.0,27000.0;28800.0
28800.0,200,resolved_u_w_flux,2.08340856e-09,Face,m^2 s^-2,25200.0,28800.0,27000.0;28800.0
28800.0,212.5,resolved_u_w_flux,2.85558055e-09,Face,m^2 s^-2,25200.0,28800.0,27000.0;28800.0
28800.0,225,resolved_u_w_flux,1.56843694e-09,Face,m^2 s^-2,25200.0,28800.0,27000.0;28800.0
28800.0,237.5,resolved_u_w_flux,6.75154643e-09,Face,m^2 s^-2,25200.0,28800.0,27000.0;28800.0
28800.0,250,resolved_u_w_flux,-7.66104608e-09,Face,m^2 s^-2,25200.0,28800.0,27000.0;28800.0
28800.0,262.5,resolved_u_w_flux,4.67813255e-09,Face,m^2 s^-2,25200.0,28800.0,27000.0;28800.0
28800.0,275,resolved_u_w_flux,-1.1523102e-08,Face,m^2 s^-2,25200.0,28800.0,27000.0;28800.0
28800.0,287.5,resolved_u_w_flux,-2.55646533e-08,Face,m^2 s^-2,25200.0,28800.0,27000.0;28800.0
28800.0,300,resolved_u_w_flux,-8.37782371e-09,Face,m^2 s^-2,25200.0,28800.0,27000.0;28800.0
28800.0,312.5,resolved_u_w_flux,-2.33526487e-08,Face,m^2 s^-2,25200.0,28800.0,27000.0;28800.0
28800.0,325,resolved_u_w_flux,-6.00320116e-09,Face,m^2 s^-2,25200.0,28800.0,27000.0;28800.0
28800.0,337.5,resolved_u_w_flux,-9.57586455e-09,Face,m^2 s^-2,25200.0,28800.0,27000.0;28800.0
28800.0,350,resolved_u_w_flux,3.76739223e-09,Face,m^2 s^-2,25200.0,28800.0,27000.0;28800.0
28800.0,362.5,resolved_u_w_flux,-1.36511953e-08,Face,m^2 s^-2,25200.0,28800.0,27000.0;28800.0
28800.0,375,resolved_u_w_flux,1.22653071e-09,Face,m^2 s^-2,25200.0,28800.0,27000.0;28800.0
28800.0,387.5,resolved_u_w_flux,-8.51038684e-09,Face,m^2 s^-2,25200.0,28800.0,27000.0;28800.0
28800.0,400,resolved_u_w_flux,0,Face,m^2 s^-2,25200.0,28800.0,27000.0;28800.0
28800.0,0,resolved_v_w_flux,0,Face,m^2 s^-2,25200.0,28800.0,27000.0;28800.0
28800.0,12.5,resolved_v_w_flux,4.67720133e-11,Face,m^2 s^-2,25200.0,28800.0,27000.0;28800.0
28800.0,25,resolved_v_w_flux,1.52467976e-10,Face,m^2 s^-2,25200.0,28800.0,27000.0;28800.0
28800.0,37.5,resolved_v_w_flux,2.19493458e-10,Face,m^2 s^-2,25200.0,28800.0,27000.0;28800.0
28800.0,50,resolved_v_w_flux,3.08360351e-10,Face,m^2 s^-2,25200.0,28800.0,27000.0;28800.0
28800.0,62.5,resolved_v_w_flux,5.05023481e-10,Face,m^2 s^-2,25200.0,28800.0,27000.0;28800.0
28800.0,75,resolved_v_w_flux,8.55203325e-10,Face,m^2 s^-2,25200.0,28800.0,27000.0;28800.0
28800.0,87.5,resolved_v_w_flux,2.01082473e-09,Face,m^2 s^-2,25200.0,28800.0,27000.0;28800.0
28800.0,100,resolved_v_w_flux,1.73372589e-09,Face,m^2 s^-2,25200.0,28800.0,27000.0;28800.0
28800.0,112.5,resolved_v_w_flux,1.84508642e-09,Face,m^2 s^-2,25200.0,28800.0,27000.0;28800.0
28800.0,125,resolved_v_w_flux,2.1369303e-09,Face,m^2 s^-2,25200.0,28800.0,27000.0;28800.0
28800.0,137.5,resolved_v_w_flux,2.75103562e-09,Face,m^2 s^-2,25200.0,28800.0,27000.0;28800.0
28800.0,150,resolved_v_w_flux,3.86225789e-08,Face,m^2 s^-2,25200.0,28800.0,27000.0;28800.0
28800.0,162.5,resolved_v_w_flux,3.57061651e-08,Face,m^2 s^-2,25200.0,28800.0,27000.0;28800.0
28800.0,175,resolved_v_w_flux,6.25389496e-09,Face,m^2 s^-2,25200.0,28800.0,27000.0;28800.0
28800.0,187.5,resolved_v_w_flux,-1.90466016e-08,Face,m^2 s^-2,25200.0,28800.0,27000.0;28800.0
28800.0,200,resolved_v_w_flux,-2.51233275e-08,Face,m^2 s^-2,25200.0,28800.0,27000.0;28800.0
28800.0,212.5,resolved_v_w_flux,-1.8239079e-08,Face,m^2 s^-2,25200.0,28800.0,27000.0;28800.0
28800.0,225,resolved_v_w_flux,-1.51577773e-08,Face,m^2 s^-2,25200.0,28800.0,27000.0;28800.0
28800.0,237.5,resolved_v_w_flux,-1.16287592e-08,Face,m^2 s^-2,25200.0,28800.0,27000.0;28800.0
28800.0,250,resolved_v_w_flux,-5.96215988e-09,Face,m^2 s^-2,25200.0,28800.0,27000.0;28800.0
28800.0,262.5,resolved_v_w_flux,-9.35721456e-09,Face,m^2 s^-2,25200.0,28800.0,27000.0;28800.0
28800.0,275,resolved_v_w_flux,3.90855526e-09,Face,m^2 s^-2,25200.0,28800.0,27000.0;28800.0
28800.0,287.5,resolved_v_w_flux,1.86375493e-08,Face,m^2 s^-2,25200.0,28800.0,27000.0;28800.0
28800.0,300,resolved_v_w_flux,8.31745695e-09,Face,m^2 s^-2,25200.0,28800.0,27000.0;28800.0
28800.0,312.5,resolved_v_w_flux,-4.80576307e-09,Face,m^2 s^-2,25200.0,28800.0,27000.0;28800.0
28800.0,325,resolved_v_w_flux,8.23322044e-09,Face,m^2 s^-2,25200.0,28800.0,27000.0;28800.0
28800.0,337.5,resolved_v_w_flux,3.68473572e-08,Face,m^2 s^-2,25200.0,28800.0,27000.0;28800.0
28800.0,350,resolved_v_w_flux,3.46472433e-08,Face,m^2 s^-2,25200.0,28800.0,27000.0;28800.0
28800.0,362.5,resolved_v_w_flux,1.72866275e-08,Face,m^2 s^-2,25200.0,28800.0,27000.0;28800.0
28800.0,375,resolved_v_w_flux,1.50945276e-08,Face,m^2 s^-2,25200.0,28800.0,27000.0;28800.0
28800.0,387.5,resolved_v_w_flux,7.08552239e-09,Face,m^2 s^-2,25200.0,28800.0,27000.0;28800.0
28800.0,400,resolved_v_w_flux,0,Face,m^2 s^-2,25200.0,28800.0,27000.0;28800.0
28800.0,0,resolved_w_theta_flux,0,Face,K m s^-1,25200.0,28800.0,27000.0;28800.0
28800.0,12.5,resolved_w_theta_flux,-9.75969501e-12,Face,K m s^-1,25200.0,28800.0,27000.0;28800.0
28800.0,25,resolved_w_theta_flux,-3.47858981e-11,Face,K m s^-1,25200.0,28800.0,27000.0;28800.0
28800.0,37.5,resolved_w_theta_flux,-4.11886497e-11,Face,K m s^-1,25200.0,28800.0,27000.0;28800.0
28800.0,50,resolved_w_theta_flux,-7.29015875e-11,Face,K m s^-1,25200.0,28800.0,27000.0;28800.0
28800.0,62.5,resolved_w_theta_flux,-1.56483299e-10,Face,K m s^-1,25200.0,28800.0,27000.0;28800.0
28800.0,75,resolved_w_theta_flux,-2.59262459e-10,Face,K m s^-1,25200.0,28800.0,27000.0;28800.0
28800.0,87.5,resolved_w_theta_flux,-5.52104029e-10,Face,K m s^-1,25200.0,28800.0,27000.0;28800.0
28800.0,100,resolved_w_theta_flux,-9.67916552e-10,Face,K m s^-1,25200.0,28800.0,27000.0;28800.0
28800.0,112.5,resolved_w_theta_flux,-1.41301731e-09,Face,K m s^-1,25200.0,28800.0,27000.0;28800.0
28800.0,125,resolved_w_theta_flux,-2.18937801e-09,Face,K m s^-1,25200.0,28800.0,27000.0;28800.0
28800.0,137.5,resolved_w_theta_flux,-2.62968425e-09,Face,K m s^-1,25200.0,28800.0,27000.0;28800.0
28800.0,150,resolved_w_theta_flux,-3.89355603e-09,Face,K m s^-1,25200.0,28800.0,27000.0;28800.0
28800.0,162.5,resolved_w_theta_flux,2.25662289e-09,Face,K m s^-1,25200.0,28800.0,27000.0;28800.0
28800.0,175,resolved_w_theta_flux,-2.57149981e-08,Face,K m s^-1,25200.0,28800.0,27000.0;28800.0
28800.0,187.5,resolved_w_theta_flux,-7.98475552e-09,Face,K m s^-1,25200.0,28800.0,27000.0;28800.0
28800.0,200,resolved_w_theta_flux,2.10833564e-08,Face,K m s^-1,25200.0,28800.0,27000.0;28800.0
28800.0,212.5,resolved_w_theta_flux,8.07107137e-09,Face,K m s^-1,25200.0,28800.0,27000.0;28800.0
28800.0,225,resolved_w_theta_flux,5.10505016e-09,Face,K m s^-1,25200.0,28800.0,27000.0;28800.0
28800.0,237.5,resolved_w_theta_flux,1.02266327e-08,Face,K m s^-1,25200.0,28800.0,27000.0;28800.0
28800.0,250,resolved_w_theta_flux,9.04125619e-09,Face,K m s^-1,25200.0,28800.0,27000.0;28800.0
28800.0,262.5,resolved_w_theta_flux,6.3254621e-09,Face,K m s^-1,25200.0,28800.0,27000.0;28800.0
28800.0,275,resolved_w_theta_flux,2.35996893e-08,Face,K m s^-1,25200.0,28800.0,27000.0;28800.0
28800.0,287.5,resolved_w_theta_flux,2.69777658e-08,Face,K m s^-1,25200.0,28800.0,27000.0;28800.0
28800.0,300,resolved_w_theta_flux,1.61221743e-08,Face,K m s^-1,25200.0,28800.0,27000.0;28800.0
28800.0,312.5,resolved_w_theta_flux,4.45381581e-08,Face,K m s^-1,25200.0,28800.0,27000.0;28800.0
28800.0,325,resolved_w_theta_flux,5.62329916e-08,Face,K m s^-1,25200.0,28800.0,27000.0;28800.0
28800.0,337.5,resolved_w_theta_flux,5.23210968e-08,Face,K m s^-1,25200.0,28800.0,27000.0;28800.0
28800.0,350,resolved_w_theta_flux,4.19645101e-08,Face,K m s^-1,25200.0,28800.0,27000.0;28800.0
28800.0,362.5,resolved_w_theta_flux,3.49285596e-08,Face,K m s^-1,25200.0,28800.0,27000.0;28800.0
28800.0,375,resolved_w_theta_flux,2.35654447e-08,Face,K m s^-1,25200.0,28800.0,27000.0;28800.0
28800.0,387.5,resolved_w_theta_flux,4.88431144e-08,Face,K m s^-1,25200.0,28800.0,27000.0;28800.0
28800.0,400,resolved_w_theta_flux,0,Face,K m s^-1,25200.0,28800.0,27000.0;28800.0
28800.0,0,sgs_buoyancy_flux,0,Face,m^2 s^-3,25200.0,28800.0,27000.0;28800.0
28800.0,12.5,sgs_buoyancy_flux,-0.000214803957,Face,m^2 s^-3,25200.0,28800.0,27000.0;28800.0
28800.0,25,sgs_buoyancy_flux,-0.000187937207,Face,m^2 s^-3,25200.0,28800.0,27000.0;28800.0
28800.0,37.5,sgs_buoyancy_flux,-0.000161493816,Face,m^2 s^-3,25200.0,28800.0,27000.0;28800.0
28800.0,50,sgs_buoyancy_flux,-0.000137749725,Face,m^2 s^-3,25200.0,28800.0,27000.0;28800.0
28800.0,62.5,sgs_buoyancy_flux,-0.00011574334,Face,m^2 s^-3,25200.0,28800.0,27000.0;28800.0
28800.0,75,sgs_buoyancy_flux,-9.56338918e-05,Face,m^2 s^-3,25200.0,28800.0,27000.0;28800.0
28800.0,87.5,sgs_buoyancy_flux,-7.7398432e-05,Face,m^2 s^-3,25200.0,28800.0,27000.0;28800.0
28800.0,100,sgs_buoyancy_flux,-6.11356627e-05,Face,m^2 s^-3,25200.0,28800.0,27000.0;28800.0
28800.0,112.5,sgs_buoyancy_flux,-4.68965918e-05,Face,m^2 s^-3,25200.0,28800.0,27000.0;28800.0
28800.0,125,sgs_buoyancy_flux,-3.48037138e-05,Face,m^2 s^-3,25200.0,28800.0,27000.0;28800.0
28800.0,137.5,sgs_buoyancy_flux,-2.48788801e-05,Face,m^2 s^-3,25200.0,28800.0,27000.0;28800.0
28800.0,150,sgs_buoyancy_flux,-1.7288944e-05,Face,m^2 s^-3,25200.0,28800.0,27000.0;28800.0
28800.0,162.5,sgs_buoyancy_flux,-1.08847717e-05,Face,m^2 s^-3,25200.0,28800.0,27000.0;28800.0
28800.0,175,sgs_buoyancy_flux,0,Face,m^2 s^-3,25200.0,28800.0,27000.0;28800.0
28800.0,187.5,sgs_buoyancy_flux,0,Face,m^2 s^-3,25200.0,28800.0,27000.0;28800.0
28800.0,200,sgs_buoyancy_flux,0,Face,m^2 s^-3,25200.0,28800.0,27000.0;28800.0
28800.0,212.5,sgs_buoyancy_flux,0,Face,m^2 s^-3,25200.0,28800.0,27000.0;28800.0
28800.0,225,sgs_buoyancy_flux,0,Face,m^2 s^-3,25200.0,28800.0,27000.0;28800.0
28800.0,237.5,sgs_buoyancy_flux,0,Face,m^2 s^-3,25200.0,28800.0,27000.0;28800.0
28800.0,250,sgs_buoyancy_flux,0,Face,m^2 s^-3,25200.0,28800.0,27000.0;28800.0
28800.0,262.5,sgs_buoyancy_flux,0,Face,m^2 s^-3,25200.0,28800.0,27000.0;28800.0
28800.0,275,sgs_buoyancy_flux,0,Face,m^2 s^-3,25200.0,28800.0,27000.0;28800.0
28800.0,287.5,sgs_buoyancy_flux,0,Face,m^2 s^-3,25200.0,28800.0,27000.0;28800.0
28800.0,300,sgs_buoyancy_flux,0,Face,m^2 s^-3,25200.0,28800.0,27000.0;28800.0
28800.0,312.5,sgs_buoyancy_flux,0,Face,m^2 s^-3,25200.0,28800.0,27000.0;28800.0
28800.0,325,sgs_buoyancy_flux,0,Face,m^2 s^-3,25200.0,28800.0,27000.0;28800.0
28800.0,337.5,sgs_buoyancy_flux,0,Face,m^2 s^-3,25200.0,28800.0,27000.0;28800.0
28800.0,350,sgs_buoyancy_flux,0,Face,m^2 s^-3,25200.0,28800.0,27000.0;28800.0
28800.0,362.5,sgs_buoyancy_flux,0,Face,m^2 s^-3,25200.0,28800.0,27000.0;28800.0
28800.0,375,sgs_buoyancy_flux,0,Face,m^2 s^-3,25200.0,28800.0,27000.0;28800.0
28800.0,387.5,sgs_buoyancy_flux,0,Face,m^2 s^-3,25200.0,28800.0,27000.0;28800.0
28800.0,400,sgs_buoyancy_flux,0,Face,m^2 s^-3,25200.0,28800.0,27000.0;28800.0
28800.0,6.25,sgs_resolved_tke_dissipation,0.00211678527,Center,m^2 s^-3,25200.0,28800.0,27000.0;28800.0
28800.0,18.75,sgs_resolved_tke_dissipation,0.00449280441,Center,m^2 s^-3,25200.0,28800.0,27000.0;28800.0
28800.0,31.25,sgs_resolved_tke_dissipation,0.00271356246,Center,m^2 s^-3,25200.0,28800.0,27000.0;28800.0
28800.0,43.75,sgs_resolved_tke_dissipation,0.00206314109,Center,m^2 s^-3,25200.0,28800.0,27000.0;28800.0
28800.0,56.25,sgs_resolved_tke_dissipation,0.00145194499,Center,m^2 s^-3,25200.0,28800.0,27000.0;28800.0
28800.0,68.75,sgs_resolved_tke_dissipation,0.00100380689,Center,m^2 s^-3,25200.0,28800.0,27000.0;28800.0
28800.0,81.25,sgs_resolved_tke_dissipation,0.000669224217,Center,m^2 s^-3,25200.0,28800.0,27000.0;28800.0
28800.0,93.75,sgs_resolved_tke_dissipation,0.000429524182,Center,m^2 s^-3,25200.0,28800.0,27000.0;28800.0
28800.0,106.25,sgs_resolved_tke_dissipation,0.000264621121,Center,m^2 s^-3,25200.0,28800.0,27000.0;28800.0
28800.0,118.75,sgs_resolved_tke_dissipation,0.000156126589,Center,m^2 s^-3,25200.0,28800.0,27000.0;28800.0
28800.0,131.25,sgs_resolved_tke_dissipation,9.1609345e-05,Center,m^2 s^-3,25200.0,28800.0,27000.0;28800.0
28800.0,143.75,sgs_resolved_tke_dissipation,4.82383693e-05,Center,m^2 s^-3,25200.0,28800.0,27000.0;28800.0
28800.0,156.25,sgs_resolved_tke_dissipation,4.01796697e-05,Center,m^2 s^-3,25200.0,28800.0,27000.0;28800.0
28800.0,168.75,sgs_resolved_tke_dissipation,0,Center,m^2 s^-3,25200.0,28800.0,27000.0;28800.0
28800.0,181.25,sgs_resolved_tke_dissipation,0,Center,m^2 s^-3,25200.0,28800.0,27000.0;28800.0
28800.0,193.75,sgs_resolved_tke_dissipation,0,Center,m^2 s^-3,25200.0,28800.0,27000.0;28800.0
28800.0,206.25,sgs_resolved_tke_dissipation,0,Center,m^2 s^-3,25200.0,28800.0,27000.0;28800.0
28800.0,218.75,sgs_resolved_tke_dissipation,0,Center,m^2 s^-3,25200.0,28800.0,27000.0;28800.0
28800.0,231.25,sgs_resolved_tke_dissipation,0,Center,m^2 s^-3,25200.0,28800.0,27000.0;28800.0
28800.0,243.75,sgs_resolved_tke_dissipation,0,Center,m^2 s^-3,25200.0,28800.0,27000.0;28800.0
28800.0,256.25,sgs_resolved_tke_dissipation,0,Center,m^2 s^-3,25200.0,28800.0,27000.0;28800.0
28800.0,268.75,sgs_resolved_tke_dissipation,0,Center,m^2 s^-3,25200.0,28800.0,27000.0;28800.0
28800.0,281.25,sgs_resolved_tke_dissipation,0,Center,m^2 s^-3,25200.0,28800.0,27000.0;28800.0
28800.0,293.75,sgs_resolved_tke_dissipation,0,Center,m^2 s^-3,25200.0,28800.0,27000.0;28800.0
28800.0,306.25,sgs_resolved_tke_dissipation,0,Center,m^2 s^-3,25200.0,28800.0,27000.0;28800.0
28800.0,318.75,sgs_resolved_tke_dissipation,0,Center,m^2 s^-3,25200.0,28800.0,27000.0;28800.0
28800.0,331.25,sgs_resolved_tke_dissipation,0,Center,m^2 s^-3,25200.0,28800.0,27000.0;28800.0
28800.0,343.75,sgs_resolved_tke_dissipation,0,Center,m^2 s^-3,25200.0,28800.0,27000.0;28800.0
28800.0,356.25,sgs_resolved_tke_dissipation,0,Center,m^2 s^-3,25200.0,28800.0,27000.0;28800.0
28800.0,368.75,sgs_resolved_tke_dissipation,0,Center,m^2 s^-3,25200.0,28800.0,27000.0;28800.0
28800.0,381.25,sgs_resolved_tke_dissipation,0,Center,m^2 s^-3,25200.0,28800.0,27000.0;28800.0
28800.0,393.75,sgs_resolved_tke_dissipation,0,Center,m^2 s^-3,25200.0,28800.0,27000.0;28800.0
28800.0,6.25,sgs_tke_buoyancy_production,-0.000107402033,Center,m^2 s^-3,25200.0,28800.0,27000.0;28800.0
28800.0,18.75,sgs_tke_buoyancy_production,-0.000201370691,Center,m^2 s^-3,25200.0,28800.0,27000.0;28800.0
28800.0,31.25,sgs_tke_buoyancy_production,-0.000174715518,Center,m^2 s^-3,25200.0,28800.0,27000.0;28800.0
28800.0,43.75,sgs_tke_buoyancy_production,-0.000149621497,Center,m^2 s^-3,25200.0,28800.0,27000.0;28800.0
28800.0,56.25,sgs_tke_buoyancy_production,-0.000126746352,Center,m^2 s^-3,25200.0,28800.0,27000.0;28800.0
28800.0,68.75,sgs_tke_buoyancy_production,-0.000105688363,Center,m^2 s^-3,25200.0,28800.0,27000.0;28800.0
28800.0,81.25,sgs_tke_buoyancy_production,-8.6516171e-05,Center,m^2 s^-3,25200.0,28800.0,27000.0;28800.0
28800.0,93.75,sgs_tke_buoyancy_production,-6.92669273e-05,Center,m^2 s^-3,25200.0,28800.0,27000.0;28800.0
28800.0,106.25,sgs_tke_buoyancy_production,-5.40161454e-05,Center,m^2 s^-3,25200.0,28800.0,27000.0;28800.0
28800.0,118.75,sgs_tke_buoyancy_production,-4.08501019e-05,Center,m^2 s^-3,25200.0,28800.0,27000.0;28800.0
28800.0,131.25,sgs_tke_buoyancy_production,-2.98412997e-05,Center,m^2 s^-3,25200.0,28800.0,27000.0;28800.0
28800.0,143.75,sgs_tke_buoyancy_production,-2.10839316e-05,Center,m^2 s^-3,25200.0,28800.0,27000.0;28800.0
28800.0,156.25,sgs_tke_buoyancy_production,-1.40868592e-05,Center,m^2 s^-3,25200.0,28800.0,27000.0;28800.0
28800.0,168.75,sgs_tke_buoyancy_production,-5.44238719e-06,Center,m^2 s^-3,25200.0,28800.0,27000.0;28800.0
28800.0,181.25,sgs_tke_buoyancy_production,0,Center,m^2 s^-3,25200.0,28800.0,27000.0;28800.0
28800.0,193.75,sgs_tke_buoyancy_production,0,Center,m^2 s^-3,25200.0,28800.0,27000.0;28800.0
28800.0,206.25,sgs_tke_buoyancy_production,0,Center,m^2 s^-3,25200.0,28800.0,27000.0;28800.0
28800.0,218.75,sgs_tke_buoyancy_production,0,Center,m^2 s^-3,25200.0,28800.0,27000.0;28800.0
28800.0,231.25,sgs_tke_buoyancy_production,0,Center,m^2 s^-3,25200.0,28800.0,27000.0;28800.0
28800.0,243.75,sgs_tke_buoyancy_production,0,Center,m^2 s^-3,25200.0,28800.0,27000.0;28800.0
28800.0,256.25,sgs_tke_buoyancy_production,0,Center,m^2 s^-3,25200.0,28800.0,27000.0;28800.0
28800.0,268.75,sgs_tke_buoyancy_production,0,Center,m^2 s^-3,25200.0,28800.0,27000.0;28800.0
28800.0,281.25,sgs_tke_buoyancy_production,0,Center,m^2 s^-3,25200.0,28800.0,27000.0;28800.0
28800.0,293.75,sgs_tke_buoyancy_production,0,Center,m^2 s^-3,25200.0,28800.0,27000.0;28800.0
28800.0,306.25,sgs_tke_buoyancy_production,0,Center,m^2 s^-3,25200.0,28800.0,27000.0;28800.0
28800.0,318.75,sgs_tke_buoyancy_production,0,Center,m^2 s^-3,25200.0,28800.0,27000.0;28800.0
28800.0,331.25,sgs_tke_buoyancy_production,0,Center,m^2 s^-3,25200.0,28800.0,27000.0;28800.0
28800.0,343.75,sgs_tke_buoyancy_production,0,Center,m^2 s^-3,25200.0,28800.0,27000.0;28800.0
28800.0,356.25,sgs_tke_buoyancy_production,0,Center,m^2 s^-3,25200.0,28800.0,27000.0;28800.0
28800.0,368.75,sgs_tke_buoyancy_production,0,Center,m^2 s^-3,25200.0,28800.0,27000.0;28800.0
28800.0,381.25,sgs_tke_buoyancy_production,0,Center,m^2 s^-3,25200.0,28800.0,27000.0;28800.0
28800.0,393.75,sgs_tke_buoyancy_production,0,Center,m^2 s^-3,25200.0,28800.0,27000.0;28800.0
28800.0,6.25,sgs_tke_shear_production,0.00243993639,Center,m^2 s^-3,25200.0,28800.0,27000.0;28800.0
28800.0,18.75,sgs_tke_shear_production,0.00402878155,Center,m^2 s^-3,25200.0,28800.0,27000.0;28800.0
28800.0,31.25,sgs_tke_shear_production,0.00279478182,Center,m^2 s^-3,25200.0,28800.0,27000.0;28800.0
28800.0,43.75,sgs_tke_shear_production,0.00206754124,Center,m^2 s^-3,25200.0,28800.0,27000.0;28800.0
28800.0,56.25,sgs_tke_shear_production,0.00146561617,Center,m^2 s^-3,25200.0,28800.0,27000.0;28800.0
28800.0,68.75,sgs_tke_shear_production,0.00101353723,Center,m^2 s^-3,25200.0,28800.0,27000.0;28800.0
28800.0,81.25,sgs_tke_shear_production,0.000677350792,Center,m^2 s^-3,25200.0,28800.0,27000.0;28800.0
28800.0,93.75,sgs_tke_shear_production,0.000435980503,Center,m^2 s^-3,25200.0,28800.0,27000.0;28800.0
28800.0,106.25,sgs_tke_shear_production,0.000269497687,Center,m^2 s^-3,25200.0,28800.0,27000.0;28800.0
28800.0,118.75,sgs_tke_shear_production,0.000160098236,Center,m^2 s^-3,25200.0,28800.0,27000.0;28800.0
28800.0,131.25,sgs_tke_shear_production,9.28328591e-05,Center,m^2 s^-3,25200.0,28800.0,27000.0;28800.0
28800.0,143.75,sgs_tke_shear_production,5.2711941e-05,Center,m^2 s^-3,25200.0,28800.0,27000.0;28800.0
28800.0,156.25,sgs_tke_shear_production,3.07704813e-05,Center,m^2 s^-3,25200.0,28800.0,27000.0;28800.0
28800.0,168.75,sgs_tke_shear_production,1.21320954e-05,Center,m^2 s^-3,25200.0,28800.0,27000.0;28800.0
28800.0,181.25,sgs_tke_shear_production,0,Center,m^2 s^-3,25200.0,28800.0,27000.0;28800.0
28800.0,193.75,sgs_tke_shear_production,0,Center,m^2 s^-3,25200.0,28800.0,27000.0;28800.0
28800.0,206.25,sgs_tke_shear_production,0,Center,m^2 s^-3,25200.0,28800.0,27000.0;28800.0
28800.0,218.75,sgs_tke_shear_production,0,Center,m^2 s^-3,25200.0,28800.0,27000.0;28800.0
28800.0,231.25,sgs_tke_shear_production,0,Center,m^2 s^-3,25200.0,28800.0,27000.0;28800.0
28800.0,243.75,sgs_tke_shear_production,0,Center,m^2 s^-3,25200.0,28800.0,27000.0;28800.0
28800.0,256.25,sgs_tke_shear_production,0,Center,m^2 s^-3,25200.0,28800.0,27000.0;28800.0
28800.0,268.75,sgs_tke_shear_production,0,Center,m^2 s^-3,25200.0,28800.0,27000.0;28800.0
28800.0,281.25,sgs_tke_shear_production,0,Center,m^2 s^-3,25200.0,28800.0,27000.0;28800.0
28800.0,293.75,sgs_tke_shear_production,0,Center,m^2 s^-3,25200.0,28800.0,27000.0;28800.0
28800.0,306.25,sgs_tke_shear_production,0,Center,m^2 s^-3,25200.0,28800.0,27000.0;28800.0
28800.0,318.75,sgs_tke_shear_production,0,Center,m^2 s^-3,25200.0,28800.0,27000.0;28800.0
28800.0,331.25,sgs_tke_shear_production,0,Center,m^2 s^-3,25200.0,28800.0,27000.0;28800.0
28800.0,343.75,sgs_tke_shear_production,0,Center,m^2 s^-3,25200.0,28800.0,27000.0;28800.0
28800.0,356.25,sgs_tke_shear_production,0,Center,m^2 s^-3,25200.0,28800.0,27000.0;28800.0
28800.0,368.75,sgs_tke_shear_production,0,Center,m^2 s^-3,25200.0,28800.0,27000.0;28800.0
28800.0,381.25,sgs_tke_shear_production,0,Center,m^2 s^-3,25200.0,28800.0,27000.0;28800.0
28800.0,393.75,sgs_tke_shear_production,0,Center,m^2 s^-3,25200.0,28800.0,27000.0;28800.0
28800.0,0,sgs_u_w_flux,0,Face,m^2 s^-2,25200.0,28800.0,27000.0;28800.0
28800.0,12.5,sgs_u_w_flux,-0.0355161,Face,m^2 s^-2,25200.0,28800.0,27000.0;28800.0
28800.0,25,sgs_u_w_flux,-0.0316643175,Face,m^2 s^-2,25200.0,28800.0,27000.0;28800.0
28800.0,37.5,sgs_u_w_flux,-0.0271020206,Face,m^2 s^-2,25200.0,28800.0,27000.0;28800.0
28800.0,50,sgs_u_w_flux,-0.0221768767,Face,m^2 s^-2,25200.0,28800.0,27000.0;28800.0
28800.0,62.5,sgs_u_w_flux,-0.0172224315,Face,m^2 s^-2,25200.0,28800.0,27000.0;28800.0
28800.0,75,sgs_u_w_flux,-0.012531226,Face,m^2 s^-2,25200.0,28800.0,27000.0;28800.0
28800.0,87.5,sgs_u_w_flux,-0.00834928639,Face,m^2 s^-2,25200.0,28800.0,27000.0;28800.0
28800.0,100,sgs_u_w_flux,-0.0048681763,Face,m^2 s^-2,25200.0,28800.0,27000.0;28800.0
28800.0,112.5,sgs_u_w_flux,-0.00221655448,Face,m^2 s^-2,25200.0,28800.0,27000.0;28800.0
28800.0,125,sgs_u_w_flux,-0.000444946898,Face,m^2 s^-2,25200.0,28800.0,27000.0;28800.0
28800.0,137.5,sgs_u_w_flux,0.000498374313,Face,m^2 s^-2,25200.0,28800.0,27000.0;28800.0
28800.0,150,sgs_u_w_flux,0.00076444057,Face,m^2 s^-2,25200.0,28800.0,27000.0;28800.0
28800.0,162.5,sgs_u_w_flux,0.000585269037,Face,m^2 s^-2,25200.0,28800.0,27000.0;28800.0
28800.0,175,sgs_u_w_flux,0,Face,m^2 s^-2,25200.0,28800.0,27000.0;28800.0
28800.0,187.5,sgs_u_w_flux,0,Face,m^2 s^-2,25200.0,28800.0,27000.0;28800.0
28800.0,200,sgs_u_w_flux,0,Face,m^2 s^-2,25200.0,28800.0,27000.0;28800.0
28800.0,212.5,sgs_u_w_flux,0,Face,m^2 s^-2,25200.0,28800.0,27000.0;28800.0
28800.0,225,sgs_u_w_flux,0,Face,m^2 s^-2,25200.0,28800.0,27000.0;28800.0
28800.0,237.5,sgs_u_w_flux,0,Face,m^2 s^-2,25200.0,28800.0,27000.0;28800.0
28800.0,250,sgs_u_w_flux,0,Face,m^2 s^-2,25200.0,28800.0,27000.0;28800.0
28800.0,262.5,sgs_u_w_flux,0,Face,m^2 s^-2,25200.0,28800.0,27000.0;28800.0
28800.0,275,sgs_u_w_flux,0,Face,m^2 s^-2,25200.0,28800.0,27000.0;28800.0
28800.0,287.5,sgs_u_w_flux,0,Face,m^2 s^-2,25200.0,28800.0,27000.0;28800.0
28800.0,300,sgs_u_w_flux,0,Face,m^2 s^-2,25200.0,28800.0,27000.0;28800.0
28800.0,312.5,sgs_u_w_flux,0,Face,m^2 s^-2,25200.0,28800.0,27000.0;28800.0
28800.0,325,sgs_u_w_flux,0,Face,m^2 s^-2,25200.0,28800.0,27000.0;28800.0
28800.0,337.5,sgs_u_w_flux,0,Face,m^2 s^-2,25200.0,28800.0,27000.0;28800.0
28800.0,350,sgs_u_w_flux,0,Face,m^2 s^-2,25200.0,28800.0,27000.0;28800.0
28800.0,362.5,sgs_u_w_flux,0,Face,m^2 s^-2,25200.0,28800.0,27000.0;28800.0
28800.0,375,sgs_u_w_flux,0,Face,m^2 s^-2,25200.0,28800.0,27000.0;28800.0
28800.0,387.5,sgs_u_w_flux,0,Face,m^2 s^-2,25200.0,28800.0,27000.0;28800.0
28800.0,400,sgs_u_w_flux,0,Face,m^2 s^-2,25200.0,28800.0,27000.0;28800.0
28800.0,0,sgs_v_w_flux,0,Face,m^2 s^-2,25200.0,28800.0,27000.0;28800.0
28800.0,12.5,sgs_v_w_flux,-0.0216478724,Face,m^2 s^-2,25200.0,28800.0,27000.0;28800.0
28800.0,25,sgs_v_w_flux,-0.0130085913,Face,m^2 s^-2,25200.0,28800.0,27000.0;28800.0
28800.0,37.5,sgs_v_w_flux,-0.00615189364,Face,m^2 s^-2,25200.0,28800.0,27000.0;28800.0
28800.0,50,sgs_v_w_flux,-0.00105133996,Face,m^2 s^-2,25200.0,28800.0,27000.0;28800.0
28800.0,62.5,sgs_v_w_flux,0.00243824243,Face,m^2 s^-2,25200.0,28800.0,27000.0;28800.0
28800.0,75,sgs_v_w_flux,0.00449397764,Face,m^2 s^-2,25200.0,28800.0,27000.0;28800.0
28800.0,87.5,sgs_v_w_flux,0.0053363617,Face,m^2 s^-2,25200.0,28800.0,27000.0;28800.0
28800.0,100,sgs_v_w_flux,0.0052204621,Face,m^2 s^-2,25200.0,28800.0,27000.0;28800.0
28800.0,112.5,sgs_v_w_flux,0.00443138159,Face,m^2 s^-2,25200.0,28800.0,27000.0;28800.0
28800.0,125,sgs_v_w_flux,0.00327594229,Face,m^2 s^-2,25200.0,28800.0,27000.0;28800.0
28800.0,137.5,sgs_v_w_flux,0.00205822161,Face,m^2 s^-2,25200.0,28800.0,27000.0;28800.0
28800.0,150,sgs_v_w_flux,0.00105063646,Face,m^2 s^-2,25200.0,28800.0,27000.0;28800.0
28800.0,162.5,sgs_v_w_flux,0.000353767158,Face,m^2 s^-2,25200.0,28800.0,27000.0;28800.0
28800.0,175,sgs_v_w_flux,0,Face,m^2 s^-2,25200.0,28800.0,27000.0;28800.0
28800.0,187.5,sgs_v_w_flux,0,Face,m^2 s^-2,25200.0,28800.0,27000.0;28800.0
28800.0,200,sgs_v_w_flux,0,Face,m^2 s^-2,25200.0,28800.0,27000.0;28800.0
28800.0,212.5,sgs_v_w_flux,0,Face,m^2 s^-2,25200.0,28800.0,27000.0;28800.0
28800.0,225,sgs_v_w_flux,0,Face,m^2 s^-2,25200.0,28800.0,27000.0;28800.0
28800.0,237.5,sgs_v_w_flux,0,Face,m^2 s^-2,25200.0,28800.0,27000.0;28800.0
28800.0,250,sgs_v_w_flux,0,Face,m^2 s^-2,25200.0,28800.0,27000.0;28800.0
28800.0,262.5,sgs_v_w_flux,0,Face,m^2 s^-2,25200.0,28800.0,27000.0;28800.0
28800.0,275,sgs_v_w_flux,0,Face,m^2 s^-2,25200.0,28800.0,27000.0;28800.0
28800.0,287.5,sgs_v_w_flux,0,Face,m^2 s^-2,25200.0,28800.0,27000.0;28800.0
28800.0,300,sgs_v_w_flux,0,Face,m^2 s^-2,25200.0,28800.0,27000.0;28800.0
28800.0,312.5,sgs_v_w_flux,0,Face,m^2 s^-2,25200.0,28800.0,27000.0;28800.0
28800.0,325,sgs_v_w_flux,0,Face,m^2 s^-2,25200.0,28800.0,27000.0;28800.0
28800.0,337.5,sgs_v_w_flux,0,Face,m^2 s^-2,25200.0,28800.0,27000.0;28800.0
28800.0,350,sgs_v_w_flux,0,Face,m^2 s^-2,25200.0,28800.0,27000.0;28800.0
28800.0,362.5,sgs_v_w_flux,0,Face,m^2 s^-2,25200.0,28800.0,27000.0;28800.0
28800.0,375,sgs_v_w_flux,0,Face,m^2 s^-2,25200.0,28800.0,27000.0;28800.0
28800.0,387.5,sgs_v_w_flux,0,Face,m^2 s^-2,25200.0,28800.0,27000.0;28800.0
28800.0,400,sgs_v_w_flux,0,Face,m^2 s^-2,25200.0,28800.0,27000.0;28800.0
28800.0,0,sgs_w_theta_flux,0,Face,K m s^-1,25200.0,28800.0,27000.0;28800.0
28800.0,12.5,sgs_w_theta_flux,-0.00577099295,Face,K m s^-1,25200.0,28800.0,27000.0;28800.0
28800.0,25,sgs_w_theta_flux,-0.00505277002,Face,K m s^-1,25200.0,28800.0,27000.0;28800.0
28800.0,37.5,sgs_w_theta_flux,-0.00434462796,Face,K m s^-1,25200.0,28800.0,27000.0;28800.0
28800.0,50,sgs_w_theta_flux,-0.00370817899,Face,K m s^-1,25200.0,28800.0,27000.0;28800.0
28800.0,62.5,sgs_w_theta_flux,-0.00311764493,Face,K m s^-1,25200.0,28800.0,27000.0;28800.0
28800.0,75,sgs_w_theta_flux,-0.00257746165,Face,K m s^-1,25200.0,28800.0,27000.0;28800.0
28800.0,87.5,sgs_w_theta_flux,-0.00208714267,Face,K m s^-1,25200.0,28800.0,27000.0;28800.0
28800.0,100,sgs_w_theta_flux,-0.00164946599,Face,K m s^-1,25200.0,28800.0,27000.0;28800.0
28800.0,112.5,sgs_w_theta_flux,-0.00126592693,Face,K m s^-1,25200.0,28800.0,27000.0;28800.0
28800.0,125,sgs_w_theta_flux,-0.00093994732,Face,K m s^-1,25200.0,28800.0,27000.0;28800.0
28800.0,137.5,sgs_w_theta_flux,-0.000672231778,Face,K m s^-1,25200.0,28800.0,27000.0;28800.0
28800.0,150,sgs_w_theta_flux,-0.000467377758,Face,K m s^-1,25200.0,28800.0,27000.0;28800.0
28800.0,162.5,sgs_w_theta_flux,-0.000294430327,Face,K m s^-1,25200.0,28800.0,27000.0;28800.0
28800.0,175,sgs_w_theta_flux,0,Face,K m s^-1,25200.0,28800.0,27000.0;28800.0
28800.0,187.5,sgs_w_theta_flux,0,Face,K m s^-1,25200.0,28800.0,27000.0;28800.0
28800.0,200,sgs_w_theta_flux,0,Face,K m s^-1,25200.0,28800.0,27000.0;28800.0
28800.0,212.5,sgs_w_theta_flux,0,Face,K m s^-1,25200.0,28800.0,27000.0;28800.0
28800.0,225,sgs_w_theta_flux,0,Face,K m s^-1,25200.0,28800.0,27000.0;28800.0
28800.0,237.5,sgs_w_theta_flux,0,Face,K m s^-1,25200.0,28800.0,27000.0;28800.0
28800.0,250,sgs_w_theta_flux,0,Face,K m s^-1,25200.0,28800.0,27000.0;28800.0
28800.0,262.5,sgs_w_theta_flux,0,Face,K m s^-1,25200.0,28800.0,27000.0;28800.0
28800.0,275,sgs_w_theta_flux,0,Face,K m s^-1,25200.0,28800.0,27000.0;28800.0
28800.0,287.5,sgs_w_theta_flux,0,Face,K m s^-1,25200.0,28800.0,27000.0;28800.0
28800.0,300,sgs_w_theta_flux,0,Face,K m s^-1,25200.0,28800.0,27000.0;28800.0
28800.0,312.5,sgs_w_theta_flux,0,Face,K m s^-1,25200.0,28800.0,27000.0;28800.0
28800.0,325,sgs_w_theta_flux,0,Face,K m s^-1,25200.0,28800.0,27000.0;28800.0
28800.0,337.5,sgs_w_theta_flux,0,Face,K m s^-1,25200.0,28800.0,27000.0;28800.0
28800.0,350,sgs_w_theta_flux,0,Face,K m s^-1,25200.0,28800.0,27000.0;28800.0
28800.0,362.5,sgs_w_theta_flux,0,Face,K m s^-1,25200.0,28800.0,27000.0;28800.0
28800.0,375,sgs_w_theta_flux,0,Face,K m s^-1,25200.0,28800.0,27000.0;28800.0
28800.0,387.5,sgs_w_theta_flux,0,Face,K m s^-1,25200.0,28800.0,27000.0;28800.0
28800.0,400,sgs_w_theta_flux,0,Face,K m s^-1,25200.0,28800.0,27000.0;28800.0
28800.0,6.25,theta_mean,263.448395,Center,K,25200.0,28800.0,27000.0;28800.0
28800.0,18.75,theta_mean,263.648453,Center,K,25200.0,28800.0,27000.0;28800.0
28800.0,31.25,theta_mean,263.81662,Center,K,25200.0,28800.0,27000.0;28800.0
28800.0,43.75,theta_mean,263.989029,Center,K,25200.0,28800.0,27000.0;28800.0
28800.0,56.25,theta_mean,264.15451,Center,K,25200.0,28800.0,27000.0;28800.0
28800.0,68.75,theta_mean,264.313675,Center,K,25200.0,28800.0,27000.0;28800.0
28800.0,81.25,theta_mean,264.466309,Center,K,25200.0,28800.0,27000.0;28800.0
28800.0,93.75,theta_mean,264.612518,Center,K,25200.0,28800.0,27000.0;28800.0
28800.0,106.25,theta_mean,264.752731,Center,K,25200.0,28800.0,27000.0;28800.0
28800.0,118.75,theta_mean,264.887802,Center,K,25200.0,28800.0,27000.0;28800.0
28800.0,131.25,theta_mean,265.018829,Center,K,25200.0,28800.0,27000.0;28800.0
28800.0,143.75,theta_mean,265.145157,Center,K,25200.0,28800.0,27000.0;28800.0
28800.0,156.25,theta_mean,265.272446,Center,K,25200.0,28800.0,27000.0;28800.0
28800.0,168.75,theta_mean,265.46405,Center,K,25200.0,28800.0,27000.0;28800.0
28800.0,181.25,theta_mean,265.77594,Center,K,25200.0,28800.0,27000.0;28800.0
28800.0,193.75,theta_mean,265.898712,Center,K,25200.0,28800.0,27000.0;28800.0
28800.0,206.25,theta_mean,266.014572,Center,K,25200.0,28800.0,27000.0;28800.0
28800.0,218.75,theta_mean,266.152115,Center,K,25200.0,28800.0,27000.0;28800.0
28800.0,231.25,theta_mean,266.284622,Center,K,25200.0,28800.0,27000.0;28800.0
28800.0,243.75,theta_mean,266.42923,Center,K,25200.0,28800.0,27000.0;28800.0
28800.0,256.25,theta_mean,266.539917,Center,K,25200.0,28800.0,27000.0;28800.0
28800.0,268.75,theta_mean,266.662155,Center,K,25200.0,28800.0,27000.0;28800.0
28800.0,281.25,theta_mean,266.79155,Center,K,25200.0,28800.0,27000.0;28800.0
28800.0,293.75,theta_mean,266.898315,Center,K,25200.0,28800.0,27000.0;28800.0
28800.0,306.25,theta_mean,267.029846,Center,K,25200.0,28800.0,27000.0;28800.0
28800.0,318.75,theta_mean,267.169434,Center,K,25200.0,28800.0,27000.0;28800.0
28800.0,331.25,theta_mean,267.299683,Center,K,25200.0,28800.0,27000.0;28800.0
28800.0,343.75,theta_mean,267.425217,Center,K,25200.0,28800.0,27000.0;28800.0
28800.0,356.25,theta_mean,267.553711,Center,K,25200.0,28800.0,27000.0;28800.0
28800.0,368.75,theta_mean,267.682327,Center,K,25200.0,28800.0,27000.0;28800.0
28800.0,381.25,theta_mean,267.807831,Center,K,25200.0,28800.0,27000.0;28800.0
28800.0,393.75,theta_mean,267.89328,Center,K,25200.0,28800.0,27000.0;28800.0
28800.0,6.25,theta_variance,9.11112713e-10,Center,K^2,25200.0,28800.0,27000.0;28800.0
28800.0,18.75,theta_variance,9.22355553e-10,Center,K^2,25200.0,28800.0,27000.0;28800.0
28800.0,31.25,theta_variance,9.35137967e-10,Center,K^2,25200.0,28800.0,27000.0;28800.0
28800.0,43.75,theta_variance,9.79953702e-10,Center,K^2,25200.0,28800.0,27000.0;28800.0
28800.0,56.25,theta_variance,1.05591463e-09,Center,K^2,25200.0,28800.0,27000.0;28800.0
28800.0,68.75,theta_variance,1.21372756e-09,Center,K^2,25200.0,28800.0,27000.0;28800.0
28800.0,81.25,theta_variance,1.39144479e-09,Center,K^2,25200.0,28800.0,27000.0;28800.0
28800.0,93.75,theta_variance,1.74131271e-09,Center,K^2,25200.0,28800.0,27000.0;28800.0
28800.0,106.25,theta_variance,2.44109144e-09,Center,K^2,25200.0,28800.0,27000.0;28800.0
28800.0,118.75,theta_variance,4.01516353e-09,Center,K^2,25200.0,28800.0,27000.0;28800.0
28800.0,131.25,theta_variance,9.80157822e-09,Center,K^2,25200.0,28800.0,27000.0;28800.0
28800.0,143.75,theta_variance,3.35304389e-08,Center,K^2,25200.0,28800.0,27000.0;28800.0
28800.0,156.25,theta_variance,2.03385042e-07,Center,K^2,25200.0,28800.0,27000.0;28800.0
28800.0,168.75,theta_variance,9.39509135e-07,Center,K^2,25200.0,28800.0,27000.0;28800.0
28800.0,181.25,theta_variance,6.12253785e-07,Center,K^2,25200.0,28800.0,27000.0;28800.0
28800.0,193.75,theta_variance,3.16771278e-07,Center,K^2,25200.0,28800.0,27000.0;28800.0
28800.0,206.25,theta_variance,4.70292463e-07,Center,K^2,25200.0,28800.0,27000.0;28800.0
28800.0,218.75,theta_variance,4.76503274e-07,Center,K^2,25200.0,28800.0,27000.0;28800.0
28800.0,231.25,theta_variance,5.58348546e-07,Center,K^2,25200.0,28800.0,27000.0;28800.0
28800.0,243.75,theta_variance,4.75050669e-07,Center,K^2,25200.0,28800.0,27000.0;28800.0
28800.0,256.25,theta_variance,3.32212551e-07,Center,K^2,25200.0,28800.0,27000.0;28800.0
28800.0,268.75,theta_variance,3.57382334e-07,Center,K^2,25200.0,28800.0,27000.0;28800.0
28800.0,281.25,theta_variance,3.87214939e-07,Center,K^2,25200.0,28800.0,27000.0;28800.0
28800.0,293.75,theta_variance,4.15729716e-07,Center,K^2,25200.0,28800.0,27000.0;28800.0
28800.0,306.25,theta_variance,4.37089255e-07,Center,K^2,25200.0,28800.0,27000.0;28800.0
28800.0,318.75,theta_variance,3.9139438e-07,Center,K^2,25200.0,28800.0,27000.0;28800.0
28800.0,331.25,theta_variance,2.7113073e-07,Center,K^2,25200.0,28800.0,27000.0;28800.0
28800.0,343.75,theta_variance,2.31405139e-07,Center,K^2,25200.0,28800.0,27000.0;28800.0
28800.0,356.25,theta_variance,1.60030552e-07,Center,K^2,25200.0,28800.0,27000.0;28800.0
28800.0,368.75,theta_variance,1.16693283e-07,Center,K^2,25200.0,28800.0,27000.0;28800.0
28800.0,381.25,theta_variance,1.19445858e-07,Center,K^2,25200.0,28800.0,27000.0;28800.0
28800.0,393.75,theta_variance,2.45696626e-07,Center,K^2,25200.0,28800.0,27000.0;28800.0
28800.0,0,total_buoyancy_flux,0,Face,m^2 s^-3,25200.0,28800.0,27000.0;28800.0
28800.0,12.5,total_buoyancy_flux,-0.000214803957,Face,m^2 s^-3,25200.0,28800.0,27000.0;28800.0
28800.0,25,total_buoyancy_flux,-0.000187937214,Face,m^2 s^-3,25200.0,28800.0,27000.0;28800.0
28800.0,37.5,total_buoyancy_flux,-0.000161493816,Face,m^2 s^-3,25200.0,28800.0,27000.0;28800.0
28800.0,50,total_buoyancy_flux,-0.000137749732,Face,m^2 s^-3,25200.0,28800.0,27000.0;28800.0
28800.0,62.5,total_buoyancy_flux,-0.000115743351,Face,m^2 s^-3,25200.0,28800.0,27000.0;28800.0
28800.0,75,total_buoyancy_flux,-9.5633899e-05,Face,m^2 s^-3,25200.0,28800.0,27000.0;28800.0
28800.0,87.5,total_buoyancy_flux,-7.7398443e-05,Face,m^2 s^-3,25200.0,28800.0,27000.0;28800.0
28800.0,100,total_buoyancy_flux,-6.11356991e-05,Face,m^2 s^-3,25200.0,28800.0,27000.0;28800.0
28800.0,112.5,total_buoyancy_flux,-4.68966409e-05,Face,m^2 s^-3,25200.0,28800.0,27000.0;28800.0
28800.0,125,total_buoyancy_flux,-3.48038029e-05,Face,m^2 s^-3,25200.0,28800.0,27000.0;28800.0
28800.0,137.5,total_buoyancy_flux,-2.48789775e-05,Face,m^2 s^-3,25200.0,28800.0,27000.0;28800.0
28800.0,150,total_buoyancy_flux,-1.72890923e-05,Face,m^2 s^-3,25200.0,28800.0,27000.0;28800.0
28800.0,162.5,total_buoyancy_flux,-1.08846843e-05,Face,m^2 s^-3,25200.0,28800.0,27000.0;28800.0
28800.0,175,total_buoyancy_flux,-9.48075368e-10,Face,m^2 s^-3,25200.0,28800.0,27000.0;28800.0
28800.0,187.5,total_buoyancy_flux,-2.91217953e-10,Face,m^2 s^-3,25200.0,28800.0,27000.0;28800.0
28800.0,200,total_buoyancy_flux,7.77060194e-10,Face,m^2 s^-3,25200.0,28800.0,27000.0;28800.0
28800.0,212.5,total_buoyancy_flux,2.98751295e-10,Face,m^2 s^-3,25200.0,28800.0,27000.0;28800.0
28800.0,225,total_buoyancy_flux,1.87240112e-10,Face,m^2 s^-3,25200.0,28800.0,27000.0;28800.0
28800.0,237.5,total_buoyancy_flux,3.82497659e-10,Face,m^2 s^-3,25200.0,28800.0,27000.0;28800.0
28800.0,250,total_buoyancy_flux,3.29520931e-10,Face,m^2 s^-3,25200.0,28800.0,27000.0;28800.0
28800.0,262.5,total_buoyancy_flux,2.22455908e-10,Face,m^2 s^-3,25200.0,28800.0,27000.0;28800.0
28800.0,275,total_buoyancy_flux,8.54112725e-10,Face,m^2 s^-3,25200.0,28800.0,27000.0;28800.0
28800.0,287.5,total_buoyancy_flux,9.73674003e-10,Face,m^2 s^-3,25200.0,28800.0,27000.0;28800.0
28800.0,300,total_buoyancy_flux,5.72384376e-10,Face,m^2 s^-3,25200.0,28800.0,27000.0;28800.0
28800.0,312.5,total_buoyancy_flux,1.62482461e-09,Face,m^2 s^-3,25200.0,28800.0,27000.0;28800.0
28800.0,325,total_buoyancy_flux,2.04696726e-09,Face,m^2 s^-3,25200.0,28800.0,27000.0;28800.0
28800.0,337.5,total_buoyancy_flux,1.88188232e-09,Face,m^2 s^-3,25200.0,28800.0,27000.0;28800.0
28800.0,350,total_buoyancy_flux,1.48133217e-09,Face,m^2 s^-3,25200.0,28800.0,27000.0;28800.0
28800.0,362.5,total_buoyancy_flux,1.27425448e-09,Face,m^2 s^-3,25200.0,28800.0,27000.0;28800.0
28800.0,375,total_buoyancy_flux,8.55904181e-10,Face,m^2 s^-3,25200.0,28800.0,27000.0;28800.0
28800.0,387.5,total_buoyancy_flux,1.75354536e-09,Face,m^2 s^-3,25200.0,28800.0,27000.0;28800.0
28800.0,400,total_buoyancy_flux,0,Face,m^2 s^-3,25200.0,28800.0,27000.0;28800.0
28800.0,0,total_stress_magnitude,0.0500009656,Face,m^2 s^-2,25200.0,28800.0,27000.0;28800.0
28800.0,12.5,total_stress_magnitude,0.0415943302,Face,m^2 s^-2,25200.0,28800.0,27000.0;28800.0
28800.0,25,total_stress_magnitude,0.0342330746,Face,m^2 s^-2,25200.0,28800.0,27000.0;28800.0
28800.0,37.5,total_stress_magnitude,0.027792098,Face,m^2 s^-2,25200.0,28800.0,27000.0;28800.0
28800.0,50,total_stress_magnitude,0.0222021788,Face,m^2 s^-2,25200.0,28800.0,27000.0;28800.0
28800.0,62.5,total_stress_magnitude,0.0173943508,Face,m^2 s^-2,25200.0,28800.0,27000.0;28800.0
28800.0,75,total_stress_magnitude,0.0133127142,Face,m^2 s^-2,25200.0,28800.0,27000.0;28800.0
28800.0,87.5,total_stress_magnitude,0.00990896486,Face,m^2 s^-2,25200.0,28800.0,27000.0;28800.0
28800.0,100,total_stress_magnitude,0.0071382348,Face,m^2 s^-2,25200.0,28800.0,27000.0;28800.0
28800.0,112.5,total_stress_magnitude,0.00495508779,Face,m^2 s^-2,25200.0,28800.0,27000.0;28800.0
28800.0,125,total_stress_magnitude,0.00330622634,Face,m^2 s^-2,25200.0,28800.0,27000.0;28800.0
28800.0,137.5,total_stress_magnitude,0.00211772625,Face,m^2 s^-2,25200.0,28800.0,27000.0;28800.0
28800.0,150,total_stress_magnitude,0.00129957561,Face,m^2 s^-2,25200.0,28800.0,27000.0;28800.0
28800.0,162.5,total_stress_magnitude,0.000684833125,Face,m^2 s^-2,25200.0,28800.0,27000.0;28800.0
28800.0,175,total_stress_magnitude,2.04244081e-07,Face,m^2 s^-2,25200.0,28800.0,27000.0;28800.0
28800.0,187.5,total_stress_magnitude,1.90105453e-07,Face,m^2 s^-2,25200.0,28800.0,27000.0;28800.0
28800.0,200,total_stress_magnitude,6.39472368e-08,Face,m^2 s^-2,25200.0,28800.0,27000.0;28800.0
28800.0,212.5,total_stress_magnitude,7.01558918e-08,Face,m^2 s^-2,25200.0,28800.0,27000.0;28800.0
28800.0,225,total_stress_magnitude,4.86463048e-08,Face,m^2 s^-2,25200.0,28800.0,27000.0;28800.0
28800.0,237.5,total_stress_magnitude,6.02419252e-08,Face,m^2 s^-2,25200.0,28800.0,27000.0;28800.0
28800.0,250,total_stress_magnitude,6.51282424e-08,Face,m^2 s^-2,25200.0,28800.0,27000.0;28800.0
28800.0,262.5,total_stress_magnitude,6.63145521e-08,Face,m^2 s^-2,25200.0,28800.0,27000.0;28800.0
28800.0,275,total_stress_magnitude,6.78906034e-08,Face,m^2 s^-2,25200.0,28800.0,27000.0;28800.0
28800.0,287.5,total_stress_magnitude,7.34599102e-08,Face,m^2 s^-2,25200.0,28800.0,27000.0;28800.0
28800.0,300,total_stress_magnitude,6.79909284e-08,Face,m^2 s^-2,25200.0,28800.0,27000.0;28800.0
28800.0,312.5,total_stress_magnitude,5.3703948e-08,Face,m^2 s^-2,25200.0,28800.0,27000.0;28800.0
28800.0,325,total_stress_magnitude,5.2756473e-08,Face,m^2 s^-2,25200.0,28800.0,27000.0;28800.0
28800.0,337.5,total_stress_magnitude,5.08364977e-08,Face,m^2 s^-2,25200.0,28800.0,27000.0;28800.0
28800.0,350,total_stress_magnitude,4.11395504e-08,Face,m^2 s^-2,25200.0,28800.0,27000.0;28800.0
28800.0,362.5,total_stress_magnitude,4.14046912e-08,Face,m^2 s^-2,25200.0,28800.0,27000.0;28800.0
28800.0,375,total_stress_magnitude,1.95243572e-08,Face,m^2 s^-2,25200.0,28800.0,27000.0;28800.0
28800.0,387.5,total_stress_magnitude,1.43940877e-08,Face,m^2 s^-2,25200.0,28800.0,27000.0;28800.0
28800.0,400,total_stress_magnitude,0,Face,m^2 s^-2,25200.0,28800.0,27000.0;28800.0
28800.0,6.25,total_tke_buoyancy_production,-0.000107402033,Center,m^2 s^-3,25200.0,28800.0,27000.0;28800.0
28800.0,18.75,total_tke_buoyancy_production,-0.000201370691,Center,m^2 s^-3,25200.0,28800.0,27000.0;28800.0
28800.0,31.25,total_tke_buoyancy_production,-0.000174715518,Center,m^2 s^-3,25200.0,28800.0,27000.0;28800.0
28800.0,43.75,total_tke_buoyancy_production,-0.000149621497,Center,m^2 s^-3,25200.0,28800.0,27000.0;28800.0
28800.0,56.25,total_tke_buoyancy_production,-0.000126746352,Center,m^2 s^-3,25200.0,28800.0,27000.0;28800.0
28800.0,68.75,total_tke_buoyancy_production,-0.000105688363,Center,m^2 s^-3,25200.0,28800.0,27000.0;28800.0
28800.0,81.25,total_tke_buoyancy_production,-8.65161746e-05,Center,m^2 s^-3,25200.0,28800.0,27000.0;28800.0
28800.0,93.75,total_tke_buoyancy_production,-6.92669491e-05,Center,m^2 s^-3,25200.0,28800.0,27000.0;28800.0
28800.0,106.25,total_tke_buoyancy_production,-5.40161873e-05,Center,m^2 s^-3,25200.0,28800.0,27000.0;28800.0
28800.0,118.75,total_tke_buoyancy_production,-4.08501564e-05,Center,m^2 s^-3,25200.0,28800.0,27000.0;28800.0
28800.0,131.25,total_tke_buoyancy_production,-2.98413815e-05,Center,m^2 s^-3,25200.0,28800.0,27000.0;28800.0
28800.0,143.75,total_tke_buoyancy_production,-2.10840581e-05,Center,m^2 s^-3,25200.0,28800.0,27000.0;28800.0
28800.0,156.25,total_tke_buoyancy_production,-1.4086876e-05,Center,m^2 s^-3,25200.0,28800.0,27000.0;28800.0
28800.0,168.75,total_tke_buoyancy_production,-5.44282352e-06,Center,m^2 s^-3,25200.0,28800.0,27000.0;28800.0
28800.0,181.25,total_tke_buoyancy_production,-6.19646667e-10,Center,m^2 s^-3,25200.0,28800.0,27000.0;28800.0
28800.0,193.75,total_tke_buoyancy_production,2.42921003e-10,Center,m^2 s^-3,25200.0,28800.0,27000.0;28800.0
28800.0,206.25,total_tke_buoyancy_production,5.37906442e-10,Center,m^2 s^-3,25200.0,28800.0,27000.0;28800.0
28800.0,218.75,total_tke_buoyancy_production,2.4299586e-10,Center,m^2 s^-3,25200.0,28800.0,27000.0;28800.0
28800.0,231.25,total_tke_buoyancy_production,2.84868767e-10,Center,m^2 s^-3,25200.0,28800.0,27000.0;28800.0
28800.0,243.75,total_tke_buoyancy_production,3.56009555e-10,Center,m^2 s^-3,25200.0,28800.0,27000.0;28800.0
28800.0,256.25,total_tke_buoyancy_production,2.75988607e-10,Center,m^2 s^-3,25200.0,28800.0,27000.0;28800.0
28800.0,268.75,total_tke_buoyancy_production,5.38283945e-10,Center,m^2 s^-3,25200.0,28800.0,27000.0;28800.0
28800.0,281.25,total_tke_buoyancy_production,9.13892906e-10,Center,m^2 s^-3,25200.0,28800.0,27000.0;28800.0
28800.0,293.75,total_tke_buoyancy_production,7.73029002e-10,Center,m^2 s^-3,25200.0,28800.0,27000.0;28800.0
28800.0,306.25,total_tke_buoyancy_production,1.0986044e-09,Center,m^2 s^-3,25200.0,28800.0,27000.0;28800.0
28800.0,318.75,total_tke_buoyancy_production,1.83589755e-09,Center,m^2 s^-3,25200.0,28800.0,27000.0;28800.0
28800.0,331.25,total_tke_buoyancy_production,1.96442462e-09,Center,m^2 s^-3,25200.0,28800.0,27000.0;28800.0
28800.0,343.75,total_tke_buoyancy_production,1.68160608e-09,Center,m^2 s^-3,25200.0,28800.0,27000.0;28800.0
28800.0,356.25,total_tke_buoyancy_production,1.3777921e-09,Center,m^2 s^-3,25200.0,28800.0,27000.0;28800.0
28800.0,368.75,total_tke_buoyancy_production,1.06507908e-09,Center,m^2 s^-3,25200.0,28800.0,27000.0;28800.0
28800.0,381.25,total_tke_buoyancy_production,1.30472533e-09,Center,m^2 s^-3,25200.0,28800.0,27000.0;28800.0
28800.0,393.75,total_tke_buoyancy_production,8.76772099e-10,Center,m^2 s^-3,25200.0,28800.0,27000.0;28800.0
28800.0,6.25,total_tke_shear_production,0.00735229626,Center,m^2 s^-3,25200.0,28800.0,27000.0;28800.0
28800.0,18.75,total_tke_shear_production,0.00402878155,Center,m^2 s^-3,25200.0,28800.0,27000.0;28800.0
28800.0,31.25,total_tke_shear_production,0.00279478182,Center,m^2 s^-3,25200.0,28800.0,27000.0;28800.0
28800.0,43.75,total_tke_shear_production,0.00206754124,Center,m^2 s^-3,25200.0,28800.0,27000.0;28800.0
28800.0,56.25,total_tke_shear_production,0.00146561628,Center,m^2 s^-3,25200.0,28800.0,27000.0;28800.0
28800.0,68.75,total_tke_shear_production,0.00101353769,Center,m^2 s^-3,25200.0,28800.0,27000.0;28800.0
28800.0,81.25,total_tke_shear_production,0.000677350792,Center,m^2 s^-3,25200.0,28800.0,27000.0;28800.0
28800.0,93.75,total_tke_shear_production,0.000435980532,Center,m^2 s^-3,25200.0,28800.0,27000.0;28800.0
28800.0,106.25,total_tke_shear_production,0.000269497701,Center,m^2 s^-3,25200.0,28800.0,27000.0;28800.0
28800.0,118.75,total_tke_shear_production,0.000160098287,Center,m^2 s^-3,25200.0,28800.0,27000.0;28800.0
28800.0,131.25,total_tke_shear_production,9.28329137e-05,Center,m^2 s^-3,25200.0,28800.0,27000.0;28800.0
28800.0,143.75,total_tke_shear_production,5.27126267e-05,Center,m^2 s^-3,25200.0,28800.0,27000.0;28800.0
28800.0,156.25,total_tke_shear_production,3.07714417e-05,Center,m^2 s^-3,25200.0,28800.0,27000.0;28800.0
28800.0,168.75,total_tke_shear_production,1.21351045e-05,Center,m^2 s^-3,25200.0,28800.0,27000.0;28800.0
28800.0,181.25,total_tke_shear_production,2.56244825e-09,Center,m^2 s^-3,25200.0,28800.0,27000.0;28800.0
28800.0,193.75,total_tke_shear_production,-2.5799027e-11,Center,m^2 s^-3,25200.0,28800.0,27000.0;28800.0
28800.0,206.25,total_tke_shear_production,-3.81984941e-14,Center,m^2 s^-3,25200.0,28800.0,27000.0;28800.0
28800.0,218.75,total_tke_shear_production,-2.31757312e-13,Center,m^2 s^-3,25200.0,28800.0,27000.0;28800.0
28800.0,231.25,total_tke_shear_production,-1.84238306e-13,Center,m^2 s^-3,25200.0,28800.0,27000.0;28800.0
28800.0,243.75,total_tke_shear_production,-2.37590302e-14,Center,m^2 s^-3,25200.0,28800.0,27000.0;28800.0
28800.0,256.25,total_tke_shear_production,1.20171591e-13,Center,m^2 s^-3,25200.0,28800.0,27000.0;28800.0
28800.0,268.75,total_tke_shear_production,5.25319873e-14,Center,m^2 s^-3,25200.0,28800.0,27000.0;28800.0
28800.0,281.25,total_tke_shear_production,-1.95480919e-13,Center,m^2 s^-3,25200.0,28800.0,27000.0;28800.0
28800.0,293.75,total_tke_shear_production,-1.75757717e-13,Center,m^2 s^-3,25200.0,28800.0,27000.0;28800.0
28800.0,306.25,total_tke_shear_production,-1.28481989e-13,Center,m^2 s^-3,25200.0,28800.0,27000.0;28800.0
28800.0,318.75,total_tke_shear_production,-1.79299145e-13,Center,m^2 s^-3,25200.0,28800.0,27000.0;28800.0
28800.0,331.25,total_tke_shear_production,-2.43624389e-13,Center,m^2 s^-3,25200.0,28800.0,27000.0;28800.0
28800.0,343.75,total_tke_shear_production,-2.03608235e-13,Center,m^2 s^-3,25200.0,28800.0,27000.0;28800.0
28800.0,356.25,total_tke_shear_production,7.36043167e-14,Center,m^2 s^-3,25200.0,28800.0,27000.0;28800.0
28800.0,368.75,total_tke_shear_production,-3.77078976e-14,Center,m^2 s^-3,25200.0,28800.0,27000.0;28800.0
28800.0,381.25,total_tke_shear_production,-3.72465999e-13,Center,m^2 s^-3,25200.0,28800.0,27000.0;28800.0
28800.0,393.75,total_tke_shear_production,-3.01847929e-13,Center,m^2 s^-3,25200.0,28800.0,27000.0;28800.0
28800.0,0,total_u_w_flux,-0.0381096695,Face,m^2 s^-2,25200.0,28800.0,27000.0;28800.0
28800.0,12.5,total_u_w_flux,-0.0355161,Face,m^2 s^-2,25200.0,28800.0,27000.0;28800.0
28800.0,25,total_u_w_flux,-0.0316643193,Face,m^2 s^-2,25200.0,28800.0,27000.0;28800.0
28800.0,37.5,total_u_w_flux,-0.0271020206,Face,m^2 s^-2,25200.0,28800.0,27000.0;28800.0
28800.0,50,total_u_w_flux,-0.0221768767,Face,m^2 s^-2,25200.0,28800.0,27000.0;28800.0
28800.0,62.5,total_u_w_flux,-0.0172224334,Face,m^2 s^-2,25200.0,28800.0,27000.0;28800.0
28800.0,75,total_u_w_flux,-0.012531227,Face,m^2 s^-2,25200.0,28800.0,27000.0;28800.0
28800.0,87.5,total_u_w_flux,-0.00834928593,Face,m^2 s^-2,25200.0,28800.0,27000.0;28800.0
28800.0,100,total_u_w_flux,-0.0048681749,Face,m^2 s^-2,25200.0,28800.0,27000.0;28800.0
28800.0,112.5,total_u_w_flux,-0.00221655262,Face,m^2 s^-2,25200.0,28800.0,27000.0;28800.0
28800.0,125,total_u_w_flux,-0.000444943798,Face,m^2 s^-2,25200.0,28800.0,27000.0;28800.0
28800.0,137.5,total_u_w_flux,0.00049837977,Face,m^2 s^-2,25200.0,28800.0,27000.0;28800.0
28800.0,150,total_u_w_flux,0.000764455966,Face,m^2 s^-2,25200.0,28800.0,27000.0;28800.0
28800.0,162.5,total_u_w_flux,0.00058527611,Face,m^2 s^-2,25200.0,28800.0,27000.0;28800.0
28800.0,175,total_u_w_flux,1.68935493e-07,Face,m^2 s^-2,25200.0,28800.0,27000.0;28800.0
28800.0,187.5,total_u_w_flux,-9.52318047e-08,Face,m^2 s^-2,25200.0,28800.0,27000.0;28800.0
28800.0,200,total_u_w_flux,2.08340856e-09,Face,m^2 s^-2,25200.0,28800.0,27000.0;28800.0
28800.0,212.5,total_u_w_flux,2.85558055e-09,Face,m^2 s^-2,25200.0,28800.0,27000.0;28800.0
28800.0,225,total_u_w_flux,1.56843694e-09,Face,m^2 s^-2,25200.0,28800.0,27000.0;28800.0
28800.0,237.5,total_u_w_flux,6.75154643e-09,Face,m^2 s^-2,25200.0,28800.0,27000.0;28800.0
28800.0,250,total_u_w_flux,-7.66104608e-09,Face,m^2 s^-2,25200.0,28800.0,27000.0;28800.0
28800.0,262.5,total_u_w_flux,4.67813255e-09,Face,m^2 s^-2,25200.0,28800.0,27000.0;28800.0
28800.0,275,total_u_w_flux,-1.1523102e-08,Face,m^2 s^-2,25200.0,28800.0,27000.0;28800.0
28800.0,287.5,total_u_w_flux,-2.55646533e-08,Face,m^2 s^-2,25200.0,28800.0,27000.0;28800.0
28800.0,300,total_u_w_flux,-8.37782371e-09,Face,m^2 s^-2,25200.0,28800.0,27000.0;28800.0
28800.0,312.5,total_u_w_flux,-2.33526487e-08,Face,m^2 s^-2,25200.0,28800.0,27000.0;28800.0
28800.0,325,total_u_w_flux,-6.00320116e-09,Face,m^2 s^-2,25200.0,28800.0,27000.0;28800.0
28800.0,337.5,total_u_w_flux,-9.57586455e-09,Face,m^2 s^-2,25200.0,28800.0,27000.0;28800.0
28800.0,350,total_u_w_flux,3.76739223e-09,Face,m^2 s^-2,25200.0,28800.0,27000.0;28800.0
28800.0,362.5,total_u_w_flux,-1.36511953e-08,Face,m^2 s^-2,25200.0,28800.0,27000.0;28800.0
28800.0,375,total_u_w_flux,1.22653071e-09,Face,m^2 s^-2,25200.0,28800.0,27000.0;28800.0
28800.0,387.5,total_u_w_flux,-8.51038684e-09,Face,m^2 s^-2,25200.0,28800.0,27000.0;28800.0
28800.0,400,total_u_w_flux,0,Face,m^2 s^-2,25200.0,28800.0,27000.0;28800.0
28800.0,0,total_v_w_flux,-0.032367887,Face,m^2 s^-2,25200.0,28800.0,27000.0;28800.0
28800.0,12.5,total_v_w_flux,-0.0216478724,Face,m^2 s^-2,25200.0,28800.0,27000.0;28800.0
28800.0,25,total_v_w_flux,-0.0130085913,Face,m^2 s^-2,25200.0,28800.0,27000.0;28800.0
28800.0,37.5,total_v_w_flux,-0.00615189341,Face,m^2 s^-2,25200.0,28800.0,27000.0;28800.0
28800.0,50,total_v_w_flux,-0.00105133958,Face,m^2 s^-2,25200.0,28800.0,27000.0;28800.0
28800.0,62.5,total_v_w_flux,0.0024382429,Face,m^2 s^-2,25200.0,28800.0,27000.0;28800.0
28800.0,75,total_v_w_flux,0.00449397857,Face,m^2 s^-2,25200.0,28800.0,27000.0;28800.0
28800.0,87.5,total_v_w_flux,0.00533636333,Face,m^2 s^-2,25200.0,28800.0,27000.0;28800.0
28800.0,100,total_v_w_flux,0.0052204642,Face,m^2 s^-2,25200.0,28800.0,27000.0;28800.0
28800.0,112.5,total_v_w_flux,0.00443138299,Face,m^2 s^-2,25200.0,28800.0,27000.0;28800.0
28800.0,125,total_v_w_flux,0.00327594415,Face,m^2 s^-2,25200.0,28800.0,27000.0;28800.0
28800.0,137.5,total_v_w_flux,0.00205822429,Face,m^2 s^-2,25200.0,28800.0,27000.0;28800.0
28800.0,150,total_v_w_flux,0.00105067412,Face,m^2 s^-2,25200.0,28800.0,27000.0;28800.0
28800.0,162.5,total_v_w_flux,0.000353803422,Face,m^2 s^-2,25200.0,28800.0,27000.0;28800.0
28800.0,175,total_v_w_flux,6.25389496e-09,Face,m^2 s^-2,25200.0,28800.0,27000.0;28800.0
28800.0,187.5,total_v_w_flux,-1.90466016e-08,Face,m^2 s^-2,25200.0,28800.0,27000.0;28800.0
28800.0,200,total_v_w_flux,-2.51233275e-08,Face,m^2 s^-2,25200.0,28800.0,27000.0;28800.0
28800.0,212.5,total_v_w_flux,-1.8239079e-08,Face,m^2 s^-2,25200.0,28800.0,27000.0;28800.0
28800.0,225,total_v_w_flux,-1.51577773e-08,Face,m^2 s^-2,25200.0,28800.0,27000.0;28800.0
28800.0,237.5,total_v_w_flux,-1.16287592e-08,Face,m^2 s^-2,25200.0,28800.0,27000.0;28800.0
28800.0,250,total_v_w_flux,-5.96215988e-09,Face,m^2 s^-2,25200.0,28800.0,27000.0;28800.0
28800.0,262.5,total_v_w_flux,-9.35721456e-09,Face,m^2 s^-2,25200.0,28800.0,27000.0;28800.0
28800.0,275,total_v_w_flux,3.90855526e-09,Face,m^2 s^-2,25200.0,28800.0,27000.0;28800.0
28800.0,287.5,total_v_w_flux,1.86375493e-08,Face,m^2 s^-2,25200.0,28800.0,27000.0;28800.0
28800.0,300,total_v_w_flux,8.31745695e-09,Face,m^2 s^-2,25200.0,28800.0,27000.0;28800.0
28800.0,312.5,total_v_w_flux,-4.80576307e-09,Face,m^2 s^-2,25200.0,28800.0,27000.0;28800.0
28800.0,325,total_v_w_flux,8.23322044e-09,Face,m^2 s^-2,25200.0,28800.0,27000.0;28800.0
28800.0,337.5,total_v_w_flux,3.68473572e-08,Face,m^2 s^-2,25200.0,28800.0,27000.0;28800.0
28800.0,350,total_v_w_flux,3.46472433e-08,Face,m^2 s^-2,25200.0,28800.0,27000.0;28800.0
28800.0,362.5,total_v_w_flux,1.72866275e-08,Face,m^2 s^-2,25200.0,28800.0,27000.0;28800.0
28800.0,375,total_v_w_flux,1.50945276e-08,Face,m^2 s^-2,25200.0,28800.0,27000.0;28800.0
28800.0,387.5,total_v_w_flux,7.08552239e-09,Face,m^2 s^-2,25200.0,28800.0,27000.0;28800.0
28800.0,400,total_v_w_flux,0,Face,m^2 s^-2,25200.0,28800.0,27000.0;28800.0
28800.0,0,total_w_theta_flux,-0.00654161442,Face,K m s^-1,25200.0,28800.0,27000.0;28800.0
28800.0,12.5,total_w_theta_flux,-0.00577099295,Face,K m s^-1,25200.0,28800.0,27000.0;28800.0
28800.0,25,total_w_theta_flux,-0.00505277002,Face,K m s^-1,25200.0,28800.0,27000.0;28800.0
28800.0,37.5,total_w_theta_flux,-0.00434462773,Face,K m s^-1,25200.0,28800.0,27000.0;28800.0
28800.0,50,total_w_theta_flux,-0.00370817911,Face,K m s^-1,25200.0,28800.0,27000.0;28800.0
28800.0,62.5,total_w_theta_flux,-0.00311764516,Face,K m s^-1,25200.0,28800.0,27000.0;28800.0
28800.0,75,total_w_theta_flux,-0.002577462,Face,K m s^-1,25200.0,28800.0,27000.0;28800.0
28800.0,87.5,total_w_theta_flux,-0.00208714348,Face,K m s^-1,25200.0,28800.0,27000.0;28800.0
28800.0,100,total_w_theta_flux,-0.00164946687,Face,K m s^-1,25200.0,28800.0,27000.0;28800.0
28800.0,112.5,total_w_theta_flux,-0.00126592827,Face,K m s^-1,25200.0,28800.0,27000.0;28800.0
28800.0,125,total_w_theta_flux,-0.000939949357,Face,K m s^-1,25200.0,28800.0,27000.0;28800.0
28800.0,137.5,total_w_theta_flux,-0.000672234513,Face,K m s^-1,25200.0,28800.0,27000.0;28800.0
28800.0,150,total_w_theta_flux,-0.000467381906,Face,K m s^-1,25200.0,28800.0,27000.0;28800.0
28800.0,162.5,total_w_theta_flux,-0.00029442829,Face,K m s^-1,25200.0,28800.0,27000.0;28800.0
28800.0,175,total_w_theta_flux,-2.57149981e-08,Face,K m s^-1,25200.0,28800.0,27000.0;28800.0
28800.0,187.5,total_w_theta_flux,-7.98475552e-09,Face,K m s^-1,25200.0,28800.0,27000.0;28800.0
28800.0,200,total_w_theta_flux,2.10833564e-08,Face,K m s^-1,25200.0,28800.0,27000.0;28800.0
28800.0,212.5,total_w_theta_flux,8.07107137e-09,Face,K m s^-1,25200.0,28800.0,27000.0;28800.0
28800.0,225,total_w_theta_flux,5.10505016e-09,Face,K m s^-1,25200.0,28800.0,27000.0;28800.0
28800.0,237.5,total_w_theta_flux,1.02266327e-08,Face,K m s^-1,25200.0,28800.0,27000.0;28800.0
28800.0,250,total_w_theta_flux,9.04125619e-09,Face,K m s^-1,25200.0,28800.0,27000.0;28800.0
28800.0,262.5,total_w_theta_flux,6.3254621e-09,Face,K m s^-1,25200.0,28800.0,27000.0;28800.0
28800.0,275,total_w_theta_flux,2.35996893e-08,Face,K m s^-1,25200.0,28800.0,27000.0;28800.0
28800.0,287.5,total_w_theta_flux,2.69777658e-08,Face,K m s^-1,25200.0,28800.0,27000.0;28800.0
28800.0,300,total_w_theta_flux,1.61221743e-08,Face,K m s^-1,25200.0,28800.0,27000.0;28800.0
28800.0,312.5,total_w_theta_flux,4.45381581e-08,Face,K m s^-1,25200.0,28800.0,27000.0;28800.0
28800.0,325,total_w_theta_flux,5.62329916e-08,Face,K m s^-1,25200.0,28800.0,27000.0;28800.0
28800.0,337.5,total_w_theta_flux,5.23210968e-08,Face,K m s^-1,25200.0,28800.0,27000.0;28800.0
28800.0,350,total_w_theta_flux,4.19645101e-08,Face,K m s^-1,25200.0,28800.0,27000.0;28800.0
28800.0,362.5,total_w_theta_flux,3.49285596e-08,Face,K m s^-1,25200.0,28800.0,27000.0;28800.0
28800.0,375,total_w_theta_flux,2.35654447e-08,Face,K m s^-1,25200.0,28800.0,27000.0;28800.0
28800.0,387.5,total_w_theta_flux,4.88431144e-08,Face,K m s^-1,25200.0,28800.0,27000.0;28800.0
28800.0,400,total_w_theta_flux,0,Face,K m s^-1,25200.0,28800.0,27000.0;28800.0
28800.0,0,turbulent_tke_flux,0,Face,m^3 s^-3,25200.0,28800.0,27000.0;28800.0
28800.0,12.5,turbulent_tke_flux,-8.28883943e-16,Face,m^3 s^-3,25200.0,28800.0,27000.0;28800.0
28800.0,25,turbulent_tke_flux,1.0191294e-16,Face,m^3 s^-3,25200.0,28800.0,27000.0;28800.0
28800.0,37.5,turbulent_tke_flux,-1.56876431e-16,Face,m^3 s^-3,25200.0,28800.0,27000.0;28800.0
28800.0,50,turbulent_tke_flux,-9.48958963e-16,Face,m^3 s^-3,25200.0,28800.0,27000.0;28800.0
28800.0,62.5,turbulent_tke_flux,-2.03775714e-15,Face,m^3 s^-3,25200.0,28800.0,27000.0;28800.0
28800.0,75,turbulent_tke_flux,-1.95501303e-15,Face,m^3 s^-3,25200.0,28800.0,27000.0;28800.0
28800.0,87.5,turbulent_tke_flux,-2.84664599e-14,Face,m^3 s^-3,25200.0,28800.0,27000.0;28800.0
28800.0,100,turbulent_tke_flux,-4.09470567e-14,Face,m^3 s^-3,25200.0,28800.0,27000.0;28800.0
28800.0,112.5,turbulent_tke_flux,-2.51620285e-14,Face,m^3 s^-3,25200.0,28800.0,27000.0;28800.0
28800.0,125,turbulent_tke_flux,1.63660318e-14,Face,m^3 s^-3,25200.0,28800.0,27000.0;28800.0
28800.0,137.5,turbulent_tke_flux,2.32432238e-13,Face,m^3 s^-3,25200.0,28800.0,27000.0;28800.0
28800.0,150,turbulent_tke_flux,3.56801763e-12,Face,m^3 s^-3,25200.0,28800.0,27000.0;28800.0
28800.0,162.5,turbulent_tke_flux,6.45449957e-12,Face,m^3 s^-3,25200.0,28800.0,27000.0;28800.0
28800.0,175,turbulent_tke_flux,-1.85539574e-11,Face,m^3 s^-3,25200.0,28800.0,27000.0;28800.0
28800.0,187.5,turbulent_tke_flux,-8.38470595e-11,Face,m^3 s^-3,25200.0,28800.0,27000.0;28800.0
28800.0,200,turbulent_tke_flux,-2.46873974e-11,Face,m^3 s^-3,25200.0,28800.0,27000.0;28800.0
28800.0,212.5,turbulent_tke_flux,-2.8346726e-11,Face,m^3 s^-3,25200.0,28800.0,27000.0;28800.0
28800.0,225,turbulent_tke_flux,-3.0417736e-11,Face,m^3 s^-3,25200.0,28800.0,27000.0;28800.0
28800.0,237.5,turbulent_tke_flux,-3.82572021e-11,Face,m^3 s^-3,25200.0,28800.0,27000.0;28800.0
28800.0,250,turbulent_tke_flux,-3.43531796e-11,Face,m^3 s^-3,25200.0,28800.0,27000.0;28800.0
28800.0,262.5,turbulent_tke_flux,-3.7971461e-11,Face,m^3 s^-3,25200.0,28800.0,27000.0;28800.0
28800.0,275,turbulent_tke_flux,-3.99980186e-11,Face,m^3 s^-3,25200.0,28800.0,27000.0;28800.0
28800.0,287.5,turbulent_tke_flux,-8.00308604e-11,Face,m^3 s^-3,25200.0,28800.0,27000.0;28800.0
28800.0,300,turbulent_tke_flux,-6.54385639e-11,Face,m^3 s^-3,25200.0,28800.0,27000.0;28800.0
28800.0,312.5,turbulent_tke_flux,-1.99157929e-11,Face,m^3 s^-3,25200.0,28800.0,27000.0;28800.0
28800.0,325,turbulent_tke_flux,-2.9727013e-12,Face,m^3 s^-3,25200.0,28800.0,27000.0;28800.0
28800.0,337.5,turbulent_tke_flux,-3.05490702e-12,Face,m^3 s^-3,25200.0,28800.0,27000.0;28800.0
28800.0,350,turbulent_tke_flux,-1.35009857e-11,Face,m^3 s^-3,25200.0,28800.0,27000.0;28800.0
28800.0,362.5,turbulent_tke_flux,-1.79150032e-12,Face,m^3 s^-3,25200.0,28800.0,27000.0;28800.0
28800.0,375,turbulent_tke_flux,-3.10783138e-12,Face,m^3 s^-3,25200.0,28800.0,27000.0;28800.0
28800.0,387.5,turbulent_tke_flux,-5.72421207e-14,Face,m^3 s^-3,25200.0,28800.0,27000.0;28800.0
28800.0,400,turbulent_tke_flux,0,Face,m^3 s^-3,25200.0,28800.0,27000.0;28800.0
28800.0,6.25,u_mean,1.8720119,Center,m s^-1,25200.0,28800.0,27000.0;28800.0
28800.0,18.75,u_mean,3.12421238,Center,m s^-1,25200.0,28800.0,27000.0;28800.0
28800.0,31.25,u_mean,4.19743466,Center,m s^-1,25200.0,28800.0,27000.0;28800.0
28800.0,43.75,u_mean,5.25525641,Center,m s^-1,25200.0,28800.0,27000.0;28800.0
28800.0,56.25,u_mean,6.22430182,Center,m s^-1,25200.0,28800.0,27000.0;28800.0
28800.0,68.75,u_mean,7.08379531,Center,m s^-1,25200.0,28800.0,27000.0;28800.0
28800.0,81.25,u_mean,7.80762625,Center,m s^-1,25200.0,28800.0,27000.0;28800.0
28800.0,93.75,u_mean,8.37687445,Center,m s^-1,25200.0,28800.0,27000.0;28800.0
28800.0,106.25,u_mean,8.77841949,Center,m s^-1,25200.0,28800.0,27000.0;28800.0
28800.0,118.75,u_mean,9.00708246,Center,m s^-1,25200.0,28800.0,27000.0;28800.0
28800.0,131.25,u_mean,9.06688356,Center,m s^-1,25200.0,28800.0,27000.0;28800.0
28800.0,143.75,u_mean,8.97225046,Center,m s^-1,25200.0,28800.0,27000.0;28800.0
28800.0,156.25,u_mean,8.76106501,Center,m s^-1,25200.0,28800.0,27000.0;28800.0
28800.0,168.75,u_mean,8.3827157,Center,m s^-1,25200.0,28800.0,27000.0;28800.0
28800.0,181.25,u_mean,8.00792742,Center,m s^-1,25200.0,28800.0,27000.0;28800.0
28800.0,193.75,u_mean,7.99989486,Center,m s^-1,25200.0,28800.0,27000.0;28800.0
28800.0,206.25,u_mean,8.00039721,Center,m s^-1,25200.0,28800.0,27000.0;28800.0
28800.0,218.75,u_mean,8.00017405,Center,m s^-1,25200.0,28800.0,27000.0;28800.0
28800.0,231.25,u_mean,7.99996424,Center,m s^-1,25200.0,28800.0,27000.0;28800.0
28800.0,243.75,u_mean,7.99989676,Center,m s^-1,25200.0,28800.0,27000.0;28800.0
28800.0,256.25,u_mean,7.99993324,Center,m s^-1,25200.0,28800.0,27000.0;28800.0
28800.0,268.75,u_mean,7.99997377,Center,m s^-1,25200.0,28800.0,27000.0;28800.0
28800.0,281.25,u_mean,8.00005341,Center,m s^-1,25200.0,28800.0,27000.0;28800.0
28800.0,293.75,u_mean,8.00012016,Center,m s^-1,25200.0,28800.0,27000.0;28800.0
28800.0,306.25,u_mean,8.00009823,Center,m s^-1,25200.0,28800.0,27000.0;28800.0
28800.0,318.75,u_mean,7.99998975,Center,m s^-1,25200.0,28800.0,27000.0;28800.0
28800.0,331.25,u_mean,7.99996614,Center,m s^-1,25200.0,28800.0,27000.0;28800.0
28800.0,343.75,u_mean,7.99996042,Center,m s^-1,25200.0,28800.0,27000.0;28800.0
28800.0,356.25,u_mean,7.99985743,Center,m s^-1,25200.0,28800.0,27000.0;28800.0
28800.0,368.75,u_mean,7.99981928,Center,m s^-1,25200.0,28800.0,27000.0;28800.0
28800.0,381.25,u_mean,7.999897,Center,m s^-1,25200.0,28800.0,27000.0;28800.0
28800.0,393.75,u_mean,8.00025129,Center,m s^-1,25200.0,28800.0,27000.0;28800.0
28800.0,6.25,u_variance,4.30035385e-09,Center,m^2 s^-2,25200.0,28800.0,27000.0;28800.0
28800.0,18.75,u_variance,8.46211123e-09,Center,m^2 s^-2,25200.0,28800.0,27000.0;28800.0
28800.0,31.25,u_variance,9.18489995e-09,Center,m^2 s^-2,25200.0,28800.0,27000.0;28800.0
28800.0,43.75,u_variance,1.19251613e-08,Center,m^2 s^-2,25200.0,28800.0,27000.0;28800.0
28800.0,56.25,u_variance,1.40733039e-08,Center,m^2 s^-2,25200.0,28800.0,27000.0;28800.0
28800.0,68.75,u_variance,1.46713357e-08,Center,m^2 s^-2,25200.0,28800.0,27000.0;28800.0
28800.0,81.25,u_variance,2.02562616e-08,Center,m^2 s^-2,25200.0,28800.0,27000.0;28800.0
28800.0,93.75,u_variance,1.81372108e-08,Center,m^2 s^-2,25200.0,28800.0,27000.0;28800.0
28800.0,106.25,u_variance,1.7230136e-08,Center,m^2 s^-2,25200.0,28800.0,27000.0;28800.0
28800.0,118.75,u_variance,1.57924918e-08,Center,m^2 s^-2,25200.0,28800.0,27000.0;28800.0
28800.0,131.25,u_variance,1.54538071e-08,Center,m^2 s^-2,25200.0,28800.0,27000.0;28800.0
28800.0,143.75,u_variance,1.1008094e-07,Center,m^2 s^-2,25200.0,28800.0,27000.0;28800.0
28800.0,156.25,u_variance,1.11910276e-06,Center,m^2 s^-2,25200.0,28800.0,27000.0;28800.0
28800.0,168.75,u_variance,3.28478757e-06,Center,m^2 s^-2,25200.0,28800.0,27000.0;28800.0
28800.0,181.25,u_variance,3.68458143e-06,Center,m^2 s^-2,25200.0,28800.0,27000.0;28800.0
28800.0,193.75,u_variance,7.31673921e-08,Center,m^2 s^-2,25200.0,28800.0,27000.0;28800.0
28800.0,206.25,u_variance,8.26718747e-08,Center,m^2 s^-2,25200.0,28800.0,27000.0;28800.0
28800.0,218.75,u_variance,7.3353899e-08,Center,m^2 s^-2,25200.0,28800.0,27000.0;28800.0
28800.0,231.25,u_variance,1.23875182e-07,Center,m^2 s^-2,25200.0,28800.0,27000.0;28800.0
28800.0,243.75,u_variance,2.35644507e-07,Center,m^2 s^-2,25200.0,28800.0,27000.0;28800.0
28800.0,256.25,u_variance,2.69176184e-07,Center,m^2 s^-2,25200.0,28800.0,27000.0;28800.0
28800.0,268.75,u_variance,3.30525268e-07,Center,m^2 s^-2,25200.0,28800.0,27000.0;28800.0
28800.0,281.25,u_variance,3.38183938e-07,Center,m^2 s^-2,25200.0,28800.0,27000.0;28800.0
28800.0,293.75,u_variance,3.92394227e-07,Center,m^2 s^-2,25200.0,28800.0,27000.0;28800.0
28800.0,306.25,u_variance,5.00671277e-07,Center,m^2 s^-2,25200.0,28800.0,27000.0;28800.0
28800.0,318.75,u_variance,4.78210353e-07,Center,m^2 s^-2,25200.0,28800.0,27000.0;28800.0
28800.0,331.25,u_variance,4.95695431e-07,Center,m^2 s^-2,25200.0,28800.0,27000.0;28800.0
28800.0,343.75,u_variance,5.49842866e-07,Center,m^2 s^-2,25200.0,28800.0,27000.0;28800.0
28800.0,356.25,u_variance,3.97362285e-07,Center,m^2 s^-2,25200.0,28800.0,27000.0;28800.0
28800.0,368.75,u_variance,3.06628976e-07,Center,m^2 s^-2,25200.0,28800.0,27000.0;28800.0
28800.0,381.25,u_variance,1.2883396e-07,Center,m^2 s^-2,25200.0,28800.0,27000.0;28800.0
28800.0,393.75,u_variance,2.68767488e-08,Center,m^2 s^-2,25200.0,28800.0,27000.0;28800.0
28800.0,6.25,v_mean,1.58992606,Center,m s^-1,25200.0,28800.0,27000.0;28800.0
28800.0,18.75,v_mean,2.35314846,Center,m s^-1,25200.0,28800.0,27000.0;28800.0
28800.0,31.25,v_mean,2.79409289,Center,m s^-1,25200.0,28800.0,27000.0;28800.0
28800.0,43.75,v_mean,3.03424895,Center,m s^-1,25200.0,28800.0,27000.0;28800.0
28800.0,56.25,v_mean,3.08019817,Center,m s^-1,25200.0,28800.0,27000.0;28800.0
28800.0,68.75,v_mean,2.95854497,Center,m s^-1,25200.0,28800.0,27000.0;28800.0
28800.0,81.25,v_mean,2.69896996,Center,m s^-1,25200.0,28800.0,27000.0;28800.0
28800.0,93.75,v_mean,2.33512592,Center,m s^-1,25200.0,28800.0,27000.0;28800.0
28800.0,106.25,v_mean,1.90448594,Center,m s^-1,25200.0,28800.0,27000.0;28800.0
28800.0,118.75,v_mean,1.44730109,Center,m s^-1,25200.0,28800.0,27000.0;28800.0
28800.0,131.25,v_mean,1.00708079,Center,m s^-1,25200.0,28800.0,27000.0;28800.0
28800.0,143.75,v_mean,0.616069704,Center,m s^-1,25200.0,28800.0,27000.0;28800.0
28800.0,156.25,v_mean,0.326396316,Center,m s^-1,25200.0,28800.0,27000.0;28800.0
28800.0,168.75,v_mean,0.099053897,Center,m s^-1,25200.0,28800.0,27000.0;28800.0
28800.0,181.25,v_mean,0.000656889613,Center,m s^-1,25200.0,28800.0,27000.0;28800.0
28800.0,193.75,v_mean,0.000758599752,Center,m s^-1,25200.0,28800.0,27000.0;28800.0
28800.0,206.25,v_mean,0.000889927032,Center,m s^-1,25200.0,28800.0,27000.0;28800.0
28800.0,218.75,v_mean,0.000664843741,Center,m s^-1,25200.0,28800.0,27000.0;28800.0
28800.0,231.25,v_mean,0.000534547551,Center,m s^-1,25200.0,28800.0,27000.0;28800.0
28800.0,243.75,v_mean,0.000204527976,Center,m s^-1,25200.0,28800.0,27000.0;28800.0
28800.0,256.25,v_mean,0.000531965343,Center,m s^-1,25200.0,28800.0,27000.0;28800.0
28800.0,268.75,v_mean,0.000600150583,Center,m s^-1,25200.0,28800.0,27000.0;28800.0
28800.0,281.25,v_mean,0.000648895948,Center,m s^-1,25200.0,28800.0,27000.0;28800.0
28800.0,293.75,v_mean,0.00110798387,Center,m s^-1,25200.0,28800.0,27000.0;28800.0
28800.0,306.25,v_mean,0.000960107049,Center,m s^-1,25200.0,28800.0,27000.0;28800.0
28800.0,318.75,v_mean,0.000682116079,Center,m s^-1,25200.0,28800.0,27000.0;28800.0
28800.0,331.25,v_mean,0.00066317647,Center,m s^-1,25200.0,28800.0,27000.0;28800.0
28800.0,343.75,v_mean,0.000826122356,Center,m s^-1,25200.0,28800.0,27000.0;28800.0
28800.0,356.25,v_mean,0.000802091614,Center,m s^-1,25200.0,28800.0,27000.0;28800.0
28800.0,368.75,v_mean,0.000697489682,Center,m s^-1,25200.0,28800.0,27000.0;28800.0
28800.0,381.25,v_mean,0.000809175544,Center,m s^-1,25200.0,28800.0,27000.0;28800.0
28800.0,393.75,v_mean,0.00243956386,Center,m s^-1,25200.0,28800.0,27000.0;28800.0
28800.0,6.25,v_variance,6.5709409e-09,Center,m^2 s^-2,25200.0,28800.0,27000.0;28800.0
28800.0,18.75,v_variance,5.68348146e-09,Center,m^2 s^-2,25200.0,28800.0,27000.0;28800.0
28800.0,31.25,v_variance,3.64842012e-09,Center,m^2 s^-2,25200.0,28800.0,27000.0;28800.0
28800.0,43.75,v_variance,3.28135841e-09,Center,m^2 s^-2,25200.0,28800.0,27000.0;28800.0
28800.0,56.25,v_variance,3.88397703e-09,Center,m^2 s^-2,25200.0,28800.0,27000.0;28800.0
28800.0,68.75,v_variance,4.87212515e-09,Center,m^2 s^-2,25200.0,28800.0,27000.0;28800.0
28800.0,81.25,v_variance,1.52876245e-08,Center,m^2 s^-2,25200.0,28800.0,27000.0;28800.0
28800.0,93.75,v_variance,1.53678275e-08,Center,m^2 s^-2,25200.0,28800.0,27000.0;28800.0
28800.0,106.25,v_variance,1.68242797e-08,Center,m^2 s^-2,25200.0,28800.0,27000.0;28800.0
28800.0,118.75,v_variance,2.08160058e-08,Center,m^2 s^-2,25200.0,28800.0,27000.0;28800.0
28800.0,131.25,v_variance,3.65446429e-08,Center,m^2 s^-2,25200.0,28800.0,27000.0;28800.0
28800.0,143.75,v_variance,1.13727477e-07,Center,m^2 s^-2,25200.0,28800.0,27000.0;28800.0
28800.0,156.25,v_variance,7.0344592e-07,Center,m^2 s^-2,25200.0,28800.0,27000.0;28800.0
28800.0,168.75,v_variance,8.59324103e-07,Center,m^2 s^-2,25200.0,28800.0,27000.0;28800.0
28800.0,181.25,v_variance,9.56309776e-07,Center,m^2 s^-2,25200.0,28800.0,27000.0;28800.0
28800.0,193.75,v_variance,1.12795291e-06,Center,m^2 s^-2,25200.0,28800.0,27000.0;28800.0
28800.0,206.25,v_variance,1.07860666e-06,Center,m^2 s^-2,25200.0,28800.0,27000.0;28800.0
28800.0,218.75,v_variance,1.29878305e-06,Center,m^2 s^-2,25200.0,28800.0,27000.0;28800.0
28800.0,231.25,v_variance,1.0590436e-06,Center,m^2 s^-2,25200.0,28800.0,27000.0;28800.0
28800.0,243.75,v_variance,1.21793022e-06,Center,m^2 s^-2,25200.0,28800.0,27000.0;28800.0
28800.0,256.25,v_variance,1.1300985e-06,Center,m^2 s^-2,25200.0,28800.0,27000.0;28800.0
28800.0,268.75,v_variance,1.27256948e-06,Center,m^2 s^-2,25200.0,28800.0,27000.0;28800.0
28800.0,281.25,v_variance,1.49764529e-06,Center,m^2 s^-2,25200.0,28800.0,27000.0;28800.0
28800.0,293.75,v_variance,1.89928056e-06,Center,m^2 s^-2,25200.0,28800.0,27000.0;28800.0
28800.0,306.25,v_variance,2.06667244e-06,Center,m^2 s^-2,25200.0,28800.0,27000.0;28800.0
28800.0,318.75,v_variance,1.40827933e-06,Center,m^2 s^-2,25200.0,28800.0,27000.0;28800.0
28800.0,331.25,v_variance,1.40360643e-06,Center,m^2 s^-2,25200.0,28800.0,27000.0;28800.0
28800.0,343.75,v_variance,8.13334481e-07,Center,m^2 s^-2,25200.0,28800.0,27000.0;28800.0
28800.0,356.25,v_variance,8.16356561e-07,Center,m^2 s^-2,25200.0,28800.0,27000.0;28800.0
28800.0,368.75,v_variance,5.20245948e-07,Center,m^2 s^-2,25200.0,28800.0,27000.0;28800.0
28800.0,381.25,v_variance,3.3940664e-07,Center,m^2 s^-2,25200.0,28800.0,27000.0;28800.0
28800.0,393.75,v_variance,2.81324347e-07,Center,m^2 s^-2,25200.0,28800.0,27000.0;28800.0
28800.0,6.25,w_center_mean,-1.46754275e-11,Center,m s^-1,25200.0,28800.0,27000.0;28800.0
28800.0,18.75,w_center_mean,7.3474718e-10,Center,m s^-1,25200.0,28800.0,27000.0;28800.0
28800.0,31.25,w_center_mean,-8.21295956e-08,Center,m s^-1,25200.0,28800.0,27000.0;28800.0
28800.0,43.75,w_center_mean,-1.66164384e-07,Center,m s^-1,25200.0,28800.0,27000.0;28800.0
28800.0,56.25,w_center_mean,-1.68242103e-07,Center,m s^-1,25200.0,28800.0,27000.0;28800.0
28800.0,68.75,w_center_mean,-1.70049368e-07,Center,m s^-1,25200.0,28800.0,27000.0;28800.0
28800.0,81.25,w_center_mean,-1.72624489e-07,Center,m s^-1,25200.0,28800.0,27000.0;28800.0
28800.0,93.75,w_center_mean,-1.75389332e-07,Center,m s^-1,25200.0,28800.0,27000.0;28800.0
28800.0,106.25,w_center_mean,-1.7731201e-07,Center,m s^-1,25200.0,28800.0,27000.0;28800.0
28800.0,118.75,w_center_mean,-1.7887205e-07,Center,m s^-1,25200.0,28800.0,27000.0;28800.0
28800.0,131.25,w_center_mean,-1.81627108e-07,Center,m s^-1,25200.0,28800.0,27000.0;28800.0
28800.0,143.75,w_center_mean,-1.87055051e-07,Center,m s^-1,25200.0,28800.0,27000.0;28800.0
28800.0,156.25,w_center_mean,-1.92178391e-07,Center,m s^-1,25200.0,28800.0,27000.0;28800.0
28800.0,168.75,w_center_mean,-1.97082194e-07,Center,m s^-1,25200.0,28800.0,27000.0;28800.0
28800.0,181.25,w_center_mean,-1.99571247e-07,Center,m s^-1,25200.0,28800.0,27000.0;28800.0
28800.0,193.75,w_center_mean,-1.62211975e-07,Center,m s^-1,25200.0,28800.0,27000.0;28800.0
28800.0,206.25,w_center_mean,-1.27397819e-07,Center,m s^-1,25200.0,28800.0,27000.0;28800.0
28800.0,218.75,w_center_mean,-1.33642551e-07,Center,m s^-1,25200.0,28800.0,27000.0;28800.0
28800.0,231.25,w_center_mean,-1.42115958e-07,Center,m s^-1,25200.0,28800.0,27000.0;28800.0
28800.0,243.75,w_center_mean,-1.94598584e-07,Center,m s^-1,25200.0,28800.0,27000.0;28800.0
28800.0,256.25,w_center_mean,-2.49033377e-07,Center,m s^-1,25200.0,28800.0,27000.0;28800.0
28800.0,268.75,w_center_mean,-2.62485671e-07,Center,m s^-1,25200.0,28800.0,27000.0;28800.0
28800.0,281.25,w_center_mean,-2.79594232e-07,Center,m s^-1,25200.0,28800.0,27000.0;28800.0
28800.0,293.75,w_center_mean,-2.52791011e-07,Center,m s^-1,25200.0,28800.0,27000.0;28800.0
28800.0,306.25,w_center_mean,-1.9778517e-07,Center,m s^-1,25200.0,28800.0,27000.0;28800.0
28800.0,318.75,w_center_mean,-1.85206432e-07,Center,m s^-1,25200.0,28800.0,27000.0;28800.0
28800.0,331.25,w_center_mean,-1.96362095e-07,Center,m s^-1,25200.0,28800.0,27000.0;28800.0
28800.0,343.75,w_center_mean,-1.96858537e-07,Center,m s^-1,25200.0,28800.0,27000.0;28800.0
28800.0,356.25,w_center_mean,-1.927868e-07,Center,m s^-1,25200.0,28800.0,27000.0;28800.0
28800.0,368.75,w_center_mean,-2.04895059e-07,Center,m s^-1,25200.0,28800.0,27000.0;28800.0
28800.0,381.25,w_center_mean,-2.15400512e-07,Center,m s^-1,25200.0,28800.0,27000.0;28800.0
28800.0,393.75,w_center_mean,-1.07608816e-07,Center,m s^-1,25200.0,28800.0,27000.0;28800.0
28800.0,6.25,w_center_third_central_moment,1.05588646e-17,Center,m^3 s^-3,25200.0,28800.0,27000.0;28800.0
28800.0,18.75,w_center_third_central_moment,5.29037191e-17,Center,m^3 s^-3,25200.0,28800.0,27000.0;28800.0
28800.0,31.25,w_center_third_central_moment,-1.2726903e-16,Center,m^3 s^-3,25200.0,28800.0,27000.0;28800.0
28800.0,43.75,w_center_third_central_moment,-4.7536929e-16,Center,m^3 s^-3,25200.0,28800.0,27000.0;28800.0
28800.0,56.25,w_center_third_central_moment,-1.65870989e-15,Center,m^3 s^-3,25200.0,28800.0,27000.0;28800.0
28800.0,68.75,w_center_third_central_moment,-3.70002287e-15,Center,m^3 s^-3,25200.0,28800.0,27000.0;28800.0
28800.0,81.25,w_center_third_central_moment,-9.33774881e-15,Center,m^3 s^-3,25200.0,28800.0,27000.0;28800.0
28800.0,93.75,w_center_third_central_moment,-2.8861516e-14,Center,m^3 s^-3,25200.0,28800.0,27000.0;28800.0
28800.0,106.25,w_center_third_central_moment,-5.93333027e-14,Center,m^3 s^-3,25200.0,28800.0,27000.0;28800.0
28800.0,118.75,w_center_third_central_moment,-8.82772859e-14,Center,m^3 s^-3,25200.0,28800.0,27000.0;28800.0
28800.0,131.25,w_center_third_central_moment,-1.20852221e-14,Center,m^3 s^-3,25200.0,28800.0,27000.0;28800.0
28800.0,143.75,w_center_third_central_moment,5.29482382e-13,Center,m^3 s^-3,25200.0,28800.0,27000.0;28800.0
28800.0,156.25,w_center_third_central_moment,1.91800236e-12,Center,m^3 s^-3,25200.0,28800.0,27000.0;28800.0
28800.0,168.75,w_center_third_central_moment,3.92935048e-12,Center,m^3 s^-3,25200.0,28800.0,27000.0;28800.0
28800.0,181.25,w_center_third_central_moment,-2.72484708e-11,Center,m^3 s^-3,25200.0,28800.0,27000.0;28800.0
28800.0,193.75,w_center_third_central_moment,-5.35471945e-11,Center,m^3 s^-3,25200.0,28800.0,27000.0;28800.0
28800.0,206.25,w_center_third_central_moment,-3.34658403e-11,Center,m^3 s^-3,25200.0,28800.0,27000.0;28800.0
28800.0,218.75,w_center_third_central_moment,-6.04757225e-11,Center,m^3 s^-3,25200.0,28800.0,27000.0;28800.0
28800.0,231.25,w_center_third_central_moment,-1.11349567e-11,Center,m^3 s^-3,25200.0,28800.0,27000.0;28800.0
28800.0,243.75,w_center_third_central_moment,-7.05367431e-11,Center,m^3 s^-3,25200.0,28800.0,27000.0;28800.0
28800.0,256.25,w_center_third_central_moment,-4.22553867e-11,Center,m^3 s^-3,25200.0,28800.0,27000.0;28800.0
28800.0,268.75,w_center_third_central_moment,-7.382942e-11,Center,m^3 s^-3,25200.0,28800.0,27000.0;28800.0
28800.0,281.25,w_center_third_central_moment,-8.58723648e-11,Center,m^3 s^-3,25200.0,28800.0,27000.0;28800.0
28800.0,293.75,w_center_third_central_moment,-1.18311159e-10,Center,m^3 s^-3,25200.0,28800.0,27000.0;28800.0
28800.0,306.25,w_center_third_central_moment,-4.7425076e-11,Center,m^3 s^-3,25200.0,28800.0,27000.0;28800.0
28800.0,318.75,w_center_third_central_moment,-3.46148275e-11,Center,m^3 s^-3,25200.0,28800.0,27000.0;28800.0
28800.0,331.25,w_center_third_central_moment,-2.12829051e-11,Center,m^3 s^-3,25200.0,28800.0,27000.0;28800.0
28800.0,343.75,w_center_third_central_moment,-1.16249711e-11,Center,m^3 s^-3,25200.0,28800.0,27000.0;28800.0
28800.0,356.25,w_center_third_central_moment,-2.84411427e-12,Center,m^3 s^-3,25200.0,28800.0,27000.0;28800.0
28800.0,368.75,w_center_third_central_moment,3.6342665e-12,Center,m^3 s^-3,25200.0,28800.0,27000.0;28800.0
28800.0,381.25,w_center_third_central_moment,-3.09151291e-13,Center,m^3 s^-3,25200.0,28800.0,27000.0;28800.0
28800.0,393.75,w_center_third_central_moment,3.17879864e-13,Center,m^3 s^-3,25200.0,28800.0,27000.0;28800.0
28800.0,6.25,w_center_variance,7.12634899e-11,Center,m^2 s^-2,25200.0,28800.0,27000.0;28800.0
28800.0,18.75,w_center_variance,5.65776648e-10,Center,m^2 s^-2,25200.0,28800.0,27000.0;28800.0
28800.0,31.25,w_center_variance,1.33067629e-09,Center,m^2 s^-2,25200.0,28800.0,27000.0;28800.0
28800.0,43.75,w_center_variance,2.20051988e-09,Center,m^2 s^-2,25200.0,28800.0,27000.0;28800.0
28800.0,56.25,w_center_variance,3.130743e-09,Center,m^2 s^-2,25200.0,28800.0,27000.0;28800.0
28800.0,68.75,w_center_variance,4.12736822e-09,Center,m^2 s^-2,25200.0,28800.0,27000.0;28800.0
28800.0,81.25,w_center_variance,5.47226109e-09,Center,m^2 s^-2,25200.0,28800.0,27000.0;28800.0
28800.0,93.75,w_center_variance,7.86903565e-09,Center,m^2 s^-2,25200.0,28800.0,27000.0;28800.0
28800.0,106.25,w_center_variance,1.1599544e-08,Center,m^2 s^-2,25200.0,28800.0,27000.0;28800.0
28800.0,118.75,w_center_variance,1.80234023e-08,Center,m^2 s^-2,25200.0,28800.0,27000.0;28800.0
28800.0,131.25,w_center_variance,3.10055732e-08,Center,m^2 s^-2,25200.0,28800.0,27000.0;28800.0
28800.0,143.75,w_center_variance,6.72094895e-08,Center,m^2 s^-2,25200.0,28800.0,27000.0;28800.0
28800.0,156.25,w_center_variance,1.7184167e-07,Center,m^2 s^-2,25200.0,28800.0,27000.0;28800.0
28800.0,168.75,w_center_variance,2.14690168e-07,Center,m^2 s^-2,25200.0,28800.0,27000.0;28800.0
28800.0,181.25,w_center_variance,3.41798184e-07,Center,m^2 s^-2,25200.0,28800.0,27000.0;28800.0
28800.0,193.75,w_center_variance,5.73720797e-07,Center,m^2 s^-2,25200.0,28800.0,27000.0;28800.0
28800.0,206.25,w_center_variance,7.22868236e-07,Center,m^2 s^-2,25200.0,28800.0,27000.0;28800.0
28800.0,218.75,w_center_variance,7.89687391e-07,Center,m^2 s^-2,25200.0,28800.0,27000.0;28800.0
28800.0,231.25,w_center_variance,8.04568487e-07,Center,m^2 s^-2,25200.0,28800.0,27000.0;28800.0
28800.0,243.75,w_center_variance,7.1292942e-07,Center,m^2 s^-2,25200.0,28800.0,27000.0;28800.0
28800.0,256.25,w_center_variance,5.90728604e-07,Center,m^2 s^-2,25200.0,28800.0,27000.0;28800.0
28800.0,268.75,w_center_variance,5.5970952e-07,Center,m^2 s^-2,25200.0,28800.0,27000.0;28800.0
28800.0,281.25,w_center_variance,5.77080186e-07,Center,m^2 s^-2,25200.0,28800.0,27000.0;28800.0
28800.0,293.75,w_center_variance,5.53155672e-07,Center,m^2 s^-2,25200.0,28800.0,27000.0;28800.0
28800.0,306.25,w_center_variance,4.75952191e-07,Center,m^2 s^-2,25200.0,28800.0,27000.0;28800.0
28800.0,318.75,w_center_variance,3.81236461e-07,Center,m^2 s^-2,25200.0,28800.0,27000.0;28800.0
28800.0,331.25,w_center_variance,2.64385534e-07,Center,m^2 s^-2,25200.0,28800.0,27000.0;28800.0
28800.0,343.75,w_center_variance,1.89303293e-07,Center,m^2 s^-2,25200.0,28800.0,27000.0;28800.0
28800.0,356.25,w_center_variance,1.10064931e-07,Center,m^2 s^-2,25200.0,28800.0,27000.0;28800.0
28800.0,368.75,w_center_variance,6.34795825e-08,Center,m^2 s^-2,25200.0,28800.0,27000.0;28800.0
28800.0,381.25,w_center_variance,5.27130464e-08,Center,m^2 s^-2,25200.0,28800.0,27000.0;28800.0
28800.0,393.75,w_center_variance,3.13132666e-08,Center,m^2 s^-2,25200.0,28800.0,27000.0;28800.0
28800.0,0,w_mean,0,Face,m s^-1,25200.0,28800.0,27000.0;28800.0
28800.0,12.5,w_mean,-2.93508551e-11,Face,m s^-1,25200.0,28800.0,27000.0;28800.0
28800.0,25,w_mean,1.49884845e-09,Face,m s^-1,25200.0,28800.0,27000.0;28800.0
28800.0,37.5,w_mean,-1.65758046e-07,Face,m s^-1,25200.0,28800.0,27000.0;28800.0
28800.0,50,w_mean,-1.66570821e-07,Face,m s^-1,25200.0,28800.0,27000.0;28800.0
28800.0,62.5,w_mean,-1.69913612e-07,Face,m s^-1,25200.0,28800.0,27000.0;28800.0
28800.0,75,w_mean,-1.70185018e-07,Face,m s^-1,25200.0,28800.0,27000.0;28800.0
28800.0,87.5,w_mean,-1.7506396e-07,Face,m s^-1,25200.0,28800.0,27000.0;28800.0
28800.0,100,w_mean,-1.75714931e-07,Face,m s^-1,25200.0,28800.0,27000.0;28800.0
28800.0,112.5,w_mean,-1.78909367e-07,Face,m s^-1,25200.0,28800.0,27000.0;28800.0
28800.0,125,w_mean,-1.78835108e-07,Face,m s^-1,25200.0,28800.0,27000.0;28800.0
28800.0,137.5,w_mean,-1.84419065e-07,Face,m s^-1,25200.0,28800.0,27000.0;28800.0
28800.0,150,w_mean,-1.89690638e-07,Face,m s^-1,25200.0,28800.0,27000.0;28800.0
28800.0,162.5,w_mean,-1.94665709e-07,Face,m s^-1,25200.0,28800.0,27000.0;28800.0
28800.0,175,w_mean,-1.99498807e-07,Face,m s^-1,25200.0,28800.0,27000.0;28800.0
28800.0,187.5,w_mean,-1.99643686e-07,Face,m s^-1,25200.0,28800.0,27000.0;28800.0
28800.0,200,w_mean,-1.24780158e-07,Face,m s^-1,25200.0,28800.0,27000.0;28800.0
28800.0,212.5,w_mean,-1.30015792e-07,Face,m s^-1,25200.0,28800.0,27000.0;28800.0
28800.0,225,w_mean,-1.37268806e-07,Face,m s^-1,25200.0,28800.0,27000.0;28800.0
28800.0,237.5,w_mean,-1.46962613e-07,Face,m s^-1,25200.0,28800.0,27000.0;28800.0
28800.0,250,w_mean,-2.42234762e-07,Face,m s^-1,25200.0,28800.0,27000.0;28800.0
28800.0,262.5,w_mean,-2.5583212e-07,Face,m s^-1,25200.0,28800.0,27000.0;28800.0
28800.0,275,w_mean,-2.6913952e-07,Face,m s^-1,25200.0,28800.0,27000.0;28800.0
28800.0,287.5,w_mean,-2.90049627e-07,Face,m s^-1,25200.0,28800.0,27000.0;28800.0
28800.0,300,w_mean,-2.15532303e-07,Face,m s^-1,25200.0,28800.0,27000.0;28800.0
28800.0,312.5,w_mean,-1.80038136e-07,Face,m s^-1,25200.0,28800.0,27000.0;28800.0
28800.0,325,w_mean,-1.90374408e-07,Face,m s^-1,25200.0,28800.0,27000.0;28800.0
28800.0,337.5,w_mean,-2.02350101e-07,Face,m s^-1,25200.0,28800.0,27000.0;28800.0
28800.0,350,w_mean,-1.9136705e-07,Face,m s^-1,25200.0,28800.0,27000.0;28800.0
28800.0,362.5,w_mean,-1.94206393e-07,Face,m s^-1,25200.0,28800.0,27000.0;28800.0
28800.0,375,w_mean,-2.15583611e-07,Face,m s^-1,25200.0,28800.0,27000.0;28800.0
28800.0,387.5,w_mean,-2.15217632e-07,Face,m s^-1,25200.0,28800.0,27000.0;28800.0
28800.0,400,w_mean,0,Face,m s^-1,25200.0,28800.0,27000.0;28800.0
28800.0,0,w_skewness_instantaneous_ratio,0,Face,1,25200.0,28800.0,27000.0;28800.0
28800.0,12.5,w_skewness_instantaneous_ratio,-0.0203728955,Face,1,25200.0,28800.0,27000.0;28800.0
28800.0,25,w_skewness_instantaneous_ratio,-0.0494189691,Face,1,25200.0,28800.0,27000.0;28800.0
28800.0,37.5,w_skewness_instantaneous_ratio,-0.064936839,Face,1,25200.0,28800.0,27000.0;28800.0
28800.0,50,w_skewness_instantaneous_ratio,-0.0839677118,Face,1,25200.0,28800.0,27000.0;28800.0
28800.0,62.5,w_skewness_instantaneous_ratio,-0.0908085257,Face,1,25200.0,28800.0,27000.0;28800.0
28800.0,75,w_skewness_instantaneous_ratio,-0.0889606923,Face,1,25200.0,28800.0,27000.0;28800.0
28800.0,87.5,w_skewness_instantaneous_ratio,-0.0861313045,Face,1,25200.0,28800.0,27000.0;28800.0
28800.0,100,w_skewness_instantaneous_ratio,-0.0881859213,Face,1,25200.0,28800.0,27000.0;28800.0
28800.0,112.5,w_skewness_instantaneous_ratio,-0.0562691391,Face,1,25200.0,28800.0,27000.0;28800.0
28800.0,125,w_skewness_instantaneous_ratio,-0.00674006343,Face,1,25200.0,28800.0,27000.0;28800.0
28800.0,137.5,w_skewness_instantaneous_ratio,0.0638329647,Face,1,25200.0,28800.0,27000.0;28800.0
28800.0,150,w_skewness_instantaneous_ratio,0.0767768212,Face,1,25200.0,28800.0,27000.0;28800.0
28800.0,162.5,w_skewness_instantaneous_ratio,0.00163740292,Face,1,25200.0,28800.0,27000.0;28800.0
28800.0,175,w_skewness_instantaneous_ratio,-0.0612146668,Face,1,25200.0,28800.0,27000.0;28800.0
28800.0,187.5,w_skewness_instantaneous_ratio,0.0248420201,Face,1,25200.0,28800.0,27000.0;28800.0
28800.0,200,w_skewness_instantaneous_ratio,-0.0353057794,Face,1,25200.0,28800.0,27000.0;28800.0
28800.0,212.5,w_skewness_instantaneous_ratio,-0.0345353987,Face,1,25200.0,28800.0,27000.0;28800.0
28800.0,225,w_skewness_instantaneous_ratio,-0.0294468533,Face,1,25200.0,28800.0,27000.0;28800.0
28800.0,237.5,w_skewness_instantaneous_ratio,-0.0995881706,Face,1,25200.0,28800.0,27000.0;28800.0
28800.0,250,w_skewness_instantaneous_ratio,-0.0135908592,Face,1,25200.0,28800.0,27000.0;28800.0
28800.0,262.5,w_skewness_instantaneous_ratio,-0.151117407,Face,1,25200.0,28800.0,27000.0;28800.0
28800.0,275,w_skewness_instantaneous_ratio,-0.0735841314,Face,1,25200.0,28800.0,27000.0;28800.0
28800.0,287.5,w_skewness_instantaneous_ratio,-0.218074426,Face,1,25200.0,28800.0,27000.0;28800.0
28800.0,300,w_skewness_instantaneous_ratio,-0.141772702,Face,1,25200.0,28800.0,27000.0;28800.0
28800.0,312.5,w_skewness_instantaneous_ratio,-0.102523744,Face,1,25200.0,28800.0,27000.0;28800.0
28800.0,325,w_skewness_instantaneous_ratio,-0.140106764,Face,1,25200.0,28800.0,27000.0;28800.0
28800.0,337.5,w_skewness_instantaneous_ratio,-0.0390148796,Face,1,25200.0,28800.0,27000.0;28800.0
28800.0,350,w_skewness_instantaneous_ratio,-0.224237397,Face,1,25200.0,28800.0,27000.0;28800.0
28800.0,362.5,w_skewness_instantaneous_ratio,-0.0197817311,Face,1,25200.0,28800.0,27000.0;28800.0
28800.0,375,w_skewness_instantaneous_ratio,0.146428559,Face,1,25200.0,28800.0,27000.0;28800.0
28800.0,387.5,w_skewness_instantaneous_ratio,0.0395836234,Face,1,25200.0,28800.0,27000.0;28800.0
28800.0,400,w_skewness_instantaneous_ratio,0,Face,1,25200.0,28800.0,27000.0;28800.0
28800.0,0,w_third_central_moment,0,Face,m^3 s^-3,25200.0,28800.0,27000.0;28800.0
28800.0,12.5,w_third_central_moment,8.44709165e-17,Face,m^3 s^-3,25200.0,28800.0,27000.0;28800.0
28800.0,25,w_third_central_moment,-1.28664093e-16,Face,m^3 s^-3,25200.0,28800.0,27000.0;28800.0
28800.0,37.5,w_third_central_moment,-9.980081e-17,Face,m^3 s^-3,25200.0,28800.0,27000.0;28800.0
28800.0,50,w_third_central_moment,-9.56448428e-16,Face,m^3 s^-3,25200.0,28800.0,27000.0;28800.0
28800.0,62.5,w_third_central_moment,-2.48546741e-15,Face,m^3 s^-3,25200.0,28800.0,27000.0;28800.0
28800.0,75,w_third_central_moment,-5.13085634e-15,Face,m^3 s^-3,25200.0,28800.0,27000.0;28800.0
28800.0,87.5,w_third_central_moment,-1.68212205e-14,Face,m^3 s^-3,25200.0,28800.0,27000.0;28800.0
28800.0,100,w_third_central_moment,-4.71808329e-14,Face,m^3 s^-3,25200.0,28800.0,27000.0;28800.0
28800.0,112.5,w_third_central_moment,-7.36671059e-14,Face,m^3 s^-3,25200.0,28800.0,27000.0;28800.0
28800.0,125,w_third_central_moment,-9.63308751e-14,Face,m^3 s^-3,25200.0,28800.0,27000.0;28800.0
28800.0,137.5,w_third_central_moment,1.55882577e-13,Face,m^3 s^-3,25200.0,28800.0,27000.0;28800.0
28800.0,150,w_third_central_moment,1.16951533e-12,Face,m^3 s^-3,25200.0,28800.0,27000.0;28800.0
28800.0,162.5,w_third_central_moment,2.84012484e-12,Face,m^3 s^-3,25200.0,28800.0,27000.0;28800.0
28800.0,175,w_third_central_moment,-1.03330879e-11,Face,m^3 s^-3,25200.0,28800.0,27000.0;28800.0
28800.0,187.5,w_third_central_moment,-9.36057655e-12,Face,m^3 s^-3,25200.0,28800.0,27000.0;28800.0
28800.0,200,w_third_central_moment,-5.48683009e-11,Face,m^3 s^-3,25200.0,28800.0,27000.0;28800.0
28800.0,212.5,w_third_central_moment,-2.69260601e-12,Face,m^3 s^-3,25200.0,28800.0,27000.0;28800.0
28800.0,225,w_third_central_moment,-6.12967906e-11,Face,m^3 s^-3,25200.0,28800.0,27000.0;28800.0
28800.0,237.5,w_third_central_moment,-8.72457436e-11,Face,m^3 s^-3,25200.0,28800.0,27000.0;28800.0
28800.0,250,w_third_central_moment,-4.30908989e-11,Face,m^3 s^-3,25200.0,28800.0,27000.0;28800.0
28800.0,262.5,w_third_central_moment,-1.06238771e-10,Face,m^3 s^-3,25200.0,28800.0,27000.0;28800.0
28800.0,275,w_third_central_moment,-7.65438446e-11,Face,m^3 s^-3,25200.0,28800.0,27000.0;28800.0
28800.0,287.5,w_third_central_moment,-2.05097037e-10,Face,m^3 s^-3,25200.0,28800.0,27000.0;28800.0
28800.0,300,w_third_central_moment,-9.51401284e-11,Face,m^3 s^-3,25200.0,28800.0,27000.0;28800.0
28800.0,312.5,w_third_central_moment,-6.08366014e-11,Face,m^3 s^-3,25200.0,28800.0,27000.0;28800.0
28800.0,325,w_third_central_moment,-4.97848464e-11,Face,m^3 s^-3,25200.0,28800.0,27000.0;28800.0
28800.0,337.5,w_third_central_moment,-4.43281523e-12,Face,m^3 s^-3,25200.0,28800.0,27000.0;28800.0
28800.0,350,w_third_central_moment,-2.76548081e-11,Face,m^3 s^-3,25200.0,28800.0,27000.0;28800.0
28800.0,362.5,w_third_central_moment,2.93881239e-13,Face,m^3 s^-3,25200.0,28800.0,27000.0;28800.0
28800.0,375,w_third_central_moment,2.56427061e-12,Face,m^3 s^-3,25200.0,28800.0,27000.0;28800.0
28800.0,387.5,w_third_central_moment,2.54303891e-12,Face,m^3 s^-3,25200.0,28800.0,27000.0;28800.0
28800.0,400,w_third_central_moment,0,Face,m^3 s^-3,25200.0,28800.0,27000.0;28800.0
28800.0,0,w_variance,0,Face,m^2 s^-2,25200.0,28800.0,27000.0;28800.0
28800.0,12.5,w_variance,2.8505396e-10,Face,m^2 s^-2,25200.0,28800.0,27000.0;28800.0
28800.0,25,w_variance,9.60777485e-10,Face,m^2 s^-2,25200.0,28800.0,27000.0;28800.0
28800.0,37.5,w_variance,1.77691639e-09,Face,m^2 s^-2,25200.0,28800.0,27000.0;28800.0
28800.0,50,w_variance,2.68699463e-09,Face,m^2 s^-2,25200.0,28800.0,27000.0;28800.0
28800.0,62.5,w_variance,3.63426778e-09,Face,m^2 s^-2,25200.0,28800.0,27000.0;28800.0
28800.0,75,w_variance,4.70479167e-09,Face,m^2 s^-2,25200.0,28800.0,27000.0;28800.0
28800.0,87.5,w_variance,6.58215282e-09,Face,m^2 s^-2,25200.0,28800.0,27000.0;28800.0
28800.0,100,w_variance,9.53858637e-09,Face,m^2 s^-2,25200.0,28800.0,27000.0;28800.0
28800.0,112.5,w_variance,1.41796304e-08,Face,m^2 s^-2,25200.0,28800.0,27000.0;28800.0
28800.0,125,w_variance,2.28795978e-08,Face,m^2 s^-2,25200.0,28800.0,27000.0;28800.0
28800.0,137.5,w_variance,4.17584527e-08,Face,m^2 s^-2,25200.0,28800.0,27000.0;28800.0
28800.0,150,w_variance,1.03530219e-07,Face,m^2 s^-2,25200.0,28800.0,27000.0;28800.0
28800.0,162.5,w_variance,2.85717675e-07,Face,m^2 s^-2,25200.0,28800.0,27000.0;28800.0
28800.0,175,w_variance,3.79363513e-07,Face,m^2 s^-2,25200.0,28800.0,27000.0;28800.0
28800.0,187.5,w_variance,7.23250338e-07,Face,m^2 s^-2,25200.0,28800.0,27000.0;28800.0
28800.0,200,w_variance,9.69063706e-07,Face,m^2 s^-2,25200.0,28800.0,27000.0;28800.0
28800.0,212.5,w_variance,1.01930283e-06,Face,m^2 s^-2,25200.0,28800.0,27000.0;28800.0
28800.0,225,w_variance,1.12971532e-06,Face,m^2 s^-2,25200.0,28800.0,27000.0;28800.0
28800.0,237.5,w_variance,1.05254992e-06,Face,m^2 s^-2,25200.0,28800.0,27000.0;28800.0
28800.0,250,w_variance,9.47117258e-07,Face,m^2 s^-2,25200.0,28800.0,27000.0;28800.0
28800.0,262.5,w_variance,8.23442576e-07,Face,m^2 s^-2,25200.0,28800.0,27000.0;28800.0
28800.0,275,w_variance,8.23097565e-07,Face,m^2 s^-2,25200.0,28800.0,27000.0;28800.0
28800.0,287.5,w_variance,9.01374221e-07,Face,m^2 s^-2,25200.0,28800.0,27000.0;28800.0
28800.0,300,w_variance,7.6436686e-07,Face,m^2 s^-2,25200.0,28800.0,27000.0;28800.0
28800.0,312.5,w_variance,6.55852375e-07,Face,m^2 s^-2,25200.0,28800.0,27000.0;28800.0
28800.0,325,w_variance,4.94677295e-07,Face,m^2 s^-2,25200.0,28800.0,27000.0;28800.0
28800.0,337.5,w_variance,3.59536585e-07,Face,m^2 s^-2,25200.0,28800.0,27000.0;28800.0
28800.0,350,w_variance,2.2785234e-07,Face,m^2 s^-2,25200.0,28800.0,27000.0;28800.0
28800.0,362.5,w_variance,1.40109954e-07,Face,m^2 s^-2,25200.0,28800.0,27000.0;28800.0
28800.0,375,w_variance,7.92052717e-08,Face,m^2 s^-2,25200.0,28800.0,27000.0;28800.0
28800.0,387.5,w_variance,1.25253067e-07,Face,m^2 s^-2,25200.0,28800.0,27000.0;28800.0
28800.0,400,w_variance,0,Face,m^2 s^-2,25200.0,28800.0,27000.0;28800.0
