time_s,boundary_layer_height,boundary_layer_height_valid,friction_velocity,low_level_jet_height,low_level_jet_speed,low_level_jet_turning_from_geostrophic,low_level_jet_valid,obukhov_length,obukhov_length_valid,resolved_tke_vertical_integral,speed_maximum,stress_height_0_05,surface_bulk_richardson_maximum,surface_bulk_richardson_mean,surface_buoyancy_flux,surface_density,surface_drag_u_dynamic_flux,surface_drag_u_kinematic_flux,surface_drag_v_dynamic_flux,surface_drag_v_kinematic_flux,surface_neutral_fallback_fraction,surface_sensible_heat_flux,surface_stability_cap_fraction,surface_stability_parameter_maximum,surface_stability_parameter_mean,surface_temperature,surface_theta_dynamic_flux,surface_theta_kinematic_flux,theta_maximum,theta_minimum,u_absolute_maximum,v_absolute_maximum,w_absolute_maximum,w_variance_maximum
0.0,3.125,1,1.16074967,1.5625,8,0,1,979697.312,1,0,8,2.96875,4.54351975e-05,5.77501453e-07,-3.99083501e-06,1.32231128,-1.7816025,-1.34733975,0,0,0.48614502,-0.142454162,0,0.000124911414,3.20147265e-05,265,-0.000141745433,-0.000107195207,267.984375,264.950012,8,0,0,0
60.0,10.2106049,1,0.445233881,17.1875,8.00001717,2.61100581e-07,1,38340.6406,1,0.00437881192,8.01147175,9.70007465,2.77805339e-05,1.48426871e-05,-5.75499826e-06,1.32231128,-0.262122393,-0.198230475,-0.00137578882,-0.0010404425,0,-0.205426529,0,7.6376622e-05,4.08018386e-05,264.995833,-0.00020440451,-0.000154581241,267.984375,264.958099,8.01146126,0.0200064369,0.0543654189,0.000197277259
120.0,13.0812029,1,0.359308839,51.5625,8.00003433,-1.28570707e-06,1,13561.2852,1,0.0122491764,8.02046967,12.4271427,4.8809532e-05,4.17271403e-05,-8.5515112e-06,1.32231128,-0.170701042,-0.129092932,-0.00211557746,-0.00159990881,0,-0.305248976,0,0.000134175643,0.000114711176,264.991667,-0.00030373031,-0.000229696525,267.984375,264.963806,8.02031136,0.0375208631,0.0851635039,0.000500535825
180.0,15.6570593,1,0.315893561,23.4375,8.00008392,-3.29910654e-05,1,7480.32959,1,0.0205306076,8.02515697,14.8742064,8.36843028e-05,7.58537499e-05,-1.0535171e-05,1.32231128,-0.131924957,-0.0997684598,-0.00266019674,-0.00201177807,0,-0.376056373,0,0.000230069651,0.000208540921,264.9875,-0.000374185445,-0.000282978348,267.984375,264.971466,8.02514648,0.0536740907,0.0952342674,0.000718041963
240.0,17.3048703,1,0.288080603,51.5625,8.00007057,-4.69665838e-06,1,4974.60107,1,0.029120395,8.02966022,16.4396268,0.000122878089,0.000113801303,-1.20149998e-05,1.32231128,-0.109695233,-0.0829571933,-0.00310555589,-0.00234858156,0,-0.42887935,0,0.000337851699,0.000312889286,264.983333,-0.000426745624,-0.00032272705,267.984375,264.977692,8.0296545,0.0711713731,0.108519584,0.000823541835
300.0,18.8633569,1,0.268135488,92.1875,8.00006485,-3.22822515e-08,1,3632.84937,1,0.0377497151,8.03170872,17.9201891,0.000166624319,0.000156109309,-1.32664745e-05,1.32231128,-0.0950057209,-0.0718482286,-0.00348824845,-0.00263799331,0,-0.473551124,0,0.000458157272,0.000429245352,264.979167,-0.000471195148,-0.000356342091,267.984375,264.981262,8.03166008,0.0874278396,0.108702913,0.000845807837
360.0,19.7319232,1,0.252848029,29.6875,8.00011635,4.67794489e-05,1,2823.23755,1,0.0468207486,8.03225327,18.745327,0.000215777531,0.000200557493,-1.43143388e-05,1.32231128,-0.0844515115,-0.0638665929,-0.00382685522,-0.00289406534,0,-0.510955036,0,0.000593383273,0.000551506353,264.975,-0.000508412952,-0.000384488085,267.984375,264.981964,8.03223038,0.109375015,0.0977164656,0.000811893085
420.0,21.4030123,1,0.240606397,92.1875,8.00008965,3.25035671e-07,1,2278.60571,1,0.05562976,8.03708267,20.3328617,0.000270438759,0.000248840835,-1.5282425e-05,1.32231128,-0.076438874,-0.0578070208,-0.00413251389,-0.00312522007,0,-0.545511186,0,0.000743772369,0.000684338855,264.970833,-0.000542797206,-0.000410491251,267.984375,264.982147,8.03699875,0.164519325,0.0935238004,0.000746566453
480.0,22.3256286,1,0.230496868,92.1875,8.00010014,1.04124103e-06,1,1888.80859,1,0.0645174012,8.03851032,21.2093472,0.000323603133,0.000299823383,-1.62086599e-05,1.32231128,-0.0701141208,-0.0530239157,-0.0044123861,-0.00333687407,0,-0.578573406,0,0.000890060386,0.000824622228,264.966667,-0.000575694954,-0.000435370224,267.984375,264.979279,8.0384903,0.213185489,0.0949311852,0.000664105348
540.0,22.9925926,1,0.221954793,92.1875,8.00011158,2.48997253e-06,1,1600.91406,1,0.0746775568,8.03837872,21.842963,0.000382910308,0.000354143034,-1.70751919e-05,1.32231128,-0.0649745315,-0.0491370931,-0.00467144698,-0.00353278918,0,-0.609504521,0,0.00105330499,0.000974116556,264.9625,-0.000606472138,-0.000458645518,267.984375,264.976105,8.03836823,0.210534081,0.0966501981,0.000571317854
600.0,24.2979799,1,0.214611158,92.1875,8.00012302,4.617983e-06,1,1383.91455,1,0.0862726122,8.03899288,23.0830809,0.000445337588,0.000409234839,-1.7856144e-05,1.32231128,-0.060704425,-0.0459078178,-0.00491337758,-0.0037157496,0,-0.637380838,0,0.00122515741,0.00112576596,264.958333,-0.000634209777,-0.000479622162,267.984375,264.973328,8.03899288,0.21679002,0.0971180797,0.000481953146
660.0,25.1312359,1,0.208212867,92.1875,8.00013447,7.30332977e-06,1,1212.64526,1,0.098717764,8.03912735,23.8746741,0.000505431613,0.000467475096,-1.86092529e-05,1.32231128,-0.0570946485,-0.0431779176,-0.00514089782,-0.00388781214,0,-0.664263368,0,0.00139063515,0.00128611526,264.954167,-0.000660958583,-0.000499850954,267.984375,264.970215,8.03911495,0.285709977,0.0962179005,0.000401588448
720.0,25.7479237,1,0.202588677,92.1875,8.00014305,1.08098284e-05,1,1078.25208,1,0.116740666,8.04248333,24.4605276,0.000581475964,0.000525288691,-1.92781426e-05,1.32231128,-0.0540055558,-0.0408417881,-0.00535631226,-0.00405071955,0,-0.688139617,0,0.00160009158,0.00144532323,264.95,-0.00068471604,-0.000517817563,267.984375,264.967072,8.04246902,0.348520935,0.0978112966,0.000434699556
780.0,26.2916137,1,0.197637126,92.1875,8.00014782,1.53222227e-05,1,967.610229,1,0.148961917,8.03944302,24.977033,0.000645128952,0.000585946778,-1.9945508e-05,1.32231128,-0.0513497293,-0.0388333127,-0.00556181278,-0.00420612982,0,-0.711961448,0,0.00177544472,0.00161240087,264.945833,-0.000708419364,-0.000535743253,267.984375,264.963776,8.03943539,0.447748125,0.135906011,0.000493650674
840.0,27.4017695,1,0.193330005,92.1875,8.00015259,1.99216793e-05,1,878.029907,1,0.219217733,8.03840733,26.031681,0.000734708388,0.000645571738,-2.057446e-05,1.32231128,-0.0490865558,-0.0371217839,-0.00576009043,-0.00435607741,0,-0.734412014,0,0.00202229642,0.00177666929,264.941667,-0.000730758242,-0.000552637095,267.984375,264.960175,8.03837585,0.598033309,0.178486958,0.000727624749
900.0,28.3694234,1,0.189758241,110.9375,8.00016212,-1.11308259e-06,1,805.38623,1,0.38670668,8.04332256,26.9509522,0.000826246745,0.000705294486,-2.12098566e-05,1.32231128,-0.0472401008,-0.0357253999,-0.00595560856,-0.00450393837,0,-0.757092774,0,0.00227463921,0.00194124493,264.9375,-0.000753326167,-0.000569704105,267.984436,264.956512,8.04329491,0.784924269,0.391120851,0.00181662943
960.0,29.5868535,1,0.187618196,110.9375,8.00017071,-1.43445402e-06,1,752.657776,1,0.887249649,8.08428192,28.1075109,0.000968521112,0.000759465387,-2.19365011e-05,1.32231128,-0.0461355299,-0.0348900668,-0.00616890984,-0.00466524763,0,-0.78303057,0,0.00266702101,0.0020905626,264.933333,-0.00077913492,-0.000589222007,267.984467,264.952637,8.08407021,0.866521239,0.483320296,0.00484264502
1020.0,35.1058487,1,0.188874826,110.9375,8.00017548,-1.74706338e-06,1,729.574646,1,2.28602433,8.34002018,33.3505563,0.00121283031,0.000799010857,-2.30883306e-05,1.32231128,-0.0467267111,-0.0353371501,-0.00646429602,-0.0048886342,0,-0.824145555,0,0.00334125618,0.00219961838,264.929167,-0.000820045301,-0.000620160543,267.984314,264.947937,8.33737755,1.15532899,1.05620098,0.0115309898
1080.0,39.3465767,1,0.203321517,110.9375,8.00017071,-1.71925171e-06,1,798.24408,1,5.14188671,8.38719749,37.3792478,0.00151634798,0.000802396564,-2.63241473e-05,1.32231128,-0.0542183667,-0.0410027243,-0.00696473988,-0.00526709575,0,-0.939649045,0,0.0041797366,0.00220908527,264.925,-0.000934974174,-0.000707075698,267.984283,264.942413,8.37854958,1.35714269,1.11563301,0.0251798965
1140.0,50.6875523,1,0.238099366,110.9375,8.0001564,-1.56228896e-06,1,1014.77203,1,10.7021589,8.57548809,48.1531747,0.00197644765,0.000735538662,-3.32541786e-05,1.32231128,-0.0745840967,-0.056404341,-0.00753312744,-0.00569693977,0,-1.18701875,0,0.00545258494,0.00202499307,264.920833,-0.00118111318,-0.000893218734,267.984283,264.936951,8.568964,1.85195541,1.53891826,0.0722633004
1200.0,57.9990819,1,0.30707553,226.5625,8.00014782,-1.79838423e-06,1,1462.27332,1,20.0737629,8.52691936,55.0991279,0.00228683325,0.000578059582,-4.95047716e-05,1.32231128,-0.124314666,-0.094013162,-0.00963960774,-0.00728996843,0,-1.76708889,0,0.00631248346,0.00159120094,264.916667,-0.00175829744,-0.00132971525,267.984253,264.932587,8.52645588,2.32554007,1.76960611,0.143614814
1260.0,69.2134638,1,0.35956803,226.5625,8.00014687,-1.93905794e-06,1,1794.62646,1,25.401207,8.70925522,65.7527906,0.00246268697,0.000431457476,-6.47603374e-05,1.32231128,-0.170643449,-0.129049376,-0.0104075195,-0.007870703,0,-2.31164145,0,0.0068001207,0.00118734967,264.9125,-0.00230014068,-0.00173948507,267.984253,264.926819,8.70660973,2.31674671,2.15167809,0.191561833
1320.0,80.3336429,1,0.38978672,226.5625,8.00014591,-2.19183903e-06,1,1960.73364,1,28.890892,8.72100544,76.3169607,0.00245702849,0.00034383958,-7.55096626e-05,1.32231128,-0.200605348,-0.151708111,-0.0109437052,-0.00827619433,0,-2.69534206,0,0.00678442651,0.000945914071,264.908333,-0.00268193241,-0.00202821568,267.984253,264.921844,8.65408993,2.44470572,1.91888261,0.234818012
1380.0,84.5760075,1,0.402780235,226.5625,8.00014496,-2.49557866e-06,1,1993.67224,1,30.4404507,8.80073738,80.3472071,0.00117872504,0.000310662203,-8.19390043e-05,1.32231128,-0.214394405,-0.162136108,-0.00737176556,-0.0055749095,0,-2.9248395,0,0.00324708875,0.000854507671,264.904167,-0.00291028805,-0.00220090989,267.984253,264.917908,8.80037498,2.16380692,2.2986176,0.214355111
1440.0,97.8508398,1,0.392395943,226.5625,8.00013924,-2.61786272e-06,1,1892.40869,1,30.013237,8.91694069,92.9582978,0.00196898356,0.00032539235,-7.98175824e-05,1.32231128,-0.203471333,-0.153875515,-0.00730240019,-0.00552245183,0,-2.84911466,0,0.00543192588,0.000895047793,264.9,-0.00283493986,-0.00214392785,267.984222,264.912903,8.90706825,2.33200884,2.02643418,0.214943886
1500.0,109.955761,1,0.386443466,226.5625,8.00009918,-2.20257994e-06,1,1799.89819,1,29.0187435,8.64377499,104.457973,0.00125698862,0.000340652361,-8.01585702e-05,1.32231128,-0.197306365,-0.149213254,-0.00808769278,-0.00611633062,0,-2.8612864,0,0.00346318819,0.000937039731,264.895833,-0.00284705125,-0.00215308694,267.9841,264.910431,8.64227295,2.06649876,1.94156682,0.185522258
1560.0,119.146963,1,0.378040761,226.5625,7.9999938,-1.61052537e-06,1,1688.47339,1,29.3973198,8.50725079,113.189615,0.00120216189,0.000365475658,-7.99947811e-05,1.32231128,-0.188766971,-0.142755315,-0.00892568752,-0.00675006537,0,-2.8554399,0,0.00331179425,0.00100537436,264.891667,-0.00284123374,-0.00214868761,267.98407,264.908905,8.48875237,2.41328478,1.94224763,0.183167353
1620.0,113.619591,1,0.375694335,295.3125,7.99993801,5.55613269e-07,1,1612.64661,1,30.2512093,8.50640869,107.938612,0.00133048161,0.000384364626,-8.22062211e-05,1.32231128,-0.186353594,-0.140930206,-0.0103219412,-0.00780598447,0,-2.93437815,0,0.00366615551,0.0010573793,264.8875,-0.00291977916,-0.00220808759,267.984131,264.901337,8.50436401,2.1489625,1.88340425,0.171029851
1680.0,119.751162,1,0.373006344,339.0625,7.99989986,9.223333e-07,1,1546.40027,1,30.77314,8.5172987,113.763604,0.00120181998,0.000396675896,-8.39009299e-05,1.32231128,-0.183726102,-0.138943151,-0.00962591264,-0.00727961166,0,-2.99487114,0,0.00331085525,0.00109127036,264.883333,-0.00297997124,-0.00225360808,267.984131,264.900146,8.51701355,2.25602365,1.77400482,0.187753707
1740.0,126.562142,1,0.368864357,373.4375,7.9998827,7.80073663e-07,1,1488.25879,1,31.9203472,8.57637882,120.234035,0.00137118902,0.000416613417,-8.43066082e-05,1.32231128,-0.179689303,-0.13589032,-0.00900715962,-0.00681167888,0,-3.00935197,0,0.00377861946,0.00114616938,264.879167,-0.00299437996,-0.00226450455,267.9841,264.895386,8.57553291,2.27019882,1.72161865,0.173429981
1800.0,141.530004,1,0.366870314,373.4375,7.99986839,9.24321967e-07,1,1442.93652,1,31.9410477,8.41487789,134.453503,0.00160755217,0.000432535249,-8.55520702e-05,1.32231128,-0.177757919,-0.134429708,-0.00878643896,-0.0066447584,0,-3.05380893,0,0.00443187961,0.00119001791,264.875,-0.00303861592,-0.00229795813,267.9841,264.886627,8.41305923,2.27469921,1.72373724,0.167006135
1860.0,126.919739,1,0.365428954,373.4375,7.99984264,1.13290844e-06,1,1394.20764,1,31.9314938,8.59424114,120.573752,0.00142052467,0.000442612829,-8.7502689e-05,1.32231128,-0.176300272,-0.133327365,-0.00992138125,-0.00750306016,0,-3.12343717,0,0.00391492201,0.00121776143,264.870833,-0.0031078977,-0.00235035247,267.9841,264.887787,8.58499908,2.03788447,1.93670177,0.157916591
1920.0,122.564997,1,0.357405245,392.1875,7.99982166,1.83899385e-06,1,1296.64978,1,32.0332603,8.38721275,116.436747,0.0019384505,0.000474522967,-8.80237931e-05,1.32231128,-0.168642282,-0.127535999,-0.00950735994,-0.00718995603,0,-3.14203811,0,0.00534739858,0.00130562764,264.866667,-0.00312640611,-0.00236434955,267.984131,264.880981,8.38595963,2.31973362,1.81102109,0.159558743
1980.0,123.037873,1,0.355977863,395.3125,7.99980783,2.01091052e-06,1,1255.75159,1,32.0910568,8.48724556,116.885979,0.0018127251,0.000489590922,-8.98059734e-05,1.32231128,-0.167271435,-0.12649928,-0.00989073329,-0.0074798828,0,-3.20565367,0,0.00499940151,0.00134713459,264.8625,-0.00318970508,-0.00241221953,267.984131,264.875549,8.48385048,2.0197289,1.68962264,0.168265328
2040.0,134.855397,1,0.356895655,395.3125,7.99979496,2.35923153e-06,1,1208.18274,1,31.830801,8.30408382,128.112627,0.00193074241,0.000509122852,-9.40656755e-05,1.32231128,-0.168150961,-0.127164423,-0.00966951437,-0.0073125856,0,-3.35770512,0,0.00532604894,0.00140092766,264.858333,-0.00334100006,-0.00252663647,267.984131,264.878693,8.30025291,2.16411924,1.89446378,0.14955844
2100.0,143.41398,1,0.350029975,395.3125,7.99978161,2.77032746e-06,1,1152.81836,1,30.7089176,8.38018227,136.243281,0.00158531056,0.000536645646,-9.30025344e-05,1.32231128,-0.16171208,-0.122295015,-0.00983522646,-0.00743790576,0,-3.31975603,0,0.00437038206,0.00147674268,264.854167,-0.00330323982,-0.00249808026,267.9841,264.873901,8.37264538,1.97251987,1.57229877,0.141289651
2160.0,136.938743,1,0.344528854,395.3125,7.9997654,3.32135187e-06,1,1087.70093,1,29.2730083,8.50998306,130.091806,0.00188096473,0.000567195471,-9.39955353e-05,1.32231128,-0.156597346,-0.118426993,-0.0106419055,-0.0080479579,0,-3.35520124,0,0.00518824998,0.00156090758,264.85,-0.00333850877,-0.00252475264,267.98407,264.85849,8.5079031,1.97415543,1.56068683,0.13533245
2220.0,128.964198,1,0.340071857,395.3125,7.99974632,4.15714567e-06,1,1030.51514,1,27.9414158,8.28849411,122.515988,0.00216257852,0.000596342958,-9.54108255e-05,1.32231128,-0.152589232,-0.115395851,-0.0101099601,-0.00764567312,0,-3.40572071,0,0.0059681288,0.00164121389,264.845833,-0.00338877691,-0.00256276783,267.983917,264.865509,8.27873039,2.04006195,1.47243524,0.112576053
2280.0,138.651862,1,0.33066991,395.3125,7.99972248,5.43095757e-06,1,956.620544,1,27.4314232,8.28584671,131.719269,0.0019053662,0.000635690929,-9.44896674e-05,1.32231128,-0.144194454,-0.109047286,-0.0106192054,-0.00803079084,0,-3.37283969,0,0.00525580719,0.00174960867,264.841667,-0.00335605931,-0.00253802515,267.983154,264.861847,8.28414631,1.91606665,1.45957232,0.130576253
2340.0,144.097892,1,0.330431759,395.3125,7.99969816,7.08174957e-06,1,921.03894,1,27.6183147,8.34043598,136.892998,0.00207277434,0.000669407193,-9.79281031e-05,1.32231128,-0.143990993,-0.108893417,-0.0105470214,-0.00797620136,0,-3.49557567,0,0.00571934413,0.00184256257,264.8375,-0.00347818481,-0.00263038278,267.983124,264.856171,8.33898735,2.22853065,1.52993798,0.127395436
2400.0,142.279441,1,0.329613328,395.3125,7.9996748,8.77184539e-06,1,879.419006,1,27.701088,8.27197838,135.165469,0.00221405854,0.000697594602,-0.0001018025,1.32231128,-0.143160284,-0.108265191,-0.0120011829,-0.00907591358,0,-3.6338737,0,0.00611078925,0.00192025211,264.833333,-0.0036157947,-0.00273445039,267.983124,264.852112,8.27017021,2.0375526,1.41907954,0.119469628
2460.0,136.036344,1,0.325561672,395.3125,7.99965858,1.00870902e-05,1,838.918579,1,27.4946442,8.26366425,129.234526,0.00220990949,0.000733540917,-0.000102830039,1.32231128,-0.139690787,-0.10564138,-0.0113644004,-0.00859434623,0,-3.67055178,0,0.0060992837,0.00201935554,264.829167,-0.00365229044,-0.00276205037,267.983124,264.845123,8.26088333,1.93407726,1.40362608,0.12172538
2520.0,137.834429,1,0.316875607,395.3125,7.99964619,1.10611199e-05,1,789.234131,1,27.7569046,8.24455452,130.942707,0.00264597568,0.000783776399,-0.00010078607,1.32231128,-0.132244751,-0.100010306,-0.0118373726,-0.00895203184,0,-3.59759164,0,0.00730871595,0.0021578921,264.825,-0.00357969315,-0.00270714867,267.982697,264.835999,8.24210167,1.96947396,1.38756645,0.116661683
2580.0,146.423576,1,0.314997882,395.3125,7.99963522,1.2084869e-05,1,766.071716,1,27.6481667,8.21757412,139.102397,0.00252780062,0.000804973533,-0.000101998427,1.32231128,-0.130684495,-0.0988303572,-0.0116706677,-0.00882596057,0,-3.64086723,0,0.00698076561,0.00221633329,264.820833,-0.00362275355,-0.00273971306,267.982391,264.847107,8.21625805,2.35678172,1.62489676,0.133117244
2640.0,140.884074,1,0.315142095,395.3125,7.99961996,1.36637373e-05,1,740.238098,1,26.8263035,8.22762871,133.83987,0.00285039283,0.000833822181,-0.000105703126,1.32231128,-0.130834758,-0.0989439934,-0.011333663,-0.00857110042,0,-3.77310777,0,0.00787634216,0.00229590246,264.816667,-0.00375433615,-0.00283922255,267.982361,264.840546,8.22578812,2.10449028,1.54581082,0.125306875
2700.0,144.527286,1,0.31473121,395.3125,7.99959946,1.60437557e-05,1,711.278992,1,26.7045441,8.23306656,137.300922,0.00316924811,0.000863456517,-0.000109577013,1.32231128,-0.13058494,-0.0987550691,-0.010197578,-0.00771193439,0,-3.91138721,0,0.00876262225,0.00237762183,264.8125,-0.00389192766,-0.00294327643,267.981964,264.833649,8.23228645,2.12497807,1.44046354,0.128428832
2760.0,141.801623,1,0.314952046,395.3125,7.99957466,1.87418627e-05,1,687.603394,1,26.3790398,8.23250484,134.711542,0.00322220055,0.000897134538,-0.000113588729,1.32231128,-0.13077046,-0.0988953635,-0.0101837022,-0.00770144071,0,-4.05458689,0,0.00890991278,0.00247054454,264.808333,-0.00403441489,-0.00305103255,267.981903,264.829987,8.23199081,2.11771965,1.46016002,0.116012275
2820.0,141.009013,1,0.312296599,395.3125,7.99954987,2.08161327e-05,1,667.832153,1,25.9541912,8.23649788,133.958563,0.00282965065,0.000918752514,-0.000114018265,1.32231128,-0.128404677,-0.0971062407,-0.0119971223,-0.00907284301,0,-4.06991911,0,0.00781872403,0.00253014872,264.804167,-0.00404967088,-0.00306257,267.981384,264.832001,8.23443604,1.99301243,1.37896264,0.109498844
2880.0,141.010662,1,0.309657186,395.3125,7.9995265,2.165777e-05,1,642.503479,1,25.1660271,8.25713921,133.960129,0.00351125537,0.000953138864,-0.000115533519,1.32231128,-0.126148269,-0.0953998268,-0.012772277,-0.00965905469,0,-4.12400675,0,0.00971444976,0.00262500881,264.8,-0.00410348922,-0.0031032702,267.980652,264.83017,8.25659752,1.88391984,1.36087036,0.115109488
2940.0,148.652246,1,0.305425465,395.3125,7.99950695,2.16792341e-05,1,608.843262,1,24.143837,8.27737236,141.219634,0.00254371576,0.000994301517,-0.000116990392,1.32231128,-0.122683674,-0.0927797258,-0.0128174862,-0.00969324447,0,-4.17601061,0,0.00702492194,0.0027385354,264.795833,-0.00415523443,-0.00314240251,267.979919,264.823151,8.27697182,1.99648273,1.47895026,0.114353567
3000.0,147.806282,1,0.299496144,395.3125,7.99948692,2.19039975e-05,1,581.839783,1,23.4363689,8.21142101,140.415968,0.00335109932,0.00104771962,-0.000115427763,1.32231128,-0.117786422,-0.0890761688,-0.0139412023,-0.0105430568,0,-4.12023163,0,0.00926856883,0.00288601499,264.791667,-0.0040997332,-0.00310042966,267.979675,264.813019,8.21127892,1.98263502,1.49846017,0.100590855
3060.0,146.841245,1,0.295077235,395.3125,7.99946404,2.31959748e-05,1,562.042603,1,23.1136627,8.22530365,139.499183,0.00329666352,0.0010903934,-0.000114282011,1.32231128,-0.114400066,-0.0865152329,-0.012982795,-0.00981825963,0,-4.07933378,0,0.00911708083,0.00300383056,264.7875,-0.00405903859,-0.00306965434,267.97934,264.812073,8.22451496,1.90929222,1.42327189,0.101820342
3120.0,152.988871,1,0.293250918,395.3125,7.99943686,2.5948284e-05,1,540.396729,1,23.2252731,8.2106781,145.339427,0.004249461,0.00114499952,-0.000116666299,1.32231128,-0.112975553,-0.0854379386,-0.0129349642,-0.00978208706,0,-4.16444206,0,0.0117731458,0.00315468386,264.783333,-0.00414372329,-0.0031336972,267.979248,264.809692,8.21042156,1.94981623,1.51628494,0.105878465
3180.0,154.328627,1,0.282234371,395.3125,7.99940777,3.00938882e-05,1,500.709381,1,22.9592857,8.24312496,146.612195,0.00369485957,0.00120086235,-0.000112249392,1.32231128,-0.104515061,-0.079039678,-0.0130799161,-0.00989170745,0,-4.00677872,0,0.010225934,0.00330878422,264.779167,-0.00398684433,-0.00301505742,267.979095,264.804443,8.24277687,1.96873212,1.41209674,0.105514035
3240.0,157.410679,1,0.286933959,395.3125,7.99937582,3.52641218e-05,1,502.301208,1,23.0213337,8.28549671,149.540145,0.00406849105,0.0012355902,-0.00011757679,1.32231128,-0.108073533,-0.081730783,-0.0131228482,-0.00992417429,0,-4.19694185,0,0.0112679265,0.00340486853,264.775,-0.0041760616,-0.00315815327,267.978912,264.805786,8.28487587,1.89198446,1.36413896,0.0977185145
3300.0,158.190914,1,0.287905872,395.3125,7.99934387,4.04751845e-05,1,488.932098,1,23.1335106,8.25757504,150.281368,0.003463428,0.00125794322,-0.000122023361,1.32231128,-0.10862565,-0.082148321,-0.0146275749,-0.0110621266,0,-4.35566378,0,0.00958127156,0.00346663175,264.770833,-0.00433399389,-0.0032775898,267.978333,264.795685,8.25691032,2.16135192,1.36385655,0.108301215
3360.0,159.630422,1,0.292109579,395.3125,7.99931526,4.46125341e-05,1,488.600128,1,24.1790066,8.26674843,151.648901,0.00460399361,0.00126612931,-0.000127533349,1.32231128,-0.111726359,-0.0844932348,-0.0157438386,-0.0119063025,0,-4.5523448,0,0.0127639333,0.00348927313,264.766667,-0.00452969642,-0.00342559,267.977753,264.794373,8.26544571,1.99245369,1.28767812,0.112144306
3420.0,156.926949,1,0.288685799,395.3125,7.99929523,4.65204248e-05,1,473.596558,1,24.2888794,8.34647846,149.080601,0.00598320505,0.00130379805,-0.000127001171,1.32231128,-0.108990923,-0.0824245587,-0.0162845273,-0.0123151997,0,-4.53334808,0,0.0166313518,0.00359344552,264.7625,-0.0045107943,-0.00341129536,267.977325,264.787964,8.34541607,2.19851398,1.41022837,0.110185981
3480.0,153.807137,1,0.289035887,395.3125,7.9992795,4.56651251e-05,1,463.958252,1,24.5934734,8.26852417,146.11678,0.00494907424,0.00131069752,-0.00013011173,1.32231128,-0.109394178,-0.0827295184,-0.0153666157,-0.0116210273,0,-4.64438057,0,0.0137296347,0.00361236976,264.758333,-0.0046212743,-0.00349484594,267.976776,264.789642,8.26805496,1.98472977,1.42194343,0.106523119
3540.0,158.185389,1,0.293008626,395.3125,7.99925995,4.23702913e-05,1,459.494476,1,25.0267429,8.34884453,150.27612,0.00426297588,0.00132968719,-0.000136867689,1.32231128,-0.112351149,-0.0849657357,-0.0162886828,-0.012318342,0,-4.88553667,0,0.0118108932,0.00366482604,264.754167,-0.0048612305,-0.00367631321,267.976227,264.781616,8.34701061,2.10959244,1.41007137,0.112297609
3600.0,161.791253,1,0.290202409,395.3125,7.99923706,3.83045917e-05,1,446.774689,1,24.7961273,8.36659336,153.70169,0.00437404681,0.00135863025,-0.00013675855,1.32231128,-0.11015667,-0.0833061561,-0.0163379237,-0.0123555809,0,-4.88164043,0,0.0121211708,0.00374471163,264.75,-0.00485735387,-0.00367338164,267.97583,264.777893,8.35947227,2.03553534,1.32169533,0.111074135
3660.0,161.522787,1,0.286243498,395.3125,7.99921227,3.6253783e-05,1,431.647308,1,24.0877228,8.3512125,153.446647,0.00497001735,0.00141635851,-0.000135836919,1.32231128,-0.107000157,-0.0809190348,-0.0170116797,-0.0128651094,0,-4.84874344,0,0.0137882596,0.00390440645,264.745833,-0.00482462021,-0.00364862662,267.975067,264.777435,8.35009003,2.39057922,1.32887244,0.10418269
3720.0,163.04814,1,0.280324429,395.3125,7.99918604,3.78529148e-05,1,413.73819,1,23.699892,8.28253174,154.895733,0.00471954886,0.00147721102,-0.000133105874,1.32231128,-0.102501631,-0.0775170177,-0.0170474723,-0.0128921783,0,-4.7512579,0,0.0130871721,0.00407264428,264.741667,-0.0047276197,-0.00357526983,267.974518,264.7742,8.28183556,2.10485053,1.40041411,0.0975982845
3780.0,156.570563,1,0.275219202,395.3125,7.99915886,4.2534637e-05,1,397.065125,1,23.5803757,8.19633675,148.742035,0.00423170859,0.00152572268,-0.000131254579,1.32231128,-0.0986838192,-0.0746297911,-0.017128434,-0.0129534053,0,-4.68517494,0,0.0117235677,0.0042066332,264.7375,-0.00466186553,-0.00352554326,267.974243,264.770813,8.19608116,2.03413057,1.36408615,0.0900178179
3840.0,159.258839,1,0.272783518,395.3125,7.99912739,4.84142474e-05,1,386.583984,1,23.8221989,8.16997814,151.295897,0.00710243033,0.00158130121,-0.000131265479,1.32231128,-0.0970461145,-0.0733912811,-0.0162323546,-0.0122757442,0,-4.68556404,0,0.0197852328,0.004360558,264.733333,-0.00466225296,-0.00352583616,267.973724,264.771667,8.16994476,2.15620971,1.31780887,0.0897297338
3900.0,161.690332,1,0.272807598,395.3125,7.99909401,5.4058426e-05,1,380.409851,1,23.9903812,8.21859074,153.605815,0.00511402637,0.00161041203,-0.000133431255,1.32231128,-0.097072199,-0.0734110028,-0.0161816515,-0.0122373998,0,-4.76287222,0,0.0141916843,0.00444106199,264.729167,-0.00473917648,-0.00358400983,267.973297,264.755951,8.21851444,2.00455379,1.36907697,0.0942967534
3960.0,165.854723,1,0.276585132,395.3125,7.9990654,5.85703492e-05,1,379.455811,1,24.1353989,8.24237442,157.561987,0.0089691719,0.00162942742,-0.0001394008,1.32231128,-0.0996509641,-0.0753611997,-0.0173841063,-0.0131467581,0,-4.97595739,0,0.0250772089,0.00449384283,264.725,-0.00495120138,-0.00374435377,267.972565,264.735809,8.24209309,2.15917015,1.41225064,0.0970909745
4020.0,161.389697,1,0.27527833,395.3125,7.99904728,6.08885748e-05,1,372.396606,1,23.6806908,8.18603325,153.320212,0.00537223322,0.00164555653,-0.000140039439,1.32231128,-0.0986337587,-0.0745919347,-0.0176602937,-0.0133556249,0,-4.99875355,0,0.0149155734,0.0045382278,264.720833,-0.00497388421,-0.0037615078,267.972015,264.754578,8.18524456,2.26410747,1.37805808,0.0913996249
4080.0,160.674123,1,0.27178058,395.3125,7.99903107,6.06265021e-05,1,361.459869,1,23.039196,8.19891262,152.640417,0.00814635865,0.00168340944,-0.000138846575,1.32231128,-0.0959914476,-0.0725936815,-0.0180410556,-0.0136435768,0,-4.95617342,0,0.0227396917,0.00464298017,264.716667,-0.00493151601,-0.00372946681,267.971436,264.743286,8.19862747,2.04494095,1.30925512,0.0908820108
4140.0,163.931632,1,0.273423433,395.3125,7.99901152,5.87443174e-05,1,358.983826,1,23.5807438,8.21408272,155.735051,0.00536799617,0.00170309911,-0.000142354882,1.32231128,-0.0971525759,-0.073471792,-0.0182751566,-0.0138206165,0,-5.08140373,0,0.0149036739,0.00469750166,264.7125,-0.00505612325,-0.00382370129,267.970703,264.737762,8.21396351,2.03641558,1.2540369,0.0936516523
4200.0,175.331887,1,0.268128783,226.5625,7.99925756,0.000208144294,1,342.958221,1,23.4978542,8.26339436,166.565293,0.00557903247,0.00178290368,-0.000140517077,1.32231128,-0.0934626386,-0.0706812665,-0.0173806399,-0.0131441364,0,-5.01580286,0,0.01549586,0.00491842348,264.708333,-0.00499084871,-0.00377433724,267.970184,264.734192,8.26252079,2.19536233,1.34992504,0.0912580043
4260.0,170.842961,1,0.268928021,395.3125,7.99897146,5.7113426e-05,1,339.564697,1,23.6513119,8.28396034,162.300813,0.00623271614,0.00180810411,-0.00014319428,1.32231128,-0.0937962234,-0.0709335431,-0.0186509229,-0.0141047901,0,-5.11136627,0,0.017333243,0.00498823915,264.704167,-0.00508593675,-0.00384624768,267.969696,264.739227,8.27980423,2.18193746,1.31866324,0.0911510736
4320.0,157.757811,1,0.270469934,395.3125,7.99895,5.9647522e-05,1,337.091064,1,22.9765377,8.28591251,149.869921,0.00676227687,0.001826233,-0.000146740422,1.32231128,-0.0947551429,-0.0716587305,-0.0194577742,-0.0147149721,0,-5.23794746,0,0.0188252237,0.00503855618,264.7,-0.00521188788,-0.00394149823,267.969116,264.728088,8.28519058,2.12629557,1.17682219,0.08490327
4380.0,160.619869,1,0.271897256,395.3125,7.99892807,6.40710714e-05,1,333.029633,1,22.6259727,8.21754646,152.588875,0.00884426758,0.00183916208,-0.000150893873,1.32231128,-0.0959136859,-0.0725348741,-0.0188890081,-0.0142848426,0,-5.38620615,0,0.0247218609,0.00507429149,264.695833,-0.00535940891,-0.00405306136,267.96875,264.726501,8.21561623,2.23446107,1.22987986,0.0872271508
4440.0,164.975961,1,0.266606838,395.3125,7.99890757,6.9116868e-05,1,320.538177,1,21.4667435,8.23333073,156.727163,0.00559816882,0.00190165499,-0.000147799903,1.32231128,-0.0921752155,-0.0697076544,-0.0183747783,-0.0138959549,0,-5.27576542,0,0.0155495871,0.00524712773,264.691667,-0.00524951797,-0.00396995619,267.968018,264.731018,8.233284,2.07375479,1.18501282,0.0848262012
4500.0,165.823609,1,0.257686317,395.3125,7.99888515,7.44071003e-05,1,301.953125,1,20.9945698,8.25532055,157.532429,0.00954593439,0.00202660356,-0.000141668934,1.32231128,-0.0859045833,-0.0649654791,-0.0181664471,-0.013738404,0,-5.05691862,0,0.0267204344,0.00559352012,264.6875,-0.00503175985,-0.00380527624,267.967834,264.720703,8.25522804,2.27106738,1.27649879,0.0853480399
4560.0,163.538452,1,0.247637033,229.6875,7.99927664,0.000232670369,1,282.539337,1,20.5897026,8.24167538,155.361529,0.00621298095,0.0021380554,-0.000134371716,1.32231128,-0.0792242736,-0.0599134825,-0.0172924325,-0.0130774295,0,-4.79644203,0,0.0172777064,0.00590205332,264.683333,-0.0047725793,-0.00360927056,267.967407,264.719727,8.24145508,2.20038819,1.13201404,0.0807671919
4620.0,169.461966,1,0.25126031,229.6875,7.99896622,0.000240435373,1,284.035156,1,20.1994228,8.21253777,160.988868,0.00631305249,0.00214433577,-0.00013961739,1.32231128,-0.0814018324,-0.0615602657,-0.0185100473,-0.0139982523,0,-4.98368835,0,0.0175593905,0.00591964182,264.679167,-0.0049588941,-0.00375017151,267.966309,264.712708,8.21228409,2.25254679,1.45468235,0.073946178
4680.0,168.645454,1,0.252067059,229.6875,7.99891806,0.000300933461,1,282.95816,1,19.9932556,8.18595028,160.213181,0.0081564337,0.00215908629,-0.000141503158,1.32231128,-0.0817710236,-0.0618394651,-0.0192954168,-0.0145921893,0,-5.05100107,0,0.0227682628,0.00596070662,264.675,-0.00502587156,-0.00380082335,267.965302,264.712585,8.18476486,2.10255527,1.45571983,0.0731338933
4740.0,169.061686,1,0.251637399,229.6875,7.99882698,0.000346210349,1,278.771545,1,19.8871346,8.21945477,160.608602,0.00775214005,0.00220149313,-0.000142895035,1.32231128,-0.0814046711,-0.0615624115,-0.0195981264,-0.014821114,0,-5.10068512,0,0.0216225423,0.00607831357,264.670833,-0.00507530849,-0.00383821013,267.964722,264.712982,8.21897125,1.98670685,1.23457003,0.0699179918
4800.0,173.649053,1,0.248821706,229.6875,7.99910498,0.000344341912,1,273.104614,1,19.662508,8.21612453,164.966601,0.00766229816,0.00224044453,-0.00014101839,1.32231128,-0.0794143826,-0.0600572526,-0.0198897533,-0.0150416577,0,-5.03369761,0,0.0213681981,0.00618642056,264.666667,-0.0050086542,-0.00378780277,267.963989,264.694122,8.2155323,2.19355559,1.21292973,0.0707323253
4860.0,174.979082,1,0.24797073,229.6875,7.9991641,0.000290211989,1,267.676361,1,19.3422489,8.19456863,166.230128,0.00822872948,0.00228075404,-0.000142406963,1.32231128,-0.0788828433,-0.0596552752,-0.0197110716,-0.0149065293,0,-5.0832634,0,0.022973353,0.00629803725,264.6625,-0.00505797332,-0.00382510037,267.96283,264.706848,8.1944294,2.26355267,1.20840025,0.0816949308
4920.0,171.83026,1,0.246998429,229.6875,7.99877167,0.000224597752,1,262.70401,1,19.1450596,8.24497414,163.238747,0.00835655443,0.00231814873,-0.000143402198,1.32231128,-0.0781682134,-0.0591148362,-0.0199419186,-0.0150811076,0,-5.11878872,0,0.0233360901,0.00640179683,264.658333,-0.00509332214,-0.00385183282,267.961945,264.695404,8.24429607,2.1145401,1.23753476,0.0854408294
4980.0,168.011278,1,0.247654349,267.1875,7.99865627,0.000222448944,1,259.079224,1,19.0509319,8.25016403,159.610714,0.00977854431,0.00232826849,-0.000146570062,1.32231128,-0.0784777179,-0.0593488999,-0.0204597414,-0.015472712,0,-5.23186636,0,0.0273842439,0.00642976444,264.654167,-0.00520583708,-0.00393692264,267.961121,264.695374,8.24637032,2.20442724,1.20929193,0.0792714581
5040.0,172.556649,1,0.248202845,210.9375,7.99895906,0.000403733837,1,257.250671,1,19.296032,8.20266438,163.928817,0.00802827533,0.00237250375,-0.00014859486,1.32231128,-0.0786588788,-0.0594859011,-0.021180125,-0.0160175022,0,-5.30414152,0,0.0224048737,0.00655278238,264.65,-0.00527775288,-0.00399130909,267.96051,264.69046,8.20215702,2.21252108,1.13861871,0.070514597
5100.0,171.793897,1,0.247770682,210.9375,7.99926138,0.000343827676,1,254.119888,1,19.3288231,8.18450832,163.204202,0.00731116673,0.00240936084,-0.000149641157,1.32231128,-0.0784973055,-0.0593637116,-0.0206856206,-0.0156435333,0,-5.34148979,0,0.020374991,0.00665503135,264.645833,-0.00531491544,-0.00401941314,267.959564,264.682526,8.18268776,2.11121798,1.10708356,0.0702148676
5160.0,176.835231,1,0.249977469,210.9375,7.99953651,0.00022124956,1,255.992676,1,19.5002251,8.17679691,167.993469,0.00769527676,0.00237847865,-0.000152551002,1.32231128,-0.0797419697,-0.0603049919,-0.0216532312,-0.0163752902,0,-5.44535732,0,0.0214615464,0.00656916155,264.641667,-0.00541826617,-0.00409757253,267.959534,264.681213,8.17613602,2.1607995,1.17082226,0.0728451833
5220.0,177.113552,1,0.247942582,210.9375,7.99977589,0.000203785254,1,252.06839,1,19.5684147,8.20879173,168.257874,0.00837677903,0.00241469033,-0.000151173241,1.32231128,-0.0784180015,-0.0593037382,-0.0214159954,-0.0161958802,0,-5.39617825,0,0.0233934969,0.00666955113,264.6375,-0.00536933169,-0.00406056549,267.959412,264.675446,8.20851707,2.49188972,1.08432817,0.0697287768
5280.0,170.156849,1,0.24596338,229.6875,7.99949455,0.00025469836,1,245.450577,1,18.9896488,8.23725414,161.649007,0.00764062488,0.00247812551,-0.000151560947,1.32231128,-0.0769211501,-0.0581717417,-0.0219700597,-0.0166148916,0,-5.41001701,0,0.0213068482,0.00684590498,264.633333,-0.00538310129,-0.00407097908,267.959351,264.679535,8.23711777,2.39034986,1.08381939,0.0705021024
5340.0,166.880336,1,0.243750706,229.6875,7.9997015,0.000274015765,1,240.854691,1,18.234314,8.22039127,158.536319,0.0127858184,0.00253664935,-0.000150321997,1.32231128,-0.0754406601,-0.0570521168,-0.0219331253,-0.0165869612,0,-5.36579275,0,0.0360249616,0.00700847991,264.629167,-0.00533909723,-0.00403770059,267.958405,264.674255,8.22020531,2.11463499,1.06929755,0.0721620321
5400.0,176.553607,1,0.243789509,229.6875,7.99979782,0.000265581126,1,238.451813,1,18.1930695,8.18149471,167.725926,0.00861293357,0.00255471794,-0.000151909306,1.32231128,-0.0754362121,-0.0570487566,-0.0220378079,-0.0166661274,0,-5.42245245,0,0.0240642056,0.00705859531,264.625,-0.00539547484,-0.00408033654,267.957764,264.658813,8.18115997,2.31797099,1.21381438,0.0720877424
5460.0,175.692208,1,0.244116336,229.6875,7.99969482,0.000208762372,1,234.870468,1,18.2739658,8.19483852,166.907597,0.0115066739,0.0026055628,-0.000154846741,1.32231128,-0.0755647644,-0.0571459718,-0.0223481581,-0.01690083,0,-5.52730513,0,0.0323362164,0.00719972374,264.620833,-0.00549980626,-0.00415923726,267.956848,264.666626,8.19392776,2.20460415,1.1048224,0.0659494027
5520.0,175.172533,1,0.244953543,229.6875,7.9996767,0.000204240467,1,232.65979,1,17.9774742,8.14797401,166.413907,0.00917654019,0.00260692718,-0.000157931892,1.32231128,-0.0759800971,-0.0574600697,-0.0228499584,-0.0172803178,0,-5.63743067,0,0.0256675556,0.00720338523,264.616667,-0.00560938381,-0.00424210541,267.956329,264.657593,8.14585209,2.55255508,1.13955164,0.0749801323
5580.0,175.108282,1,0.240723342,229.6875,7.99953985,0.000234407969,1,226.119125,1,17.8199348,8.15749073,166.352868,0.00773024233,0.00266871112,-0.000154225898,1.32231128,-0.0731731504,-0.0553373098,-0.0227392018,-0.0171965566,0,-5.50514412,0,0.0215605367,0.00737480912,264.6125,-0.00547775533,-0.004142561,267.955658,264.6521,8.1573925,2.45990896,1.13917553,0.0758148506
5640.0,180.905195,1,0.239145815,229.6875,7.99926996,0.000250276877,1,222.984741,1,18.2220497,8.15337181,171.859935,0.00760777574,0.00269838609,-0.000153339191,1.32231128,-0.072158277,-0.0545698106,-0.0226310268,-0.0171147492,0,-5.47349262,0,0.0212138798,0.00745711429,264.608333,-0.00544626126,-0.00411874382,267.955353,264.658722,8.153265,2.34978342,1.31646252,0.0776342079
5700.0,181.988417,1,0.243512183,210.9375,7.99935055,0.000247064978,1,227.610748,1,18.52458,8.2734499,172.888996,0.00847261772,0.00267762877,-0.000158602241,1.32231128,-0.0746723786,-0.0564711057,-0.0239221044,-0.0180911291,0,-5.66135883,0,0.0236656144,0.00739989989,264.604167,-0.00563319307,-0.00426011113,267.95517,264.653717,8.27208138,2.48513675,1.15890026,0.067692697
5760.0,179.995946,1,0.243073687,229.6875,7.99899292,0.000215591979,1,224.526733,1,18.4876671,8.28633404,170.996148,0.0118421474,0.00270972168,-0.000159913747,1.32231128,-0.0742913336,-0.0561829396,-0.0241839439,-0.0182891451,0,-5.70817327,0,0.0333016962,0.007489332,264.6,-0.00567977456,-0.00429533841,267.954559,264.633453,8.28463936,2.42798567,0.989973664,0.0669607297
5820.0,172.364666,1,0.238414839,267.1875,7.99895096,0.00022625651,1,219.332794,1,18.2575626,8.21569157,163.746433,0.00908018555,0.00275931554,-0.000154467183,1.32231128,-0.0711364448,-0.0537970476,-0.0242689922,-0.0183534641,0,-5.51375675,0,0.0253931824,0.00762658566,264.595833,-0.00548632536,-0.00414904207,267.953735,264.638245,8.21503544,2.45759201,1.36586356,0.0682734847
5880.0,179.446698,1,0.241471112,267.1875,7.99924564,0.000226119344,1,220.464813,1,18.3622322,8.25546837,170.474363,0.0108287027,0.00278632622,-0.000159660063,1.32231128,-0.072908327,-0.0551370382,-0.0250808783,-0.0189674534,0,-5.69911766,0,0.0303891916,0.00770221883,264.591667,-0.00567076402,-0.00428852439,267.952698,264.637939,8.25500298,2.6354475,1.16100907,0.067332305
5940.0,179.350813,1,0.240899116,267.1875,7.99929619,0.000290354103,1,216.398071,1,18.7327156,8.25474453,170.383273,0.00978116132,0.00281402678,-0.000161507327,1.32231128,-0.0725162104,-0.0548404977,-0.0250987709,-0.0189809855,0,-5.76505661,0,0.0273917168,0.00777887786,264.5875,-0.00573637476,-0.00433814246,267.951935,264.636658,8.25103188,2.48306227,1.08942056,0.0720787421
6000.0,181.036735,1,0.242361531,267.1875,7.99923182,0.000342727813,1,217.23262,1,19.0686207,8.18474102,171.984899,0.0120067149,0.00280806469,-0.000163834746,1.32231128,-0.073271066,-0.0554113612,-0.0257719848,-0.0194901042,0,-5.84813499,0,0.0337758176,0.00776244281,264.583333,-0.00581903988,-0.00440065796,267.951904,264.618958,8.18384647,2.67222977,1.03211737,0.0687506646
6060.0,183.09499,1,0.242881283,229.6875,7.99910927,0.000138600502,1,215.57579,1,19.3290062,8.17255116,173.940241,0.00906113256,0.00283634942,-0.000166158323,1.32231128,-0.0733331963,-0.0554583445,-0.0265895613,-0.0201083981,0,-5.93107557,0,0.0253389496,0.00784116983,264.579167,-0.00590156764,-0.00446307007,267.951874,264.632935,8.17247963,2.62466717,1.24826407,0.0725490749
6120.0,174.467889,1,0.241822362,229.6875,7.9994154,0.000173369262,1,210.931717,1,19.4101315,8.17814827,165.744495,0.00925735757,0.00288272416,-0.000167605191,1.32231128,-0.0726051033,-0.0549077243,-0.0266052522,-0.020120265,0,-5.98272181,0,0.0258977655,0.0079699792,264.575,-0.00595295709,-0.00450193323,267.951294,264.611511,8.17726707,2.56177807,1.10923767,0.0750492141
6180.0,179.599496,1,0.240891382,229.6875,7.99927521,0.000192009393,1,207.225128,1,19.3660488,8.16250134,170.619521,0.00949791726,0.00291834306,-0.000168640312,1.32231128,-0.0720086545,-0.0544566587,-0.0265055764,-0.0200448837,0,-6.01967049,0,0.0265834741,0.00806886423,264.570833,-0.00598972198,-0.00452973694,267.950928,264.624146,8.16213799,2.60316873,1.19049335,0.0743684471
6240.0,183.538364,1,0.237270787,229.6875,7.99884796,0.000210789934,1,200.78157,1,19.3547382,8.19621086,174.361446,0.0104189143,0.00299029378,-0.000166321697,1.32231128,-0.0697243512,-0.0527291521,-0.0260812975,-0.0197240226,0,-5.93690777,0,0.0292150527,0.00826877076,264.566667,-0.00590737071,-0.00446745846,267.950745,264.600189,8.19513035,2.58309293,1.20744717,0.0740759447
6300.0,180.809232,1,0.238380224,270.3125,7.99881792,0.000186506062,1,201.19165,1,18.9654961,8.20192432,171.76877,0.00764947897,0.00302474806,-0.000168321945,1.32231128,-0.0701838285,-0.0530766323,-0.0268389024,-0.0202969629,0,-6.00830698,0,0.0213319212,0.00836492423,264.5625,-0.00597841479,-0.00452118553,267.94986,264.611633,8.20168304,2.61944532,1.19287562,0.0739718899
6360.0,181.306884,1,0.240335882,267.1875,7.99925137,0.000213220424,1,201.96344,1,18.5161705,8.20962334,172.241539,0.0101515586,0.00299229613,-0.000171839536,1.32231128,-0.0712789521,-0.0539048202,-0.0274404921,-0.0207519159,0,-6.13386869,0,0.0284500886,0.00827461854,264.558333,-0.00610335171,-0.0046156696,267.949249,264.583862,8.20921326,2.78964376,1.07827187,0.0660072565
6420.0,184.933955,1,0.236923262,267.1875,7.99928379,0.000201679344,1,197.946915,1,17.8048553,8.2549696,175.687258,0.00882182829,0.00307849701,-0.000167963284,1.32231128,-0.0690411329,-0.0522124656,-0.0272515006,-0.0206089914,0,-5.99550438,0,0.0246580373,0.00851444155,264.554167,-0.00596567616,-0.00451155193,267.948853,264.609924,8.25331974,2.4771626,1.21763825,0.0634407699
6480.0,186.704256,1,0.23443383,226.5625,7.99954319,0.000417130883,1,194.038742,1,17.3316689,8.1944809,177.369043,0.010238938,0.00311601372,-0.000166001642,1.32231128,-0.067459181,-0.0510161109,-0.0270305797,-0.0204419196,0,-5.92548275,0,0.0287000015,0.00861888565,264.55,-0.00589600252,-0.00445886143,267.948456,264.598236,8.19162464,2.37535357,1.00316381,0.0587161109
6540.0,176.632584,1,0.230028212,229.6875,7.99961805,0.000311705808,1,189.42128,1,17.105135,8.16983986,167.800954,0.0120444922,0.00318696327,-0.000160640309,1.32231128,-0.0648819804,-0.0490670986,-0.0261872001,-0.0198041108,0,-5.73410845,0,0.0338846967,0.00881614722,264.545833,-0.00570558058,-0.00431485428,267.948425,264.602142,8.16928673,2.31695747,0.967598438,0.0526857562
6600.0,172.552596,1,0.228200704,295.3125,7.99898148,0.000236421562,1,186.924164,1,17.1765156,8.12283039,163.924966,0.0113506671,0.00323391473,-0.000158937168,1.32231128,-0.0637355596,-0.0482001193,-0.0260670669,-0.0197132602,0,-5.67331362,0,0.0318876989,0.00894688256,264.541667,-0.00564508839,-0.00426910724,267.947998,264.578644,8.1227684,2.4693594,0.95038408,0.0525101349
6660.0,184.316018,1,0.226870716,210.9375,7.999228,0.000347200199,1,183.096146,1,17.2718697,8.17477512,175.100217,0.0116088502,0.00329797133,-0.000159439587,1.32231128,-0.0630912706,-0.0477128737,-0.0255269613,-0.0193048045,0,-5.69124746,0,0.032630112,0.00912542082,264.5375,-0.00566293299,-0.00428260211,267.947266,264.586975,8.17453384,2.56888914,0.990018368,0.056075152
6720.0,184.832421,1,0.228297696,229.6875,7.99946642,0.000283803733,1,185.165817,1,17.4584789,8.18046284,175.5908,0.0103190467,0.00329545885,-0.000160651136,1.32231128,-0.0636229217,-0.0481149368,-0.0264934581,-0.0200357195,0,-5.73449469,0,0.0289292112,0.00911892019,264.533333,-0.00570596475,-0.00431514485,267.946747,264.589813,8.17963982,2.68319917,1.0625453,0.0551008061
6780.0,185.707632,1,0.22688742,229.6875,7.99951458,0.000305221154,1,181.812912,1,17.7829094,8.15519905,176.42225,0.0108947791,0.00331508461,-0.000160600379,1.32231128,-0.062693961,-0.0474124067,-0.0265135095,-0.0200508833,0,-5.7326827,0,0.0305787064,0.00917297881,264.529167,-0.00570416171,-0.00431378139,267.946167,264.584137,8.15485287,2.53888464,1.01969731,0.0637405589
6840.0,186.445364,1,0.231992185,229.6875,7.99905825,0.000329265167,1,184.966461,1,18.4739494,8.15630627,177.123096,0.0111160502,0.0032865156,-0.000168759056,1.32231128,-0.0655221343,-0.0495512187,-0.0277782679,-0.021007359,0,-6.02390957,0,0.0312137268,0.00909389276,264.525,-0.00599393994,-0.00453292672,267.946136,264.572754,8.1559,2.63424158,1.12936437,0.0754644722
6900.0,185.461771,1,0.234464794,270.3125,7.99881458,0.000237691362,1,185.242355,1,18.5025387,8.12371349,176.188683,0.00899816211,0.00327591202,-0.000173953289,1.32231128,-0.067119576,-0.0507592857,-0.0279132072,-0.0211094078,0,-6.20931959,0,0.0251597073,0.00906416029,264.520833,-0.00617842749,-0.00467244536,267.945557,264.569641,8.12367439,2.61341381,1.02313709,0.0752837658
6960.0,185.091862,1,0.238860175,229.6875,7.99926329,0.000380054698,1,187.231979,1,18.0753727,8.16494274,175.837269,0.00998624228,0.00323764188,-0.000181966403,1.32231128,-0.0696787983,-0.0526947007,-0.0289235357,-0.0218734704,0,-6.49535036,0,0.0279775131,0.00895752665,264.516667,-0.00646303501,-0.00488768052,267.945282,264.553436,8.16435528,2.6559391,1.04887152,0.0731394216
7020.0,186.39394,1,0.237221286,229.6875,7.99965763,0.000285384041,1,186.475754,1,17.527668,8.17841148,177.074243,0.0113268588,0.00324356975,-0.00017896932,1.32231128,-0.0682603866,-0.0516220257,-0.0296245795,-0.0224036351,0,-6.38836861,0,0.0318192542,0.0089735724,264.5125,-0.00635658577,-0.00480717793,267.944611,264.565186,8.17750645,2.72127199,1.14272189,0.0634981096
7080.0,183.041958,1,0.234323651,226.5625,7.99996042,0.00041258306,1,183.875046,1,16.5547886,8.15430355,173.88986,0.00971472636,0.00330884848,-0.000174930494,1.32231128,-0.0662406087,-0.0500945635,-0.0297263172,-0.0224805735,0,-6.24420166,0,0.0272020549,0.00915557332,264.508333,-0.00621313602,-0.00469869375,267.943695,264.561279,8.15423203,2.69722247,1.12389159,0.0574840307
7140.0,189.277854,1,0.232489333,226.5625,8.0002203,0.000456540351,1,180.866272,1,16.1274509,8.24636745,179.813962,0.00991541054,0.00336376717,-0.000173696666,1.32231128,-0.065222539,-0.0493246466,-0.0292293988,-0.0221047793,0,-6.20015907,0,0.0277751368,0.0093087703,264.504167,-0.00616931263,-0.00466555264,267.943298,264.557343,8.24636459,2.52509737,0.963238478,0.0585328043
7200.0,188.668418,1,0.229378581,229.6875,7.99966145,0.000389990862,1,176.211288,1,15.7624817,8.18351269,179.234997,0.00944530405,0.00342144608,-0.000171224077,1.32231128,-0.0632908866,-0.0478638336,-0.0288900826,-0.0218481701,0,-6.11189985,0,0.026433453,0.00946911611,264.5,-0.00608149217,-0.00459913816,267.942871,264.555298,8.18305779,2.76930904,0.947120667,0.0530620739
7260.0,178.017185,1,0.228643343,267.1875,7.99963093,0.000239603454,1,175.21405,1,15.5118361,8.15447044,169.116326,0.00836879201,0.00342733227,-0.000170548039,1.32231128,-0.0627053678,-0.0474210344,-0.0290972162,-0.0220048167,0,-6.0877676,0,0.0233708359,0.00948512275,264.495833,-0.00605748035,-0.00458097924,267.942383,264.545197,8.15359879,2.5753212,1.02314937,0.0542684756
7320.0,180.691713,1,0.227009475,229.6875,7.99957132,0.000338194281,1,174.121826,1,15.122467,8.1201601,171.657127,0.00989133958,0.00347732916,-0.000167964972,1.32231128,-0.0617480204,-0.0466970392,-0.0288211536,-0.0217960421,0,-5.99556446,0,0.027706366,0.0096250996,264.491667,-0.00596573576,-0.0045115971,267.941711,264.54718,8.1194725,2.61352277,1.00139022,0.0534083173
7380.0,185.631771,1,0.225046173,229.6875,7.99978304,0.000330683542,1,170.851028,1,14.9541931,8.11428165,176.350183,0.0107809277,0.00351846241,-0.000166777449,1.32231128,-0.0604613945,-0.0457240269,-0.0287981089,-0.0217786152,0,-5.95317554,0,0.0302522071,0.00973943435,264.4875,-0.00592355756,-0.00447969977,267.941528,264.542938,8.11388969,2.88208771,0.997382581,0.0570333675
7440.0,190.899745,1,0.225408688,229.6875,7.99973536,0.000342869433,1,170.283463,1,15.2316275,8.2276535,181.354758,0.0110949241,0.00356230303,-0.000168143277,1.32231128,-0.0607343763,-0.0459304675,-0.0287265666,-0.0217245109,0,-6.00192928,0,0.0311530735,0.0098619666,264.483333,-0.00597206876,-0.00451638643,267.941376,264.546143,8.22752285,2.80446744,1.01029754,0.0584479757
7500.0,191.248242,1,0.226632744,229.6875,7.99936342,0.00032405855,1,170.669983,1,15.3074112,8.21984005,181.68583,0.00948385801,0.00353670027,-0.000170510364,1.32231128,-0.0611879602,-0.0462734923,-0.0294747893,-0.0222903565,0,-6.0864234,0,0.026543377,0.00979032274,264.479167,-0.00605614251,-0.00457996735,267.940948,264.531219,8.21766281,2.89398003,1.15593386,0.0568488389
7560.0,192.449835,1,0.225076482,267.1875,7.99941111,0.000291949313,1,168.630844,1,15.3480768,8.18411064,182.827343,0.0119309053,0.00358569692,-0.000169041508,1.32231128,-0.0602365695,-0.0455540009,-0.0293067321,-0.0221632626,0,-6.03399181,0,0.0335573666,0.0099273799,264.475,-0.00600397214,-0.00454051327,267.940582,264.51944,8.18366051,2.98015618,1.00852811,0.0591371879
7620.0,183.34343,1,0.226572365,267.1875,7.99955177,0.000341633277,1,169.992294,1,15.3665199,8.16131687,174.176258,0.0111306496,0.0035686125,-0.00017105334,1.32231128,-0.0608040951,-0.0459831916,-0.0301774479,-0.022821743,0,-6.10580492,0,0.0312556513,0.00987976417,264.470833,-0.00607542787,-0.00459455187,267.940033,264.528381,8.15975857,2.67871904,1.04622376,0.0583621562
7680.0,178.365568,1,0.22858347,229.6875,7.99968958,0.000263552327,1,170.019913,1,15.2712545,8.11261177,169.44729,0.0112815872,0.00353435241,-0.000175620284,1.32231128,-0.0617637187,-0.0467089117,-0.0309653133,-0.0234175678,0,-6.26882362,0,0.0316891782,0.00978381094,264.466667,-0.00623763539,-0.00471722148,267.939819,264.514496,8.11244678,2.74764967,0.977810621,0.059201248
7740.0,180.135544,1,0.225946859,229.6875,7.9996953,0.000314681616,1,167.105484,1,15.4350271,8.12184429,171.128767,0.0100658247,0.00357212825,-0.000172571148,1.32231128,-0.0603440367,-0.0456352718,-0.0302612055,-0.0228850842,0,-6.15998411,0,0.0282049719,0.00988850929,264.4625,-0.00612933747,-0.00463532098,267.939819,264.517975,8.12113762,2.83538747,0.986930251,0.0629911795
7800.0,187.596354,1,0.227896407,229.6875,7.99936914,0.000298868108,1,167.992889,1,15.5608072,8.09983063,178.216536,0.0119836126,0.00357321114,-0.000176141431,1.32231128,-0.0611383095,-0.0462359451,-0.0312822498,-0.0236572511,0,-6.28742552,0,0.0337092318,0.009892039,264.458333,-0.00625614496,-0.00473121973,267.93927,264.520294,8.09681702,2.81963539,1.14400089,0.0607731417
7860.0,190.33203,1,0.229639784,229.6875,7.99932671,0.000242425274,1,169.332474,1,15.3873062,8.15580654,180.815428,0.0094196368,0.00355551811,-0.000178789138,1.32231128,-0.0621372312,-0.0469913781,-0.0316452645,-0.0239317808,0,-6.38193607,0,0.0263602715,0.0098425597,264.454167,-0.00635018526,-0.00480233785,267.938812,264.504059,8.1552887,2.79328823,1.15640891,0.0534605235
7920.0,179.181404,1,0.228048936,201.5625,7.99911022,0.000497588073,1,167.539459,1,15.0758896,8.1534729,170.222334,0.0122778546,0.00358766504,-0.000176973001,1.32231128,-0.0610977635,-0.0462052785,-0.0315622613,-0.0238690097,0,-6.31710911,0,0.0345577002,0.00993251242,264.45,-0.00628568092,-0.0047535561,267.93866,264.5047,8.15336704,2.77634144,1.1009469,0.0551632047
7980.0,177.187666,1,0.229486942,210.9375,7.99947071,0.000371531874,1,168.439377,1,14.8611603,8.12970638,168.328282,0.00916183088,0.00359497615,-0.000179378461,1.32231128,-0.0618391335,-0.0467659421,-0.0320226178,-0.0242171548,0,-6.4029727,0,0.0256256629,0.00995252561,264.445833,-0.0063711172,-0.00481816754,267.938232,264.51001,8.12870693,2.87210417,1.04839456,0.0533183515
8040.0,175.898522,1,0.22756891,214.0625,7.9997716,0.000388249551,1,166.264603,1,14.7704544,8.10560226,167.103596,0.011929716,0.00365087576,-0.000177206224,1.32231128,-0.0608152635,-0.0459916405,-0.0314789265,-0.0238059871,0,-6.32543325,0,0.0335539356,0.0101088537,264.441667,-0.00629396364,-0.00475982018,267.937714,264.497437,8.10554695,2.77441311,0.986819983,0.0510045364
8100.0,179.121144,1,0.226876423,226.5625,8.00005054,0.000344966858,1,164.972794,1,14.747591,8.08179951,170.165087,0.00993167888,0.00366453454,-0.000176968417,1.32231128,-0.0603944585,-0.0456734039,-0.0313864648,-0.0237360634,0,-6.31694508,0,0.027821606,0.010146847,264.4375,-0.00628551748,-0.0047534327,267.937134,264.499542,8.08168411,2.78652477,1.17715633,0.0506908819
8160.0,168.18356,1,0.227379888,226.5625,7.99996614,0.000373366231,1,163.599289,1,14.9928741,8.12006474,159.774382,0.0114377486,0.00369097479,-0.000179644834,1.32231128,-0.0606774986,-0.0458874553,-0.0314976238,-0.0238201283,0,-6.41248131,0,0.0321380123,0.010220591,264.433333,-0.0063805785,-0.00482532242,267.936554,264.491852,8.11951828,2.80136633,0.989531279,0.0565361939
8220.0,185.548907,1,0.223731324,229.6875,7.99989462,0.000312013784,1,159.062637,1,15.1238317,8.11378002,176.271462,0.01208294,0.00373733952,-0.000176016023,1.32231128,-0.0584611371,-0.044211328,-0.0310372189,-0.0234719459,0,-6.28294945,0,0.0339955278,0.0103490017,264.429167,-0.00625169091,-0.00472785113,267.936371,264.495941,8.11353207,2.95472312,1.01471591,0.0562187657
8280.0,184.772335,1,0.225124389,229.6875,7.99997616,0.000297996012,1,160.4245,1,14.9258051,8.11800766,175.533718,0.0111821173,0.00375580904,-0.000177802154,1.32231128,-0.058887139,-0.0445334911,-0.0319914892,-0.0241936147,0,-6.34670591,0,0.0314034447,0.0104013355,264.425,-0.00631513027,-0.00477582728,267.935913,264.484619,8.1167469,2.87195444,1.02301931,0.0578336716
8340.0,178.490704,1,0.226087943,229.6875,7.99970722,0.0002419706,1,159.329529,1,14.6209068,8.14064503,169.566169,0.00982839707,0.00376453507,-0.000181332623,1.32231128,-0.0592054464,-0.0447742119,-0.0326075144,-0.0246594846,0,-6.4727273,0,0.0275266115,0.0104256347,264.420833,-0.00644052448,-0.00487065688,267.93573,264.466797,8.14014816,2.96137857,1.0495708,0.0552852899
8400.0,182.778939,1,0.225506246,229.6875,7.99975109,0.000230156147,1,159.433868,1,14.5562592,8.11518002,173.639992,0.0145370346,0.00378369447,-0.000179818831,1.32231128,-0.0588259846,-0.0444872454,-0.0325761102,-0.024635734,0,-6.41869164,0,0.0411081351,0.0104790162,264.416667,-0.00638675783,-0.0048299958,267.934814,264.477264,8.11474133,2.90408635,1.10117817,0.0578165129
8460.0,176.094748,1,0.226545289,229.6875,7.99972725,0.000249431294,1,160.167053,1,14.7792988,8.11056042,167.29001,0.00928083248,0.00379063655,-0.000181481329,1.32231128,-0.0593418442,-0.0448773652,-0.0329265706,-0.0249007717,0,-6.47803545,0,0.0259646513,0.0104988748,264.4125,-0.00644580647,-0.00487465132,267.934265,264.469391,8.11024094,2.90450621,1.12494779,0.0529108569
8520.0,177.602414,1,0.224402294,229.6875,7.99981642,0.000309511233,1,156.892593,1,14.5799475,8.09958935,168.722294,0.00994711742,0.00384609494,-0.000180060902,1.32231128,-0.0580510683,-0.0439012125,-0.0326171443,-0.0246667676,0,-6.4273324,0,0.0278657265,0.0106534697,264.408333,-0.0063953558,-0.00483649783,267.934052,264.46582,8.09939194,2.81655216,1.01515293,0.0541741997
8580.0,183.049324,1,0.219369918,210.9375,8.00027752,0.000329663832,1,151.938065,1,14.782814,8.11454773,173.896858,0.0107756564,0.00392037909,-0.000173701934,1.32231128,-0.055212386,-0.0417544544,-0.0316362455,-0.0239249617,0,-6.20034695,0,0.0302371029,0.0108601507,264.404167,-0.00616949936,-0.00466569373,267.934052,264.469238,8.11450195,3.00889635,1.05569947,0.0529966801
8640.0,182.568654,1,0.220069513,226.5625,8.00003052,0.000349078415,1,152.18718,1,14.9943476,8.09900188,173.440222,0.0126071693,0.00394942751,-0.000175082023,1.32231128,-0.0554311164,-0.0419198684,-0.0320710763,-0.0242538024,0,-6.24961042,0,0.0355085693,0.0109418016,264.4,-0.00621851766,-0.00470276363,267.933472,264.45575,8.09895992,2.91857672,0.986006618,0.0554511473
8700.0,179.962157,1,0.222520724,201.5625,7.99978733,0.000417728734,1,153.531265,1,14.9624138,8.09317303,170.96405,0.0132343275,0.00391886476,-0.000179413255,1.32231128,-0.0566501729,-0.0428417847,-0.0328285843,-0.0248266682,0,-6.40421486,0,0.0373231545,0.0108564207,264.395833,-0.00637235306,-0.00481910212,267.933105,264.459381,8.09310913,3.08865595,1.0770148,0.0539461114
8760.0,177.774106,1,0.222008497,198.4375,7.99988127,0.000305772788,1,152.889771,1,14.7056513,8.09175587,168.885401,0.0110447174,0.00390349212,-0.000178924733,1.32231128,-0.056401521,-0.0426537395,-0.0326571539,-0.0246970244,0,-6.38677692,0,0.0310089532,0.0108129438,264.391667,-0.00635500206,-0.00480598025,267.933105,264.452881,8.09171295,3.04929376,1.00860775,0.0541917458
8820.0,185.693253,1,0.221306846,210.9375,8.00054741,0.000360077218,1,151.394211,1,14.4951725,8.12214851,176.40859,0.0104231415,0.00395047199,-0.000178984425,1.32231128,-0.0559092462,-0.0422814563,-0.0326853842,-0.024718374,0,-6.38890791,0,0.0292271618,0.0109443553,264.3875,-0.00635712221,-0.00480758352,267.933136,264.447144,8.12182808,2.91904879,0.880412698,0.0516180694
8880.0,191.437865,1,0.221318915,226.5625,8.00058937,0.000336016208,1,151.025055,1,14.8587074,8.13401318,181.865972,0.0105389711,0.00397435902,-0.000179451323,1.32231128,-0.0557580441,-0.0421671085,-0.0329565406,-0.0249234363,0,-6.40557289,0,0.0295588374,0.0110111628,264.383333,-0.00637370441,-0.00482012425,267.933105,264.421875,8.13395119,3.03865552,0.89352262,0.0501498133
8940.0,190.907378,1,0.220941737,226.5625,8.00018692,0.0003112923,1,150.281662,1,15.0387135,8.13361454,181.362009,0.0151909348,0.00401121192,-0.000179418537,1.32231128,-0.0555013902,-0.0419730134,-0.03295701,-0.0249237902,0,-6.40440273,0,0.0430161916,0.0111146327,264.379167,-0.00637254026,-0.00481924368,267.933105,264.424744,8.13331223,2.96641326,1.16885698,0.0488027371
9000.0,185.536769,1,0.221510947,210.9375,7.99980879,0.000319256884,1,151.213455,1,14.9555063,8.13072777,176.25993,0.0108070839,0.00399640854,-0.000179694645,1.32231128,-0.0558646545,-0.042247735,-0.0329971462,-0.0249541439,0,-6.41425896,0,0.0303271953,0.011073295,264.375,-0.00638234708,-0.00482666027,267.932922,264.421783,8.13015556,3.21140385,1.05107963,0.0486679897
9060.0,182.307547,1,0.224006817,210.9375,8.00028229,0.000334620767,1,152.591095,1,14.6237936,8.13166523,173.192169,0.0110870255,0.00398217235,-0.000184159653,1.32231128,-0.0568374544,-0.0429834165,-0.0342364535,-0.0258913729,0,-6.57363892,0,0.0311303902,0.0110337492,264.370833,-0.00654093409,-0.0049465918,267.932953,264.438904,8.13072586,3.13325548,1.08278704,0.0487955213
9120.0,190.186103,1,0.22234121,226.5625,8.00008583,0.000285602902,1,150.903076,1,14.2033548,8.1543932,180.676798,0.00966076739,0.00401610602,-0.00018209657,1.32231128,-0.0557499193,-0.0421609655,-0.0341333821,-0.025813425,0,-6.49999619,0,0.0270480588,0.0111279776,264.366667,-0.0064676581,-0.00489117671,267.932343,264.428955,8.15367317,3.06295061,1.1661818,0.053159453
9180.0,191.568652,1,0.222290725,229.6875,7.99996901,0.000311292912,1,150.843369,1,14.4276018,8.11730957,181.990219,0.0091975918,0.00404193159,-0.00018204459,1.32231128,-0.0556175858,-0.0420608856,-0.0342920609,-0.0259334259,0,-6.49814129,0,0.0257275123,0.0112005565,264.3625,-0.00646581221,-0.00488978066,267.931335,264.427063,8.11697292,3.09023285,1.01406014,0.0534916371
9240.0,193.563909,1,0.224809632,267.1875,7.99962044,0.000243359013,1,151.964706,1,14.6350622,8.1230402,183.885714,0.0182009377,0.00398907205,-0.000186914083,1.32231128,-0.0566997379,-0.0428792648,-0.0353726745,-0.0267506409,0,-6.67195892,0,0.0518712066,0.0110533871,264.358333,-0.00663876534,-0.00502057699,267.930664,264.412079,8.12210464,3.05954194,0.961068988,0.050943356
9300.0,193.152828,1,0.224493325,267.1875,7.99952984,0.000229571102,1,152.018204,1,14.6047001,8.13864803,183.495186,0.0111411316,0.00396771543,-0.00018606073,1.32231128,-0.0563523695,-0.0426165685,-0.0355726629,-0.0269018821,0,-6.64149857,0,0.0312857479,0.0109931491,264.354167,-0.00660845637,-0.00499765575,267.930664,264.417694,8.13796711,3.11442614,1.42771184,0.0539340191
9360.0,190.92315,1,0.222997487,226.5625,7.9999733,0.000280947919,1,149.242722,1,14.5711803,8.11797905,181.376993,0.0113516022,0.00404910091,-0.000185757643,1.32231128,-0.055631794,-0.042071633,-0.0350559615,-0.0265111271,0,-6.63067961,0,0.0318903849,0.0112204328,264.35,-0.00659769122,-0.00498951459,267.930603,264.405151,8.11779404,3.11029124,1.13711476,0.0553283729
9420.0,191.613243,1,0.226787299,226.5625,8.0004034,0.000310118805,1,152.920029,1,15.1382608,8.10382175,182.032581,0.0133703239,0.00398844015,-0.000190691702,1.32231128,-0.0574958324,-0.0434813127,-0.0363256857,-0.027471358,0,-6.80680275,0,0.0377172865,0.0110520599,264.345833,-0.00677293818,-0.00512204506,267.929901,264.396362,8.10355377,3.12631369,1.00548267,0.0529403016
9480.0,190.688664,1,0.230683014,226.5625,8.00043297,0.000366288819,1,155.883606,1,15.23524,8.1223774,181.154231,0.0120475916,0.00388830947,-0.000196873109,1.32231128,-0.0593465716,-0.0448809378,-0.037807487,-0.0285919718,0,-7.02745008,0,0.0338936411,0.0107720029,264.341667,-0.0069924877,-0.00528807985,267.929504,264.404144,8.12234497,3.13314915,1.23147917,0.0535322279
9540.0,185.437735,1,0.228317574,226.5625,8.00016975,0.000340067316,1,152.578461,1,14.5179224,8.11601257,176.165848,0.0132621182,0.00392572489,-0.000195013548,1.32231128,-0.0581337363,-0.0439637303,-0.0370392129,-0.0280109625,0,-6.96107197,0,0.0374036804,0.0108752185,264.3375,-0.0069264397,-0.00523813115,267.929474,264.399384,8.11539459,3.32731628,1.09007573,0.0547895692
9600.0,184.501547,1,0.225852326,226.5625,8.00033951,0.000335651886,1,149.941391,1,14.2355919,8.13221836,175.27647,0.00966158323,0.00398416491,-0.000192084422,1.32231128,-0.0568523183,-0.0429946557,-0.0362951085,-0.0274482332,0,-6.85651636,0,0.027050389,0.0110383313,264.333333,-0.00682240445,-0.00515945395,267.929077,264.393921,8.13220596,3.1341958,1.00871015,0.057092648
9660.0,191.421361,1,0.225915089,226.5625,8.00024223,0.000298581144,1,149.041809,1,14.1393652,8.11458206,181.850293,0.0109736621,0.00399909122,-0.000193404965,1.32231128,-0.0570432171,-0.0431390218,-0.036064554,-0.0272738766,0,-6.90365314,0,0.0308050252,0.0110800937,264.329167,-0.00686930679,-0.00519492431,267.928864,264.394714,8.11440372,3.38377285,0.997448087,0.0519131199
9720.0,189.444995,1,0.226336256,267.1875,8.00000095,0.000256095635,1,150.399063,1,14.0652714,8.13037872,179.972745,0.0139579941,0.00398812862,-0.000192733525,1.32231128,-0.0570296794,-0.0431287847,-0.0365548171,-0.027644638,0,-6.87968683,0,0.0394231118,0.0110496916,264.325,-0.00684545934,-0.00517688924,267.928345,264.386383,8.1303606,3.19822311,0.958988726,0.0472715534
9780.0,193.045925,1,0.223283455,210.9375,8.00026608,0.000369910587,1,147.542679,1,13.7297802,8.107234,183.393629,0.0102033056,0.00407441473,-0.000188621838,1.32231128,-0.0551940463,-0.0417405851,-0.0360507481,-0.0272634346,0,-6.73291874,0,0.0285980813,0.011290797,264.320833,-0.00669942144,-0.00506644789,267.927795,264.380981,8.10673141,3.28852224,0.847920835,0.0486007407
9840.0,189.378177,1,0.217711106,210.9375,8.00062561,0.00038217078,1,142.99202,1,13.5571852,8.10283184,179.909269,0.0102094151,0.00416783523,-0.000180413888,1.32231128,-0.052193366,-0.0394713171,-0.0346989669,-0.0262411479,0,-6.43993235,0,0.0286155697,0.0115512917,264.316667,-0.0064078928,-0.00484597916,267.927216,264.386383,8.102808,3.30632496,0.895733714,0.0449263006
9900.0,186.975152,1,0.21662797,229.6875,8.00025272,0.000318577106,1,141.558731,1,13.4747572,8.09854794,177.626395,0.0105845686,0.00421789894,-0.000179534109,1.32231128,-0.0516648442,-0.0390716195,-0.0343703181,-0.0259926077,0,-6.4085288,0,0.0296894424,0.0116913896,264.3125,-0.00637664553,-0.00482234824,267.927185,264.372986,8.09850502,3.1698072,0.814884543,0.043643225
9960.0,189.604319,1,0.218893811,226.5625,8.00052357,0.000321132306,1,143.619492,1,13.5285568,8.09503269,180.124103,0.0104000522,0.00420421455,-0.000182569012,1.32231128,-0.0525752157,-0.0397600904,-0.0353563018,-0.0267382599,0,-6.51686096,0,0.0291610584,0.011653279,264.308333,-0.00648443867,-0.00490386691,267.927185,264.372498,8.09500504,3.34158158,0.863984108,0.0427952409
10020.0,195.305254,1,0.221274063,229.6875,8.00025749,0.000348183938,1,145.010681,1,13.4322739,8.108181,185.539992,0.0104922894,0.00413239701,-0.000186780468,1.32231128,-0.0535838157,-0.0405228436,-0.0363382436,-0.0274808537,0,-6.66719007,0,0.0294251405,0.0114526358,264.304167,-0.00663401978,-0.00501698814,267.927185,264.362244,8.10768318,3.17139125,0.86841023,0.0422172584
10080.0,197.239354,1,0.220836297,210.9375,8.00041199,0.000418414653,1,144.852402,1,13.4303799,8.19479847,187.377386,0.0106352754,0.00414252095,-0.000185877012,1.32231128,-0.0534030423,-0.0403861366,-0.036148794,-0.0273375828,0,-6.63494015,0,0.0298347175,0.0114811212,264.3,-0.0066019306,-0.00499272067,267.927185,264.358521,8.19237709,3.25739861,0.986293554,0.0436777398
10140.0,197.436577,1,0.221545696,210.9375,8.00021267,0.000375664735,1,145.0121,1,13.7638397,8.17383957,187.564748,0.0117334463,0.00414722692,-0.000187467376,1.32231128,-0.0536397919,-0.0405651778,-0.0365388282,-0.0276325475,0,-6.69170904,0,0.0329887047,0.0114946598,264.295833,-0.00665841717,-0.00503543857,267.927155,264.351746,8.17214584,3.23352337,0.985872746,0.0485174134
10200.0,190.338926,1,0.222775802,267.1875,8.00016403,0.000261251727,1,145.91507,1,14.0884438,8.13873482,180.821979,0.0111261075,0.00414039567,-0.000189427883,1.32231128,-0.0542624593,-0.0410360694,-0.0369084552,-0.0279120784,0,-6.76169014,0,0.031242609,0.0114759356,264.291667,-0.00672804983,-0.00508809835,267.927155,264.354401,8.13821602,3.18845415,1.0161829,0.0506628081
10260.0,195.456746,1,0.224142343,267.1875,8.00006485,0.000258821354,1,145.039749,1,14.2805672,8.10287666,185.683909,0.0113104703,0.00414230116,-0.00019409963,1.32231128,-0.0551903918,-0.041737821,-0.0369772464,-0.0279641002,0,-6.92844915,0,0.0317721702,0.0114809247,264.2875,-0.00689397939,-0.00521358289,267.926392,264.354858,8.10271263,3.30272341,0.999379277,0.0543515757
10320.0,195.42424,1,0.228379488,210.9375,8.00031376,0.000405115919,1,148.187744,1,14.5003452,8.13184929,185.653028,0.011388314,0.00407048687,-0.000200955081,1.32231128,-0.057367444,-0.0433842205,-0.0382827185,-0.0289513674,0,-7.17315722,0,0.0319958925,0.0112804249,264.283333,-0.00713746995,-0.00539772306,267.926178,264.346741,8.13148308,3.3525815,1.00746989,0.0586192012
10380.0,194.696842,1,0.229073033,210.9375,8.00042248,0.000430144311,1,148.20993,1,14.5545902,8.14377403,184.962,0.0114569701,0.00406914623,-0.000202761075,1.32231128,-0.0579594374,-0.0438319147,-0.0381488912,-0.0288501587,0,-7.23762274,0,0.0321932845,0.0112766512,264.279167,-0.00720161479,-0.00544623239,267.92572,264.332306,8.14323521,3.52988005,1.05516112,0.0563954115
10440.0,191.995364,1,0.229080573,226.5625,8.00044441,0.000310524512,1,148.391754,1,14.6206284,8.13148499,182.395596,0.0109405052,0.00410324335,-0.000202532625,1.32231128,-0.0577230826,-0.0436531715,-0.038513802,-0.0291261245,0,-7.22946882,0,0.0307098925,0.0113718258,264.275,-0.00719350111,-0.00544009637,267.925629,264.343781,8.13112164,3.51637936,1.13103461,0.0505935401
10500.0,187.101441,1,0.227312833,229.6875,8.00036812,0.000354920747,1,146.610016,1,14.5014734,8.11570072,177.746369,0.0123576717,0.00410804106,-0.000200284907,1.32231128,-0.0563363656,-0.042604465,-0.0386595726,-0.0292363632,0,-7.14923573,0,0.0347880386,0.0113847554,264.270833,-0.0071136672,-0.00537972199,267.925629,264.340027,8.11491108,3.50401163,1.06588733,0.056379661
10560.0,194.634982,1,0.225966334,226.5625,8.0005722,0.000410852663,1,145.127228,1,14.4307556,8.11143303,184.903233,0.0119152861,0.00414511003,-0.000198756956,1.32231128,-0.0555598512,-0.0420172252,-0.0383642688,-0.0290130395,0,-7.09469414,0,0.0335123576,0.0114882719,264.266667,-0.00705939718,-0.00533868046,267.925629,264.336975,8.11138058,3.4831171,1.28224397,0.0545645952
10620.0,191.597454,1,0.225666448,226.5625,8.00037861,0.000319021638,1,144.566269,1,14.3235416,8.11573219,182.017581,0.0117398836,0.00416878238,-0.000198734851,1.32231128,-0.055059813,-0.041639071,-0.038768284,-0.0293185767,0,-7.09390545,0,0.0330072418,0.0115548484,264.2625,-0.00705861254,-0.00533808675,267.925629,264.338135,8.11565685,3.34476566,1.12624383,0.0565886572
10680.0,184.435399,1,0.225380599,229.6875,8.00044918,0.000337099045,1,145.120316,1,14.0974512,8.10865307,175.213629,0.0103916628,0.00414263643,-0.000197224741,1.32231128,-0.0547302514,-0.0413898379,-0.038938798,-0.0294475276,0,-7.04000139,0,0.0291370377,0.0114813074,264.258333,-0.00700497674,-0.00529752485,267.925446,264.322968,8.10860538,3.45579123,0.944728732,0.0536601208
10740.0,189.402637,1,0.222637862,210.9375,8.00038815,0.000441176846,1,142.639252,1,13.8512697,8.1168232,179.932505,0.0153846638,0.00422036834,-0.000193418484,1.32231128,-0.0534123555,-0.0403931774,-0.0379883274,-0.0287287328,0,-6.90413618,0,0.0435825251,0.0116990041,264.254167,-0.00686978735,-0.00519528752,267.925018,264.311981,8.11670971,3.50756121,0.880073905,0.052039735
10800.0,176.296338,1,0.223401532,229.6875,8.00039864,0.00035907657,1,144.025085,1,13.7845688,8.10736465,167.481522,0.00998056587,0.00417876011,-0.000193535321,1.32231128,-0.0537808686,-0.0406718664,-0.0382473171,-0.0289245937,0,-6.9083066,0,0.0279612988,0.0115822852,264.25,-0.00687393686,-0.00519842561,267.924469,264.32312,8.10731316,3.62128067,0.967310309,0.0488164127
10860.0,186.692377,1,0.225292608,226.5625,8.00053787,0.000291969802,1,144.629211,1,14.0766573,8.0854044,177.357758,0.0129379015,0.00417690631,-0.000197662754,1.32231128,-0.0546035506,-0.0412940234,-0.0390261561,-0.0295135919,0,-7.05563688,0,0.0364648886,0.0115774535,264.245833,-0.00702053402,-0.00530928979,267.924316,264.309235,8.08512306,3.50451899,1.06262732,0.0516929328
10920.0,187.536988,1,0.223134309,226.5625,8.00070858,0.000325671281,1,142.145111,1,14.0492678,8.0767498,178.160139,0.0122977141,0.0042235367,-0.000195392146,1.32231128,-0.0536156222,-0.0405468978,-0.038207382,-0.0288943928,0,-6.97458601,0,0.03461501,0.0117078237,264.241667,-0.0069398866,-0.00524830027,267.923859,264.308075,8.07656097,3.37522888,1.03142834,0.0547738969
10980.0,172.80047,1,0.224506468,226.5625,8.00056076,0.000335047458,1,143.627533,1,14.7570086,8.07458782,164.160447,0.0105134966,0.00417265901,-0.000196964902,1.32231128,-0.0541940145,-0.0409843102,-0.0387949944,-0.0293387752,0,-7.03072691,0,0.0294858776,0.011565296,264.2375,-0.00699574826,-0.00529054552,267.923767,264.297424,8.07433701,3.60293627,0.989243746,0.0558229014
11040.0,166.969677,1,0.228735268,229.6875,8.00049496,0.000370323483,1,146.155472,1,14.9324932,8.06145859,158.621193,0.0116028041,0.00413321797,-0.000204703072,1.32231128,-0.0563935861,-0.042647738,-0.0400757268,-0.0303073321,0,-7.30694342,0,0.0326127186,0.0114556253,264.233333,-0.0072705904,-0.0054983953,267.92334,264.303375,8.06129837,3.73302174,1.25057912,0.0567406155
11100.0,177.92887,1,0.232140958,204.6875,8.00109482,0.000364981912,1,149.562241,1,15.1532755,8.07602406,169.032427,0.0108038401,0.00406880118,-0.00020910929,1.32231128,-0.0578965694,-0.0437843725,-0.0415424481,-0.0314165428,0,-7.46422434,0,0.0303179119,0.0112756491,264.229167,-0.00742708892,-0.00561674777,267.922546,264.291565,8.07598782,3.8385942,0.91171813,0.0545098186
11160.0,178.575799,1,0.231722638,204.6875,8.00124168,0.000371716509,1,148.471817,1,15.4708414,8.08323574,169.647009,0.0106568616,0.00407120213,-0.000209508362,1.32231128,-0.0577083305,-0.043642018,-0.0413646549,-0.0312820859,0,-7.47846889,0,0.0298965834,0.0112822,264.225,-0.00744126271,-0.00562746683,267.922119,264.290253,8.0831089,3.54203653,0.99532479,0.0611601546
11220.0,168.083345,1,0.234728366,204.6875,8.00096703,0.000389669876,1,150.184616,1,16.0506268,8.08878803,159.679178,0.010939179,0.00402764324,-0.00021528377,1.32231128,-0.0591306016,-0.0447176099,-0.0425623953,-0.0321878791,0,-7.6846242,0,0.0307060871,0.0111609381,264.220833,-0.0076463921,-0.0057825963,267.922028,264.282104,8.08821678,3.54288363,1.02562439,0.0611925051
11280.0,185.109573,1,0.237549201,204.6875,8.00081062,0.00030524758,1,151.731705,1,15.8151474,8.06444454,175.854095,0.0104467925,0.00401193975,-0.000220863745,1.32231128,-0.0602641366,-0.0455748476,-0.0440001041,-0.0332751498,0,-7.88380337,0,0.0292948708,0.011117164,264.216667,-0.00784458034,-0.00593247637,267.9216,264.272034,8.06435966,3.66132927,1.15681505,0.0593131036
11340.0,176.35645,1,0.23579146,226.5625,8.0007,0.000278854102,1,151.148758,1,15.5731964,8.08929729,167.538628,0.0117549384,0.00399961369,-0.0002168301,1.32231128,-0.0593992099,-0.0449207462,-0.0433189869,-0.0327600539,0,-7.73982143,0,0.0330505632,0.0110821966,264.2125,-0.00770131499,-0.00582413143,267.921448,264.278503,8.08918762,3.63382387,1.02715051,0.0558366776
11400.0,172.729532,1,0.234022021,210.9375,8.00076771,0.000469565915,1,148.989136,1,15.6067781,8.07672977,164.093055,0.0118414722,0.00405280758,-0.000215057968,1.32231128,-0.0584511347,-0.044203762,-0.0427533276,-0.0323322713,0,-7.67656469,0,0.0332997441,0.0112309027,264.208333,-0.00763837295,-0.00577653153,267.921417,264.282867,8.07670212,3.5770545,0.964088023,0.0605797954
11460.0,168.70225,1,0.238629192,210.9375,8.0016489,0.0005011803,1,151.54454,1,15.7767696,8.06976509,160.267137,0.0159170199,0.00397319719,-0.000224166346,1.32231128,-0.0610801391,-0.0461919531,-0.0440333709,-0.0333003066,0,-8.00169086,0,0.045141317,0.0110088028,264.204167,-0.00796188135,-0.00602118531,267.921448,264.246979,8.06971169,3.61574411,1.15373504,0.0587615222
11520.0,176.324857,1,0.239069343,226.5625,8.00064373,0.000346566027,1,151.630798,1,15.4848938,8.06755161,167.508614,0.0129338019,0.00397347286,-0.000225280834,1.32231128,-0.061335139,-0.0463847965,-0.0441550575,-0.0333923325,0,-8.04147243,0,0.0364530347,0.0110091632,264.2,-0.00800146535,-0.00605112081,267.921021,264.282776,8.06734753,3.58212471,1.14485455,0.0564550832
11580.0,179.210746,1,0.241139233,226.5625,8.00106907,0.000318041362,1,153.207245,1,15.1997061,8.06357384,170.250209,0.0110067083,0.00397642143,-0.000228804376,1.32231128,-0.0623157732,-0.0471264012,-0.0450422689,-0.0340632871,0,-8.16724682,0,0.0308998637,0.0110180881,264.195833,-0.00812661368,-0.00614576461,267.921021,264.260315,8.06337547,3.77852964,1.03567767,0.0539864488
11640.0,177.502754,1,0.239513636,226.5625,8.00076866,0.000298582192,1,151.412766,1,14.8201475,8.07598209,168.627616,0.0108581521,0.00398048246,-0.000226865392,1.32231128,-0.0614808202,-0.0464949682,-0.044433713,-0.0336030647,0,-8.09803391,0,0.0304736663,0.0110287853,264.191667,-0.00805774517,-0.00609368272,267.920898,264.245758,8.07590866,3.70974541,0.966816902,0.0564979687
11700.0,173.850983,1,0.238487363,210.9375,8.00091743,0.000385775842,1,150.30661,1,14.8408098,8.05713081,165.158434,0.00979737658,0.00398784224,-0.000225609852,1.32231128,-0.0608697012,-0.0460328087,-0.0441716388,-0.0334048718,0,-8.05321693,0,0.0274380166,0.0110487975,264.1875,-0.00801315159,-0.0060599586,267.920837,264.267426,8.05711079,3.88047051,1.13178861,0.055843316
11760.0,166.72804,1,0.239051312,207.8125,8.00093079,0.000270033779,1,151.08371,1,14.6397972,8.06791782,158.391638,0.00939486455,0.0040056794,-0.000226045435,1.32231128,-0.0609680265,-0.0461071655,-0.044641301,-0.0337600559,0,-8.06876564,0,0.02628964,0.011099292,264.183333,-0.00802862272,-0.00607165881,267.920898,264.264465,8.06775284,3.73760557,1.04939055,0.0552680865
11820.0,172.88292,1,0.239044458,226.5625,8.00106812,0.00033505226,1,150.914322,1,14.5155497,8.0704031,164.238774,0.0106760114,0.00400219485,-0.000226279706,1.32231128,-0.0609309226,-0.0460791066,-0.0446845889,-0.03379279,0,-8.07712746,0,0.0299514644,0.0110894842,264.179167,-0.00803694315,-0.00607795082,267.920441,264.239868,8.07010841,3.66447496,0.883318424,0.053988751
11880.0,178.099784,1,0.23522985,226.5625,8.00115395,0.000322002277,1,147.472412,1,14.8003454,8.05672359,169.194795,0.0114472155,0.00406773109,-0.000220651316,1.32231128,-0.0589387305,-0.0445725098,-0.0433557108,-0.0327878259,0,-7.8762207,0,0.0321652293,0.0112718847,264.175,-0.00783703569,-0.00592677062,267.920319,264.242706,8.056633,3.61310625,1.01224995,0.0578608029
11940.0,177.387734,1,0.233684748,226.5625,8.00112247,0.000334055978,1,146.829285,1,14.5876074,8.04854012,168.518347,0.0117007317,0.00410717679,-0.000217279347,1.32231128,-0.0580778942,-0.0439215004,-0.0429088809,-0.0324499086,0,-7.75585699,0,0.0328945182,0.0113820545,264.170833,-0.0077172704,-0.00583619811,267.920319,264.247101,8.04846382,3.81144905,0.990417361,0.0553693473
12000.0,174.843103,1,0.232153073,226.5625,8.00110435,0.000350105431,1,145.725616,1,14.2789888,8.04971504,166.100948,0.0118920552,0.00412264094,-0.000214648273,1.32231128,-0.0571522862,-0.0432215072,-0.0425730459,-0.0321959332,0,-7.66193962,0,0.033445444,0.0114254151,264.166667,-0.00762382057,-0.00576552656,267.920319,264.231537,8.04969978,3.67987561,1.08231306,0.0542847067
12060.0,181.76966,1,0.231244862,226.5625,8.00095272,0.000326509937,1,144.780945,1,14.1775894,8.0523634,172.681177,0.00964942947,0.00413542707,-0.00021352309,1.32231128,-0.0566925965,-0.0428738669,-0.0422585607,-0.0319581032,0,-7.62177658,0,0.0270156935,0.01146066,264.1625,-0.00758385751,-0.00573530421,267.920288,264.207947,8.05232239,3.79561901,0.977335811,0.0551443771
12120.0,180.380547,1,0.230456993,226.5625,8.00086212,0.000292159966,1,144.723709,1,14.3377256,8.05635166,171.361519,0.0134179192,0.00415788265,-0.000211431645,1.32231128,-0.0559498891,-0.0423121937,-0.0424458906,-0.0320997722,0,-7.54712105,0,0.0378552787,0.0115242265,264.158333,-0.00750957336,-0.00567912683,267.920288,264.226562,8.05633163,3.78320241,1.0116148,0.0517916456
12180.0,183.563055,1,0.228069082,226.5625,8.00060844,0.000275937171,1,142.98407,1,14.2558813,8.06171894,174.384902,0.0121077718,0.00419096975,-0.000207420439,1.32231128,-0.054659497,-0.0413363315,-0.0417507216,-0.0315740481,0,-7.40394068,0,0.0340671241,0.0116165876,264.154167,-0.00736710522,-0.00557138491,267.920288,264.217926,8.06170177,3.83190727,0.974224389,0.051785171
12240.0,183.871258,1,0.234051064,229.6875,8.00059509,0.000379317818,1,147.307114,1,14.6572418,8.06593418,174.677695,0.012346454,0.0040939413,-0.000217594599,1.32231128,-0.0573925674,-0.0434032194,-0.0441936515,-0.0334215201,0,-7.76710987,0,0.0347556733,0.0113456082,264.15,-0.0077284677,-0.00584466616,267.920319,264.22287,8.06591606,3.69191313,0.98369813,0.0580726489
12300.0,183.079667,1,0.237966314,226.5625,8.00095844,0.000302987057,1,149.744537,1,14.9751816,8.05944157,173.925683,0.011562082,0.0040378226,-0.000224975622,1.32231128,-0.0592977069,-0.0448439829,-0.0457248986,-0.0345795266,0,-8.03057766,0,0.0324955806,0.0111887883,264.145833,-0.00799062476,-0.00604292285,267.920319,264.225464,8.059412,3.82567334,1.25320101,0.060915608
12360.0,175.854383,1,0.239679635,226.5625,8.00075054,0.000272187113,1,150.675842,1,15.4357405,8.06998062,167.061664,0.0137510719,0.00401554164,-0.00022844928,1.32231128,-0.0601652376,-0.045500055,-0.0463719554,-0.0350688659,0,-8.15457153,0,0.0388219692,0.011126955,264.141667,-0.00811400171,-0.00613622647,267.920258,264.211914,8.06977844,3.70486617,1.22380567,0.0636336133
12420.0,177.814087,1,0.2412581,207.8125,8.00143528,0.000286233175,1,150.807846,1,15.6300106,8.066576,168.923383,0.0104618287,0.00400545122,-0.000232788632,1.32231128,-0.0613952652,-0.0464302674,-0.0464149676,-0.0351013914,0,-8.30946636,0,0.0293379128,0.0110984351,264.1375,-0.00826812536,-0.00625278288,267.920288,264.200531,8.06655407,3.89296389,1.08878517,0.0652721897
12480.0,178.689298,1,0.239363626,207.8125,8.00113678,0.000279690488,1,149.855545,1,15.6850882,8.05640984,169.754833,0.0131871775,0.00399291841,-0.000228792414,1.32231128,-0.0603417903,-0.0456335731,-0.0458116904,-0.0346451625,0,-8.16681957,0,0.0371865667,0.0110630766,264.133333,-0.008126189,-0.0061454433,267.920288,264.208679,8.05635166,3.69804907,0.989502788,0.0616573766
12540.0,178.630407,1,0.244043127,229.6875,8.00080681,0.000380040874,1,153.060394,1,15.7852812,8.06245422,169.698887,0.0113841733,0.00395474676,-0.000237397922,1.32231128,-0.0628458187,-0.0475272499,-0.0474597886,-0.0358915403,0,-8.47399616,0,0.0319839902,0.0109570678,264.129167,-0.00843183696,-0.00637659011,267.920319,264.192017,8.06242561,3.83149123,1.12647152,0.0607529432
12600.0,173.341084,1,0.245069116,207.8125,8.001194,0.000273770856,1,153.153687,1,15.9290953,8.06495857,164.67403,0.0103897825,0.00394813856,-0.000240258261,1.32231128,-0.0633624196,-0.0479179285,-0.0478768013,-0.0362069085,0,-8.57609749,0,0.0291316546,0.0109388614,264.125,-0.00853343029,-0.00645342004,267.920288,264.190796,8.06494904,3.8789773,1.06383801,0.0567153431
12660.0,167.797878,1,0.245443389,210.9375,8.00168705,0.000435499271,1,153.570312,1,16.0171871,8.10462093,159.407984,0.0124929817,0.00392606854,-0.000240705893,1.32231128,-0.0632906929,-0.0478636883,-0.0483723953,-0.0365816988,0,-8.59207535,0,0.0351787098,0.0108768316,264.120833,-0.00854932889,-0.00646544341,267.920288,264.183319,8.05939293,3.89625835,1.2134819,0.0657678172
12720.0,175.52866,1,0.24720104,210.9375,8.00118637,0.000405737053,1,154.514816,1,16.390728,8.08796692,166.752227,0.0112235518,0.0039278958,-0.000244411,1.32231128,-0.0644493997,-0.0487399623,-0.0487401709,-0.0368598327,0,-8.72432995,0,0.0315224491,0.0108822193,264.116667,-0.0086809257,-0.00656496361,267.920319,264.178314,8.066535,4.09741211,1.12605238,0.0667100549
12780.0,182.698646,1,0.245325223,226.5625,8.0008812,0.00033453881,1,152.619797,1,16.7765579,8.09983635,173.563713,0.0100288121,0.00393681275,-0.000241855378,1.32231128,-0.0631328225,-0.0477442965,-0.048452422,-0.0366422199,0,-8.63310623,0,0.0280991849,0.0109065324,264.1125,-0.00859015528,-0.00649631862,267.920319,264.184357,8.06056595,3.88889742,1.2813735,0.064545393
12840.0,168.983078,1,0.244668961,226.5625,8.00111961,0.000333787873,1,152.633774,1,16.6922951,8.13839626,160.533924,0.012169471,0.00394203141,-0.000239897636,1.32231128,-0.0625692979,-0.0473181307,-0.0484868586,-0.0366682634,0,-8.56322479,0,0.0342450477,0.0109212408,264.108333,-0.00852062181,-0.00644373382,267.920258,264.163239,8.08220959,3.99789143,1.12086654,0.0636034161
12900.0,171.533631,1,0.243505999,226.5625,8.00102615,0.000316573132,1,152.211349,1,16.7836151,8.08180141,162.956949,0.0112833725,0.00395754399,-0.000237149332,1.32231128,-0.0621106885,-0.0469713062,-0.0478525832,-0.0361885913,0,-8.46512318,0,0.0316943154,0.0109645072,264.104167,-0.00842300802,-0.006369913,267.920288,264.172119,8.08146667,4.0784874,1.15730882,0.0645862818
12960.0,177.481353,1,0.24277465,210.9375,8.00086308,0.000310719246,1,151.024307,1,16.8340454,8.06928539,168.607285,0.0117781004,0.00400264375,-0.000236866239,1.32231128,-0.0616230965,-0.0466025658,-0.0477145389,-0.0360841937,0,-8.45501804,0,0.0331172571,0.0110909641,264.1,-0.00841295347,-0.00636230921,267.920319,264.171997,8.05952072,3.93712378,1.12021279,0.0644372851
13020.0,183.023679,1,0.242700249,210.9375,8.00076103,0.000358434423,1,150.633102,1,16.9509602,8.10645676,173.872495,0.0110036163,0.00402695965,-0.000237263099,1.32231128,-0.0615801737,-0.0465701036,-0.0476919562,-0.036067117,0,-8.46918392,0,0.0308909956,0.0111588286,264.095833,-0.00842704903,-0.00637296913,267.920288,264.159485,8.07233906,4.00436163,1.30173016,0.0636943877
13080.0,191.376161,1,0.237033352,210.9375,8.00044441,0.000474315311,1,147.253036,1,16.6792126,8.0908165,181.807353,0.00953613129,0.00407102332,-0.000226101838,1.32231128,-0.0583431087,-0.0441220701,-0.0459962189,-0.0347847119,0,-8.07077885,0,0.0266924631,0.0112808067,264.091667,-0.00803062599,-0.0060731736,267.920288,264.157745,8.0795393,4.12433147,1.1078856,0.0701909885
13140.0,187.389466,1,0.243726894,229.6875,8.00036716,0.000336720783,1,152.206802,1,16.5207939,8.33257103,178.019992,0.0108390022,0.0039780857,-0.000237802422,1.32231128,-0.0620436631,-0.0469206199,-0.048171863,-0.036430046,0,-8.48843575,0,0.0304187406,0.0110224225,264.0875,-0.00844620448,-0.00638745539,267.920258,264.16803,8.16068745,3.91419339,1.02469075,0.062226437
13200.0,177.985577,1,0.243207052,229.6875,8.00062466,0.000379517413,1,151.849945,1,16.6565762,8.21104622,169.086298,0.0113309566,0.00398138631,-0.000236839347,1.32231128,-0.0617359504,-0.0466879085,-0.0480223484,-0.036316976,0,-8.45405769,0,0.0318310522,0.0110312495,264.083333,-0.00841199793,-0.00636158697,267.920013,264.169647,8.17461014,3.98326063,1.1012845,0.0647518635
13260.0,182.805622,1,0.244128853,229.6875,8.00060177,0.000411832327,1,151.606384,1,17.2324448,8.16761208,173.665341,0.010910131,0.00397753622,-0.00023992738,1.32231128,-0.0621992759,-0.0470383018,-0.0483941808,-0.0365981758,0,-8.56428623,0,0.0306227468,0.0110202674,264.079167,-0.00852167793,-0.00644453242,267.91925,264.144623,8.14963722,4.13803673,1.25538254,0.0652610287
13320.0,185.334918,1,0.242303163,226.5625,8.00068474,0.000369563495,1,149.744812,1,16.9707508,8.16693592,176.068172,0.010642156,0.00400765147,-0.000237501008,1.32231128,-0.0612964779,-0.0463555567,-0.0476421714,-0.0360294692,0,-8.47767639,0,0.0298544541,0.0111042578,264.075,-0.00843549892,-0.0063793594,267.918884,264.143951,8.11841202,3.97134018,1.11037517,0.0572060347
13380.0,167.958202,1,0.243560508,226.5625,8.00107098,0.000378311117,1,150.9599,1,16.6285019,8.14782619,159.560292,0.0123237232,0.00400504237,-0.00023927592,1.32231128,-0.0618565753,-0.0467791334,-0.0482377112,-0.0364798456,0,-8.54103184,0,0.0346900634,0.0110975672,264.070833,-0.00849853922,-0.0064270338,267.918579,264.145599,8.08698273,4.02919054,1.05326962,0.0587819815
13440.0,188.09958,1,0.241528437,226.5625,8.00097656,0.000338404265,1,149.161835,1,16.5069733,8.14314175,178.694601,0.0122176511,0.00402239291,-0.000236149543,1.32231128,-0.060900636,-0.0460562035,-0.0473437905,-0.0358038172,0,-8.42943478,0,0.0343840197,0.01114548,264.066667,-0.00838749763,-0.00634305831,267.918579,264.135284,8.07026672,3.95829201,1.33458865,0.066347301
13500.0,189.88449,1,0.246705607,226.5625,8.00090408,0.000354911928,1,152.314209,1,16.7812939,8.28143597,180.390265,0.0115000755,0.00396046368,-0.000246454438,1.32231128,-0.0636267811,-0.0481178537,-0.0492826141,-0.0372700542,0,-8.79727173,0,0.0323172435,0.0109726992,264.0625,-0.0087535046,-0.00661985157,267.918549,264.139221,8.14121056,3.91910028,1.19011128,0.0674749166
13560.0,188.081344,1,0.251736015,210.9375,8.00143433,0.000376361277,1,155.255554,1,16.7934723,8.19139099,178.677277,0.0095191393,0.0038835106,-0.000256879168,1.32231128,-0.0663897023,-0.0502073169,-0.0511293747,-0.0386666693,0,-9.16938591,0,0.0266439859,0.010757843,264.058333,-0.00912376679,-0.00689986302,267.918182,264.126831,8.11989689,3.9893856,1.17757797,0.0705401748
13620.0,184.391069,1,0.2526052,210.9375,8.00101566,0.000420080876,1,158.357407,1,16.9583473,8.18904972,175.171515,0.0120506193,0.00384377292,-0.000254465238,1.32231128,-0.0667680949,-0.0504934788,-0.0515878536,-0.0390133969,0,-9.08321953,0,0.0339023545,0.0106477747,264.054167,-0.00903802924,-0.00683502387,267.917999,264.138,8.11795044,4.00030518,1.2158463,0.0667977333
13680.0,180.430776,1,0.25269112,226.5625,8.00103569,0.000340495462,1,156.695404,1,17.3483982,8.18845654,171.409237,0.0135103287,0.00386731839,-0.000257426786,1.32231128,-0.0663778335,-0.0501983427,-0.0521820188,-0.039462734,0,-9.18893242,0,0.0381232835,0.0107132755,264.05,-0.00914321654,-0.00691457186,267.917969,264.116882,8.07797623,4.15173721,1.15386724,0.065591462
13740.0,189.444329,1,0.250291556,210.9375,8.00105095,0.000400975725,1,155.936768,1,17.3535576,8.17272663,179.972113,0.00998939294,0.00388796884,-0.000251379621,1.32231128,-0.065253526,-0.0493480824,-0.0510294177,-0.0385910794,0,-8.97307682,0,0.0279865209,0.0107706394,264.045833,-0.00892843492,-0.00675214315,267.917236,264.104126,8.09048271,4.07150459,1.13582861,0.064928405
13800.0,190.673915,1,0.247560635,210.9375,8.00136852,0.000336809404,1,152.832367,1,16.9668179,8.26339817,181.140219,0.0101823602,0.00392552279,-0.000248181488,1.32231128,-0.063716419,-0.0481856428,-0.0500761718,-0.0378701836,0,-8.85891914,0,0.0285381768,0.0108746998,264.041667,-0.00881484523,-0.00666624075,267.916382,264.129242,8.11238384,4.14193535,1.112293,0.0666688085
13860.0,189.896937,1,0.244660303,229.6875,8.00081253,0.000392203103,1,150.74971,1,17.0196133,8.2672348,180.40209,0.00899690017,0.0039762049,-0.000242870097,1.32231128,-0.0620635226,-0.0469356366,-0.0491235554,-0.0371497683,0,-8.66932774,0,0.0251561254,0.0110161714,264.0375,-0.00862619653,-0.0065235747,267.916229,264.091644,8.13616467,4.06592464,1.0450598,0.0679794848
13920.0,189.723453,1,0.249802813,229.6875,8.00102615,0.000416524388,1,153.809006,1,17.0655422,8.3445282,180.23728,0.010001502,0.00392961316,-0.000253367063,1.32231128,-0.0646590814,-0.048898533,-0.0512619242,-0.0387669131,0,-9.04402065,0,0.0280211288,0.0108867399,264.033333,-0.00899902545,-0.00680552702,267.916229,264.096069,8.09484959,4.07124329,1.24827671,0.070297271
13980.0,194.499384,1,0.252311736,229.6875,8.0009985,0.000423842983,1,155.679657,1,17.6352692,8.26611042,184.774415,0.0105014434,0.00386795611,-0.00025794105,1.32231128,-0.066504471,-0.0502941124,-0.0516083017,-0.0390288606,0,-9.2072897,0,0.0294513572,0.0107144043,264.029167,-0.00916148257,-0.0069283857,267.916229,264.105103,8.10586739,4.02597427,1.35501182,0.0716359019
14040.0,196.629067,1,0.25210008,229.6875,8.0009346,0.000399133336,1,154.179199,1,17.7998753,8.28751087,186.797613,0.0148445806,0.00390707888,-0.000259796419,1.32231128,-0.066463545,-0.0502631627,-0.0514306352,-0.0388945006,0,-9.27351856,0,0.0420048535,0.0108237695,264.025,-0.00922738202,-0.00697822217,267.91629,264.086212,8.19371796,4.00979853,1.10912561,0.0653341785
14100.0,174.35091,1,0.253802478,229.6875,8.000947,0.000397913071,1,156.308929,1,18.2537861,8.38136387,165.633364,0.0115706045,0.00388529059,-0.000261483161,1.32231128,-0.0676329285,-0.0511475094,-0.0517784804,-0.0391575582,0,-9.33372784,0,0.0325200856,0.010763254,264.020833,-0.00928729121,-0.00702352868,267.91626,264.093658,8.27362347,3.96377611,1.1739943,0.0739701241
14160.0,195.226463,1,0.252504975,229.6875,8.00106621,0.000403547601,1,154.704224,1,17.8747864,8.37353325,185.465139,0.0136864334,0.00391282653,-0.000260164292,1.32231128,-0.0665053204,-0.0502947532,-0.0518173426,-0.039186947,0,-9.28664875,0,0.0386343151,0.0108401757,264.016667,-0.00924044661,-0.00698810257,267.91629,264.080048,8.25964928,4.15627289,1.09614086,0.0729051083
14220.0,173.158161,1,0.256245822,229.6875,8.00076771,0.000432202243,1,157.315643,1,17.8475723,8.36383343,164.500253,0.0114271604,0.00385000324,-0.000267385913,1.32231128,-0.0685303062,-0.051826153,-0.0533128679,-0.0403179415,0,-9.54442692,0,0.0321075656,0.0106647871,264.0125,-0.00949694216,-0.0071820775,267.916229,264.074493,8.28739834,4.0235405,1.43863285,0.0677938536
14280.0,205.910431,1,0.252687484,210.9375,8.00098705,0.000436744827,1,154.038986,1,18.059145,8.51362133,195.61491,0.01003238,0.00391884055,-0.000261854759,1.32231128,-0.066433847,-0.0502407029,-0.0521067306,-0.0394057967,0,-9.34699154,0,0.0281093791,0.0108568547,264.008333,-0.00930048898,-0.00703350967,267.91626,264.083618,8.35527802,4.08449888,1.05295801,0.0693873912
14340.0,199.4896,1,0.254046947,210.9375,8.00163364,0.000458998547,1,154.545242,1,18.5086956,8.43234444,189.51512,0.0118757254,0.00389784947,-0.000265232229,1.32231128,-0.0670505613,-0.0507070944,-0.0527962148,-0.0399272218,0,-9.46755123,0,0.0333984084,0.0107978862,264.004167,-0.00942044891,-0.00712422933,267.916138,264.084503,8.28492546,4.18351078,1.06977606,0.0697112903
14400.0,201.763203,1,0.25050649,229.6875,8.00120163,0.000445929763,1,151.914307,1,18.3931313,8.40812874,191.675043,0.0147123309,0.00395627785,-0.000258701068,1.32231128,-0.0650117248,-0.0491652191,-0.0515664518,-0.0389972106,0,-9.23441887,0,0.0416191109,0.0109608695,264,-0.00918847695,-0.00694880029,267.916107,264.078674,8.27349663,4.27434587,1.13581944,0.0690490678
14460.0,206.435139,1,0.250567079,229.6875,8.00109863,0.000435415219,1,152.724396,1,18.6194267,8.43558598,196.113382,0.0160410404,0.00398495095,-0.00025751561,1.32231128,-0.0655055046,-0.0495386422,-0.0510031059,-0.0385711789,0,-9.19210339,0,0.0455049872,0.0110418377,263.995833,-0.00914637186,-0.00691695837,267.915802,264.069519,8.26149368,4.30195045,1.24159527,0.0674019977
14520.0,206.011083,1,0.25394702,226.5625,8.0009985,0.00046961059,1,153.877304,1,19.3199806,8.44579411,195.710529,0.0108718537,0.00394230615,-0.000266069314,1.32231128,-0.067538321,-0.0510759614,-0.0520609207,-0.0393711552,0,-9.49743176,0,0.0305129625,0.0109219514,263.991667,-0.00945018046,-0.00714671379,267.915802,264.072052,8.36017418,4.35466242,1.12026167,0.0694975257
14580.0,208.17299,1,0.254223317,229.6875,8.00106621,0.000430295622,1,154.835251,1,19.2769127,8.4826107,197.764341,0.0100003798,0.00395329716,-0.000265287177,1.32231128,-0.0677071586,-0.0512036458,-0.0521459952,-0.039435491,0,-9.46951294,0,0.0280179307,0.010953662,263.9875,-0.00942240097,-0.00712570548,267.915802,264.063446,8.35902786,4.2789793,1.32411695,0.0677430183
14640.0,207.356218,1,0.253491014,229.6875,8.00082302,0.000461058458,1,153.703598,1,18.6768589,8.51607609,196.988407,0.0123384278,0.00390911289,-0.00026493764,1.32231128,-0.066887185,-0.0505835377,-0.0524001792,-0.0396277197,0,-9.45703506,0,0.034732502,0.0108291227,263.983333,-0.00940998551,-0.00711631635,267.915863,264.054291,8.4080677,4.2049818,1.04028475,0.0669208169
14700.0,202.841367,1,0.255581111,229.6875,8.00096989,0.000448730541,1,155.288025,1,18.6519394,8.51691246,192.699299,0.0138404369,0.00389659265,-0.000268774689,1.32231128,-0.067985557,-0.0514141843,-0.0532795675,-0.0402927585,0,-9.59399986,0,0.0390815213,0.0107946731,263.979167,-0.00954626873,-0.0072193807,267.915802,264.047913,8.47872353,4.18694878,1.40816295,0.0630045682
14760.0,204.06569,1,0.253721535,229.6875,8.00103283,0.000488705991,1,154.208969,1,19.1838951,8.50540352,193.862405,0.0110922633,0.00392722711,-0.000264790433,1.32231128,-0.0671111792,-0.0507529341,-0.0523647144,-0.0396008976,0,-9.45178223,0,0.0311454255,0.0108802142,263.975,-0.00940475799,-0.00711236289,267.915802,264.040131,8.47803307,4.23087549,1.0615809,0.0654823035
14820.0,201.361463,1,0.249541283,229.6875,8.00106621,0.000431086315,1,152.117493,1,19.5749226,8.52805138,191.293389,0.0105679035,0.00395584479,-0.00025538067,1.32231128,-0.064823322,-0.0490227416,-0.0507745109,-0.0383983031,0,-9.11589622,0,0.0296416953,0.0109596411,263.970833,-0.00907054357,-0.00685961312,267.915833,264.045074,8.38295937,4.15210819,1.1265502,0.0671951473
14880.0,210.673106,1,0.247012898,229.6875,8.00092697,0.000390276487,1,149.658371,1,19.5673733,8.50228691,200.139451,0.0108255576,0.00397548173,-0.000251766498,1.32231128,-0.0633049905,-0.0478744991,-0.0500195324,-0.0378273502,0,-8.98688698,0,0.0303801838,0.0110137891,263.966667,-0.00894217566,-0.00676253438,267.915802,264.042877,8.46698189,4.19292355,1.02660108,0.0636246055
14940.0,178.829994,1,0.249667913,229.6875,8.00091934,0.000395151525,1,151.005402,1,19.6827831,8.49175739,169.888494,0.00972699188,0.0039758319,-0.000257653301,1.32231128,-0.0646210089,-0.0488697402,-0.0511665083,-0.0386947542,0,-9.19701862,0,0.0272370744,0.011015052,263.9625,-0.00915126223,-0.00692065665,267.915558,264.040253,8.43533802,4.15999889,1.17694545,0.0686700344
15000.0,186.625203,1,0.249952316,189.0625,8.012887,0.124137692,1,152.149246,1,19.5063648,8.53822422,177.293943,0.011967645,0.00396193843,-0.000256591156,1.32231128,-0.0645063743,-0.048783049,-0.0516122431,-0.0390318409,0,-9.1591053,0,0.0336632356,0.0109765604,263.958333,-0.00911353715,-0.00689212698,267.915131,264.037354,8.51436806,4.13012981,1.13008738,0.0688748956
15060.0,183.51162,1,0.253040791,185.9375,8.02665997,0.141371921,1,154.327484,1,19.6223755,8.53018284,174.336039,0.0128055839,0.0039157914,-0.000262463116,1.32231128,-0.0666206181,-0.0503819473,-0.0522514693,-0.0395152569,0,-9.3687067,0,0.0360821225,0.0108479485,263.954167,-0.00932209659,-0.00704985019,267.914825,264.02774,8.49917603,4.11206436,1.11515987,0.0666342378
15120.0,201.259099,1,0.254122257,185.9375,8.02830124,0.14078036,1,154.730789,1,19.9316139,8.53032303,191.196144,0.0121717444,0.00393119687,-0.000265149865,1.32231128,-0.0667781308,-0.0505010672,-0.0532216132,-0.0402489305,0,-9.46461105,0,0.0342516117,0.0108914375,263.95,-0.00941752363,-0.00712201698,267.914642,264.03067,8.50948906,4.14413118,1.19594312,0.0632091686
15180.0,196.515479,1,0.255534112,185.9375,8.03041267,0.141207129,1,155.158737,1,19.7609882,8.50930691,186.689705,0.0105750095,0.00386850862,-0.000268850243,1.32231128,-0.0676120222,-0.0511316992,-0.053701736,-0.0406120233,0,-9.59669781,0,0.0296620727,0.0107156634,263.945833,-0.0095489528,-0.00722141052,267.914093,264.000641,8.47971535,4.1659956,1.36300945,0.0697939545
15240.0,186.997355,1,0.257095456,185.9375,8.04008579,0.143187433,1,155.722366,1,19.638834,8.49746037,177.647488,0.0100639081,0.0038696581,-0.000272817473,1.32231128,-0.0684204698,-0.0517430902,-0.0543855578,-0.0411291644,0,-9.73830795,0,0.0281994995,0.01071925,263.941667,-0.00968985911,-0.00732797151,267.913788,264.019745,8.46199036,4.26780415,1.30914021,0.0727125108
15300.0,181.713227,1,0.253993839,182.8125,8.04171753,0.161032364,1,153.605194,1,19.8447952,8.50782871,172.627565,0.0107285772,0.00391374156,-0.00026668809,1.32231128,-0.0668023676,-0.0505193956,-0.053052552,-0.0401210748,0,-9.51951885,0,0.0301021375,0.0108422637,263.9375,-0.00947215781,-0.00716333417,267.913513,264.026398,8.33934975,4.24202442,1.39315343,0.0775330439
15360.0,182.580772,1,0.254993051,185.9375,8.04333591,0.143640548,1,154.357803,1,19.7811699,8.50201035,173.451733,0.00994245801,0.00388796325,-0.000268532254,1.32231128,-0.0670551807,-0.050710585,-0.0538138077,-0.0406967774,0,-9.58534622,0,0.027852403,0.010770007,263.933333,-0.00953765772,-0.00721286889,267.913361,264.021942,8.33188629,4.14619541,1.08213496,0.0755140185
15420.0,201.629273,1,0.254097342,179.6875,8.04666519,0.180877328,1,152.605179,1,20.1098957,8.46373081,191.54781,0.0100105843,0.00394270197,-0.000268763979,1.32231128,-0.0668810233,-0.0505788811,-0.0530653074,-0.0401307233,0,-9.59361839,0,0.0280470867,0.0109229274,263.929167,-0.00954588875,-0.00721909339,267.913086,263.985901,8.32863426,4.34808636,1.17995369,0.0756514892
15480.0,189.28149,1,0.259699345,179.6875,8.06097317,0.182138771,1,155.787918,1,20.3381023,8.53194427,179.817415,0.0111167617,0.00389699708,-0.000281072804,1.32231128,-0.0699227899,-0.0528792217,-0.0553549081,-0.0418622382,0,-10.0329857,0,0.0312157683,0.0107959844,263.925,-0.00998307019,-0.00754971243,267.912933,264.002502,8.3294735,4.18987322,1.17348003,0.0763380378
15540.0,182.212738,1,0.256585538,182.8125,8.07540417,0.165387094,1,152.776886,1,20.4612274,8.55688095,173.102101,0.0120992279,0.00391360139,-0.00027642597,1.32231128,-0.0678686351,-0.0513257645,-0.0545212924,-0.0412318148,0,-9.86711597,0,0.0340425037,0.0108416099,263.920833,-0.00981802586,-0.00742489751,267.912842,263.965485,8.428936,4.24255276,1.16827059,0.0816957951
15600.0,196.930755,1,0.261395961,182.8125,8.08552265,0.16710864,1,156.689423,1,20.112772,8.54700756,187.084217,0.0102211507,0.00386496959,-0.000284968555,1.32231128,-0.0706688613,-0.0534434393,-0.0562952757,-0.0425733924,0,-10.1720457,0,0.0286491215,0.0107062366,263.916667,-0.0101214387,-0.00765435398,267.912842,263.990814,8.38249302,4.21786308,1.16043735,0.0733877197
15660.0,185.852523,1,0.265087426,182.8125,8.0923996,0.167461008,1,158.585373,1,19.6906681,8.59417248,176.559897,0.0107709169,0.0038145266,-0.000293659657,1.32231128,-0.0730714202,-0.0552603789,-0.0574003533,-0.0434091091,0,-10.482276,0,0.0302235,0.0105654895,263.9125,-0.0104301255,-0.00788779929,267.912537,263.972473,8.41462708,4.24992323,1.24768829,0.075842157
15720.0,193.238216,1,0.262112498,179.6875,8.09724903,0.185170993,1,156.675797,1,19.081337,8.6677103,183.576305,0.0139679639,0.00386337936,-0.000287343428,1.32231128,-0.0716314465,-0.0541713946,-0.0558754057,-0.0422558635,0,-10.2568178,0,0.0394520722,0.0107018827,263.908333,-0.0102057885,-0.00771814352,267.912384,263.982574,8.47636986,4.30276203,1.3019805,0.075621739
15780.0,183.081094,1,0.261184424,176.5625,8.103899,0.203122348,1,156.332901,1,19.3817616,8.67836189,173.92704,0.0113319261,0.00386688369,-0.000284925569,1.32231128,-0.0710726753,-0.0537488237,-0.0555475242,-0.0420079045,0,-10.1705112,0,0.0318338349,0.0107114892,263.904167,-0.0101199113,-0.00765319914,267.912354,263.96701,8.51667309,4.19865417,1.17326796,0.070559442
15840.0,182.447534,1,0.262016475,176.5625,8.10810375,0.205749631,1,155.657898,1,19.4951305,8.5820837,173.325158,0.00969038345,0.00387565279,-0.000288904703,1.32231128,-0.0716630816,-0.0541953184,-0.0557264499,-0.0421432145,0,-10.3125477,0,0.0271325763,0.010735603,263.9,-0.0102612413,-0.00776008004,267.912109,263.982819,8.38425636,4.29529572,1.15354514,0.0686841458
15900.0,191.052188,1,0.262247205,185.9375,8.11233521,0.152663097,1,155.406403,1,19.5921383,8.6452322,181.499579,0.0141508998,0.00387184904,-0.000290137395,1.32231128,-0.0712715462,-0.0538992211,-0.0564842112,-0.0427162759,0,-10.3565493,0,0.0399839878,0.0107253529,263.895833,-0.0103050238,-0.00779319042,267.912079,263.979309,8.39068031,4.35351372,1.3137114,0.0808211714
15960.0,192.407389,1,0.266103178,182.8125,8.12615204,0.172981381,1,160.028564,1,19.2092781,8.5574522,182.78702,0.011243212,0.00378014985,-0.000294369383,1.32231128,-0.0741303042,-0.0560611598,-0.0572016947,-0.0432588719,0,-10.5076113,0,0.0315789282,0.0104691926,263.891667,-0.0104553346,-0.00790686347,267.911926,263.964172,8.43126202,4.21046734,1.45281339,0.0760589689
16020.0,196.036135,1,0.26233682,179.6875,8.13795757,0.19116129,1,157.439255,1,19.2065468,8.58562279,186.234328,0.0105424486,0.00383941969,-0.000286684866,1.32231128,-0.0720832646,-0.0545130819,-0.0555465221,-0.0420071445,0,-10.2333097,0,0.0295688044,0.0106347129,263.8875,-0.0101823974,-0.00770045398,267.911835,263.96936,8.41550255,4.24030447,1.25942326,0.0695992708
16080.0,196.220351,1,0.257198185,173.4375,8.14194965,0.224324569,1,153.520447,1,19.1767712,8.60842514,186.409333,0.010298606,0.00391474226,-0.000277062296,1.32231128,-0.0692547411,-0.052374009,-0.0534335747,-0.040409226,0,-9.88982964,0,0.028870726,0.0108446982,263.883333,-0.00984062627,-0.00744198915,267.911774,263.968231,8.43404579,4.38446999,1.20854008,0.0740298629
16140.0,188.923166,1,0.258248061,176.5625,8.15496731,0.208641961,1,153.045837,1,19.2362232,8.65895844,179.477007,0.00962022319,0.00391530897,-0.000281338842,1.32231128,-0.06978558,-0.0527754538,-0.0539169535,-0.0407747813,0,-10.0424824,0,0.0269323625,0.0108461436,263.879167,-0.00999251939,-0.00755685847,267.911774,263.961426,8.47550583,4.26909161,1.26102114,0.0791511908
16200.0,189.348911,1,0.262235373,173.4375,8.16170979,0.224431187,1,155.764145,1,19.6751938,8.83227634,179.881466,0.0110016689,0.00385911739,-0.000289431831,1.32231128,-0.0719828159,-0.0544371195,-0.0555615313,-0.0420184955,0,-10.3313646,0,0.0308853928,0.0106897261,263.875,-0.0102799647,-0.00777423941,267.911774,263.945587,8.71126175,4.31404591,1.44293261,0.0781747103
16260.0,181.273828,1,0.264992505,173.4375,8.17605495,0.225881606,1,158.222488,1,19.8219662,8.61852741,172.210137,0.0105866008,0.0038298904,-0.000294017082,1.32231128,-0.0733703077,-0.0554864109,-0.0569093563,-0.0430377908,0,-10.4950352,0,0.0296952743,0.0106087271,263.870833,-0.0104428213,-0.0078974003,267.911774,263.952271,8.4484787,4.31327343,1.29690838,0.0796042979
16320.0,163.743634,1,0.262870461,173.4375,8.18786335,0.225721151,1,157.082886,1,19.6270103,8.56670475,155.556453,0.00926299393,0.00383533491,-0.000289092277,1.32231128,-0.0720552802,-0.0544919185,-0.0561875291,-0.0424919091,0,-10.3192434,0,0.0259138271,0.0106232604,263.866667,-0.010267904,-0.0077651185,267.911774,263.953217,8.39990044,4.33663559,1.27455711,0.0791175663
16380.0,176.708386,1,0.266156375,173.4375,8.20451355,0.226290986,1,159.739166,1,19.9209881,8.57953358,167.872967,0.010385287,0.00379846827,-0.000295079633,1.32231128,-0.07349094,-0.0555776395,-0.0580812469,-0.0439240336,0,-10.5329628,0,0.0291187987,0.0105208214,263.8625,-0.0104805604,-0.00792594068,267.911774,263.935211,8.3782177,4.27578831,1.09315801,0.0708762929
16440.0,178.104771,1,0.263320982,173.4375,8.21830082,0.226911858,1,158.048874,1,20.0154819,8.63932228,169.199533,0.0140587641,0.00383113301,-0.000288805197,1.32231128,-0.0721599162,-0.0545710512,-0.0565626174,-0.0427755676,0,-10.3089962,0,0.0397160389,0.0106119858,263.858333,-0.0102577079,-0.00775740761,267.911774,263.932709,8.35725021,4.39715862,1.2713182,0.0783516616
16500.0,165.443953,1,0.264880806,173.4375,8.22584152,0.227196693,1,157.514893,1,20.0866814,8.70400715,157.171756,0.0108825713,0.00383157819,-0.000294964557,1.32231128,-0.0733523518,-0.0554728322,-0.0568047464,-0.0429586805,0,-10.5288563,0,0.0305436961,0.0106128799,263.854167,-0.0104764737,-0.00792284962,267.911774,263.880615,8.43005562,4.53194904,1.17602444,0.0792433619
16560.0,178.454593,1,0.263319045,173.4375,8.23291969,0.227649987,1,157.200302,1,19.5603695,8.65644932,169.531863,0.0136426864,0.00386089412,-0.000290357741,1.32231128,-0.0722145289,-0.0546123534,-0.0564906895,-0.0427211747,0,-10.3644152,0,0.03850732,0.0106954426,263.85,-0.0103128506,-0.00779910944,267.911774,263.929169,8.37974548,4.42837286,1.1265409,0.0713717639
16620.0,177.383552,1,0.266732007,173.4375,8.24020195,0.227814406,1,159.344437,1,19.5620594,8.64081478,168.514374,0.0134168575,0.00378788169,-0.000297734077,1.32231128,-0.0742470995,-0.0561494865,-0.0577743202,-0.043691922,0,-10.6277142,0,0.0378522128,0.0104912603,263.845833,-0.01057484,-0.00799723994,267.911774,263.89035,8.44199944,4.37182426,1.29157877,0.074321419
16680.0,175.568783,1,0.264189482,176.5625,8.25151062,0.212467045,1,156.131805,1,20.0023994,8.62939453,166.790344,0.0111176912,0.0038414083,-0.000295253616,1.32231128,-0.0727128685,-0.0549892224,-0.0568390712,-0.0429846384,0,-10.5391741,0,0.0312184338,0.010640352,263.841667,-0.0104867406,-0.00793061405,267.911774,263.916687,8.47929764,4.34592724,1.28033733,0.073054865
16740.0,167.265734,1,0.264815062,176.5625,8.26863956,0.212437481,1,156.863449,1,20.4720974,8.69474125,158.902447,0.009902291,0.00382252736,-0.000295969046,1.32231128,-0.0726328343,-0.0549286976,-0.057647869,-0.0435962938,0,-10.5647116,0,0.0277376585,0.0105873821,263.8375,-0.0105121508,-0.00794983096,267.911774,263.906464,8.38969994,4.40797615,1.14919734,0.076857999
16800.0,172.292988,1,0.263154984,173.4375,8.28160095,0.227667272,1,155.606018,1,20.9338303,8.69797421,163.678339,0.00962946657,0.00385462679,-0.000292784738,1.32231128,-0.0720077604,-0.0544559844,-0.0565693378,-0.0427806526,0,-10.451046,0,0.0269587431,0.0106769204,263.833333,-0.010399051,-0.00786429923,267.911499,263.920074,8.41424179,4.39273167,1.28719783,0.0931514874
16860.0,175.908091,1,0.262076139,173.4375,8.29461479,0.227586776,1,154.264786,1,20.7635384,8.68343258,167.112687,0.0106749423,0.00388589734,-0.000291712902,1.32231128,-0.0714697465,-0.0540491082,-0.056041237,-0.0423812754,0,-10.4127874,0,0.0299484003,0.0107639357,263.829167,-0.0103609823,-0.00783550926,267.911407,263.894989,8.43926716,4.40637493,1.265535,0.0804776251
16920.0,178.98153,1,0.260378361,173.4375,8.30458164,0.227986112,1,152.83696,1,21.0270901,8.71867847,170.032454,0.0113425627,0.00395925343,-0.000288752839,1.32231128,-0.0705492422,-0.0533529744,-0.055314336,-0.041831553,0,-10.307126,0,0.0318644084,0.0109696435,263.825,-0.0102558471,-0.00775600085,267.911407,263.906738,8.42135811,4.50657082,1.17322159,0.0812374502
16980.0,174.266129,1,0.259005517,173.4375,8.315979,0.228401303,1,150.767334,1,20.9304466,8.71537876,165.552823,0.00986037496,0.0040061865,-0.000288110983,1.32231128,-0.0695912614,-0.0526285022,-0.0550069697,-0.0415991098,0,-10.2842159,0,0.0276179314,0.0111004636,263.820833,-0.0102330502,-0.00773876021,267.911346,263.904877,8.48386955,4.40821457,1.30505121,0.0776604936
17040.0,175.670809,1,0.259132236,173.4375,8.32922935,0.228630573,1,150.632126,1,20.5844994,8.81477451,166.887268,0.00974767655,0.00398639869,-0.000288793031,1.32231128,-0.0698225126,-0.052803386,-0.0548537634,-0.0414832458,0,-10.3085623,0,0.0272961147,0.0110448003,263.816667,-0.0102572758,-0.00775708118,267.911346,263.903137,8.49053383,4.37223625,1.56119692,0.0751888007
17100.0,186.24128,1,0.259701967,176.5625,8.33780003,0.213361323,1,150.798981,1,20.3944302,8.95707226,176.929216,0.0101417722,0.00396257546,-0.000290380442,1.32231128,-0.0701561123,-0.0530556701,-0.0550618172,-0.0416405872,0,-10.3652248,0,0.0284221098,0.0109779779,263.8125,-0.0103136562,-0.00779971899,267.911377,263.892456,8.63014603,4.39818954,1.33113158,0.071469225
17160.0,178.857166,1,0.264286339,176.5625,8.34729958,0.214498997,1,154.352325,1,20.3653412,8.87827778,169.914308,0.0115529867,0.00389537262,-0.000298986124,1.32231128,-0.0727267116,-0.0549996905,-0.0569312125,-0.0430543199,0,-10.6724062,0,0.0324694104,0.0107909339,263.808333,-0.0106193097,-0.00803087,267.911346,263.873932,8.54579449,4.57620573,1.29881275,0.0747297704
17220.0,178.426818,1,0.263562799,176.5625,8.3562355,0.214786798,1,154.447311,1,19.9718189,8.80041599,169.505477,0.0105312848,0.00390356244,-0.000296354818,1.32231128,-0.0721017271,-0.0545270443,-0.0569091365,-0.0430376232,0,-10.5784817,0,0.0295368191,0.010813836,263.804167,-0.0105258524,-0.00796019286,267.911346,263.884766,8.5754509,4.3263979,1.08405733,0.0772509351
17280.0,178.383382,1,0.267209321,176.5625,8.35940647,0.215179831,1,157.403595,1,20.680706,8.81891155,169.464213,0.0116252704,0.0038482938,-0.000303026172,1.32231128,-0.0739980191,-0.0559611209,-0.0586371794,-0.0443444587,0,-10.816618,0,0.0326773636,0.0106602283,263.8,-0.0107628042,-0.0081393877,267.911346,263.883453,8.58646965,4.39791679,1.25516844,0.0766717717
17340.0,184.093436,1,0.27237469,176.5625,8.36906338,0.215228185,1,159.000565,1,21.019413,8.76193237,174.888764,0.011596309,0.0037947828,-0.000317717844,1.32231128,-0.0771964788,-0.0583799593,-0.0605328903,-0.0457780957,0,-11.3410416,0,0.0325940475,0.0105104037,263.795833,-0.0112846186,-0.0085340105,267.911346,263.881439,8.51581192,4.39521933,1.30117047,0.0813132077
17400.0,185.90526,1,0.272856593,176.5625,8.37783051,0.214919135,1,160.662903,1,21.0387936,8.80683327,176.609997,0.00942871161,0.00374388858,-0.000316102349,1.32231128,-0.0779797733,-0.0589723252,-0.0600913763,-0.045444198,0,-11.2833757,0,0.0263861343,0.0103680314,263.791667,-0.0112272399,-0.00849061832,267.911346,263.884888,8.52273655,4.29772186,1.48635387,0.0833127052
17460.0,179.75181,1,0.272688031,176.5625,8.39027309,0.214860931,1,161.954788,1,21.144228,8.78291893,170.764219,0.0104671726,0.00374754937,-0.000313000084,1.32231128,-0.0779755563,-0.0589691363,-0.0598974451,-0.045297537,0,-11.1726398,0,0.0293532293,0.0103787296,263.7875,-0.0111170541,-0.00840729009,267.911316,263.827881,8.56650734,4.37043715,1.51530766,0.0795898438
17520.0,195.188384,1,0.272701919,176.5625,8.39991379,0.215138108,1,162.734512,1,20.9193249,8.79051018,185.428965,0.0103457123,0.00374839362,-0.000311547978,1.32231128,-0.0781371295,-0.0590913296,-0.0597029924,-0.0451504812,0,-11.1208067,0,0.0290055145,0.0103812944,263.783333,-0.0110654794,-0.0083682863,267.910919,263.866577,8.6010952,4.39307117,1.23051047,0.0819843858
17580.0,189.250294,1,0.269426644,173.4375,8.40101433,0.232007325,1,159.316177,1,20.9859085,8.84668732,179.787779,0.0104749966,0.00378179224,-0.000306903472,1.32231128,-0.0759867132,-0.0574650727,-0.0586482994,-0.0443528704,0,-10.95502,0,0.0293756314,0.0104738958,263.779167,-0.010900517,-0.00824353285,267.910767,263.873505,8.53521538,4.40681458,1.11207604,0.0773744285
17640.0,169.650252,1,0.270547837,173.4375,8.41402912,0.231197476,1,159.560822,1,20.8960228,8.91064358,161.167739,0.00986319501,0.00380235375,-0.000310274423,1.32231128,-0.07702066,-0.0582469963,-0.0586152598,-0.0443278812,0,-11.075346,0,0.027625978,0.0105318632,263.775,-0.011020245,-0.00833407789,267.910645,263.85965,8.58295441,4.31983376,1.170591,0.0710684881
17700.0,177.729126,1,0.266675144,176.5625,8.42372417,0.214800417,1,156.994156,1,20.5470695,9.0818615,168.84267,0.0111853015,0.00385373831,-0.00030199805,1.32231128,-0.0746345222,-0.0564424768,-0.057207033,-0.0432629101,0,-10.7799196,0,0.0314125866,0.0106749525,263.770833,-0.010726288,-0.00811177213,267.910645,263.858154,8.8068943,4.38611221,1.09506249,0.0740463734
17760.0,193.293931,1,0.260380775,173.4375,8.43535328,0.230783075,1,151.693542,1,20.4470024,8.9052124,183.629234,0.0113235367,0.00395900151,-0.00029093746,1.32231128,-0.0706376731,-0.0534198508,-0.0552040637,-0.0417481624,0,-10.3851061,0,0.0318097286,0.0109680993,263.766667,-0.0103334393,-0.00781468023,267.910645,263.865509,8.70902061,4.46610832,1.25257432,0.0690765381
17820.0,165.853722,1,0.262555748,170.3125,8.45246887,0.247503042,1,153.153091,1,20.4216557,8.89333725,157.561036,0.0125250258,0.00392622594,-0.000295446516,1.32231128,-0.0720257461,-0.0544695854,-0.0558693595,-0.0422512926,0,-10.5460596,0,0.0352712646,0.0108769666,263.7625,-0.0104935914,-0.007935795,267.910675,263.821533,8.71833038,4.43481255,1.23674428,0.0747791529
17880.0,167.988305,1,0.260719687,173.4375,8.4649229,0.229615912,1,152.202423,1,20.0977707,8.87137032,159.588889,0.00975345541,0.00395655772,-0.000291098462,1.32231128,-0.0710570961,-0.0537370406,-0.0550452992,-0.0416280963,0,-10.3908548,0,0.027312614,0.0109613268,263.758333,-0.0103391586,-0.00781900529,267.910675,263.841949,8.66006565,4.57394695,1.11563957,0.0677858591
17940.0,200.446749,1,0.258663863,173.4375,8.48147106,0.228340596,1,151.157761,1,19.8057442,8.85289001,190.424412,0.0102421222,0.00396295404,-0.000286231108,1.32231128,-0.0699081495,-0.0528681502,-0.0542229041,-0.0410061553,0,-10.2171135,0,0.028709121,0.0109791961,263.754167,-0.0101662818,-0.00768826669,267.910522,263.849304,8.63802528,4.45191336,1.21471763,0.0644530207
18000.0,201.440339,1,0.263130844,173.4375,8.48227978,0.228382409,1,153.616409,1,20.4828415,8.97198677,191.368322,0.00935593806,0.00392938079,-0.000296495215,1.32231128,-0.0726858452,-0.0549687855,-0.0556677431,-0.0420988202,0,-10.5834932,0,0.0261786915,0.0108858086,263.75,-0.0105308387,-0.00796396378,267.910339,263.840332,8.77684975,4.54791832,1.13170052,0.0707253963
18060.0,191.598588,1,0.265534252,173.4375,8.48365784,0.229672685,1,155.484055,1,20.851862,9.07583427,182.018659,0.0103574498,0.0038850666,-0.000301034102,1.32231128,-0.0740736723,-0.0560183302,-0.0566188134,-0.0428180657,0,-10.7455111,0,0.0290391073,0.0107623925,263.745833,-0.0106920507,-0.00808588043,267.9104,263.807404,8.74645424,4.40105486,1.10873508,0.072679691
18120.0,187.670802,1,0.266476661,173.4375,8.50087547,0.229873434,1,156.426239,1,22.0575714,9.00496864,178.287262,0.0106235873,0.00386456214,-0.000302418193,1.32231128,-0.0743861347,-0.0562546328,-0.0573006347,-0.0433336943,0,-10.7949152,0,0.0298012309,0.0107052997,263.741667,-0.0107412096,-0.00812305696,267.910339,263.815033,8.76721478,4.36923456,1.38992703,0.0807516947
18180.0,198.972947,1,0.275592148,173.4375,8.5038662,0.229410201,1,161.84729,1,23.4603539,8.8897047,189.0243,0.0150027527,0.0037660934,-0.000323321845,1.32231128,-0.0797933191,-0.0603438243,-0.0609868281,-0.0461213849,0,-11.5410795,0,0.0424665101,0.0104310866,263.7375,-0.0114836609,-0.00868453644,267.910339,263.786713,8.69529533,4.52678776,1.55904853,0.0901235789
18240.0,190.243255,1,0.277756542,173.4375,8.50474644,0.228314698,1,164.705307,1,23.8950272,8.97994041,180.731092,0.0101837479,0.00369121996,-0.000325255969,1.32231128,-0.0808409303,-0.0611360818,-0.0622231327,-0.0470563434,0,-11.6101179,0,0.0285421424,0.0102218017,263.733333,-0.0115523562,-0.00873648748,267.910339,263.795135,8.78717327,4.53284645,1.38263905,0.09361846
18300.0,184.150153,1,0.277774751,170.3125,8.51808739,0.244640082,1,163.355713,1,23.6944504,9.04934216,174.942646,0.0102657499,0.00367360329,-0.000328007649,1.32231128,-0.0817217231,-0.0618021823,-0.0610841028,-0.0461949483,0,-11.7083397,0,0.0287767202,0.0101724118,263.729167,-0.0116500892,-0.00881039817,267.909973,263.812592,8.81709099,4.48194408,1.68293214,0.10038618
18360.0,185.678224,1,0.27601409,173.4375,8.53211594,0.230418488,1,160.063385,1,23.2141247,9.04729462,176.394312,0.0146403676,0.00375202694,-0.000328429218,1.32231128,-0.0806188434,-0.0609681271,-0.0604059771,-0.0456821173,0,-11.7233887,0,0.0414092951,0.0103909802,263.725,-0.011665063,-0.00882172212,267.909668,263.777283,8.86125565,4.80966663,1.2131685,0.0908095986
18420.0,188.264502,1,0.278395385,173.4375,8.53775406,0.230787143,1,160.622772,1,22.8398895,9.01471043,178.851277,0.0106127365,0.00373590272,-0.000335829594,1.32231128,-0.0822597295,-0.0622090511,-0.0611260235,-0.0462266505,0,-11.9875469,0,0.0297701564,0.010345798,263.720833,-0.0119279074,-0.00902049895,267.909058,263.804871,8.79377365,4.66105175,1.4633255,0.0962709934
18480.0,195.850071,1,0.276214868,173.4375,8.54937458,0.229902118,1,160.138123,1,22.3640041,9.1631937,186.057567,0.0108908638,0.00378169981,-0.000328992814,1.32231128,-0.0805799961,-0.0609387495,-0.0607017875,-0.045905821,0,-11.7435064,0,0.0305674933,0.0104742302,263.716667,-0.0116850808,-0.00883686077,267.90863,263.811554,8.90459061,4.36419392,1.38306379,0.0786651745
18540.0,199.068945,1,0.272341698,173.4375,8.55965519,0.228558362,1,156.564774,1,22.5854092,9.03044319,189.115498,0.0103937509,0.00383430719,-0.00032254355,1.32231128,-0.0781116635,-0.0590720698,-0.0593079999,-0.0448517688,0,-11.5132971,0,0.0291430112,0.0106204739,263.7125,-0.0114560174,-0.00866363104,267.90863,263.802338,8.77908707,4.53812122,1.30569172,0.0841521695
18600.0,192.596239,1,0.269063622,173.4375,8.56531334,0.228321671,1,155.543304,1,22.7028961,9.06760025,182.966427,0.0123814382,0.00387197244,-0.000313078781,1.32231128,-0.0759668052,-0.0574500151,-0.0582502559,-0.0440518484,0,-11.1754494,0,0.0348566584,0.0107254703,263.708333,-0.01111985,-0.0084094042,267.908325,263.790161,8.82025242,4.48827124,1.34090614,0.0800908655
18660.0,190.638577,1,0.271225721,176.5625,8.57076073,0.216918588,1,157.703278,1,23.329834,9.16031075,181.106648,0.010478056,0.00383021333,-0.000316294667,1.32231128,-0.0775361657,-0.0586368479,-0.0587394014,-0.044421766,0,-11.2902412,0,0.0293843895,0.0106089087,263.704167,-0.0112340711,-0.00849578436,267.908325,263.793579,8.90452766,4.40418625,1.12770915,0.0761874765
18720.0,209.389723,1,0.269387662,176.5625,8.56574631,0.218006983,1,156.809265,1,23.2428226,9.41214848,198.920237,0.0106942821,0.00386829069,-0.000311674579,1.32231128,-0.0764275193,-0.057798434,-0.0580267757,-0.0438828394,0,-11.1253252,0,0.0300038233,0.0107155219,263.7,-0.0110699758,-0.00837168656,267.908081,263.782898,9.1029501,4.73087978,1.29757524,0.0754143
18780.0,206.479775,1,0.270668477,176.5625,8.57393265,0.218274266,1,156.036865,1,23.6824455,9.16761112,196.155786,0.0120664556,0.00387202785,-0.000317706261,1.32231128,-0.0773692057,-0.0585105829,-0.0582980216,-0.0440879725,0,-11.3406286,0,0.033948008,0.0107258633,263.695833,-0.0112842079,-0.00853370037,267.908051,263.734802,8.89205551,4.55245113,1.13127422,0.076720506
18840.0,203.194251,1,0.268971562,176.5625,8.57628345,0.217423394,1,155.152008,1,23.3996639,9.18641567,193.034539,0.0136177558,0.00389818079,-0.000313546334,1.32231128,-0.0767356157,-0.0580314323,-0.0571240596,-0.0432001613,0,-11.1921396,0,0.038434986,0.0107989386,263.691667,-0.0111364573,-0.00842196308,267.908081,263.775848,8.86868477,4.51000547,1.21875763,0.072881259
18900.0,200.081429,1,0.267509341,176.5625,8.5778904,0.21707426,1,155.093079,1,23.7890263,9.22313023,190.077358,0.0117923087,0.00389510579,-0.000308577641,1.32231128,-0.0758441165,-0.057357233,-0.0565844327,-0.0427920669,0,-11.0147791,0,0.0331581719,0.0107902065,263.6875,-0.0109599791,-0.00828850176,267.907959,263.776123,8.91911316,4.58159637,1.2676897,0.0764319152
18960.0,204.868556,1,0.27006796,176.5625,8.58054352,0.217911094,1,156.639542,1,24.0225296,9.2781353,194.625128,0.0115595572,0.00384494383,-0.000314382138,1.32231128,-0.0769708902,-0.0582093559,-0.0581130236,-0.0439480655,0,-11.2219734,0,0.0324883051,0.0106503749,263.683333,-0.0111661423,-0.00844441261,267.907959,263.749756,9.00997829,4.69140816,1.33265483,0.0814481378
19020.0,210.096019,1,0.268192947,173.4375,8.58003998,0.234044254,1,154.230469,1,24.2824249,9.27335644,199.591218,0.00938589126,0.00386731699,-0.000312688469,1.32231128,-0.0757903755,-0.0573165901,-0.0574614853,-0.04345534,0,-11.1615171,0,0.0262640547,0.0107121263,263.679167,-0.0111059872,-0.0083989203,267.907959,263.75354,9.11120033,4.48454571,1.17222846,0.0820525438
19080.0,215.989074,1,0.269046009,176.5625,8.59837055,0.221525371,1,153.792099,1,24.5467606,9.23992634,205.18962,0.0117269717,0.00391498394,-0.000316581602,1.32231128,-0.0762993097,-0.0577014722,-0.0577932782,-0.0437062569,0,-11.3004827,0,0.0329700634,0.0108458241,263.675,-0.0112442616,-0.00850349106,267.907898,263.755157,8.95394897,4.5993166,1.16710877,0.0746505857
19140.0,200.500812,1,0.267655045,173.4375,8.61667156,0.234913379,1,153.459091,1,24.6597862,9.3240118,190.475771,0.00931735151,0.00391788781,-0.000312373159,1.32231128,-0.0756892711,-0.0572401322,-0.0569630042,-0.0430783629,0,-11.1502619,0,0.0260687247,0.0108535867,263.670833,-0.0110947881,-0.00839045085,267.907928,263.75827,9.06369305,4.67119694,1.18271852,0.0802105218
19200.0,191.181065,1,0.274101287,173.4375,8.62637329,0.233251706,1,160.13858,1,24.9287682,9.17980289,181.622012,0.0125179272,0.00382276112,-0.000321497238,1.32231128,-0.0793697387,-0.0600234903,-0.0597521588,-0.0451876633,0,-11.4759502,0,0.0352507532,0.0105890147,263.666667,-0.0114188557,-0.00863552745,267.907928,263.758209,8.97054482,4.38853836,1.18370819,0.0831011906
19260.0,179.993294,1,0.273374796,173.4375,8.63225555,0.234845951,1,158.244827,1,24.7007561,9.28761768,170.993629,0.0136702657,0.00383155234,-0.000322764594,1.32231128,-0.0792429447,-0.0599276014,-0.0590441115,-0.0446522012,0,-11.5211868,0,0.038587369,0.0106132291,263.6625,-0.0114638675,-0.00866956823,267.907928,263.72226,9.0842638,4.49565125,1.18564939,0.0851792619
19320.0,186.722813,1,0.272251308,176.5625,8.63241959,0.220874503,1,156.060562,1,24.2999954,9.22717762,177.386673,0.0103162909,0.00383373187,-0.00032326355,1.32231128,-0.0785585791,-0.0594100505,-0.0586059429,-0.0443208367,0,-11.5389986,0,0.0289213229,0.010618886,263.658333,-0.0114815906,-0.00868297089,267.907898,263.744354,9.03878593,4.47411108,1.11540771,0.0830751136
19380.0,214.456737,1,0.271966755,176.5625,8.63572311,0.220691144,1,156.204544,1,23.3306656,9.15279007,203.7339,0.0125493482,0.00385683635,-0.000321953994,1.32231128,-0.0782347471,-0.0591651499,-0.0586969666,-0.0443896726,0,-11.4922523,0,0.0353415236,0.0106837023,263.654167,-0.0114350766,-0.00864779484,267.907928,263.699066,8.95772362,4.33361626,1.12561655,0.07688272
19440.0,193.950154,1,0.272517741,176.5625,8.63748837,0.222514257,1,156.250366,1,22.8980484,9.26603031,184.252646,0.0109273288,0.00385137647,-0.000323819724,1.32231128,-0.0784969032,-0.0593634062,-0.0590084866,-0.0446252599,0,-11.5588512,0,0.0306720808,0.0106683569,263.65,-0.0115013449,-0.00869791023,267.907928,263.717041,9.02514744,4.43605757,1.35707641,0.082983017
19500.0,192.086749,1,0.273314476,173.4375,8.65110874,0.237766787,1,156.797638,1,23.004797,9.29596806,182.482412,0.0141225485,0.00383464759,-0.000325528032,1.32231128,-0.079516083,-0.060134165,-0.0586022735,-0.0443180613,0,-11.6198301,0,0.0399015471,0.0106213391,263.645833,-0.0115620196,-0.00874379557,267.907867,263.718567,8.92345428,4.38874197,1.48927188,0.0864970982
19560.0,184.099453,1,0.27795735,173.4375,8.65724945,0.237867028,1,161.676346,1,23.12953,9.21499729,174.89448,0.0101833707,0.00376514625,-0.000332068768,1.32231128,-0.0821870714,-0.0621541031,-0.0606826954,-0.0458913855,0,-11.853302,0,0.0285410695,0.0104278624,263.641667,-0.0117943306,-0.00891948119,267.907196,263.73822,9.00662136,4.47793484,1.43207419,0.082564123
19620.0,202.235063,1,0.274532527,176.5625,8.65462685,0.221244097,1,158.345749,1,22.6132812,9.32431316,192.12331,0.00957578234,0.00380301476,-0.000326674315,1.32231128,-0.0803276449,-0.0607479103,-0.0589881688,-0.0446098968,0,-11.6607456,0,0.0268055722,0.0105330376,263.6375,-0.0116027324,-0.00877458509,267.907227,263.714355,8.97626686,4.60428905,1.23803687,0.0812835693
19680.0,217.517494,1,0.269660681,176.5625,8.671031,0.22036998,1,155.307846,1,22.775404,9.25298214,206.641619,0.00944316201,0.00386143965,-0.000315645448,1.32231128,-0.0769130588,-0.058165621,-0.0577065162,-0.0436406434,0,-11.267067,0,0.026427336,0.0106958766,263.633333,-0.0112110116,-0.00847834535,267.907196,263.713348,8.97655392,4.67075777,1.1500597,0.0824161768
19740.0,195.449366,1,0.276594251,176.5625,8.6736002,0.220294029,1,159.583557,1,23.7253056,9.20048904,185.676898,0.0118472613,0.00378440414,-0.000331498304,1.32231128,-0.0816148743,-0.0617213771,-0.0597736314,-0.0452039018,0,-11.8329411,0,0.0333164223,0.010481501,263.629167,-0.0117740706,-0.00890415907,267.906891,263.714966,8.98974609,4.72624016,1.4085319,0.0939198807
19800.0,175.928404,1,0.280861586,173.4375,8.67833328,0.235776097,1,161.827896,1,23.3362579,9.20983601,167.131984,0.0100465333,0.00375386677,-0.000342265907,1.32231128,-0.083891198,-0.0634428486,-0.0619875975,-0.0468782187,0,-12.2172937,0,0.0281498265,0.0103965979,263.625,-0.0121565107,-0.00919338036,267.906525,263.722473,8.94934273,4.53777027,1.26439154,0.0938869417
19860.0,196.239098,1,0.278398067,176.5625,8.67695332,0.219279736,1,159.542068,1,22.731102,9.15968704,186.427144,0.0100237718,0.00376716303,-0.000338114216,1.32231128,-0.0817473978,-0.0618215986,-0.0618127882,-0.0467460193,0,-12.0690966,0,0.0280847661,0.0104331058,263.620833,-0.0120090516,-0.00908186473,267.906311,263.686676,8.90955257,4.40826511,1.19537711,0.0882053971
19920.0,191.463436,1,0.276457042,176.5625,8.68939018,0.219636515,1,158.233109,1,22.7970467,9.15045261,181.890264,0.0137983439,0.00381557085,-0.000333830219,1.32231128,-0.0805326551,-0.0609029494,-0.061057955,-0.0461751744,0,-11.9161797,0,0.0389592573,0.0105683804,263.616667,-0.0118568949,-0.00896679517,267.906219,263.684021,8.95029259,4.70029449,1.44119895,0.078244485
19980.0,174.229073,1,0.272356272,176.5625,8.70556355,0.220616415,1,156.088577,1,22.5231285,9.21596718,165.517619,0.0118648242,0.00385001302,-0.00032357953,1.32231128,-0.0775918216,-0.0586789362,-0.0600036457,-0.0453778505,0,-11.5502768,0,0.0333670117,0.0106640588,263.6125,-0.011492813,-0.00869145803,267.905884,263.694427,8.95141506,4.53316832,1.28150094,0.0817733631
20040.0,181.580533,1,0.269629121,176.5625,8.7139883,0.220677927,1,154.759399,1,22.3694649,9.11823463,172.501507,0.010161954,0.0039137518,-0.000316652819,1.32231128,-0.0761102289,-0.0575584807,-0.0587244742,-0.0444104783,0,-11.3030252,0,0.0284798238,0.0108424779,263.608333,-0.0112467911,-0.008505404,267.905212,263.689117,8.89450169,4.3700304,1.36749887,0.0794130117
20100.0,183.696181,1,0.266225994,176.5625,8.72661018,0.220565557,1,152.887344,1,22.0008335,9.10157967,174.511372,0.00945073552,0.00393687934,-0.000308545918,1.32231128,-0.0743068755,-0.0561946929,-0.0571140945,-0.043192625,0,-11.013648,0,0.0264489334,0.0109067261,263.604167,-0.0109588541,-0.00828765053,267.905182,263.699768,8.93427086,4.57327604,1.19340205,0.0811316818
20160.0,180.4805,1,0.268172652,173.4375,8.73747826,0.235851094,1,154.304214,1,22.3297043,9.21907616,171.456475,0.0118910978,0.00392868649,-0.000312468066,1.32231128,-0.0749755651,-0.0567003898,-0.0584972575,-0.0442386419,0,-11.1536503,0,0.0334426872,0.0108842757,263.6,-0.0110981595,-0.00839300081,267.904633,263.680023,8.96520805,4.56511116,1.48617077,0.0811557323
20220.0,168.095168,1,0.275582463,176.5625,8.74827003,0.220595539,1,158.739685,1,22.8141766,9.25417328,159.69041,0.0173229668,0.00383789698,-0.000329616683,1.32231128,-0.0794724375,-0.0601011552,-0.0613928363,-0.0464284308,0,-11.7657747,0,0.0492759272,0.0106317513,263.595833,-0.0117072389,-0.00885361806,267.904358,263.676605,8.94754791,4.4081831,1.61390948,0.0807326734
20280.0,174.710274,1,0.277524203,176.5625,8.75801754,0.219305336,1,160.937103,1,23.2084446,9.24001789,165.97476,0.0190865248,0.00378811173,-0.000332036958,1.32231128,-0.081190668,-0.06140057,-0.0614839643,-0.046497345,0,-11.8521681,0,0.0544995442,0.010492879,263.591667,-0.0117932018,-0.00891862717,267.903748,263.670044,8.96541214,4.53492928,1.29023457,0.0860327929
20340.0,172.2451,1,0.274627745,176.5625,8.76905727,0.219083667,1,157.539993,1,22.8196774,9.19718075,163.632845,0.011676033,0.00383521151,-0.000328686932,1.32231128,-0.0793564543,-0.0600134432,-0.0604026131,-0.045679573,0,-11.7325878,0,0.0328234471,0.0106231235,263.5875,-0.0116742169,-0.00882864464,267.903442,263.661133,8.90077305,4.64640903,1.30939507,0.0879507214
20400.0,167.961626,1,0.276965022,176.5625,8.77972317,0.218692988,1,158.024857,1,22.8432503,9.1883688,159.563544,0.0106519172,0.00384115032,-0.000336116122,1.32231128,-0.0809753165,-0.0612377115,-0.0610889122,-0.0461985879,0,-11.9977751,0,0.0298824199,0.0106400754,263.583333,-0.0119380848,-0.0090281954,267.902954,263.645813,8.94561195,4.46712112,1.18592095,0.0874040127
20460.0,169.869739,1,0.276861012,176.5625,8.79235744,0.218961999,1,158.923401,1,22.2621613,9.1723671,161.376252,0.0140854865,0.00380560826,-0.000333839416,1.32231128,-0.0812254995,-0.0614269115,-0.0606286004,-0.0458504744,0,-11.9165068,0,0.0397937484,0.0105409138,263.579167,-0.0118572209,-0.00896704197,267.90274,263.65036,8.98865128,4.28371525,1.28320169,0.092225194
20520.0,176.556792,1,0.27696836,176.5625,8.80171585,0.219053373,1,158.08461,1,21.4336586,9.13846779,167.728953,0.0110070026,0.00379892392,-0.00033600122,1.32231128,-0.0814445168,-0.0615925454,-0.0604660586,-0.045727551,0,-11.9936733,0,0.0309007131,0.0105214221,263.575,-0.0119340029,-0.009025109,267.902527,263.655792,8.95098114,4.56215191,1.24551487,0.0855758041
20580.0,170.192042,1,0.27984035,176.5625,8.81090164,0.217381209,1,161.517197,1,21.3639774,9.16532803,161.68244,0.00996762235,0.00374629069,-0.000339197228,1.32231128,-0.0832199305,-0.0629352033,-0.0616218783,-0.0466016419,0,-12.1077557,0,0.0279243086,0.0103748217,263.570833,-0.012047518,-0.00911095459,267.902435,263.638794,8.93055534,4.42531681,1.17287993,0.0811488926
20640.0,165.973586,1,0.276825547,176.5625,8.82655525,0.216693774,1,159.138168,1,20.9853859,9.31647205,157.674907,0.0137124434,0.0037875548,-0.000333260745,1.32231128,-0.0812523291,-0.0614472032,-0.0605492145,-0.0457904376,0,-11.8958502,0,0.0387098193,0.010490194,263.566667,-0.0118366666,-0.0089514982,267.902435,263.646606,8.94406223,4.4187851,1.20612383,0.0771430582
20700.0,175.049423,1,0.271345139,173.4375,8.83115768,0.232740417,1,155.618347,1,20.9412804,9.25976753,166.296952,0.0105566802,0.0038690595,-0.000320955878,1.32231128,-0.0779996514,-0.0589873604,-0.0582657829,-0.0440635905,0,-11.456625,0,0.0296095572,0.0107173715,263.5625,-0.0113996267,-0.00862098578,267.902496,263.639404,8.93854237,4.4084096,1.17162788,0.0857578665
20760.0,181.933342,1,0.271348208,173.4375,8.83408737,0.233383492,1,153.984131,1,21.2086868,9.28439522,172.836675,0.0102411304,0.0039078407,-0.000324373192,1.32231128,-0.0781615973,-0.0591098331,-0.0580520555,-0.0439019576,0,-11.5786076,0,0.0287062768,0.0108257011,263.558333,-0.0115210023,-0.00871277601,267.902496,263.650452,8.92887497,4.49380207,1.50070691,0.0846214145
20820.0,160.690159,1,0.270214677,173.4375,8.85002422,0.232797161,1,153.379745,1,20.7078552,9.16310024,152.655651,0.0114097092,0.00390895922,-0.000321587257,1.32231128,-0.077527009,-0.0586299226,-0.057545051,-0.0435185358,0,-11.4791613,0,0.0320573933,0.0108283758,263.554167,-0.0114220511,-0.00863794424,267.902435,263.632874,8.91977501,4.40915108,1.32911777,0.0776842833
20880.0,171.058169,1,0.268685102,173.4375,8.86732388,0.232385427,1,152.710358,1,21.2285919,9.27112103,162.505261,0.0113082211,0.00394968688,-0.000317542843,1.32231128,-0.0765801296,-0.0579138435,-0.0569918677,-0.0431001894,0,-11.334795,0,0.0317657068,0.0109425345,263.55,-0.011278403,-0.00852931011,267.902283,263.622864,8.95288658,4.40773392,1.23566389,0.0802565515
20940.0,173.505834,1,0.270090789,176.5625,8.87525558,0.216903314,1,153.002747,1,21.7378159,9.27820683,164.830542,0.010188737,0.00395701267,-0.000321936386,1.32231128,-0.0773905143,-0.0585266985,-0.0575803593,-0.0435452387,0,-11.4916248,0,0.028556427,0.0109632518,263.545833,-0.0114344526,-0.00864732265,267.902069,263.631653,8.97304058,4.43272591,1.14856434,0.0826244578
21000.0,170.270343,1,0.269043267,173.4375,8.88950157,0.232098147,1,151.595779,1,21.2123222,9.28570843,161.756826,0.00914140325,0.00395858847,-0.000321158383,1.32231128,-0.0770742148,-0.0582874976,-0.0567524619,-0.0429191403,0,-11.4638538,0,0.0255674794,0.0109672248,263.541667,-0.0114068193,-0.00862642564,267.901855,263.640289,8.98101997,4.48693085,1.28173852,0.0816386491
21060.0,163.65125,1,0.263701886,173.4375,8.90560436,0.230706081,1,147.629211,1,21.07864,9.24063301,155.468688,0.00988003053,0.00403057644,-0.000310532749,1.32231128,-0.0741888359,-0.0561054237,-0.0543244928,-0.041082982,0,-11.084568,0,0.0276740678,0.0111676808,263.5375,-0.0110294214,-0.00834101718,267.901733,263.628571,8.92462349,4.55079317,1.38884664,0.0819605663
21120.0,167.911538,1,0.269580424,176.5625,8.91169262,0.214229971,1,152.17276,1,21.1946239,9.21218586,159.515961,0.0110317431,0.00395408971,-0.000321860862,1.32231128,-0.077335164,-0.0584848411,-0.0570432432,-0.0431390442,0,-11.4889288,0,0.0309717059,0.0109547116,263.533333,-0.0114317704,-0.00864529423,267.901428,263.626801,8.92980957,4.53592777,1.16887498,0.0824725032
21180.0,167.963871,1,0.271839947,176.5625,8.92421627,0.213553503,1,153.612839,1,21.6754761,9.2628336,159.565678,0.00989083201,0.00390624115,-0.000326928159,1.32231128,-0.0788027197,-0.0595946833,-0.0577781089,-0.0436947867,0,-11.6698074,0,0.0277049225,0.010821104,263.529167,-0.0116117485,-0.0087814033,267.901154,263.614563,8.94039726,4.47214413,1.19420457,0.0747052431
21240.0,171.211337,1,0.271748185,176.5625,8.93352318,0.213100865,1,153.298264,1,21.7106781,9.24870777,162.65077,0.0103106918,0.00393270189,-0.000327267393,1.32231128,-0.0786063597,-0.0594461821,-0.0579338744,-0.0438125841,0,-11.6819172,0,0.0289053023,0.0108950213,263.525,-0.0116237979,-0.00879051536,267.901154,263.612976,8.92255592,4.46194363,1.526721,0.0847382843
21300.0,175.312597,1,0.276269704,176.5625,8.94743252,0.212377742,1,155.714157,1,21.7845936,9.25919724,166.546968,0.0100148497,0.00391141418,-0.000338541286,1.32231128,-0.0815441161,-0.061667867,-0.0594683439,-0.0449730307,0,-12.084341,0,0.0280592777,0.010836483,263.520833,-0.0120242201,-0.00909333583,267.900574,263.6008,8.95456028,4.39432573,1.12684166,0.0868370011
21360.0,171.304676,1,0.273497909,176.5625,8.95100975,0.212885916,1,154.190292,1,22.0616074,9.31592464,162.739443,0.0122249387,0.00392280612,-0.000331699644,1.32231128,-0.0798102841,-0.0603566542,-0.0584258027,-0.0441846065,0,-11.840127,0,0.0344050489,0.0108678229,263.516667,-0.0117812213,-0.00890956726,267.900146,263.597595,9.02190495,4.58504629,1.5357039,0.0862939507
21420.0,165.664465,1,0.275543928,173.4375,8.95877647,0.228491232,1,156.035858,1,22.4543095,9.31543159,157.381242,0.0115579972,0.00387019594,-0.000335187739,1.32231128,-0.0813861787,-0.0615484267,-0.0587843433,-0.0444557518,0,-11.9646349,0,0.0324838161,0.0107211117,263.5125,-0.0119051095,-0.00900325831,267.900177,263.602417,9.01895142,4.6458683,1.15986383,0.0899350941
21480.0,174.374172,1,0.277726263,173.4375,8.97352505,0.227795348,1,157.153107,1,22.5346451,9.35516167,165.655464,0.0130380774,0.00384352473,-0.000340775121,1.32231128,-0.0822857022,-0.0622286908,-0.0602619536,-0.0455731973,0,-12.1640787,0,0.0367548205,0.0106462501,263.508333,-0.0121035613,-0.00915333722,267.899841,263.59903,9.01630402,4.49041653,1.27701974,0.0902535543
21540.0,172.789777,1,0.272894263,173.4375,8.98443222,0.228585839,1,152.658173,1,22.5904579,9.3720274,164.150288,0.00980223343,0.00393517269,-0.000332815194,1.32231128,-0.0790428445,-0.0597762764,-0.0587315746,-0.0444158465,0,-11.8799477,0,0.0274518952,0.0109019168,263.504167,-0.0118208434,-0.00893953163,267.899719,263.577576,9.04801559,4.45632458,1.46943009,0.0931153372
21600.0,170.209137,1,0.274722159,173.4375,8.99213886,0.228413999,1,153.15239,1,23.0866146,9.35164261,161.69868,0.0124779996,0.00393483136,-0.00033845217,1.32231128,-0.0803307891,-0.060750287,-0.0592162907,-0.044782415,0,-12.0811605,0,0.0351354405,0.0109011624,263.5,-0.0120210554,-0.00909094233,267.899719,263.595795,9.07247543,4.47936726,1.31296301,0.0908484757
21660.0,178.014755,1,0.281473964,173.4375,9.00352287,0.228232086,1,158.903458,1,23.8120041,9.35929108,169.114017,0.0120555125,0.0038228,-0.000350849878,1.32231128,-0.0844401047,-0.0638579652,-0.0620102324,-0.0468953364,0,-12.5237007,0,0.0339164585,0.010588808,263.495833,-0.0124613941,-0.00942394882,267.899292,263.578796,9.09485626,4.43586111,1.20464706,0.0924265459
21720.0,184.620069,1,0.275476605,176.5625,9.01541615,0.21053423,1,155.052689,1,23.9709702,9.47814751,175.389066,0.0131550236,0.003908257,-0.000337065954,1.32231128,-0.0810912028,-0.0613253489,-0.0591073409,-0.0447000191,0,-12.0316792,0,0.0370934345,0.0108269956,263.491667,-0.0119718201,-0.00905370805,267.899139,263.573334,9.20457172,4.78643131,1.30928969,0.0945617557
21780.0,173.185503,1,0.269891113,176.5625,9.02429485,0.210061997,1,150.735916,1,23.1604691,9.42346382,164.526228,0.0100833056,0.00396257825,-0.000326053589,1.32231128,-0.0777864903,-0.058826156,-0.0568028763,-0.0429572649,0,-11.6385889,0,0.028254943,0.0109779807,263.4875,-0.0115806852,-0.00875791162,267.89859,263.576721,9.08972359,4.56028271,1.22758579,0.0868847221
21840.0,182.111677,1,0.271178603,173.4375,9.02407646,0.228041053,1,151.483093,1,22.8157883,9.5128212,173.006093,0.00966296531,0.00396027789,-0.000329110771,1.32231128,-0.0785182491,-0.0593795516,-0.0573627278,-0.0433806553,0,-11.7477169,0,0.0270543434,0.0109715005,263.483333,-0.0116892708,-0.00884002913,267.898315,263.583496,9.26684952,4.48754025,1.52257442,0.0850527734
21900.0,180.347147,1,0.273701519,173.4375,9.03592014,0.228237435,1,154.665314,1,23.5710945,9.44122124,171.32979,0.0127978716,0.00391667429,-0.000331419986,1.32231128,-0.0802026317,-0.0606533661,-0.0581374131,-0.0439665094,0,-11.8301439,0,0.0360598229,0.010850966,263.479167,-0.0117712878,-0.00890205521,267.898315,263.569275,9.16931057,4.60495043,1.53414643,0.0855733305
21960.0,169.678425,1,0.278527647,173.4375,9.04684544,0.22873196,1,157.318024,1,23.8873863,9.42520905,161.194504,0.0101617211,0.00382929365,-0.000343373249,1.32231128,-0.0828703046,-0.0626707971,-0.060461048,-0.0457237624,0,-12.2568207,0,0.0284791421,0.0106066242,263.475,-0.0121958414,-0.00922312401,267.897705,263.573822,9.15237236,4.43547344,1.24212158,0.0887075067
22020.0,179.252839,1,0.280078709,173.4375,9.05493832,0.228492275,1,159.269363,1,24.3568134,9.49730396,170.290197,0.00948331598,0.00379031221,-0.000344864122,1.32231128,-0.0842605382,-0.0637221634,-0.0604942702,-0.0457488857,0,-12.3100376,0,0.0265418366,0.0104977414,263.470833,-0.0122487936,-0.00926316995,267.896606,263.566711,9.17170811,4.44436264,1.20800126,0.0879564136
22080.0,187.029987,1,0.280613303,176.5625,9.05596066,0.209344059,1,158.349121,1,24.3509731,9.45911312,177.678488,0.0110241184,0.00381543115,-0.000348858361,1.32231128,-0.0844881982,-0.0638943315,-0.0608565658,-0.0460228734,0,-12.4526129,0,0.0309498161,0.0105680134,263.466667,-0.0123906592,-0.00937045552,267.896271,263.552429,9.16301346,4.60083961,1.22940743,0.0929094777
22140.0,172.260759,1,0.280704081,176.5625,9.0643959,0.209754422,1,157.351089,1,23.933033,9.54755306,163.647721,0.0118043944,0.00385675905,-0.000351411843,1.32231128,-0.0847496986,-0.0640920922,-0.0606077686,-0.0458347201,0,-12.5437613,0,0.0331929699,0.0106836893,263.4625,-0.0124813542,-0.0094390437,267.895752,263.557251,9.22991371,4.57071352,1.39540362,0.0854724795
22200.0,192.155147,1,0.278360277,176.5625,9.06537342,0.210113958,1,154.72406,1,24.122118,9.57059574,182.54739,0.0100192176,0.00392441917,-0.000348500907,1.32231128,-0.0829949751,-0.0627650842,-0.0600798652,-0.0454354919,0,-12.4398546,0,0.028071763,0.0108722411,263.458333,-0.0123779643,-0.00936085545,267.895721,263.538666,9.26074409,4.49240589,1.27153289,0.0823466331
22260.0,189.832273,1,0.282003015,176.5625,9.06928921,0.210442036,1,158.07547,1,24.4504662,9.67162418,180.340659,0.0108013675,0.00386398984,-0.000354680058,1.32231128,-0.085537225,-0.0646876618,-0.0611680448,-0.0462584309,0,-12.6604214,0,0.0303108171,0.0107044103,263.454167,-0.0125974342,-0.00952682924,267.895691,263.535736,9.34489441,4.44255877,1.23974204,0.0880418643
22320.0,178.381621,1,0.282104731,173.4375,9.07543945,0.229112089,1,157.919327,1,24.6439705,9.51416683,169.46254,0.0116860392,0.0038399566,-0.000355415046,1.32231128,-0.0855821073,-0.0647216067,-0.0612357259,-0.0463096164,0,-12.686657,0,0.0328522474,0.0106366314,263.45,-0.0126235392,-0.00954657141,267.895538,263.538025,9.21539497,4.54341984,1.28637981,0.0863932967
22380.0,189.372754,1,0.28548196,176.5625,9.07563591,0.211553097,1,161.186539,1,23.9703255,9.56198406,179.904116,0.0117828501,0.00376423867,-0.000360867038,1.32231128,-0.0875489563,-0.0662090331,-0.0628425851,-0.0475248061,0,-12.8812675,0,0.0331309438,0.0104252025,263.445833,-0.0128171816,-0.0096930135,267.895111,263.544525,9.27816391,4.40878153,1.63340557,0.0858932436
22440.0,191.651902,1,0.279649436,176.5625,9.08144569,0.212100282,1,156.942551,1,24.14011,9.71867466,182.069307,0.0120251337,0.00386325386,-0.000348370289,1.32231128,-0.0839474201,-0.0634853691,-0.0603855327,-0.0456666537,0,-12.4351912,0,0.0338289067,0.0107014291,263.441667,-0.0123733245,-0.00935734622,267.894958,263.51474,9.43018723,4.30016232,1.13267744,0.085142836
22500.0,180.894964,1,0.2720128,176.5625,9.09348488,0.212314442,1,151.400757,1,23.8838348,9.60616875,171.850216,0.012787085,0.00398268271,-0.000332337979,1.32231128,-0.0794064254,-0.0600512363,-0.0571585894,-0.0432262719,0,-11.8629131,0,0.0360286273,0.0110349115,263.4375,-0.0118038934,-0.00892671291,267.894867,263.516785,9.33131218,4.56211758,1.17354631,0.084324047
22560.0,176.613637,1,0.27413702,176.5625,9.1002512,0.211908266,1,152.903244,1,23.4881439,9.5467701,167.782955,0.0113169625,0.00396299921,-0.000336842117,1.32231128,-0.0807525665,-0.0610692576,-0.0579141453,-0.0437976643,0,-12.0236883,0,0.0317908414,0.0109803975,263.433333,-0.0119638694,-0.00904769544,267.894836,263.49823,9.28303719,4.52325344,1.59382582,0.0852950215
22620.0,182.668108,1,0.277413607,176.5625,9.10869598,0.211359859,1,154.632294,1,23.3235092,9.60208702,173.534703,0.010668641,0.00393755455,-0.000345162058,1.32231128,-0.0824601352,-0.0623606071,-0.0596322119,-0.0450969562,0,-12.320672,0,0.0299303401,0.010909602,263.429167,-0.0122593753,-0.00927117188,267.894836,263.492645,9.31279659,4.66851473,1.2616818,0.0834447294
22680.0,184.447759,1,0.282913685,176.5625,9.10903549,0.210598826,1,159.437469,1,23.9721546,9.60900688,175.225371,0.0115298452,0.0038559041,-0.000355067925,1.32231128,-0.0857854411,-0.0648753792,-0.0619882047,-0.0468786769,0,-12.6742659,0,0.0324028581,0.0106818723,263.425,-0.0126112094,-0.00953724701,267.894348,263.513855,9.29011917,4.42812824,1.42194796,0.0828680694
22740.0,189.13641,1,0.280248225,176.5625,9.11297131,0.211848348,1,156.795517,1,24.0119915,9.58688354,179.67959,0.00940889865,0.00386384921,-0.000350941729,1.32231128,-0.0841218978,-0.0636173189,-0.0609013177,-0.0460567176,0,-12.5269785,0,0.0263296515,0.0107032377,263.420833,-0.0124646556,-0.0094264159,267.893707,263.487732,9.34146023,4.61215591,1.16579247,0.0913400725
22800.0,174.379873,1,0.284206033,176.5625,9.12661934,0.211390093,1,158.949463,1,23.9631958,9.5495224,165.66088,0.0134412199,0.00385955372,-0.000361061218,1.32231128,-0.0865116417,-0.065424569,-0.0626378357,-0.0473699607,0,-12.8881979,0,0.0379228443,0.0106923329,263.416667,-0.0128240772,-0.00969822891,267.893463,263.500854,9.34316063,4.50102758,1.32644916,0.0927743241
22860.0,184.835373,1,0.281848162,176.5625,9.13787556,0.209657967,1,158.22731,1,23.1199989,9.62011147,175.593604,0.0105496431,0.00382062118,-0.000353756303,1.32231128,-0.0850270465,-0.064301841,-0.0616788529,-0.0466447286,0,-12.6274471,0,0.029589409,0.0105825542,263.4125,-0.0125646237,-0.00950201694,267.892822,263.512817,9.36190987,4.44265842,1.51943445,0.0905733705
22920.0,189.725095,1,0.274432361,176.5625,9.13322353,0.2095837,1,153.475861,1,23.8804359,9.61218643,180.23884,0.0104147121,0.00390477618,-0.000336671161,1.32231128,-0.0809426978,-0.0612130426,-0.0580166206,-0.0438751616,0,-12.0175858,0,0.0292030256,0.0108167436,263.408333,-0.0119577972,-0.00904310308,267.892822,263.497284,9.28579235,4.71164417,1.54340899,0.0923520774
22980.0,179.446086,1,0.275376052,176.5625,9.1369133,0.211194471,1,153.104767,1,24.6112232,9.6221981,170.473782,0.00989496708,0.00392110692,-0.00034098071,1.32231128,-0.081476517,-0.0616167448,-0.0584495217,-0.0442025438,0,-12.1714172,0,0.0277167317,0.0108622219,263.404167,-0.0121108629,-0.00915885903,267.89267,263.487885,9.35166168,4.54964828,1.2515322,0.0914800987
23040.0,182.2488,1,0.28095296,176.5625,9.14872551,0.212305531,1,156.411896,1,24.3567638,9.6159935,173.13636,0.00981452316,0.00385713577,-0.000354463089,1.32231128,-0.085267961,-0.06448403,-0.060197521,-0.0455244705,0,-12.6526756,0,0.0274869669,0.0106841065,263.4,-0.0125897266,-0.00952100102,267.892517,263.455322,9.35925293,4.58740044,1.39470124,0.086889945
23100.0,185.988548,1,0.278604686,176.5625,9.15349483,0.212190613,1,154.884872,1,24.0765324,9.65170765,176.68912,0.0117329499,0.00389451906,-0.000349056965,1.32231128,-0.0837612301,-0.0633445606,-0.0593189001,-0.0448600128,0,-12.4597015,0,0.0329872742,0.0107888738,263.395833,-0.012397713,-0.00937579013,267.891937,263.477875,9.39998341,4.46451902,1.17561889,0.0815079659
23160.0,199.647956,1,0.277225792,176.5625,9.15613079,0.210699379,1,152.497528,1,23.6309757,9.64105701,189.665558,0.0109257996,0.00392663106,-0.000349283539,1.32231128,-0.0831592679,-0.0628893301,-0.0584139861,-0.0441756696,0,-12.4677896,0,0.0306677055,0.0108779445,263.391667,-0.0124057606,-0.00938187633,267.891663,263.493683,9.42237663,4.51474762,1.34215307,0.0846460387
23220.0,190.66563,1,0.279446959,176.5625,9.15705299,0.209878206,1,155.828903,1,23.884264,9.67719173,181.132349,0.0138640488,0.003895042,-0.000350098358,1.32231128,-0.0846686885,-0.0640308261,-0.0591088906,-0.0447011925,0,-12.4968758,0,0.03915013,0.0107904524,263.3875,-0.0124347024,-0.00940376334,267.891571,263.483917,9.45837212,4.51278973,1.175143,0.0889788941
23280.0,175.760588,1,0.279646069,176.5625,9.17022991,0.209429756,1,153.631714,1,24.5641308,9.6428566,166.972559,0.010433686,0.00392463012,-0.000355865021,1.32231128,-0.0844776779,-0.0638863742,-0.059637133,-0.0451006778,0,-12.7027187,0,0.0292573534,0.0108733438,263.383333,-0.0126395207,-0.00955865718,267.891541,263.474548,9.39153767,4.55705166,1.32236242,0.089802891
23340.0,182.98119,1,0.279084474,176.5625,9.17575264,0.208671153,1,152.528625,1,25.4696178,9.66490555,173.832131,0.011294052,0.00393524673,-0.000356283475,1.32231128,-0.0838624239,-0.0634210929,-0.0597873032,-0.0452142432,0,-12.7176542,0,0.0317249931,0.0109022371,263.379167,-0.0126543827,-0.00956989732,267.891663,263.473053,9.43305016,4.52934837,1.23938894,0.0929953679
23400.0,202.405597,1,0.276956677,176.5625,9.17381096,0.209165871,1,151.51622,1,25.8364258,9.66795731,192.285317,0.0136649013,0.00398502499,-0.000350522896,1.32231128,-0.0829496756,-0.0627308264,-0.0583692491,-0.0441418365,0,-12.5120306,0,0.0385718085,0.011041834,263.375,-0.0124497814,-0.00941516645,267.891663,263.454742,9.38602161,4.53394318,1.39607644,0.0875692368
23460.0,186.527359,1,0.275887579,179.6875,9.16977978,0.189869195,1,150.543579,1,25.6048203,9.59280205,177.200991,0.0102079781,0.00402471144,-0.000348717876,1.32231128,-0.0819384456,-0.0619660802,-0.0584446527,-0.0441988595,0,-12.4475985,0,0.0286114588,0.0111527741,263.370833,-0.0123856701,-0.00936668273,267.89151,263.470093,9.36306953,4.6384449,1.52142787,0.0927529112
23520.0,182.300066,1,0.275866359,179.6875,9.18093872,0.191374943,1,150.955185,1,25.8291245,9.60526752,173.185063,0.0111347958,0.00401230482,-0.000347686815,1.32231128,-0.0821639895,-0.0621366464,-0.0581003167,-0.043938458,0,-12.4107943,0,0.0312675498,0.011117938,263.366667,-0.0123490486,-0.00933898799,267.891083,263.461945,9.41951275,4.6913166,1.12373018,0.0853204727
23580.0,183.354335,1,0.274544924,179.6875,9.18196487,0.19086352,1,149.818771,1,25.8907528,9.56580353,174.186619,0.0113564534,0.004029667,-0.000345313892,1.32231128,-0.0815812647,-0.0616959594,-0.0572575331,-0.0433011018,0,-12.3260918,0,0.0319043174,0.0111660883,263.3625,-0.0122647677,-0.00927525014,267.890717,263.46521,9.40054989,4.54625702,1.4625752,0.0877853185
23640.0,190.853126,1,0.277479798,179.6875,9.18166828,0.191920221,1,152.158005,1,25.0163383,9.60715294,181.31047,0.0107829552,0.00394196808,-0.000351026072,1.32231128,-0.0830623806,-0.0628160536,-0.0588744469,-0.0445238948,0,-12.5299892,0,0.0302580148,0.0109209483,263.358333,-0.0124676507,-0.00942868087,267.890411,263.444122,9.3628521,4.48407173,1.41485298,0.0798666403
23700.0,195.329617,1,0.278275698,176.5625,9.18327522,0.208279505,1,153.37114,1,24.3411312,9.64096928,185.563136,0.0112496428,0.0039177211,-0.000351254712,1.32231128,-0.0834812745,-0.0631328449,-0.0592948534,-0.044841826,0,-12.5381517,0,0.0315973982,0.0108530521,263.354167,-0.0124757728,-0.00943482295,267.889801,263.440399,9.40118408,4.76012611,1.36936486,0.0845406055
23760.0,176.484426,1,0.277422518,176.5625,9.19455814,0.206538826,1,153.918686,1,24.8713951,9.61308956,167.660205,0.0139321899,0.00392934121,-0.000346795801,1.32231128,-0.0831314921,-0.0628683195,-0.0587040111,-0.0443949997,0,-12.3789892,0,0.0393481068,0.0108864373,263.35,-0.0123174023,-0.00931505486,267.889374,263.437042,9.43981552,4.52431011,1.24488819,0.088538371
23820.0,184.824893,1,0.28067258,176.5625,9.20147228,0.206327409,1,154.827667,1,25.3103981,9.68527985,175.583649,0.011771936,0.00392798847,-0.000357019017,1.32231128,-0.0849710405,-0.0642594844,-0.0602566376,-0.0455691777,0,-12.7439108,0,0.0330995135,0.0108826607,263.345833,-0.0126805082,-0.00958965439,267.888672,263.418152,9.41059685,4.75425053,1.44353318,0.0832032859
23880.0,181.0834,1,0.285390735,176.5625,9.20309353,0.206700206,1,157.936417,1,24.9377708,9.67697716,172.02923,0.0116935335,0.00384333055,-0.000367940258,1.32231128,-0.0876366943,-0.066275388,-0.0626017526,-0.0473426729,0,-13.1337481,0,0.0328738168,0.0106461877,263.341667,-0.0130684059,-0.00988300238,267.887634,263.41687,9.4568243,4.47281456,1.29698658,0.0901340097
23940.0,193.400516,1,0.28008461,176.5625,9.21234703,0.205991179,1,155.305847,1,24.1052189,9.61106968,183.73049,0.0122646512,0.00388256321,-0.000353687647,1.32231128,-0.0845615715,-0.0639498234,-0.0600802936,-0.045435816,0,-12.6249962,0,0.0345196053,0.0107554421,263.3375,-0.0125621855,-0.00950017292,267.88739,263.40155,9.44438362,4.51541996,1.32435799,0.0790607631
24000.0,189.107834,1,0.276154876,176.5625,9.22137451,0.206532925,1,151.568665,1,24.7880192,9.64809513,179.652442,0.0136511279,0.00399194378,-0.000347367139,1.32231128,-0.0825290531,-0.0624127276,-0.0579478852,-0.0438231789,0,-12.3993835,0,0.0385318249,0.0110615212,263.333333,-0.0123376949,-0.0093304012,267.88736,263.431061,9.44390965,4.43072319,1.26642132,0.0850154236
24060.0,190.325149,1,0.275305659,179.6875,9.22712898,0.189990535,1,152.380249,1,25.507761,9.71728325,180.808892,0.0121714631,0.00401432486,-0.000342339306,1.32231128,-0.0820073783,-0.0620182082,-0.0576132163,-0.0435700864,0,-12.2199135,0,0.0342507884,0.0111242346,263.329167,-0.0121591175,-0.00919535197,267.88681,263.388611,9.43263721,4.57173443,1.26505136,0.095448412
24120.0,196.221217,1,0.277165681,179.6875,9.22042465,0.190040782,1,153.547821,1,25.3055668,9.71807003,186.410156,0.0137903187,0.00394527987,-0.000346668763,1.32231128,-0.0826207399,-0.0624820665,-0.0590975434,-0.0446926095,0,-12.3744545,0,0.0389359556,0.0109309778,263.325,-0.01231289,-0.0093116425,267.886688,263.419739,9.48322773,4.43372631,1.20845532,0.100583285
24180.0,190.854139,1,0.280645519,179.6875,9.22273064,0.191558778,1,154.145279,1,25.1330929,9.72308445,181.311432,0.0109260762,0.00393287931,-0.000358495832,1.32231128,-0.0852213353,-0.0644487664,-0.0598671921,-0.04527466,0,-12.7966261,0,0.0306685045,0.0108960755,263.320833,-0.0127329612,-0.00962932222,267.886688,263.4086,9.47733974,4.53876781,1.2058233,0.0882024467
24240.0,182.372091,1,0.281824172,179.6875,9.22989082,0.191409811,1,154.500839,1,25.1296406,9.7906332,173.253487,0.0104121566,0.00392316934,-0.000362196181,1.32231128,-0.0862052366,-0.0651928484,-0.0599898398,-0.0453674123,0,-12.9287109,0,0.0291957036,0.010868974,263.316667,-0.0128643895,-0.00972871482,267.886627,263.382935,9.57400703,4.42167473,1.27346754,0.085056752
24300.0,208.102308,1,0.28215307,179.6875,9.21977806,0.189534068,1,155.641388,1,24.8692379,9.78256321,197.697192,0.0112142228,0.00387325836,-0.000360802282,1.32231128,-0.0864656866,-0.065389812,-0.0600448959,-0.0454090461,0,-12.8789558,0,0.0314956605,0.0107294889,263.3125,-0.0128148813,-0.00969127379,267.886627,263.399628,9.58094597,4.42411995,1.23925734,0.0881923065
24360.0,183.959826,1,0.27893272,176.5625,9.22703171,0.207669556,1,153.502899,1,24.3791504,9.78305149,174.761834,0.0135571314,0.0039369734,-0.000353444979,1.32231128,-0.0843732208,-0.0638073832,-0.0588687956,-0.0445196182,0,-12.616333,0,0.0382590555,0.0109075354,263.308333,-0.0125535652,-0.00949365366,267.886627,263.391937,9.54094124,4.43269587,1.27927041,0.0852595866
24420.0,174.675017,1,0.276940316,179.6875,9.23056412,0.189944088,1,151.816528,1,24.6922798,9.73572063,165.941266,0.0110283401,0.00399580505,-0.000349767506,1.32231128,-0.083681643,-0.0632843748,-0.0572937131,-0.0433284603,0,-12.4850655,0,0.0309619382,0.0110720666,263.304167,-0.0124229509,-0.00939487666,267.886627,263.38147,9.52420425,4.3160758,1.54451728,0.0915327147
24480.0,182.312001,1,0.281736463,179.6875,9.24087524,0.188969284,1,154.466705,1,25.2445087,9.79025269,173.196401,0.0140627706,0.00391698815,-0.000361938088,1.32231128,-0.0866821706,-0.0655535311,-0.0591827445,-0.0447570458,0,-12.9194975,0,0.0397276916,0.0108522046,263.3,-0.0128552215,-0.00972178206,267.8862,263.383209,9.60124779,4.47558784,1.4309833,0.0938951969
24540.0,192.679777,1,0.284192294,179.6875,9.24922562,0.189746261,1,156.66394,1,26.1399899,9.72700214,183.045788,0.0123631982,0.003862496,-0.00036627549,1.32231128,-0.0877768919,-0.0663814098,-0.0608340055,-0.0460058115,0,-13.0743227,0,0.0348039977,0.0106993746,263.295833,-0.0130092762,-0.00983828586,267.8862,263.381714,9.49798203,4.40394878,1.27900887,0.0905049592
24600.0,195.042613,1,0.278803855,179.6875,9.25163937,0.18933472,1,153.430084,1,26.0646935,9.71752453,185.290482,0.0140034417,0.0039431015,-0.000353122858,1.32231128,-0.084997572,-0.0642795488,-0.0577948168,-0.0437074229,0,-12.6048355,0,0.0395551994,0.0109248441,263.291667,-0.0125421248,-0.00948500168,267.885956,263.354431,9.48472404,4.65096092,1.23171377,0.0924636275
24660.0,190.18297,1,0.279370129,179.6875,9.25054073,0.189297855,1,153.874695,1,25.3043728,9.6771946,180.673821,0.0110681364,0.00396732707,-0.000354252319,1.32231128,-0.0850813463,-0.0643429011,-0.0584130846,-0.0441749878,0,-12.6451521,0,0.0310761705,0.0109921154,263.2875,-0.0125822406,-0.00951533951,267.885956,263.376221,9.52592659,4.40748882,1.21730256,0.0836399198
24720.0,187.937119,1,0.278364807,179.6875,9.24042606,0.189440206,1,153.256149,1,24.4659233,9.71891022,178.540263,0.0102542639,0.00395922037,-0.000351856113,1.32231128,-0.0845944285,-0.0639746711,-0.0578119308,-0.0437203646,0,-12.5596189,0,0.0287438612,0.0109697897,263.283333,-0.0124971336,-0.00945097674,267.88562,263.349579,9.60632896,4.55416393,1.41205335,0.0821204782
24780.0,198.109887,1,0.271353334,179.6875,9.25845528,0.189187258,1,148.276321,1,24.7844086,9.72428417,188.204393,0.0121608749,0.0040594805,-0.000336878817,1.32231128,-0.0800536424,-0.0605406947,-0.0554202758,-0.0419116728,0,-12.0249987,0,0.0342202559,0.0112491027,263.279167,-0.0119651724,-0.00904868077,267.88504,263.368805,9.54170418,4.56987476,1.14621425,0.0846392587
24840.0,179.700322,1,0.275020987,179.6875,9.26194286,0.18873468,1,150.34729,1,25.2526817,9.6810751,170.715306,0.00942367036,0.00401128549,-0.000345893088,1.32231128,-0.0821956992,-0.0621606261,-0.0569814034,-0.0430922769,0,-12.3467665,0,0.0263717715,0.0111143375,263.275,-0.0122853396,-0.00929080788,267.884949,263.37262,9.47867203,4.51382113,1.16471195,0.0826029032
24900.0,178.196629,1,0.280781299,179.6875,9.26520729,0.187146038,1,153.949448,1,24.7531376,9.76814842,169.286798,0.011053469,0.00393827353,-0.00035947311,1.32231128,-0.0860730186,-0.0650928542,-0.0588149354,-0.0444788896,0,-12.8315086,0,0.0310340822,0.0109112281,263.270833,-0.0127676707,-0.00965557154,267.884796,263.364044,9.56658745,4.54502487,1.18697143,0.0878994912
24960.0,184.779021,1,0.278157771,179.6875,9.27081203,0.187022731,1,151.61586,1,23.8828545,9.78205109,175.54007,0.0125024067,0.00397275109,-0.000354869728,1.32231128,-0.0840384215,-0.0635541901,-0.0583505295,-0.0441276804,0,-12.6671906,0,0.0352059416,0.0110071935,263.266667,-0.0126041695,-0.00953192357,267.884033,263.359131,9.49190331,4.43737125,1.45231891,0.0769113377
25020.0,186.622129,1,0.278414458,179.6875,9.2763834,0.187307835,1,150.164581,1,23.732214,9.83138847,177.291022,0.0115154237,0.00399390189,-0.000359292259,1.32231128,-0.0842612311,-0.0637226924,-0.058360748,-0.0441354066,0,-12.8250542,0,0.0323613696,0.0110656209,263.2625,-0.0127612483,-0.00965071376,267.883026,263.328522,9.62082672,4.50545025,1.36311662,0.0818909481
25080.0,189.650073,1,0.27702266,179.6875,9.27741718,0.186546192,1,150.018372,1,23.7383575,9.89893246,180.16757,0.0105598299,0.00402004505,-0.000354275777,1.32231128,-0.0830953494,-0.0628409907,-0.0582458861,-0.044048544,0,-12.6459894,0,0.0296185818,0.0111392494,263.258333,-0.0125830742,-0.00951597001,267.882599,263.335449,9.57765579,4.43194103,1.28654718,0.0788752511
25140.0,182.620222,1,0.276684821,176.5625,9.28567314,0.203910261,1,150.627884,1,23.67342,9.75081158,173.489211,0.0128977876,0.00404051784,-0.000351552851,1.32231128,-0.0829649866,-0.0627424046,-0.0580008067,-0.0438632034,0,-12.5487938,0,0.0363488272,0.0111973202,263.254167,-0.0124863619,-0.00944283139,267.882172,263.33609,9.55787659,4.47442341,1.26894426,0.0819720998
25200.0,179.965485,1,0.277932286,176.5625,9.28577805,0.202261552,1,150.811218,1,23.6645393,9.69555283,170.967211,0.0116703892,0.00398151856,-0.000355896191,1.32231128,-0.0841462761,-0.0636357516,-0.057902921,-0.0437891744,0,-12.7038298,0,0.0328072086,0.0110313762,263.25,-0.0126406271,-0.00955949444,267.8815,263.347412,9.51030922,4.32578373,1.20434737,0.0873410404
25260.0,187.160482,1,0.277963579,179.6875,9.28976154,0.185173303,1,150.400681,1,23.6341782,9.74792957,177.802458,0.0113011943,0.00400404958,-0.000356988196,1.32231128,-0.083847791,-0.0634100214,-0.0583745651,-0.0441458561,0,-12.7428102,0,0.0317455269,0.0110943103,263.245833,-0.012679413,-0.00958882645,267.881226,263.308533,9.52612686,4.44970131,1.30613136,0.0927579626
25320.0,178.861144,1,0.276600271,176.5625,9.29862118,0.201816455,1,149.072006,1,23.8637924,9.70180035,169.918087,0.0108421165,0.00407820614,-0.000354896474,1.32231128,-0.0828621089,-0.0626645982,-0.0580399632,-0.0438928157,0,-12.6681471,0,0.0304276664,0.0113020791,263.241667,-0.0126051214,-0.00953264255,267.881165,263.297882,9.55556297,4.35643816,1.51222897,0.0863332152
25380.0,186.113413,1,0.279041439,179.6875,9.30121803,0.184770137,1,151.645386,1,24.3979568,9.80308914,176.807742,0.0108407065,0.00401739217,-0.000358192832,1.32231128,-0.0847843438,-0.0641182959,-0.0584166162,-0.0441776589,0,-12.7858095,0,0.0304236189,0.0111323362,263.2375,-0.0127221989,-0.00962118339,267.88089,263.33783,9.54799938,4.58183622,1.34684062,0.0908991843
25440.0,179.438628,1,0.285947174,179.6875,9.30603218,0.183731601,1,156.939865,1,24.1679516,9.77724075,170.466697,0.0152952066,0.00393551821,-0.000372446724,1.32231128,-0.0890267268,-0.0673266053,-0.0613525845,-0.0463979878,0,-13.2946072,0,0.0433209389,0.0109050795,263.233333,-0.0132284649,-0.0100040473,267.880798,263.323151,9.6478281,4.50176811,1.2493372,0.0849426538
25500.0,184.139854,1,0.281724453,179.6875,9.31445694,0.18336913,1,153.167175,1,23.2366695,9.72041798,174.932861,0.0143421898,0.00391968805,-0.000364962209,1.32231128,-0.0871910974,-0.0659384057,-0.0584143214,-0.0441759229,0,-13.0274448,0,0.0405406505,0.0108590089,263.229167,-0.0129626319,-0.00980301108,267.880585,263.32547,9.56800842,4.46839809,1.36704731,0.0887391344
25560.0,185.190518,1,0.275910884,179.6875,9.31166458,0.184408173,1,148.537582,1,22.5812225,9.67733097,175.930992,0.0108220661,0.00402314402,-0.000353516865,1.32231128,-0.0831396878,-0.0628745183,-0.0567529872,-0.0429195352,0,-12.6188993,0,0.0303701684,0.0111471415,263.225,-0.0125561189,-0.00949558523,267.880615,263.318024,9.5156517,4.39052916,1.3254081,0.0855294317
25620.0,168.755443,1,0.272329032,179.6875,9.31540871,0.183799103,1,146.286758,1,22.5064659,9.7893858,160.317671,0.0107804472,0.00409925357,-0.00034515711,1.32231128,-0.0809660554,-0.0612307079,-0.0553315245,-0.0418445542,0,-12.3204966,0,0.030250838,0.0113599226,263.220833,-0.0122592002,-0.00927103963,267.880463,263.310577,9.51155281,4.30052185,1.17436218,0.079691872
25680.0,185.75229,1,0.271367341,179.6875,9.32300186,0.18419157,1,145.606766,1,22.2239857,9.85381508,176.464675,0.0132632731,0.00413041469,-0.000343108259,1.32231128,-0.0800429583,-0.0605326146,-0.0554533638,-0.0419366956,0,-12.2473602,0,0.0374070294,0.0114471298,263.216667,-0.0121864285,-0.00921600591,267.880493,263.313293,9.632761,4.28952503,1.11990404,0.0810555071
25740.0,176.060967,1,0.277106941,176.5625,9.33640957,0.199901715,1,149.987823,1,22.5292606,9.83666515,167.257918,0.0111814141,0.00404681452,-0.000354671414,1.32231128,-0.0833820701,-0.063057825,-0.0579430088,-0.0438194908,0,-12.6601114,0,0.0314014181,0.0112144034,263.2125,-0.012597126,-0.0095265964,267.880463,263.312317,9.60996437,4.28322744,1.24602449,0.089180246
25800.0,177.73819,1,0.277835906,176.5625,9.34466171,0.197966397,1,151.088425,1,23.2059345,9.70147038,168.851281,0.0114053255,0.00402030256,-0.000354873744,1.32231128,-0.0843464732,-0.0637871549,-0.0574852228,-0.0434732921,0,-12.6673346,0,0.0320447981,0.0111402087,263.208333,-0.012604313,-0.0095320316,267.880157,263.313934,9.59745789,4.42034388,1.19307566,0.0815306529
25860.0,196.667276,1,0.272638828,179.6875,9.34712887,0.180272445,1,147.303162,1,23.4388447,9.73282146,186.833912,0.0138961887,0.00409374293,-0.000343946624,1.32231128,-0.0814959407,-0.0616314337,-0.0549483746,-0.0415547937,0,-12.2772875,0,0.0392434932,0.011345135,263.204167,-0.0122162066,-0.00923852529,267.879486,263.302795,9.60609531,4.30660248,1.25107312,0.0849917382
25920.0,183.514995,1,0.273812532,179.6875,9.35296059,0.179665491,1,147.51973,1,23.8123169,9.71083546,174.339245,0.0099831,0.00408743275,-0.000347896304,1.32231128,-0.0821503401,-0.0621263236,-0.0554947965,-0.041968029,0,-12.418272,0,0.0279685371,0.0113270963,263.2,-0.0123564899,-0.00934461504,267.879211,263.266357,9.55626106,4.3477993,1.27684283,0.083590731
25980.0,179.053825,1,0.274736166,179.6875,9.36394119,0.179072559,1,148.300095,1,23.8170357,9.74355984,170.101134,0.0105869938,0.00407065637,-0.000349579612,1.32231128,-0.0824360996,-0.0623424314,-0.0562665537,-0.0425516702,0,-12.4783583,0,0.0296963975,0.0112805162,263.195833,-0.0124162771,-0.00938982889,267.878662,263.291901,9.51881981,4.36367989,1.1335299,0.0797854364
26040.0,181.322721,1,0.270882577,179.6875,9.37832355,0.179629043,1,145.534393,1,23.0129604,9.82368946,172.256585,0.0111759137,0.00413683709,-0.000341442501,1.32231128,-0.0796428025,-0.0602299944,-0.0554202422,-0.0419116467,0,-12.1879015,0,0.0313856378,0.0114652999,263.191667,-0.0121272653,-0.00917126331,267.878143,263.288116,9.61698341,4.57018471,1.09787488,0.0786956847
26100.0,164.024406,1,0.272538245,179.6875,9.37751675,0.178926036,1,145.859634,1,23.6056366,9.73822594,155.823186,0.0132308584,0.00415078178,-0.000346966233,1.32231128,-0.0805697292,-0.060930986,-0.0561710447,-0.0424794406,0,-12.3850727,0,0.0373131037,0.0115043782,263.1875,-0.0123234559,-0.00931963325,267.877441,263.268097,9.62854385,4.51378202,1.06484556,0.0802662969
26160.0,176.839737,1,0.27923429,179.6875,9.38497066,0.17724514,1,150.412186,1,24.8399124,9.79467201,167.99775,0.0142604997,0.00405371981,-0.000361878832,1.32231128,-0.0847527534,-0.0640944019,-0.0587128252,-0.044401668,0,-12.9173832,0,0.0403028838,0.011234032,263.183333,-0.0128531177,-0.00972019043,267.876831,263.262573,9.66124916,4.6973381,1.18636739,0.0909386873
26220.0,186.792383,1,0.281324327,179.6875,9.40318108,0.177318484,1,152.073135,1,25.5398273,9.81069374,177.452764,0.0181006119,0.00399229582,-0.000366023858,1.32231128,-0.0859504417,-0.0650001541,-0.0597042963,-0.0451514684,0,-13.065341,0,0.0515741147,0.0110627301,263.179167,-0.0130003393,-0.00983152725,267.876251,263.259796,9.72126389,4.6392231,1.26080108,0.0955346674
26280.0,185.109529,1,0.282211244,179.6875,9.39422417,0.176864713,1,153.687515,1,25.5060158,9.74328518,175.854053,0.0111377258,0.00395858055,-0.000365615299,1.32231128,-0.0862458572,-0.0652235672,-0.0604358874,-0.0457047373,0,-13.0507565,0,0.031275969,0.0109679643,263.175,-0.0129858274,-0.00982055254,267.875854,263.27359,9.63384056,4.5464735,1.18694055,0.0931115448
26340.0,167.325452,1,0.278887093,179.6875,9.40206718,0.17460905,1,150.827148,1,25.5746155,9.7410593,158.959179,0.0141812377,0.00402883627,-0.000359538768,1.32231128,-0.084691897,-0.0640483797,-0.0583501123,-0.0441273637,0,-12.8338537,0,0.0400722511,0.0111642424,263.170833,-0.0127700036,-0.00965733547,267.875397,263.262238,9.56202507,4.44104004,1.25225532,0.0943459496
26400.0,176.56509,1,0.27558285,176.5625,9.41371822,0.191058844,1,147.996857,1,26.0930176,9.81991577,167.736836,0.0111645358,0.00409759581,-0.000353544456,1.32231128,-0.082846418,-0.0626527369,-0.0567580611,-0.0429233722,0,-12.6198854,0,0.0313529558,0.0113559524,263.166667,-0.0125570996,-0.00949632656,267.875,263.262695,9.63191795,4.49421549,1.14613974,0.0981227532
26460.0,191.361567,1,0.277667612,176.5625,9.41193771,0.191422209,1,149.095383,1,25.6908951,9.76616478,181.793489,0.0103733148,0.00409879535,-0.000358964491,1.32231128,-0.0844325423,-0.0638522431,-0.0571384393,-0.0432110354,0,-12.8133545,0,0.0290845167,0.0113597251,263.1625,-0.0127496067,-0.00964190997,267.875031,263.251831,9.55479145,4.39440823,1.28170729,0.0939587206
26520.0,181.167635,1,0.280232102,176.5625,9.41823292,0.189895466,1,150.202942,1,25.0087471,9.80987072,172.109253,0.011161292,0.00402280036,-0.000366281689,1.32231128,-0.0860495567,-0.0650751144,-0.0581245124,-0.0439567529,0,-13.0745449,0,0.0313436352,0.0111468248,263.158333,-0.013009497,-0.00983845256,267.874847,263.26181,9.59956169,4.43391037,1.42058086,0.0825534761
26580.0,161.539286,1,0.281951934,179.6875,9.42837143,0.171963856,1,152.166687,1,24.5835972,9.81564999,153.462322,0.0116362348,0.00400607474,-0.000368252426,1.32231128,-0.0864474177,-0.0653759986,-0.0598078743,-0.0452298,0,-13.1448898,0,0.0327089131,0.0111012766,263.154167,-0.0130794924,-0.00989138708,267.87442,263.223663,9.670331,4.38558292,1.40291691,0.0800901055
26640.0,175.065348,1,0.275668323,179.6875,9.43340492,0.170681,1,147.6884,1,24.0848236,9.81486416,166.312081,0.0106433732,0.00406982377,-0.000354612625,1.32231128,-0.0828389972,-0.0626471192,-0.0568790138,-0.043014843,0,-12.6580143,0,0.0298579261,0.0112782866,263.15,-0.0125950389,-0.00952501781,267.873566,263.256836,9.62757874,4.58765697,1.34583688,0.0765766725
26700.0,178.741052,1,0.272093654,179.6875,9.44094086,0.170293972,1,145.424866,1,23.4910336,9.81485653,169.804,0.0105403606,0.00409679115,-0.000346303277,1.32231128,-0.0807936043,-0.061100293,-0.0552834906,-0.0418082289,0,-12.3614082,0,0.0295628104,0.0113525279,263.145833,-0.0122999083,-0.00930182543,267.872559,263.238861,9.63123894,4.40940523,1.28251243,0.0749380663
26760.0,184.030604,1,0.273295492,179.6875,9.44183445,0.169579163,1,145.179993,1,23.4782448,9.87725067,174.829074,0.010866601,0.00416878518,-0.000351504306,1.32231128,-0.0814170167,-0.0615717471,-0.0559070446,-0.0422797911,0,-12.547061,0,0.0304978844,0.0115548503,263.141667,-0.012484638,-0.00944152754,267.871674,263.220306,9.59318829,4.4394989,1.14851797,0.0754914433
26820.0,181.726358,1,0.274004579,179.6875,9.44342136,0.167892575,1,145.660553,1,23.5460243,9.77687263,172.640041,0.0143352002,0.00416574441,-0.000353078707,1.32231128,-0.0819728747,-0.0619921163,-0.056003578,-0.0423527956,0,-12.6032591,0,0.0405203104,0.0115465932,263.1375,-0.0125405565,-0.0094838161,267.871552,263.22702,9.61820412,4.30155754,1.24604726,0.0758132041
26880.0,178.348562,1,0.273423225,179.6875,9.4575243,0.167558536,1,144.50412,1,23.8814945,9.78356743,169.431134,0.0169937331,0.00415800139,-0.000353643758,1.32231128,-0.0818113685,-0.0618699752,-0.0554930456,-0.0419667028,0,-12.6234283,0,0.0483053774,0.0115247443,263.133333,-0.0125606256,-0.00949899293,267.87085,263.215637,9.59345627,4.45731258,1.1724515,0.0771208778
26940.0,186.873004,1,0.273983419,179.6875,9.46318436,0.167837769,1,144.907974,1,23.9355812,9.9661808,177.529354,0.0103321988,0.00414743228,-0.000354830176,1.32231128,-0.0818836391,-0.0619246326,-0.0561068654,-0.0424309075,0,-12.6657791,0,0.0289668497,0.0114946812,263.129167,-0.0126027651,-0.00953086093,267.870239,263.21875,9.73842049,4.48980618,1.33560407,0.090110831
27000.0,190.189297,1,0.278838694,179.6875,9.45788574,0.169048458,1,148.968506,1,24.2503357,9.90125751,180.679833,0.0101144072,0.00404639542,-0.000363835192,1.32231128,-0.0847291276,-0.0640765354,-0.0582330599,-0.0440388434,0,-12.987215,0,0.0283438563,0.0112123694,263.125,-0.0129226018,-0.00977273844,267.870117,263.234558,9.70260715,4.45444012,1.2582922,0.0955318213
27060.0,178.482922,1,0.280304223,179.6875,9.45698833,0.167915404,1,150.158707,1,24.2617893,9.99324799,169.558776,0.0108346613,0.00404435769,-0.000366672582,1.32231128,-0.0857207105,-0.0648264214,-0.0587030575,-0.0443942808,0,-13.0884981,0,0.0304062907,0.0112072621,263.120833,-0.0130233811,-0.00984895229,267.869141,263.20816,9.76090622,4.56248188,1.19114327,0.0890516639
27120.0,187.852565,1,0.27671501,179.6875,9.4659214,0.167900279,1,147.614243,1,23.8902912,9.94677544,178.459937,0.0107689155,0.0040650256,-0.000358847494,1.32231128,-0.0833255947,-0.0630151108,-0.0575204529,-0.0434999317,0,-12.8091784,0,0.0302177612,0.0112643642,263.116667,-0.0127454512,-0.00963876769,267.867645,263.227844,9.72585487,4.32022047,1.23444676,0.0886769295
27180.0,193.371662,1,0.276364654,179.6875,9.46290588,0.168089628,1,146.59726,1,23.7361126,9.93842506,183.703079,0.0145754153,0.00410549343,-0.000359966129,1.32231128,-0.0835914984,-0.063216202,-0.0566780008,-0.0428628288,0,-12.8491096,0,0.0412199795,0.0113779306,263.1125,-0.0127851833,-0.00966881495,267.866394,263.201599,9.77476692,4.50979424,1.40527189,0.0874846652
27240.0,185.463271,1,0.27608335,179.6875,9.4687624,0.167628959,1,146.567764,1,24.0533009,9.90178871,176.190107,0.0107648354,0.00412396388,-0.000358940306,1.32231128,-0.0836799815,-0.0632831156,-0.056179449,-0.0424857959,0,-12.8124914,0,0.0302060656,0.0114295054,263.108333,-0.0127487481,-0.00964126084,267.866089,263.20752,9.72530079,4.34238434,1.27832627,0.0901362002
27300.0,192.406867,1,0.27742812,179.6875,9.46489429,0.16787529,1,147.234253,1,24.7484531,9.88784027,182.786524,0.0122849373,0.00414120452,-0.000362562248,1.32231128,-0.0845582932,-0.0639473423,-0.0566369072,-0.0428317524,0,-12.9417763,0,0.0345781483,0.0114789214,263.104167,-0.0128773898,-0.0097385468,267.865356,263.198486,9.73711205,4.29814768,1.30528641,0.0836181566
27360.0,191.539272,1,0.273915589,179.6875,9.46192646,0.168897659,1,145.24115,1,25.1118698,9.973279,181.962308,0.0123792272,0.00414868537,-0.000353753363,1.32231128,-0.0822246969,-0.0621825568,-0.0555180535,-0.0419856161,0,-12.6273422,0,0.0348502696,0.0114982296,263.1,-0.0125645194,-0.00950193778,267.86496,263.167053,9.79190063,4.60236406,1.31638074,0.0949145108
27420.0,195.329678,1,0.276233912,179.6875,9.46011257,0.168413565,1,146.91745,1,25.6658401,9.97735786,185.563194,0.0112438183,0.00413879473,-0.000358672085,1.32231128,-0.083896935,-0.0634471923,-0.0560530759,-0.0423902273,0,-12.8029165,0,0.0315806791,0.0114710983,263.095833,-0.0127392206,-0.00963405613,267.864441,263.158234,9.70576286,4.43052769,1.42635691,0.0853400156
27480.0,189.060612,1,0.277046561,182.8125,9.46197414,0.148248821,1,146.732468,1,24.9703407,9.91481876,179.607582,0.0107746199,0.00411501154,-0.000362303108,1.32231128,-0.0841658786,-0.0636505783,-0.0567193478,-0.0428940952,0,-12.9325275,0,0.0302341189,0.0114044156,263.091667,-0.0128681865,-0.00973158609,267.863678,263.159485,9.7428627,4.46607637,1.29460549,0.0941410512
27540.0,189.459615,1,0.27635932,179.6875,9.46410179,0.168868348,1,146.16571,1,25.0936489,9.85532093,179.986635,0.0108704055,0.00413005427,-0.000361007988,1.32231128,-0.0837647319,-0.063347213,-0.0564146973,-0.0426637046,0,-12.8862982,0,0.0305087864,0.0114462264,263.0875,-0.0128221875,-0.00969679933,267.86322,263.165833,9.68700314,4.48249245,1.35050154,0.0952320099
27600.0,197.162646,1,0.278180212,179.6875,9.46564007,0.168512374,1,146.846191,1,25.7696533,9.92333889,187.304514,0.011049252,0.00410031341,-0.000366484863,1.32231128,-0.0850975588,-0.0643551648,-0.0568244979,-0.0429736152,0,-13.0817966,0,0.0310219582,0.0113629606,263.083333,-0.0130167129,-0.00984391011,267.862671,263.179474,9.75487804,4.39051437,1.37102771,0.0880626142
27660.0,197.021272,1,0.277630985,179.6875,9.47015953,0.16774033,1,146.404877,1,26.617918,9.8724947,187.170208,0.0117595671,0.00410296163,-0.000365416548,1.32231128,-0.0846530795,-0.0640190244,-0.0567629263,-0.0429270528,0,-13.043663,0,0.0330639035,0.0113706309,263.079167,-0.0129787689,-0.0098152142,267.862671,263.175598,9.74354553,4.40999699,1.2859205,0.0957413167
27720.0,184.145391,1,0.282588303,179.6875,9.47589779,0.167447984,1,149.149536,1,26.2378922,9.9107933,174.938122,0.00985566713,0.00406815205,-0.000378251512,1.32231128,-0.08841943,-0.0668673366,-0.0577255599,-0.0436550453,0,-13.5018101,0,0.0276044868,0.0112736914,263.075,-0.0134346373,-0.0101599656,267.862366,263.18811,9.76788235,4.31578875,1.36017656,0.101637699
27780.0,180.131881,1,0.288296729,179.6875,9.4709692,0.167756259,1,152.908768,1,26.0488586,9.99186134,171.125287,0.012975038,0.00399537385,-0.000391765992,1.32231128,-0.092535302,-0.0699799657,-0.0592965931,-0.044843141,0,-13.9842148,0,0.0365723483,0.0110714007,263.070833,-0.0139146419,-0.01052297,267.861664,263.161255,9.87867737,4.33029652,1.36889648,0.0903985053
27840.0,187.258409,1,0.283778787,182.8125,9.46876621,0.147363931,1,149.634232,1,25.3940086,9.90383148,177.895489,0.0114653418,0.00405862974,-0.000381811347,1.32231128,-0.0895656273,-0.0677341446,-0.0575961955,-0.0435572155,0,-13.6288805,0,0.0322173499,0.0112469234,263.066667,-0.0135610756,-0.0102555845,267.861664,263.130829,9.7733736,4.59477234,1.42429805,0.0926048532
27900.0,189.637471,1,0.281166613,179.6875,9.47939491,0.167170241,1,147.053757,1,24.7064915,9.87748909,180.155597,0.0115175927,0.00412315363,-0.000377881021,1.32231128,-0.0876762345,-0.0663052946,-0.0569246747,-0.0430493765,0,-13.4885874,0,0.0323676094,0.0114274938,263.0625,-0.0134214796,-0.0101500154,267.861328,263.168579,9.76215839,4.31821156,1.41357577,0.0874935985
27960.0,201.734414,1,0.28579843,179.6875,9.48166656,0.167128846,1,149.800842,1,25.3613834,9.94358921,191.647693,0.0105010811,0.0040634023,-0.000389587716,1.32231128,-0.0905899107,-0.0685087666,-0.0588137731,-0.0444780104,0,-13.9064608,0,0.0294503141,0.0112608923,263.058333,-0.0138372742,-0.0104644606,267.860901,263.133331,9.80662155,4.25039673,1.45466208,0.0875350982
28020.0,180.223763,1,0.280795574,179.6875,9.480793,0.166163459,1,146.832382,1,25.2999706,10.0064974,171.212575,0.0125148837,0.00410324428,-0.0003769545,1.32231128,-0.0871557742,-0.0659116954,-0.0572174862,-0.0432708152,0,-13.4555149,0,0.0352419652,0.011371824,263.054167,-0.0133885723,-0.0101251286,267.859894,263.147614,9.8663311,4.33005428,1.06399798,0.0857768804
28080.0,190.14109,1,0.275421768,179.6875,9.48063564,0.165929109,1,144.645233,1,24.9423466,9.975564,180.634036,0.0113558574,0.00418206397,-0.000361102633,1.32231128,-0.0838913098,-0.063442938,-0.0549881235,-0.0415848568,0,-12.8896761,0,0.0319026113,0.011591956,263.05,-0.0128255486,-0.00969934184,267.859894,263.118988,9.76723766,4.54972076,1.35873842,0.0884050503
28140.0,189.987622,1,0.280625939,179.6875,9.48139668,0.166887537,1,147.059616,1,25.2115593,9.94376659,180.488241,0.0147207258,0.00412454735,-0.000375690317,1.32231128,-0.0873654336,-0.0660702437,-0.0566657968,-0.0428535976,0,-13.4103889,0,0.0416435823,0.0114319362,263.045833,-0.0133436704,-0.0100911716,267.859741,263.145416,9.79146767,4.33489799,1.38171005,0.0863550752
28200.0,187.053924,1,0.282595009,179.6875,9.48518944,0.167887136,1,148.5849,1,25.2188759,9.99141216,177.701227,0.0116158472,0.00409082882,-0.000379715872,1.32231128,-0.0885254294,-0.0669474974,-0.0575720854,-0.0435389802,0,-13.5540829,0,0.0326502472,0.0113371434,263.041667,-0.0134866498,-0.0101993,267.859314,263.151031,9.88676262,4.41358185,1.34300804,0.0862572789
28260.0,185.352778,1,0.283644915,179.6875,9.48576164,0.166410327,1,149.868332,1,25.4212322,9.8984251,176.085139,0.016568955,0.0040732976,-0.000380675658,1.32231128,-0.0887794122,-0.0671395734,-0.0586187243,-0.0443305038,0,-13.5883427,0,0.0470553003,0.0112889605,263.0375,-0.013520739,-0.01022508,267.859314,263.136322,9.74861908,4.42493868,1.30181074,0.086094588
28320.0,181.724954,1,0.28269884,179.6875,9.49610996,0.165899247,1,149.187454,1,25.9253063,9.87442684,172.638707,0.0124452952,0.00404565688,-0.000378599274,1.32231128,-0.0882747844,-0.0667579472,-0.0580969676,-0.0439359248,0,-13.5142231,0,0.0350410007,0.0112109073,263.033333,-0.0134469885,-0.0101693068,267.859314,263.115753,9.72575188,4.30960846,1.17680252,0.0815924704
28380.0,186.34595,1,0.284248292,179.6875,9.49493694,0.165834814,1,149.528366,1,26.1528931,9.93386459,177.028652,0.0101688402,0.00401959289,-0.000383981242,1.32231128,-0.0894264728,-0.0676289126,-0.0584590435,-0.0442097448,0,-13.7063351,0,0.0284995027,0.0111376541,263.029167,-0.0136381444,-0.0103138685,267.859192,263.127319,9.84545326,4.3515625,1.28683209,0.0858923942
28440.0,189.093105,1,0.278165758,179.6875,9.50080204,0.164670974,1,145.303604,1,25.6380482,10.0481672,179.63845,0.0141889323,0.00411473913,-0.000370317808,1.32231128,-0.0855967999,-0.0647327155,-0.0560502373,-0.0423880816,0,-13.2186146,0,0.0400946438,0.0114032328,263.025,-0.0131528508,-0.0099468641,267.858887,263.125854,9.90647411,4.45394611,1.26500297,0.0858164132
28500.0,180.984169,1,0.275752783,179.6875,9.50330734,0.163665757,1,143.660843,1,24.9810696,9.97741222,171.934961,0.0110096103,0.0041737631,-0.00036488942,1.32231128,-0.0841268301,-0.0636210516,-0.0550688729,-0.0416459218,0,-13.024848,0,0.0309081785,0.0115678096,263.020833,-0.0129600475,-0.00980105624,267.858887,263.12439,9.85594177,4.3739624,1.3017652,0.078641668
28560.0,187.993193,1,0.273079962,182.8125,9.50754929,0.144648716,1,142.256363,1,24.1713772,9.88333702,178.593534,0.0123330923,0.00419554301,-0.000357880344,1.32231128,-0.082335487,-0.0622663423,-0.0542628765,-0.041036386,0,-12.7746544,0,0.0347171016,0.0116287582,263.016667,-0.0127110993,-0.00961278938,267.858887,263.087738,9.7864418,4.32154036,1.2350688,0.0798197687
28620.0,175.182671,1,0.270132035,179.6875,9.51088428,0.162718967,1,140.70993,1,23.9344273,9.91982651,166.423538,0.0114844004,0.00422858866,-0.00035022205,1.32231128,-0.0801987574,-0.0606504381,-0.0536528863,-0.0405750796,0,-12.5012913,0,0.0322721601,0.0117210085,263.0125,-0.0124390954,-0.00940708537,267.858887,263.104523,9.77101898,4.28495598,1.21733987,0.0837478787
28680.0,185.819548,1,0.273954779,182.8125,9.51608562,0.141965896,1,143.22406,1,23.9998245,9.91644192,176.52857,0.0120750861,0.00421993947,-0.000358889403,1.32231128,-0.0827331096,-0.0625670478,-0.0548089668,-0.041449368,0,-12.8106747,0,0.0339729004,0.011697473,263.008333,-0.0127469404,-0.00963989366,267.858887,263.073486,9.75695705,4.33492184,1.22514522,0.0826024637
28740.0,195.255002,1,0.275191337,179.6875,9.50937843,0.161377579,1,143.51152,1,24.6527233,9.90017128,185.492251,0.0211274754,0.00420107367,-0.000363042549,1.32231128,-0.0836718827,-0.0632769912,-0.0550166853,-0.041606456,0,-12.9589224,0,0.0605979748,0.0116456207,263.004167,-0.0128944498,-0.00975144841,267.858521,263.114044,9.80971718,4.52817917,1.3105371,0.0888782442
28800.0,185.564881,1,0.279844642,179.6875,9.51046753,0.160169199,1,146.984222,1,25.1446762,9.93304157,176.286637,0.014647753,0.00412724027,-0.000372752227,1.32231128,-0.0868335962,-0.0656680465,-0.0564216226,-0.0426689424,0,-13.3055134,0,0.041430831,0.011438855,263,-0.0132393166,-0.0100122541,267.858307,263.085876,9.80275917,4.26456833,1.26771963,0.0815130919
28860.0,179.882144,1,0.276343793,179.6875,9.51506138,0.159874529,1,144.291733,1,24.4148769,9.9091568,170.888036,0.0104246689,0.00418265117,-0.000365634914,1.32231128,-0.0848363861,-0.0641576499,-0.0547690094,-0.0414191484,0,-13.0514565,0,0.0292315241,0.0115932114,262.995833,-0.012986524,-0.00982107967,267.858215,263.084412,9.733181,4.40522385,1.58184171,0.0860337466
28920.0,183.3378,1,0.275401086,179.6875,9.51654148,0.159140259,1,143.221603,1,24.0032711,9.9653101,174.17091,0.0152080096,0.00420843344,-0.000364609848,1.32231128,-0.0836009905,-0.0632233843,-0.0554012582,-0.0418972895,0,-13.0148668,0,0.0430660695,0.0116660986,262.991667,-0.0129501158,-0.00979354605,267.85788,263.076233,9.75104904,4.34015989,1.26472819,0.0901247263
28980.0,195.8622,1,0.277364016,179.6875,9.51436901,0.157587439,1,143.350037,1,24.3822594,9.85555077,186.06909,0.0104425587,0.00418241695,-0.000372128183,1.32231128,-0.085292697,-0.0645027384,-0.0554385111,-0.0419254601,0,-13.2832355,0,0.029282745,0.0115925157,262.9875,-0.0132171502,-0.00999549124,267.857452,263.080566,9.79317665,4.24372244,1.20264852,0.0928143561
29040.0,191.964915,1,0.273634076,182.8125,9.51092339,0.137103289,1,141.255951,1,24.6472015,10.0660315,182.366669,0.0147634624,0.00426242314,-0.000362613326,1.32231128,-0.0833976343,-0.0630695894,-0.0533628166,-0.0403557159,0,-12.9436016,0,0.0417682268,0.0118169766,262.983333,-0.0128792059,-0.00973991957,267.857178,263.083771,9.90599537,4.6357832,1.28457737,0.080750674
29100.0,189.036829,1,0.273594767,182.8125,9.5098877,0.137619853,1,140.73465,1,24.9380608,10.0279655,179.584987,0.0115954867,0.00427786028,-0.000363799685,1.32231128,-0.0830179676,-0.0627824664,-0.0538993366,-0.0407614596,0,-12.9859495,0,0.0325916708,0.0118599497,262.979167,-0.0129213426,-0.0097717857,267.856964,263.051727,9.78624153,4.27566814,1.23343801,0.0832549706
29160.0,180.636736,1,0.274362952,182.8125,9.50744343,0.136808917,1,141.127243,1,25.3823013,9.97677708,171.604899,0.0130170174,0.00430499017,-0.000365852087,1.32231128,-0.0832813531,-0.0629816577,-0.0545145459,-0.0412267111,0,-13.0592108,0,0.0366938412,0.0119367652,262.975,-0.0129942391,-0.00982691348,267.856598,263.061218,9.82451916,4.31948614,1.51420915,0.0990364626
29220.0,182.77139,1,0.273340732,182.8125,9.5214901,0.136569098,1,141.060577,1,24.7365589,9.9254427,173.632821,0.0106427418,0.00425856002,-0.000361949002,1.32231128,-0.0830652714,-0.0628182441,-0.0534878224,-0.0404502489,0,-12.9198875,0,0.0298561323,0.0118054552,262.970833,-0.0128556099,-0.00972207543,267.856018,263.062347,9.82648277,4.49461365,1.38838077,0.101588085
29280.0,202.929164,1,0.276974022,182.8125,9.52192974,0.13557145,1,143.389771,1,25.3097324,9.92991447,192.782706,0.0157118347,0.00422761682,-0.000370458001,1.32231128,-0.085396558,-0.0645812824,-0.0547505543,-0.0414051935,0,-13.2236185,0,0.0445400737,0.0117199961,262.966667,-0.0131578296,-0.00995062944,267.85556,263.060913,9.82683945,4.33295727,1.39003038,0.0809617341
29340.0,177.510847,1,0.284422666,179.6875,9.53183365,0.152312487,1,147.963562,1,26.0591049,9.92720318,168.635304,0.0172081459,0.00414294563,-0.000388756627,1.32231128,-0.0904037207,-0.0683679581,-0.0571817756,-0.0432438068,0,-13.8767939,0,0.0489372835,0.0114842299,262.9625,-0.013807755,-0.0104421368,267.855438,263.050415,9.80866432,4.45584106,1.2098974,0.0893587321
29400.0,193.130491,1,0.286440194,179.6875,9.51974392,0.15357995,1,148.888794,1,25.5655651,9.99318218,183.473967,0.0123128127,0.00409278367,-0.000394620729,1.32231128,-0.0915284902,-0.0692185685,-0.0582517125,-0.044052951,0,-14.0861149,0,0.0346585773,0.0113434307,262.958333,-0.014016035,-0.0105996486,267.855438,263.059021,9.80974007,4.21789932,1.36861777,0.0932122543
29460.0,195.453779,1,0.280324101,182.8125,9.50895691,0.13500157,1,145.629211,1,25.2491302,10.0429411,185.68109,0.0125266789,0.00416494766,-0.000378157565,1.32231128,-0.087699607,-0.0663229674,-0.0557308607,-0.0421465524,0,-13.498457,0,0.0352760442,0.0115444195,262.954167,-0.0134313004,-0.0101574427,267.855438,263.048218,9.8839035,4.19514084,1.40190852,0.0984305143
29520.0,191.793374,1,0.27929306,179.6875,9.51641655,0.153836325,1,143.981812,1,24.6635227,10.0452986,182.203705,0.0116838282,0.00420881808,-0.000378279481,1.32231128,-0.0867839456,-0.0656304955,-0.0557469726,-0.0421587378,0,-13.5028105,0,0.0328458846,0.0116669685,262.95,-0.013435632,-0.0101607181,267.855194,263.030365,9.87174797,4.18646908,1.20353651,0.0849366635
29580.0,198.326417,1,0.280855358,179.6875,9.50473022,0.154814139,1,146.266479,1,24.7930965,10.0682163,188.410096,0.0166079532,0.00414547324,-0.000378654659,1.32231128,-0.087726593,-0.0663433746,-0.0564205199,-0.0426681079,0,-13.516202,0,0.0471699499,0.0114899389,262.945833,-0.0134489574,-0.010170795,267.854736,263.025208,9.90468788,4.09511089,1.22325325,0.0847475603
29640.0,195.986852,1,0.279419482,182.8125,9.50047588,0.138056681,1,144.473068,1,25.8273029,10.0728626,186.187509,0.0135796182,0.0041849846,-0.000377505407,1.32231128,-0.0869114697,-0.0657269359,-0.0557211787,-0.0421392284,0,-13.4751778,0,0.0383243077,0.0116002671,262.941667,-0.0134081375,-0.0101399254,267.854584,263.038788,9.9012928,4.25053358,1.23441505,0.0860319585
29700.0,192.345946,1,0.280945957,182.8125,9.50394154,0.1377967,1,144.90036,1,26.402977,10.075779,182.728649,0.01176723,0.00416563312,-0.000382594648,1.32231128,-0.0879640132,-0.0665229261,-0.0561748035,-0.042482283,0,-13.6568403,0,0.0330859609,0.0115463957,262.9375,-0.013588896,-0.010276624,267.85376,263.040527,9.89428234,4.2245326,1.38086009,0.0916049778
29760.0,195.211856,1,0.280976266,182.8125,9.51137924,0.139562503,1,145.495941,1,25.9722576,10.0442295,185.451264,0.0114844898,0.00417409791,-0.000381151825,1.32231128,-0.0878208876,-0.0664146841,-0.0564399473,-0.0426828004,0,-13.6053391,0,0.0322724059,0.0115700597,262.933333,-0.0135376509,-0.0102378698,267.85376,263.029785,9.93038559,4.30825949,1.3793937,0.0898584723
29820.0,197.077146,1,0.280683458,182.8125,9.50574589,0.138320401,1,146.223221,1,26.4051361,10.0154619,187.223289,0.0141417896,0.00414163293,-0.00037807168,1.32231128,-0.0879027843,-0.0664766207,-0.0559081584,-0.042280633,0,-13.4953918,0,0.0399574861,0.011479212,262.929167,-0.0134282503,-0.0101551358,267.853485,263.015808,9.91886997,4.2365284,1.52237463,0.0871599466
29880.0,196.37234,1,0.281014264,182.8125,9.49623489,0.138125747,1,145.230286,1,25.6282501,10.1683626,186.553723,0.0147598097,0.00415580021,-0.000382003986,1.32231128,-0.0877560452,-0.0663656443,-0.0565928817,-0.0427984558,0,-13.6357565,0,0.0417575762,0.0115186311,262.925,-0.013567917,-0.0102607589,267.852997,263.020325,9.97915649,4.22637653,1.3686161,0.0881863385
29940.0,196.796439,1,0.279568344,182.8125,9.49110889,0.138115332,1,143.804199,1,25.3175926,10.0427666,186.956617,0.0125902435,0.00419532368,-0.000379867735,1.32231128,-0.0868642777,-0.0656912476,-0.0559980273,-0.0423485972,0,-13.5595026,0,0.0354596749,0.0116293039,262.920833,-0.0134920422,-0.0102033783,267.852844,263.019012,9.90519714,4.45225382,1.42752647,0.0893338025
30000.0,196.821412,1,0.283691674,182.8125,9.49398041,0.138364702,1,146.611343,1,25.4521523,10.0046597,186.980341,0.0107021462,0.00410597119,-0.000389324938,1.32231128,-0.0894626379,-0.0676562637,-0.0576354079,-0.0435868688,0,-13.8970814,0,0.0300263707,0.011379024,262.916667,-0.0138279414,-0.0104574021,267.8526,263.01535,9.85437012,4.37188005,1.27298093,0.0858222693
30060.0,201.551996,1,0.279481828,182.8125,9.48448563,0.138586536,1,144.491394,1,25.4225864,9.91508579,191.474396,0.012064578,0.00417464785,-0.000377710239,1.32231128,-0.0866523683,-0.065530993,-0.0562079772,-0.0425073728,0,-13.4824905,0,0.0339425988,0.0115708895,262.9125,-0.0134154139,-0.0101454277,267.852295,263.02301,9.78746414,4.21462584,1.26013184,0.0882337689
30120.0,205.416745,1,0.272975147,182.8125,9.47972584,0.137204424,1,140.21553,1,24.6830978,9.97556305,195.145908,0.011936672,0.00426236354,-0.000362671301,1.32231128,-0.0824964046,-0.0623880364,-0.0538796484,-0.0407465696,0,-12.9456711,0,0.0335739739,0.0118156588,262.908333,-0.012881265,-0.00974147674,267.85199,263.016052,9.88874435,4.13258219,1.26408291,0.0854518563
30180.0,194.702289,1,0.274333388,182.8125,9.47609043,0.137814894,1,141.750961,1,24.5050735,9.98693371,184.967175,0.0111657474,0.00424131472,-0.000364124571,1.32231128,-0.0831224322,-0.0628614724,-0.0547175556,-0.0413802378,0,-12.9975462,0,0.031356439,0.0117568355,262.904167,-0.0129328817,-0.00978051219,267.85199,263.016479,9.85533142,4.34809303,1.17844367,0.0869292915
30240.0,179.765516,1,0.273447603,182.8125,9.48327923,0.137167886,1,139.70929,1,24.116394,9.92272186,170.77724,0.014534561,0.00428123027,-0.000365878659,1.32231128,-0.0827748775,-0.0625986308,-0.0540775284,-0.0408962183,0,-13.0601587,0,0.0411009379,0.011868393,262.9,-0.0129951825,-0.0098276278,267.85199,262.99826,9.81505966,4.35797596,1.14550781,0.0796517283
30300.0,190.1123,1,0.276298553,182.8125,9.49398899,0.1351524,1,142.59024,1,23.3743305,9.8930788,180.606685,0.011924061,0.00423168391,-0.000369816262,1.32231128,-0.0847514421,-0.064093411,-0.0548395291,-0.0414724797,0,-13.2007113,0,0.0335376523,0.0117303971,262.895833,-0.0131350365,-0.00993339252,267.851837,262.982574,9.75512314,4.31539059,1.3172574,0.0802985653
30360.0,190.39519,1,0.277989864,182.8125,9.49099731,0.135172695,1,142.65509,1,24.0440006,9.92814541,180.875431,0.0127727129,0.00424938928,-0.000376478041,1.32231128,-0.085856244,-0.0649289191,-0.0554138608,-0.0419068187,0,-13.4385061,0,0.0359870791,0.0117809828,262.891667,-0.0133716483,-0.0101123303,267.851288,262.976288,9.80687141,4.24751186,1.48300731,0.0853676796
30420.0,192.715557,1,0.274042934,182.8125,9.49471378,0.135451138,1,140.378586,1,24.1397896,9.91337299,183.079779,0.013623761,0.00427885633,-0.000366517692,1.32231128,-0.0833174065,-0.0630089194,-0.0540341027,-0.0408633761,0,-13.0829697,0,0.038452398,0.0118624661,262.8875,-0.0130178798,-0.00984479208,267.851044,262.985321,9.80007172,4.15823698,1.31690025,0.0835709199
30480.0,196.746794,1,0.274245262,182.8125,9.49330139,0.135389328,1,140.777695,1,23.608736,9.95584583,186.909454,0.0133344512,0.00430354662,-0.000366288761,1.32231128,-0.0832861438,-0.0629852787,-0.0543511547,-0.041103147,0,-13.0747976,0,0.0376133099,0.0119321533,262.883333,-0.0130097484,-0.00983864255,267.850983,262.96106,9.8257513,4.49922371,1.40550709,0.0944844484
30540.0,203.651511,1,0.274137676,182.8125,9.48876572,0.134920672,1,140.922684,1,23.4104919,9.89992142,193.468935,0.0124818981,0.00427325862,-0.000365481392,1.32231128,-0.0835503489,-0.0631850809,-0.0538001657,-0.0406864621,0,-13.0459776,0,0.0351467133,0.0118471328,262.879167,-0.0129810721,-0.00981695671,267.850983,262.962769,9.81914997,4.17636108,1.38809872,0.0830757171
30600.0,193.551796,1,0.280627251,182.8125,9.49489784,0.134568349,1,145.221832,1,24.1957321,9.89359283,183.874206,0.011384421,0.00416748738,-0.000380450016,1.32231128,-0.0876025856,-0.0662495941,-0.0563002378,-0.0425771438,0,-13.5802879,0,0.0319847092,0.0115517192,262.875,-0.0135127241,-0.0102190189,267.851013,262.961273,9.75244999,4.22093105,1.29181147,0.0853840262
30660.0,200.818023,1,0.279445082,182.8125,9.49588299,0.134245992,1,144.369766,1,24.1505527,9.92072105,190.777122,0.0116127348,0.00420335028,-0.000377879333,1.32231128,-0.0865087956,-0.0654224157,-0.0563789383,-0.0426366627,0,-13.4885273,0,0.0326412953,0.0116519378,262.870833,-0.01342142,-0.0101499697,267.850983,262.944489,9.82372379,4.16864491,1.30978775,0.0951341987
30720.0,198.805578,1,0.281618208,182.8125,9.49565411,0.132721767,1,144.674942,1,24.1442165,9.96971607,188.865299,0.0173441917,0.00420425087,-0.000385948049,1.32231128,-0.0881060362,-0.0666303262,-0.056879174,-0.043014966,0,-13.7765408,0,0.0493385568,0.0116549861,262.866667,-0.013708001,-0.0103666978,267.850983,262.959564,9.88396263,4.18717861,1.2249651,0.0916173607
30780.0,186.082962,1,0.278008908,182.8125,9.49835205,0.132081062,1,142.973969,1,23.7876377,10.0129194,176.778814,0.0116744209,0.00422360003,-0.00037571555,1.32231128,-0.0858970433,-0.0649597719,-0.0553764477,-0.0418785252,0,-13.4112892,0,0.0328188054,0.0117083229,262.8625,-0.0133445663,-0.0100918496,267.850403,262.922852,9.9264183,4.20555878,1.35895324,0.086523369
30840.0,183.668719,1,0.277301639,182.8125,9.49876404,0.131385192,1,142.690308,1,23.5017529,9.94707298,174.485283,0.0105961161,0.00421129214,-0.000373596558,1.32231128,-0.0860671997,-0.0650884584,-0.054142464,-0.040945325,0,-13.3356504,0,0.0297225304,0.0116733862,262.858333,-0.0132693043,-0.0100349328,267.849701,262.949615,9.84073544,4.42575836,1.26144397,0.0860026926
30900.0,177.229159,1,0.274510413,182.8125,9.50271416,0.130471304,1,140.86319,1,23.6881733,9.96630669,168.367701,0.0110637331,0.00427743513,-0.00036712928,1.32231128,-0.0842231736,-0.0636939108,-0.0532483906,-0.0402691811,0,-13.1047993,0,0.031063525,0.0118583962,262.854167,-0.013039601,-0.00986121874,267.848602,262.948334,9.88902092,4.28815365,1.13509429,0.0877396166
30960.0,173.340858,1,0.272977889,182.8125,9.51300812,0.129391804,1,139.659805,1,23.8990955,9.84852982,164.673816,0.0125535503,0.00432263501,-0.000364125415,1.32231128,-0.082947351,-0.0627290681,-0.0531864464,-0.0402223356,0,-12.9975748,0,0.0353536606,0.0119848382,262.85,-0.0129329106,-0.00978053454,267.847229,262.955383,9.77091789,4.09997177,1.52357864,0.0879860669
31020.0,183.182278,1,0.272235751,182.8125,9.51462364,0.128617331,1,139.905563,1,24.1411533,9.86894989,174.023164,0.0148117058,0.00435068691,-0.00036052923,1.32231128,-0.0820800141,-0.0620731413,-0.0535423458,-0.0404914841,0,-12.8692083,0,0.0419089459,0.0120637389,262.845833,-0.0128051825,-0.00968393963,267.846283,262.899994,9.78024578,4.28373241,1.51596785,0.103217274
31080.0,178.712866,1,0.276062608,182.8125,9.51436901,0.126231924,1,141.652222,1,25.2311935,9.91053772,169.777222,0.0137677118,0.00427516829,-0.000371312315,1.32231128,-0.0844041333,-0.0638307557,-0.0550577864,-0.0416375399,0,-13.2541151,0,0.0388702862,0.0118526565,262.841667,-0.013188174,-0.00997357722,267.845245,262.936218,9.77357292,4.34867573,1.78748155,0.0952523276
31140.0,172.665154,1,0.278550088,182.8125,9.51825142,0.124568023,1,142.836411,1,25.1222591,9.81273842,164.031896,0.0135732498,0.00426813494,-0.000378277909,1.32231128,-0.0868429467,-0.0656751171,-0.0546325669,-0.0413159654,0,-13.5027542,0,0.038305819,0.0118336184,262.8375,-0.0134355761,-0.0101606753,267.844238,262.93219,9.68440437,4.38462639,1.54089212,0.100172922
31200.0,185.25075,1,0.281669766,182.8125,9.52282143,0.124531627,1,143.71962,1,24.7143173,9.81513309,175.988212,0.0142803127,0.00422391109,-0.000388726941,1.32231128,-0.0883684903,-0.0668288097,-0.0565418787,-0.0427598841,0,-13.8757343,0,0.0403605402,0.0117097907,262.833333,-0.0138067007,-0.0104413396,267.843506,262.922577,9.72373199,4.21519661,1.33991909,0.0966206193
31260.0,168.203055,1,0.282853693,182.8125,9.51665211,0.123880878,1,144.73381,1,24.701664,9.81436825,159.792902,0.0121295135,0.00418063905,-0.000390890928,1.32231128,-0.0896354169,-0.0677869245,-0.0561931878,-0.0424961857,0,-13.9529791,0,0.034129817,0.0115883453,262.829167,-0.0138835609,-0.0104994653,267.843384,262.917511,9.69298077,4.27250528,1.72586131,0.0943053067
31320.0,169.087642,1,0.280905068,182.8125,9.5265255,0.123042949,1,143.902695,1,24.9645634,9.91867828,160.63326,0.0143087991,0.00418289052,-0.000385078951,1.32231128,-0.0881026685,-0.0666277856,-0.0559004284,-0.042274788,0,-13.7455187,0,0.0404434614,0.0115942769,262.825,-0.0136771332,-0.0103433533,267.842804,262.924957,9.77976418,4.1452589,1.33357239,0.0994292125
31380.0,178.596586,1,0.278655052,182.8125,9.53250885,0.122180559,1,141.753754,1,24.4409523,9.96257782,169.666757,0.0116389478,0.00426672958,-0.000381598133,1.32231128,-0.0865079463,-0.065421775,-0.0553052314,-0.0418246686,0,-13.6212702,0,0.0327167325,0.0118290689,262.820833,-0.013553503,-0.0102498578,267.842377,262.923126,9.75853062,4.21281528,1.23556352,0.0904455036
31440.0,179.881449,1,0.27465567,182.8125,9.53218365,0.121562354,1,138.809082,1,24.7943554,9.76766491,170.887376,0.0141560258,0.00432670023,-0.000373153714,1.32231128,-0.0840013027,-0.0635261163,-0.0537935756,-0.0406814776,0,-13.3198442,0,0.0399989076,0.0119961081,262.816667,-0.0132535761,-0.0100230379,267.841644,262.890045,9.67440414,4.22479248,1.21266937,0.0946588144
31500.0,191.492973,1,0.278688848,182.8125,9.53178787,0.1210787,1,140.92247,1,25.3735466,9.8673687,181.918325,0.0133587196,0.00430635922,-0.00038398878,1.32231128,-0.0865312815,-0.065439418,-0.055314973,-0.0418320373,0,-13.706605,0,0.0376836583,0.0119399671,262.8125,-0.0136384126,-0.0103140716,267.840546,262.921753,9.73745918,4.20641518,1.34108913,0.095017314
31560.0,176.574215,1,0.27720812,179.6875,9.5358963,0.13594915,1,141.260635,1,25.8811913,10.0295906,167.745504,0.0164718181,0.00430279598,-0.000376995944,1.32231128,-0.0857207701,-0.0648264661,-0.0545616969,-0.0412623696,0,-13.4569941,0,0.0467697568,0.0119299525,262.808333,-0.0133900438,-0.0101262415,267.839966,262.896179,9.93132687,4.1887002,1.33039713,0.0944193453
31620.0,178.812559,1,0.281016499,179.6875,9.54857826,0.134565786,1,143.055374,1,25.719902,10.0601606,169.871931,0.0154829947,0.00422430038,-0.000387820997,1.32231128,-0.0880249888,-0.0665690377,-0.0561767109,-0.0424837247,0,-13.8433971,0,0.0438701697,0.0117104212,262.804167,-0.0137745244,-0.010417006,267.839355,262.892853,9.84652138,4.14572811,1.27856708,0.09392941
31680.0,190.721901,1,0.276409537,179.6875,9.54092312,0.134684667,1,140.173676,1,25.8749428,9.9703846,181.185806,0.0131778596,0.00427956972,-0.000376645359,1.32231128,-0.0849035084,-0.0642084107,-0.0547535941,-0.041407492,0,-13.4444799,0,0.0371595807,0.0118645038,262.8,-0.013377592,-0.0101168249,267.839355,262.894257,9.83837032,4.18129635,1.30163717,0.0906470418
31740.0,182.136896,1,0.278130025,182.8125,9.54260349,0.115205958,1,141.707687,1,25.6787968,10.10853,173.030051,0.0130225457,0.00428928994,-0.00037956849,1.32231128,-0.086278677,-0.0652483851,-0.0549459159,-0.0415529348,0,-13.5488214,0,0.0367098488,0.0118916752,262.795833,-0.0134814139,-0.010195341,267.839355,262.895233,9.96510983,4.08870554,1.22188258,0.0853370652
31800.0,183.28462,1,0.275876462,179.6875,9.55077839,0.13358441,1,140.693878,1,24.860384,10.0735359,174.120389,0.0154601783,0.004308437,-0.000373085815,1.32231128,-0.0845536888,-0.0639438629,-0.0545777008,-0.0412744731,0,-13.3174191,0,0.0438034162,0.0119452663,262.791667,-0.0132511631,-0.0100212134,267.83905,262.893219,9.94321442,4.2092905,1.30374527,0.0836275592
31860.0,189.452384,1,0.275448352,179.6875,9.54464531,0.13391915,1,140.318115,1,24.0527306,9.9639616,179.979765,0.00998567604,0.00428982824,-0.000372346083,1.32231128,-0.0846695006,-0.0640314445,-0.053818278,-0.0407001562,0,-13.2910156,0,0.0279759075,0.0118927862,262.7875,-0.0132248914,-0.0100013446,267.838959,262.878174,9.84723282,4.23729992,1.21073484,0.0781079382
31920.0,180.261957,1,0.274025053,182.8125,9.55034351,0.114877157,1,140.08873,1,24.0979424,9.97020817,171.248859,0.0110077998,0.00432308484,-0.000367204193,1.32231128,-0.0834475607,-0.063107349,-0.0538089536,-0.040693108,0,-13.1074734,0,0.0309030004,0.0119864196,262.783333,-0.0130422618,-0.00986323133,267.838959,262.862427,9.85450554,4.04872036,1.29535747,0.0799228773
31980.0,195.752203,1,0.27161032,179.6875,9.55301762,0.133080676,1,139.102859,1,23.9403286,9.98146915,185.964593,0.0130378818,0.00438883947,-0.000360116246,1.32231128,-0.081964165,-0.06198553,-0.0528945513,-0.0400015898,0,-12.8544664,0,0.0367542431,0.0121712191,262.779167,-0.0127905142,-0.00967284665,267.838776,262.878448,9.9013443,4.18178272,1.25794256,0.0789845511
32040.0,190.476103,1,0.271712422,182.8125,9.54880619,0.114396885,1,138.423706,1,24.23559,10.0162849,180.952297,0.012319183,0.00434991065,-0.000362291408,1.32231128,-0.0821496248,-0.0621257834,-0.0527419597,-0.0398861915,0,-12.9321098,0,0.0346769728,0.0120611573,262.775,-0.0128677711,-0.00973127224,267.838806,262.861053,9.79784203,4.13519859,1.14128065,0.0783569217
32100.0,181.746604,1,0.269950062,182.8125,9.5477314,0.113729604,1,136.25029,1,24.4821854,9.99345493,172.659274,0.0123088341,0.00437898841,-0.000360954757,1.32231128,-0.0813988596,-0.0615580156,-0.0515716821,-0.0390011668,0,-12.8843985,0,0.0346470997,0.0121418294,262.770833,-0.0128202969,-0.00969536975,267.838684,262.85614,9.95317841,4.07027912,1.27737677,0.0811347067
32160.0,176.334401,1,0.274948835,182.8125,9.54262638,0.112471335,1,138.35553,1,24.3793354,10.0201006,167.517681,0.0130469585,0.0043343734,-0.000375577103,1.32231128,-0.0840567648,-0.0635680631,-0.0541015528,-0.0409143865,0,-13.4063473,0,0.0367805287,0.0120178182,262.766667,-0.013339649,-0.0100881308,267.838348,262.856079,9.83339119,4.0117178,1.2087729,0.0819278508
32220.0,182.995078,1,0.277306378,182.8125,9.55704784,0.112701014,1,140.338577,1,24.0765247,9.94818592,173.845324,0.0121711828,0.00429688673,-0.000379876583,1.32231128,-0.0855004936,-0.0646598861,-0.0550394356,-0.0416236594,0,-13.5598183,0,0.0342499837,0.0119127994,262.7625,-0.0134923561,-0.0102036158,267.838348,262.84967,9.84268665,4.17747498,1.16972566,0.0829676688
32280.0,187.227934,1,0.277214617,182.8125,9.55179691,0.112698406,1,140.802856,1,24.242218,9.97977352,177.866537,0.0121687399,0.00430872757,-0.000378248224,1.32231128,-0.0854492411,-0.0646211207,-0.0549947582,-0.0415898748,0,-13.5016937,0,0.0342429429,0.0119466539,262.758333,-0.0134345209,-0.0101598781,267.837952,262.842621,9.84313488,4.03160763,1.39255178,0.0825677291
32340.0,192.740821,1,0.277413517,182.8125,9.54898262,0.112930171,1,140.063385,1,24.2715397,10.0389996,183.10378,0.0125418277,0.00433027605,-0.000381064281,1.32231128,-0.0857324675,-0.0648353174,-0.0548233986,-0.0414602831,0,-13.6022139,0,0.0353197902,0.0120067438,262.754167,-0.0135345412,-0.0102355182,267.837036,262.85257,9.91860485,4.12571621,1.37811422,0.0850844234
32400.0,193.559842,1,0.27501604,182.8125,9.54584599,0.113125511,1,138.595306,1,24.8139153,10.0289707,183.88185,0.0111061186,0.0043566199,-0.000375202362,1.32231128,-0.0845021233,-0.0639048666,-0.053494703,-0.0404554531,0,-13.392971,0,0.031185206,0.0120799504,262.75,-0.0133263394,-0.0100780651,267.835388,262.833801,9.95041275,4.15460873,1.34676719,0.0797622427
