time_s,z_m,variable,value,location,units,record_kind,window_start_s,window_end_s,source_times_s
14400,6.25,buoyancy_mean,-0.090774944052100182,Center,m s^-2,equal_mean_of_12_instantaneous_profiles,10800,14400,11100.0;11400.0;11700.0;12000.0;12300.0;12600.0;12900.0;13200.0;13500.0;13800.0;14100.0;14400.0
14400,18.75,buoyancy_mean,-0.1099514967451493,Center,m s^-2,equal_mean_of_12_instantaneous_profiles,10800,14400,11100.0;11400.0;11700.0;12000.0;12300.0;12600.0;12900.0;13200.0;13500.0;13800.0;14100.0;14400.0
14400,31.25,buoyancy_mean,-0.11158240959048271,Center,m s^-2,equal_mean_of_12_instantaneous_profiles,10800,14400,11100.0;11400.0;11700.0;12000.0;12300.0;12600.0;12900.0;13200.0;13500.0;13800.0;14100.0;14400.0
14400,43.75,buoyancy_mean,-0.1021213090668122,Center,m s^-2,equal_mean_of_12_instantaneous_profiles,10800,14400,11100.0;11400.0;11700.0;12000.0;12300.0;12600.0;12900.0;13200.0;13500.0;13800.0;14100.0;14400.0
14400,56.25,buoyancy_mean,-0.096009030317266777,Center,m s^-2,equal_mean_of_12_instantaneous_profiles,10800,14400,11100.0;11400.0;11700.0;12000.0;12300.0;12600.0;12900.0;13200.0;13500.0;13800.0;14100.0;14400.0
14400,68.75,buoyancy_mean,-0.084098229184746742,Center,m s^-2,equal_mean_of_12_instantaneous_profiles,10800,14400,11100.0;11400.0;11700.0;12000.0;12300.0;12600.0;12900.0;13200.0;13500.0;13800.0;14100.0;14400.0
14400,81.25,buoyancy_mean,-0.068260188835362598,Center,m s^-2,equal_mean_of_12_instantaneous_profiles,10800,14400,11100.0;11400.0;11700.0;12000.0;12300.0;12600.0;12900.0;13200.0;13500.0;13800.0;14100.0;14400.0
14400,93.75,buoyancy_mean,-0.054193942807614803,Center,m s^-2,equal_mean_of_12_instantaneous_profiles,10800,14400,11100.0;11400.0;11700.0;12000.0;12300.0;12600.0;12900.0;13200.0;13500.0;13800.0;14100.0;14400.0
14400,106.25,buoyancy_mean,-0.043355920662482582,Center,m s^-2,equal_mean_of_12_instantaneous_profiles,10800,14400,11100.0;11400.0;11700.0;12000.0;12300.0;12600.0;12900.0;13200.0;13500.0;13800.0;14100.0;14400.0
14400,118.75,buoyancy_mean,-0.034306574923296772,Center,m s^-2,equal_mean_of_12_instantaneous_profiles,10800,14400,11100.0;11400.0;11700.0;12000.0;12300.0;12600.0;12900.0;13200.0;13500.0;13800.0;14100.0;14400.0
14400,131.25,buoyancy_mean,-0.025798753990481298,Center,m s^-2,equal_mean_of_12_instantaneous_profiles,10800,14400,11100.0;11400.0;11700.0;12000.0;12300.0;12600.0;12900.0;13200.0;13500.0;13800.0;14100.0;14400.0
14400,143.75,buoyancy_mean,-0.016562735196202993,Center,m s^-2,equal_mean_of_12_instantaneous_profiles,10800,14400,11100.0;11400.0;11700.0;12000.0;12300.0;12600.0;12900.0;13200.0;13500.0;13800.0;14100.0;14400.0
14400,156.25,buoyancy_mean,-0.0082829134383549299,Center,m s^-2,equal_mean_of_12_instantaneous_profiles,10800,14400,11100.0;11400.0;11700.0;12000.0;12300.0;12600.0;12900.0;13200.0;13500.0;13800.0;14100.0;14400.0
14400,168.75,buoyancy_mean,0.00095377865030362352,Center,m s^-2,equal_mean_of_12_instantaneous_profiles,10800,14400,11100.0;11400.0;11700.0;12000.0;12300.0;12600.0;12900.0;13200.0;13500.0;13800.0;14100.0;14400.0
14400,181.25,buoyancy_mean,0.0088682494436701145,Center,m s^-2,equal_mean_of_12_instantaneous_profiles,10800,14400,11100.0;11400.0;11700.0;12000.0;12300.0;12600.0;12900.0;13200.0;13500.0;13800.0;14100.0;14400.0
14400,193.75,buoyancy_mean,0.010347841617961725,Center,m s^-2,equal_mean_of_12_instantaneous_profiles,10800,14400,11100.0;11400.0;11700.0;12000.0;12300.0;12600.0;12900.0;13200.0;13500.0;13800.0;14100.0;14400.0
14400,206.25,buoyancy_mean,0.011704719314972559,Center,m s^-2,equal_mean_of_12_instantaneous_profiles,10800,14400,11100.0;11400.0;11700.0;12000.0;12300.0;12600.0;12900.0;13200.0;13500.0;13800.0;14100.0;14400.0
14400,218.75,buoyancy_mean,0.014359943723926941,Center,m s^-2,equal_mean_of_12_instantaneous_profiles,10800,14400,11100.0;11400.0;11700.0;12000.0;12300.0;12600.0;12900.0;13200.0;13500.0;13800.0;14100.0;14400.0
14400,231.25,buoyancy_mean,0.015025807699809471,Center,m s^-2,equal_mean_of_12_instantaneous_profiles,10800,14400,11100.0;11400.0;11700.0;12000.0;12300.0;12600.0;12900.0;13200.0;13500.0;13800.0;14100.0;14400.0
14400,243.75,buoyancy_mean,0.014976126452287039,Center,m s^-2,equal_mean_of_12_instantaneous_profiles,10800,14400,11100.0;11400.0;11700.0;12000.0;12300.0;12600.0;12900.0;13200.0;13500.0;13800.0;14100.0;14400.0
14400,256.25,buoyancy_mean,0.014918328728526831,Center,m s^-2,equal_mean_of_12_instantaneous_profiles,10800,14400,11100.0;11400.0;11700.0;12000.0;12300.0;12600.0;12900.0;13200.0;13500.0;13800.0;14100.0;14400.0
14400,268.75,buoyancy_mean,0.014994290191680193,Center,m s^-2,equal_mean_of_12_instantaneous_profiles,10800,14400,11100.0;11400.0;11700.0;12000.0;12300.0;12600.0;12900.0;13200.0;13500.0;13800.0;14100.0;14400.0
14400,281.25,buoyancy_mean,0.015042470690483848,Center,m s^-2,equal_mean_of_12_instantaneous_profiles,10800,14400,11100.0;11400.0;11700.0;12000.0;12300.0;12600.0;12900.0;13200.0;13500.0;13800.0;14100.0;14400.0
14400,293.75,buoyancy_mean,0.015043269066760937,Center,m s^-2,equal_mean_of_12_instantaneous_profiles,10800,14400,11100.0;11400.0;11700.0;12000.0;12300.0;12600.0;12900.0;13200.0;13500.0;13800.0;14100.0;14400.0
14400,306.25,buoyancy_mean,0.015025611966848373,Center,m s^-2,equal_mean_of_12_instantaneous_profiles,10800,14400,11100.0;11400.0;11700.0;12000.0;12300.0;12600.0;12900.0;13200.0;13500.0;13800.0;14100.0;14400.0
14400,318.75,buoyancy_mean,0.015020544640719891,Center,m s^-2,equal_mean_of_12_instantaneous_profiles,10800,14400,11100.0;11400.0;11700.0;12000.0;12300.0;12600.0;12900.0;13200.0;13500.0;13800.0;14100.0;14400.0
14400,331.25,buoyancy_mean,0.015014690347015858,Center,m s^-2,equal_mean_of_12_instantaneous_profiles,10800,14400,11100.0;11400.0;11700.0;12000.0;12300.0;12600.0;12900.0;13200.0;13500.0;13800.0;14100.0;14400.0
14400,343.75,buoyancy_mean,0.015006236576785644,Center,m s^-2,equal_mean_of_12_instantaneous_profiles,10800,14400,11100.0;11400.0;11700.0;12000.0;12300.0;12600.0;12900.0;13200.0;13500.0;13800.0;14100.0;14400.0
14400,356.25,buoyancy_mean,0.015014323328311244,Center,m s^-2,equal_mean_of_12_instantaneous_profiles,10800,14400,11100.0;11400.0;11700.0;12000.0;12300.0;12600.0;12900.0;13200.0;13500.0;13800.0;14100.0;14400.0
14400,368.75,buoyancy_mean,0.01500362204387784,Center,m s^-2,equal_mean_of_12_instantaneous_profiles,10800,14400,11100.0;11400.0;11700.0;12000.0;12300.0;12600.0;12900.0;13200.0;13500.0;13800.0;14100.0;14400.0
14400,381.25,buoyancy_mean,0.014955361063281694,Center,m s^-2,equal_mean_of_12_instantaneous_profiles,10800,14400,11100.0;11400.0;11700.0;12000.0;12300.0;12600.0;12900.0;13200.0;13500.0;13800.0;14100.0;14400.0
14400,393.75,buoyancy_mean,0.014897261202956239,Center,m s^-2,equal_mean_of_12_instantaneous_profiles,10800,14400,11100.0;11400.0;11700.0;12000.0;12300.0;12600.0;12900.0;13200.0;13500.0;13800.0;14100.0;14400.0
14400,406.25,buoyancy_mean,0.014893346931785345,Center,m s^-2,equal_mean_of_12_instantaneous_profiles,10800,14400,11100.0;11400.0;11700.0;12000.0;12300.0;12600.0;12900.0;13200.0;13500.0;13800.0;14100.0;14400.0
14400,418.75,buoyancy_mean,0.014867547666653991,Center,m s^-2,equal_mean_of_12_instantaneous_profiles,10800,14400,11100.0;11400.0;11700.0;12000.0;12300.0;12600.0;12900.0;13200.0;13500.0;13800.0;14100.0;14400.0
14400,431.25,buoyancy_mean,0.014898740065594515,Center,m s^-2,equal_mean_of_12_instantaneous_profiles,10800,14400,11100.0;11400.0;11700.0;12000.0;12300.0;12600.0;12900.0;13200.0;13500.0;13800.0;14100.0;14400.0
14400,443.75,buoyancy_mean,0.014932720456272364,Center,m s^-2,equal_mean_of_12_instantaneous_profiles,10800,14400,11100.0;11400.0;11700.0;12000.0;12300.0;12600.0;12900.0;13200.0;13500.0;13800.0;14100.0;14400.0
14400,456.25,buoyancy_mean,0.014928929274901748,Center,m s^-2,equal_mean_of_12_instantaneous_profiles,10800,14400,11100.0;11400.0;11700.0;12000.0;12300.0;12600.0;12900.0;13200.0;13500.0;13800.0;14100.0;14400.0
14400,468.75,buoyancy_mean,0.014978888522212705,Center,m s^-2,equal_mean_of_12_instantaneous_profiles,10800,14400,11100.0;11400.0;11700.0;12000.0;12300.0;12600.0;12900.0;13200.0;13500.0;13800.0;14100.0;14400.0
14400,481.25,buoyancy_mean,0.015097022910291949,Center,m s^-2,equal_mean_of_12_instantaneous_profiles,10800,14400,11100.0;11400.0;11700.0;12000.0;12300.0;12600.0;12900.0;13200.0;13500.0;13800.0;14100.0;14400.0
14400,493.75,buoyancy_mean,0.015156759958093366,Center,m s^-2,equal_mean_of_12_instantaneous_profiles,10800,14400,11100.0;11400.0;11700.0;12000.0;12300.0;12600.0;12900.0;13200.0;13500.0;13800.0;14100.0;14400.0
14400,506.25,buoyancy_mean,0.015213091392070055,Center,m s^-2,equal_mean_of_12_instantaneous_profiles,10800,14400,11100.0;11400.0;11700.0;12000.0;12300.0;12600.0;12900.0;13200.0;13500.0;13800.0;14100.0;14400.0
14400,518.75,buoyancy_mean,0.015236981523533663,Center,m s^-2,equal_mean_of_12_instantaneous_profiles,10800,14400,11100.0;11400.0;11700.0;12000.0;12300.0;12600.0;12900.0;13200.0;13500.0;13800.0;14100.0;14400.0
14400,531.25,buoyancy_mean,0.01519149518571794,Center,m s^-2,equal_mean_of_12_instantaneous_profiles,10800,14400,11100.0;11400.0;11700.0;12000.0;12300.0;12600.0;12900.0;13200.0;13500.0;13800.0;14100.0;14400.0
14400,543.75,buoyancy_mean,0.015183358375603953,Center,m s^-2,equal_mean_of_12_instantaneous_profiles,10800,14400,11100.0;11400.0;11700.0;12000.0;12300.0;12600.0;12900.0;13200.0;13500.0;13800.0;14100.0;14400.0
14400,556.25,buoyancy_mean,0.015215890792508921,Center,m s^-2,equal_mean_of_12_instantaneous_profiles,10800,14400,11100.0;11400.0;11700.0;12000.0;12300.0;12600.0;12900.0;13200.0;13500.0;13800.0;14100.0;14400.0
14400,568.75,buoyancy_mean,0.015330902844046554,Center,m s^-2,equal_mean_of_12_instantaneous_profiles,10800,14400,11100.0;11400.0;11700.0;12000.0;12300.0;12600.0;12900.0;13200.0;13500.0;13800.0;14100.0;14400.0
14400,581.25,buoyancy_mean,0.015409173909574747,Center,m s^-2,equal_mean_of_12_instantaneous_profiles,10800,14400,11100.0;11400.0;11700.0;12000.0;12300.0;12600.0;12900.0;13200.0;13500.0;13800.0;14100.0;14400.0
14400,593.75,buoyancy_mean,0.015379556377107898,Center,m s^-2,equal_mean_of_12_instantaneous_profiles,10800,14400,11100.0;11400.0;11700.0;12000.0;12300.0;12600.0;12900.0;13200.0;13500.0;13800.0;14100.0;14400.0
14400,606.25,buoyancy_mean,0.015393181471154094,Center,m s^-2,equal_mean_of_12_instantaneous_profiles,10800,14400,11100.0;11400.0;11700.0;12000.0;12300.0;12600.0;12900.0;13200.0;13500.0;13800.0;14100.0;14400.0
14400,618.75,buoyancy_mean,0.015450635536884269,Center,m s^-2,equal_mean_of_12_instantaneous_profiles,10800,14400,11100.0;11400.0;11700.0;12000.0;12300.0;12600.0;12900.0;13200.0;13500.0;13800.0;14100.0;14400.0
14400,631.25,buoyancy_mean,0.015489356825128198,Center,m s^-2,equal_mean_of_12_instantaneous_profiles,10800,14400,11100.0;11400.0;11700.0;12000.0;12300.0;12600.0;12900.0;13200.0;13500.0;13800.0;14100.0;14400.0
14400,643.75,buoyancy_mean,0.015438186548029384,Center,m s^-2,equal_mean_of_12_instantaneous_profiles,10800,14400,11100.0;11400.0;11700.0;12000.0;12300.0;12600.0;12900.0;13200.0;13500.0;13800.0;14100.0;14400.0
14400,656.25,buoyancy_mean,0.015308308647945523,Center,m s^-2,equal_mean_of_12_instantaneous_profiles,10800,14400,11100.0;11400.0;11700.0;12000.0;12300.0;12600.0;12900.0;13200.0;13500.0;13800.0;14100.0;14400.0
14400,668.75,buoyancy_mean,0.01512292594028016,Center,m s^-2,equal_mean_of_12_instantaneous_profiles,10800,14400,11100.0;11400.0;11700.0;12000.0;12300.0;12600.0;12900.0;13200.0;13500.0;13800.0;14100.0;14400.0
14400,681.25,buoyancy_mean,0.014977755956351757,Center,m s^-2,equal_mean_of_12_instantaneous_profiles,10800,14400,11100.0;11400.0;11700.0;12000.0;12300.0;12600.0;12900.0;13200.0;13500.0;13800.0;14100.0;14400.0
14400,693.75,buoyancy_mean,0.014829637482762337,Center,m s^-2,equal_mean_of_12_instantaneous_profiles,10800,14400,11100.0;11400.0;11700.0;12000.0;12300.0;12600.0;12900.0;13200.0;13500.0;13800.0;14100.0;14400.0
14400,706.25,buoyancy_mean,0.014632485884552201,Center,m s^-2,equal_mean_of_12_instantaneous_profiles,10800,14400,11100.0;11400.0;11700.0;12000.0;12300.0;12600.0;12900.0;13200.0;13500.0;13800.0;14100.0;14400.0
14400,718.75,buoyancy_mean,0.014596061392997703,Center,m s^-2,equal_mean_of_12_instantaneous_profiles,10800,14400,11100.0;11400.0;11700.0;12000.0;12300.0;12600.0;12900.0;13200.0;13500.0;13800.0;14100.0;14400.0
14400,731.25,buoyancy_mean,0.014515194343402982,Center,m s^-2,equal_mean_of_12_instantaneous_profiles,10800,14400,11100.0;11400.0;11700.0;12000.0;12300.0;12600.0;12900.0;13200.0;13500.0;13800.0;14100.0;14400.0
14400,743.75,buoyancy_mean,0.014292315347120166,Center,m s^-2,equal_mean_of_12_instantaneous_profiles,10800,14400,11100.0;11400.0;11700.0;12000.0;12300.0;12600.0;12900.0;13200.0;13500.0;13800.0;14100.0;14400.0
14400,756.25,buoyancy_mean,0.014165715469668308,Center,m s^-2,equal_mean_of_12_instantaneous_profiles,10800,14400,11100.0;11400.0;11700.0;12000.0;12300.0;12600.0;12900.0;13200.0;13500.0;13800.0;14100.0;14400.0
14400,768.75,buoyancy_mean,0.014274327317252755,Center,m s^-2,equal_mean_of_12_instantaneous_profiles,10800,14400,11100.0;11400.0;11700.0;12000.0;12300.0;12600.0;12900.0;13200.0;13500.0;13800.0;14100.0;14400.0
14400,781.25,buoyancy_mean,0.014775395548592011,Center,m s^-2,equal_mean_of_12_instantaneous_profiles,10800,14400,11100.0;11400.0;11700.0;12000.0;12300.0;12600.0;12900.0;13200.0;13500.0;13800.0;14100.0;14400.0
14400,793.75,buoyancy_mean,0.016325621943299968,Center,m s^-2,equal_mean_of_12_instantaneous_profiles,10800,14400,11100.0;11400.0;11700.0;12000.0;12300.0;12600.0;12900.0;13200.0;13500.0;13800.0;14100.0;14400.0
14400,0,density_at_w_faces,1.2043560743331909,Face,kg m^-3,equal_mean_of_12_instantaneous_profiles,10800,14400,11100.0;11400.0;11700.0;12000.0;12300.0;12600.0;12900.0;13200.0;13500.0;13800.0;14100.0;14400.0
14400,12.5,density_at_w_faces,1.2012537717819214,Face,kg m^-3,equal_mean_of_12_instantaneous_profiles,10800,14400,11100.0;11400.0;11700.0;12000.0;12300.0;12600.0;12900.0;13200.0;13500.0;13800.0;14100.0;14400.0
14400,25,density_at_w_faces,1.1979055404663086,Face,kg m^-3,equal_mean_of_12_instantaneous_profiles,10800,14400,11100.0;11400.0;11700.0;12000.0;12300.0;12600.0;12900.0;13200.0;13500.0;13800.0;14100.0;14400.0
14400,37.5,density_at_w_faces,1.1956737041473389,Face,kg m^-3,equal_mean_of_12_instantaneous_profiles,10800,14400,11100.0;11400.0;11700.0;12000.0;12300.0;12600.0;12900.0;13200.0;13500.0;13800.0;14100.0;14400.0
14400,50,density_at_w_faces,1.1933794021606445,Face,kg m^-3,equal_mean_of_12_instantaneous_profiles,10800,14400,11100.0;11400.0;11700.0;12000.0;12300.0;12600.0;12900.0;13200.0;13500.0;13800.0;14100.0;14400.0
14400,62.5,density_at_w_faces,1.1910269260406494,Face,kg m^-3,equal_mean_of_12_instantaneous_profiles,10800,14400,11100.0;11400.0;11700.0;12000.0;12300.0;12600.0;12900.0;13200.0;13500.0;13800.0;14100.0;14400.0
14400,75,density_at_w_faces,1.1886826753616333,Face,kg m^-3,equal_mean_of_12_instantaneous_profiles,10800,14400,11100.0;11400.0;11700.0;12000.0;12300.0;12600.0;12900.0;13200.0;13500.0;13800.0;14100.0;14400.0
14400,87.5,density_at_w_faces,1.1863547563552856,Face,kg m^-3,equal_mean_of_12_instantaneous_profiles,10800,14400,11100.0;11400.0;11700.0;12000.0;12300.0;12600.0;12900.0;13200.0;13500.0;13800.0;14100.0;14400.0
14400,100,density_at_w_faces,1.1840426921844482,Face,kg m^-3,equal_mean_of_12_instantaneous_profiles,10800,14400,11100.0;11400.0;11700.0;12000.0;12300.0;12600.0;12900.0;13200.0;13500.0;13800.0;14100.0;14400.0
14400,112.5,density_at_w_faces,1.1817376613616943,Face,kg m^-3,equal_mean_of_12_instantaneous_profiles,10800,14400,11100.0;11400.0;11700.0;12000.0;12300.0;12600.0;12900.0;13200.0;13500.0;13800.0;14100.0;14400.0
14400,125,density_at_w_faces,1.1794400215148926,Face,kg m^-3,equal_mean_of_12_instantaneous_profiles,10800,14400,11100.0;11400.0;11700.0;12000.0;12300.0;12600.0;12900.0;13200.0;13500.0;13800.0;14100.0;14400.0
14400,137.5,density_at_w_faces,1.1771103143692017,Face,kg m^-3,equal_mean_of_12_instantaneous_profiles,10800,14400,11100.0;11400.0;11700.0;12000.0;12300.0;12600.0;12900.0;13200.0;13500.0;13800.0;14100.0;14400.0
14400,150,density_at_w_faces,1.1746581792831421,Face,kg m^-3,equal_mean_of_12_instantaneous_profiles,10800,14400,11100.0;11400.0;11700.0;12000.0;12300.0;12600.0;12900.0;13200.0;13500.0;13800.0;14100.0;14400.0
14400,162.5,density_at_w_faces,1.1721243858337402,Face,kg m^-3,equal_mean_of_12_instantaneous_profiles,10800,14400,11100.0;11400.0;11700.0;12000.0;12300.0;12600.0;12900.0;13200.0;13500.0;13800.0;14100.0;14400.0
14400,175,density_at_w_faces,1.1695992946624756,Face,kg m^-3,equal_mean_of_12_instantaneous_profiles,10800,14400,11100.0;11400.0;11700.0;12000.0;12300.0;12600.0;12900.0;13200.0;13500.0;13800.0;14100.0;14400.0
14400,187.5,density_at_w_faces,1.1670829057693481,Face,kg m^-3,equal_mean_of_12_instantaneous_profiles,10800,14400,11100.0;11400.0;11700.0;12000.0;12300.0;12600.0;12900.0;13200.0;13500.0;13800.0;14100.0;14400.0
14400,200,density_at_w_faces,1.1648670434951782,Face,kg m^-3,equal_mean_of_12_instantaneous_profiles,10800,14400,11100.0;11400.0;11700.0;12000.0;12300.0;12600.0;12900.0;13200.0;13500.0;13800.0;14100.0;14400.0
14400,212.5,density_at_w_faces,1.1632375717163086,Face,kg m^-3,equal_mean_of_12_instantaneous_profiles,10800,14400,11100.0;11400.0;11700.0;12000.0;12300.0;12600.0;12900.0;13200.0;13500.0;13800.0;14100.0;14400.0
14400,225,density_at_w_faces,1.1619002819061279,Face,kg m^-3,equal_mean_of_12_instantaneous_profiles,10800,14400,11100.0;11400.0;11700.0;12000.0;12300.0;12600.0;12900.0;13200.0;13500.0;13800.0;14100.0;14400.0
14400,237.5,density_at_w_faces,1.1605647802352905,Face,kg m^-3,equal_mean_of_12_instantaneous_profiles,10800,14400,11100.0;11400.0;11700.0;12000.0;12300.0;12600.0;12900.0;13200.0;13500.0;13800.0;14100.0;14400.0
14400,250,density_at_w_faces,1.1592311859130859,Face,kg m^-3,equal_mean_of_12_instantaneous_profiles,10800,14400,11100.0;11400.0;11700.0;12000.0;12300.0;12600.0;12900.0;13200.0;13500.0;13800.0;14100.0;14400.0
14400,262.5,density_at_w_faces,1.1579011678695679,Face,kg m^-3,equal_mean_of_12_instantaneous_profiles,10800,14400,11100.0;11400.0;11700.0;12000.0;12300.0;12600.0;12900.0;13200.0;13500.0;13800.0;14100.0;14400.0
14400,275,density_at_w_faces,1.1565749645233154,Face,kg m^-3,equal_mean_of_12_instantaneous_profiles,10800,14400,11100.0;11400.0;11700.0;12000.0;12300.0;12600.0;12900.0;13200.0;13500.0;13800.0;14100.0;14400.0
14400,287.5,density_at_w_faces,1.1552507877349854,Face,kg m^-3,equal_mean_of_12_instantaneous_profiles,10800,14400,11100.0;11400.0;11700.0;12000.0;12300.0;12600.0;12900.0;13200.0;13500.0;13800.0;14100.0;14400.0
14400,300,density_at_w_faces,1.153928279876709,Face,kg m^-3,equal_mean_of_12_instantaneous_profiles,10800,14400,11100.0;11400.0;11700.0;12000.0;12300.0;12600.0;12900.0;13200.0;13500.0;13800.0;14100.0;14400.0
14400,312.5,density_at_w_faces,1.152610182762146,Face,kg m^-3,equal_mean_of_12_instantaneous_profiles,10800,14400,11100.0;11400.0;11700.0;12000.0;12300.0;12600.0;12900.0;13200.0;13500.0;13800.0;14100.0;14400.0
14400,325,density_at_w_faces,1.151296854019165,Face,kg m^-3,equal_mean_of_12_instantaneous_profiles,10800,14400,11100.0;11400.0;11700.0;12000.0;12300.0;12600.0;12900.0;13200.0;13500.0;13800.0;14100.0;14400.0
14400,337.5,density_at_w_faces,1.1499857902526855,Face,kg m^-3,equal_mean_of_12_instantaneous_profiles,10800,14400,11100.0;11400.0;11700.0;12000.0;12300.0;12600.0;12900.0;13200.0;13500.0;13800.0;14100.0;14400.0
14400,350,density_at_w_faces,1.1486762762069702,Face,kg m^-3,equal_mean_of_12_instantaneous_profiles,10800,14400,11100.0;11400.0;11700.0;12000.0;12300.0;12600.0;12900.0;13200.0;13500.0;13800.0;14100.0;14400.0
14400,362.5,density_at_w_faces,1.1473650932312012,Face,kg m^-3,equal_mean_of_12_instantaneous_profiles,10800,14400,11100.0;11400.0;11700.0;12000.0;12300.0;12600.0;12900.0;13200.0;13500.0;13800.0;14100.0;14400.0
14400,375,density_at_w_faces,1.1460485458374023,Face,kg m^-3,equal_mean_of_12_instantaneous_profiles,10800,14400,11100.0;11400.0;11700.0;12000.0;12300.0;12600.0;12900.0;13200.0;13500.0;13800.0;14100.0;14400.0
14400,387.5,density_at_w_faces,1.1447296142578125,Face,kg m^-3,equal_mean_of_12_instantaneous_profiles,10800,14400,11100.0;11400.0;11700.0;12000.0;12300.0;12600.0;12900.0;13200.0;13500.0;13800.0;14100.0;14400.0
14400,400,density_at_w_faces,1.1434124708175659,Face,kg m^-3,equal_mean_of_12_instantaneous_profiles,10800,14400,11100.0;11400.0;11700.0;12000.0;12300.0;12600.0;12900.0;13200.0;13500.0;13800.0;14100.0;14400.0
14400,412.5,density_at_w_faces,1.1420972347259521,Face,kg m^-3,equal_mean_of_12_instantaneous_profiles,10800,14400,11100.0;11400.0;11700.0;12000.0;12300.0;12600.0;12900.0;13200.0;13500.0;13800.0;14100.0;14400.0
14400,425,density_at_w_faces,1.1407840251922607,Face,kg m^-3,equal_mean_of_12_instantaneous_profiles,10800,14400,11100.0;11400.0;11700.0;12000.0;12300.0;12600.0;12900.0;13200.0;13500.0;13800.0;14100.0;14400.0
14400,437.5,density_at_w_faces,1.139472484588623,Face,kg m^-3,equal_mean_of_12_instantaneous_profiles,10800,14400,11100.0;11400.0;11700.0;12000.0;12300.0;12600.0;12900.0;13200.0;13500.0;13800.0;14100.0;14400.0
14400,450,density_at_w_faces,1.1381627321243286,Face,kg m^-3,equal_mean_of_12_instantaneous_profiles,10800,14400,11100.0;11400.0;11700.0;12000.0;12300.0;12600.0;12900.0;13200.0;13500.0;13800.0;14100.0;14400.0
14400,462.5,density_at_w_faces,1.1368578672409058,Face,kg m^-3,equal_mean_of_12_instantaneous_profiles,10800,14400,11100.0;11400.0;11700.0;12000.0;12300.0;12600.0;12900.0;13200.0;13500.0;13800.0;14100.0;14400.0
14400,475,density_at_w_faces,1.1355650424957275,Face,kg m^-3,equal_mean_of_12_instantaneous_profiles,10800,14400,11100.0;11400.0;11700.0;12000.0;12300.0;12600.0;12900.0;13200.0;13500.0;13800.0;14100.0;14400.0
14400,487.5,density_at_w_faces,1.1342811584472656,Face,kg m^-3,equal_mean_of_12_instantaneous_profiles,10800,14400,11100.0;11400.0;11700.0;12000.0;12300.0;12600.0;12900.0;13200.0;13500.0;13800.0;14100.0;14400.0
14400,500,density_at_w_faces,1.1329991817474365,Face,kg m^-3,equal_mean_of_12_instantaneous_profiles,10800,14400,11100.0;11400.0;11700.0;12000.0;12300.0;12600.0;12900.0;13200.0;13500.0;13800.0;14100.0;14400.0
14400,512.5,density_at_w_faces,1.1317188739776611,Face,kg m^-3,equal_mean_of_12_instantaneous_profiles,10800,14400,11100.0;11400.0;11700.0;12000.0;12300.0;12600.0;12900.0;13200.0;13500.0;13800.0;14100.0;14400.0
14400,525,density_at_w_faces,1.1304336786270142,Face,kg m^-3,equal_mean_of_12_instantaneous_profiles,10800,14400,11100.0;11400.0;11700.0;12000.0;12300.0;12600.0;12900.0;13200.0;13500.0;13800.0;14100.0;14400.0
14400,537.5,density_at_w_faces,1.1291425228118896,Face,kg m^-3,equal_mean_of_12_instantaneous_profiles,10800,14400,11100.0;11400.0;11700.0;12000.0;12300.0;12600.0;12900.0;13200.0;13500.0;13800.0;14100.0;14400.0
14400,550,density_at_w_faces,1.1278524398803711,Face,kg m^-3,equal_mean_of_12_instantaneous_profiles,10800,14400,11100.0;11400.0;11700.0;12000.0;12300.0;12600.0;12900.0;13200.0;13500.0;13800.0;14100.0;14400.0
14400,562.5,density_at_w_faces,1.1265642642974854,Face,kg m^-3,equal_mean_of_12_instantaneous_profiles,10800,14400,11100.0;11400.0;11700.0;12000.0;12300.0;12600.0;12900.0;13200.0;13500.0;13800.0;14100.0;14400.0
14400,575,density_at_w_faces,1.1252717971801758,Face,kg m^-3,equal_mean_of_12_instantaneous_profiles,10800,14400,11100.0;11400.0;11700.0;12000.0;12300.0;12600.0;12900.0;13200.0;13500.0;13800.0;14100.0;14400.0
14400,587.5,density_at_w_faces,1.1239691972732544,Face,kg m^-3,equal_mean_of_12_instantaneous_profiles,10800,14400,11100.0;11400.0;11700.0;12000.0;12300.0;12600.0;12900.0;13200.0;13500.0;13800.0;14100.0;14400.0
14400,600,density_at_w_faces,1.1226624250411987,Face,kg m^-3,equal_mean_of_12_instantaneous_profiles,10800,14400,11100.0;11400.0;11700.0;12000.0;12300.0;12600.0;12900.0;13200.0;13500.0;13800.0;14100.0;14400.0
14400,612.5,density_at_w_faces,1.1213573217391968,Face,kg m^-3,equal_mean_of_12_instantaneous_profiles,10800,14400,11100.0;11400.0;11700.0;12000.0;12300.0;12600.0;12900.0;13200.0;13500.0;13800.0;14100.0;14400.0
14400,625,density_at_w_faces,1.1200540065765381,Face,kg m^-3,equal_mean_of_12_instantaneous_profiles,10800,14400,11100.0;11400.0;11700.0;12000.0;12300.0;12600.0;12900.0;13200.0;13500.0;13800.0;14100.0;14400.0
14400,637.5,density_at_w_faces,1.118756890296936,Face,kg m^-3,equal_mean_of_12_instantaneous_profiles,10800,14400,11100.0;11400.0;11700.0;12000.0;12300.0;12600.0;12900.0;13200.0;13500.0;13800.0;14100.0;14400.0
14400,650,density_at_w_faces,1.1174681186676025,Face,kg m^-3,equal_mean_of_12_instantaneous_profiles,10800,14400,11100.0;11400.0;11700.0;12000.0;12300.0;12600.0;12900.0;13200.0;13500.0;13800.0;14100.0;14400.0
14400,662.5,density_at_w_faces,1.1161831617355347,Face,kg m^-3,equal_mean_of_12_instantaneous_profiles,10800,14400,11100.0;11400.0;11700.0;12000.0;12300.0;12600.0;12900.0;13200.0;13500.0;13800.0;14100.0;14400.0
14400,675,density_at_w_faces,1.1148998737335205,Face,kg m^-3,equal_mean_of_12_instantaneous_profiles,10800,14400,11100.0;11400.0;11700.0;12000.0;12300.0;12600.0;12900.0;13200.0;13500.0;13800.0;14100.0;14400.0
14400,687.5,density_at_w_faces,1.1136184930801392,Face,kg m^-3,equal_mean_of_12_instantaneous_profiles,10800,14400,11100.0;11400.0;11700.0;12000.0;12300.0;12600.0;12900.0;13200.0;13500.0;13800.0;14100.0;14400.0
14400,700,density_at_w_faces,1.1123318672180176,Face,kg m^-3,equal_mean_of_12_instantaneous_profiles,10800,14400,11100.0;11400.0;11700.0;12000.0;12300.0;12600.0;12900.0;13200.0;13500.0;13800.0;14100.0;14400.0
14400,712.5,density_at_w_faces,1.1110402345657349,Face,kg m^-3,equal_mean_of_12_instantaneous_profiles,10800,14400,11100.0;11400.0;11700.0;12000.0;12300.0;12600.0;12900.0;13200.0;13500.0;13800.0;14100.0;14400.0
14400,725,density_at_w_faces,1.1097500324249268,Face,kg m^-3,equal_mean_of_12_instantaneous_profiles,10800,14400,11100.0;11400.0;11700.0;12000.0;12300.0;12600.0;12900.0;13200.0;13500.0;13800.0;14100.0;14400.0
14400,737.5,density_at_w_faces,1.1084617376327515,Face,kg m^-3,equal_mean_of_12_instantaneous_profiles,10800,14400,11100.0;11400.0;11700.0;12000.0;12300.0;12600.0;12900.0;13200.0;13500.0;13800.0;14100.0;14400.0
14400,750,density_at_w_faces,1.1071783304214478,Face,kg m^-3,equal_mean_of_12_instantaneous_profiles,10800,14400,11100.0;11400.0;11700.0;12000.0;12300.0;12600.0;12900.0;13200.0;13500.0;13800.0;14100.0;14400.0
14400,762.5,density_at_w_faces,1.1059020757675171,Face,kg m^-3,equal_mean_of_12_instantaneous_profiles,10800,14400,11100.0;11400.0;11700.0;12000.0;12300.0;12600.0;12900.0;13200.0;13500.0;13800.0;14100.0;14400.0
14400,775,density_at_w_faces,1.1046298742294312,Face,kg m^-3,equal_mean_of_12_instantaneous_profiles,10800,14400,11100.0;11400.0;11700.0;12000.0;12300.0;12600.0;12900.0;13200.0;13500.0;13800.0;14100.0;14400.0
14400,787.5,density_at_w_faces,1.1033593416213989,Face,kg m^-3,equal_mean_of_12_instantaneous_profiles,10800,14400,11100.0;11400.0;11700.0;12000.0;12300.0;12600.0;12900.0;13200.0;13500.0;13800.0;14100.0;14400.0
14400,800,density_at_w_faces,1.1027244329452515,Face,kg m^-3,equal_mean_of_12_instantaneous_profiles,10800,14400,11100.0;11400.0;11700.0;12000.0;12300.0;12600.0;12900.0;13200.0;13500.0;13800.0;14100.0;14400.0
14400,6.25,density_mean,1.2034862041473389,Center,kg m^-3,equal_mean_of_12_instantaneous_profiles,10800,14400,11100.0;11400.0;11700.0;12000.0;12300.0;12600.0;12900.0;13200.0;13500.0;13800.0;14100.0;14400.0
14400,18.75,density_mean,1.1990213394165039,Center,kg m^-3,equal_mean_of_12_instantaneous_profiles,10800,14400,11100.0;11400.0;11700.0;12000.0;12300.0;12600.0;12900.0;13200.0;13500.0;13800.0;14100.0;14400.0
14400,31.25,density_mean,1.1967897415161133,Center,kg m^-3,equal_mean_of_12_instantaneous_profiles,10800,14400,11100.0;11400.0;11700.0;12000.0;12300.0;12600.0;12900.0;13200.0;13500.0;13800.0;14100.0;14400.0
14400,43.75,density_mean,1.1945575475692749,Center,kg m^-3,equal_mean_of_12_instantaneous_profiles,10800,14400,11100.0;11400.0;11700.0;12000.0;12300.0;12600.0;12900.0;13200.0;13500.0;13800.0;14100.0;14400.0
14400,56.25,density_mean,1.1922013759613037,Center,kg m^-3,equal_mean_of_12_instantaneous_profiles,10800,14400,11100.0;11400.0;11700.0;12000.0;12300.0;12600.0;12900.0;13200.0;13500.0;13800.0;14100.0;14400.0
14400,68.75,density_mean,1.1898524761199951,Center,kg m^-3,equal_mean_of_12_instantaneous_profiles,10800,14400,11100.0;11400.0;11700.0;12000.0;12300.0;12600.0;12900.0;13200.0;13500.0;13800.0;14100.0;14400.0
14400,81.25,density_mean,1.1875128746032715,Center,kg m^-3,equal_mean_of_12_instantaneous_profiles,10800,14400,11100.0;11400.0;11700.0;12000.0;12300.0;12600.0;12900.0;13200.0;13500.0;13800.0;14100.0;14400.0
14400,93.75,density_mean,1.1851969957351685,Center,kg m^-3,equal_mean_of_12_instantaneous_profiles,10800,14400,11100.0;11400.0;11700.0;12000.0;12300.0;12600.0;12900.0;13200.0;13500.0;13800.0;14100.0;14400.0
14400,106.25,density_mean,1.182888388633728,Center,kg m^-3,equal_mean_of_12_instantaneous_profiles,10800,14400,11100.0;11400.0;11700.0;12000.0;12300.0;12600.0;12900.0;13200.0;13500.0;13800.0;14100.0;14400.0
14400,118.75,density_mean,1.1805870532989502,Center,kg m^-3,equal_mean_of_12_instantaneous_profiles,10800,14400,11100.0;11400.0;11700.0;12000.0;12300.0;12600.0;12900.0;13200.0;13500.0;13800.0;14100.0;14400.0
14400,131.25,density_mean,1.1782928705215454,Center,kg m^-3,equal_mean_of_12_instantaneous_profiles,10800,14400,11100.0;11400.0;11700.0;12000.0;12300.0;12600.0;12900.0;13200.0;13500.0;13800.0;14100.0;14400.0
14400,143.75,density_mean,1.1759276390075684,Center,kg m^-3,equal_mean_of_12_instantaneous_profiles,10800,14400,11100.0;11400.0;11700.0;12000.0;12300.0;12600.0;12900.0;13200.0;13500.0;13800.0;14100.0;14400.0
14400,156.25,density_mean,1.1733889579772949,Center,kg m^-3,equal_mean_of_12_instantaneous_profiles,10800,14400,11100.0;11400.0;11700.0;12000.0;12300.0;12600.0;12900.0;13200.0;13500.0;13800.0;14100.0;14400.0
14400,168.75,density_mean,1.170859694480896,Center,kg m^-3,equal_mean_of_12_instantaneous_profiles,10800,14400,11100.0;11400.0;11700.0;12000.0;12300.0;12600.0;12900.0;13200.0;13500.0;13800.0;14100.0;14400.0
14400,181.25,density_mean,1.1683388948440552,Center,kg m^-3,equal_mean_of_12_instantaneous_profiles,10800,14400,11100.0;11400.0;11700.0;12000.0;12300.0;12600.0;12900.0;13200.0;13500.0;13800.0;14100.0;14400.0
14400,193.75,density_mean,1.1658271551132202,Center,kg m^-3,equal_mean_of_12_instantaneous_profiles,10800,14400,11100.0;11400.0;11700.0;12000.0;12300.0;12600.0;12900.0;13200.0;13500.0;13800.0;14100.0;14400.0
14400,206.25,density_mean,1.1639065742492676,Center,kg m^-3,equal_mean_of_12_instantaneous_profiles,10800,14400,11100.0;11400.0;11700.0;12000.0;12300.0;12600.0;12900.0;13200.0;13500.0;13800.0;14100.0;14400.0
14400,218.75,density_mean,1.1625684499740601,Center,kg m^-3,equal_mean_of_12_instantaneous_profiles,10800,14400,11100.0;11400.0;11700.0;12000.0;12300.0;12600.0;12900.0;13200.0;13500.0;13800.0;14100.0;14400.0
14400,231.25,density_mean,1.1612321138381958,Center,kg m^-3,equal_mean_of_12_instantaneous_profiles,10800,14400,11100.0;11400.0;11700.0;12000.0;12300.0;12600.0;12900.0;13200.0;13500.0;13800.0;14100.0;14400.0
14400,243.75,density_mean,1.1598974466323853,Center,kg m^-3,equal_mean_of_12_instantaneous_profiles,10800,14400,11100.0;11400.0;11700.0;12000.0;12300.0;12600.0;12900.0;13200.0;13500.0;13800.0;14100.0;14400.0
14400,256.25,density_mean,1.1585648059844971,Center,kg m^-3,equal_mean_of_12_instantaneous_profiles,10800,14400,11100.0;11400.0;11700.0;12000.0;12300.0;12600.0;12900.0;13200.0;13500.0;13800.0;14100.0;14400.0
14400,268.75,density_mean,1.1572375297546387,Center,kg m^-3,equal_mean_of_12_instantaneous_profiles,10800,14400,11100.0;11400.0;11700.0;12000.0;12300.0;12600.0;12900.0;13200.0;13500.0;13800.0;14100.0;14400.0
14400,281.25,density_mean,1.1559123992919922,Center,kg m^-3,equal_mean_of_12_instantaneous_profiles,10800,14400,11100.0;11400.0;11700.0;12000.0;12300.0;12600.0;12900.0;13200.0;13500.0;13800.0;14100.0;14400.0
14400,293.75,density_mean,1.154589056968689,Center,kg m^-3,equal_mean_of_12_instantaneous_profiles,10800,14400,11100.0;11400.0;11700.0;12000.0;12300.0;12600.0;12900.0;13200.0;13500.0;13800.0;14100.0;14400.0
14400,306.25,density_mean,1.153267502784729,Center,kg m^-3,equal_mean_of_12_instantaneous_profiles,10800,14400,11100.0;11400.0;11700.0;12000.0;12300.0;12600.0;12900.0;13200.0;13500.0;13800.0;14100.0;14400.0
14400,318.75,density_mean,1.151952862739563,Center,kg m^-3,equal_mean_of_12_instantaneous_profiles,10800,14400,11100.0;11400.0;11700.0;12000.0;12300.0;12600.0;12900.0;13200.0;13500.0;13800.0;14100.0;14400.0
14400,331.25,density_mean,1.1506408452987671,Center,kg m^-3,equal_mean_of_12_instantaneous_profiles,10800,14400,11100.0;11400.0;11700.0;12000.0;12300.0;12600.0;12900.0;13200.0;13500.0;13800.0;14100.0;14400.0
14400,343.75,density_mean,1.1493306159973145,Center,kg m^-3,equal_mean_of_12_instantaneous_profiles,10800,14400,11100.0;11400.0;11700.0;12000.0;12300.0;12600.0;12900.0;13200.0;13500.0;13800.0;14100.0;14400.0
14400,356.25,density_mean,1.148021936416626,Center,kg m^-3,equal_mean_of_12_instantaneous_profiles,10800,14400,11100.0;11400.0;11700.0;12000.0;12300.0;12600.0;12900.0;13200.0;13500.0;13800.0;14100.0;14400.0
14400,368.75,density_mean,1.1467083692550659,Center,kg m^-3,equal_mean_of_12_instantaneous_profiles,10800,14400,11100.0;11400.0;11700.0;12000.0;12300.0;12600.0;12900.0;13200.0;13500.0;13800.0;14100.0;14400.0
14400,381.25,density_mean,1.1453886032104492,Center,kg m^-3,equal_mean_of_12_instantaneous_profiles,10800,14400,11100.0;11400.0;11700.0;12000.0;12300.0;12600.0;12900.0;13200.0;13500.0;13800.0;14100.0;14400.0
14400,393.75,density_mean,1.1440706253051758,Center,kg m^-3,equal_mean_of_12_instantaneous_profiles,10800,14400,11100.0;11400.0;11700.0;12000.0;12300.0;12600.0;12900.0;13200.0;13500.0;13800.0;14100.0;14400.0
14400,406.25,density_mean,1.1427543163299561,Center,kg m^-3,equal_mean_of_12_instantaneous_profiles,10800,14400,11100.0;11400.0;11700.0;12000.0;12300.0;12600.0;12900.0;13200.0;13500.0;13800.0;14100.0;14400.0
14400,418.75,density_mean,1.1414401531219482,Center,kg m^-3,equal_mean_of_12_instantaneous_profiles,10800,14400,11100.0;11400.0;11700.0;12000.0;12300.0;12600.0;12900.0;13200.0;13500.0;13800.0;14100.0;14400.0
14400,431.25,density_mean,1.1401277780532837,Center,kg m^-3,equal_mean_of_12_instantaneous_profiles,10800,14400,11100.0;11400.0;11700.0;12000.0;12300.0;12600.0;12900.0;13200.0;13500.0;13800.0;14100.0;14400.0
14400,443.75,density_mean,1.1388171911239624,Center,kg m^-3,equal_mean_of_12_instantaneous_profiles,10800,14400,11100.0;11400.0;11700.0;12000.0;12300.0;12600.0;12900.0;13200.0;13500.0;13800.0;14100.0;14400.0
14400,456.25,density_mean,1.1375082731246948,Center,kg m^-3,equal_mean_of_12_instantaneous_profiles,10800,14400,11100.0;11400.0;11700.0;12000.0;12300.0;12600.0;12900.0;13200.0;13500.0;13800.0;14100.0;14400.0
14400,468.75,density_mean,1.1362074613571167,Center,kg m^-3,equal_mean_of_12_instantaneous_profiles,10800,14400,11100.0;11400.0;11700.0;12000.0;12300.0;12600.0;12900.0;13200.0;13500.0;13800.0;14100.0;14400.0
14400,481.25,density_mean,1.1349227428436279,Center,kg m^-3,equal_mean_of_12_instantaneous_profiles,10800,14400,11100.0;11400.0;11700.0;12000.0;12300.0;12600.0;12900.0;13200.0;13500.0;13800.0;14100.0;14400.0
14400,493.75,density_mean,1.1336396932601929,Center,kg m^-3,equal_mean_of_12_instantaneous_profiles,10800,14400,11100.0;11400.0;11700.0;12000.0;12300.0;12600.0;12900.0;13200.0;13500.0;13800.0;14100.0;14400.0
14400,506.25,density_mean,1.1323587894439697,Center,kg m^-3,equal_mean_of_12_instantaneous_profiles,10800,14400,11100.0;11400.0;11700.0;12000.0;12300.0;12600.0;12900.0;13200.0;13500.0;13800.0;14100.0;14400.0
14400,518.75,density_mean,1.1310790777206421,Center,kg m^-3,equal_mean_of_12_instantaneous_profiles,10800,14400,11100.0;11400.0;11700.0;12000.0;12300.0;12600.0;12900.0;13200.0;13500.0;13800.0;14100.0;14400.0
14400,531.25,density_mean,1.1297879219055176,Center,kg m^-3,equal_mean_of_12_instantaneous_profiles,10800,14400,11100.0;11400.0;11700.0;12000.0;12300.0;12600.0;12900.0;13200.0;13500.0;13800.0;14100.0;14400.0
14400,543.75,density_mean,1.1284971237182617,Center,kg m^-3,equal_mean_of_12_instantaneous_profiles,10800,14400,11100.0;11400.0;11700.0;12000.0;12300.0;12600.0;12900.0;13200.0;13500.0;13800.0;14100.0;14400.0
14400,556.25,density_mean,1.12720787525177,Center,kg m^-3,equal_mean_of_12_instantaneous_profiles,10800,14400,11100.0;11400.0;11700.0;12000.0;12300.0;12600.0;12900.0;13200.0;13500.0;13800.0;14100.0;14400.0
14400,568.75,density_mean,1.1259206533432007,Center,kg m^-3,equal_mean_of_12_instantaneous_profiles,10800,14400,11100.0;11400.0;11700.0;12000.0;12300.0;12600.0;12900.0;13200.0;13500.0;13800.0;14100.0;14400.0
14400,581.25,density_mean,1.1246229410171509,Center,kg m^-3,equal_mean_of_12_instantaneous_profiles,10800,14400,11100.0;11400.0;11700.0;12000.0;12300.0;12600.0;12900.0;13200.0;13500.0;13800.0;14100.0;14400.0
14400,593.75,density_mean,1.1233154535293579,Center,kg m^-3,equal_mean_of_12_instantaneous_profiles,10800,14400,11100.0;11400.0;11700.0;12000.0;12300.0;12600.0;12900.0;13200.0;13500.0;13800.0;14100.0;14400.0
14400,606.25,density_mean,1.1220093965530396,Center,kg m^-3,equal_mean_of_12_instantaneous_profiles,10800,14400,11100.0;11400.0;11700.0;12000.0;12300.0;12600.0;12900.0;13200.0;13500.0;13800.0;14100.0;14400.0
14400,618.75,density_mean,1.120705246925354,Center,kg m^-3,equal_mean_of_12_instantaneous_profiles,10800,14400,11100.0;11400.0;11700.0;12000.0;12300.0;12600.0;12900.0;13200.0;13500.0;13800.0;14100.0;14400.0
14400,631.25,density_mean,1.1194026470184326,Center,kg m^-3,equal_mean_of_12_instantaneous_profiles,10800,14400,11100.0;11400.0;11700.0;12000.0;12300.0;12600.0;12900.0;13200.0;13500.0;13800.0;14100.0;14400.0
14400,643.75,density_mean,1.1181111335754395,Center,kg m^-3,equal_mean_of_12_instantaneous_profiles,10800,14400,11100.0;11400.0;11700.0;12000.0;12300.0;12600.0;12900.0;13200.0;13500.0;13800.0;14100.0;14400.0
14400,656.25,density_mean,1.1168252229690552,Center,kg m^-3,equal_mean_of_12_instantaneous_profiles,10800,14400,11100.0;11400.0;11700.0;12000.0;12300.0;12600.0;12900.0;13200.0;13500.0;13800.0;14100.0;14400.0
14400,668.75,density_mean,1.1155411005020142,Center,kg m^-3,equal_mean_of_12_instantaneous_profiles,10800,14400,11100.0;11400.0;11700.0;12000.0;12300.0;12600.0;12900.0;13200.0;13500.0;13800.0;14100.0;14400.0
14400,681.25,density_mean,1.114258885383606,Center,kg m^-3,equal_mean_of_12_instantaneous_profiles,10800,14400,11100.0;11400.0;11700.0;12000.0;12300.0;12600.0;12900.0;13200.0;13500.0;13800.0;14100.0;14400.0
14400,693.75,density_mean,1.1129779815673828,Center,kg m^-3,equal_mean_of_12_instantaneous_profiles,10800,14400,11100.0;11400.0;11700.0;12000.0;12300.0;12600.0;12900.0;13200.0;13500.0;13800.0;14100.0;14400.0
14400,706.25,density_mean,1.1116856336593628,Center,kg m^-3,equal_mean_of_12_instantaneous_profiles,10800,14400,11100.0;11400.0;11700.0;12000.0;12300.0;12600.0;12900.0;13200.0;13500.0;13800.0;14100.0;14400.0
14400,718.75,density_mean,1.1103948354721069,Center,kg m^-3,equal_mean_of_12_instantaneous_profiles,10800,14400,11100.0;11400.0;11700.0;12000.0;12300.0;12600.0;12900.0;13200.0;13500.0;13800.0;14100.0;14400.0
14400,731.25,density_mean,1.1091054677963257,Center,kg m^-3,equal_mean_of_12_instantaneous_profiles,10800,14400,11100.0;11400.0;11700.0;12000.0;12300.0;12600.0;12900.0;13200.0;13500.0;13800.0;14100.0;14400.0
14400,743.75,density_mean,1.1078180074691772,Center,kg m^-3,equal_mean_of_12_instantaneous_profiles,10800,14400,11100.0;11400.0;11700.0;12000.0;12300.0;12600.0;12900.0;13200.0;13500.0;13800.0;14100.0;14400.0
14400,756.25,density_mean,1.1065386533737183,Center,kg m^-3,equal_mean_of_12_instantaneous_profiles,10800,14400,11100.0;11400.0;11700.0;12000.0;12300.0;12600.0;12900.0;13200.0;13500.0;13800.0;14100.0;14400.0
14400,768.75,density_mean,1.1052654981613159,Center,kg m^-3,equal_mean_of_12_instantaneous_profiles,10800,14400,11100.0;11400.0;11700.0;12000.0;12300.0;12600.0;12900.0;13200.0;13500.0;13800.0;14100.0;14400.0
14400,781.25,density_mean,1.1039942502975464,Center,kg m^-3,equal_mean_of_12_instantaneous_profiles,10800,14400,11100.0;11400.0;11700.0;12000.0;12300.0;12600.0;12900.0;13200.0;13500.0;13800.0;14100.0;14400.0
14400,793.75,density_mean,1.1027244329452515,Center,kg m^-3,equal_mean_of_12_instantaneous_profiles,10800,14400,11100.0;11400.0;11700.0;12000.0;12300.0;12600.0;12900.0;13200.0;13500.0;13800.0;14100.0;14400.0
14400,0,density_weighted_pressure_tke_flux,0,Face,kg s^-3,equal_mean_of_12_instantaneous_profiles,10800,14400,11100.0;11400.0;11700.0;12000.0;12300.0;12600.0;12900.0;13200.0;13500.0;13800.0;14100.0;14400.0
14400,12.5,density_weighted_pressure_tke_flux,-0.00048530336547022063,Face,kg s^-3,equal_mean_of_12_instantaneous_profiles,10800,14400,11100.0;11400.0;11700.0;12000.0;12300.0;12600.0;12900.0;13200.0;13500.0;13800.0;14100.0;14400.0
14400,25,density_weighted_pressure_tke_flux,-0.0011459725064923987,Face,kg s^-3,equal_mean_of_12_instantaneous_profiles,10800,14400,11100.0;11400.0;11700.0;12000.0;12300.0;12600.0;12900.0;13200.0;13500.0;13800.0;14100.0;14400.0
14400,37.5,density_weighted_pressure_tke_flux,-0.0030354290502145886,Face,kg s^-3,equal_mean_of_12_instantaneous_profiles,10800,14400,11100.0;11400.0;11700.0;12000.0;12300.0;12600.0;12900.0;13200.0;13500.0;13800.0;14100.0;14400.0
14400,50,density_weighted_pressure_tke_flux,0.00044571104081114754,Face,kg s^-3,equal_mean_of_12_instantaneous_profiles,10800,14400,11100.0;11400.0;11700.0;12000.0;12300.0;12600.0;12900.0;13200.0;13500.0;13800.0;14100.0;14400.0
14400,62.5,density_weighted_pressure_tke_flux,0.00075721063937332167,Face,kg s^-3,equal_mean_of_12_instantaneous_profiles,10800,14400,11100.0;11400.0;11700.0;12000.0;12300.0;12600.0;12900.0;13200.0;13500.0;13800.0;14100.0;14400.0
14400,75,density_weighted_pressure_tke_flux,0.001613778892836611,Face,kg s^-3,equal_mean_of_12_instantaneous_profiles,10800,14400,11100.0;11400.0;11700.0;12000.0;12300.0;12600.0;12900.0;13200.0;13500.0;13800.0;14100.0;14400.0
14400,87.5,density_weighted_pressure_tke_flux,0.0020521349722078717,Face,kg s^-3,equal_mean_of_12_instantaneous_profiles,10800,14400,11100.0;11400.0;11700.0;12000.0;12300.0;12600.0;12900.0;13200.0;13500.0;13800.0;14100.0;14400.0
14400,100,density_weighted_pressure_tke_flux,0.0025234272846622239,Face,kg s^-3,equal_mean_of_12_instantaneous_profiles,10800,14400,11100.0;11400.0;11700.0;12000.0;12300.0;12600.0;12900.0;13200.0;13500.0;13800.0;14100.0;14400.0
14400,112.5,density_weighted_pressure_tke_flux,0.002798666559101548,Face,kg s^-3,equal_mean_of_12_instantaneous_profiles,10800,14400,11100.0;11400.0;11700.0;12000.0;12300.0;12600.0;12900.0;13200.0;13500.0;13800.0;14100.0;14400.0
14400,125,density_weighted_pressure_tke_flux,0.0031028989369588089,Face,kg s^-3,equal_mean_of_12_instantaneous_profiles,10800,14400,11100.0;11400.0;11700.0;12000.0;12300.0;12600.0;12900.0;13200.0;13500.0;13800.0;14100.0;14400.0
14400,137.5,density_weighted_pressure_tke_flux,0.0029232332411387083,Face,kg s^-3,equal_mean_of_12_instantaneous_profiles,10800,14400,11100.0;11400.0;11700.0;12000.0;12300.0;12600.0;12900.0;13200.0;13500.0;13800.0;14100.0;14400.0
14400,150,density_weighted_pressure_tke_flux,0.0023827902235401175,Face,kg s^-3,equal_mean_of_12_instantaneous_profiles,10800,14400,11100.0;11400.0;11700.0;12000.0;12300.0;12600.0;12900.0;13200.0;13500.0;13800.0;14100.0;14400.0
14400,162.5,density_weighted_pressure_tke_flux,0.001993660228132891,Face,kg s^-3,equal_mean_of_12_instantaneous_profiles,10800,14400,11100.0;11400.0;11700.0;12000.0;12300.0;12600.0;12900.0;13200.0;13500.0;13800.0;14100.0;14400.0
14400,175,density_weighted_pressure_tke_flux,0.0012116285154964619,Face,kg s^-3,equal_mean_of_12_instantaneous_profiles,10800,14400,11100.0;11400.0;11700.0;12000.0;12300.0;12600.0;12900.0;13200.0;13500.0;13800.0;14100.0;14400.0
14400,187.5,density_weighted_pressure_tke_flux,0.00051837503876110225,Face,kg s^-3,equal_mean_of_12_instantaneous_profiles,10800,14400,11100.0;11400.0;11700.0;12000.0;12300.0;12600.0;12900.0;13200.0;13500.0;13800.0;14100.0;14400.0
14400,200,density_weighted_pressure_tke_flux,8.575610452984013e-05,Face,kg s^-3,equal_mean_of_12_instantaneous_profiles,10800,14400,11100.0;11400.0;11700.0;12000.0;12300.0;12600.0;12900.0;13200.0;13500.0;13800.0;14100.0;14400.0
14400,212.5,density_weighted_pressure_tke_flux,9.3299005735995398e-06,Face,kg s^-3,equal_mean_of_12_instantaneous_profiles,10800,14400,11100.0;11400.0;11700.0;12000.0;12300.0;12600.0;12900.0;13200.0;13500.0;13800.0;14100.0;14400.0
14400,225,density_weighted_pressure_tke_flux,6.5171646686697693e-07,Face,kg s^-3,equal_mean_of_12_instantaneous_profiles,10800,14400,11100.0;11400.0;11700.0;12000.0;12300.0;12600.0;12900.0;13200.0;13500.0;13800.0;14100.0;14400.0
14400,237.5,density_weighted_pressure_tke_flux,-2.7070047205294636e-06,Face,kg s^-3,equal_mean_of_12_instantaneous_profiles,10800,14400,11100.0;11400.0;11700.0;12000.0;12300.0;12600.0;12900.0;13200.0;13500.0;13800.0;14100.0;14400.0
14400,250,density_weighted_pressure_tke_flux,-1.6993370384928614e-06,Face,kg s^-3,equal_mean_of_12_instantaneous_profiles,10800,14400,11100.0;11400.0;11700.0;12000.0;12300.0;12600.0;12900.0;13200.0;13500.0;13800.0;14100.0;14400.0
14400,262.5,density_weighted_pressure_tke_flux,-2.0003604959129007e-06,Face,kg s^-3,equal_mean_of_12_instantaneous_profiles,10800,14400,11100.0;11400.0;11700.0;12000.0;12300.0;12600.0;12900.0;13200.0;13500.0;13800.0;14100.0;14400.0
14400,275,density_weighted_pressure_tke_flux,-3.3041495726138237e-06,Face,kg s^-3,equal_mean_of_12_instantaneous_profiles,10800,14400,11100.0;11400.0;11700.0;12000.0;12300.0;12600.0;12900.0;13200.0;13500.0;13800.0;14100.0;14400.0
14400,287.5,density_weighted_pressure_tke_flux,-4.9866668258384079e-06,Face,kg s^-3,equal_mean_of_12_instantaneous_profiles,10800,14400,11100.0;11400.0;11700.0;12000.0;12300.0;12600.0;12900.0;13200.0;13500.0;13800.0;14100.0;14400.0
14400,300,density_weighted_pressure_tke_flux,-6.046453250974082e-06,Face,kg s^-3,equal_mean_of_12_instantaneous_profiles,10800,14400,11100.0;11400.0;11700.0;12000.0;12300.0;12600.0;12900.0;13200.0;13500.0;13800.0;14100.0;14400.0
14400,312.5,density_weighted_pressure_tke_flux,-7.7304132256964895e-06,Face,kg s^-3,equal_mean_of_12_instantaneous_profiles,10800,14400,11100.0;11400.0;11700.0;12000.0;12300.0;12600.0;12900.0;13200.0;13500.0;13800.0;14100.0;14400.0
14400,325,density_weighted_pressure_tke_flux,-1.0332596806013802e-05,Face,kg s^-3,equal_mean_of_12_instantaneous_profiles,10800,14400,11100.0;11400.0;11700.0;12000.0;12300.0;12600.0;12900.0;13200.0;13500.0;13800.0;14100.0;14400.0
14400,337.5,density_weighted_pressure_tke_flux,-1.207339873114203e-05,Face,kg s^-3,equal_mean_of_12_instantaneous_profiles,10800,14400,11100.0;11400.0;11700.0;12000.0;12300.0;12600.0;12900.0;13200.0;13500.0;13800.0;14100.0;14400.0
14400,350,density_weighted_pressure_tke_flux,-1.3663181448464456e-05,Face,kg s^-3,equal_mean_of_12_instantaneous_profiles,10800,14400,11100.0;11400.0;11700.0;12000.0;12300.0;12600.0;12900.0;13200.0;13500.0;13800.0;14100.0;14400.0
14400,362.5,density_weighted_pressure_tke_flux,-1.5028955109149441e-05,Face,kg s^-3,equal_mean_of_12_instantaneous_profiles,10800,14400,11100.0;11400.0;11700.0;12000.0;12300.0;12600.0;12900.0;13200.0;13500.0;13800.0;14100.0;14400.0
14400,375,density_weighted_pressure_tke_flux,-1.5348822879938478e-05,Face,kg s^-3,equal_mean_of_12_instantaneous_profiles,10800,14400,11100.0;11400.0;11700.0;12000.0;12300.0;12600.0;12900.0;13200.0;13500.0;13800.0;14100.0;14400.0
14400,387.5,density_weighted_pressure_tke_flux,-1.6053817489591893e-05,Face,kg s^-3,equal_mean_of_12_instantaneous_profiles,10800,14400,11100.0;11400.0;11700.0;12000.0;12300.0;12600.0;12900.0;13200.0;13500.0;13800.0;14100.0;14400.0
14400,400,density_weighted_pressure_tke_flux,-1.6843025946400303e-05,Face,kg s^-3,equal_mean_of_12_instantaneous_profiles,10800,14400,11100.0;11400.0;11700.0;12000.0;12300.0;12600.0;12900.0;13200.0;13500.0;13800.0;14100.0;14400.0
14400,412.5,density_weighted_pressure_tke_flux,-1.8068762415168749e-05,Face,kg s^-3,equal_mean_of_12_instantaneous_profiles,10800,14400,11100.0;11400.0;11700.0;12000.0;12300.0;12600.0;12900.0;13200.0;13500.0;13800.0;14100.0;14400.0
14400,425,density_weighted_pressure_tke_flux,-1.8725987388279464e-05,Face,kg s^-3,equal_mean_of_12_instantaneous_profiles,10800,14400,11100.0;11400.0;11700.0;12000.0;12300.0;12600.0;12900.0;13200.0;13500.0;13800.0;14100.0;14400.0
14400,437.5,density_weighted_pressure_tke_flux,-1.9443710262597353e-05,Face,kg s^-3,equal_mean_of_12_instantaneous_profiles,10800,14400,11100.0;11400.0;11700.0;12000.0;12300.0;12600.0;12900.0;13200.0;13500.0;13800.0;14100.0;14400.0
14400,450,density_weighted_pressure_tke_flux,-2.0293242466588406e-05,Face,kg s^-3,equal_mean_of_12_instantaneous_profiles,10800,14400,11100.0;11400.0;11700.0;12000.0;12300.0;12600.0;12900.0;13200.0;13500.0;13800.0;14100.0;14400.0
14400,462.5,density_weighted_pressure_tke_flux,-2.0748841502419662e-05,Face,kg s^-3,equal_mean_of_12_instantaneous_profiles,10800,14400,11100.0;11400.0;11700.0;12000.0;12300.0;12600.0;12900.0;13200.0;13500.0;13800.0;14100.0;14400.0
14400,475,density_weighted_pressure_tke_flux,-2.0757193733326556e-05,Face,kg s^-3,equal_mean_of_12_instantaneous_profiles,10800,14400,11100.0;11400.0;11700.0;12000.0;12300.0;12600.0;12900.0;13200.0;13500.0;13800.0;14100.0;14400.0
14400,487.5,density_weighted_pressure_tke_flux,-2.0200106665887081e-05,Face,kg s^-3,equal_mean_of_12_instantaneous_profiles,10800,14400,11100.0;11400.0;11700.0;12000.0;12300.0;12600.0;12900.0;13200.0;13500.0;13800.0;14100.0;14400.0
14400,500,density_weighted_pressure_tke_flux,-1.9858680592695539e-05,Face,kg s^-3,equal_mean_of_12_instantaneous_profiles,10800,14400,11100.0;11400.0;11700.0;12000.0;12300.0;12600.0;12900.0;13200.0;13500.0;13800.0;14100.0;14400.0
14400,512.5,density_weighted_pressure_tke_flux,-1.9827336345201729e-05,Face,kg s^-3,equal_mean_of_12_instantaneous_profiles,10800,14400,11100.0;11400.0;11700.0;12000.0;12300.0;12600.0;12900.0;13200.0;13500.0;13800.0;14100.0;14400.0
14400,525,density_weighted_pressure_tke_flux,-1.9317208145963605e-05,Face,kg s^-3,equal_mean_of_12_instantaneous_profiles,10800,14400,11100.0;11400.0;11700.0;12000.0;12300.0;12600.0;12900.0;13200.0;13500.0;13800.0;14100.0;14400.0
14400,537.5,density_weighted_pressure_tke_flux,-1.8465502295820595e-05,Face,kg s^-3,equal_mean_of_12_instantaneous_profiles,10800,14400,11100.0;11400.0;11700.0;12000.0;12300.0;12600.0;12900.0;13200.0;13500.0;13800.0;14100.0;14400.0
14400,550,density_weighted_pressure_tke_flux,-1.7553412391180245e-05,Face,kg s^-3,equal_mean_of_12_instantaneous_profiles,10800,14400,11100.0;11400.0;11700.0;12000.0;12300.0;12600.0;12900.0;13200.0;13500.0;13800.0;14100.0;14400.0
14400,562.5,density_weighted_pressure_tke_flux,-1.9211348141349543e-05,Face,kg s^-3,equal_mean_of_12_instantaneous_profiles,10800,14400,11100.0;11400.0;11700.0;12000.0;12300.0;12600.0;12900.0;13200.0;13500.0;13800.0;14100.0;14400.0
14400,575,density_weighted_pressure_tke_flux,-1.8133091430172499e-05,Face,kg s^-3,equal_mean_of_12_instantaneous_profiles,10800,14400,11100.0;11400.0;11700.0;12000.0;12300.0;12600.0;12900.0;13200.0;13500.0;13800.0;14100.0;14400.0
14400,587.5,density_weighted_pressure_tke_flux,-1.6746491321365891e-05,Face,kg s^-3,equal_mean_of_12_instantaneous_profiles,10800,14400,11100.0;11400.0;11700.0;12000.0;12300.0;12600.0;12900.0;13200.0;13500.0;13800.0;14100.0;14400.0
14400,600,density_weighted_pressure_tke_flux,-1.8120755441941583e-05,Face,kg s^-3,equal_mean_of_12_instantaneous_profiles,10800,14400,11100.0;11400.0;11700.0;12000.0;12300.0;12600.0;12900.0;13200.0;13500.0;13800.0;14100.0;14400.0
14400,612.5,density_weighted_pressure_tke_flux,-2.7257461529946642e-05,Face,kg s^-3,equal_mean_of_12_instantaneous_profiles,10800,14400,11100.0;11400.0;11700.0;12000.0;12300.0;12600.0;12900.0;13200.0;13500.0;13800.0;14100.0;14400.0
14400,625,density_weighted_pressure_tke_flux,-2.6365108818519428e-05,Face,kg s^-3,equal_mean_of_12_instantaneous_profiles,10800,14400,11100.0;11400.0;11700.0;12000.0;12300.0;12600.0;12900.0;13200.0;13500.0;13800.0;14100.0;14400.0
14400,637.5,density_weighted_pressure_tke_flux,-1.6242675921300059e-05,Face,kg s^-3,equal_mean_of_12_instantaneous_profiles,10800,14400,11100.0;11400.0;11700.0;12000.0;12300.0;12600.0;12900.0;13200.0;13500.0;13800.0;14100.0;14400.0
14400,650,density_weighted_pressure_tke_flux,1.1541625610789197e-06,Face,kg s^-3,equal_mean_of_12_instantaneous_profiles,10800,14400,11100.0;11400.0;11700.0;12000.0;12300.0;12600.0;12900.0;13200.0;13500.0;13800.0;14100.0;14400.0
14400,662.5,density_weighted_pressure_tke_flux,1.0502479597107595e-07,Face,kg s^-3,equal_mean_of_12_instantaneous_profiles,10800,14400,11100.0;11400.0;11700.0;12000.0;12300.0;12600.0;12900.0;13200.0;13500.0;13800.0;14100.0;14400.0
14400,675,density_weighted_pressure_tke_flux,2.5377547340591868e-06,Face,kg s^-3,equal_mean_of_12_instantaneous_profiles,10800,14400,11100.0;11400.0;11700.0;12000.0;12300.0;12600.0;12900.0;13200.0;13500.0;13800.0;14100.0;14400.0
14400,687.5,density_weighted_pressure_tke_flux,3.9700507083277143e-06,Face,kg s^-3,equal_mean_of_12_instantaneous_profiles,10800,14400,11100.0;11400.0;11700.0;12000.0;12300.0;12600.0;12900.0;13200.0;13500.0;13800.0;14100.0;14400.0
14400,700,density_weighted_pressure_tke_flux,2.1730350096523427e-05,Face,kg s^-3,equal_mean_of_12_instantaneous_profiles,10800,14400,11100.0;11400.0;11700.0;12000.0;12300.0;12600.0;12900.0;13200.0;13500.0;13800.0;14100.0;14400.0
14400,712.5,density_weighted_pressure_tke_flux,3.2839385805042788e-05,Face,kg s^-3,equal_mean_of_12_instantaneous_profiles,10800,14400,11100.0;11400.0;11700.0;12000.0;12300.0;12600.0;12900.0;13200.0;13500.0;13800.0;14100.0;14400.0
14400,725,density_weighted_pressure_tke_flux,2.7479278704352812e-05,Face,kg s^-3,equal_mean_of_12_instantaneous_profiles,10800,14400,11100.0;11400.0;11700.0;12000.0;12300.0;12600.0;12900.0;13200.0;13500.0;13800.0;14100.0;14400.0
14400,737.5,density_weighted_pressure_tke_flux,2.1623232858776948e-05,Face,kg s^-3,equal_mean_of_12_instantaneous_profiles,10800,14400,11100.0;11400.0;11700.0;12000.0;12300.0;12600.0;12900.0;13200.0;13500.0;13800.0;14100.0;14400.0
14400,750,density_weighted_pressure_tke_flux,1.5280503826412922e-05,Face,kg s^-3,equal_mean_of_12_instantaneous_profiles,10800,14400,11100.0;11400.0;11700.0;12000.0;12300.0;12600.0;12900.0;13200.0;13500.0;13800.0;14100.0;14400.0
14400,762.5,density_weighted_pressure_tke_flux,1.0073754329672132e-05,Face,kg s^-3,equal_mean_of_12_instantaneous_profiles,10800,14400,11100.0;11400.0;11700.0;12000.0;12300.0;12600.0;12900.0;13200.0;13500.0;13800.0;14100.0;14400.0
14400,775,density_weighted_pressure_tke_flux,6.1994906180492153e-06,Face,kg s^-3,equal_mean_of_12_instantaneous_profiles,10800,14400,11100.0;11400.0;11700.0;12000.0;12300.0;12600.0;12900.0;13200.0;13500.0;13800.0;14100.0;14400.0
14400,787.5,density_weighted_pressure_tke_flux,2.5105738454082407e-06,Face,kg s^-3,equal_mean_of_12_instantaneous_profiles,10800,14400,11100.0;11400.0;11700.0;12000.0;12300.0;12600.0;12900.0;13200.0;13500.0;13800.0;14100.0;14400.0
14400,800,density_weighted_pressure_tke_flux,0,Face,kg s^-3,equal_mean_of_12_instantaneous_profiles,10800,14400,11100.0;11400.0;11700.0;12000.0;12300.0;12600.0;12900.0;13200.0;13500.0;13800.0;14100.0;14400.0
14400,0,density_weighted_turbulent_tke_flux,0,Face,kg s^-3,equal_mean_of_12_instantaneous_profiles,10800,14400,11100.0;11400.0;11700.0;12000.0;12300.0;12600.0;12900.0;13200.0;13500.0;13800.0;14100.0;14400.0
14400,12.5,density_weighted_turbulent_tke_flux,-6.3889456593339373e-06,Face,kg s^-3,equal_mean_of_12_instantaneous_profiles,10800,14400,11100.0;11400.0;11700.0;12000.0;12300.0;12600.0;12900.0;13200.0;13500.0;13800.0;14100.0;14400.0
14400,25,density_weighted_turbulent_tke_flux,-0.00012031151860962079,Face,kg s^-3,equal_mean_of_12_instantaneous_profiles,10800,14400,11100.0;11400.0;11700.0;12000.0;12300.0;12600.0;12900.0;13200.0;13500.0;13800.0;14100.0;14400.0
14400,37.5,density_weighted_turbulent_tke_flux,-0.00059650757187531178,Face,kg s^-3,equal_mean_of_12_instantaneous_profiles,10800,14400,11100.0;11400.0;11700.0;12000.0;12300.0;12600.0;12900.0;13200.0;13500.0;13800.0;14100.0;14400.0
14400,50,density_weighted_turbulent_tke_flux,-0.00024207463684433606,Face,kg s^-3,equal_mean_of_12_instantaneous_profiles,10800,14400,11100.0;11400.0;11700.0;12000.0;12300.0;12600.0;12900.0;13200.0;13500.0;13800.0;14100.0;14400.0
14400,62.5,density_weighted_turbulent_tke_flux,0.00049080731658553611,Face,kg s^-3,equal_mean_of_12_instantaneous_profiles,10800,14400,11100.0;11400.0;11700.0;12000.0;12300.0;12600.0;12900.0;13200.0;13500.0;13800.0;14100.0;14400.0
14400,75,density_weighted_turbulent_tke_flux,0.00040752943975045736,Face,kg s^-3,equal_mean_of_12_instantaneous_profiles,10800,14400,11100.0;11400.0;11700.0;12000.0;12300.0;12600.0;12900.0;13200.0;13500.0;13800.0;14100.0;14400.0
14400,87.5,density_weighted_turbulent_tke_flux,0.00024552074137318414,Face,kg s^-3,equal_mean_of_12_instantaneous_profiles,10800,14400,11100.0;11400.0;11700.0;12000.0;12300.0;12600.0;12900.0;13200.0;13500.0;13800.0;14100.0;14400.0
14400,100,density_weighted_turbulent_tke_flux,0.00016393631532688838,Face,kg s^-3,equal_mean_of_12_instantaneous_profiles,10800,14400,11100.0;11400.0;11700.0;12000.0;12300.0;12600.0;12900.0;13200.0;13500.0;13800.0;14100.0;14400.0
14400,112.5,density_weighted_turbulent_tke_flux,5.9016319937654771e-05,Face,kg s^-3,equal_mean_of_12_instantaneous_profiles,10800,14400,11100.0;11400.0;11700.0;12000.0;12300.0;12600.0;12900.0;13200.0;13500.0;13800.0;14100.0;14400.0
14400,125,density_weighted_turbulent_tke_flux,4.6025029102262728e-05,Face,kg s^-3,equal_mean_of_12_instantaneous_profiles,10800,14400,11100.0;11400.0;11700.0;12000.0;12300.0;12600.0;12900.0;13200.0;13500.0;13800.0;14100.0;14400.0
14400,137.5,density_weighted_turbulent_tke_flux,5.7241241923596441e-05,Face,kg s^-3,equal_mean_of_12_instantaneous_profiles,10800,14400,11100.0;11400.0;11700.0;12000.0;12300.0;12600.0;12900.0;13200.0;13500.0;13800.0;14100.0;14400.0
14400,150,density_weighted_turbulent_tke_flux,7.5347996736733577e-05,Face,kg s^-3,equal_mean_of_12_instantaneous_profiles,10800,14400,11100.0;11400.0;11700.0;12000.0;12300.0;12600.0;12900.0;13200.0;13500.0;13800.0;14100.0;14400.0
14400,162.5,density_weighted_turbulent_tke_flux,7.2687149402857657e-05,Face,kg s^-3,equal_mean_of_12_instantaneous_profiles,10800,14400,11100.0;11400.0;11700.0;12000.0;12300.0;12600.0;12900.0;13200.0;13500.0;13800.0;14100.0;14400.0
14400,175,density_weighted_turbulent_tke_flux,1.8775184391491468e-05,Face,kg s^-3,equal_mean_of_12_instantaneous_profiles,10800,14400,11100.0;11400.0;11700.0;12000.0;12300.0;12600.0;12900.0;13200.0;13500.0;13800.0;14100.0;14400.0
14400,187.5,density_weighted_turbulent_tke_flux,3.7958570828777738e-06,Face,kg s^-3,equal_mean_of_12_instantaneous_profiles,10800,14400,11100.0;11400.0;11700.0;12000.0;12300.0;12600.0;12900.0;13200.0;13500.0;13800.0;14100.0;14400.0
14400,200,density_weighted_turbulent_tke_flux,-4.9893801966997371e-06,Face,kg s^-3,equal_mean_of_12_instantaneous_profiles,10800,14400,11100.0;11400.0;11700.0;12000.0;12300.0;12600.0;12900.0;13200.0;13500.0;13800.0;14100.0;14400.0
14400,212.5,density_weighted_turbulent_tke_flux,1.3207813929957031e-06,Face,kg s^-3,equal_mean_of_12_instantaneous_profiles,10800,14400,11100.0;11400.0;11700.0;12000.0;12300.0;12600.0;12900.0;13200.0;13500.0;13800.0;14100.0;14400.0
14400,225,density_weighted_turbulent_tke_flux,2.2823534848726013e-06,Face,kg s^-3,equal_mean_of_12_instantaneous_profiles,10800,14400,11100.0;11400.0;11700.0;12000.0;12300.0;12600.0;12900.0;13200.0;13500.0;13800.0;14100.0;14400.0
14400,237.5,density_weighted_turbulent_tke_flux,1.0898418452143233e-06,Face,kg s^-3,equal_mean_of_12_instantaneous_profiles,10800,14400,11100.0;11400.0;11700.0;12000.0;12300.0;12600.0;12900.0;13200.0;13500.0;13800.0;14100.0;14400.0
14400,250,density_weighted_turbulent_tke_flux,4.7239237055407557e-07,Face,kg s^-3,equal_mean_of_12_instantaneous_profiles,10800,14400,11100.0;11400.0;11700.0;12000.0;12300.0;12600.0;12900.0;13200.0;13500.0;13800.0;14100.0;14400.0
14400,262.5,density_weighted_turbulent_tke_flux,3.2963347843898799e-07,Face,kg s^-3,equal_mean_of_12_instantaneous_profiles,10800,14400,11100.0;11400.0;11700.0;12000.0;12300.0;12600.0;12900.0;13200.0;13500.0;13800.0;14100.0;14400.0
14400,275,density_weighted_turbulent_tke_flux,2.0141366966856347e-07,Face,kg s^-3,equal_mean_of_12_instantaneous_profiles,10800,14400,11100.0;11400.0;11700.0;12000.0;12300.0;12600.0;12900.0;13200.0;13500.0;13800.0;14100.0;14400.0
14400,287.5,density_weighted_turbulent_tke_flux,1.2405432133396252e-07,Face,kg s^-3,equal_mean_of_12_instantaneous_profiles,10800,14400,11100.0;11400.0;11700.0;12000.0;12300.0;12600.0;12900.0;13200.0;13500.0;13800.0;14100.0;14400.0
14400,300,density_weighted_turbulent_tke_flux,5.6131733613036992e-08,Face,kg s^-3,equal_mean_of_12_instantaneous_profiles,10800,14400,11100.0;11400.0;11700.0;12000.0;12300.0;12600.0;12900.0;13200.0;13500.0;13800.0;14100.0;14400.0
14400,312.5,density_weighted_turbulent_tke_flux,2.3062487012707558e-09,Face,kg s^-3,equal_mean_of_12_instantaneous_profiles,10800,14400,11100.0;11400.0;11700.0;12000.0;12300.0;12600.0;12900.0;13200.0;13500.0;13800.0;14100.0;14400.0
14400,325,density_weighted_turbulent_tke_flux,-1.784943896391648e-08,Face,kg s^-3,equal_mean_of_12_instantaneous_profiles,10800,14400,11100.0;11400.0;11700.0;12000.0;12300.0;12600.0;12900.0;13200.0;13500.0;13800.0;14100.0;14400.0
14400,337.5,density_weighted_turbulent_tke_flux,-3.0893744377517386e-08,Face,kg s^-3,equal_mean_of_12_instantaneous_profiles,10800,14400,11100.0;11400.0;11700.0;12000.0;12300.0;12600.0;12900.0;13200.0;13500.0;13800.0;14100.0;14400.0
14400,350,density_weighted_turbulent_tke_flux,-2.595842230057599e-08,Face,kg s^-3,equal_mean_of_12_instantaneous_profiles,10800,14400,11100.0;11400.0;11700.0;12000.0;12300.0;12600.0;12900.0;13200.0;13500.0;13800.0;14100.0;14400.0
14400,362.5,density_weighted_turbulent_tke_flux,-1.7092885329361707e-08,Face,kg s^-3,equal_mean_of_12_instantaneous_profiles,10800,14400,11100.0;11400.0;11700.0;12000.0;12300.0;12600.0;12900.0;13200.0;13500.0;13800.0;14100.0;14400.0
14400,375,density_weighted_turbulent_tke_flux,-2.8062863884533346e-08,Face,kg s^-3,equal_mean_of_12_instantaneous_profiles,10800,14400,11100.0;11400.0;11700.0;12000.0;12300.0;12600.0;12900.0;13200.0;13500.0;13800.0;14100.0;14400.0
14400,387.5,density_weighted_turbulent_tke_flux,-4.8612588991285101e-08,Face,kg s^-3,equal_mean_of_12_instantaneous_profiles,10800,14400,11100.0;11400.0;11700.0;12000.0;12300.0;12600.0;12900.0;13200.0;13500.0;13800.0;14100.0;14400.0
14400,400,density_weighted_turbulent_tke_flux,-6.1334513986229425e-08,Face,kg s^-3,equal_mean_of_12_instantaneous_profiles,10800,14400,11100.0;11400.0;11700.0;12000.0;12300.0;12600.0;12900.0;13200.0;13500.0;13800.0;14100.0;14400.0
14400,412.5,density_weighted_turbulent_tke_flux,-6.8629995270130806e-08,Face,kg s^-3,equal_mean_of_12_instantaneous_profiles,10800,14400,11100.0;11400.0;11700.0;12000.0;12300.0;12600.0;12900.0;13200.0;13500.0;13800.0;14100.0;14400.0
14400,425,density_weighted_turbulent_tke_flux,-7.5584237091419482e-08,Face,kg s^-3,equal_mean_of_12_instantaneous_profiles,10800,14400,11100.0;11400.0;11700.0;12000.0;12300.0;12600.0;12900.0;13200.0;13500.0;13800.0;14100.0;14400.0
14400,437.5,density_weighted_turbulent_tke_flux,-7.5988841589473097e-08,Face,kg s^-3,equal_mean_of_12_instantaneous_profiles,10800,14400,11100.0;11400.0;11700.0;12000.0;12300.0;12600.0;12900.0;13200.0;13500.0;13800.0;14100.0;14400.0
14400,450,density_weighted_turbulent_tke_flux,-8.9215070590379738e-08,Face,kg s^-3,equal_mean_of_12_instantaneous_profiles,10800,14400,11100.0;11400.0;11700.0;12000.0;12300.0;12600.0;12900.0;13200.0;13500.0;13800.0;14100.0;14400.0
14400,462.5,density_weighted_turbulent_tke_flux,-1.2435530694077102e-07,Face,kg s^-3,equal_mean_of_12_instantaneous_profiles,10800,14400,11100.0;11400.0;11700.0;12000.0;12300.0;12600.0;12900.0;13200.0;13500.0;13800.0;14100.0;14400.0
14400,475,density_weighted_turbulent_tke_flux,-1.324747197819128e-07,Face,kg s^-3,equal_mean_of_12_instantaneous_profiles,10800,14400,11100.0;11400.0;11700.0;12000.0;12300.0;12600.0;12900.0;13200.0;13500.0;13800.0;14100.0;14400.0
14400,487.5,density_weighted_turbulent_tke_flux,-1.2819234636770224e-07,Face,kg s^-3,equal_mean_of_12_instantaneous_profiles,10800,14400,11100.0;11400.0;11700.0;12000.0;12300.0;12600.0;12900.0;13200.0;13500.0;13800.0;14100.0;14400.0
14400,500,density_weighted_turbulent_tke_flux,-1.1479337214126417e-07,Face,kg s^-3,equal_mean_of_12_instantaneous_profiles,10800,14400,11100.0;11400.0;11700.0;12000.0;12300.0;12600.0;12900.0;13200.0;13500.0;13800.0;14100.0;14400.0
14400,512.5,density_weighted_turbulent_tke_flux,-1.1384992223047637e-07,Face,kg s^-3,equal_mean_of_12_instantaneous_profiles,10800,14400,11100.0;11400.0;11700.0;12000.0;12300.0;12600.0;12900.0;13200.0;13500.0;13800.0;14100.0;14400.0
14400,525,density_weighted_turbulent_tke_flux,-1.2855491367721092e-07,Face,kg s^-3,equal_mean_of_12_instantaneous_profiles,10800,14400,11100.0;11400.0;11700.0;12000.0;12300.0;12600.0;12900.0;13200.0;13500.0;13800.0;14100.0;14400.0
14400,537.5,density_weighted_turbulent_tke_flux,-1.2582117074148394e-07,Face,kg s^-3,equal_mean_of_12_instantaneous_profiles,10800,14400,11100.0;11400.0;11700.0;12000.0;12300.0;12600.0;12900.0;13200.0;13500.0;13800.0;14100.0;14400.0
14400,550,density_weighted_turbulent_tke_flux,-7.4739849346509388e-08,Face,kg s^-3,equal_mean_of_12_instantaneous_profiles,10800,14400,11100.0;11400.0;11700.0;12000.0;12300.0;12600.0;12900.0;13200.0;13500.0;13800.0;14100.0;14400.0
14400,562.5,density_weighted_turbulent_tke_flux,1.1734385078436087e-07,Face,kg s^-3,equal_mean_of_12_instantaneous_profiles,10800,14400,11100.0;11400.0;11700.0;12000.0;12300.0;12600.0;12900.0;13200.0;13500.0;13800.0;14100.0;14400.0
14400,575,density_weighted_turbulent_tke_flux,3.6500540641822471e-07,Face,kg s^-3,equal_mean_of_12_instantaneous_profiles,10800,14400,11100.0;11400.0;11700.0;12000.0;12300.0;12600.0;12900.0;13200.0;13500.0;13800.0;14100.0;14400.0
14400,587.5,density_weighted_turbulent_tke_flux,6.7869930265908784e-07,Face,kg s^-3,equal_mean_of_12_instantaneous_profiles,10800,14400,11100.0;11400.0;11700.0;12000.0;12300.0;12600.0;12900.0;13200.0;13500.0;13800.0;14100.0;14400.0
14400,600,density_weighted_turbulent_tke_flux,6.5418566563835157e-07,Face,kg s^-3,equal_mean_of_12_instantaneous_profiles,10800,14400,11100.0;11400.0;11700.0;12000.0;12300.0;12600.0;12900.0;13200.0;13500.0;13800.0;14100.0;14400.0
14400,612.5,density_weighted_turbulent_tke_flux,-2.3790010862020003e-06,Face,kg s^-3,equal_mean_of_12_instantaneous_profiles,10800,14400,11100.0;11400.0;11700.0;12000.0;12300.0;12600.0;12900.0;13200.0;13500.0;13800.0;14100.0;14400.0
14400,625,density_weighted_turbulent_tke_flux,-4.8243951174716431e-06,Face,kg s^-3,equal_mean_of_12_instantaneous_profiles,10800,14400,11100.0;11400.0;11700.0;12000.0;12300.0;12600.0;12900.0;13200.0;13500.0;13800.0;14100.0;14400.0
14400,637.5,density_weighted_turbulent_tke_flux,-6.2486114795016574e-06,Face,kg s^-3,equal_mean_of_12_instantaneous_profiles,10800,14400,11100.0;11400.0;11700.0;12000.0;12300.0;12600.0;12900.0;13200.0;13500.0;13800.0;14100.0;14400.0
14400,650,density_weighted_turbulent_tke_flux,-1.4193390780311196e-05,Face,kg s^-3,equal_mean_of_12_instantaneous_profiles,10800,14400,11100.0;11400.0;11700.0;12000.0;12300.0;12600.0;12900.0;13200.0;13500.0;13800.0;14100.0;14400.0
14400,662.5,density_weighted_turbulent_tke_flux,-9.0985868960539538e-06,Face,kg s^-3,equal_mean_of_12_instantaneous_profiles,10800,14400,11100.0;11400.0;11700.0;12000.0;12300.0;12600.0;12900.0;13200.0;13500.0;13800.0;14100.0;14400.0
14400,675,density_weighted_turbulent_tke_flux,1.5889265180627869e-06,Face,kg s^-3,equal_mean_of_12_instantaneous_profiles,10800,14400,11100.0;11400.0;11700.0;12000.0;12300.0;12600.0;12900.0;13200.0;13500.0;13800.0;14100.0;14400.0
14400,687.5,density_weighted_turbulent_tke_flux,7.1473034874240211e-06,Face,kg s^-3,equal_mean_of_12_instantaneous_profiles,10800,14400,11100.0;11400.0;11700.0;12000.0;12300.0;12600.0;12900.0;13200.0;13500.0;13800.0;14100.0;14400.0
14400,700,density_weighted_turbulent_tke_flux,1.0363870915834164e-05,Face,kg s^-3,equal_mean_of_12_instantaneous_profiles,10800,14400,11100.0;11400.0;11700.0;12000.0;12300.0;12600.0;12900.0;13200.0;13500.0;13800.0;14100.0;14400.0
14400,712.5,density_weighted_turbulent_tke_flux,5.786965578143584e-06,Face,kg s^-3,equal_mean_of_12_instantaneous_profiles,10800,14400,11100.0;11400.0;11700.0;12000.0;12300.0;12600.0;12900.0;13200.0;13500.0;13800.0;14100.0;14400.0
14400,725,density_weighted_turbulent_tke_flux,4.1067858802534829e-06,Face,kg s^-3,equal_mean_of_12_instantaneous_profiles,10800,14400,11100.0;11400.0;11700.0;12000.0;12300.0;12600.0;12900.0;13200.0;13500.0;13800.0;14100.0;14400.0
14400,737.5,density_weighted_turbulent_tke_flux,1.2446201296256731e-06,Face,kg s^-3,equal_mean_of_12_instantaneous_profiles,10800,14400,11100.0;11400.0;11700.0;12000.0;12300.0;12600.0;12900.0;13200.0;13500.0;13800.0;14100.0;14400.0
14400,750,density_weighted_turbulent_tke_flux,2.2514497644010589e-07,Face,kg s^-3,equal_mean_of_12_instantaneous_profiles,10800,14400,11100.0;11400.0;11700.0;12000.0;12300.0;12600.0;12900.0;13200.0;13500.0;13800.0;14100.0;14400.0
14400,762.5,density_weighted_turbulent_tke_flux,-6.8403275932382712e-08,Face,kg s^-3,equal_mean_of_12_instantaneous_profiles,10800,14400,11100.0;11400.0;11700.0;12000.0;12300.0;12600.0;12900.0;13200.0;13500.0;13800.0;14100.0;14400.0
14400,775,density_weighted_turbulent_tke_flux,-6.6840394108425016e-08,Face,kg s^-3,equal_mean_of_12_instantaneous_profiles,10800,14400,11100.0;11400.0;11700.0;12000.0;12300.0;12600.0;12900.0;13200.0;13500.0;13800.0;14100.0;14400.0
14400,787.5,density_weighted_turbulent_tke_flux,-1.8016718413467931e-08,Face,kg s^-3,equal_mean_of_12_instantaneous_profiles,10800,14400,11100.0;11400.0;11700.0;12000.0;12300.0;12600.0;12900.0;13200.0;13500.0;13800.0;14100.0;14400.0
14400,800,density_weighted_turbulent_tke_flux,0,Face,kg s^-3,equal_mean_of_12_instantaneous_profiles,10800,14400,11100.0;11400.0;11700.0;12000.0;12300.0;12600.0;12900.0;13200.0;13500.0;13800.0;14100.0;14400.0
14400,0,pressure_tke_flux,0,Face,m^3 s^-3,equal_mean_of_12_instantaneous_profiles,10800,14400,11100.0;11400.0;11700.0;12000.0;12300.0;12600.0;12900.0;13200.0;13500.0;13800.0;14100.0;14400.0
14400,12.5,pressure_tke_flux,-0.00040399737190455198,Face,m^3 s^-3,equal_mean_of_12_instantaneous_profiles,10800,14400,11100.0;11400.0;11700.0;12000.0;12300.0;12600.0;12900.0;13200.0;13500.0;13800.0;14100.0;14400.0
14400,25,pressure_tke_flux,-0.00095664680217547959,Face,m^3 s^-3,equal_mean_of_12_instantaneous_profiles,10800,14400,11100.0;11400.0;11700.0;12000.0;12300.0;12600.0;12900.0;13200.0;13500.0;13800.0;14100.0;14400.0
14400,37.5,pressure_tke_flux,-0.002538676761711637,Face,m^3 s^-3,equal_mean_of_12_instantaneous_profiles,10800,14400,11100.0;11400.0;11700.0;12000.0;12300.0;12600.0;12900.0;13200.0;13500.0;13800.0;14100.0;14400.0
14400,50,pressure_tke_flux,0.00037348645431241795,Face,m^3 s^-3,equal_mean_of_12_instantaneous_profiles,10800,14400,11100.0;11400.0;11700.0;12000.0;12300.0;12600.0;12900.0;13200.0;13500.0;13800.0;14100.0;14400.0
14400,62.5,pressure_tke_flux,0.00063576281172572635,Face,m^3 s^-3,equal_mean_of_12_instantaneous_profiles,10800,14400,11100.0;11400.0;11700.0;12000.0;12300.0;12600.0;12900.0;13200.0;13500.0;13800.0;14100.0;14400.0
14400,75,pressure_tke_flux,0.0013576195924542844,Face,m^3 s^-3,equal_mean_of_12_instantaneous_profiles,10800,14400,11100.0;11400.0;11700.0;12000.0;12300.0;12600.0;12900.0;13200.0;13500.0;13800.0;14100.0;14400.0
14400,87.5,pressure_tke_flux,0.0017297818897835289,Face,m^3 s^-3,equal_mean_of_12_instantaneous_profiles,10800,14400,11100.0;11400.0;11700.0;12000.0;12300.0;12600.0;12900.0;13200.0;13500.0;13800.0;14100.0;14400.0
14400,100,pressure_tke_flux,0.0021311962191248313,Face,m^3 s^-3,equal_mean_of_12_instantaneous_profiles,10800,14400,11100.0;11400.0;11700.0;12000.0;12300.0;12600.0;12900.0;13200.0;13500.0;13800.0;14100.0;14400.0
14400,112.5,pressure_tke_flux,0.0023682638784521259,Face,m^3 s^-3,equal_mean_of_12_instantaneous_profiles,10800,14400,11100.0;11400.0;11700.0;12000.0;12300.0;12600.0;12900.0;13200.0;13500.0;13800.0;14100.0;14400.0
14400,125,pressure_tke_flux,0.0026308238581502033,Face,m^3 s^-3,equal_mean_of_12_instantaneous_profiles,10800,14400,11100.0;11400.0;11700.0;12000.0;12300.0;12600.0;12900.0;13200.0;13500.0;13800.0;14100.0;14400.0
14400,137.5,pressure_tke_flux,0.0024833978641254362,Face,m^3 s^-3,equal_mean_of_12_instantaneous_profiles,10800,14400,11100.0;11400.0;11700.0;12000.0;12300.0;12600.0;12900.0;13200.0;13500.0;13800.0;14100.0;14400.0
14400,150,pressure_tke_flux,0.0020284966679658587,Face,m^3 s^-3,equal_mean_of_12_instantaneous_profiles,10800,14400,11100.0;11400.0;11700.0;12000.0;12300.0;12600.0;12900.0;13200.0;13500.0;13800.0;14100.0;14400.0
14400,162.5,pressure_tke_flux,0.0017008947421951841,Face,m^3 s^-3,equal_mean_of_12_instantaneous_profiles,10800,14400,11100.0;11400.0;11700.0;12000.0;12300.0;12600.0;12900.0;13200.0;13500.0;13800.0;14100.0;14400.0
14400,175,pressure_tke_flux,0.0010359347143094055,Face,m^3 s^-3,equal_mean_of_12_instantaneous_profiles,10800,14400,11100.0;11400.0;11700.0;12000.0;12300.0;12600.0;12900.0;13200.0;13500.0;13800.0;14100.0;14400.0
14400,187.5,pressure_tke_flux,0.00044416299230457906,Face,m^3 s^-3,equal_mean_of_12_instantaneous_profiles,10800,14400,11100.0;11400.0;11700.0;12000.0;12300.0;12600.0;12900.0;13200.0;13500.0;13800.0;14100.0;14400.0
14400,200,pressure_tke_flux,7.3618790944844178e-05,Face,m^3 s^-3,equal_mean_of_12_instantaneous_profiles,10800,14400,11100.0;11400.0;11700.0;12000.0;12300.0;12600.0;12900.0;13200.0;13500.0;13800.0;14100.0;14400.0
14400,212.5,pressure_tke_flux,8.0206315639467594e-06,Face,m^3 s^-3,equal_mean_of_12_instantaneous_profiles,10800,14400,11100.0;11400.0;11700.0;12000.0;12300.0;12600.0;12900.0;13200.0;13500.0;13800.0;14100.0;14400.0
14400,225,pressure_tke_flux,5.6090569463170448e-07,Face,m^3 s^-3,equal_mean_of_12_instantaneous_profiles,10800,14400,11100.0;11400.0;11700.0;12000.0;12300.0;12600.0;12900.0;13200.0;13500.0;13800.0;14100.0;14400.0
14400,237.5,pressure_tke_flux,-2.3324884447598984e-06,Face,m^3 s^-3,equal_mean_of_12_instantaneous_profiles,10800,14400,11100.0;11400.0;11700.0;12000.0;12300.0;12600.0;12900.0;13200.0;13500.0;13800.0;14100.0;14400.0
14400,250,pressure_tke_flux,-1.4659176486020442e-06,Face,m^3 s^-3,equal_mean_of_12_instantaneous_profiles,10800,14400,11100.0;11400.0;11700.0;12000.0;12300.0;12600.0;12900.0;13200.0;13500.0;13800.0;14100.0;14400.0
14400,262.5,pressure_tke_flux,-1.7275741204988055e-06,Face,m^3 s^-3,equal_mean_of_12_instantaneous_profiles,10800,14400,11100.0;11400.0;11700.0;12000.0;12300.0;12600.0;12900.0;13200.0;13500.0;13800.0;14100.0;14400.0
14400,275,pressure_tke_flux,-2.8568402588765216e-06,Face,m^3 s^-3,equal_mean_of_12_instantaneous_profiles,10800,14400,11100.0;11400.0;11700.0;12000.0;12300.0;12600.0;12900.0;13200.0;13500.0;13800.0;14100.0;14400.0
14400,287.5,pressure_tke_flux,-4.316523321297912e-06,Face,m^3 s^-3,equal_mean_of_12_instantaneous_profiles,10800,14400,11100.0;11400.0;11700.0;12000.0;12300.0;12600.0;12900.0;13200.0;13500.0;13800.0;14100.0;14400.0
14400,300,pressure_tke_flux,-5.239887135151851e-06,Face,m^3 s^-3,equal_mean_of_12_instantaneous_profiles,10800,14400,11100.0;11400.0;11700.0;12000.0;12300.0;12600.0;12900.0;13200.0;13500.0;13800.0;14100.0;14400.0
14400,312.5,pressure_tke_flux,-6.7068757895564586e-06,Face,m^3 s^-3,equal_mean_of_12_instantaneous_profiles,10800,14400,11100.0;11400.0;11700.0;12000.0;12300.0;12600.0;12900.0;13200.0;13500.0;13800.0;14100.0;14400.0
14400,325,pressure_tke_flux,-8.9747457347281543e-06,Face,m^3 s^-3,equal_mean_of_12_instantaneous_profiles,10800,14400,11100.0;11400.0;11700.0;12000.0;12300.0;12600.0;12900.0;13200.0;13500.0;13800.0;14100.0;14400.0
14400,337.5,pressure_tke_flux,-1.0498737462209343e-05,Face,m^3 s^-3,equal_mean_of_12_instantaneous_profiles,10800,14400,11100.0;11400.0;11700.0;12000.0;12300.0;12600.0;12900.0;13200.0;13500.0;13800.0;14100.0;14400.0
14400,350,pressure_tke_flux,-1.1894718682015082e-05,Face,m^3 s^-3,equal_mean_of_12_instantaneous_profiles,10800,14400,11100.0;11400.0;11700.0;12000.0;12300.0;12600.0;12900.0;13200.0;13500.0;13800.0;14100.0;14400.0
14400,362.5,pressure_tke_flux,-1.3098668356785007e-05,Face,m^3 s^-3,equal_mean_of_12_instantaneous_profiles,10800,14400,11100.0;11400.0;11700.0;12000.0;12300.0;12600.0;12900.0;13200.0;13500.0;13800.0;14100.0;14400.0
14400,375,pressure_tke_flux,-1.3392820619628765e-05,Face,m^3 s^-3,equal_mean_of_12_instantaneous_profiles,10800,14400,11100.0;11400.0;11700.0;12000.0;12300.0;12600.0;12900.0;13200.0;13500.0;13800.0;14100.0;14400.0
14400,387.5,pressure_tke_flux,-1.4024113625055179e-05,Face,m^3 s^-3,equal_mean_of_12_instantaneous_profiles,10800,14400,11100.0;11400.0;11700.0;12000.0;12300.0;12600.0;12900.0;13200.0;13500.0;13800.0;14100.0;14400.0
14400,400,pressure_tke_flux,-1.4730489207674205e-05,Face,m^3 s^-3,equal_mean_of_12_instantaneous_profiles,10800,14400,11100.0;11400.0;11700.0;12000.0;12300.0;12600.0;12900.0;13200.0;13500.0;13800.0;14100.0;14400.0
14400,412.5,pressure_tke_flux,-1.582068686426889e-05,Face,m^3 s^-3,equal_mean_of_12_instantaneous_profiles,10800,14400,11100.0;11400.0;11700.0;12000.0;12300.0;12600.0;12900.0;13200.0;13500.0;13800.0;14100.0;14400.0
14400,425,pressure_tke_flux,-1.6415015844965335e-05,Face,m^3 s^-3,equal_mean_of_12_instantaneous_profiles,10800,14400,11100.0;11400.0;11700.0;12000.0;12300.0;12600.0;12900.0;13200.0;13500.0;13800.0;14100.0;14400.0
14400,437.5,pressure_tke_flux,-1.7063782403662724e-05,Face,m^3 s^-3,equal_mean_of_12_instantaneous_profiles,10800,14400,11100.0;11400.0;11700.0;12000.0;12300.0;12600.0;12900.0;13200.0;13500.0;13800.0;14100.0;14400.0
14400,450,pressure_tke_flux,-1.7829824817757373e-05,Face,m^3 s^-3,equal_mean_of_12_instantaneous_profiles,10800,14400,11100.0;11400.0;11700.0;12000.0;12300.0;12600.0;12900.0;13200.0;13500.0;13800.0;14100.0;14400.0
14400,462.5,pressure_tke_flux,-1.8251042680124858e-05,Face,m^3 s^-3,equal_mean_of_12_instantaneous_profiles,10800,14400,11100.0;11400.0;11700.0;12000.0;12300.0;12600.0;12900.0;13200.0;13500.0;13800.0;14100.0;14400.0
14400,475,pressure_tke_flux,-1.8279177500820271e-05,Face,m^3 s^-3,equal_mean_of_12_instantaneous_profiles,10800,14400,11100.0;11400.0;11700.0;12000.0;12300.0;12600.0;12900.0;13200.0;13500.0;13800.0;14100.0;14400.0
14400,487.5,pressure_tke_flux,-1.7808729656583939e-05,Face,m^3 s^-3,equal_mean_of_12_instantaneous_profiles,10800,14400,11100.0;11400.0;11700.0;12000.0;12300.0;12600.0;12900.0;13200.0;13500.0;13800.0;14100.0;14400.0
14400,500,pressure_tke_flux,-1.7527532615228363e-05,Face,m^3 s^-3,equal_mean_of_12_instantaneous_profiles,10800,14400,11100.0;11400.0;11700.0;12000.0;12300.0;12600.0;12900.0;13200.0;13500.0;13800.0;14100.0;14400.0
14400,512.5,pressure_tke_flux,-1.7519665789222927e-05,Face,m^3 s^-3,equal_mean_of_12_instantaneous_profiles,10800,14400,11100.0;11400.0;11700.0;12000.0;12300.0;12600.0;12900.0;13200.0;13500.0;13800.0;14100.0;14400.0
14400,525,pressure_tke_flux,-1.7088316326407949e-05,Face,m^3 s^-3,equal_mean_of_12_instantaneous_profiles,10800,14400,11100.0;11400.0;11700.0;12000.0;12300.0;12600.0;12900.0;13200.0;13500.0;13800.0;14100.0;14400.0
14400,537.5,pressure_tke_flux,-1.6353562159565627e-05,Face,m^3 s^-3,equal_mean_of_12_instantaneous_profiles,10800,14400,11100.0;11400.0;11700.0;12000.0;12300.0;12600.0;12900.0;13200.0;13500.0;13800.0;14100.0;14400.0
14400,550,pressure_tke_flux,-1.5563572143643494e-05,Face,m^3 s^-3,equal_mean_of_12_instantaneous_profiles,10800,14400,11100.0;11400.0;11700.0;12000.0;12300.0;12600.0;12900.0;13200.0;13500.0;13800.0;14100.0;14400.0
14400,562.5,pressure_tke_flux,-1.705304206704265e-05,Face,m^3 s^-3,equal_mean_of_12_instantaneous_profiles,10800,14400,11100.0;11400.0;11700.0;12000.0;12300.0;12600.0;12900.0;13200.0;13500.0;13800.0;14100.0;14400.0
14400,575,pressure_tke_flux,-1.6114410376151984e-05,Face,m^3 s^-3,equal_mean_of_12_instantaneous_profiles,10800,14400,11100.0;11400.0;11700.0;12000.0;12300.0;12600.0;12900.0;13200.0;13500.0;13800.0;14100.0;14400.0
14400,587.5,pressure_tke_flux,-1.4899422315769092e-05,Face,m^3 s^-3,equal_mean_of_12_instantaneous_profiles,10800,14400,11100.0;11400.0;11700.0;12000.0;12300.0;12600.0;12900.0;13200.0;13500.0;13800.0;14100.0;14400.0
14400,600,pressure_tke_flux,-1.6140876330913063e-05,Face,m^3 s^-3,equal_mean_of_12_instantaneous_profiles,10800,14400,11100.0;11400.0;11700.0;12000.0;12300.0;12600.0;12900.0;13200.0;13500.0;13800.0;14100.0;14400.0
14400,612.5,pressure_tke_flux,-2.4307561195276623e-05,Face,m^3 s^-3,equal_mean_of_12_instantaneous_profiles,10800,14400,11100.0;11400.0;11700.0;12000.0;12300.0;12600.0;12900.0;13200.0;13500.0;13800.0;14100.0;14400.0
14400,625,pressure_tke_flux,-2.353914040516732e-05,Face,m^3 s^-3,equal_mean_of_12_instantaneous_profiles,10800,14400,11100.0;11400.0;11700.0;12000.0;12300.0;12600.0;12900.0;13200.0;13500.0;13800.0;14100.0;14400.0
14400,637.5,pressure_tke_flux,-1.4518503424672721e-05,Face,m^3 s^-3,equal_mean_of_12_instantaneous_profiles,10800,14400,11100.0;11400.0;11700.0;12000.0;12300.0;12600.0;12900.0;13200.0;13500.0;13800.0;14100.0;14400.0
14400,650,pressure_tke_flux,1.0328371899959166e-06,Face,m^3 s^-3,equal_mean_of_12_instantaneous_profiles,10800,14400,11100.0;11400.0;11700.0;12000.0;12300.0;12600.0;12900.0;13200.0;13500.0;13800.0;14100.0;14400.0
14400,662.5,pressure_tke_flux,9.4092759657845207e-08,Face,m^3 s^-3,equal_mean_of_12_instantaneous_profiles,10800,14400,11100.0;11400.0;11700.0;12000.0;12300.0;12600.0;12900.0;13200.0;13500.0;13800.0;14100.0;14400.0
14400,675,pressure_tke_flux,2.2762175907094693e-06,Face,m^3 s^-3,equal_mean_of_12_instantaneous_profiles,10800,14400,11100.0;11400.0;11700.0;12000.0;12300.0;12600.0;12900.0;13200.0;13500.0;13800.0;14100.0;14400.0
14400,687.5,pressure_tke_flux,3.5650007248477777e-06,Face,m^3 s^-3,equal_mean_of_12_instantaneous_profiles,10800,14400,11100.0;11400.0;11700.0;12000.0;12300.0;12600.0;12900.0;13200.0;13500.0;13800.0;14100.0;14400.0
14400,700,pressure_tke_flux,1.9535851341364225e-05,Face,m^3 s^-3,equal_mean_of_12_instantaneous_profiles,10800,14400,11100.0;11400.0;11700.0;12000.0;12300.0;12600.0;12900.0;13200.0;13500.0;13800.0;14100.0;14400.0
14400,712.5,pressure_tke_flux,2.9557332557790989e-05,Face,m^3 s^-3,equal_mean_of_12_instantaneous_profiles,10800,14400,11100.0;11400.0;11700.0;12000.0;12300.0;12600.0;12900.0;13200.0;13500.0;13800.0;14100.0;14400.0
14400,725,pressure_tke_flux,2.4761683334872941e-05,Face,m^3 s^-3,equal_mean_of_12_instantaneous_profiles,10800,14400,11100.0;11400.0;11700.0;12000.0;12300.0;12600.0;12900.0;13200.0;13500.0;13800.0;14100.0;14400.0
14400,737.5,pressure_tke_flux,1.9507423796009487e-05,Face,m^3 s^-3,equal_mean_of_12_instantaneous_profiles,10800,14400,11100.0;11400.0;11700.0;12000.0;12300.0;12600.0;12900.0;13200.0;13500.0;13800.0;14100.0;14400.0
14400,750,pressure_tke_flux,1.3801303187695643e-05,Face,m^3 s^-3,equal_mean_of_12_instantaneous_profiles,10800,14400,11100.0;11400.0;11700.0;12000.0;12300.0;12600.0;12900.0;13200.0;13500.0;13800.0;14100.0;14400.0
14400,762.5,pressure_tke_flux,9.1090833886179699e-06,Face,m^3 s^-3,equal_mean_of_12_instantaneous_profiles,10800,14400,11100.0;11400.0;11700.0;12000.0;12300.0;12600.0;12900.0;13200.0;13500.0;13800.0;14100.0;14400.0
14400,775,pressure_tke_flux,5.612278679715625e-06,Face,m^3 s^-3,equal_mean_of_12_instantaneous_profiles,10800,14400,11100.0;11400.0;11700.0;12000.0;12300.0;12600.0;12900.0;13200.0;13500.0;13800.0;14100.0;14400.0
14400,787.5,pressure_tke_flux,2.2753908789733637e-06,Face,m^3 s^-3,equal_mean_of_12_instantaneous_profiles,10800,14400,11100.0;11400.0;11700.0;12000.0;12300.0;12600.0;12900.0;13200.0;13500.0;13800.0;14100.0;14400.0
14400,800,pressure_tke_flux,0,Face,m^3 s^-3,equal_mean_of_12_instantaneous_profiles,10800,14400,11100.0;11400.0;11700.0;12000.0;12300.0;12600.0;12900.0;13200.0;13500.0;13800.0;14100.0;14400.0
14400,6.25,q_mean,0.0098469305473069344,Center,1,equal_mean_of_12_instantaneous_profiles,10800,14400,11100.0;11400.0;11700.0;12000.0;12300.0;12600.0;12900.0;13200.0;13500.0;13800.0;14100.0;14400.0
14400,18.75,q_mean,0.0098334982370336856,Center,1,equal_mean_of_12_instantaneous_profiles,10800,14400,11100.0;11400.0;11700.0;12000.0;12300.0;12600.0;12900.0;13200.0;13500.0;13800.0;14100.0;14400.0
14400,31.25,q_mean,0.0098177546169608831,Center,1,equal_mean_of_12_instantaneous_profiles,10800,14400,11100.0;11400.0;11700.0;12000.0;12300.0;12600.0;12900.0;13200.0;13500.0;13800.0;14100.0;14400.0
14400,43.75,q_mean,0.0097651441271106396,Center,1,equal_mean_of_12_instantaneous_profiles,10800,14400,11100.0;11400.0;11700.0;12000.0;12300.0;12600.0;12900.0;13200.0;13500.0;13800.0;14100.0;14400.0
14400,56.25,q_mean,0.0097159165889024734,Center,1,equal_mean_of_12_instantaneous_profiles,10800,14400,11100.0;11400.0;11700.0;12000.0;12300.0;12600.0;12900.0;13200.0;13500.0;13800.0;14100.0;14400.0
14400,68.75,q_mean,0.0096415168760965262,Center,1,equal_mean_of_12_instantaneous_profiles,10800,14400,11100.0;11400.0;11700.0;12000.0;12300.0;12600.0;12900.0;13200.0;13500.0;13800.0;14100.0;14400.0
14400,81.25,q_mean,0.0095441179970900212,Center,1,equal_mean_of_12_instantaneous_profiles,10800,14400,11100.0;11400.0;11700.0;12000.0;12300.0;12600.0;12900.0;13200.0;13500.0;13800.0;14100.0;14400.0
14400,93.75,q_mean,0.0094442579429596663,Center,1,equal_mean_of_12_instantaneous_profiles,10800,14400,11100.0;11400.0;11700.0;12000.0;12300.0;12600.0;12900.0;13200.0;13500.0;13800.0;14100.0;14400.0
14400,106.25,q_mean,0.0093489116212973986,Center,1,equal_mean_of_12_instantaneous_profiles,10800,14400,11100.0;11400.0;11700.0;12000.0;12300.0;12600.0;12900.0;13200.0;13500.0;13800.0;14100.0;14400.0
14400,118.75,q_mean,0.0092535623504469786,Center,1,equal_mean_of_12_instantaneous_profiles,10800,14400,11100.0;11400.0;11700.0;12000.0;12300.0;12600.0;12900.0;13200.0;13500.0;13800.0;14100.0;14400.0
14400,131.25,q_mean,0.0091517951029042397,Center,1,equal_mean_of_12_instantaneous_profiles,10800,14400,11100.0;11400.0;11700.0;12000.0;12300.0;12600.0;12900.0;13200.0;13500.0;13800.0;14100.0;14400.0
14400,143.75,q_mean,0.0090270660196741428,Center,1,equal_mean_of_12_instantaneous_profiles,10800,14400,11100.0;11400.0;11700.0;12000.0;12300.0;12600.0;12900.0;13200.0;13500.0;13800.0;14100.0;14400.0
14400,156.25,q_mean,0.0088903045592208709,Center,1,equal_mean_of_12_instantaneous_profiles,10800,14400,11100.0;11400.0;11700.0;12000.0;12300.0;12600.0;12900.0;13200.0;13500.0;13800.0;14100.0;14400.0
14400,168.75,q_mean,0.0087397880076120291,Center,1,equal_mean_of_12_instantaneous_profiles,10800,14400,11100.0;11400.0;11700.0;12000.0;12300.0;12600.0;12900.0;13200.0;13500.0;13800.0;14100.0;14400.0
14400,181.25,q_mean,0.0085964105868091192,Center,1,equal_mean_of_12_instantaneous_profiles,10800,14400,11100.0;11400.0;11700.0;12000.0;12300.0;12600.0;12900.0;13200.0;13500.0;13800.0;14100.0;14400.0
14400,193.75,q_mean,0.0085089638984451686,Center,1,equal_mean_of_12_instantaneous_profiles,10800,14400,11100.0;11400.0;11700.0;12000.0;12300.0;12600.0;12900.0;13200.0;13500.0;13800.0;14100.0;14400.0
14400,206.25,q_mean,0.0084649338386952877,Center,1,equal_mean_of_12_instantaneous_profiles,10800,14400,11100.0;11400.0;11700.0;12000.0;12300.0;12600.0;12900.0;13200.0;13500.0;13800.0;14100.0;14400.0
14400,218.75,q_mean,0.0084509080431113635,Center,1,equal_mean_of_12_instantaneous_profiles,10800,14400,11100.0;11400.0;11700.0;12000.0;12300.0;12600.0;12900.0;13200.0;13500.0;13800.0;14100.0;14400.0
14400,231.25,q_mean,0.00845124937283496,Center,1,equal_mean_of_12_instantaneous_profiles,10800,14400,11100.0;11400.0;11700.0;12000.0;12300.0;12600.0;12900.0;13200.0;13500.0;13800.0;14100.0;14400.0
14400,243.75,q_mean,0.0084546118353803958,Center,1,equal_mean_of_12_instantaneous_profiles,10800,14400,11100.0;11400.0;11700.0;12000.0;12300.0;12600.0;12900.0;13200.0;13500.0;13800.0;14100.0;14400.0
14400,256.25,q_mean,0.0084548698117335643,Center,1,equal_mean_of_12_instantaneous_profiles,10800,14400,11100.0;11400.0;11700.0;12000.0;12300.0;12600.0;12900.0;13200.0;13500.0;13800.0;14100.0;14400.0
14400,268.75,q_mean,0.0084539580469330158,Center,1,equal_mean_of_12_instantaneous_profiles,10800,14400,11100.0;11400.0;11700.0;12000.0;12300.0;12600.0;12900.0;13200.0;13500.0;13800.0;14100.0;14400.0
14400,281.25,q_mean,0.0084541910327970982,Center,1,equal_mean_of_12_instantaneous_profiles,10800,14400,11100.0;11400.0;11700.0;12000.0;12300.0;12600.0;12900.0;13200.0;13500.0;13800.0;14100.0;14400.0
14400,293.75,q_mean,0.008454654598608613,Center,1,equal_mean_of_12_instantaneous_profiles,10800,14400,11100.0;11400.0;11700.0;12000.0;12300.0;12600.0;12900.0;13200.0;13500.0;13800.0;14100.0;14400.0
14400,306.25,q_mean,0.0084547268537183608,Center,1,equal_mean_of_12_instantaneous_profiles,10800,14400,11100.0;11400.0;11700.0;12000.0;12300.0;12600.0;12900.0;13200.0;13500.0;13800.0;14100.0;14400.0
14400,318.75,q_mean,0.0084547607693821192,Center,1,equal_mean_of_12_instantaneous_profiles,10800,14400,11100.0;11400.0;11700.0;12000.0;12300.0;12600.0;12900.0;13200.0;13500.0;13800.0;14100.0;14400.0
14400,331.25,q_mean,0.0084548197531451787,Center,1,equal_mean_of_12_instantaneous_profiles,10800,14400,11100.0;11400.0;11700.0;12000.0;12300.0;12600.0;12900.0;13200.0;13500.0;13800.0;14100.0;14400.0
14400,343.75,q_mean,0.0084548654655615483,Center,1,equal_mean_of_12_instantaneous_profiles,10800,14400,11100.0;11400.0;11700.0;12000.0;12300.0;12600.0;12900.0;13200.0;13500.0;13800.0;14100.0;14400.0
14400,356.25,q_mean,0.0084549154465397205,Center,1,equal_mean_of_12_instantaneous_profiles,10800,14400,11100.0;11400.0;11700.0;12000.0;12300.0;12600.0;12900.0;13200.0;13500.0;13800.0;14100.0;14400.0
14400,368.75,q_mean,0.0084549345386525001,Center,1,equal_mean_of_12_instantaneous_profiles,10800,14400,11100.0;11400.0;11700.0;12000.0;12300.0;12600.0;12900.0;13200.0;13500.0;13800.0;14100.0;14400.0
14400,381.25,q_mean,0.0084549211896955967,Center,1,equal_mean_of_12_instantaneous_profiles,10800,14400,11100.0;11400.0;11700.0;12000.0;12300.0;12600.0;12900.0;13200.0;13500.0;13800.0;14100.0;14400.0
14400,393.75,q_mean,0.0084548674058169127,Center,1,equal_mean_of_12_instantaneous_profiles,10800,14400,11100.0;11400.0;11700.0;12000.0;12300.0;12600.0;12900.0;13200.0;13500.0;13800.0;14100.0;14400.0
14400,406.25,q_mean,0.0084547666677584257,Center,1,equal_mean_of_12_instantaneous_profiles,10800,14400,11100.0;11400.0;11700.0;12000.0;12300.0;12600.0;12900.0;13200.0;13500.0;13800.0;14100.0;14400.0
14400,418.75,q_mean,0.0084543716317663584,Center,1,equal_mean_of_12_instantaneous_profiles,10800,14400,11100.0;11400.0;11700.0;12000.0;12300.0;12600.0;12900.0;13200.0;13500.0;13800.0;14100.0;14400.0
14400,431.25,q_mean,0.0084539034093419705,Center,1,equal_mean_of_12_instantaneous_profiles,10800,14400,11100.0;11400.0;11700.0;12000.0;12300.0;12600.0;12900.0;13200.0;13500.0;13800.0;14100.0;14400.0
14400,443.75,q_mean,0.0084545574306199942,Center,1,equal_mean_of_12_instantaneous_profiles,10800,14400,11100.0;11400.0;11700.0;12000.0;12300.0;12600.0;12900.0;13200.0;13500.0;13800.0;14100.0;14400.0
14400,456.25,q_mean,0.0084543672855943441,Center,1,equal_mean_of_12_instantaneous_profiles,10800,14400,11100.0;11400.0;11700.0;12000.0;12300.0;12600.0;12900.0;13200.0;13500.0;13800.0;14100.0;14400.0
14400,468.75,q_mean,0.0084450925545146074,Center,1,equal_mean_of_12_instantaneous_profiles,10800,14400,11100.0;11400.0;11700.0;12000.0;12300.0;12600.0;12900.0;13200.0;13500.0;13800.0;14100.0;14400.0
14400,481.25,q_mean,0.0084250347378353272,Center,1,equal_mean_of_12_instantaneous_profiles,10800,14400,11100.0;11400.0;11700.0;12000.0;12300.0;12600.0;12900.0;13200.0;13500.0;13800.0;14100.0;14400.0
14400,493.75,q_mean,0.0084018382088591661,Center,1,equal_mean_of_12_instantaneous_profiles,10800,14400,11100.0;11400.0;11700.0;12000.0;12300.0;12600.0;12900.0;13200.0;13500.0;13800.0;14100.0;14400.0
14400,506.25,q_mean,0.0083782524646570291,Center,1,equal_mean_of_12_instantaneous_profiles,10800,14400,11100.0;11400.0;11700.0;12000.0;12300.0;12600.0;12900.0;13200.0;13500.0;13800.0;14100.0;14400.0
14400,518.75,q_mean,0.0083596322995920982,Center,1,equal_mean_of_12_instantaneous_profiles,10800,14400,11100.0;11400.0;11700.0;12000.0;12300.0;12600.0;12900.0;13200.0;13500.0;13800.0;14100.0;14400.0
14400,531.25,q_mean,0.008353268650049964,Center,1,equal_mean_of_12_instantaneous_profiles,10800,14400,11100.0;11400.0;11700.0;12000.0;12300.0;12600.0;12900.0;13200.0;13500.0;13800.0;14100.0;14400.0
14400,543.75,q_mean,0.0083543756821503248,Center,1,equal_mean_of_12_instantaneous_profiles,10800,14400,11100.0;11400.0;11700.0;12000.0;12300.0;12600.0;12900.0;13200.0;13500.0;13800.0;14100.0;14400.0
14400,556.25,q_mean,0.0083548917900770903,Center,1,equal_mean_of_12_instantaneous_profiles,10800,14400,11100.0;11400.0;11700.0;12000.0;12300.0;12600.0;12900.0;13200.0;13500.0;13800.0;14100.0;14400.0
14400,568.75,q_mean,0.0083546415747453775,Center,1,equal_mean_of_12_instantaneous_profiles,10800,14400,11100.0;11400.0;11700.0;12000.0;12300.0;12600.0;12900.0;13200.0;13500.0;13800.0;14100.0;14400.0
14400,581.25,q_mean,0.0083548518984268103,Center,1,equal_mean_of_12_instantaneous_profiles,10800,14400,11100.0;11400.0;11700.0;12000.0;12300.0;12600.0;12900.0;13200.0;13500.0;13800.0;14100.0;14400.0
14400,593.75,q_mean,0.0083550531417131424,Center,1,equal_mean_of_12_instantaneous_profiles,10800,14400,11100.0;11400.0;11700.0;12000.0;12300.0;12600.0;12900.0;13200.0;13500.0;13800.0;14100.0;14400.0
14400,606.25,q_mean,0.0083551129015783463,Center,1,equal_mean_of_12_instantaneous_profiles,10800,14400,11100.0;11400.0;11700.0;12000.0;12300.0;12600.0;12900.0;13200.0;13500.0;13800.0;14100.0;14400.0
14400,618.75,q_mean,0.0083551220595836639,Center,1,equal_mean_of_12_instantaneous_profiles,10800,14400,11100.0;11400.0;11700.0;12000.0;12300.0;12600.0;12900.0;13200.0;13500.0;13800.0;14100.0;14400.0
14400,631.25,q_mean,0.0083551239222288132,Center,1,equal_mean_of_12_instantaneous_profiles,10800,14400,11100.0;11400.0;11700.0;12000.0;12300.0;12600.0;12900.0;13200.0;13500.0;13800.0;14100.0;14400.0
14400,643.75,q_mean,0.0083551082449654732,Center,1,equal_mean_of_12_instantaneous_profiles,10800,14400,11100.0;11400.0;11700.0;12000.0;12300.0;12600.0;12900.0;13200.0;13500.0;13800.0;14100.0;14400.0
14400,656.25,q_mean,0.0083550990093499422,Center,1,equal_mean_of_12_instantaneous_profiles,10800,14400,11100.0;11400.0;11700.0;12000.0;12300.0;12600.0;12900.0;13200.0;13500.0;13800.0;14100.0;14400.0
14400,668.75,q_mean,0.0083550969914843645,Center,1,equal_mean_of_12_instantaneous_profiles,10800,14400,11100.0;11400.0;11700.0;12000.0;12300.0;12600.0;12900.0;13200.0;13500.0;13800.0;14100.0;14400.0
14400,681.25,q_mean,0.0083551032779117431,Center,1,equal_mean_of_12_instantaneous_profiles,10800,14400,11100.0;11400.0;11700.0;12000.0;12300.0;12600.0;12900.0;13200.0;13500.0;13800.0;14100.0;14400.0
14400,693.75,q_mean,0.0083551223700245227,Center,1,equal_mean_of_12_instantaneous_profiles,10800,14400,11100.0;11400.0;11700.0;12000.0;12300.0;12600.0;12900.0;13200.0;13500.0;13800.0;14100.0;14400.0
14400,706.25,q_mean,0.0083551551215350628,Center,1,equal_mean_of_12_instantaneous_profiles,10800,14400,11100.0;11400.0;11700.0;12000.0;12300.0;12600.0;12900.0;13200.0;13500.0;13800.0;14100.0;14400.0
14400,718.75,q_mean,0.0083551921416074038,Center,1,equal_mean_of_12_instantaneous_profiles,10800,14400,11100.0;11400.0;11700.0;12000.0;12300.0;12600.0;12900.0;13200.0;13500.0;13800.0;14100.0;14400.0
14400,731.25,q_mean,0.0083552058786153793,Center,1,equal_mean_of_12_instantaneous_profiles,10800,14400,11100.0;11400.0;11700.0;12000.0;12300.0;12600.0;12900.0;13200.0;13500.0;13800.0;14100.0;14400.0
14400,743.75,q_mean,0.0083552159679432716,Center,1,equal_mean_of_12_instantaneous_profiles,10800,14400,11100.0;11400.0;11700.0;12000.0;12300.0;12600.0;12900.0;13200.0;13500.0;13800.0;14100.0;14400.0
14400,756.25,q_mean,0.0083552294721206035,Center,1,equal_mean_of_12_instantaneous_profiles,10800,14400,11100.0;11400.0;11700.0;12000.0;12300.0;12600.0;12900.0;13200.0;13500.0;13800.0;14100.0;14400.0
14400,768.75,q_mean,0.0083552166664352025,Center,1,equal_mean_of_12_instantaneous_profiles,10800,14400,11100.0;11400.0;11700.0;12000.0;12300.0;12600.0;12900.0;13200.0;13500.0;13800.0;14100.0;14400.0
14400,781.25,q_mean,0.0083551815090080108,Center,1,equal_mean_of_12_instantaneous_profiles,10800,14400,11100.0;11400.0;11700.0;12000.0;12300.0;12600.0;12900.0;13200.0;13500.0;13800.0;14100.0;14400.0
14400,793.75,q_mean,0.0083552059562255945,Center,1,equal_mean_of_12_instantaneous_profiles,10800,14400,11100.0;11400.0;11700.0;12000.0;12300.0;12600.0;12900.0;13200.0;13500.0;13800.0;14100.0;14400.0
14400,6.25,q_variance,2.9822167052090862e-12,Center,1,equal_mean_of_12_instantaneous_profiles,10800,14400,11100.0;11400.0;11700.0;12000.0;12300.0;12600.0;12900.0;13200.0;13500.0;13800.0;14100.0;14400.0
14400,18.75,q_variance,1.6252922040623414e-11,Center,1,equal_mean_of_12_instantaneous_profiles,10800,14400,11100.0;11400.0;11700.0;12000.0;12300.0;12600.0;12900.0;13200.0;13500.0;13800.0;14100.0;14400.0
14400,31.25,q_variance,1.3804110516694537e-10,Center,1,equal_mean_of_12_instantaneous_profiles,10800,14400,11100.0;11400.0;11700.0;12000.0;12300.0;12600.0;12900.0;13200.0;13500.0;13800.0;14100.0;14400.0
14400,43.75,q_variance,1.0965390169944318e-09,Center,1,equal_mean_of_12_instantaneous_profiles,10800,14400,11100.0;11400.0;11700.0;12000.0;12300.0;12600.0;12900.0;13200.0;13500.0;13800.0;14100.0;14400.0
14400,56.25,q_variance,1.3756527213656018e-09,Center,1,equal_mean_of_12_instantaneous_profiles,10800,14400,11100.0;11400.0;11700.0;12000.0;12300.0;12600.0;12900.0;13200.0;13500.0;13800.0;14100.0;14400.0
14400,68.75,q_variance,1.7065120335354085e-09,Center,1,equal_mean_of_12_instantaneous_profiles,10800,14400,11100.0;11400.0;11700.0;12000.0;12300.0;12600.0;12900.0;13200.0;13500.0;13800.0;14100.0;14400.0
14400,81.25,q_variance,1.469733834635889e-09,Center,1,equal_mean_of_12_instantaneous_profiles,10800,14400,11100.0;11400.0;11700.0;12000.0;12300.0;12600.0;12900.0;13200.0;13500.0;13800.0;14100.0;14400.0
14400,93.75,q_variance,1.2125427606424211e-09,Center,1,equal_mean_of_12_instantaneous_profiles,10800,14400,11100.0;11400.0;11700.0;12000.0;12300.0;12600.0;12900.0;13200.0;13500.0;13800.0;14100.0;14400.0
14400,106.25,q_variance,8.3002863378774572e-10,Center,1,equal_mean_of_12_instantaneous_profiles,10800,14400,11100.0;11400.0;11700.0;12000.0;12300.0;12600.0;12900.0;13200.0;13500.0;13800.0;14100.0;14400.0
14400,118.75,q_variance,8.9179075698127741e-10,Center,1,equal_mean_of_12_instantaneous_profiles,10800,14400,11100.0;11400.0;11700.0;12000.0;12300.0;12600.0;12900.0;13200.0;13500.0;13800.0;14100.0;14400.0
14400,131.25,q_variance,9.4962619249609292e-10,Center,1,equal_mean_of_12_instantaneous_profiles,10800,14400,11100.0;11400.0;11700.0;12000.0;12300.0;12600.0;12900.0;13200.0;13500.0;13800.0;14100.0;14400.0
14400,143.75,q_variance,1.3179677071928353e-09,Center,1,equal_mean_of_12_instantaneous_profiles,10800,14400,11100.0;11400.0;11700.0;12000.0;12300.0;12600.0;12900.0;13200.0;13500.0;13800.0;14100.0;14400.0
14400,156.25,q_variance,2.1138207110619569e-09,Center,1,equal_mean_of_12_instantaneous_profiles,10800,14400,11100.0;11400.0;11700.0;12000.0;12300.0;12600.0;12900.0;13200.0;13500.0;13800.0;14100.0;14400.0
14400,168.75,q_variance,1.8260184891927267e-09,Center,1,equal_mean_of_12_instantaneous_profiles,10800,14400,11100.0;11400.0;11700.0;12000.0;12300.0;12600.0;12900.0;13200.0;13500.0;13800.0;14100.0;14400.0
14400,181.25,q_variance,1.0627445474568435e-09,Center,1,equal_mean_of_12_instantaneous_profiles,10800,14400,11100.0;11400.0;11700.0;12000.0;12300.0;12600.0;12900.0;13200.0;13500.0;13800.0;14100.0;14400.0
14400,193.75,q_variance,3.3544636628598151e-10,Center,1,equal_mean_of_12_instantaneous_profiles,10800,14400,11100.0;11400.0;11700.0;12000.0;12300.0;12600.0;12900.0;13200.0;13500.0;13800.0;14100.0;14400.0
14400,206.25,q_variance,4.3206296902511175e-11,Center,1,equal_mean_of_12_instantaneous_profiles,10800,14400,11100.0;11400.0;11700.0;12000.0;12300.0;12600.0;12900.0;13200.0;13500.0;13800.0;14100.0;14400.0
14400,218.75,q_variance,3.540999380287809e-12,Center,1,equal_mean_of_12_instantaneous_profiles,10800,14400,11100.0;11400.0;11700.0;12000.0;12300.0;12600.0;12900.0;13200.0;13500.0;13800.0;14100.0;14400.0
14400,231.25,q_variance,8.0737692464798172e-13,Center,1,equal_mean_of_12_instantaneous_profiles,10800,14400,11100.0;11400.0;11700.0;12000.0;12300.0;12600.0;12900.0;13200.0;13500.0;13800.0;14100.0;14400.0
14400,243.75,q_variance,1.6474862370145752e-13,Center,1,equal_mean_of_12_instantaneous_profiles,10800,14400,11100.0;11400.0;11700.0;12000.0;12300.0;12600.0;12900.0;13200.0;13500.0;13800.0;14100.0;14400.0
14400,256.25,q_variance,2.1953925581466805e-14,Center,1,equal_mean_of_12_instantaneous_profiles,10800,14400,11100.0;11400.0;11700.0;12000.0;12300.0;12600.0;12900.0;13200.0;13500.0;13800.0;14100.0;14400.0
14400,268.75,q_variance,3.2096741407758569e-15,Center,1,equal_mean_of_12_instantaneous_profiles,10800,14400,11100.0;11400.0;11700.0;12000.0;12300.0;12600.0;12900.0;13200.0;13500.0;13800.0;14100.0;14400.0
14400,281.25,q_variance,4.2266237148409027e-15,Center,1,equal_mean_of_12_instantaneous_profiles,10800,14400,11100.0;11400.0;11700.0;12000.0;12300.0;12600.0;12900.0;13200.0;13500.0;13800.0;14100.0;14400.0
14400,293.75,q_variance,8.2486164810168221e-16,Center,1,equal_mean_of_12_instantaneous_profiles,10800,14400,11100.0;11400.0;11700.0;12000.0;12300.0;12600.0;12900.0;13200.0;13500.0;13800.0;14100.0;14400.0
14400,306.25,q_variance,6.9851101390917911e-18,Center,1,equal_mean_of_12_instantaneous_profiles,10800,14400,11100.0;11400.0;11700.0;12000.0;12300.0;12600.0;12900.0;13200.0;13500.0;13800.0;14100.0;14400.0
14400,318.75,q_variance,5.7748906398785282e-17,Center,1,equal_mean_of_12_instantaneous_profiles,10800,14400,11100.0;11400.0;11700.0;12000.0;12300.0;12600.0;12900.0;13200.0;13500.0;13800.0;14100.0;14400.0
14400,331.25,q_variance,7.307616169106893e-17,Center,1,equal_mean_of_12_instantaneous_profiles,10800,14400,11100.0;11400.0;11700.0;12000.0;12300.0;12600.0;12900.0;13200.0;13500.0;13800.0;14100.0;14400.0
14400,343.75,q_variance,5.1103985867134499e-17,Center,1,equal_mean_of_12_instantaneous_profiles,10800,14400,11100.0;11400.0;11700.0;12000.0;12300.0;12600.0;12900.0;13200.0;13500.0;13800.0;14100.0;14400.0
14400,356.25,q_variance,2.0189912623792973e-17,Center,1,equal_mean_of_12_instantaneous_profiles,10800,14400,11100.0;11400.0;11700.0;12000.0;12300.0;12600.0;12900.0;13200.0;13500.0;13800.0;14100.0;14400.0
14400,368.75,q_variance,4.9071795007993822e-18,Center,1,equal_mean_of_12_instantaneous_profiles,10800,14400,11100.0;11400.0;11700.0;12000.0;12300.0;12600.0;12900.0;13200.0;13500.0;13800.0;14100.0;14400.0
14400,381.25,q_variance,2.5657016195766914e-17,Center,1,equal_mean_of_12_instantaneous_profiles,10800,14400,11100.0;11400.0;11700.0;12000.0;12300.0;12600.0;12900.0;13200.0;13500.0;13800.0;14100.0;14400.0
14400,393.75,q_variance,4.4668017775659511e-17,Center,1,equal_mean_of_12_instantaneous_profiles,10800,14400,11100.0;11400.0;11700.0;12000.0;12300.0;12600.0;12900.0;13200.0;13500.0;13800.0;14100.0;14400.0
14400,406.25,q_variance,6.0633272401030885e-16,Center,1,equal_mean_of_12_instantaneous_profiles,10800,14400,11100.0;11400.0;11700.0;12000.0;12300.0;12600.0;12900.0;13200.0;13500.0;13800.0;14100.0;14400.0
14400,418.75,q_variance,4.3423519029536062e-15,Center,1,equal_mean_of_12_instantaneous_profiles,10800,14400,11100.0;11400.0;11700.0;12000.0;12300.0;12600.0;12900.0;13200.0;13500.0;13800.0;14100.0;14400.0
14400,431.25,q_variance,5.6708808526002522e-15,Center,1,equal_mean_of_12_instantaneous_profiles,10800,14400,11100.0;11400.0;11700.0;12000.0;12300.0;12600.0;12900.0;13200.0;13500.0;13800.0;14100.0;14400.0
14400,443.75,q_variance,5.9719068823440289e-14,Center,1,equal_mean_of_12_instantaneous_profiles,10800,14400,11100.0;11400.0;11700.0;12000.0;12300.0;12600.0;12900.0;13200.0;13500.0;13800.0;14100.0;14400.0
14400,456.25,q_variance,5.6511457726698673e-13,Center,1,equal_mean_of_12_instantaneous_profiles,10800,14400,11100.0;11400.0;11700.0;12000.0;12300.0;12600.0;12900.0;13200.0;13500.0;13800.0;14100.0;14400.0
14400,468.75,q_variance,7.8259816885019786e-12,Center,1,equal_mean_of_12_instantaneous_profiles,10800,14400,11100.0;11400.0;11700.0;12000.0;12300.0;12600.0;12900.0;13200.0;13500.0;13800.0;14100.0;14400.0
14400,481.25,q_variance,2.4467802205626239e-11,Center,1,equal_mean_of_12_instantaneous_profiles,10800,14400,11100.0;11400.0;11700.0;12000.0;12300.0;12600.0;12900.0;13200.0;13500.0;13800.0;14100.0;14400.0
14400,493.75,q_variance,3.1800626801997689e-11,Center,1,equal_mean_of_12_instantaneous_profiles,10800,14400,11100.0;11400.0;11700.0;12000.0;12300.0;12600.0;12900.0;13200.0;13500.0;13800.0;14100.0;14400.0
14400,506.25,q_variance,2.8177978613624921e-11,Center,1,equal_mean_of_12_instantaneous_profiles,10800,14400,11100.0;11400.0;11700.0;12000.0;12300.0;12600.0;12900.0;13200.0;13500.0;13800.0;14100.0;14400.0
14400,518.75,q_variance,6.6559106678155495e-12,Center,1,equal_mean_of_12_instantaneous_profiles,10800,14400,11100.0;11400.0;11700.0;12000.0;12300.0;12600.0;12900.0;13200.0;13500.0;13800.0;14100.0;14400.0
14400,531.25,q_variance,8.377125422921565e-13,Center,1,equal_mean_of_12_instantaneous_profiles,10800,14400,11100.0;11400.0;11700.0;12000.0;12300.0;12600.0;12900.0;13200.0;13500.0;13800.0;14100.0;14400.0
14400,543.75,q_variance,1.2460252872533695e-13,Center,1,equal_mean_of_12_instantaneous_profiles,10800,14400,11100.0;11400.0;11700.0;12000.0;12300.0;12600.0;12900.0;13200.0;13500.0;13800.0;14100.0;14400.0
14400,556.25,q_variance,9.812404684831212e-15,Center,1,equal_mean_of_12_instantaneous_profiles,10800,14400,11100.0;11400.0;11700.0;12000.0;12300.0;12600.0;12900.0;13200.0;13500.0;13800.0;14100.0;14400.0
14400,568.75,q_variance,1.2969926777639865e-15,Center,1,equal_mean_of_12_instantaneous_profiles,10800,14400,11100.0;11400.0;11700.0;12000.0;12300.0;12600.0;12900.0;13200.0;13500.0;13800.0;14100.0;14400.0
14400,581.25,q_variance,3.3867674483439314e-15,Center,1,equal_mean_of_12_instantaneous_profiles,10800,14400,11100.0;11400.0;11700.0;12000.0;12300.0;12600.0;12900.0;13200.0;13500.0;13800.0;14100.0;14400.0
14400,593.75,q_variance,8.5042220842058058e-16,Center,1,equal_mean_of_12_instantaneous_profiles,10800,14400,11100.0;11400.0;11700.0;12000.0;12300.0;12600.0;12900.0;13200.0;13500.0;13800.0;14100.0;14400.0
14400,606.25,q_variance,1.6714571734248047e-16,Center,1,equal_mean_of_12_instantaneous_profiles,10800,14400,11100.0;11400.0;11700.0;12000.0;12300.0;12600.0;12900.0;13200.0;13500.0;13800.0;14100.0;14400.0
14400,618.75,q_variance,8.3102437748158879e-17,Center,1,equal_mean_of_12_instantaneous_profiles,10800,14400,11100.0;11400.0;11700.0;12000.0;12300.0;12600.0;12900.0;13200.0;13500.0;13800.0;14100.0;14400.0
14400,631.25,q_variance,1.8033583792276256e-16,Center,1,equal_mean_of_12_instantaneous_profiles,10800,14400,11100.0;11400.0;11700.0;12000.0;12300.0;12600.0;12900.0;13200.0;13500.0;13800.0;14100.0;14400.0
14400,643.75,q_variance,3.0125339103333979e-16,Center,1,equal_mean_of_12_instantaneous_profiles,10800,14400,11100.0;11400.0;11700.0;12000.0;12300.0;12600.0;12900.0;13200.0;13500.0;13800.0;14100.0;14400.0
14400,656.25,q_variance,1.9427032399848385e-16,Center,1,equal_mean_of_12_instantaneous_profiles,10800,14400,11100.0;11400.0;11700.0;12000.0;12300.0;12600.0;12900.0;13200.0;13500.0;13800.0;14100.0;14400.0
14400,668.75,q_variance,2.1306420279956361e-16,Center,1,equal_mean_of_12_instantaneous_profiles,10800,14400,11100.0;11400.0;11700.0;12000.0;12300.0;12600.0;12900.0;13200.0;13500.0;13800.0;14100.0;14400.0
14400,681.25,q_variance,4.0626573003729017e-16,Center,1,equal_mean_of_12_instantaneous_profiles,10800,14400,11100.0;11400.0;11700.0;12000.0;12300.0;12600.0;12900.0;13200.0;13500.0;13800.0;14100.0;14400.0
14400,693.75,q_variance,7.0794316693984914e-16,Center,1,equal_mean_of_12_instantaneous_profiles,10800,14400,11100.0;11400.0;11700.0;12000.0;12300.0;12600.0;12900.0;13200.0;13500.0;13800.0;14100.0;14400.0
14400,706.25,q_variance,7.3779781372441229e-16,Center,1,equal_mean_of_12_instantaneous_profiles,10800,14400,11100.0;11400.0;11700.0;12000.0;12300.0;12600.0;12900.0;13200.0;13500.0;13800.0;14100.0;14400.0
14400,718.75,q_variance,1.9823468524291028e-16,Center,1,equal_mean_of_12_instantaneous_profiles,10800,14400,11100.0;11400.0;11700.0;12000.0;12300.0;12600.0;12900.0;13200.0;13500.0;13800.0;14100.0;14400.0
14400,731.25,q_variance,5.4699887779505284e-17,Center,1,equal_mean_of_12_instantaneous_profiles,10800,14400,11100.0;11400.0;11700.0;12000.0;12300.0;12600.0;12900.0;13200.0;13500.0;13800.0;14100.0;14400.0
14400,743.75,q_variance,7.2622099091781421e-17,Center,1,equal_mean_of_12_instantaneous_profiles,10800,14400,11100.0;11400.0;11700.0;12000.0;12300.0;12600.0;12900.0;13200.0;13500.0;13800.0;14100.0;14400.0
14400,756.25,q_variance,8.6469693704330201e-17,Center,1,equal_mean_of_12_instantaneous_profiles,10800,14400,11100.0;11400.0;11700.0;12000.0;12300.0;12600.0;12900.0;13200.0;13500.0;13800.0;14100.0;14400.0
14400,768.75,q_variance,9.1968155141872288e-17,Center,1,equal_mean_of_12_instantaneous_profiles,10800,14400,11100.0;11400.0;11700.0;12000.0;12300.0;12600.0;12900.0;13200.0;13500.0;13800.0;14100.0;14400.0
14400,781.25,q_variance,6.2768335411615589e-17,Center,1,equal_mean_of_12_instantaneous_profiles,10800,14400,11100.0;11400.0;11700.0;12000.0;12300.0;12600.0;12900.0;13200.0;13500.0;13800.0;14100.0;14400.0
14400,793.75,q_variance,4.6446045811064695e-17,Center,1,equal_mean_of_12_instantaneous_profiles,10800,14400,11100.0;11400.0;11700.0;12000.0;12300.0;12600.0;12900.0;13200.0;13500.0;13800.0;14100.0;14400.0
14400,0,resolved_buoyancy_flux,0,Face,m^2 s^-3,equal_mean_of_12_instantaneous_profiles,10800,14400,11100.0;11400.0;11700.0;12000.0;12300.0;12600.0;12900.0;13200.0;13500.0;13800.0;14100.0;14400.0
14400,12.5,resolved_buoyancy_flux,7.9727194399007804e-06,Face,m^2 s^-3,equal_mean_of_12_instantaneous_profiles,10800,14400,11100.0;11400.0;11700.0;12000.0;12300.0;12600.0;12900.0;13200.0;13500.0;13800.0;14100.0;14400.0
14400,25,resolved_buoyancy_flux,6.0615283814513532e-07,Face,m^2 s^-3,equal_mean_of_12_instantaneous_profiles,10800,14400,11100.0;11400.0;11700.0;12000.0;12300.0;12600.0;12900.0;13200.0;13500.0;13800.0;14100.0;14400.0
14400,37.5,resolved_buoyancy_flux,-0.00019712805806193501,Face,m^2 s^-3,equal_mean_of_12_instantaneous_profiles,10800,14400,11100.0;11400.0;11700.0;12000.0;12300.0;12600.0;12900.0;13200.0;13500.0;13800.0;14100.0;14400.0
14400,50,resolved_buoyancy_flux,-0.00033445494167002227,Face,m^2 s^-3,equal_mean_of_12_instantaneous_profiles,10800,14400,11100.0;11400.0;11700.0;12000.0;12300.0;12600.0;12900.0;13200.0;13500.0;13800.0;14100.0;14400.0
14400,62.5,resolved_buoyancy_flux,-0.00025741510277536389,Face,m^2 s^-3,equal_mean_of_12_instantaneous_profiles,10800,14400,11100.0;11400.0;11700.0;12000.0;12300.0;12600.0;12900.0;13200.0;13500.0;13800.0;14100.0;14400.0
14400,75,resolved_buoyancy_flux,-0.00015412264353168817,Face,m^2 s^-3,equal_mean_of_12_instantaneous_profiles,10800,14400,11100.0;11400.0;11700.0;12000.0;12300.0;12600.0;12900.0;13200.0;13500.0;13800.0;14100.0;14400.0
14400,87.5,resolved_buoyancy_flux,-8.3156389564464916e-05,Face,m^2 s^-3,equal_mean_of_12_instantaneous_profiles,10800,14400,11100.0;11400.0;11700.0;12000.0;12300.0;12600.0;12900.0;13200.0;13500.0;13800.0;14100.0;14400.0
14400,100,resolved_buoyancy_flux,-5.7367718757935414e-05,Face,m^2 s^-3,equal_mean_of_12_instantaneous_profiles,10800,14400,11100.0;11400.0;11700.0;12000.0;12300.0;12600.0;12900.0;13200.0;13500.0;13800.0;14100.0;14400.0
14400,112.5,resolved_buoyancy_flux,-3.8981440184215899e-05,Face,m^2 s^-3,equal_mean_of_12_instantaneous_profiles,10800,14400,11100.0;11400.0;11700.0;12000.0;12300.0;12600.0;12900.0;13200.0;13500.0;13800.0;14100.0;14400.0
14400,125,resolved_buoyancy_flux,-2.6644535296327376e-05,Face,m^2 s^-3,equal_mean_of_12_instantaneous_profiles,10800,14400,11100.0;11400.0;11700.0;12000.0;12300.0;12600.0;12900.0;13200.0;13500.0;13800.0;14100.0;14400.0
14400,137.5,resolved_buoyancy_flux,-2.1617805941787083e-05,Face,m^2 s^-3,equal_mean_of_12_instantaneous_profiles,10800,14400,11100.0;11400.0;11700.0;12000.0;12300.0;12600.0;12900.0;13200.0;13500.0;13800.0;14100.0;14400.0
14400,150,resolved_buoyancy_flux,-3.2155167824991317e-05,Face,m^2 s^-3,equal_mean_of_12_instantaneous_profiles,10800,14400,11100.0;11400.0;11700.0;12000.0;12300.0;12600.0;12900.0;13200.0;13500.0;13800.0;14100.0;14400.0
14400,162.5,resolved_buoyancy_flux,-2.9363704546388664e-05,Face,m^2 s^-3,equal_mean_of_12_instantaneous_profiles,10800,14400,11100.0;11400.0;11700.0;12000.0;12300.0;12600.0;12900.0;13200.0;13500.0;13800.0;14100.0;14400.0
14400,175,resolved_buoyancy_flux,-1.140472064283434e-05,Face,m^2 s^-3,equal_mean_of_12_instantaneous_profiles,10800,14400,11100.0;11400.0;11700.0;12000.0;12300.0;12600.0;12900.0;13200.0;13500.0;13800.0;14100.0;14400.0
14400,187.5,resolved_buoyancy_flux,-4.0628048244191932e-06,Face,m^2 s^-3,equal_mean_of_12_instantaneous_profiles,10800,14400,11100.0;11400.0;11700.0;12000.0;12300.0;12600.0;12900.0;13200.0;13500.0;13800.0;14100.0;14400.0
14400,200,resolved_buoyancy_flux,2.3971712342548321e-06,Face,m^2 s^-3,equal_mean_of_12_instantaneous_profiles,10800,14400,11100.0;11400.0;11700.0;12000.0;12300.0;12600.0;12900.0;13200.0;13500.0;13800.0;14100.0;14400.0
14400,212.5,resolved_buoyancy_flux,-1.9350063951151242e-07,Face,m^2 s^-3,equal_mean_of_12_instantaneous_profiles,10800,14400,11100.0;11400.0;11700.0;12000.0;12300.0;12600.0;12900.0;13200.0;13500.0;13800.0;14100.0;14400.0
14400,225,resolved_buoyancy_flux,9.3051869024899744e-08,Face,m^2 s^-3,equal_mean_of_12_instantaneous_profiles,10800,14400,11100.0;11400.0;11700.0;12000.0;12300.0;12600.0;12900.0;13200.0;13500.0;13800.0;14100.0;14400.0
14400,237.5,resolved_buoyancy_flux,7.4659707897476821e-08,Face,m^2 s^-3,equal_mean_of_12_instantaneous_profiles,10800,14400,11100.0;11400.0;11700.0;12000.0;12300.0;12600.0;12900.0;13200.0;13500.0;13800.0;14100.0;14400.0
14400,250,resolved_buoyancy_flux,4.8940219580610268e-08,Face,m^2 s^-3,equal_mean_of_12_instantaneous_profiles,10800,14400,11100.0;11400.0;11700.0;12000.0;12300.0;12600.0;12900.0;13200.0;13500.0;13800.0;14100.0;14400.0
14400,262.5,resolved_buoyancy_flux,5.3872813173446353e-08,Face,m^2 s^-3,equal_mean_of_12_instantaneous_profiles,10800,14400,11100.0;11400.0;11700.0;12000.0;12300.0;12600.0;12900.0;13200.0;13500.0;13800.0;14100.0;14400.0
14400,275,resolved_buoyancy_flux,3.5903293375364832e-08,Face,m^2 s^-3,equal_mean_of_12_instantaneous_profiles,10800,14400,11100.0;11400.0;11700.0;12000.0;12300.0;12600.0;12900.0;13200.0;13500.0;13800.0;14100.0;14400.0
14400,287.5,resolved_buoyancy_flux,1.5577161264583122e-08,Face,m^2 s^-3,equal_mean_of_12_instantaneous_profiles,10800,14400,11100.0;11400.0;11700.0;12000.0;12300.0;12600.0;12900.0;13200.0;13500.0;13800.0;14100.0;14400.0
14400,300,resolved_buoyancy_flux,2.0216253115989957e-08,Face,m^2 s^-3,equal_mean_of_12_instantaneous_profiles,10800,14400,11100.0;11400.0;11700.0;12000.0;12300.0;12600.0;12900.0;13200.0;13500.0;13800.0;14100.0;14400.0
14400,312.5,resolved_buoyancy_flux,2.7978141081685948e-08,Face,m^2 s^-3,equal_mean_of_12_instantaneous_profiles,10800,14400,11100.0;11400.0;11700.0;12000.0;12300.0;12600.0;12900.0;13200.0;13500.0;13800.0;14100.0;14400.0
14400,325,resolved_buoyancy_flux,1.6400609648137277e-08,Face,m^2 s^-3,equal_mean_of_12_instantaneous_profiles,10800,14400,11100.0;11400.0;11700.0;12000.0;12300.0;12600.0;12900.0;13200.0;13500.0;13800.0;14100.0;14400.0
14400,337.5,resolved_buoyancy_flux,9.1160714532634302e-09,Face,m^2 s^-3,equal_mean_of_12_instantaneous_profiles,10800,14400,11100.0;11400.0;11700.0;12000.0;12300.0;12600.0;12900.0;13200.0;13500.0;13800.0;14100.0;14400.0
14400,350,resolved_buoyancy_flux,4.8497061181744056e-09,Face,m^2 s^-3,equal_mean_of_12_instantaneous_profiles,10800,14400,11100.0;11400.0;11700.0;12000.0;12300.0;12600.0;12900.0;13200.0;13500.0;13800.0;14100.0;14400.0
14400,362.5,resolved_buoyancy_flux,-5.527212539509681e-09,Face,m^2 s^-3,equal_mean_of_12_instantaneous_profiles,10800,14400,11100.0;11400.0;11700.0;12000.0;12300.0;12600.0;12900.0;13200.0;13500.0;13800.0;14100.0;14400.0
14400,375,resolved_buoyancy_flux,-7.490891462680338e-09,Face,m^2 s^-3,equal_mean_of_12_instantaneous_profiles,10800,14400,11100.0;11400.0;11700.0;12000.0;12300.0;12600.0;12900.0;13200.0;13500.0;13800.0;14100.0;14400.0
14400,387.5,resolved_buoyancy_flux,-5.3160008247251272e-09,Face,m^2 s^-3,equal_mean_of_12_instantaneous_profiles,10800,14400,11100.0;11400.0;11700.0;12000.0;12300.0;12600.0;12900.0;13200.0;13500.0;13800.0;14100.0;14400.0
14400,400,resolved_buoyancy_flux,-7.2736820270572861e-09,Face,m^2 s^-3,equal_mean_of_12_instantaneous_profiles,10800,14400,11100.0;11400.0;11700.0;12000.0;12300.0;12600.0;12900.0;13200.0;13500.0;13800.0;14100.0;14400.0
14400,412.5,resolved_buoyancy_flux,-5.7521015358238019e-09,Face,m^2 s^-3,equal_mean_of_12_instantaneous_profiles,10800,14400,11100.0;11400.0;11700.0;12000.0;12300.0;12600.0;12900.0;13200.0;13500.0;13800.0;14100.0;14400.0
14400,425,resolved_buoyancy_flux,-4.7876715184950553e-09,Face,m^2 s^-3,equal_mean_of_12_instantaneous_profiles,10800,14400,11100.0;11400.0;11700.0;12000.0;12300.0;12600.0;12900.0;13200.0;13500.0;13800.0;14100.0;14400.0
14400,437.5,resolved_buoyancy_flux,-1.0018517201023277e-08,Face,m^2 s^-3,equal_mean_of_12_instantaneous_profiles,10800,14400,11100.0;11400.0;11700.0;12000.0;12300.0;12600.0;12900.0;13200.0;13500.0;13800.0;14100.0;14400.0
14400,450,resolved_buoyancy_flux,-1.101795669515108e-08,Face,m^2 s^-3,equal_mean_of_12_instantaneous_profiles,10800,14400,11100.0;11400.0;11700.0;12000.0;12300.0;12600.0;12900.0;13200.0;13500.0;13800.0;14100.0;14400.0
14400,462.5,resolved_buoyancy_flux,-6.0249498723408124e-09,Face,m^2 s^-3,equal_mean_of_12_instantaneous_profiles,10800,14400,11100.0;11400.0;11700.0;12000.0;12300.0;12600.0;12900.0;13200.0;13500.0;13800.0;14100.0;14400.0
14400,475,resolved_buoyancy_flux,-1.7549197650623682e-09,Face,m^2 s^-3,equal_mean_of_12_instantaneous_profiles,10800,14400,11100.0;11400.0;11700.0;12000.0;12300.0;12600.0;12900.0;13200.0;13500.0;13800.0;14100.0;14400.0
14400,487.5,resolved_buoyancy_flux,1.1818322098733347e-08,Face,m^2 s^-3,equal_mean_of_12_instantaneous_profiles,10800,14400,11100.0;11400.0;11700.0;12000.0;12300.0;12600.0;12900.0;13200.0;13500.0;13800.0;14100.0;14400.0
14400,500,resolved_buoyancy_flux,2.4210722019783287e-08,Face,m^2 s^-3,equal_mean_of_12_instantaneous_profiles,10800,14400,11100.0;11400.0;11700.0;12000.0;12300.0;12600.0;12900.0;13200.0;13500.0;13800.0;14100.0;14400.0
14400,512.5,resolved_buoyancy_flux,2.4204250603787614e-08,Face,m^2 s^-3,equal_mean_of_12_instantaneous_profiles,10800,14400,11100.0;11400.0;11700.0;12000.0;12300.0;12600.0;12900.0;13200.0;13500.0;13800.0;14100.0;14400.0
14400,525,resolved_buoyancy_flux,2.1130480180412785e-08,Face,m^2 s^-3,equal_mean_of_12_instantaneous_profiles,10800,14400,11100.0;11400.0;11700.0;12000.0;12300.0;12600.0;12900.0;13200.0;13500.0;13800.0;14100.0;14400.0
14400,537.5,resolved_buoyancy_flux,2.5957583712118055e-08,Face,m^2 s^-3,equal_mean_of_12_instantaneous_profiles,10800,14400,11100.0;11400.0;11700.0;12000.0;12300.0;12600.0;12900.0;13200.0;13500.0;13800.0;14100.0;14400.0
14400,550,resolved_buoyancy_flux,4.730881316324561e-08,Face,m^2 s^-3,equal_mean_of_12_instantaneous_profiles,10800,14400,11100.0;11400.0;11700.0;12000.0;12300.0;12600.0;12900.0;13200.0;13500.0;13800.0;14100.0;14400.0
14400,562.5,resolved_buoyancy_flux,3.1757124041575935e-08,Face,m^2 s^-3,equal_mean_of_12_instantaneous_profiles,10800,14400,11100.0;11400.0;11700.0;12000.0;12300.0;12600.0;12900.0;13200.0;13500.0;13800.0;14100.0;14400.0
14400,575,resolved_buoyancy_flux,-1.4128992198436663e-08,Face,m^2 s^-3,equal_mean_of_12_instantaneous_profiles,10800,14400,11100.0;11400.0;11700.0;12000.0;12300.0;12600.0;12900.0;13200.0;13500.0;13800.0;14100.0;14400.0
14400,587.5,resolved_buoyancy_flux,-2.8981878822757306e-08,Face,m^2 s^-3,equal_mean_of_12_instantaneous_profiles,10800,14400,11100.0;11400.0;11700.0;12000.0;12300.0;12600.0;12900.0;13200.0;13500.0;13800.0;14100.0;14400.0
14400,600,resolved_buoyancy_flux,-2.6937570455724352e-07,Face,m^2 s^-3,equal_mean_of_12_instantaneous_profiles,10800,14400,11100.0;11400.0;11700.0;12000.0;12300.0;12600.0;12900.0;13200.0;13500.0;13800.0;14100.0;14400.0
14400,612.5,resolved_buoyancy_flux,-1.2112438033303381e-06,Face,m^2 s^-3,equal_mean_of_12_instantaneous_profiles,10800,14400,11100.0;11400.0;11700.0;12000.0;12300.0;12600.0;12900.0;13200.0;13500.0;13800.0;14100.0;14400.0
14400,625,resolved_buoyancy_flux,-2.6677290918541985e-06,Face,m^2 s^-3,equal_mean_of_12_instantaneous_profiles,10800,14400,11100.0;11400.0;11700.0;12000.0;12300.0;12600.0;12900.0;13200.0;13500.0;13800.0;14100.0;14400.0
14400,637.5,resolved_buoyancy_flux,-3.4613925284550837e-06,Face,m^2 s^-3,equal_mean_of_12_instantaneous_profiles,10800,14400,11100.0;11400.0;11700.0;12000.0;12300.0;12600.0;12900.0;13200.0;13500.0;13800.0;14100.0;14400.0
14400,650,resolved_buoyancy_flux,-3.7682027596019907e-06,Face,m^2 s^-3,equal_mean_of_12_instantaneous_profiles,10800,14400,11100.0;11400.0;11700.0;12000.0;12300.0;12600.0;12900.0;13200.0;13500.0;13800.0;14100.0;14400.0
14400,662.5,resolved_buoyancy_flux,-4.1636045011728129e-06,Face,m^2 s^-3,equal_mean_of_12_instantaneous_profiles,10800,14400,11100.0;11400.0;11700.0;12000.0;12300.0;12600.0;12900.0;13200.0;13500.0;13800.0;14100.0;14400.0
14400,675,resolved_buoyancy_flux,-4.4440992041927529e-06,Face,m^2 s^-3,equal_mean_of_12_instantaneous_profiles,10800,14400,11100.0;11400.0;11700.0;12000.0;12300.0;12600.0;12900.0;13200.0;13500.0;13800.0;14100.0;14400.0
14400,687.5,resolved_buoyancy_flux,-4.2048296222674253e-06,Face,m^2 s^-3,equal_mean_of_12_instantaneous_profiles,10800,14400,11100.0;11400.0;11700.0;12000.0;12300.0;12600.0;12900.0;13200.0;13500.0;13800.0;14100.0;14400.0
14400,700,resolved_buoyancy_flux,-3.588560370341535e-06,Face,m^2 s^-3,equal_mean_of_12_instantaneous_profiles,10800,14400,11100.0;11400.0;11700.0;12000.0;12300.0;12600.0;12900.0;13200.0;13500.0;13800.0;14100.0;14400.0
14400,712.5,resolved_buoyancy_flux,-2.2495555119424657e-06,Face,m^2 s^-3,equal_mean_of_12_instantaneous_profiles,10800,14400,11100.0;11400.0;11700.0;12000.0;12300.0;12600.0;12900.0;13200.0;13500.0;13800.0;14100.0;14400.0
14400,725,resolved_buoyancy_flux,-9.4809629776667259e-07,Face,m^2 s^-3,equal_mean_of_12_instantaneous_profiles,10800,14400,11100.0;11400.0;11700.0;12000.0;12300.0;12600.0;12900.0;13200.0;13500.0;13800.0;14100.0;14400.0
14400,737.5,resolved_buoyancy_flux,-3.5697612628856251e-07,Face,m^2 s^-3,equal_mean_of_12_instantaneous_profiles,10800,14400,11100.0;11400.0;11700.0;12000.0;12300.0;12600.0;12900.0;13200.0;13500.0;13800.0;14100.0;14400.0
14400,750,resolved_buoyancy_flux,-1.0006657547023678e-07,Face,m^2 s^-3,equal_mean_of_12_instantaneous_profiles,10800,14400,11100.0;11400.0;11700.0;12000.0;12300.0;12600.0;12900.0;13200.0;13500.0;13800.0;14100.0;14400.0
14400,762.5,resolved_buoyancy_flux,-5.3068551775226069e-08,Face,m^2 s^-3,equal_mean_of_12_instantaneous_profiles,10800,14400,11100.0;11400.0;11700.0;12000.0;12300.0;12600.0;12900.0;13200.0;13500.0;13800.0;14100.0;14400.0
14400,775,resolved_buoyancy_flux,-4.8280081562287101e-08,Face,m^2 s^-3,equal_mean_of_12_instantaneous_profiles,10800,14400,11100.0;11400.0;11700.0;12000.0;12300.0;12600.0;12900.0;13200.0;13500.0;13800.0;14100.0;14400.0
14400,787.5,resolved_buoyancy_flux,-3.794176661742199e-08,Face,m^2 s^-3,equal_mean_of_12_instantaneous_profiles,10800,14400,11100.0;11400.0;11700.0;12000.0;12300.0;12600.0;12900.0;13200.0;13500.0;13800.0;14100.0;14400.0
14400,800,resolved_buoyancy_flux,0,Face,m^2 s^-3,equal_mean_of_12_instantaneous_profiles,10800,14400,11100.0;11400.0;11700.0;12000.0;12300.0;12600.0;12900.0;13200.0;13500.0;13800.0;14100.0;14400.0
14400,6.25,resolved_tke,0.0049101685096199317,Center,m^2 s^-2,equal_mean_of_12_instantaneous_profiles,10800,14400,11100.0;11400.0;11700.0;12000.0;12300.0;12600.0;12900.0;13200.0;13500.0;13800.0;14100.0;14400.0
14400,18.75,resolved_tke,0.0079001119981209431,Center,m^2 s^-2,equal_mean_of_12_instantaneous_profiles,10800,14400,11100.0;11400.0;11700.0;12000.0;12300.0;12600.0;12900.0;13200.0;13500.0;13800.0;14100.0;14400.0
14400,31.25,resolved_tke,0.018862659422059853,Center,m^2 s^-2,equal_mean_of_12_instantaneous_profiles,10800,14400,11100.0;11400.0;11700.0;12000.0;12300.0;12600.0;12900.0;13200.0;13500.0;13800.0;14100.0;14400.0
14400,43.75,resolved_tke,0.079038154954711601,Center,m^2 s^-2,equal_mean_of_12_instantaneous_profiles,10800,14400,11100.0;11400.0;11700.0;12000.0;12300.0;12600.0;12900.0;13200.0;13500.0;13800.0;14100.0;14400.0
14400,56.25,resolved_tke,0.076644027295211956,Center,m^2 s^-2,equal_mean_of_12_instantaneous_profiles,10800,14400,11100.0;11400.0;11700.0;12000.0;12300.0;12600.0;12900.0;13200.0;13500.0;13800.0;14100.0;14400.0
14400,68.75,resolved_tke,0.064490144761900112,Center,m^2 s^-2,equal_mean_of_12_instantaneous_profiles,10800,14400,11100.0;11400.0;11700.0;12000.0;12300.0;12600.0;12900.0;13200.0;13500.0;13800.0;14100.0;14400.0
14400,81.25,resolved_tke,0.049237924627959728,Center,m^2 s^-2,equal_mean_of_12_instantaneous_profiles,10800,14400,11100.0;11400.0;11700.0;12000.0;12300.0;12600.0;12900.0;13200.0;13500.0;13800.0;14100.0;14400.0
14400,93.75,resolved_tke,0.038707077192763485,Center,m^2 s^-2,equal_mean_of_12_instantaneous_profiles,10800,14400,11100.0;11400.0;11700.0;12000.0;12300.0;12600.0;12900.0;13200.0;13500.0;13800.0;14100.0;14400.0
14400,106.25,resolved_tke,0.028088815820713837,Center,m^2 s^-2,equal_mean_of_12_instantaneous_profiles,10800,14400,11100.0;11400.0;11700.0;12000.0;12300.0;12600.0;12900.0;13200.0;13500.0;13800.0;14100.0;14400.0
14400,118.75,resolved_tke,0.026892457002152998,Center,m^2 s^-2,equal_mean_of_12_instantaneous_profiles,10800,14400,11100.0;11400.0;11700.0;12000.0;12300.0;12600.0;12900.0;13200.0;13500.0;13800.0;14100.0;14400.0
14400,131.25,resolved_tke,0.023493086763968069,Center,m^2 s^-2,equal_mean_of_12_instantaneous_profiles,10800,14400,11100.0;11400.0;11700.0;12000.0;12300.0;12600.0;12900.0;13200.0;13500.0;13800.0;14100.0;14400.0
14400,143.75,resolved_tke,0.020832544891163707,Center,m^2 s^-2,equal_mean_of_12_instantaneous_profiles,10800,14400,11100.0;11400.0;11700.0;12000.0;12300.0;12600.0;12900.0;13200.0;13500.0;13800.0;14100.0;14400.0
14400,156.25,resolved_tke,0.022249822737649083,Center,m^2 s^-2,equal_mean_of_12_instantaneous_profiles,10800,14400,11100.0;11400.0;11700.0;12000.0;12300.0;12600.0;12900.0;13200.0;13500.0;13800.0;14100.0;14400.0
14400,168.75,resolved_tke,0.016734526104604203,Center,m^2 s^-2,equal_mean_of_12_instantaneous_profiles,10800,14400,11100.0;11400.0;11700.0;12000.0;12300.0;12600.0;12900.0;13200.0;13500.0;13800.0;14100.0;14400.0
14400,181.25,resolved_tke,0.012023650808259845,Center,m^2 s^-2,equal_mean_of_12_instantaneous_profiles,10800,14400,11100.0;11400.0;11700.0;12000.0;12300.0;12600.0;12900.0;13200.0;13500.0;13800.0;14100.0;14400.0
14400,193.75,resolved_tke,0.0080281895740578566,Center,m^2 s^-2,equal_mean_of_12_instantaneous_profiles,10800,14400,11100.0;11400.0;11700.0;12000.0;12300.0;12600.0;12900.0;13200.0;13500.0;13800.0;14100.0;14400.0
14400,206.25,resolved_tke,0.0036162667286892733,Center,m^2 s^-2,equal_mean_of_12_instantaneous_profiles,10800,14400,11100.0;11400.0;11700.0;12000.0;12300.0;12600.0;12900.0;13200.0;13500.0;13800.0;14100.0;14400.0
14400,218.75,resolved_tke,0.0017241599853150547,Center,m^2 s^-2,equal_mean_of_12_instantaneous_profiles,10800,14400,11100.0;11400.0;11700.0;12000.0;12300.0;12600.0;12900.0;13200.0;13500.0;13800.0;14100.0;14400.0
14400,231.25,resolved_tke,0.0010476813331479207,Center,m^2 s^-2,equal_mean_of_12_instantaneous_profiles,10800,14400,11100.0;11400.0;11700.0;12000.0;12300.0;12600.0;12900.0;13200.0;13500.0;13800.0;14100.0;14400.0
14400,243.75,resolved_tke,0.00069737405040844658,Center,m^2 s^-2,equal_mean_of_12_instantaneous_profiles,10800,14400,11100.0;11400.0;11700.0;12000.0;12300.0;12600.0;12900.0;13200.0;13500.0;13800.0;14100.0;14400.0
14400,256.25,resolved_tke,0.00046816271545443061,Center,m^2 s^-2,equal_mean_of_12_instantaneous_profiles,10800,14400,11100.0;11400.0;11700.0;12000.0;12300.0;12600.0;12900.0;13200.0;13500.0;13800.0;14100.0;14400.0
14400,268.75,resolved_tke,0.00031613358138808206,Center,m^2 s^-2,equal_mean_of_12_instantaneous_profiles,10800,14400,11100.0;11400.0;11700.0;12000.0;12300.0;12600.0;12900.0;13200.0;13500.0;13800.0;14100.0;14400.0
14400,281.25,resolved_tke,0.00023035258891468402,Center,m^2 s^-2,equal_mean_of_12_instantaneous_profiles,10800,14400,11100.0;11400.0;11700.0;12000.0;12300.0;12600.0;12900.0;13200.0;13500.0;13800.0;14100.0;14400.0
14400,293.75,resolved_tke,0.00018469367720778487,Center,m^2 s^-2,equal_mean_of_12_instantaneous_profiles,10800,14400,11100.0;11400.0;11700.0;12000.0;12300.0;12600.0;12900.0;13200.0;13500.0;13800.0;14100.0;14400.0
14400,306.25,resolved_tke,0.00014156999956564201,Center,m^2 s^-2,equal_mean_of_12_instantaneous_profiles,10800,14400,11100.0;11400.0;11700.0;12000.0;12300.0;12600.0;12900.0;13200.0;13500.0;13800.0;14100.0;14400.0
14400,318.75,resolved_tke,0.00011343588873084325,Center,m^2 s^-2,equal_mean_of_12_instantaneous_profiles,10800,14400,11100.0;11400.0;11700.0;12000.0;12300.0;12600.0;12900.0;13200.0;13500.0;13800.0;14100.0;14400.0
14400,331.25,resolved_tke,9.9132862487749662e-05,Center,m^2 s^-2,equal_mean_of_12_instantaneous_profiles,10800,14400,11100.0;11400.0;11700.0;12000.0;12300.0;12600.0;12900.0;13200.0;13500.0;13800.0;14100.0;14400.0
14400,343.75,resolved_tke,8.9285880221723346e-05,Center,m^2 s^-2,equal_mean_of_12_instantaneous_profiles,10800,14400,11100.0;11400.0;11700.0;12000.0;12300.0;12600.0;12900.0;13200.0;13500.0;13800.0;14100.0;14400.0
14400,356.25,resolved_tke,8.5466268804642212e-05,Center,m^2 s^-2,equal_mean_of_12_instantaneous_profiles,10800,14400,11100.0;11400.0;11700.0;12000.0;12300.0;12600.0;12900.0;13200.0;13500.0;13800.0;14100.0;14400.0
14400,368.75,resolved_tke,7.9397632513670643e-05,Center,m^2 s^-2,equal_mean_of_12_instantaneous_profiles,10800,14400,11100.0;11400.0;11700.0;12000.0;12300.0;12600.0;12900.0;13200.0;13500.0;13800.0;14100.0;14400.0
14400,381.25,resolved_tke,7.4862712153844768e-05,Center,m^2 s^-2,equal_mean_of_12_instantaneous_profiles,10800,14400,11100.0;11400.0;11700.0;12000.0;12300.0;12600.0;12900.0;13200.0;13500.0;13800.0;14100.0;14400.0
14400,393.75,resolved_tke,7.7649700415349798e-05,Center,m^2 s^-2,equal_mean_of_12_instantaneous_profiles,10800,14400,11100.0;11400.0;11700.0;12000.0;12300.0;12600.0;12900.0;13200.0;13500.0;13800.0;14100.0;14400.0
14400,406.25,resolved_tke,8.009115193393275e-05,Center,m^2 s^-2,equal_mean_of_12_instantaneous_profiles,10800,14400,11100.0;11400.0;11700.0;12000.0;12300.0;12600.0;12900.0;13200.0;13500.0;13800.0;14100.0;14400.0
14400,418.75,resolved_tke,7.9563076421133402e-05,Center,m^2 s^-2,equal_mean_of_12_instantaneous_profiles,10800,14400,11100.0;11400.0;11700.0;12000.0;12300.0;12600.0;12900.0;13200.0;13500.0;13800.0;14100.0;14400.0
14400,431.25,resolved_tke,8.5799354261932123e-05,Center,m^2 s^-2,equal_mean_of_12_instantaneous_profiles,10800,14400,11100.0;11400.0;11700.0;12000.0;12300.0;12600.0;12900.0;13200.0;13500.0;13800.0;14100.0;14400.0
14400,443.75,resolved_tke,9.2529794377090482e-05,Center,m^2 s^-2,equal_mean_of_12_instantaneous_profiles,10800,14400,11100.0;11400.0;11700.0;12000.0;12300.0;12600.0;12900.0;13200.0;13500.0;13800.0;14100.0;14400.0
14400,456.25,resolved_tke,0.00010015060176253125,Center,m^2 s^-2,equal_mean_of_12_instantaneous_profiles,10800,14400,11100.0;11400.0;11700.0;12000.0;12300.0;12600.0;12900.0;13200.0;13500.0;13800.0;14100.0;14400.0
14400,468.75,resolved_tke,0.00012256212691378701,Center,m^2 s^-2,equal_mean_of_12_instantaneous_profiles,10800,14400,11100.0;11400.0;11700.0;12000.0;12300.0;12600.0;12900.0;13200.0;13500.0;13800.0;14100.0;14400.0
14400,481.25,resolved_tke,0.00015488261578866513,Center,m^2 s^-2,equal_mean_of_12_instantaneous_profiles,10800,14400,11100.0;11400.0;11700.0;12000.0;12300.0;12600.0;12900.0;13200.0;13500.0;13800.0;14100.0;14400.0
14400,493.75,resolved_tke,0.00017038370727580818,Center,m^2 s^-2,equal_mean_of_12_instantaneous_profiles,10800,14400,11100.0;11400.0;11700.0;12000.0;12300.0;12600.0;12900.0;13200.0;13500.0;13800.0;14100.0;14400.0
14400,506.25,resolved_tke,0.00017768133511708584,Center,m^2 s^-2,equal_mean_of_12_instantaneous_profiles,10800,14400,11100.0;11400.0;11700.0;12000.0;12300.0;12600.0;12900.0;13200.0;13500.0;13800.0;14100.0;14400.0
14400,518.75,resolved_tke,0.00019771392968929527,Center,m^2 s^-2,equal_mean_of_12_instantaneous_profiles,10800,14400,11100.0;11400.0;11700.0;12000.0;12300.0;12600.0;12900.0;13200.0;13500.0;13800.0;14100.0;14400.0
14400,531.25,resolved_tke,0.00024933761051215697,Center,m^2 s^-2,equal_mean_of_12_instantaneous_profiles,10800,14400,11100.0;11400.0;11700.0;12000.0;12300.0;12600.0;12900.0;13200.0;13500.0;13800.0;14100.0;14400.0
14400,543.75,resolved_tke,0.00033467099274275824,Center,m^2 s^-2,equal_mean_of_12_instantaneous_profiles,10800,14400,11100.0;11400.0;11700.0;12000.0;12300.0;12600.0;12900.0;13200.0;13500.0;13800.0;14100.0;14400.0
14400,556.25,resolved_tke,0.00041046766030679766,Center,m^2 s^-2,equal_mean_of_12_instantaneous_profiles,10800,14400,11100.0;11400.0;11700.0;12000.0;12300.0;12600.0;12900.0;13200.0;13500.0;13800.0;14100.0;14400.0
14400,568.75,resolved_tke,0.00050495522615771427,Center,m^2 s^-2,equal_mean_of_12_instantaneous_profiles,10800,14400,11100.0;11400.0;11700.0;12000.0;12300.0;12600.0;12900.0;13200.0;13500.0;13800.0;14100.0;14400.0
14400,581.25,resolved_tke,0.00073953714794091263,Center,m^2 s^-2,equal_mean_of_12_instantaneous_profiles,10800,14400,11100.0;11400.0;11700.0;12000.0;12300.0;12600.0;12900.0;13200.0;13500.0;13800.0;14100.0;14400.0
14400,593.75,resolved_tke,0.0011985302844550461,Center,m^2 s^-2,equal_mean_of_12_instantaneous_profiles,10800,14400,11100.0;11400.0;11700.0;12000.0;12300.0;12600.0;12900.0;13200.0;13500.0;13800.0;14100.0;14400.0
14400,606.25,resolved_tke,0.0021392085376040391,Center,m^2 s^-2,equal_mean_of_12_instantaneous_profiles,10800,14400,11100.0;11400.0;11700.0;12000.0;12300.0;12600.0;12900.0;13200.0;13500.0;13800.0;14100.0;14400.0
14400,618.75,resolved_tke,0.0037286325241439044,Center,m^2 s^-2,equal_mean_of_12_instantaneous_profiles,10800,14400,11100.0;11400.0;11700.0;12000.0;12300.0;12600.0;12900.0;13200.0;13500.0;13800.0;14100.0;14400.0
14400,631.25,resolved_tke,0.0053062622124950094,Center,m^2 s^-2,equal_mean_of_12_instantaneous_profiles,10800,14400,11100.0;11400.0;11700.0;12000.0;12300.0;12600.0;12900.0;13200.0;13500.0;13800.0;14100.0;14400.0
14400,643.75,resolved_tke,0.0068858161491031451,Center,m^2 s^-2,equal_mean_of_12_instantaneous_profiles,10800,14400,11100.0;11400.0;11700.0;12000.0;12300.0;12600.0;12900.0;13200.0;13500.0;13800.0;14100.0;14400.0
14400,656.25,resolved_tke,0.0072537211235612631,Center,m^2 s^-2,equal_mean_of_12_instantaneous_profiles,10800,14400,11100.0;11400.0;11700.0;12000.0;12300.0;12600.0;12900.0;13200.0;13500.0;13800.0;14100.0;14400.0
14400,668.75,resolved_tke,0.0074879982663939399,Center,m^2 s^-2,equal_mean_of_12_instantaneous_profiles,10800,14400,11100.0;11400.0;11700.0;12000.0;12300.0;12600.0;12900.0;13200.0;13500.0;13800.0;14100.0;14400.0
14400,681.25,resolved_tke,0.0074247947195544839,Center,m^2 s^-2,equal_mean_of_12_instantaneous_profiles,10800,14400,11100.0;11400.0;11700.0;12000.0;12300.0;12600.0;12900.0;13200.0;13500.0;13800.0;14100.0;14400.0
14400,693.75,resolved_tke,0.0069794792216271162,Center,m^2 s^-2,equal_mean_of_12_instantaneous_profiles,10800,14400,11100.0;11400.0;11700.0;12000.0;12300.0;12600.0;12900.0;13200.0;13500.0;13800.0;14100.0;14400.0
14400,706.25,resolved_tke,0.0054469005359957618,Center,m^2 s^-2,equal_mean_of_12_instantaneous_profiles,10800,14400,11100.0;11400.0;11700.0;12000.0;12300.0;12600.0;12900.0;13200.0;13500.0;13800.0;14100.0;14400.0
14400,718.75,resolved_tke,0.0032458078737060228,Center,m^2 s^-2,equal_mean_of_12_instantaneous_profiles,10800,14400,11100.0;11400.0;11700.0;12000.0;12300.0;12600.0;12900.0;13200.0;13500.0;13800.0;14100.0;14400.0
14400,731.25,resolved_tke,0.0019446679604394983,Center,m^2 s^-2,equal_mean_of_12_instantaneous_profiles,10800,14400,11100.0;11400.0;11700.0;12000.0;12300.0;12600.0;12900.0;13200.0;13500.0;13800.0;14100.0;14400.0
14400,743.75,resolved_tke,0.0011791062230865161,Center,m^2 s^-2,equal_mean_of_12_instantaneous_profiles,10800,14400,11100.0;11400.0;11700.0;12000.0;12300.0;12600.0;12900.0;13200.0;13500.0;13800.0;14100.0;14400.0
14400,756.25,resolved_tke,0.00076299867941997945,Center,m^2 s^-2,equal_mean_of_12_instantaneous_profiles,10800,14400,11100.0;11400.0;11700.0;12000.0;12300.0;12600.0;12900.0;13200.0;13500.0;13800.0;14100.0;14400.0
14400,768.75,resolved_tke,0.00043250566523056477,Center,m^2 s^-2,equal_mean_of_12_instantaneous_profiles,10800,14400,11100.0;11400.0;11700.0;12000.0;12300.0;12600.0;12900.0;13200.0;13500.0;13800.0;14100.0;14400.0
14400,781.25,resolved_tke,0.00034647416153651039,Center,m^2 s^-2,equal_mean_of_12_instantaneous_profiles,10800,14400,11100.0;11400.0;11700.0;12000.0;12300.0;12600.0;12900.0;13200.0;13500.0;13800.0;14100.0;14400.0
14400,793.75,resolved_tke,0.00039900266710901633,Center,m^2 s^-2,equal_mean_of_12_instantaneous_profiles,10800,14400,11100.0;11400.0;11700.0;12000.0;12300.0;12600.0;12900.0;13200.0;13500.0;13800.0;14100.0;14400.0
14400,6.25,resolved_tke_buoyancy_production,3.9863597673199065e-06,Center,m^2 s^-3,equal_mean_of_12_instantaneous_profiles,10800,14400,11100.0;11400.0;11700.0;12000.0;12300.0;12600.0;12900.0;13200.0;13500.0;13800.0;14100.0;14400.0
14400,18.75,resolved_tke_buoyancy_production,4.2894358903330003e-06,Center,m^2 s^-3,equal_mean_of_12_instantaneous_profiles,10800,14400,11100.0;11400.0;11700.0;12000.0;12300.0;12600.0;12900.0;13200.0;13500.0;13800.0;14100.0;14400.0
14400,31.25,resolved_tke_buoyancy_production,-9.82609526545275e-05,Center,m^2 s^-3,equal_mean_of_12_instantaneous_profiles,10800,14400,11100.0;11400.0;11700.0;12000.0;12300.0;12600.0;12900.0;13200.0;13500.0;13800.0;14100.0;14400.0
14400,43.75,resolved_tke_buoyancy_production,-0.00026579149804698926,Center,m^2 s^-3,equal_mean_of_12_instantaneous_profiles,10800,14400,11100.0;11400.0;11700.0;12000.0;12300.0;12600.0;12900.0;13200.0;13500.0;13800.0;14100.0;14400.0
14400,56.25,resolved_tke_buoyancy_production,-0.00029593501919104409,Center,m^2 s^-3,equal_mean_of_12_instantaneous_profiles,10800,14400,11100.0;11400.0;11700.0;12000.0;12300.0;12600.0;12900.0;13200.0;13500.0;13800.0;14100.0;14400.0
14400,68.75,resolved_tke_buoyancy_production,-0.00020576887315352602,Center,m^2 s^-3,equal_mean_of_12_instantaneous_profiles,10800,14400,11100.0;11400.0;11700.0;12000.0;12300.0;12600.0;12900.0;13200.0;13500.0;13800.0;14100.0;14400.0
14400,81.25,resolved_tke_buoyancy_production,-0.00011863951901129137,Center,m^2 s^-3,equal_mean_of_12_instantaneous_profiles,10800,14400,11100.0;11400.0;11700.0;12000.0;12300.0;12600.0;12900.0;13200.0;13500.0;13800.0;14100.0;14400.0
14400,93.75,resolved_tke_buoyancy_production,-7.0262052607480044e-05,Center,m^2 s^-3,equal_mean_of_12_instantaneous_profiles,10800,14400,11100.0;11400.0;11700.0;12000.0;12300.0;12600.0;12900.0;13200.0;13500.0;13800.0;14100.0;14400.0
14400,106.25,resolved_tke_buoyancy_production,-4.8174579584762491e-05,Center,m^2 s^-3,equal_mean_of_12_instantaneous_profiles,10800,14400,11100.0;11400.0;11700.0;12000.0;12300.0;12600.0;12900.0;13200.0;13500.0;13800.0;14100.0;14400.0
14400,118.75,resolved_tke_buoyancy_production,-3.2812987001307192e-05,Center,m^2 s^-3,equal_mean_of_12_instantaneous_profiles,10800,14400,11100.0;11400.0;11700.0;12000.0;12300.0;12600.0;12900.0;13200.0;13500.0;13800.0;14100.0;14400.0
14400,131.25,resolved_tke_buoyancy_production,-2.4131170221153297e-05,Center,m^2 s^-3,equal_mean_of_12_instantaneous_profiles,10800,14400,11100.0;11400.0;11700.0;12000.0;12300.0;12600.0;12900.0;13200.0;13500.0;13800.0;14100.0;14400.0
14400,143.75,resolved_tke_buoyancy_production,-2.688648760340584e-05,Center,m^2 s^-3,equal_mean_of_12_instantaneous_profiles,10800,14400,11100.0;11400.0;11700.0;12000.0;12300.0;12600.0;12900.0;13200.0;13500.0;13800.0;14100.0;14400.0
14400,156.25,resolved_tke_buoyancy_production,-3.0759436526750505e-05,Center,m^2 s^-3,equal_mean_of_12_instantaneous_profiles,10800,14400,11100.0;11400.0;11700.0;12000.0;12300.0;12600.0;12900.0;13200.0;13500.0;13800.0;14100.0;14400.0
14400,168.75,resolved_tke_buoyancy_production,-2.0384212253550988e-05,Center,m^2 s^-3,equal_mean_of_12_instantaneous_profiles,10800,14400,11100.0;11400.0;11700.0;12000.0;12300.0;12600.0;12900.0;13200.0;13500.0;13800.0;14100.0;14400.0
14400,181.25,resolved_tke_buoyancy_production,-7.7337626815202985e-06,Center,m^2 s^-3,equal_mean_of_12_instantaneous_profiles,10800,14400,11100.0;11400.0;11700.0;12000.0;12300.0;12600.0;12900.0;13200.0;13500.0;13800.0;14100.0;14400.0
14400,193.75,resolved_tke_buoyancy_production,-8.3281672876485879e-07,Center,m^2 s^-3,equal_mean_of_12_instantaneous_profiles,10800,14400,11100.0;11400.0;11700.0;12000.0;12300.0;12600.0;12900.0;13200.0;13500.0;13800.0;14100.0;14400.0
14400,206.25,resolved_tke_buoyancy_production,1.1018352665814746e-06,Center,m^2 s^-3,equal_mean_of_12_instantaneous_profiles,10800,14400,11100.0;11400.0;11700.0;12000.0;12300.0;12600.0;12900.0;13200.0;13500.0;13800.0;14100.0;14400.0
14400,218.75,resolved_tke_buoyancy_production,-5.0224375769403196e-08,Center,m^2 s^-3,equal_mean_of_12_instantaneous_profiles,10800,14400,11100.0;11400.0;11700.0;12000.0;12300.0;12600.0;12900.0;13200.0;13500.0;13800.0;14100.0;14400.0
14400,231.25,resolved_tke_buoyancy_production,8.3855801117730763e-08,Center,m^2 s^-3,equal_mean_of_12_instantaneous_profiles,10800,14400,11100.0;11400.0;11700.0;12000.0;12300.0;12600.0;12900.0;13200.0;13500.0;13800.0;14100.0;14400.0
14400,243.75,resolved_tke_buoyancy_production,6.1799965367370646e-08,Center,m^2 s^-3,equal_mean_of_12_instantaneous_profiles,10800,14400,11100.0;11400.0;11700.0;12000.0;12300.0;12600.0;12900.0;13200.0;13500.0;13800.0;14100.0;14400.0
14400,256.25,resolved_tke_buoyancy_production,5.140651726520673e-08,Center,m^2 s^-3,equal_mean_of_12_instantaneous_profiles,10800,14400,11100.0;11400.0;11700.0;12000.0;12300.0;12600.0;12900.0;13200.0;13500.0;13800.0;14100.0;14400.0
14400,268.75,resolved_tke_buoyancy_production,4.4888051794108229e-08,Center,m^2 s^-3,equal_mean_of_12_instantaneous_profiles,10800,14400,11100.0;11400.0;11700.0;12000.0;12300.0;12600.0;12900.0;13200.0;13500.0;13800.0;14100.0;14400.0
14400,281.25,resolved_tke_buoyancy_production,2.5740228911293645e-08,Center,m^2 s^-3,equal_mean_of_12_instantaneous_profiles,10800,14400,11100.0;11400.0;11700.0;12000.0;12300.0;12600.0;12900.0;13200.0;13500.0;13800.0;14100.0;14400.0
14400,293.75,resolved_tke_buoyancy_production,1.7896711594171204e-08,Center,m^2 s^-3,equal_mean_of_12_instantaneous_profiles,10800,14400,11100.0;11400.0;11700.0;12000.0;12300.0;12600.0;12900.0;13200.0;13500.0;13800.0;14100.0;14400.0
14400,306.25,resolved_tke_buoyancy_production,2.4097194656347298e-08,Center,m^2 s^-3,equal_mean_of_12_instantaneous_profiles,10800,14400,11100.0;11400.0;11700.0;12000.0;12300.0;12600.0;12900.0;13200.0;13500.0;13800.0;14100.0;14400.0
14400,318.75,resolved_tke_buoyancy_production,2.218937171042749e-08,Center,m^2 s^-3,equal_mean_of_12_instantaneous_profiles,10800,14400,11100.0;11400.0;11700.0;12000.0;12300.0;12600.0;12900.0;13200.0;13500.0;13800.0;14100.0;14400.0
14400,331.25,resolved_tke_buoyancy_production,1.2758339644018216e-08,Center,m^2 s^-3,equal_mean_of_12_instantaneous_profiles,10800,14400,11100.0;11400.0;11700.0;12000.0;12300.0;12600.0;12900.0;13200.0;13500.0;13800.0;14100.0;14400.0
14400,343.75,resolved_tke_buoyancy_production,6.9828886376891814e-09,Center,m^2 s^-3,equal_mean_of_12_instantaneous_profiles,10800,14400,11100.0;11400.0;11700.0;12000.0;12300.0;12600.0;12900.0;13200.0;13500.0;13800.0;14100.0;14400.0
14400,356.25,resolved_tke_buoyancy_production,-3.387540618386235e-10,Center,m^2 s^-3,equal_mean_of_12_instantaneous_profiles,10800,14400,11100.0;11400.0;11700.0;12000.0;12300.0;12600.0;12900.0;13200.0;13500.0;13800.0;14100.0;14400.0
14400,368.75,resolved_tke_buoyancy_production,-6.5090516680281025e-09,Center,m^2 s^-3,equal_mean_of_12_instantaneous_profiles,10800,14400,11100.0;11400.0;11700.0;12000.0;12300.0;12600.0;12900.0;13200.0;13500.0;13800.0;14100.0;14400.0
14400,381.25,resolved_tke_buoyancy_production,-6.4034511026989094e-09,Center,m^2 s^-3,equal_mean_of_12_instantaneous_profiles,10800,14400,11100.0;11400.0;11700.0;12000.0;12300.0;12600.0;12900.0;13200.0;13500.0;13800.0;14100.0;14400.0
14400,393.75,resolved_tke_buoyancy_production,-6.2948438776337196e-09,Center,m^2 s^-3,equal_mean_of_12_instantaneous_profiles,10800,14400,11100.0;11400.0;11700.0;12000.0;12300.0;12600.0;12900.0;13200.0;13500.0;13800.0;14100.0;14400.0
14400,406.25,resolved_tke_buoyancy_production,-6.5128910782992948e-09,Center,m^2 s^-3,equal_mean_of_12_instantaneous_profiles,10800,14400,11100.0;11400.0;11700.0;12000.0;12300.0;12600.0;12900.0;13200.0;13500.0;13800.0;14100.0;14400.0
14400,418.75,resolved_tke_buoyancy_production,-5.2698856759884434e-09,Center,m^2 s^-3,equal_mean_of_12_instantaneous_profiles,10800,14400,11100.0;11400.0;11700.0;12000.0;12300.0;12600.0;12900.0;13200.0;13500.0;13800.0;14100.0;14400.0
14400,431.25,resolved_tke_buoyancy_production,-7.4030976904282397e-09,Center,m^2 s^-3,equal_mean_of_12_instantaneous_profiles,10800,14400,11100.0;11400.0;11700.0;12000.0;12300.0;12600.0;12900.0;13200.0;13500.0;13800.0;14100.0;14400.0
14400,443.75,resolved_tke_buoyancy_production,-1.0518240722845462e-08,Center,m^2 s^-3,equal_mean_of_12_instantaneous_profiles,10800,14400,11100.0;11400.0;11700.0;12000.0;12300.0;12600.0;12900.0;13200.0;13500.0;13800.0;14100.0;14400.0
14400,456.25,resolved_tke_buoyancy_production,-8.5214511743222001e-09,Center,m^2 s^-3,equal_mean_of_12_instantaneous_profiles,10800,14400,11100.0;11400.0;11700.0;12000.0;12300.0;12600.0;12900.0;13200.0;13500.0;13800.0;14100.0;14400.0
14400,468.75,resolved_tke_buoyancy_production,-3.889933467930244e-09,Center,m^2 s^-3,equal_mean_of_12_instantaneous_profiles,10800,14400,11100.0;11400.0;11700.0;12000.0;12300.0;12600.0;12900.0;13200.0;13500.0;13800.0;14100.0;14400.0
14400,481.25,resolved_tke_buoyancy_production,5.0317015739172648e-09,Center,m^2 s^-3,equal_mean_of_12_instantaneous_profiles,10800,14400,11100.0;11400.0;11700.0;12000.0;12300.0;12600.0;12900.0;13200.0;13500.0;13800.0;14100.0;14400.0
14400,493.75,resolved_tke_buoyancy_production,1.8014522762399565e-08,Center,m^2 s^-3,equal_mean_of_12_instantaneous_profiles,10800,14400,11100.0;11400.0;11700.0;12000.0;12300.0;12600.0;12900.0;13200.0;13500.0;13800.0;14100.0;14400.0
14400,506.25,resolved_tke_buoyancy_production,2.420748283308664e-08,Center,m^2 s^-3,equal_mean_of_12_instantaneous_profiles,10800,14400,11100.0;11400.0;11700.0;12000.0;12300.0;12600.0;12900.0;13200.0;13500.0;13800.0;14100.0;14400.0
14400,518.75,resolved_tke_buoyancy_production,2.2667360877193232e-08,Center,m^2 s^-3,equal_mean_of_12_instantaneous_profiles,10800,14400,11100.0;11400.0;11700.0;12000.0;12300.0;12600.0;12900.0;13200.0;13500.0;13800.0;14100.0;14400.0
14400,531.25,resolved_tke_buoyancy_production,2.3544030206916016e-08,Center,m^2 s^-3,equal_mean_of_12_instantaneous_profiles,10800,14400,11100.0;11400.0;11700.0;12000.0;12300.0;12600.0;12900.0;13200.0;13500.0;13800.0;14100.0;14400.0
14400,543.75,resolved_tke_buoyancy_production,3.66332000290015e-08,Center,m^2 s^-3,equal_mean_of_12_instantaneous_profiles,10800,14400,11100.0;11400.0;11700.0;12000.0;12300.0;12600.0;12900.0;13200.0;13500.0;13800.0;14100.0;14400.0
14400,556.25,resolved_tke_buoyancy_production,3.9532968898470244e-08,Center,m^2 s^-3,equal_mean_of_12_instantaneous_profiles,10800,14400,11100.0;11400.0;11700.0;12000.0;12300.0;12600.0;12900.0;13200.0;13500.0;13800.0;14100.0;14400.0
14400,568.75,resolved_tke_buoyancy_production,8.8140645893020064e-09,Center,m^2 s^-3,equal_mean_of_12_instantaneous_profiles,10800,14400,11100.0;11400.0;11700.0;12000.0;12300.0;12600.0;12900.0;13200.0;13500.0;13800.0;14100.0;14400.0
14400,581.25,resolved_tke_buoyancy_production,-2.1555433290150933e-08,Center,m^2 s^-3,equal_mean_of_12_instantaneous_profiles,10800,14400,11100.0;11400.0;11700.0;12000.0;12300.0;12600.0;12900.0;13200.0;13500.0;13800.0;14100.0;14400.0
14400,593.75,resolved_tke_buoyancy_production,-1.4917878784122726e-07,Center,m^2 s^-3,equal_mean_of_12_instantaneous_profiles,10800,14400,11100.0;11400.0;11700.0;12000.0;12300.0;12600.0;12900.0;13200.0;13500.0;13800.0;14100.0;14400.0
14400,606.25,resolved_tke_buoyancy_production,-7.4030975838468294e-07,Center,m^2 s^-3,equal_mean_of_12_instantaneous_profiles,10800,14400,11100.0;11400.0;11700.0;12000.0;12300.0;12600.0;12900.0;13200.0;13500.0;13800.0;14100.0;14400.0
14400,618.75,resolved_tke_buoyancy_production,-1.9394864333814135e-06,Center,m^2 s^-3,equal_mean_of_12_instantaneous_profiles,10800,14400,11100.0;11400.0;11700.0;12000.0;12300.0;12600.0;12900.0;13200.0;13500.0;13800.0;14100.0;14400.0
14400,631.25,resolved_tke_buoyancy_production,-3.0645607580481737e-06,Center,m^2 s^-3,equal_mean_of_12_instantaneous_profiles,10800,14400,11100.0;11400.0;11700.0;12000.0;12300.0;12600.0;12900.0;13200.0;13500.0;13800.0;14100.0;14400.0
14400,643.75,resolved_tke_buoyancy_production,-3.6147976629763434e-06,Center,m^2 s^-3,equal_mean_of_12_instantaneous_profiles,10800,14400,11100.0;11400.0;11700.0;12000.0;12300.0;12600.0;12900.0;13200.0;13500.0;13800.0;14100.0;14400.0
14400,656.25,resolved_tke_buoyancy_production,-3.9659036588091112e-06,Center,m^2 s^-3,equal_mean_of_12_instantaneous_profiles,10800,14400,11100.0;11400.0;11700.0;12000.0;12300.0;12600.0;12900.0;13200.0;13500.0;13800.0;14100.0;14400.0
14400,668.75,resolved_tke_buoyancy_production,-4.3038518053132675e-06,Center,m^2 s^-3,equal_mean_of_12_instantaneous_profiles,10800,14400,11100.0;11400.0;11700.0;12000.0;12300.0;12600.0;12900.0;13200.0;13500.0;13800.0;14100.0;14400.0
14400,681.25,resolved_tke_buoyancy_production,-4.3244643658605737e-06,Center,m^2 s^-3,equal_mean_of_12_instantaneous_profiles,10800,14400,11100.0;11400.0;11700.0;12000.0;12300.0;12600.0;12900.0;13200.0;13500.0;13800.0;14100.0;14400.0
14400,693.75,resolved_tke_buoyancy_production,-3.8966950531478988e-06,Center,m^2 s^-3,equal_mean_of_12_instantaneous_profiles,10800,14400,11100.0;11400.0;11700.0;12000.0;12300.0;12600.0;12900.0;13200.0;13500.0;13800.0;14100.0;14400.0
14400,706.25,resolved_tke_buoyancy_production,-2.9190579766691371e-06,Center,m^2 s^-3,equal_mean_of_12_instantaneous_profiles,10800,14400,11100.0;11400.0;11700.0;12000.0;12300.0;12600.0;12900.0;13200.0;13500.0;13800.0;14100.0;14400.0
14400,718.75,resolved_tke_buoyancy_production,-1.5988259676191774e-06,Center,m^2 s^-3,equal_mean_of_12_instantaneous_profiles,10800,14400,11100.0;11400.0;11700.0;12000.0;12300.0;12600.0;12900.0;13200.0;13500.0;13800.0;14100.0;14400.0
14400,731.25,resolved_tke_buoyancy_production,-6.5253623778479175e-07,Center,m^2 s^-3,equal_mean_of_12_instantaneous_profiles,10800,14400,11100.0;11400.0;11700.0;12000.0;12300.0;12600.0;12900.0;13200.0;13500.0;13800.0;14100.0;14400.0
14400,743.75,resolved_tke_buoyancy_production,-2.2852135383999439e-07,Center,m^2 s^-3,equal_mean_of_12_instantaneous_profiles,10800,14400,11100.0;11400.0;11700.0;12000.0;12300.0;12600.0;12900.0;13200.0;13500.0;13800.0;14100.0;14400.0
14400,756.25,resolved_tke_buoyancy_production,-7.6567562068419193e-08,Center,m^2 s^-3,equal_mean_of_12_instantaneous_profiles,10800,14400,11100.0;11400.0;11700.0;12000.0;12300.0;12600.0;12900.0;13200.0;13500.0;13800.0;14100.0;14400.0
14400,768.75,resolved_tke_buoyancy_production,-5.0674318667158026e-08,Center,m^2 s^-3,equal_mean_of_12_instantaneous_profiles,10800,14400,11100.0;11400.0;11700.0;12000.0;12300.0;12600.0;12900.0;13200.0;13500.0;13800.0;14100.0;14400.0
14400,781.25,resolved_tke_buoyancy_production,-4.3110920167066524e-08,Center,m^2 s^-3,equal_mean_of_12_instantaneous_profiles,10800,14400,11100.0;11400.0;11700.0;12000.0;12300.0;12600.0;12900.0;13200.0;13500.0;13800.0;14100.0;14400.0
14400,793.75,resolved_tke_buoyancy_production,-1.897088378980764e-08,Center,m^2 s^-3,equal_mean_of_12_instantaneous_profiles,10800,14400,11100.0;11400.0;11700.0;12000.0;12300.0;12600.0;12900.0;13200.0;13500.0;13800.0;14100.0;14400.0
14400,6.25,resolved_tke_pressure_transport,3.2259837098536082e-05,Center,m^2 s^-3,equal_mean_of_12_instantaneous_profiles,10800,14400,11100.0;11400.0;11700.0;12000.0;12300.0;12600.0;12900.0;13200.0;13500.0;13800.0;14100.0;14400.0
14400,18.75,resolved_tke_pressure_transport,4.4080557775790417e-05,Center,m^2 s^-3,equal_mean_of_12_instantaneous_profiles,10800,14400,11100.0;11400.0;11700.0;12000.0;12300.0;12600.0;12900.0;13200.0;13500.0;13800.0;14100.0;14400.0
14400,31.25,resolved_tke_pressure_transport,0.00012630165535180518,Center,m^2 s^-3,equal_mean_of_12_instantaneous_profiles,10800,14400,11100.0;11400.0;11700.0;12000.0;12300.0;12600.0;12900.0;13200.0;13500.0;13800.0;14100.0;14400.0
14400,43.75,resolved_tke_pressure_transport,-0.00023313335016913092,Center,m^2 s^-3,equal_mean_of_12_instantaneous_profiles,10800,14400,11100.0;11400.0;11700.0;12000.0;12300.0;12600.0;12900.0;13200.0;13500.0;13800.0;14100.0;14400.0
14400,56.25,resolved_tke_pressure_transport,-2.0902482030275376e-05,Center,m^2 s^-3,equal_mean_of_12_instantaneous_profiles,10800,14400,11100.0;11400.0;11700.0;12000.0;12300.0;12600.0;12900.0;13200.0;13500.0;13800.0;14100.0;14400.0
14400,68.75,resolved_tke_pressure_transport,-5.7591558743297355e-05,Center,m^2 s^-3,equal_mean_of_12_instantaneous_profiles,10800,14400,11100.0;11400.0;11700.0;12000.0;12300.0;12600.0;12900.0;13200.0;13500.0;13800.0;14100.0;14400.0
14400,81.25,resolved_tke_pressure_transport,-2.9531036034313729e-05,Center,m^2 s^-3,equal_mean_of_12_instantaneous_profiles,10800,14400,11100.0;11400.0;11700.0;12000.0;12300.0;12600.0;12900.0;13200.0;13500.0;13800.0;14100.0;14400.0
14400,93.75,resolved_tke_pressure_transport,-3.1811912521106933e-05,Center,m^2 s^-3,equal_mean_of_12_instantaneous_profiles,10800,14400,11100.0;11400.0;11700.0;12000.0;12300.0;12600.0;12900.0;13200.0;13500.0;13800.0;14100.0;14400.0
14400,106.25,resolved_tke_pressure_transport,-1.8614724884476647e-05,Center,m^2 s^-3,equal_mean_of_12_instantaneous_profiles,10800,14400,11100.0;11400.0;11700.0;12000.0;12300.0;12600.0;12900.0;13200.0;13500.0;13800.0;14100.0;14400.0
14400,118.75,resolved_tke_pressure_transport,-2.0615667229625007e-05,Center,m^2 s^-3,equal_mean_of_12_instantaneous_profiles,10800,14400,11100.0;11400.0;11700.0;12000.0;12300.0;12600.0;12900.0;13200.0;13500.0;13800.0;14100.0;14400.0
14400,131.25,resolved_tke_pressure_transport,1.2198372587590711e-05,Center,m^2 s^-3,equal_mean_of_12_instantaneous_profiles,10800,14400,11100.0;11400.0;11700.0;12000.0;12300.0;12600.0;12900.0;13200.0;13500.0;13800.0;14100.0;14400.0
14400,143.75,resolved_tke_pressure_transport,3.6767092296940973e-05,Center,m^2 s^-3,equal_mean_of_12_instantaneous_profiles,10800,14400,11100.0;11400.0;11700.0;12000.0;12300.0;12600.0;12900.0;13200.0;13500.0;13800.0;14100.0;14400.0
14400,156.25,resolved_tke_pressure_transport,2.6530331714032702e-05,Center,m^2 s^-3,equal_mean_of_12_instantaneous_profiles,10800,14400,11100.0;11400.0;11700.0;12000.0;12300.0;12600.0;12900.0;13200.0;13500.0;13800.0;14100.0;14400.0
14400,168.75,resolved_tke_pressure_transport,5.3432991308000055e-05,Center,m^2 s^-3,equal_mean_of_12_instantaneous_profiles,10800,14400,11100.0;11400.0;11700.0;12000.0;12300.0;12600.0;12900.0;13200.0;13500.0;13800.0;14100.0;14400.0
14400,181.25,resolved_tke_pressure_transport,4.7469341855806611e-05,Center,m^2 s^-3,equal_mean_of_12_instantaneous_profiles,10800,14400,11100.0;11400.0;11700.0;12000.0;12300.0;12600.0;12900.0;13200.0;13500.0;13800.0;14100.0;14400.0
14400,193.75,resolved_tke_pressure_transport,2.9686659426412614e-05,Center,m^2 s^-3,equal_mean_of_12_instantaneous_profiles,10800,14400,11100.0;11400.0;11700.0;12000.0;12300.0;12600.0;12900.0;13200.0;13500.0;13800.0;14100.0;14400.0
14400,206.25,resolved_tke_pressure_transport,5.2530815253248875e-06,Center,m^2 s^-3,equal_mean_of_12_instantaneous_profiles,10800,14400,11100.0;11400.0;11700.0;12000.0;12300.0;12600.0;12900.0;13200.0;13500.0;13800.0;14100.0;14400.0
14400,218.75,resolved_tke_pressure_transport,5.9717323826665358e-07,Center,m^2 s^-3,equal_mean_of_12_instantaneous_profiles,10800,14400,11100.0;11400.0;11700.0;12000.0;12300.0;12600.0;12900.0;13200.0;13500.0;13800.0;14100.0;14400.0
14400,231.25,resolved_tke_pressure_transport,2.3139016628685263e-07,Center,m^2 s^-3,equal_mean_of_12_instantaneous_profiles,10800,14400,11100.0;11400.0;11700.0;12000.0;12300.0;12600.0;12900.0;13200.0;13500.0;13800.0;14100.0;14400.0
14400,243.75,resolved_tke_pressure_transport,-6.9500475300780337e-08,Center,m^2 s^-3,equal_mean_of_12_instantaneous_profiles,10800,14400,11100.0;11400.0;11700.0;12000.0;12300.0;12600.0;12900.0;13200.0;13500.0;13800.0;14100.0;14400.0
14400,256.25,resolved_tke_pressure_transport,2.0785947222693817e-08,Center,m^2 s^-3,equal_mean_of_12_instantaneous_profiles,10800,14400,11100.0;11400.0;11700.0;12000.0;12300.0;12600.0;12900.0;13200.0;13500.0;13800.0;14100.0;14400.0
14400,268.75,resolved_tke_pressure_transport,9.0131116200116893e-08,Center,m^2 s^-3,equal_mean_of_12_instantaneous_profiles,10800,14400,11100.0;11400.0;11700.0;12000.0;12300.0;12600.0;12900.0;13200.0;13500.0;13800.0;14100.0;14400.0
14400,281.25,resolved_tke_pressure_transport,1.1644599669698626e-07,Center,m^2 s^-3,equal_mean_of_12_instantaneous_profiles,10800,14400,11100.0;11400.0;11700.0;12000.0;12300.0;12600.0;12900.0;13200.0;13500.0;13800.0;14100.0;14400.0
14400,293.75,resolved_tke_pressure_transport,7.3431252486007751e-08,Center,m^2 s^-3,equal_mean_of_12_instantaneous_profiles,10800,14400,11100.0;11400.0;11700.0;12000.0;12300.0;12600.0;12900.0;13200.0;13500.0;13800.0;14100.0;14400.0
14400,306.25,resolved_tke_pressure_transport,1.1681313326813066e-07,Center,m^2 s^-3,equal_mean_of_12_instantaneous_profiles,10800,14400,11100.0;11400.0;11700.0;12000.0;12300.0;12600.0;12900.0;13200.0;13500.0;13800.0;14100.0;14400.0
14400,318.75,resolved_tke_pressure_transport,1.8071458740553936e-07,Center,m^2 s^-3,equal_mean_of_12_instantaneous_profiles,10800,14400,11100.0;11400.0;11700.0;12000.0;12300.0;12600.0;12900.0;13200.0;13500.0;13800.0;14100.0;14400.0
14400,331.25,resolved_tke_pressure_transport,1.210318187524114e-07,Center,m^2 s^-3,equal_mean_of_12_instantaneous_profiles,10800,14400,11100.0;11400.0;11700.0;12000.0;12300.0;12600.0;12900.0;13200.0;13500.0;13800.0;14100.0;14400.0
14400,343.75,resolved_tke_pressure_transport,1.1065798825408517e-07,Center,m^2 s^-3,equal_mean_of_12_instantaneous_profiles,10800,14400,11100.0;11400.0;11700.0;12000.0;12300.0;12600.0;12900.0;13200.0;13500.0;13800.0;14100.0;14400.0
14400,356.25,resolved_tke_pressure_transport,9.5174043146517562e-08,Center,m^2 s^-3,equal_mean_of_12_instantaneous_profiles,10800,14400,11100.0;11400.0;11700.0;12000.0;12300.0;12600.0;12900.0;13200.0;13500.0;13800.0;14100.0;14400.0
14400,368.75,resolved_tke_pressure_transport,2.2315544375336078e-08,Center,m^2 s^-3,equal_mean_of_12_instantaneous_profiles,10800,14400,11100.0;11400.0;11700.0;12000.0;12300.0;12600.0;12900.0;13200.0;13500.0;13800.0;14100.0;14400.0
14400,381.25,resolved_tke_pressure_transport,4.9240549711745039e-08,Center,m^2 s^-3,equal_mean_of_12_instantaneous_profiles,10800,14400,11100.0;11400.0;11700.0;12000.0;12300.0;12600.0;12900.0;13200.0;13500.0;13800.0;14100.0;14400.0
14400,393.75,resolved_tke_pressure_transport,5.5185996254240401e-08,Center,m^2 s^-3,equal_mean_of_12_instantaneous_profiles,10800,14400,11100.0;11400.0;11700.0;12000.0;12300.0;12600.0;12900.0;13200.0;13500.0;13800.0;14100.0;14400.0
14400,406.25,resolved_tke_pressure_transport,8.5809268413061801e-08,Center,m^2 s^-3,equal_mean_of_12_instantaneous_profiles,10800,14400,11100.0;11400.0;11700.0;12000.0;12300.0;12600.0;12900.0;13200.0;13500.0;13800.0;14100.0;14400.0
14400,418.75,resolved_tke_pressure_transport,4.6062862524287596e-08,Center,m^2 s^-3,equal_mean_of_12_instantaneous_profiles,10800,14400,11100.0;11400.0;11700.0;12000.0;12300.0;12600.0;12900.0;13200.0;13500.0;13800.0;14100.0;14400.0
14400,431.25,resolved_tke_pressure_transport,5.0360875321805075e-08,Center,m^2 s^-3,equal_mean_of_12_instantaneous_profiles,10800,14400,11100.0;11400.0;11700.0;12000.0;12300.0;12600.0;12900.0;13200.0;13500.0;13800.0;14100.0;14400.0
14400,443.75,resolved_tke_pressure_transport,5.9678214814340436e-08,Center,m^2 s^-3,equal_mean_of_12_instantaneous_profiles,10800,14400,11100.0;11400.0;11700.0;12000.0;12300.0;12600.0;12900.0;13200.0;13500.0;13800.0;14100.0;14400.0
14400,456.25,resolved_tke_pressure_transport,3.2041894100961109e-08,Center,m^2 s^-3,equal_mean_of_12_instantaneous_profiles,10800,14400,11100.0;11400.0;11700.0;12000.0;12300.0;12600.0;12900.0;13200.0;13500.0;13800.0;14100.0;14400.0
14400,468.75,resolved_tke_pressure_transport,5.8807536618132872e-10,Center,m^2 s^-3,equal_mean_of_12_instantaneous_profiles,10800,14400,11100.0;11400.0;11700.0;12000.0;12300.0;12600.0;12900.0;13200.0;13500.0;13800.0;14100.0;14400.0
14400,481.25,resolved_tke_pressure_transport,-3.9268722051843952e-08,Center,m^2 s^-3,equal_mean_of_12_instantaneous_profiles,10800,14400,11100.0;11400.0;11700.0;12000.0;12300.0;12600.0;12900.0;13200.0;13500.0;13800.0;14100.0;14400.0
14400,493.75,resolved_tke_pressure_transport,-2.409414900927942e-08,Center,m^2 s^-3,equal_mean_of_12_instantaneous_profiles,10800,14400,11100.0;11400.0;11700.0;12000.0;12300.0;12600.0;12900.0;13200.0;13500.0;13800.0;14100.0;14400.0
14400,506.25,resolved_tke_pressure_transport,-2.2144347790649852e-09,Center,m^2 s^-3,equal_mean_of_12_instantaneous_profiles,10800,14400,11100.0;11400.0;11700.0;12000.0;12300.0;12600.0;12900.0;13200.0;13500.0;13800.0;14100.0;14400.0
14400,518.75,resolved_tke_pressure_transport,-3.6080816408675297e-08,Center,m^2 s^-3,equal_mean_of_12_instantaneous_profiles,10800,14400,11100.0;11400.0;11700.0;12000.0;12300.0;12600.0;12900.0;13200.0;13500.0;13800.0;14100.0;14400.0
14400,531.25,resolved_tke_pressure_transport,-6.0309075067266349e-08,Center,m^2 s^-3,equal_mean_of_12_instantaneous_profiles,10800,14400,11100.0;11400.0;11700.0;12000.0;12300.0;12600.0;12900.0;13200.0;13500.0;13800.0;14100.0;14400.0
14400,543.75,resolved_tke_pressure_transport,-6.4658727853365391e-08,Center,m^2 s^-3,equal_mean_of_12_instantaneous_profiles,10800,14400,11100.0;11400.0;11700.0;12000.0;12300.0;12600.0;12900.0;13200.0;13500.0;13800.0;14100.0;14400.0
14400,556.25,resolved_tke_pressure_transport,1.1766673265375023e-07,Center,m^2 s^-3,equal_mean_of_12_instantaneous_profiles,10800,14400,11100.0;11400.0;11700.0;12000.0;12300.0;12600.0;12900.0;13200.0;13500.0;13800.0;14100.0;14400.0
14400,568.75,resolved_tke_pressure_transport,-7.6613340264467908e-08,Center,m^2 s^-3,equal_mean_of_12_instantaneous_profiles,10800,14400,11100.0;11400.0;11700.0;12000.0;12300.0;12600.0;12900.0;13200.0;13500.0;13800.0;14100.0;14400.0
14400,581.25,resolved_tke_pressure_transport,-9.8635736837474994e-08,Center,m^2 s^-3,equal_mean_of_12_instantaneous_profiles,10800,14400,11100.0;11400.0;11700.0;12000.0;12300.0;12600.0;12900.0;13200.0;13500.0;13800.0;14100.0;14400.0
14400,593.75,resolved_tke_pressure_transport,9.7871991992330251e-08,Center,m^2 s^-3,equal_mean_of_12_instantaneous_profiles,10800,14400,11100.0;11400.0;11700.0;12000.0;12300.0;12600.0;12900.0;13200.0;13500.0;13800.0;14100.0;14400.0
14400,606.25,resolved_tke_pressure_transport,6.5145305398287923e-07,Center,m^2 s^-3,equal_mean_of_12_instantaneous_profiles,10800,14400,11100.0;11400.0;11700.0;12000.0;12300.0;12600.0;12900.0;13200.0;13500.0;13800.0;14100.0;14400.0
14400,618.75,resolved_tke_pressure_transport,-6.3699372295407855e-08,Center,m^2 s^-3,equal_mean_of_12_instantaneous_profiles,10800,14400,11100.0;11400.0;11700.0;12000.0;12300.0;12600.0;12900.0;13200.0;13500.0;13800.0;14100.0;14400.0
14400,631.25,resolved_tke_pressure_transport,-7.2341672800272738e-07,Center,m^2 s^-3,equal_mean_of_12_instantaneous_profiles,10800,14400,11100.0;11400.0;11700.0;12000.0;12300.0;12600.0;12900.0;13200.0;13500.0;13800.0;14100.0;14400.0
14400,643.75,resolved_tke_pressure_transport,-1.2447305016705101e-06,Center,m^2 s^-3,equal_mean_of_12_instantaneous_profiles,10800,14400,11100.0;11400.0;11700.0;12000.0;12300.0;12600.0;12900.0;13200.0;13500.0;13800.0;14100.0;14400.0
14400,656.25,resolved_tke_pressure_transport,7.5151449507870893e-08,Center,m^2 s^-3,equal_mean_of_12_instantaneous_profiles,10800,14400,11100.0;11400.0;11700.0;12000.0;12300.0;12600.0;12900.0;13200.0;13500.0;13800.0;14100.0;14400.0
14400,668.75,resolved_tke_pressure_transport,-1.7446099320750363e-07,Center,m^2 s^-3,equal_mean_of_12_instantaneous_profiles,10800,14400,11100.0;11400.0;11700.0;12000.0;12300.0;12600.0;12900.0;13200.0;13500.0;13800.0;14100.0;14400.0
14400,681.25,resolved_tke_pressure_transport,-1.0283399376476154e-07,Center,m^2 s^-3,equal_mean_of_12_instantaneous_profiles,10800,14400,11100.0;11400.0;11700.0;12000.0;12300.0;12600.0;12900.0;13200.0;13500.0;13800.0;14100.0;14400.0
14400,693.75,resolved_tke_pressure_transport,-1.2765966156772872e-06,Center,m^2 s^-3,equal_mean_of_12_instantaneous_profiles,10800,14400,11100.0;11400.0;11700.0;12000.0;12300.0;12600.0;12900.0;13200.0;13500.0;13800.0;14100.0;14400.0
14400,706.25,resolved_tke_pressure_transport,-7.9943717897397925e-07,Center,m^2 s^-3,equal_mean_of_12_instantaneous_profiles,10800,14400,11100.0;11400.0;11700.0;12000.0;12300.0;12600.0;12900.0;13200.0;13500.0;13800.0;14100.0;14400.0
14400,718.75,resolved_tke_pressure_transport,3.8617666338799001e-07,Center,m^2 s^-3,equal_mean_of_12_instantaneous_profiles,10800,14400,11100.0;11400.0;11700.0;12000.0;12300.0;12600.0;12900.0;13200.0;13500.0;13800.0;14100.0;14400.0
14400,731.25,resolved_tke_pressure_transport,4.223977576600646e-07,Center,m^2 s^-3,equal_mean_of_12_instantaneous_profiles,10800,14400,11100.0;11400.0;11700.0;12000.0;12300.0;12600.0;12900.0;13200.0;13500.0;13800.0;14100.0;14400.0
14400,743.75,resolved_tke_pressure_transport,4.5803399591666977e-07,Center,m^2 s^-3,equal_mean_of_12_instantaneous_profiles,10800,14400,11100.0;11400.0;11700.0;12000.0;12300.0;12600.0;12900.0;13200.0;13500.0;13800.0;14100.0;14400.0
14400,756.25,resolved_tke_pressure_transport,3.764350644530623e-07,Center,m^2 s^-3,equal_mean_of_12_instantaneous_profiles,10800,14400,11100.0;11400.0;11700.0;12000.0;12300.0;12600.0;12900.0;13200.0;13500.0;13800.0;14100.0;14400.0
14400,768.75,resolved_tke_pressure_transport,2.8042229220185771e-07,Center,m^2 s^-3,equal_mean_of_12_instantaneous_profiles,10800,14400,11100.0;11400.0;11700.0;12000.0;12300.0;12600.0;12900.0;13200.0;13500.0;13800.0;14100.0;14400.0
14400,781.25,resolved_tke_pressure_transport,2.6731418597177498e-07,Center,m^2 s^-3,equal_mean_of_12_instantaneous_profiles,10800,14400,11100.0;11400.0;11700.0;12000.0;12300.0;12600.0;12900.0;13200.0;13500.0;13800.0;14100.0;14400.0
14400,793.75,resolved_tke_pressure_transport,1.8213607274238561e-07,Center,m^2 s^-3,equal_mean_of_12_instantaneous_profiles,10800,14400,11100.0;11400.0;11700.0;12000.0;12300.0;12600.0;12900.0;13200.0;13500.0;13800.0;14100.0;14400.0
14400,6.25,resolved_tke_shear_production,-3.7585692022427488e-06,Center,m^2 s^-3,equal_mean_of_12_instantaneous_profiles,10800,14400,11100.0;11400.0;11700.0;12000.0;12300.0;12600.0;12900.0;13200.0;13500.0;13800.0;14100.0;14400.0
14400,18.75,resolved_tke_shear_production,-3.5793277769850342e-06,Center,m^2 s^-3,equal_mean_of_12_instantaneous_profiles,10800,14400,11100.0;11400.0;11700.0;12000.0;12300.0;12600.0;12900.0;13200.0;13500.0;13800.0;14100.0;14400.0
14400,31.25,resolved_tke_shear_production,0.00028550350543810055,Center,m^2 s^-3,equal_mean_of_12_instantaneous_profiles,10800,14400,11100.0;11400.0;11700.0;12000.0;12300.0;12600.0;12900.0;13200.0;13500.0;13800.0;14100.0;14400.0
14400,43.75,resolved_tke_shear_production,0.0007321901745550955,Center,m^2 s^-3,equal_mean_of_12_instantaneous_profiles,10800,14400,11100.0;11400.0;11700.0;12000.0;12300.0;12600.0;12900.0;13200.0;13500.0;13800.0;14100.0;14400.0
14400,56.25,resolved_tke_shear_production,0.0007950122429368397,Center,m^2 s^-3,equal_mean_of_12_instantaneous_profiles,10800,14400,11100.0;11400.0;11700.0;12000.0;12300.0;12600.0;12900.0;13200.0;13500.0;13800.0;14100.0;14400.0
14400,68.75,resolved_tke_shear_production,0.00056216859229607508,Center,m^2 s^-3,equal_mean_of_12_instantaneous_profiles,10800,14400,11100.0;11400.0;11700.0;12000.0;12300.0;12600.0;12900.0;13200.0;13500.0;13800.0;14100.0;14400.0
14400,81.25,resolved_tke_shear_production,0.00032065791674540378,Center,m^2 s^-3,equal_mean_of_12_instantaneous_profiles,10800,14400,11100.0;11400.0;11700.0;12000.0;12300.0;12600.0;12900.0;13200.0;13500.0;13800.0;14100.0;14400.0
14400,93.75,resolved_tke_shear_production,0.0001633051245638247,Center,m^2 s^-3,equal_mean_of_12_instantaneous_profiles,10800,14400,11100.0;11400.0;11700.0;12000.0;12300.0;12600.0;12900.0;13200.0;13500.0;13800.0;14100.0;14400.0
14400,106.25,resolved_tke_shear_production,9.3644486260776219e-05,Center,m^2 s^-3,equal_mean_of_12_instantaneous_profiles,10800,14400,11100.0;11400.0;11700.0;12000.0;12300.0;12600.0;12900.0;13200.0;13500.0;13800.0;14100.0;14400.0
14400,118.75,resolved_tke_shear_production,5.3790894980920712e-05,Center,m^2 s^-3,equal_mean_of_12_instantaneous_profiles,10800,14400,11100.0;11400.0;11700.0;12000.0;12300.0;12600.0;12900.0;13200.0;13500.0;13800.0;14100.0;14400.0
14400,131.25,resolved_tke_shear_production,2.4505874913908581e-05,Center,m^2 s^-3,equal_mean_of_12_instantaneous_profiles,10800,14400,11100.0;11400.0;11700.0;12000.0;12300.0;12600.0;12900.0;13200.0;13500.0;13800.0;14100.0;14400.0
14400,143.75,resolved_tke_shear_production,3.0796343025940587e-05,Center,m^2 s^-3,equal_mean_of_12_instantaneous_profiles,10800,14400,11100.0;11400.0;11700.0;12000.0;12300.0;12600.0;12900.0;13200.0;13500.0;13800.0;14100.0;14400.0
14400,156.25,resolved_tke_shear_production,3.8550366677251681e-05,Center,m^2 s^-3,equal_mean_of_12_instantaneous_profiles,10800,14400,11100.0;11400.0;11700.0;12000.0;12300.0;12600.0;12900.0;13200.0;13500.0;13800.0;14100.0;14400.0
14400,168.75,resolved_tke_shear_production,5.3829353419132531e-06,Center,m^2 s^-3,equal_mean_of_12_instantaneous_profiles,10800,14400,11100.0;11400.0;11700.0;12000.0;12300.0;12600.0;12900.0;13200.0;13500.0;13800.0;14100.0;14400.0
14400,181.25,resolved_tke_shear_production,-2.1809614698516572e-05,Center,m^2 s^-3,equal_mean_of_12_instantaneous_profiles,10800,14400,11100.0;11400.0;11700.0;12000.0;12300.0;12600.0;12900.0;13200.0;13500.0;13800.0;14100.0;14400.0
14400,193.75,resolved_tke_shear_production,-1.5684823627755879e-05,Center,m^2 s^-3,equal_mean_of_12_instantaneous_profiles,10800,14400,11100.0;11400.0;11700.0;12000.0;12300.0;12600.0;12900.0;13200.0;13500.0;13800.0;14100.0;14400.0
14400,206.25,resolved_tke_shear_production,-4.5867210189953767e-06,Center,m^2 s^-3,equal_mean_of_12_instantaneous_profiles,10800,14400,11100.0;11400.0;11700.0;12000.0;12300.0;12600.0;12900.0;13200.0;13500.0;13800.0;14100.0;14400.0
14400,218.75,resolved_tke_shear_production,-9.2010204610915025e-07,Center,m^2 s^-3,equal_mean_of_12_instantaneous_profiles,10800,14400,11100.0;11400.0;11700.0;12000.0;12300.0;12600.0;12900.0;13200.0;13500.0;13800.0;14100.0;14400.0
14400,231.25,resolved_tke_shear_production,-4.1262190612438115e-07,Center,m^2 s^-3,equal_mean_of_12_instantaneous_profiles,10800,14400,11100.0;11400.0;11700.0;12000.0;12300.0;12600.0;12900.0;13200.0;13500.0;13800.0;14100.0;14400.0
14400,243.75,resolved_tke_shear_production,-2.895826488232463e-07,Center,m^2 s^-3,equal_mean_of_12_instantaneous_profiles,10800,14400,11100.0;11400.0;11700.0;12000.0;12300.0;12600.0;12900.0;13200.0;13500.0;13800.0;14100.0;14400.0
14400,256.25,resolved_tke_shear_production,-2.7795386022451868e-07,Center,m^2 s^-3,equal_mean_of_12_instantaneous_profiles,10800,14400,11100.0;11400.0;11700.0;12000.0;12300.0;12600.0;12900.0;13200.0;13500.0;13800.0;14100.0;14400.0
14400,268.75,resolved_tke_shear_production,-2.2992282315096682e-07,Center,m^2 s^-3,equal_mean_of_12_instantaneous_profiles,10800,14400,11100.0;11400.0;11700.0;12000.0;12300.0;12600.0;12900.0;13200.0;13500.0;13800.0;14100.0;14400.0
14400,281.25,resolved_tke_shear_production,-1.8060106358556519e-07,Center,m^2 s^-3,equal_mean_of_12_instantaneous_profiles,10800,14400,11100.0;11400.0;11700.0;12000.0;12300.0;12600.0;12900.0;13200.0;13500.0;13800.0;14100.0;14400.0
14400,293.75,resolved_tke_shear_production,-1.5855360987101127e-07,Center,m^2 s^-3,equal_mean_of_12_instantaneous_profiles,10800,14400,11100.0;11400.0;11700.0;12000.0;12300.0;12600.0;12900.0;13200.0;13500.0;13800.0;14100.0;14400.0
14400,306.25,resolved_tke_shear_production,-1.5291950912950844e-07,Center,m^2 s^-3,equal_mean_of_12_instantaneous_profiles,10800,14400,11100.0;11400.0;11700.0;12000.0;12300.0;12600.0;12900.0;13200.0;13500.0;13800.0;14100.0;14400.0
14400,318.75,resolved_tke_shear_production,-1.4444801132995622e-07,Center,m^2 s^-3,equal_mean_of_12_instantaneous_profiles,10800,14400,11100.0;11400.0;11700.0;12000.0;12300.0;12600.0;12900.0;13200.0;13500.0;13800.0;14100.0;14400.0
14400,331.25,resolved_tke_shear_production,-1.2847586298529259e-07,Center,m^2 s^-3,equal_mean_of_12_instantaneous_profiles,10800,14400,11100.0;11400.0;11700.0;12000.0;12300.0;12600.0;12900.0;13200.0;13500.0;13800.0;14100.0;14400.0
14400,343.75,resolved_tke_shear_production,-1.156328591767064e-07,Center,m^2 s^-3,equal_mean_of_12_instantaneous_profiles,10800,14400,11100.0;11400.0;11700.0;12000.0;12300.0;12600.0;12900.0;13200.0;13500.0;13800.0;14100.0;14400.0
14400,356.25,resolved_tke_shear_production,-1.0033500622933882e-07,Center,m^2 s^-3,equal_mean_of_12_instantaneous_profiles,10800,14400,11100.0;11400.0;11700.0;12000.0;12300.0;12600.0;12900.0;13200.0;13500.0;13800.0;14100.0;14400.0
14400,368.75,resolved_tke_shear_production,-8.1297104677820656e-08,Center,m^2 s^-3,equal_mean_of_12_instantaneous_profiles,10800,14400,11100.0;11400.0;11700.0;12000.0;12300.0;12600.0;12900.0;13200.0;13500.0;13800.0;14100.0;14400.0
14400,381.25,resolved_tke_shear_production,-6.9671639938799032e-08,Center,m^2 s^-3,equal_mean_of_12_instantaneous_profiles,10800,14400,11100.0;11400.0;11700.0;12000.0;12300.0;12600.0;12900.0;13200.0;13500.0;13800.0;14100.0;14400.0
14400,393.75,resolved_tke_shear_production,-6.4018474595547062e-08,Center,m^2 s^-3,equal_mean_of_12_instantaneous_profiles,10800,14400,11100.0;11400.0;11700.0;12000.0;12300.0;12600.0;12900.0;13200.0;13500.0;13800.0;14100.0;14400.0
14400,406.25,resolved_tke_shear_production,-5.1053993569786606e-08,Center,m^2 s^-3,equal_mean_of_12_instantaneous_profiles,10800,14400,11100.0;11400.0;11700.0;12000.0;12300.0;12600.0;12900.0;13200.0;13500.0;13800.0;14100.0;14400.0
14400,418.75,resolved_tke_shear_production,-2.9485130360421923e-08,Center,m^2 s^-3,equal_mean_of_12_instantaneous_profiles,10800,14400,11100.0;11400.0;11700.0;12000.0;12300.0;12600.0;12900.0;13200.0;13500.0;13800.0;14100.0;14400.0
14400,431.25,resolved_tke_shear_production,-1.039717785940771e-08,Center,m^2 s^-3,equal_mean_of_12_instantaneous_profiles,10800,14400,11100.0;11400.0;11700.0;12000.0;12300.0;12600.0;12900.0;13200.0;13500.0;13800.0;14100.0;14400.0
14400,443.75,resolved_tke_shear_production,1.5536826640053885e-09,Center,m^2 s^-3,equal_mean_of_12_instantaneous_profiles,10800,14400,11100.0;11400.0;11700.0;12000.0;12300.0;12600.0;12900.0;13200.0;13500.0;13800.0;14100.0;14400.0
14400,456.25,resolved_tke_shear_production,1.472196294501534e-08,Center,m^2 s^-3,equal_mean_of_12_instantaneous_profiles,10800,14400,11100.0;11400.0;11700.0;12000.0;12300.0;12600.0;12900.0;13200.0;13500.0;13800.0;14100.0;14400.0
14400,468.75,resolved_tke_shear_production,3.9852925182159993e-08,Center,m^2 s^-3,equal_mean_of_12_instantaneous_profiles,10800,14400,11100.0;11400.0;11700.0;12000.0;12300.0;12600.0;12900.0;13200.0;13500.0;13800.0;14100.0;14400.0
14400,481.25,resolved_tke_shear_production,6.4974847280296899e-08,Center,m^2 s^-3,equal_mean_of_12_instantaneous_profiles,10800,14400,11100.0;11400.0;11700.0;12000.0;12300.0;12600.0;12900.0;13200.0;13500.0;13800.0;14100.0;14400.0
14400,493.75,resolved_tke_shear_production,6.6047540288790188e-08,Center,m^2 s^-3,equal_mean_of_12_instantaneous_profiles,10800,14400,11100.0;11400.0;11700.0;12000.0;12300.0;12600.0;12900.0;13200.0;13500.0;13800.0;14100.0;14400.0
14400,506.25,resolved_tke_shear_production,5.8575180705844332e-08,Center,m^2 s^-3,equal_mean_of_12_instantaneous_profiles,10800,14400,11100.0;11400.0;11700.0;12000.0;12300.0;12600.0;12900.0;13200.0;13500.0;13800.0;14100.0;14400.0
14400,518.75,resolved_tke_shear_production,7.3999308606668521e-08,Center,m^2 s^-3,equal_mean_of_12_instantaneous_profiles,10800,14400,11100.0;11400.0;11700.0;12000.0;12300.0;12600.0;12900.0;13200.0;13500.0;13800.0;14100.0;14400.0
14400,531.25,resolved_tke_shear_production,9.6389453455950999e-08,Center,m^2 s^-3,equal_mean_of_12_instantaneous_profiles,10800,14400,11100.0;11400.0;11700.0;12000.0;12300.0;12600.0;12900.0;13200.0;13500.0;13800.0;14100.0;14400.0
14400,543.75,resolved_tke_shear_production,8.8166306551803089e-08,Center,m^2 s^-3,equal_mean_of_12_instantaneous_profiles,10800,14400,11100.0;11400.0;11700.0;12000.0;12300.0;12600.0;12900.0;13200.0;13500.0;13800.0;14100.0;14400.0
14400,556.25,resolved_tke_shear_production,8.8763385974743869e-08,Center,m^2 s^-3,equal_mean_of_12_instantaneous_profiles,10800,14400,11100.0;11400.0;11700.0;12000.0;12300.0;12600.0;12900.0;13200.0;13500.0;13800.0;14100.0;14400.0
14400,568.75,resolved_tke_shear_production,1.6529604944063672e-07,Center,m^2 s^-3,equal_mean_of_12_instantaneous_profiles,10800,14400,11100.0;11400.0;11700.0;12000.0;12300.0;12600.0;12900.0;13200.0;13500.0;13800.0;14100.0;14400.0
14400,581.25,resolved_tke_shear_production,2.9157332193108232e-07,Center,m^2 s^-3,equal_mean_of_12_instantaneous_profiles,10800,14400,11100.0;11400.0;11700.0;12000.0;12300.0;12600.0;12900.0;13200.0;13500.0;13800.0;14100.0;14400.0
14400,593.75,resolved_tke_shear_production,5.8327086094323022e-07,Center,m^2 s^-3,equal_mean_of_12_instantaneous_profiles,10800,14400,11100.0;11400.0;11700.0;12000.0;12300.0;12600.0;12900.0;13200.0;13500.0;13800.0;14100.0;14400.0
14400,606.25,resolved_tke_shear_production,2.1159219443234178e-06,Center,m^2 s^-3,equal_mean_of_12_instantaneous_profiles,10800,14400,11100.0;11400.0;11700.0;12000.0;12300.0;12600.0;12900.0;13200.0;13500.0;13800.0;14100.0;14400.0
14400,618.75,resolved_tke_shear_production,5.6484734045625373e-06,Center,m^2 s^-3,equal_mean_of_12_instantaneous_profiles,10800,14400,11100.0;11400.0;11700.0;12000.0;12300.0;12600.0;12900.0;13200.0;13500.0;13800.0;14100.0;14400.0
14400,631.25,resolved_tke_shear_production,9.272715601582604e-06,Center,m^2 s^-3,equal_mean_of_12_instantaneous_profiles,10800,14400,11100.0;11400.0;11700.0;12000.0;12300.0;12600.0;12900.0;13200.0;13500.0;13800.0;14100.0;14400.0
14400,643.75,resolved_tke_shear_production,1.1558749595981984e-05,Center,m^2 s^-3,equal_mean_of_12_instantaneous_profiles,10800,14400,11100.0;11400.0;11700.0;12000.0;12300.0;12600.0;12900.0;13200.0;13500.0;13800.0;14100.0;14400.0
14400,656.25,resolved_tke_shear_production,1.3309354092901534e-05,Center,m^2 s^-3,equal_mean_of_12_instantaneous_profiles,10800,14400,11100.0;11400.0;11700.0;12000.0;12300.0;12600.0;12900.0;13200.0;13500.0;13800.0;14100.0;14400.0
14400,668.75,resolved_tke_shear_production,1.4492763966700295e-05,Center,m^2 s^-3,equal_mean_of_12_instantaneous_profiles,10800,14400,11100.0;11400.0;11700.0;12000.0;12300.0;12600.0;12900.0;13200.0;13500.0;13800.0;14100.0;14400.0
14400,681.25,resolved_tke_shear_production,1.4511001306042695e-05,Center,m^2 s^-3,equal_mean_of_12_instantaneous_profiles,10800,14400,11100.0;11400.0;11700.0;12000.0;12300.0;12600.0;12900.0;13200.0;13500.0;13800.0;14100.0;14400.0
14400,693.75,resolved_tke_shear_production,1.3156153348366692e-05,Center,m^2 s^-3,equal_mean_of_12_instantaneous_profiles,10800,14400,11100.0;11400.0;11700.0;12000.0;12300.0;12600.0;12900.0;13200.0;13500.0;13800.0;14100.0;14400.0
14400,706.25,resolved_tke_shear_production,9.6450166514235516e-06,Center,m^2 s^-3,equal_mean_of_12_instantaneous_profiles,10800,14400,11100.0;11400.0;11700.0;12000.0;12300.0;12600.0;12900.0;13200.0;13500.0;13800.0;14100.0;14400.0
14400,718.75,resolved_tke_shear_production,5.0648649031851773e-06,Center,m^2 s^-3,equal_mean_of_12_instantaneous_profiles,10800,14400,11100.0;11400.0;11700.0;12000.0;12300.0;12600.0;12900.0;13200.0;13500.0;13800.0;14100.0;14400.0
14400,731.25,resolved_tke_shear_production,1.9161230468967005e-06,Center,m^2 s^-3,equal_mean_of_12_instantaneous_profiles,10800,14400,11100.0;11400.0;11700.0;12000.0;12300.0;12600.0;12900.0;13200.0;13500.0;13800.0;14100.0;14400.0
14400,743.75,resolved_tke_shear_production,5.7108578310760549e-07,Center,m^2 s^-3,equal_mean_of_12_instantaneous_profiles,10800,14400,11100.0;11400.0;11700.0;12000.0;12300.0;12600.0;12900.0;13200.0;13500.0;13800.0;14100.0;14400.0
14400,756.25,resolved_tke_shear_production,1.5447740064900017e-07,Center,m^2 s^-3,equal_mean_of_12_instantaneous_profiles,10800,14400,11100.0;11400.0;11700.0;12000.0;12300.0;12600.0;12900.0;13200.0;13500.0;13800.0;14100.0;14400.0
14400,768.75,resolved_tke_shear_production,2.8020594437331663e-08,Center,m^2 s^-3,equal_mean_of_12_instantaneous_profiles,10800,14400,11100.0;11400.0;11700.0;12000.0;12300.0;12600.0;12900.0;13200.0;13500.0;13800.0;14100.0;14400.0
14400,781.25,resolved_tke_shear_production,-8.9629389835958282e-09,Center,m^2 s^-3,equal_mean_of_12_instantaneous_profiles,10800,14400,11100.0;11400.0;11700.0;12000.0;12300.0;12600.0;12900.0;13200.0;13500.0;13800.0;14100.0;14400.0
14400,793.75,resolved_tke_shear_production,-9.0471654612400698e-09,Center,m^2 s^-3,equal_mean_of_12_instantaneous_profiles,10800,14400,11100.0;11400.0;11700.0;12000.0;12300.0;12600.0;12900.0;13200.0;13500.0;13800.0;14100.0;14400.0
14400,6.25,resolved_tke_transport,3.2684533077069013e-05,Center,m^2 s^-3,equal_mean_of_12_instantaneous_profiles,10800,14400,11100.0;11400.0;11700.0;12000.0;12300.0;12600.0;12900.0;13200.0;13500.0;13800.0;14100.0;14400.0
14400,18.75,resolved_tke_transport,5.1681595323316287e-05,Center,m^2 s^-3,equal_mean_of_12_instantaneous_profiles,10800,14400,11100.0;11400.0;11700.0;12000.0;12300.0;12600.0;12900.0;13200.0;13500.0;13800.0;14100.0;14400.0
14400,31.25,resolved_tke_transport,0.00015813321321426579,Center,m^2 s^-3,equal_mean_of_12_instantaneous_profiles,10800,14400,11100.0;11400.0;11700.0;12000.0;12300.0;12600.0;12900.0;13200.0;13500.0;13800.0;14100.0;14400.0
14400,43.75,resolved_tke_transport,-0.00025686986312697019,Center,m^2 s^-3,equal_mean_of_12_instantaneous_profiles,10800,14400,11100.0;11400.0;11700.0;12000.0;12300.0;12600.0;12900.0;13200.0;13500.0;13800.0;14100.0;14400.0
14400,56.25,resolved_tke_transport,-7.0080881641843007e-05,Center,m^2 s^-3,equal_mean_of_12_instantaneous_profiles,10800,14400,11100.0;11400.0;11700.0;12000.0;12300.0;12600.0;12900.0;13200.0;13500.0;13800.0;14100.0;14400.0
14400,68.75,resolved_tke_transport,-5.1992352647782049e-05,Center,m^2 s^-3,equal_mean_of_12_instantaneous_profiles,10800,14400,11100.0;11400.0;11700.0;12000.0;12300.0;12600.0;12900.0;13200.0;13500.0;13800.0;14100.0;14400.0
14400,81.25,resolved_tke_transport,-1.8616884517541621e-05,Center,m^2 s^-3,equal_mean_of_12_instantaneous_profiles,10800,14400,11100.0;11400.0;11700.0;12000.0;12300.0;12600.0;12900.0;13200.0;13500.0;13800.0;14100.0;14400.0
14400,93.75,resolved_tke_transport,-2.63050192946442e-05,Center,m^2 s^-3,equal_mean_of_12_instantaneous_profiles,10800,14400,11100.0;11400.0;11700.0;12000.0;12300.0;12600.0;12900.0;13200.0;13500.0;13800.0;14100.0;14400.0
14400,106.25,resolved_tke_transport,-1.1518873956598933e-05,Center,m^2 s^-3,equal_mean_of_12_instantaneous_profiles,10800,14400,11100.0;11400.0;11700.0;12000.0;12300.0;12600.0;12900.0;13200.0;13500.0;13800.0;14100.0;14400.0
14400,118.75,resolved_tke_transport,-1.973534032610284e-05,Center,m^2 s^-3,equal_mean_of_12_instantaneous_profiles,10800,14400,11100.0;11400.0;11700.0;12000.0;12300.0;12600.0;12900.0;13200.0;13500.0;13800.0;14100.0;14400.0
14400,131.25,resolved_tke_transport,1.1436849680042846e-05,Center,m^2 s^-3,equal_mean_of_12_instantaneous_profiles,10800,14400,11100.0;11400.0;11700.0;12000.0;12300.0;12600.0;12900.0;13200.0;13500.0;13800.0;14100.0;14400.0
14400,143.75,resolved_tke_transport,3.5535265093737202e-05,Center,m^2 s^-3,equal_mean_of_12_instantaneous_profiles,10800,14400,11100.0;11400.0;11700.0;12000.0;12300.0;12600.0;12900.0;13200.0;13500.0;13800.0;14100.0;14400.0
14400,156.25,resolved_tke_transport,2.6711744036826229e-05,Center,m^2 s^-3,equal_mean_of_12_instantaneous_profiles,10800,14400,11100.0;11400.0;11700.0;12000.0;12300.0;12600.0;12900.0;13200.0;13500.0;13800.0;14100.0;14400.0
14400,168.75,resolved_tke_transport,5.7116572975246527e-05,Center,m^2 s^-3,equal_mean_of_12_instantaneous_profiles,10800,14400,11100.0;11400.0;11700.0;12000.0;12300.0;12600.0;12900.0;13200.0;13500.0;13800.0;14100.0;14400.0
14400,181.25,resolved_tke_transport,4.8495025718390629e-05,Center,m^2 s^-3,equal_mean_of_12_instantaneous_profiles,10800,14400,11100.0;11400.0;11700.0;12000.0;12300.0;12600.0;12900.0;13200.0;13500.0;13800.0;14100.0;14400.0
14400,193.75,resolved_tke_transport,3.0289509093487748e-05,Center,m^2 s^-3,equal_mean_of_12_instantaneous_profiles,10800,14400,11100.0;11400.0;11700.0;12000.0;12300.0;12600.0;12900.0;13200.0;13500.0;13800.0;14100.0;14400.0
14400,206.25,resolved_tke_transport,4.8193585845031821e-06,Center,m^2 s^-3,equal_mean_of_12_instantaneous_profiles,10800,14400,11100.0;11400.0;11700.0;12000.0;12300.0;12600.0;12900.0;13200.0;13500.0;13800.0;14100.0;14400.0
14400,218.75,resolved_tke_transport,5.3100448364299757e-07,Center,m^2 s^-3,equal_mean_of_12_instantaneous_profiles,10800,14400,11100.0;11400.0;11700.0;12000.0;12300.0;12600.0;12900.0;13200.0;13500.0;13800.0;14100.0;14400.0
14400,231.25,resolved_tke_transport,3.1354505125591459e-07,Center,m^2 s^-3,equal_mean_of_12_instantaneous_profiles,10800,14400,11100.0;11400.0;11700.0;12000.0;12300.0;12600.0;12900.0;13200.0;13500.0;13800.0;14100.0;14400.0
14400,243.75,resolved_tke_transport,-2.6913994588539936e-08,Center,m^2 s^-3,equal_mean_of_12_instantaneous_profiles,10800,14400,11100.0;11400.0;11700.0;12000.0;12300.0;12600.0;12900.0;13200.0;13500.0;13800.0;14100.0;14400.0
14400,256.25,resolved_tke_transport,3.0643584447709316e-08,Center,m^2 s^-3,equal_mean_of_12_instantaneous_profiles,10800,14400,11100.0;11400.0;11700.0;12000.0;12300.0;12600.0;12900.0;13200.0;13500.0;13800.0;14100.0;14400.0
14400,268.75,resolved_tke_transport,9.8994975476311239e-08,Center,m^2 s^-3,equal_mean_of_12_instantaneous_profiles,10800,14400,11100.0;11400.0;11700.0;12000.0;12300.0;12600.0;12900.0;13200.0;13500.0;13800.0;14100.0;14400.0
14400,281.25,resolved_tke_transport,1.2179998890952484e-07,Center,m^2 s^-3,equal_mean_of_12_instantaneous_profiles,10800,14400,11100.0;11400.0;11700.0;12000.0;12300.0;12600.0;12900.0;13200.0;13500.0;13800.0;14100.0;14400.0
14400,293.75,resolved_tke_transport,7.813752149014401e-08,Center,m^2 s^-3,equal_mean_of_12_instantaneous_profiles,10800,14400,11100.0;11400.0;11700.0;12000.0;12300.0;12600.0;12900.0;13200.0;13500.0;13800.0;14100.0;14400.0
14400,306.25,resolved_tke_transport,1.2054690814074695e-07,Center,m^2 s^-3,equal_mean_of_12_instantaneous_profiles,10800,14400,11100.0;11400.0;11700.0;12000.0;12300.0;12600.0;12900.0;13200.0;13500.0;13800.0;14100.0;14400.0
14400,318.75,resolved_tke_transport,1.8211434208807256e-07,Center,m^2 s^-3,equal_mean_of_12_instantaneous_profiles,10800,14400,11100.0;11400.0;11700.0;12000.0;12300.0;12600.0;12900.0;13200.0;13500.0;13800.0;14100.0;14400.0
14400,331.25,resolved_tke_transport,1.2193874635949933e-07,Center,m^2 s^-3,equal_mean_of_12_instantaneous_profiles,10800,14400,11100.0;11400.0;11700.0;12000.0;12300.0;12600.0;12900.0;13200.0;13500.0;13800.0;14100.0;14400.0
14400,343.75,resolved_tke_transport,1.1031446748669775e-07,Center,m^2 s^-3,equal_mean_of_12_instantaneous_profiles,10800,14400,11100.0;11400.0;11700.0;12000.0;12300.0;12600.0;12900.0;13200.0;13500.0;13800.0;14100.0;14400.0
14400,356.25,resolved_tke_transport,9.4556249422931657e-08,Center,m^2 s^-3,equal_mean_of_12_instantaneous_profiles,10800,14400,11100.0;11400.0;11700.0;12000.0;12300.0;12600.0;12900.0;13200.0;13500.0;13800.0;14100.0;14400.0
14400,368.75,resolved_tke_transport,2.3080864330893291e-08,Center,m^2 s^-3,equal_mean_of_12_instantaneous_profiles,10800,14400,11100.0;11400.0;11700.0;12000.0;12300.0;12600.0;12900.0;13200.0;13500.0;13800.0;14100.0;14400.0
14400,381.25,resolved_tke_transport,5.067585136705096e-08,Center,m^2 s^-3,equal_mean_of_12_instantaneous_profiles,10800,14400,11100.0;11400.0;11700.0;12000.0;12300.0;12600.0;12900.0;13200.0;13500.0;13800.0;14100.0;14400.0
14400,393.75,resolved_tke_transport,5.6075583010350982e-08,Center,m^2 s^-3,equal_mean_of_12_instantaneous_profiles,10800,14400,11100.0;11400.0;11700.0;12000.0;12300.0;12600.0;12900.0;13200.0;13500.0;13800.0;14100.0;14400.0
14400,406.25,resolved_tke_transport,8.6319998547172247e-08,Center,m^2 s^-3,equal_mean_of_12_instantaneous_profiles,10800,14400,11100.0;11400.0;11700.0;12000.0;12300.0;12600.0;12900.0;13200.0;13500.0;13800.0;14100.0;14400.0
14400,418.75,resolved_tke_transport,4.6550261164253946e-08,Center,m^2 s^-3,equal_mean_of_12_instantaneous_profiles,10800,14400,11100.0;11400.0;11700.0;12000.0;12300.0;12600.0;12900.0;13200.0;13500.0;13800.0;14100.0;14400.0
14400,431.25,resolved_tke_transport,5.0389266833169209e-08,Center,m^2 s^-3,equal_mean_of_12_instantaneous_profiles,10800,14400,11100.0;11400.0;11700.0;12000.0;12300.0;12600.0;12900.0;13200.0;13500.0;13800.0;14100.0;14400.0
14400,443.75,resolved_tke_transport,6.0607333374207428e-08,Center,m^2 s^-3,equal_mean_of_12_instantaneous_profiles,10800,14400,11100.0;11400.0;11700.0;12000.0;12300.0;12600.0;12900.0;13200.0;13500.0;13800.0;14100.0;14400.0
14400,456.25,resolved_tke_transport,3.4513279345560477e-08,Center,m^2 s^-3,equal_mean_of_12_instantaneous_profiles,10800,14400,11100.0;11400.0;11700.0;12000.0;12300.0;12600.0;12900.0;13200.0;13500.0;13800.0;14100.0;14400.0
14400,468.75,resolved_tke_transport,1.159763544459717e-09,Center,m^2 s^-3,equal_mean_of_12_instantaneous_profiles,10800,14400,11100.0;11400.0;11700.0;12000.0;12300.0;12600.0;12900.0;13200.0;13500.0;13800.0;14100.0;14400.0
14400,481.25,resolved_tke_transport,-3.9570582958485069e-08,Center,m^2 s^-3,equal_mean_of_12_instantaneous_profiles,10800,14400,11100.0;11400.0;11700.0;12000.0;12300.0;12600.0;12900.0;13200.0;13500.0;13800.0;14100.0;14400.0
14400,493.75,resolved_tke_transport,-2.5039702237587374e-08,Center,m^2 s^-3,equal_mean_of_12_instantaneous_profiles,10800,14400,11100.0;11400.0;11700.0;12000.0;12300.0;12600.0;12900.0;13200.0;13500.0;13800.0;14100.0;14400.0
14400,506.25,resolved_tke_transport,-2.2810877469322164e-09,Center,m^2 s^-3,equal_mean_of_12_instantaneous_profiles,10800,14400,11100.0;11400.0;11700.0;12000.0;12300.0;12600.0;12900.0;13200.0;13500.0;13800.0;14100.0;14400.0
14400,518.75,resolved_tke_transport,-3.5040748673035672e-08,Center,m^2 s^-3,equal_mean_of_12_instantaneous_profiles,10800,14400,11100.0;11400.0;11700.0;12000.0;12300.0;12600.0;12900.0;13200.0;13500.0;13800.0;14100.0;14400.0
14400,531.25,resolved_tke_transport,-6.0502651777483152e-08,Center,m^2 s^-3,equal_mean_of_12_instantaneous_profiles,10800,14400,11100.0;11400.0;11700.0;12000.0;12300.0;12600.0;12900.0;13200.0;13500.0;13800.0;14100.0;14400.0
14400,543.75,resolved_tke_transport,-6.8279922234755944e-08,Center,m^2 s^-3,equal_mean_of_12_instantaneous_profiles,10800,14400,11100.0;11400.0;11700.0;12000.0;12300.0;12600.0;12900.0;13200.0;13500.0;13800.0;14100.0;14400.0
14400,556.25,resolved_tke_transport,1.0403420288203809e-07,Center,m^2 s^-3,equal_mean_of_12_instantaneous_profiles,10800,14400,11100.0;11400.0;11700.0;12000.0;12300.0;12600.0;12900.0;13200.0;13500.0;13800.0;14100.0;14400.0
14400,568.75,resolved_tke_transport,-9.4210429087600759e-08,Center,m^2 s^-3,equal_mean_of_12_instantaneous_profiles,10800,14400,11100.0;11400.0;11700.0;12000.0;12300.0;12600.0;12900.0;13200.0;13500.0;13800.0;14100.0;14400.0
14400,581.25,resolved_tke_transport,-1.209503324902291e-07,Center,m^2 s^-3,equal_mean_of_12_instantaneous_profiles,10800,14400,11100.0;11400.0;11700.0;12000.0;12300.0;12600.0;12900.0;13200.0;13500.0;13800.0;14100.0;14400.0
14400,593.75,resolved_tke_transport,9.9617793125617027e-08,Center,m^2 s^-3,equal_mean_of_12_instantaneous_profiles,10800,14400,11100.0;11400.0;11700.0;12000.0;12300.0;12600.0;12900.0;13200.0;13500.0;13800.0;14100.0;14400.0
14400,606.25,resolved_tke_transport,8.6772122761165826e-07,Center,m^2 s^-3,equal_mean_of_12_instantaneous_profiles,10800,14400,11100.0;11400.0;11700.0;12000.0;12300.0;12600.0;12900.0;13200.0;13500.0;13800.0;14100.0;14400.0
14400,618.75,resolved_tke_transport,1.108616984879518e-07,Center,m^2 s^-3,equal_mean_of_12_instantaneous_profiles,10800,14400,11100.0;11400.0;11700.0;12000.0;12300.0;12600.0;12900.0;13200.0;13500.0;13800.0;14100.0;14400.0
14400,631.25,resolved_tke_transport,-6.2163273402878383e-07,Center,m^2 s^-3,equal_mean_of_12_instantaneous_profiles,10800,14400,11100.0;11400.0;11700.0;12000.0;12300.0;12600.0;12900.0;13200.0;13500.0;13800.0;14100.0;14400.0
14400,643.75,resolved_tke_transport,-6.7628759481408451e-07,Center,m^2 s^-3,equal_mean_of_12_instantaneous_profiles,10800,14400,11100.0;11400.0;11700.0;12000.0;12300.0;12600.0;12900.0;13200.0;13500.0;13800.0;14100.0;14400.0
14400,656.25,resolved_tke_transport,-2.8979758563233798e-07,Center,m^2 s^-3,equal_mean_of_12_instantaneous_profiles,10800,14400,11100.0;11400.0;11700.0;12000.0;12300.0;12600.0;12900.0;13200.0;13500.0;13800.0;14100.0;14400.0
14400,668.75,resolved_tke_transport,-9.4090611450307427e-07,Center,m^2 s^-3,equal_mean_of_12_instantaneous_profiles,10800,14400,11100.0;11400.0;11700.0;12000.0;12300.0;12600.0;12900.0;13200.0;13500.0;13800.0;14100.0;14400.0
14400,681.25,resolved_tke_transport,-5.0190654595401918e-07,Center,m^2 s^-3,equal_mean_of_12_instantaneous_profiles,10800,14400,11100.0;11400.0;11700.0;12000.0;12300.0;12600.0;12900.0;13200.0;13500.0;13800.0;14100.0;14400.0
14400,693.75,resolved_tke_transport,-1.5078010117501133e-06,Center,m^2 s^-3,equal_mean_of_12_instantaneous_profiles,10800,14400,11100.0;11400.0;11700.0;12000.0;12300.0;12600.0;12900.0;13200.0;13500.0;13800.0;14100.0;14400.0
14400,706.25,resolved_tke_transport,-4.7007030919606524e-07,Center,m^2 s^-3,equal_mean_of_12_instantaneous_profiles,10800,14400,11100.0;11400.0;11700.0;12000.0;12300.0;12600.0;12900.0;13200.0;13500.0;13800.0;14100.0;14400.0
14400,718.75,resolved_tke_transport,5.0722765247238988e-07,Center,m^2 s^-3,equal_mean_of_12_instantaneous_profiles,10800,14400,11100.0;11400.0;11700.0;12000.0;12300.0;12600.0;12900.0;13200.0;13500.0;13800.0;14100.0;14400.0
14400,731.25,resolved_tke_transport,6.2884635099180741e-07,Center,m^2 s^-3,equal_mean_of_12_instantaneous_profiles,10800,14400,11100.0;11400.0;11700.0;12000.0;12300.0;12600.0;12900.0;13200.0;13500.0;13800.0;14100.0;14400.0
14400,743.75,resolved_tke_transport,5.3165440287254262e-07,Center,m^2 s^-3,equal_mean_of_12_instantaneous_profiles,10800,14400,11100.0;11400.0;11700.0;12000.0;12300.0;12600.0;12900.0;13200.0;13500.0;13800.0;14100.0;14400.0
14400,756.25,resolved_tke_transport,3.9765787522109502e-07,Center,m^2 s^-3,equal_mean_of_12_instantaneous_profiles,10800,14400,11100.0;11400.0;11700.0;12000.0;12300.0;12600.0;12900.0;13200.0;13500.0;13800.0;14100.0;14400.0
14400,768.75,resolved_tke_transport,2.8030917113378945e-07,Center,m^2 s^-3,equal_mean_of_12_instantaneous_profiles,10800,14400,11100.0;11400.0;11700.0;12000.0;12300.0;12600.0;12900.0;13200.0;13500.0;13800.0;14100.0;14400.0
14400,781.25,resolved_tke_transport,2.6377622996953676e-07,Center,m^2 s^-3,equal_mean_of_12_instantaneous_profiles,10800,14400,11100.0;11400.0;11700.0;12000.0;12300.0;12600.0;12900.0;13200.0;13500.0;13800.0;14100.0;14400.0
14400,793.75,resolved_tke_transport,1.8082899562917495e-07,Center,m^2 s^-3,equal_mean_of_12_instantaneous_profiles,10800,14400,11100.0;11400.0;11700.0;12000.0;12300.0;12600.0;12900.0;13200.0;13500.0;13800.0;14100.0;14400.0
14400,6.25,resolved_tke_turbulent_transport,4.2469587905695033e-07,Center,m^2 s^-3,equal_mean_of_12_instantaneous_profiles,10800,14400,11100.0;11400.0;11700.0;12000.0;12300.0;12600.0;12900.0;13200.0;13500.0;13800.0;14100.0;14400.0
14400,18.75,resolved_tke_turbulent_transport,7.6010369151428376e-06,Center,m^2 s^-3,equal_mean_of_12_instantaneous_profiles,10800,14400,11100.0;11400.0;11700.0;12000.0;12300.0;12600.0;12900.0;13200.0;13500.0;13800.0;14100.0;14400.0
14400,31.25,resolved_tke_turbulent_transport,3.183155909406802e-05,Center,m^2 s^-3,equal_mean_of_12_instantaneous_profiles,10800,14400,11100.0;11400.0;11700.0;12000.0;12300.0;12600.0;12900.0;13200.0;13500.0;13800.0;14100.0;14400.0
14400,43.75,resolved_tke_turbulent_transport,-2.3736515572636563e-05,Center,m^2 s^-3,equal_mean_of_12_instantaneous_profiles,10800,14400,11100.0;11400.0;11700.0;12000.0;12300.0;12600.0;12900.0;13200.0;13500.0;13800.0;14100.0;14400.0
14400,56.25,resolved_tke_turbulent_transport,-4.9178399137872475e-05,Center,m^2 s^-3,equal_mean_of_12_instantaneous_profiles,10800,14400,11100.0;11400.0;11700.0;12000.0;12300.0;12600.0;12900.0;13200.0;13500.0;13800.0;14100.0;14400.0
14400,68.75,resolved_tke_turbulent_transport,5.599206417628011e-06,Center,m^2 s^-3,equal_mean_of_12_instantaneous_profiles,10800,14400,11100.0;11400.0;11700.0;12000.0;12300.0;12600.0;12900.0;13200.0;13500.0;13800.0;14100.0;14400.0
14400,81.25,resolved_tke_turbulent_transport,1.0914151450454787e-05,Center,m^2 s^-3,equal_mean_of_12_instantaneous_profiles,10800,14400,11100.0;11400.0;11700.0;12000.0;12300.0;12600.0;12900.0;13200.0;13500.0;13800.0;14100.0;14400.0
14400,93.75,resolved_tke_turbulent_transport,5.5068928996130735e-06,Center,m^2 s^-3,equal_mean_of_12_instantaneous_profiles,10800,14400,11100.0;11400.0;11700.0;12000.0;12300.0;12600.0;12900.0;13200.0;13500.0;13800.0;14100.0;14400.0
14400,106.25,resolved_tke_turbulent_transport,7.0958507289257495e-06,Center,m^2 s^-3,equal_mean_of_12_instantaneous_profiles,10800,14400,11100.0;11400.0;11700.0;12000.0;12300.0;12600.0;12900.0;13200.0;13500.0;13800.0;14100.0;14400.0
14400,118.75,resolved_tke_turbulent_transport,8.8032750037806784e-07,Center,m^2 s^-3,equal_mean_of_12_instantaneous_profiles,10800,14400,11100.0;11400.0;11700.0;12000.0;12300.0;12600.0;12900.0;13200.0;13500.0;13800.0;14100.0;14400.0
14400,131.25,resolved_tke_turbulent_transport,-7.6152272280675482e-07,Center,m^2 s^-3,equal_mean_of_12_instantaneous_profiles,10800,14400,11100.0;11400.0;11700.0;12000.0;12300.0;12600.0;12900.0;13200.0;13500.0;13800.0;14100.0;14400.0
14400,143.75,resolved_tke_turbulent_transport,-1.2318276200555072e-06,Center,m^2 s^-3,equal_mean_of_12_instantaneous_profiles,10800,14400,11100.0;11400.0;11700.0;12000.0;12300.0;12600.0;12900.0;13200.0;13500.0;13800.0;14100.0;14400.0
14400,156.25,resolved_tke_turbulent_transport,1.8141279648868172e-07,Center,m^2 s^-3,equal_mean_of_12_instantaneous_profiles,10800,14400,11100.0;11400.0;11700.0;12000.0;12300.0;12600.0;12900.0;13200.0;13500.0;13800.0;14100.0;14400.0
14400,168.75,resolved_tke_turbulent_transport,3.6835812959878922e-06,Center,m^2 s^-3,equal_mean_of_12_instantaneous_profiles,10800,14400,11100.0;11400.0;11700.0;12000.0;12300.0;12600.0;12900.0;13200.0;13500.0;13800.0;14100.0;14400.0
14400,181.25,resolved_tke_turbulent_transport,1.0256837133700476e-06,Center,m^2 s^-3,equal_mean_of_12_instantaneous_profiles,10800,14400,11100.0;11400.0;11700.0;12000.0;12300.0;12600.0;12900.0;13200.0;13500.0;13800.0;14100.0;14400.0
14400,193.75,resolved_tke_turbulent_transport,6.0285005432092476e-07,Center,m^2 s^-3,equal_mean_of_12_instantaneous_profiles,10800,14400,11100.0;11400.0;11700.0;12000.0;12300.0;12600.0;12900.0;13200.0;13500.0;13800.0;14100.0;14400.0
14400,206.25,resolved_tke_turbulent_transport,-4.3372288368222672e-07,Center,m^2 s^-3,equal_mean_of_12_instantaneous_profiles,10800,14400,11100.0;11400.0;11700.0;12000.0;12300.0;12600.0;12900.0;13200.0;13500.0;13800.0;14100.0;14400.0
14400,218.75,resolved_tke_turbulent_transport,-6.6168795775922717e-08,Center,m^2 s^-3,equal_mean_of_12_instantaneous_profiles,10800,14400,11100.0;11400.0;11700.0;12000.0;12300.0;12600.0;12900.0;13200.0;13500.0;13800.0;14100.0;14400.0
14400,231.25,resolved_tke_turbulent_transport,8.2154916055306629e-08,Center,m^2 s^-3,equal_mean_of_12_instantaneous_profiles,10800,14400,11100.0;11400.0;11700.0;12000.0;12300.0;12600.0;12900.0;13200.0;13500.0;13800.0;14100.0;14400.0
14400,243.75,resolved_tke_turbulent_transport,4.2586486411385259e-08,Center,m^2 s^-3,equal_mean_of_12_instantaneous_profiles,10800,14400,11100.0;11400.0;11700.0;12000.0;12300.0;12600.0;12900.0;13200.0;13500.0;13800.0;14100.0;14400.0
14400,256.25,resolved_tke_turbulent_transport,9.8576372620229336e-09,Center,m^2 s^-3,equal_mean_of_12_instantaneous_profiles,10800,14400,11100.0;11400.0;11700.0;12000.0;12300.0;12600.0;12900.0;13200.0;13500.0;13800.0;14100.0;14400.0
14400,268.75,resolved_tke_turbulent_transport,8.8638537898422243e-09,Center,m^2 s^-3,equal_mean_of_12_instantaneous_profiles,10800,14400,11100.0;11400.0;11700.0;12000.0;12300.0;12600.0;12900.0;13200.0;13500.0;13800.0;14100.0;14400.0
14400,281.25,resolved_tke_turbulent_transport,5.3539942942067613e-09,Center,m^2 s^-3,equal_mean_of_12_instantaneous_profiles,10800,14400,11100.0;11400.0;11700.0;12000.0;12300.0;12600.0;12900.0;13200.0;13500.0;13800.0;14100.0;14400.0
14400,293.75,resolved_tke_turbulent_transport,4.706268982741328e-09,Center,m^2 s^-3,equal_mean_of_12_instantaneous_profiles,10800,14400,11100.0;11400.0;11700.0;12000.0;12300.0;12600.0;12900.0;13200.0;13500.0;13800.0;14100.0;14400.0
14400,306.25,resolved_tke_turbulent_transport,3.7337725365219993e-09,Center,m^2 s^-3,equal_mean_of_12_instantaneous_profiles,10800,14400,11100.0;11400.0;11700.0;12000.0;12300.0;12600.0;12900.0;13200.0;13500.0;13800.0;14100.0;14400.0
14400,318.75,resolved_tke_turbulent_transport,1.399757809661395e-09,Center,m^2 s^-3,equal_mean_of_12_instantaneous_profiles,10800,14400,11100.0;11400.0;11700.0;12000.0;12300.0;12600.0;12900.0;13200.0;13500.0;13800.0;14100.0;14400.0
14400,331.25,resolved_tke_turbulent_transport,9.0692456207001426e-10,Center,m^2 s^-3,equal_mean_of_12_instantaneous_profiles,10800,14400,11100.0;11400.0;11700.0;12000.0;12300.0;12600.0;12900.0;13200.0;13500.0;13800.0;14100.0;14400.0
14400,343.75,resolved_tke_turbulent_transport,-3.4352671170652843e-10,Center,m^2 s^-3,equal_mean_of_12_instantaneous_profiles,10800,14400,11100.0;11400.0;11700.0;12000.0;12300.0;12600.0;12900.0;13200.0;13500.0;13800.0;14100.0;14400.0
14400,356.25,resolved_tke_turbulent_transport,-6.1779562021690992e-10,Center,m^2 s^-3,equal_mean_of_12_instantaneous_profiles,10800,14400,11100.0;11400.0;11700.0;12000.0;12300.0;12600.0;12900.0;13200.0;13500.0;13800.0;14100.0;14400.0
14400,368.75,resolved_tke_turbulent_transport,7.6531945133092216e-10,Center,m^2 s^-3,equal_mean_of_12_instantaneous_profiles,10800,14400,11100.0;11400.0;11700.0;12000.0;12300.0;12600.0;12900.0;13200.0;13500.0;13800.0;14100.0;14400.0
14400,381.25,resolved_tke_turbulent_transport,1.4353014728708351e-09,Center,m^2 s^-3,equal_mean_of_12_instantaneous_profiles,10800,14400,11100.0;11400.0;11700.0;12000.0;12300.0;12600.0;12900.0;13200.0;13500.0;13800.0;14100.0;14400.0
14400,393.75,resolved_tke_turbulent_transport,8.8959016657693313e-10,Center,m^2 s^-3,equal_mean_of_12_instantaneous_profiles,10800,14400,11100.0;11400.0;11700.0;12000.0;12300.0;12600.0;12900.0;13200.0;13500.0;13800.0;14100.0;14400.0
14400,406.25,resolved_tke_turbulent_transport,5.1072961600636313e-10,Center,m^2 s^-3,equal_mean_of_12_instantaneous_profiles,10800,14400,11100.0;11400.0;11700.0;12000.0;12300.0;12600.0;12900.0;13200.0;13500.0;13800.0;14100.0;14400.0
14400,418.75,resolved_tke_turbulent_transport,4.8740122007839837e-10,Center,m^2 s^-3,equal_mean_of_12_instantaneous_profiles,10800,14400,11100.0;11400.0;11700.0;12000.0;12300.0;12600.0;12900.0;13200.0;13500.0;13800.0;14100.0;14400.0
14400,431.25,resolved_tke_turbulent_transport,2.839012821128269e-11,Center,m^2 s^-3,equal_mean_of_12_instantaneous_profiles,10800,14400,11100.0;11400.0;11700.0;12000.0;12300.0;12600.0;12900.0;13200.0;13500.0;13800.0;14100.0;14400.0
14400,443.75,resolved_tke_turbulent_transport,9.291204171775943e-10,Center,m^2 s^-3,equal_mean_of_12_instantaneous_profiles,10800,14400,11100.0;11400.0;11700.0;12000.0;12300.0;12600.0;12900.0;13200.0;13500.0;13800.0;14100.0;14400.0
14400,456.25,resolved_tke_turbulent_transport,2.4713832402709543e-09,Center,m^2 s^-3,equal_mean_of_12_instantaneous_profiles,10800,14400,11100.0;11400.0;11700.0;12000.0;12300.0;12600.0;12900.0;13200.0;13500.0;13800.0;14100.0;14400.0
14400,468.75,resolved_tke_turbulent_transport,5.7168522230958508e-10,Center,m^2 s^-3,equal_mean_of_12_instantaneous_profiles,10800,14400,11100.0;11400.0;11700.0;12000.0;12300.0;12600.0;12900.0;13200.0;13500.0;13800.0;14100.0;14400.0
14400,481.25,resolved_tke_turbulent_transport,-3.0186183471817934e-10,Center,m^2 s^-3,equal_mean_of_12_instantaneous_profiles,10800,14400,11100.0;11400.0;11700.0;12000.0;12300.0;12600.0;12900.0;13200.0;13500.0;13800.0;14100.0;14400.0
14400,493.75,resolved_tke_turbulent_transport,-9.4555425295128614e-10,Center,m^2 s^-3,equal_mean_of_12_instantaneous_profiles,10800,14400,11100.0;11400.0;11700.0;12000.0;12300.0;12600.0;12900.0;13200.0;13500.0;13800.0;14100.0;14400.0
14400,506.25,resolved_tke_turbulent_transport,-6.6653950877200899e-11,Center,m^2 s^-3,equal_mean_of_12_instantaneous_profiles,10800,14400,11100.0;11400.0;11700.0;12000.0;12300.0;12600.0;12900.0;13200.0;13500.0;13800.0;14100.0;14400.0
14400,518.75,resolved_tke_turbulent_transport,1.0400682173145048e-09,Center,m^2 s^-3,equal_mean_of_12_instantaneous_profiles,10800,14400,11100.0;11400.0;11700.0;12000.0;12300.0;12600.0;12900.0;13200.0;13500.0;13800.0;14100.0;14400.0
14400,531.25,resolved_tke_turbulent_transport,-1.935756555049295e-10,Center,m^2 s^-3,equal_mean_of_12_instantaneous_profiles,10800,14400,11100.0;11400.0;11700.0;12000.0;12300.0;12600.0;12900.0;13200.0;13500.0;13800.0;14100.0;14400.0
14400,543.75,resolved_tke_turbulent_transport,-3.6211927438116001e-09,Center,m^2 s^-3,equal_mean_of_12_instantaneous_profiles,10800,14400,11100.0;11400.0;11700.0;12000.0;12300.0;12600.0;12900.0;13200.0;13500.0;13800.0;14100.0;14400.0
14400,556.25,resolved_tke_turbulent_transport,-1.3632530821798087e-08,Center,m^2 s^-3,equal_mean_of_12_instantaneous_profiles,10800,14400,11100.0;11400.0;11700.0;12000.0;12300.0;12600.0;12900.0;13200.0;13500.0;13800.0;14100.0;14400.0
14400,568.75,resolved_tke_turbulent_transport,-1.7597087324331777e-08,Center,m^2 s^-3,equal_mean_of_12_instantaneous_profiles,10800,14400,11100.0;11400.0;11700.0;12000.0;12300.0;12600.0;12900.0;13200.0;13500.0;13800.0;14100.0;14400.0
14400,581.25,resolved_tke_turbulent_transport,-2.2314598613348835e-08,Center,m^2 s^-3,equal_mean_of_12_instantaneous_profiles,10800,14400,11100.0;11400.0;11700.0;12000.0;12300.0;12600.0;12900.0;13200.0;13500.0;13800.0;14100.0;14400.0
14400,593.75,resolved_tke_turbulent_transport,1.7458067584167718e-09,Center,m^2 s^-3,equal_mean_of_12_instantaneous_profiles,10800,14400,11100.0;11400.0;11700.0;12000.0;12300.0;12600.0;12900.0;13200.0;13500.0;13800.0;14100.0;14400.0
14400,606.25,resolved_tke_turbulent_transport,2.1626818265859291e-07,Center,m^2 s^-3,equal_mean_of_12_instantaneous_profiles,10800,14400,11100.0;11400.0;11700.0;12000.0;12300.0;12600.0;12900.0;13200.0;13500.0;13800.0;14100.0;14400.0
14400,618.75,resolved_tke_turbulent_transport,1.7456108736269016e-07,Center,m^2 s^-3,equal_mean_of_12_instantaneous_profiles,10800,14400,11100.0;11400.0;11700.0;12000.0;12300.0;12600.0;12900.0;13200.0;13500.0;13800.0;14100.0;14400.0
14400,631.25,resolved_tke_turbulent_transport,1.0178401765870149e-07,Center,m^2 s^-3,equal_mean_of_12_instantaneous_profiles,10800,14400,11100.0;11400.0;11700.0;12000.0;12300.0;12600.0;12900.0;13200.0;13500.0;13800.0;14100.0;14400.0
14400,643.75,resolved_tke_turbulent_transport,5.6844288505904694e-07,Center,m^2 s^-3,equal_mean_of_12_instantaneous_profiles,10800,14400,11100.0;11400.0;11700.0;12000.0;12300.0;12600.0;12900.0;13200.0;13500.0;13800.0;14100.0;14400.0
14400,656.25,resolved_tke_turbulent_transport,-3.649490283030854e-07,Center,m^2 s^-3,equal_mean_of_12_instantaneous_profiles,10800,14400,11100.0;11400.0;11700.0;12000.0;12300.0;12600.0;12900.0;13200.0;13500.0;13800.0;14100.0;14400.0
14400,668.75,resolved_tke_turbulent_transport,-7.6644514024337695e-07,Center,m^2 s^-3,equal_mean_of_12_instantaneous_profiles,10800,14400,11100.0;11400.0;11700.0;12000.0;12300.0;12600.0;12900.0;13200.0;13500.0;13800.0;14100.0;14400.0
14400,681.25,resolved_tke_turbulent_transport,-3.9907256403163654e-07,Center,m^2 s^-3,equal_mean_of_12_instantaneous_profiles,10800,14400,11100.0;11400.0;11700.0;12000.0;12300.0;12600.0;12900.0;13200.0;13500.0;13800.0;14100.0;14400.0
14400,693.75,resolved_tke_turbulent_transport,-2.312043889673987e-07,Center,m^2 s^-3,equal_mean_of_12_instantaneous_profiles,10800,14400,11100.0;11400.0;11700.0;12000.0;12300.0;12600.0;12900.0;13200.0;13500.0;13800.0;14100.0;14400.0
14400,706.25,resolved_tke_turbulent_transport,3.293668692598099e-07,Center,m^2 s^-3,equal_mean_of_12_instantaneous_profiles,10800,14400,11100.0;11400.0;11700.0;12000.0;12300.0;12600.0;12900.0;13200.0;13500.0;13800.0;14100.0;14400.0
14400,718.75,resolved_tke_turbulent_transport,1.2105097842625886e-07,Center,m^2 s^-3,equal_mean_of_12_instantaneous_profiles,10800,14400,11100.0;11400.0;11700.0;12000.0;12300.0;12600.0;12900.0;13200.0;13500.0;13800.0;14100.0;14400.0
14400,731.25,resolved_tke_turbulent_transport,2.0644859866081333e-07,Center,m^2 s^-3,equal_mean_of_12_instantaneous_profiles,10800,14400,11100.0;11400.0;11700.0;12000.0;12300.0;12600.0;12900.0;13200.0;13500.0;13800.0;14100.0;14400.0
14400,743.75,resolved_tke_turbulent_transport,7.3620407372206501e-08,Center,m^2 s^-3,equal_mean_of_12_instantaneous_profiles,10800,14400,11100.0;11400.0;11700.0;12000.0;12300.0;12600.0;12900.0;13200.0;13500.0;13800.0;14100.0;14400.0
14400,756.25,resolved_tke_turbulent_transport,2.1222809842846857e-08,Center,m^2 s^-3,equal_mean_of_12_instantaneous_profiles,10800,14400,11100.0;11400.0;11700.0;12000.0;12300.0;12600.0;12900.0;13200.0;13500.0;13800.0;14100.0;14400.0
14400,768.75,resolved_tke_turbulent_transport,-1.1312278891395522e-10,Center,m^2 s^-3,equal_mean_of_12_instantaneous_profiles,10800,14400,11100.0;11400.0;11700.0;12000.0;12300.0;12600.0;12900.0;13200.0;13500.0;13800.0;14100.0;14400.0
14400,781.25,resolved_tke_turbulent_transport,-3.5379655941025767e-09,Center,m^2 s^-3,equal_mean_of_12_instantaneous_profiles,10800,14400,11100.0;11400.0;11700.0;12000.0;12300.0;12600.0;12900.0;13200.0;13500.0;13800.0;14100.0;14400.0
14400,793.75,resolved_tke_turbulent_transport,-1.3070693925347026e-09,Center,m^2 s^-3,equal_mean_of_12_instantaneous_profiles,10800,14400,11100.0;11400.0;11700.0;12000.0;12300.0;12600.0;12900.0;13200.0;13500.0;13800.0;14100.0;14400.0
14400,0,resolved_u_w_flux,0,Face,m^2 s^-2,equal_mean_of_12_instantaneous_profiles,10800,14400,11100.0;11400.0;11700.0;12000.0;12300.0;12600.0;12900.0;13200.0;13500.0;13800.0;14100.0;14400.0
14400,12.5,resolved_u_w_flux,-0.00022345025718095712,Face,m^2 s^-2,equal_mean_of_12_instantaneous_profiles,10800,14400,11100.0;11400.0;11700.0;12000.0;12300.0;12600.0;12900.0;13200.0;13500.0;13800.0;14100.0;14400.0
14400,25,resolved_u_w_flux,-2.6962942077564853e-06,Face,m^2 s^-2,equal_mean_of_12_instantaneous_profiles,10800,14400,11100.0;11400.0;11700.0;12000.0;12300.0;12600.0;12900.0;13200.0;13500.0;13800.0;14100.0;14400.0
14400,37.5,resolved_u_w_flux,0.0070402038982138038,Face,m^2 s^-2,equal_mean_of_12_instantaneous_profiles,10800,14400,11100.0;11400.0;11700.0;12000.0;12300.0;12600.0;12900.0;13200.0;13500.0;13800.0;14100.0;14400.0
14400,50,resolved_u_w_flux,0.012269928042466441,Face,m^2 s^-2,equal_mean_of_12_instantaneous_profiles,10800,14400,11100.0;11400.0;11700.0;12000.0;12300.0;12600.0;12900.0;13200.0;13500.0;13800.0;14100.0;14400.0
14400,62.5,resolved_u_w_flux,0.0069671062519773841,Face,m^2 s^-2,equal_mean_of_12_instantaneous_profiles,10800,14400,11100.0;11400.0;11700.0;12000.0;12300.0;12600.0;12900.0;13200.0;13500.0;13800.0;14100.0;14400.0
14400,75,resolved_u_w_flux,0.0035261556137508401,Face,m^2 s^-2,equal_mean_of_12_instantaneous_profiles,10800,14400,11100.0;11400.0;11700.0;12000.0;12300.0;12600.0;12900.0;13200.0;13500.0;13800.0;14100.0;14400.0
14400,87.5,resolved_u_w_flux,0.0017113324623399724,Face,m^2 s^-2,equal_mean_of_12_instantaneous_profiles,10800,14400,11100.0;11400.0;11700.0;12000.0;12300.0;12600.0;12900.0;13200.0;13500.0;13800.0;14100.0;14400.0
14400,100,resolved_u_w_flux,0.0010378005657306251,Face,m^2 s^-2,equal_mean_of_12_instantaneous_profiles,10800,14400,11100.0;11400.0;11700.0;12000.0;12300.0;12600.0;12900.0;13200.0;13500.0;13800.0;14100.0;14400.0
14400,112.5,resolved_u_w_flux,0.00059427310043247417,Face,m^2 s^-2,equal_mean_of_12_instantaneous_profiles,10800,14400,11100.0;11400.0;11700.0;12000.0;12300.0;12600.0;12900.0;13200.0;13500.0;13800.0;14100.0;14400.0
14400,125,resolved_u_w_flux,0.00051127691373646178,Face,m^2 s^-2,equal_mean_of_12_instantaneous_profiles,10800,14400,11100.0;11400.0;11700.0;12000.0;12300.0;12600.0;12900.0;13200.0;13500.0;13800.0;14100.0;14400.0
14400,137.5,resolved_u_w_flux,0.00028515403270527412,Face,m^2 s^-2,equal_mean_of_12_instantaneous_profiles,10800,14400,11100.0;11400.0;11700.0;12000.0;12300.0;12600.0;12900.0;13200.0;13500.0;13800.0;14100.0;14400.0
14400,150,resolved_u_w_flux,-0.0003251913731219247,Face,m^2 s^-2,equal_mean_of_12_instantaneous_profiles,10800,14400,11100.0;11400.0;11700.0;12000.0;12300.0;12600.0;12900.0;13200.0;13500.0;13800.0;14100.0;14400.0
14400,162.5,resolved_u_w_flux,-0.00032560886756982654,Face,m^2 s^-2,equal_mean_of_12_instantaneous_profiles,10800,14400,11100.0;11400.0;11700.0;12000.0;12300.0;12600.0;12900.0;13200.0;13500.0;13800.0;14100.0;14400.0
14400,175,resolved_u_w_flux,0.00025206107178140275,Face,m^2 s^-2,equal_mean_of_12_instantaneous_profiles,10800,14400,11100.0;11400.0;11700.0;12000.0;12300.0;12600.0;12900.0;13200.0;13500.0;13800.0;14100.0;14400.0
14400,187.5,resolved_u_w_flux,0.00040331650719357032,Face,m^2 s^-2,equal_mean_of_12_instantaneous_profiles,10800,14400,11100.0;11400.0;11700.0;12000.0;12300.0;12600.0;12900.0;13200.0;13500.0;13800.0;14100.0;14400.0
14400,200,resolved_u_w_flux,0.00019047494606638793,Face,m^2 s^-2,equal_mean_of_12_instantaneous_profiles,10800,14400,11100.0;11400.0;11700.0;12000.0;12300.0;12600.0;12900.0;13200.0;13500.0;13800.0;14100.0;14400.0
14400,212.5,resolved_u_w_flux,5.5398765653080773e-05,Face,m^2 s^-2,equal_mean_of_12_instantaneous_profiles,10800,14400,11100.0;11400.0;11700.0;12000.0;12300.0;12600.0;12900.0;13200.0;13500.0;13800.0;14100.0;14400.0
14400,225,resolved_u_w_flux,3.7613557272682861e-05,Face,m^2 s^-2,equal_mean_of_12_instantaneous_profiles,10800,14400,11100.0;11400.0;11700.0;12000.0;12300.0;12600.0;12900.0;13200.0;13500.0;13800.0;14100.0;14400.0
14400,237.5,resolved_u_w_flux,2.9737192486815427e-05,Face,m^2 s^-2,equal_mean_of_12_instantaneous_profiles,10800,14400,11100.0;11400.0;11700.0;12000.0;12300.0;12600.0;12900.0;13200.0;13500.0;13800.0;14100.0;14400.0
14400,250,resolved_u_w_flux,2.6281509690306848e-05,Face,m^2 s^-2,equal_mean_of_12_instantaneous_profiles,10800,14400,11100.0;11400.0;11700.0;12000.0;12300.0;12600.0;12900.0;13200.0;13500.0;13800.0;14100.0;14400.0
14400,262.5,resolved_u_w_flux,2.4589677991571079e-05,Face,m^2 s^-2,equal_mean_of_12_instantaneous_profiles,10800,14400,11100.0;11400.0;11700.0;12000.0;12300.0;12600.0;12900.0;13200.0;13500.0;13800.0;14100.0;14400.0
14400,275,resolved_u_w_flux,2.4108566511434521e-05,Face,m^2 s^-2,equal_mean_of_12_instantaneous_profiles,10800,14400,11100.0;11400.0;11700.0;12000.0;12300.0;12600.0;12900.0;13200.0;13500.0;13800.0;14100.0;14400.0
14400,287.5,resolved_u_w_flux,2.3886953063841549e-05,Face,m^2 s^-2,equal_mean_of_12_instantaneous_profiles,10800,14400,11100.0;11400.0;11700.0;12000.0;12300.0;12600.0;12900.0;13200.0;13500.0;13800.0;14100.0;14400.0
14400,300,resolved_u_w_flux,2.4173833764962183e-05,Face,m^2 s^-2,equal_mean_of_12_instantaneous_profiles,10800,14400,11100.0;11400.0;11700.0;12000.0;12300.0;12600.0;12900.0;13200.0;13500.0;13800.0;14100.0;14400.0
14400,312.5,resolved_u_w_flux,2.5273948703367449e-05,Face,m^2 s^-2,equal_mean_of_12_instantaneous_profiles,10800,14400,11100.0;11400.0;11700.0;12000.0;12300.0;12600.0;12900.0;13200.0;13500.0;13800.0;14100.0;14400.0
14400,325,resolved_u_w_flux,2.4201220999960544e-05,Face,m^2 s^-2,equal_mean_of_12_instantaneous_profiles,10800,14400,11100.0;11400.0;11700.0;12000.0;12300.0;12600.0;12900.0;13200.0;13500.0;13800.0;14100.0;14400.0
14400,337.5,resolved_u_w_flux,2.215280490721246e-05,Face,m^2 s^-2,equal_mean_of_12_instantaneous_profiles,10800,14400,11100.0;11400.0;11700.0;12000.0;12300.0;12600.0;12900.0;13200.0;13500.0;13800.0;14100.0;14400.0
14400,350,resolved_u_w_flux,2.1502292838704307e-05,Face,m^2 s^-2,equal_mean_of_12_instantaneous_profiles,10800,14400,11100.0;11400.0;11700.0;12000.0;12300.0;12600.0;12900.0;13200.0;13500.0;13800.0;14100.0;14400.0
14400,362.5,resolved_u_w_flux,2.0721611804219719e-05,Face,m^2 s^-2,equal_mean_of_12_instantaneous_profiles,10800,14400,11100.0;11400.0;11700.0;12000.0;12300.0;12600.0;12900.0;13200.0;13500.0;13800.0;14100.0;14400.0
14400,375,resolved_u_w_flux,2.0017757890400389e-05,Face,m^2 s^-2,equal_mean_of_12_instantaneous_profiles,10800,14400,11100.0;11400.0;11700.0;12000.0;12300.0;12600.0;12900.0;13200.0;13500.0;13800.0;14100.0;14400.0
14400,387.5,resolved_u_w_flux,2.0168120083023194e-05,Face,m^2 s^-2,equal_mean_of_12_instantaneous_profiles,10800,14400,11100.0;11400.0;11700.0;12000.0;12300.0;12600.0;12900.0;13200.0;13500.0;13800.0;14100.0;14400.0
14400,400,resolved_u_w_flux,2.0539757315418683e-05,Face,m^2 s^-2,equal_mean_of_12_instantaneous_profiles,10800,14400,11100.0;11400.0;11700.0;12000.0;12300.0;12600.0;12900.0;13200.0;13500.0;13800.0;14100.0;14400.0
14400,412.5,resolved_u_w_flux,1.9767579184796585e-05,Face,m^2 s^-2,equal_mean_of_12_instantaneous_profiles,10800,14400,11100.0;11400.0;11700.0;12000.0;12300.0;12600.0;12900.0;13200.0;13500.0;13800.0;14100.0;14400.0
14400,425,resolved_u_w_flux,1.912939678542595e-05,Face,m^2 s^-2,equal_mean_of_12_instantaneous_profiles,10800,14400,11100.0;11400.0;11700.0;12000.0;12300.0;12600.0;12900.0;13200.0;13500.0;13800.0;14100.0;14400.0
14400,437.5,resolved_u_w_flux,1.9676275333798305e-05,Face,m^2 s^-2,equal_mean_of_12_instantaneous_profiles,10800,14400,11100.0;11400.0;11700.0;12000.0;12300.0;12600.0;12900.0;13200.0;13500.0;13800.0;14100.0;14400.0
14400,450,resolved_u_w_flux,1.9551979666706149e-05,Face,m^2 s^-2,equal_mean_of_12_instantaneous_profiles,10800,14400,11100.0;11400.0;11700.0;12000.0;12300.0;12600.0;12900.0;13200.0;13500.0;13800.0;14100.0;14400.0
14400,462.5,resolved_u_w_flux,1.9088737966891738e-05,Face,m^2 s^-2,equal_mean_of_12_instantaneous_profiles,10800,14400,11100.0;11400.0;11700.0;12000.0;12300.0;12600.0;12900.0;13200.0;13500.0;13800.0;14100.0;14400.0
14400,475,resolved_u_w_flux,1.9052134348385152e-05,Face,m^2 s^-2,equal_mean_of_12_instantaneous_profiles,10800,14400,11100.0;11400.0;11700.0;12000.0;12300.0;12600.0;12900.0;13200.0;13500.0;13800.0;14100.0;14400.0
14400,487.5,resolved_u_w_flux,1.8614105490163031e-05,Face,m^2 s^-2,equal_mean_of_12_instantaneous_profiles,10800,14400,11100.0;11400.0;11700.0;12000.0;12300.0;12600.0;12900.0;13200.0;13500.0;13800.0;14100.0;14400.0
14400,500,resolved_u_w_flux,1.8434399673121032e-05,Face,m^2 s^-2,equal_mean_of_12_instantaneous_profiles,10800,14400,11100.0;11400.0;11700.0;12000.0;12300.0;12600.0;12900.0;13200.0;13500.0;13800.0;14100.0;14400.0
14400,512.5,resolved_u_w_flux,1.8238473804406869e-05,Face,m^2 s^-2,equal_mean_of_12_instantaneous_profiles,10800,14400,11100.0;11400.0;11700.0;12000.0;12300.0;12600.0;12900.0;13200.0;13500.0;13800.0;14100.0;14400.0
14400,525,resolved_u_w_flux,1.8744418203671859e-05,Face,m^2 s^-2,equal_mean_of_12_instantaneous_profiles,10800,14400,11100.0;11400.0;11700.0;12000.0;12300.0;12600.0;12900.0;13200.0;13500.0;13800.0;14100.0;14400.0
14400,537.5,resolved_u_w_flux,1.7258040467519702e-05,Face,m^2 s^-2,equal_mean_of_12_instantaneous_profiles,10800,14400,11100.0;11400.0;11700.0;12000.0;12300.0;12600.0;12900.0;13200.0;13500.0;13800.0;14100.0;14400.0
14400,550,resolved_u_w_flux,1.6134583537071496e-05,Face,m^2 s^-2,equal_mean_of_12_instantaneous_profiles,10800,14400,11100.0;11400.0;11700.0;12000.0;12300.0;12600.0;12900.0;13200.0;13500.0;13800.0;14100.0;14400.0
14400,562.5,resolved_u_w_flux,1.7356341080206523e-05,Face,m^2 s^-2,equal_mean_of_12_instantaneous_profiles,10800,14400,11100.0;11400.0;11700.0;12000.0;12300.0;12600.0;12900.0;13200.0;13500.0;13800.0;14100.0;14400.0
14400,575,resolved_u_w_flux,1.9127416957568737e-05,Face,m^2 s^-2,equal_mean_of_12_instantaneous_profiles,10800,14400,11100.0;11400.0;11700.0;12000.0;12300.0;12600.0;12900.0;13200.0;13500.0;13800.0;14100.0;14400.0
14400,587.5,resolved_u_w_flux,1.9286542775868536e-05,Face,m^2 s^-2,equal_mean_of_12_instantaneous_profiles,10800,14400,11100.0;11400.0;11700.0;12000.0;12300.0;12600.0;12900.0;13200.0;13500.0;13800.0;14100.0;14400.0
14400,600,resolved_u_w_flux,3.1978432616597274e-05,Face,m^2 s^-2,equal_mean_of_12_instantaneous_profiles,10800,14400,11100.0;11400.0;11700.0;12000.0;12300.0;12600.0;12900.0;13200.0;13500.0;13800.0;14100.0;14400.0
14400,612.5,resolved_u_w_flux,9.5732084446353838e-05,Face,m^2 s^-2,equal_mean_of_12_instantaneous_profiles,10800,14400,11100.0;11400.0;11700.0;12000.0;12300.0;12600.0;12900.0;13200.0;13500.0;13800.0;14100.0;14400.0
14400,625,resolved_u_w_flux,0.00018116209806369929,Face,m^2 s^-2,equal_mean_of_12_instantaneous_profiles,10800,14400,11100.0;11400.0;11700.0;12000.0;12300.0;12600.0;12900.0;13200.0;13500.0;13800.0;14100.0;14400.0
14400,637.5,resolved_u_w_flux,0.00023830142102572913,Face,m^2 s^-2,equal_mean_of_12_instantaneous_profiles,10800,14400,11100.0;11400.0;11700.0;12000.0;12300.0;12600.0;12900.0;13200.0;13500.0;13800.0;14100.0;14400.0
14400,650,resolved_u_w_flux,0.00028785429458366707,Face,m^2 s^-2,equal_mean_of_12_instantaneous_profiles,10800,14400,11100.0;11400.0;11700.0;12000.0;12300.0;12600.0;12900.0;13200.0;13500.0;13800.0;14100.0;14400.0
14400,662.5,resolved_u_w_flux,0.00032616461370101507,Face,m^2 s^-2,equal_mean_of_12_instantaneous_profiles,10800,14400,11100.0;11400.0;11700.0;12000.0;12300.0;12600.0;12900.0;13200.0;13500.0;13800.0;14100.0;14400.0
14400,675,resolved_u_w_flux,0.00034721273671796854,Face,m^2 s^-2,equal_mean_of_12_instantaneous_profiles,10800,14400,11100.0;11400.0;11700.0;12000.0;12300.0;12600.0;12900.0;13200.0;13500.0;13800.0;14100.0;14400.0
14400,687.5,resolved_u_w_flux,0.00032737555496472243,Face,m^2 s^-2,equal_mean_of_12_instantaneous_profiles,10800,14400,11100.0;11400.0;11700.0;12000.0;12300.0;12600.0;12900.0;13200.0;13500.0;13800.0;14100.0;14400.0
14400,700,resolved_u_w_flux,0.00029373774365618982,Face,m^2 s^-2,equal_mean_of_12_instantaneous_profiles,10800,14400,11100.0;11400.0;11700.0;12000.0;12300.0;12600.0;12900.0;13200.0;13500.0;13800.0;14100.0;14400.0
14400,712.5,resolved_u_w_flux,0.00017669582060383013,Face,m^2 s^-2,equal_mean_of_12_instantaneous_profiles,10800,14400,11100.0;11400.0;11700.0;12000.0;12300.0;12600.0;12900.0;13200.0;13500.0;13800.0;14100.0;14400.0
14400,725,resolved_u_w_flux,8.9789609470850948e-05,Face,m^2 s^-2,equal_mean_of_12_instantaneous_profiles,10800,14400,11100.0;11400.0;11700.0;12000.0;12300.0;12600.0;12900.0;13200.0;13500.0;13800.0;14100.0;14400.0
14400,737.5,resolved_u_w_flux,3.776701729899893e-05,Face,m^2 s^-2,equal_mean_of_12_instantaneous_profiles,10800,14400,11100.0;11400.0;11700.0;12000.0;12300.0;12600.0;12900.0;13200.0;13500.0;13800.0;14100.0;14400.0
14400,750,resolved_u_w_flux,2.1347888681096567e-05,Face,m^2 s^-2,equal_mean_of_12_instantaneous_profiles,10800,14400,11100.0;11400.0;11700.0;12000.0;12300.0;12600.0;12900.0;13200.0;13500.0;13800.0;14100.0;14400.0
14400,762.5,resolved_u_w_flux,1.6287527898839471e-05,Face,m^2 s^-2,equal_mean_of_12_instantaneous_profiles,10800,14400,11100.0;11400.0;11700.0;12000.0;12300.0;12600.0;12900.0;13200.0;13500.0;13800.0;14100.0;14400.0
14400,775,resolved_u_w_flux,8.3456778744069506e-06,Face,m^2 s^-2,equal_mean_of_12_instantaneous_profiles,10800,14400,11100.0;11400.0;11700.0;12000.0;12300.0;12600.0;12900.0;13200.0;13500.0;13800.0;14100.0;14400.0
14400,787.5,resolved_u_w_flux,1.8706789148836833e-06,Face,m^2 s^-2,equal_mean_of_12_instantaneous_profiles,10800,14400,11100.0;11400.0;11700.0;12000.0;12300.0;12600.0;12900.0;13200.0;13500.0;13800.0;14100.0;14400.0
14400,800,resolved_u_w_flux,0,Face,m^2 s^-2,equal_mean_of_12_instantaneous_profiles,10800,14400,11100.0;11400.0;11700.0;12000.0;12300.0;12600.0;12900.0;13200.0;13500.0;13800.0;14100.0;14400.0
14400,0,resolved_v_w_flux,0,Face,m^2 s^-2,equal_mean_of_12_instantaneous_profiles,10800,14400,11100.0;11400.0;11700.0;12000.0;12300.0;12600.0;12900.0;13200.0;13500.0;13800.0;14100.0;14400.0
14400,12.5,resolved_v_w_flux,3.7649683690688107e-06,Face,m^2 s^-2,equal_mean_of_12_instantaneous_profiles,10800,14400,11100.0;11400.0;11700.0;12000.0;12300.0;12600.0;12900.0;13200.0;13500.0;13800.0;14100.0;14400.0
14400,25,resolved_v_w_flux,-0.0001145237686917729,Face,m^2 s^-2,equal_mean_of_12_instantaneous_profiles,10800,14400,11100.0;11400.0;11700.0;12000.0;12300.0;12600.0;12900.0;13200.0;13500.0;13800.0;14100.0;14400.0
14400,37.5,resolved_v_w_flux,-0.0027169594735217593,Face,m^2 s^-2,equal_mean_of_12_instantaneous_profiles,10800,14400,11100.0;11400.0;11700.0;12000.0;12300.0;12600.0;12900.0;13200.0;13500.0;13800.0;14100.0;14400.0
14400,50,resolved_v_w_flux,-0.0050811679102480412,Face,m^2 s^-2,equal_mean_of_12_instantaneous_profiles,10800,14400,11100.0;11400.0;11700.0;12000.0;12300.0;12600.0;12900.0;13200.0;13500.0;13800.0;14100.0;14400.0
14400,62.5,resolved_v_w_flux,-0.0046688784883978469,Face,m^2 s^-2,equal_mean_of_12_instantaneous_profiles,10800,14400,11100.0;11400.0;11700.0;12000.0;12300.0;12600.0;12900.0;13200.0;13500.0;13800.0;14100.0;14400.0
14400,75,resolved_v_w_flux,-0.0036399431313232831,Face,m^2 s^-2,equal_mean_of_12_instantaneous_profiles,10800,14400,11100.0;11400.0;11700.0;12000.0;12300.0;12600.0;12900.0;13200.0;13500.0;13800.0;14100.0;14400.0
14400,87.5,resolved_v_w_flux,-0.0023488000054688505,Face,m^2 s^-2,equal_mean_of_12_instantaneous_profiles,10800,14400,11100.0;11400.0;11700.0;12000.0;12300.0;12600.0;12900.0;13200.0;13500.0;13800.0;14100.0;14400.0
14400,100,resolved_v_w_flux,-0.001665233685343992,Face,m^2 s^-2,equal_mean_of_12_instantaneous_profiles,10800,14400,11100.0;11400.0;11700.0;12000.0;12300.0;12600.0;12900.0;13200.0;13500.0;13800.0;14100.0;14400.0
14400,112.5,resolved_v_w_flux,-0.0013143666995650467,Face,m^2 s^-2,equal_mean_of_12_instantaneous_profiles,10800,14400,11100.0;11400.0;11700.0;12000.0;12300.0;12600.0;12900.0;13200.0;13500.0;13800.0;14100.0;14400.0
14400,125,resolved_v_w_flux,-0.00097376695096803212,Face,m^2 s^-2,equal_mean_of_12_instantaneous_profiles,10800,14400,11100.0;11400.0;11700.0;12000.0;12300.0;12600.0;12900.0;13200.0;13500.0;13800.0;14100.0;14400.0
14400,137.5,resolved_v_w_flux,-0.00074091422720812261,Face,m^2 s^-2,equal_mean_of_12_instantaneous_profiles,10800,14400,11100.0;11400.0;11700.0;12000.0;12300.0;12600.0;12900.0;13200.0;13500.0;13800.0;14100.0;14400.0
14400,150,resolved_v_w_flux,-0.00080477271815955953,Face,m^2 s^-2,equal_mean_of_12_instantaneous_profiles,10800,14400,11100.0;11400.0;11700.0;12000.0;12300.0;12600.0;12900.0;13200.0;13500.0;13800.0;14100.0;14400.0
14400,162.5,resolved_v_w_flux,-0.00044670231606384431,Face,m^2 s^-2,equal_mean_of_12_instantaneous_profiles,10800,14400,11100.0;11400.0;11700.0;12000.0;12300.0;12600.0;12900.0;13200.0;13500.0;13800.0;14100.0;14400.0
14400,175,resolved_v_w_flux,-0.00012070496844292695,Face,m^2 s^-2,equal_mean_of_12_instantaneous_profiles,10800,14400,11100.0;11400.0;11700.0;12000.0;12300.0;12600.0;12900.0;13200.0;13500.0;13800.0;14100.0;14400.0
14400,187.5,resolved_v_w_flux,-0.00010571517941571074,Face,m^2 s^-2,equal_mean_of_12_instantaneous_profiles,10800,14400,11100.0;11400.0;11700.0;12000.0;12300.0;12600.0;12900.0;13200.0;13500.0;13800.0;14100.0;14400.0
14400,200,resolved_v_w_flux,-0.00010545938130235299,Face,m^2 s^-2,equal_mean_of_12_instantaneous_profiles,10800,14400,11100.0;11400.0;11700.0;12000.0;12300.0;12600.0;12900.0;13200.0;13500.0;13800.0;14100.0;14400.0
14400,212.5,resolved_v_w_flux,-2.694779307906477e-05,Face,m^2 s^-2,equal_mean_of_12_instantaneous_profiles,10800,14400,11100.0;11400.0;11700.0;12000.0;12300.0;12600.0;12900.0;13200.0;13500.0;13800.0;14100.0;14400.0
14400,225,resolved_v_w_flux,-2.2242441067040392e-05,Face,m^2 s^-2,equal_mean_of_12_instantaneous_profiles,10800,14400,11100.0;11400.0;11700.0;12000.0;12300.0;12600.0;12900.0;13200.0;13500.0;13800.0;14100.0;14400.0
14400,237.5,resolved_v_w_flux,-1.5227095294297518e-05,Face,m^2 s^-2,equal_mean_of_12_instantaneous_profiles,10800,14400,11100.0;11400.0;11700.0;12000.0;12300.0;12600.0;12900.0;13200.0;13500.0;13800.0;14100.0;14400.0
14400,250,resolved_v_w_flux,-1.6217553517587174e-05,Face,m^2 s^-2,equal_mean_of_12_instantaneous_profiles,10800,14400,11100.0;11400.0;11700.0;12000.0;12300.0;12600.0;12900.0;13200.0;13500.0;13800.0;14100.0;14400.0
14400,262.5,resolved_v_w_flux,-1.5232378549020117e-05,Face,m^2 s^-2,equal_mean_of_12_instantaneous_profiles,10800,14400,11100.0;11400.0;11700.0;12000.0;12300.0;12600.0;12900.0;13200.0;13500.0;13800.0;14100.0;14400.0
14400,275,resolved_v_w_flux,-1.0183414152227973e-05,Face,m^2 s^-2,equal_mean_of_12_instantaneous_profiles,10800,14400,11100.0;11400.0;11700.0;12000.0;12300.0;12600.0;12900.0;13200.0;13500.0;13800.0;14100.0;14400.0
14400,287.5,resolved_v_w_flux,-6.2464371097803451e-06,Face,m^2 s^-2,equal_mean_of_12_instantaneous_profiles,10800,14400,11100.0;11400.0;11700.0;12000.0;12300.0;12600.0;12900.0;13200.0;13500.0;13800.0;14100.0;14400.0
14400,300,resolved_v_w_flux,-4.543650135246935e-06,Face,m^2 s^-2,equal_mean_of_12_instantaneous_profiles,10800,14400,11100.0;11400.0;11700.0;12000.0;12300.0;12600.0;12900.0;13200.0;13500.0;13800.0;14100.0;14400.0
14400,312.5,resolved_v_w_flux,-5.2779474515318725e-06,Face,m^2 s^-2,equal_mean_of_12_instantaneous_profiles,10800,14400,11100.0;11400.0;11700.0;12000.0;12300.0;12600.0;12900.0;13200.0;13500.0;13800.0;14100.0;14400.0
14400,325,resolved_v_w_flux,-5.58287409546665e-06,Face,m^2 s^-2,equal_mean_of_12_instantaneous_profiles,10800,14400,11100.0;11400.0;11700.0;12000.0;12300.0;12600.0;12900.0;13200.0;13500.0;13800.0;14100.0;14400.0
14400,337.5,resolved_v_w_flux,-4.5801304319563014e-06,Face,m^2 s^-2,equal_mean_of_12_instantaneous_profiles,10800,14400,11100.0;11400.0;11700.0;12000.0;12300.0;12600.0;12900.0;13200.0;13500.0;13800.0;14100.0;14400.0
14400,350,resolved_v_w_flux,-3.4793333038389087e-06,Face,m^2 s^-2,equal_mean_of_12_instantaneous_profiles,10800,14400,11100.0;11400.0;11700.0;12000.0;12300.0;12600.0;12900.0;13200.0;13500.0;13800.0;14100.0;14400.0
14400,362.5,resolved_v_w_flux,-2.6623371619886407e-06,Face,m^2 s^-2,equal_mean_of_12_instantaneous_profiles,10800,14400,11100.0;11400.0;11700.0;12000.0;12300.0;12600.0;12900.0;13200.0;13500.0;13800.0;14100.0;14400.0
14400,375,resolved_v_w_flux,-2.0746059684976594e-06,Face,m^2 s^-2,equal_mean_of_12_instantaneous_profiles,10800,14400,11100.0;11400.0;11700.0;12000.0;12300.0;12600.0;12900.0;13200.0;13500.0;13800.0;14100.0;14400.0
14400,387.5,resolved_v_w_flux,-1.4408412406889208e-06,Face,m^2 s^-2,equal_mean_of_12_instantaneous_profiles,10800,14400,11100.0;11400.0;11700.0;12000.0;12300.0;12600.0;12900.0;13200.0;13500.0;13800.0;14100.0;14400.0
14400,400,resolved_v_w_flux,-1.1653665505188353e-06,Face,m^2 s^-2,equal_mean_of_12_instantaneous_profiles,10800,14400,11100.0;11400.0;11700.0;12000.0;12300.0;12600.0;12900.0;13200.0;13500.0;13800.0;14100.0;14400.0
14400,412.5,resolved_v_w_flux,-1.1491037644380715e-06,Face,m^2 s^-2,equal_mean_of_12_instantaneous_profiles,10800,14400,11100.0;11400.0;11700.0;12000.0;12300.0;12600.0;12900.0;13200.0;13500.0;13800.0;14100.0;14400.0
14400,425,resolved_v_w_flux,-9.9370185324687554e-07,Face,m^2 s^-2,equal_mean_of_12_instantaneous_profiles,10800,14400,11100.0;11400.0;11700.0;12000.0;12300.0;12600.0;12900.0;13200.0;13500.0;13800.0;14100.0;14400.0
14400,437.5,resolved_v_w_flux,-1.9850781995955913e-07,Face,m^2 s^-2,equal_mean_of_12_instantaneous_profiles,10800,14400,11100.0;11400.0;11700.0;12000.0;12300.0;12600.0;12900.0;13200.0;13500.0;13800.0;14100.0;14400.0
14400,450,resolved_v_w_flux,2.6687805150989635e-07,Face,m^2 s^-2,equal_mean_of_12_instantaneous_profiles,10800,14400,11100.0;11400.0;11700.0;12000.0;12300.0;12600.0;12900.0;13200.0;13500.0;13800.0;14100.0;14400.0
14400,462.5,resolved_v_w_flux,1.1378566947920869e-07,Face,m^2 s^-2,equal_mean_of_12_instantaneous_profiles,10800,14400,11100.0;11400.0;11700.0;12000.0;12300.0;12600.0;12900.0;13200.0;13500.0;13800.0;14100.0;14400.0
14400,475,resolved_v_w_flux,1.1998169687406819e-06,Face,m^2 s^-2,equal_mean_of_12_instantaneous_profiles,10800,14400,11100.0;11400.0;11700.0;12000.0;12300.0;12600.0;12900.0;13200.0;13500.0;13800.0;14100.0;14400.0
14400,487.5,resolved_v_w_flux,2.499110659452223e-06,Face,m^2 s^-2,equal_mean_of_12_instantaneous_profiles,10800,14400,11100.0;11400.0;11700.0;12000.0;12300.0;12600.0;12900.0;13200.0;13500.0;13800.0;14100.0;14400.0
14400,500,resolved_v_w_flux,1.1505491954721947e-06,Face,m^2 s^-2,equal_mean_of_12_instantaneous_profiles,10800,14400,11100.0;11400.0;11700.0;12000.0;12300.0;12600.0;12900.0;13200.0;13500.0;13800.0;14100.0;14400.0
14400,512.5,resolved_v_w_flux,3.3181021308337222e-07,Face,m^2 s^-2,equal_mean_of_12_instantaneous_profiles,10800,14400,11100.0;11400.0;11700.0;12000.0;12300.0;12600.0;12900.0;13200.0;13500.0;13800.0;14100.0;14400.0
14400,525,resolved_v_w_flux,7.3368143678938702e-07,Face,m^2 s^-2,equal_mean_of_12_instantaneous_profiles,10800,14400,11100.0;11400.0;11700.0;12000.0;12300.0;12600.0;12900.0;13200.0;13500.0;13800.0;14100.0;14400.0
14400,537.5,resolved_v_w_flux,8.1677082638028275e-07,Face,m^2 s^-2,equal_mean_of_12_instantaneous_profiles,10800,14400,11100.0;11400.0;11700.0;12000.0;12300.0;12600.0;12900.0;13200.0;13500.0;13800.0;14100.0;14400.0
14400,550,resolved_v_w_flux,-1.5151350680753239e-06,Face,m^2 s^-2,equal_mean_of_12_instantaneous_profiles,10800,14400,11100.0;11400.0;11700.0;12000.0;12300.0;12600.0;12900.0;13200.0;13500.0;13800.0;14100.0;14400.0
14400,562.5,resolved_v_w_flux,3.0954845442465739e-07,Face,m^2 s^-2,equal_mean_of_12_instantaneous_profiles,10800,14400,11100.0;11400.0;11700.0;12000.0;12300.0;12600.0;12900.0;13200.0;13500.0;13800.0;14100.0;14400.0
14400,575,resolved_v_w_flux,7.0776733688641498e-06,Face,m^2 s^-2,equal_mean_of_12_instantaneous_profiles,10800,14400,11100.0;11400.0;11700.0;12000.0;12300.0;12600.0;12900.0;13200.0;13500.0;13800.0;14100.0;14400.0
14400,587.5,resolved_v_w_flux,1.3932788912522179e-05,Face,m^2 s^-2,equal_mean_of_12_instantaneous_profiles,10800,14400,11100.0;11400.0;11700.0;12000.0;12300.0;12600.0;12900.0;13200.0;13500.0;13800.0;14100.0;14400.0
14400,600,resolved_v_w_flux,3.4032687002157523e-05,Face,m^2 s^-2,equal_mean_of_12_instantaneous_profiles,10800,14400,11100.0;11400.0;11700.0;12000.0;12300.0;12600.0;12900.0;13200.0;13500.0;13800.0;14100.0;14400.0
14400,612.5,resolved_v_w_flux,0.00014272537252206044,Face,m^2 s^-2,equal_mean_of_12_instantaneous_profiles,10800,14400,11100.0;11400.0;11700.0;12000.0;12300.0;12600.0;12900.0;13200.0;13500.0;13800.0;14100.0;14400.0
14400,625,resolved_v_w_flux,0.00033220733773002092,Face,m^2 s^-2,equal_mean_of_12_instantaneous_profiles,10800,14400,11100.0;11400.0;11700.0;12000.0;12300.0;12600.0;12900.0;13200.0;13500.0;13800.0;14100.0;14400.0
14400,637.5,resolved_v_w_flux,0.00049771932147753739,Face,m^2 s^-2,equal_mean_of_12_instantaneous_profiles,10800,14400,11100.0;11400.0;11700.0;12000.0;12300.0;12600.0;12900.0;13200.0;13500.0;13800.0;14100.0;14400.0
14400,650,resolved_v_w_flux,0.00066272786352783442,Face,m^2 s^-2,equal_mean_of_12_instantaneous_profiles,10800,14400,11100.0;11400.0;11700.0;12000.0;12300.0;12600.0;12900.0;13200.0;13500.0;13800.0;14100.0;14400.0
14400,662.5,resolved_v_w_flux,0.00074472638031390182,Face,m^2 s^-2,equal_mean_of_12_instantaneous_profiles,10800,14400,11100.0;11400.0;11700.0;12000.0;12300.0;12600.0;12900.0;13200.0;13500.0;13800.0;14100.0;14400.0
14400,675,resolved_v_w_flux,0.00072904034216965863,Face,m^2 s^-2,equal_mean_of_12_instantaneous_profiles,10800,14400,11100.0;11400.0;11700.0;12000.0;12300.0;12600.0;12900.0;13200.0;13500.0;13800.0;14100.0;14400.0
14400,687.5,resolved_v_w_flux,0.00070147199342803412,Face,m^2 s^-2,equal_mean_of_12_instantaneous_profiles,10800,14400,11100.0;11400.0;11700.0;12000.0;12300.0;12600.0;12900.0;13200.0;13500.0;13800.0;14100.0;14400.0
14400,700,resolved_v_w_flux,0.00054543932734911016,Face,m^2 s^-2,equal_mean_of_12_instantaneous_profiles,10800,14400,11100.0;11400.0;11700.0;12000.0;12300.0;12600.0;12900.0;13200.0;13500.0;13800.0;14100.0;14400.0
14400,712.5,resolved_v_w_flux,0.00029489235870035674,Face,m^2 s^-2,equal_mean_of_12_instantaneous_profiles,10800,14400,11100.0;11400.0;11700.0;12000.0;12300.0;12600.0;12900.0;13200.0;13500.0;13800.0;14100.0;14400.0
14400,725,resolved_v_w_flux,0.00012769584164592138,Face,m^2 s^-2,equal_mean_of_12_instantaneous_profiles,10800,14400,11100.0;11400.0;11700.0;12000.0;12300.0;12600.0;12900.0;13200.0;13500.0;13800.0;14100.0;14400.0
14400,737.5,resolved_v_w_flux,4.453522842595703e-05,Face,m^2 s^-2,equal_mean_of_12_instantaneous_profiles,10800,14400,11100.0;11400.0;11700.0;12000.0;12300.0;12600.0;12900.0;13200.0;13500.0;13800.0;14100.0;14400.0
14400,750,resolved_v_w_flux,1.4434772992899525e-05,Face,m^2 s^-2,equal_mean_of_12_instantaneous_profiles,10800,14400,11100.0;11400.0;11700.0;12000.0;12300.0;12600.0;12900.0;13200.0;13500.0;13800.0;14100.0;14400.0
14400,762.5,resolved_v_w_flux,4.3347911287128227e-06,Face,m^2 s^-2,equal_mean_of_12_instantaneous_profiles,10800,14400,11100.0;11400.0;11700.0;12000.0;12300.0;12600.0;12900.0;13200.0;13500.0;13800.0;14100.0;14400.0
14400,775,resolved_v_w_flux,1.4699502060011582e-06,Face,m^2 s^-2,equal_mean_of_12_instantaneous_profiles,10800,14400,11100.0;11400.0;11700.0;12000.0;12300.0;12600.0;12900.0;13200.0;13500.0;13800.0;14100.0;14400.0
14400,787.5,resolved_v_w_flux,-9.1762410647788784e-07,Face,m^2 s^-2,equal_mean_of_12_instantaneous_profiles,10800,14400,11100.0;11400.0;11700.0;12000.0;12300.0;12600.0;12900.0;13200.0;13500.0;13800.0;14100.0;14400.0
14400,800,resolved_v_w_flux,0,Face,m^2 s^-2,equal_mean_of_12_instantaneous_profiles,10800,14400,11100.0;11400.0;11700.0;12000.0;12300.0;12600.0;12900.0;13200.0;13500.0;13800.0;14100.0;14400.0
14400,0,resolved_w_q_flux,0,Face,m s^-1,equal_mean_of_12_instantaneous_profiles,10800,14400,11100.0;11400.0;11700.0;12000.0;12300.0;12600.0;12900.0;13200.0;13500.0;13800.0;14100.0;14400.0
14400,12.5,resolved_w_q_flux,-3.1665044512389308e-08,Face,m s^-1,equal_mean_of_12_instantaneous_profiles,10800,14400,11100.0;11400.0;11700.0;12000.0;12300.0;12600.0;12900.0;13200.0;13500.0;13800.0;14100.0;14400.0
14400,25,resolved_w_q_flux,-1.0655701561853212e-08,Face,m s^-1,equal_mean_of_12_instantaneous_profiles,10800,14400,11100.0;11400.0;11700.0;12000.0;12300.0;12600.0;12900.0;13200.0;13500.0;13800.0;14100.0;14400.0
14400,37.5,resolved_w_q_flux,5.9032196257173075e-07,Face,m s^-1,equal_mean_of_12_instantaneous_profiles,10800,14400,11100.0;11400.0;11700.0;12000.0;12300.0;12600.0;12900.0;13200.0;13500.0;13800.0;14100.0;14400.0
14400,50,resolved_w_q_flux,1.0088858365027893e-06,Face,m s^-1,equal_mean_of_12_instantaneous_profiles,10800,14400,11100.0;11400.0;11700.0;12000.0;12300.0;12600.0;12900.0;13200.0;13500.0;13800.0;14100.0;14400.0
14400,62.5,resolved_w_q_flux,8.6290460406720137e-07,Face,m s^-1,equal_mean_of_12_instantaneous_profiles,10800,14400,11100.0;11400.0;11700.0;12000.0;12300.0;12600.0;12900.0;13200.0;13500.0;13800.0;14100.0;14400.0
14400,75,resolved_w_q_flux,5.8673180388287471e-07,Face,m s^-1,equal_mean_of_12_instantaneous_profiles,10800,14400,11100.0;11400.0;11700.0;12000.0;12300.0;12600.0;12900.0;13200.0;13500.0;13800.0;14100.0;14400.0
14400,87.5,resolved_w_q_flux,3.426672113467551e-07,Face,m s^-1,equal_mean_of_12_instantaneous_profiles,10800,14400,11100.0;11400.0;11700.0;12000.0;12300.0;12600.0;12900.0;13200.0;13500.0;13800.0;14100.0;14400.0
14400,100,resolved_w_q_flux,2.5440189096078331e-07,Face,m s^-1,equal_mean_of_12_instantaneous_profiles,10800,14400,11100.0;11400.0;11700.0;12000.0;12300.0;12600.0;12900.0;13200.0;13500.0;13800.0;14100.0;14400.0
14400,112.5,resolved_w_q_flux,2.0085214883872973e-07,Face,m s^-1,equal_mean_of_12_instantaneous_profiles,10800,14400,11100.0;11400.0;11700.0;12000.0;12300.0;12600.0;12900.0;13200.0;13500.0;13800.0;14100.0;14400.0
14400,125,resolved_w_q_flux,1.4948009881739685e-07,Face,m s^-1,equal_mean_of_12_instantaneous_profiles,10800,14400,11100.0;11400.0;11700.0;12000.0;12300.0;12600.0;12900.0;13200.0;13500.0;13800.0;14100.0;14400.0
14400,137.5,resolved_w_q_flux,1.3398520456083438e-07,Face,m s^-1,equal_mean_of_12_instantaneous_profiles,10800,14400,11100.0;11400.0;11700.0;12000.0;12300.0;12600.0;12900.0;13200.0;13500.0;13800.0;14100.0;14400.0
14400,150,resolved_w_q_flux,2.0614781940745766e-07,Face,m s^-1,equal_mean_of_12_instantaneous_profiles,10800,14400,11100.0;11400.0;11700.0;12000.0;12300.0;12600.0;12900.0;13200.0;13500.0;13800.0;14100.0;14400.0
14400,162.5,resolved_w_q_flux,1.9848652144105472e-07,Face,m s^-1,equal_mean_of_12_instantaneous_profiles,10800,14400,11100.0;11400.0;11700.0;12000.0;12300.0;12600.0;12900.0;13200.0;13500.0;13800.0;14100.0;14400.0
14400,175,resolved_w_q_flux,8.399954332105608e-08,Face,m s^-1,equal_mean_of_12_instantaneous_profiles,10800,14400,11100.0;11400.0;11700.0;12000.0;12300.0;12600.0;12900.0;13200.0;13500.0;13800.0;14100.0;14400.0
14400,187.5,resolved_w_q_flux,1.4261197556209027e-08,Face,m s^-1,equal_mean_of_12_instantaneous_profiles,10800,14400,11100.0;11400.0;11700.0;12000.0;12300.0;12600.0;12900.0;13200.0;13500.0;13800.0;14100.0;14400.0
14400,200,resolved_w_q_flux,-3.2345732536853689e-08,Face,m s^-1,equal_mean_of_12_instantaneous_profiles,10800,14400,11100.0;11400.0;11700.0;12000.0;12300.0;12600.0;12900.0;13200.0;13500.0;13800.0;14100.0;14400.0
14400,212.5,resolved_w_q_flux,-3.5899462661840667e-09,Face,m s^-1,equal_mean_of_12_instantaneous_profiles,10800,14400,11100.0;11400.0;11700.0;12000.0;12300.0;12600.0;12900.0;13200.0;13500.0;13800.0;14100.0;14400.0
14400,225,resolved_w_q_flux,-5.5012887763735329e-10,Face,m s^-1,equal_mean_of_12_instantaneous_profiles,10800,14400,11100.0;11400.0;11700.0;12000.0;12300.0;12600.0;12900.0;13200.0;13500.0;13800.0;14100.0;14400.0
14400,237.5,resolved_w_q_flux,5.4670623583774614e-10,Face,m s^-1,equal_mean_of_12_instantaneous_profiles,10800,14400,11100.0;11400.0;11700.0;12000.0;12300.0;12600.0;12900.0;13200.0;13500.0;13800.0;14100.0;14400.0
14400,250,resolved_w_q_flux,2.5339626808877174e-11,Face,m s^-1,equal_mean_of_12_instantaneous_profiles,10800,14400,11100.0;11400.0;11700.0;12000.0;12300.0;12600.0;12900.0;13200.0;13500.0;13800.0;14100.0;14400.0
14400,262.5,resolved_w_q_flux,-3.6845094683601864e-11,Face,m s^-1,equal_mean_of_12_instantaneous_profiles,10800,14400,11100.0;11400.0;11700.0;12000.0;12300.0;12600.0;12900.0;13200.0;13500.0;13800.0;14100.0;14400.0
14400,275,resolved_w_q_flux,3.7681870066382422e-12,Face,m s^-1,equal_mean_of_12_instantaneous_profiles,10800,14400,11100.0;11400.0;11700.0;12000.0;12300.0;12600.0;12900.0;13200.0;13500.0;13800.0;14100.0;14400.0
14400,287.5,resolved_w_q_flux,-4.0527584182122505e-12,Face,m s^-1,equal_mean_of_12_instantaneous_profiles,10800,14400,11100.0;11400.0;11700.0;12000.0;12300.0;12600.0;12900.0;13200.0;13500.0;13800.0;14100.0;14400.0
14400,300,resolved_w_q_flux,-5.9717115692518863e-12,Face,m s^-1,equal_mean_of_12_instantaneous_profiles,10800,14400,11100.0;11400.0;11700.0;12000.0;12300.0;12600.0;12900.0;13200.0;13500.0;13800.0;14100.0;14400.0
14400,312.5,resolved_w_q_flux,-1.3435142755258145e-12,Face,m s^-1,equal_mean_of_12_instantaneous_profiles,10800,14400,11100.0;11400.0;11700.0;12000.0;12300.0;12600.0;12900.0;13200.0;13500.0;13800.0;14100.0;14400.0
14400,325,resolved_w_q_flux,-3.3469326304938021e-12,Face,m s^-1,equal_mean_of_12_instantaneous_profiles,10800,14400,11100.0;11400.0;11700.0;12000.0;12300.0;12600.0;12900.0;13200.0;13500.0;13800.0;14100.0;14400.0
14400,337.5,resolved_w_q_flux,-3.0325973756200699e-12,Face,m s^-1,equal_mean_of_12_instantaneous_profiles,10800,14400,11100.0;11400.0;11700.0;12000.0;12300.0;12600.0;12900.0;13200.0;13500.0;13800.0;14100.0;14400.0
14400,350,resolved_w_q_flux,-2.352104802883411e-12,Face,m s^-1,equal_mean_of_12_instantaneous_profiles,10800,14400,11100.0;11400.0;11700.0;12000.0;12300.0;12600.0;12900.0;13200.0;13500.0;13800.0;14100.0;14400.0
14400,362.5,resolved_w_q_flux,-6.6082545251838765e-13,Face,m s^-1,equal_mean_of_12_instantaneous_profiles,10800,14400,11100.0;11400.0;11700.0;12000.0;12300.0;12600.0;12900.0;13200.0;13500.0;13800.0;14100.0;14400.0
14400,375,resolved_w_q_flux,-8.4554352451984838e-14,Face,m s^-1,equal_mean_of_12_instantaneous_profiles,10800,14400,11100.0;11400.0;11700.0;12000.0;12300.0;12600.0;12900.0;13200.0;13500.0;13800.0;14100.0;14400.0
14400,387.5,resolved_w_q_flux,5.9119266059944172e-13,Face,m s^-1,equal_mean_of_12_instantaneous_profiles,10800,14400,11100.0;11400.0;11700.0;12000.0;12300.0;12600.0;12900.0;13200.0;13500.0;13800.0;14100.0;14400.0
14400,400,resolved_w_q_flux,-3.044070710199927e-13,Face,m s^-1,equal_mean_of_12_instantaneous_profiles,10800,14400,11100.0;11400.0;11700.0;12000.0;12300.0;12600.0;12900.0;13200.0;13500.0;13800.0;14100.0;14400.0
14400,412.5,resolved_w_q_flux,-1.8221577494844745e-12,Face,m s^-1,equal_mean_of_12_instantaneous_profiles,10800,14400,11100.0;11400.0;11700.0;12000.0;12300.0;12600.0;12900.0;13200.0;13500.0;13800.0;14100.0;14400.0
14400,425,resolved_w_q_flux,-2.853953943830756e-12,Face,m s^-1,equal_mean_of_12_instantaneous_profiles,10800,14400,11100.0;11400.0;11700.0;12000.0;12300.0;12600.0;12900.0;13200.0;13500.0;13800.0;14100.0;14400.0
14400,437.5,resolved_w_q_flux,1.7941804003144639e-12,Face,m s^-1,equal_mean_of_12_instantaneous_profiles,10800,14400,11100.0;11400.0;11700.0;12000.0;12300.0;12600.0;12900.0;13200.0;13500.0;13800.0;14100.0;14400.0
14400,450,resolved_w_q_flux,4.6617168603333793e-11,Face,m s^-1,equal_mean_of_12_instantaneous_profiles,10800,14400,11100.0;11400.0;11700.0;12000.0;12300.0;12600.0;12900.0;13200.0;13500.0;13800.0;14100.0;14400.0
14400,462.5,resolved_w_q_flux,1.6991139166940469e-10,Face,m s^-1,equal_mean_of_12_instantaneous_profiles,10800,14400,11100.0;11400.0;11700.0;12000.0;12300.0;12600.0;12900.0;13200.0;13500.0;13800.0;14100.0;14400.0
14400,475,resolved_w_q_flux,8.1374108377533594e-10,Face,m s^-1,equal_mean_of_12_instantaneous_profiles,10800,14400,11100.0;11400.0;11700.0;12000.0;12300.0;12600.0;12900.0;13200.0;13500.0;13800.0;14100.0;14400.0
14400,487.5,resolved_w_q_flux,1.4475495709505755e-09,Face,m s^-1,equal_mean_of_12_instantaneous_profiles,10800,14400,11100.0;11400.0;11700.0;12000.0;12300.0;12600.0;12900.0;13200.0;13500.0;13800.0;14100.0;14400.0
14400,500,resolved_w_q_flux,9.2212628273931807e-10,Face,m s^-1,equal_mean_of_12_instantaneous_profiles,10800,14400,11100.0;11400.0;11700.0;12000.0;12300.0;12600.0;12900.0;13200.0;13500.0;13800.0;14100.0;14400.0
14400,512.5,resolved_w_q_flux,8.9989285005180142e-10,Face,m s^-1,equal_mean_of_12_instantaneous_profiles,10800,14400,11100.0;11400.0;11700.0;12000.0;12300.0;12600.0;12900.0;13200.0;13500.0;13800.0;14100.0;14400.0
14400,525,resolved_w_q_flux,3.9212400456308433e-10,Face,m s^-1,equal_mean_of_12_instantaneous_profiles,10800,14400,11100.0;11400.0;11700.0;12000.0;12300.0;12600.0;12900.0;13200.0;13500.0;13800.0;14100.0;14400.0
14400,537.5,resolved_w_q_flux,5.354064428498654e-11,Face,m s^-1,equal_mean_of_12_instantaneous_profiles,10800,14400,11100.0;11400.0;11700.0;12000.0;12300.0;12600.0;12900.0;13200.0;13500.0;13800.0;14100.0;14400.0
14400,550,resolved_w_q_flux,-1.8800146046419702e-11,Face,m s^-1,equal_mean_of_12_instantaneous_profiles,10800,14400,11100.0;11400.0;11700.0;12000.0;12300.0;12600.0;12900.0;13200.0;13500.0;13800.0;14100.0;14400.0
14400,562.5,resolved_w_q_flux,3.3040494530160261e-12,Face,m s^-1,equal_mean_of_12_instantaneous_profiles,10800,14400,11100.0;11400.0;11700.0;12000.0;12300.0;12600.0;12900.0;13200.0;13500.0;13800.0;14100.0;14400.0
14400,575,resolved_w_q_flux,-5.4702120292950589e-12,Face,m s^-1,equal_mean_of_12_instantaneous_profiles,10800,14400,11100.0;11400.0;11700.0;12000.0;12300.0;12600.0;12900.0;13200.0;13500.0;13800.0;14100.0;14400.0
14400,587.5,resolved_w_q_flux,-3.9549768552730548e-11,Face,m s^-1,equal_mean_of_12_instantaneous_profiles,10800,14400,11100.0;11400.0;11700.0;12000.0;12300.0;12600.0;12900.0;13200.0;13500.0;13800.0;14100.0;14400.0
14400,600,resolved_w_q_flux,-2.5978380615669188e-11,Face,m s^-1,equal_mean_of_12_instantaneous_profiles,10800,14400,11100.0;11400.0;11700.0;12000.0;12300.0;12600.0;12900.0;13200.0;13500.0;13800.0;14100.0;14400.0
14400,612.5,resolved_w_q_flux,-1.9538470179877171e-11,Face,m s^-1,equal_mean_of_12_instantaneous_profiles,10800,14400,11100.0;11400.0;11700.0;12000.0;12300.0;12600.0;12900.0;13200.0;13500.0;13800.0;14100.0;14400.0
14400,625,resolved_w_q_flux,-8.3153163084181743e-12,Face,m s^-1,equal_mean_of_12_instantaneous_profiles,10800,14400,11100.0;11400.0;11700.0;12000.0;12300.0;12600.0;12900.0;13200.0;13500.0;13800.0;14100.0;14400.0
14400,637.5,resolved_w_q_flux,3.7674491853758228e-11,Face,m s^-1,equal_mean_of_12_instantaneous_profiles,10800,14400,11100.0;11400.0;11700.0;12000.0;12300.0;12600.0;12900.0;13200.0;13500.0;13800.0;14100.0;14400.0
14400,650,resolved_w_q_flux,5.8679398218357729e-11,Face,m s^-1,equal_mean_of_12_instantaneous_profiles,10800,14400,11100.0;11400.0;11700.0;12000.0;12300.0;12600.0;12900.0;13200.0;13500.0;13800.0;14100.0;14400.0
14400,662.5,resolved_w_q_flux,1.9087784087698512e-11,Face,m s^-1,equal_mean_of_12_instantaneous_profiles,10800,14400,11100.0;11400.0;11700.0;12000.0;12300.0;12600.0;12900.0;13200.0;13500.0;13800.0;14100.0;14400.0
14400,675,resolved_w_q_flux,-3.5874283867605903e-11,Face,m s^-1,equal_mean_of_12_instantaneous_profiles,10800,14400,11100.0;11400.0;11700.0;12000.0;12300.0;12600.0;12900.0;13200.0;13500.0;13800.0;14100.0;14400.0
14400,687.5,resolved_w_q_flux,-9.1057272543863351e-11,Face,m s^-1,equal_mean_of_12_instantaneous_profiles,10800,14400,11100.0;11400.0;11700.0;12000.0;12300.0;12600.0;12900.0;13200.0;13500.0;13800.0;14100.0;14400.0
14400,700,resolved_w_q_flux,-1.0672598800091453e-10,Face,m s^-1,equal_mean_of_12_instantaneous_profiles,10800,14400,11100.0;11400.0;11700.0;12000.0;12300.0;12600.0;12900.0;13200.0;13500.0;13800.0;14100.0;14400.0
14400,712.5,resolved_w_q_flux,-7.0320711348844281e-11,Face,m s^-1,equal_mean_of_12_instantaneous_profiles,10800,14400,11100.0;11400.0;11700.0;12000.0;12300.0;12600.0;12900.0;13200.0;13500.0;13800.0;14100.0;14400.0
14400,725,resolved_w_q_flux,-1.7767725297411958e-11,Face,m s^-1,equal_mean_of_12_instantaneous_profiles,10800,14400,11100.0;11400.0;11700.0;12000.0;12300.0;12600.0;12900.0;13200.0;13500.0;13800.0;14100.0;14400.0
14400,737.5,resolved_w_q_flux,-8.4399872615943672e-12,Face,m s^-1,equal_mean_of_12_instantaneous_profiles,10800,14400,11100.0;11400.0;11700.0;12000.0;12300.0;12600.0;12900.0;13200.0;13500.0;13800.0;14100.0;14400.0
14400,750,resolved_w_q_flux,-8.2846649823951433e-12,Face,m s^-1,equal_mean_of_12_instantaneous_profiles,10800,14400,11100.0;11400.0;11700.0;12000.0;12300.0;12600.0;12900.0;13200.0;13500.0;13800.0;14100.0;14400.0
14400,762.5,resolved_w_q_flux,2.3014319670919964e-12,Face,m s^-1,equal_mean_of_12_instantaneous_profiles,10800,14400,11100.0;11400.0;11700.0;12000.0;12300.0;12600.0;12900.0;13200.0;13500.0;13800.0;14100.0;14400.0
14400,775,resolved_w_q_flux,3.3167180933859944e-12,Face,m s^-1,equal_mean_of_12_instantaneous_profiles,10800,14400,11100.0;11400.0;11700.0;12000.0;12300.0;12600.0;12900.0;13200.0;13500.0;13800.0;14100.0;14400.0
14400,787.5,resolved_w_q_flux,-1.7282046889565701e-12,Face,m s^-1,equal_mean_of_12_instantaneous_profiles,10800,14400,11100.0;11400.0;11700.0;12000.0;12300.0;12600.0;12900.0;13200.0;13500.0;13800.0;14100.0;14400.0
14400,800,resolved_w_q_flux,0,Face,m s^-1,equal_mean_of_12_instantaneous_profiles,10800,14400,11100.0;11400.0;11700.0;12000.0;12300.0;12600.0;12900.0;13200.0;13500.0;13800.0;14100.0;14400.0
14400,0,resolved_w_theta_flux,0,Face,K m s^-1,equal_mean_of_12_instantaneous_profiles,10800,14400,11100.0;11400.0;11700.0;12000.0;12300.0;12600.0;12900.0;13200.0;13500.0;13800.0;14100.0;14400.0
14400,12.5,resolved_w_theta_flux,0.00023853805456989599,Face,K m s^-1,equal_mean_of_12_instantaneous_profiles,10800,14400,11100.0;11400.0;11700.0;12000.0;12300.0;12600.0;12900.0;13200.0;13500.0;13800.0;14100.0;14400.0
14400,25,resolved_w_theta_flux,1.9233107347342109e-05,Face,K m s^-1,equal_mean_of_12_instantaneous_profiles,10800,14400,11100.0;11400.0;11700.0;12000.0;12300.0;12600.0;12900.0;13200.0;13500.0;13800.0;14100.0;14400.0
14400,37.5,resolved_w_theta_flux,-0.0058801069778079791,Face,K m s^-1,equal_mean_of_12_instantaneous_profiles,10800,14400,11100.0;11400.0;11700.0;12000.0;12300.0;12600.0;12900.0;13200.0;13500.0;13800.0;14100.0;14400.0
14400,50,resolved_w_theta_flux,-0.0099856320690984521,Face,K m s^-1,equal_mean_of_12_instantaneous_profiles,10800,14400,11100.0;11400.0;11700.0;12000.0;12300.0;12600.0;12900.0;13200.0;13500.0;13800.0;14100.0;14400.0
14400,62.5,resolved_w_theta_flux,-0.0077193824496741099,Face,K m s^-1,equal_mean_of_12_instantaneous_profiles,10800,14400,11100.0;11400.0;11700.0;12000.0;12300.0;12600.0;12900.0;13200.0;13500.0;13800.0;14100.0;14400.0
14400,75,resolved_w_theta_flux,-0.0046502684223620845,Face,K m s^-1,equal_mean_of_12_instantaneous_profiles,10800,14400,11100.0;11400.0;11700.0;12000.0;12300.0;12600.0;12900.0;13200.0;13500.0;13800.0;14100.0;14400.0
14400,87.5,resolved_w_theta_flux,-0.0025246592582940743,Face,K m s^-1,equal_mean_of_12_instantaneous_profiles,10800,14400,11100.0;11400.0;11700.0;12000.0;12300.0;12600.0;12900.0;13200.0;13500.0;13800.0;14100.0;14400.0
14400,100,resolved_w_theta_flux,-0.0017511306844729309,Face,K m s^-1,equal_mean_of_12_instantaneous_profiles,10800,14400,11100.0;11400.0;11700.0;12000.0;12300.0;12600.0;12900.0;13200.0;13500.0;13800.0;14100.0;14400.0
14400,112.5,resolved_w_theta_flux,-0.0011989884987997357,Face,K m s^-1,equal_mean_of_12_instantaneous_profiles,10800,14400,11100.0;11400.0;11700.0;12000.0;12300.0;12600.0;12900.0;13200.0;13500.0;13800.0;14100.0;14400.0
14400,125,resolved_w_theta_flux,-0.00082344179342423252,Face,K m s^-1,equal_mean_of_12_instantaneous_profiles,10800,14400,11100.0;11400.0;11700.0;12000.0;12300.0;12600.0;12900.0;13200.0;13500.0;13800.0;14100.0;14400.0
14400,137.5,resolved_w_theta_flux,-0.0006726897627231665,Face,K m s^-1,equal_mean_of_12_instantaneous_profiles,10800,14400,11100.0;11400.0;11700.0;12000.0;12300.0;12600.0;12900.0;13200.0;13500.0;13800.0;14100.0;14400.0
14400,150,resolved_w_theta_flux,-0.0010046155888024562,Face,K m s^-1,equal_mean_of_12_instantaneous_profiles,10800,14400,11100.0;11400.0;11700.0;12000.0;12300.0;12600.0;12900.0;13200.0;13500.0;13800.0;14100.0;14400.0
14400,162.5,resolved_w_theta_flux,-0.00092058641530456953,Face,K m s^-1,equal_mean_of_12_instantaneous_profiles,10800,14400,11100.0;11400.0;11700.0;12000.0;12300.0;12600.0;12900.0;13200.0;13500.0;13800.0;14100.0;14400.0
14400,175,resolved_w_theta_flux,-0.00036004925883995992,Face,K m s^-1,equal_mean_of_12_instantaneous_profiles,10800,14400,11100.0;11400.0;11700.0;12000.0;12300.0;12600.0;12900.0;13200.0;13500.0;13800.0;14100.0;14400.0
14400,187.5,resolved_w_theta_flux,-0.00012591572522069328,Face,K m s^-1,equal_mean_of_12_instantaneous_profiles,10800,14400,11100.0;11400.0;11700.0;12000.0;12300.0;12600.0;12900.0;13200.0;13500.0;13800.0;14100.0;14400.0
14400,200,resolved_w_theta_flux,7.8614616844182209e-05,Face,K m s^-1,equal_mean_of_12_instantaneous_profiles,10800,14400,11100.0;11400.0;11700.0;12000.0;12300.0;12600.0;12900.0;13200.0;13500.0;13800.0;14100.0;14400.0
14400,212.5,resolved_w_theta_flux,-5.2325022655471303e-06,Face,K m s^-1,equal_mean_of_12_instantaneous_profiles,10800,14400,11100.0;11400.0;11700.0;12000.0;12300.0;12600.0;12900.0;13200.0;13500.0;13800.0;14100.0;14400.0
14400,225,resolved_w_theta_flux,2.9327888645032849e-06,Face,K m s^-1,equal_mean_of_12_instantaneous_profiles,10800,14400,11100.0;11400.0;11700.0;12000.0;12300.0;12600.0;12900.0;13200.0;13500.0;13800.0;14100.0;14400.0
14400,237.5,resolved_w_theta_flux,2.1745932343719687e-06,Face,K m s^-1,equal_mean_of_12_instantaneous_profiles,10800,14400,11100.0;11400.0;11700.0;12000.0;12300.0;12600.0;12900.0;13200.0;13500.0;13800.0;14100.0;14400.0
14400,250,resolved_w_theta_flux,1.4857408909089524e-06,Face,K m s^-1,equal_mean_of_12_instantaneous_profiles,10800,14400,11100.0;11400.0;11700.0;12000.0;12300.0;12600.0;12900.0;13200.0;13500.0;13800.0;14100.0;14400.0
14400,262.5,resolved_w_theta_flux,1.6476126726653699e-06,Face,K m s^-1,equal_mean_of_12_instantaneous_profiles,10800,14400,11100.0;11400.0;11700.0;12000.0;12300.0;12600.0;12900.0;13200.0;13500.0;13800.0;14100.0;14400.0
14400,275,resolved_w_theta_flux,1.0939508475379018e-06,Face,K m s^-1,equal_mean_of_12_instantaneous_profiles,10800,14400,11100.0;11400.0;11700.0;12000.0;12300.0;12600.0;12900.0;13200.0;13500.0;13800.0;14100.0;14400.0
14400,287.5,resolved_w_theta_flux,4.7832184198644734e-07,Face,K m s^-1,equal_mean_of_12_instantaneous_profiles,10800,14400,11100.0;11400.0;11700.0;12000.0;12300.0;12600.0;12900.0;13200.0;13500.0;13800.0;14100.0;14400.0
14400,300,resolved_w_theta_flux,6.1737956968954677e-07,Face,K m s^-1,equal_mean_of_12_instantaneous_profiles,10800,14400,11100.0;11400.0;11700.0;12000.0;12300.0;12600.0;12900.0;13200.0;13500.0;13800.0;14100.0;14400.0
14400,312.5,resolved_w_theta_flux,8.5257678013780003e-07,Face,K m s^-1,equal_mean_of_12_instantaneous_profiles,10800,14400,11100.0;11400.0;11700.0;12000.0;12300.0;12600.0;12900.0;13200.0;13500.0;13800.0;14100.0;14400.0
14400,325,resolved_w_theta_flux,4.9831754841041709e-07,Face,K m s^-1,equal_mean_of_12_instantaneous_profiles,10800,14400,11100.0;11400.0;11700.0;12000.0;12300.0;12600.0;12900.0;13200.0;13500.0;13800.0;14100.0;14400.0
14400,337.5,resolved_w_theta_flux,2.7681864385916316e-07,Face,K m s^-1,equal_mean_of_12_instantaneous_profiles,10800,14400,11100.0;11400.0;11700.0;12000.0;12300.0;12600.0;12900.0;13200.0;13500.0;13800.0;14100.0;14400.0
14400,350,resolved_w_theta_flux,1.4456300808281716e-07,Face,K m s^-1,equal_mean_of_12_instantaneous_profiles,10800,14400,11100.0;11400.0;11700.0;12000.0;12300.0;12600.0;12900.0;13200.0;13500.0;13800.0;14100.0;14400.0
14400,362.5,resolved_w_theta_flux,-1.6803697633349657e-07,Face,K m s^-1,equal_mean_of_12_instantaneous_profiles,10800,14400,11100.0;11400.0;11700.0;12000.0;12300.0;12600.0;12900.0;13200.0;13500.0;13800.0;14100.0;14400.0
14400,375,resolved_w_theta_flux,-2.2734734746639637e-07,Face,K m s^-1,equal_mean_of_12_instantaneous_profiles,10800,14400,11100.0;11400.0;11700.0;12000.0;12300.0;12600.0;12900.0;13200.0;13500.0;13800.0;14100.0;14400.0
14400,387.5,resolved_w_theta_flux,-1.6320777262990305e-07,Face,K m s^-1,equal_mean_of_12_instantaneous_profiles,10800,14400,11100.0;11400.0;11700.0;12000.0;12300.0;12600.0;12900.0;13200.0;13500.0;13800.0;14100.0;14400.0
14400,400,resolved_w_theta_flux,-2.2489048963810396e-07,Face,K m s^-1,equal_mean_of_12_instantaneous_profiles,10800,14400,11100.0;11400.0;11700.0;12000.0;12300.0;12600.0;12900.0;13200.0;13500.0;13800.0;14100.0;14400.0
14400,412.5,resolved_w_theta_flux,-1.7569887707698703e-07,Face,K m s^-1,equal_mean_of_12_instantaneous_profiles,10800,14400,11100.0;11400.0;11700.0;12000.0;12300.0;12600.0;12900.0;13200.0;13500.0;13800.0;14100.0;14400.0
14400,425,resolved_w_theta_flux,-1.4445731485087285e-07,Face,K m s^-1,equal_mean_of_12_instantaneous_profiles,10800,14400,11100.0;11400.0;11700.0;12000.0;12300.0;12600.0;12900.0;13200.0;13500.0;13800.0;14100.0;14400.0
14400,437.5,resolved_w_theta_flux,-3.0807110521872499e-07,Face,K m s^-1,equal_mean_of_12_instantaneous_profiles,10800,14400,11100.0;11400.0;11700.0;12000.0;12300.0;12600.0;12900.0;13200.0;13500.0;13800.0;14100.0;14400.0
14400,450,resolved_w_theta_flux,-3.4257510369191852e-07,Face,K m s^-1,equal_mean_of_12_instantaneous_profiles,10800,14400,11100.0;11400.0;11700.0;12000.0;12300.0;12600.0;12900.0;13200.0;13500.0;13800.0;14100.0;14400.0
14400,462.5,resolved_w_theta_flux,-2.127428283908254e-07,Face,K m s^-1,equal_mean_of_12_instantaneous_profiles,10800,14400,11100.0;11400.0;11700.0;12000.0;12300.0;12600.0;12900.0;13200.0;13500.0;13800.0;14100.0;14400.0
14400,475,resolved_w_theta_flux,-2.0156262318475152e-07,Face,K m s^-1,equal_mean_of_12_instantaneous_profiles,10800,14400,11100.0;11400.0;11700.0;12000.0;12300.0;12600.0;12900.0;13200.0;13500.0;13800.0;14100.0;14400.0
14400,487.5,resolved_w_theta_flux,9.6488226593767948e-08,Face,K m s^-1,equal_mean_of_12_instantaneous_profiles,10800,14400,11100.0;11400.0;11700.0;12000.0;12300.0;12600.0;12900.0;13200.0;13500.0;13800.0;14100.0;14400.0
14400,500,resolved_w_theta_flux,5.7156843051113049e-07,Face,K m s^-1,equal_mean_of_12_instantaneous_profiles,10800,14400,11100.0;11400.0;11700.0;12000.0;12300.0;12600.0;12900.0;13200.0;13500.0;13800.0;14100.0;14400.0
14400,512.5,resolved_w_theta_flux,5.7621930219890294e-07,Face,K m s^-1,equal_mean_of_12_instantaneous_profiles,10800,14400,11100.0;11400.0;11700.0;12000.0;12300.0;12600.0;12900.0;13200.0;13500.0;13800.0;14100.0;14400.0
14400,525,resolved_w_theta_flux,5.7247927524410136e-07,Face,K m s^-1,equal_mean_of_12_instantaneous_profiles,10800,14400,11100.0;11400.0;11700.0;12000.0;12300.0;12600.0;12900.0;13200.0;13500.0;13800.0;14100.0;14400.0
14400,537.5,resolved_w_theta_flux,7.8054661400983605e-07,Face,K m s^-1,equal_mean_of_12_instantaneous_profiles,10800,14400,11100.0;11400.0;11700.0;12000.0;12300.0;12600.0;12900.0;13200.0;13500.0;13800.0;14100.0;14400.0
14400,550,resolved_w_theta_flux,1.4482952697865887e-06,Face,K m s^-1,equal_mean_of_12_instantaneous_profiles,10800,14400,11100.0;11400.0;11700.0;12000.0;12300.0;12600.0;12900.0;13200.0;13500.0;13800.0;14100.0;14400.0
14400,562.5,resolved_w_theta_flux,9.706730281777709e-07,Face,K m s^-1,equal_mean_of_12_instantaneous_profiles,10800,14400,11100.0;11400.0;11700.0;12000.0;12300.0;12600.0;12900.0;13200.0;13500.0;13800.0;14100.0;14400.0
14400,575,resolved_w_theta_flux,-4.280314556126541e-07,Face,K m s^-1,equal_mean_of_12_instantaneous_profiles,10800,14400,11100.0;11400.0;11700.0;12000.0;12300.0;12600.0;12900.0;13200.0;13500.0;13800.0;14100.0;14400.0
14400,587.5,resolved_w_theta_flux,-8.7408807303290814e-07,Face,K m s^-1,equal_mean_of_12_instantaneous_profiles,10800,14400,11100.0;11400.0;11700.0;12000.0;12300.0;12600.0;12900.0;13200.0;13500.0;13800.0;14100.0;14400.0
14400,600,resolved_w_theta_flux,-8.2206608832772563e-06,Face,K m s^-1,equal_mean_of_12_instantaneous_profiles,10800,14400,11100.0;11400.0;11700.0;12000.0;12300.0;12600.0;12900.0;13200.0;13500.0;13800.0;14100.0;14400.0
14400,612.5,resolved_w_theta_flux,-3.6996070586307418e-05,Face,K m s^-1,equal_mean_of_12_instantaneous_profiles,10800,14400,11100.0;11400.0;11700.0;12000.0;12300.0;12600.0;12900.0;13200.0;13500.0;13800.0;14100.0;14400.0
14400,625,resolved_w_theta_flux,-8.1476665703424558e-05,Face,K m s^-1,equal_mean_of_12_instantaneous_profiles,10800,14400,11100.0;11400.0;11700.0;12000.0;12300.0;12600.0;12900.0;13200.0;13500.0;13800.0;14100.0;14400.0
14400,637.5,resolved_w_theta_flux,-0.00010572691341318811,Face,K m s^-1,equal_mean_of_12_instantaneous_profiles,10800,14400,11100.0;11400.0;11700.0;12000.0;12300.0;12600.0;12900.0;13200.0;13500.0;13800.0;14100.0;14400.0
14400,650,resolved_w_theta_flux,-0.00011510262083902489,Face,K m s^-1,equal_mean_of_12_instantaneous_profiles,10800,14400,11100.0;11400.0;11700.0;12000.0;12300.0;12600.0;12900.0;13200.0;13500.0;13800.0;14100.0;14400.0
14400,662.5,resolved_w_theta_flux,-0.00012717748177237809,Face,K m s^-1,equal_mean_of_12_instantaneous_profiles,10800,14400,11100.0;11400.0;11700.0;12000.0;12300.0;12600.0;12900.0;13200.0;13500.0;13800.0;14100.0;14400.0
14400,675,resolved_w_theta_flux,-0.00013574801202291079,Face,K m s^-1,equal_mean_of_12_instantaneous_profiles,10800,14400,11100.0;11400.0;11700.0;12000.0;12300.0;12600.0;12900.0;13200.0;13500.0;13800.0;14100.0;14400.0
14400,687.5,resolved_w_theta_flux,-0.00012846262082651569,Face,K m s^-1,equal_mean_of_12_instantaneous_profiles,10800,14400,11100.0;11400.0;11700.0;12000.0;12300.0;12600.0;12900.0;13200.0;13500.0;13800.0;14100.0;14400.0
14400,700,resolved_w_theta_flux,-0.00010964286199547739,Face,K m s^-1,equal_mean_of_12_instantaneous_profiles,10800,14400,11100.0;11400.0;11700.0;12000.0;12300.0;12600.0;12900.0;13200.0;13500.0;13800.0;14100.0;14400.0
14400,712.5,resolved_w_theta_flux,-6.8745189916323099e-05,Face,K m s^-1,equal_mean_of_12_instantaneous_profiles,10800,14400,11100.0;11400.0;11700.0;12000.0;12300.0;12600.0;12900.0;13200.0;13500.0;13800.0;14100.0;14400.0
14400,725,resolved_w_theta_flux,-2.8980430367179604e-05,Face,K m s^-1,equal_mean_of_12_instantaneous_profiles,10800,14400,11100.0;11400.0;11700.0;12000.0;12300.0;12600.0;12900.0;13200.0;13500.0;13800.0;14100.0;14400.0
14400,737.5,resolved_w_theta_flux,-1.0908362355621648e-05,Face,K m s^-1,equal_mean_of_12_instantaneous_profiles,10800,14400,11100.0;11400.0;11700.0;12000.0;12300.0;12600.0;12900.0;13200.0;13500.0;13800.0;14100.0;14400.0
14400,750,resolved_w_theta_flux,-3.0518988107057035e-06,Face,K m s^-1,equal_mean_of_12_instantaneous_profiles,10800,14400,11100.0;11400.0;11700.0;12000.0;12300.0;12600.0;12900.0;13200.0;13500.0;13800.0;14100.0;14400.0
14400,762.5,resolved_w_theta_flux,-1.6186406242013618e-06,Face,K m s^-1,equal_mean_of_12_instantaneous_profiles,10800,14400,11100.0;11400.0;11700.0;12000.0;12300.0;12600.0;12900.0;13200.0;13500.0;13800.0;14100.0;14400.0
14400,775,resolved_w_theta_flux,-1.4753631205621787e-06,Face,K m s^-1,equal_mean_of_12_instantaneous_profiles,10800,14400,11100.0;11400.0;11700.0;12000.0;12300.0;12600.0;12900.0;13200.0;13500.0;13800.0;14100.0;14400.0
14400,787.5,resolved_w_theta_flux,-1.1600905670168988e-06,Face,K m s^-1,equal_mean_of_12_instantaneous_profiles,10800,14400,11100.0;11400.0;11700.0;12000.0;12300.0;12600.0;12900.0;13200.0;13500.0;13800.0;14100.0;14400.0
14400,800,resolved_w_theta_flux,0,Face,K m s^-1,equal_mean_of_12_instantaneous_profiles,10800,14400,11100.0;11400.0;11700.0;12000.0;12300.0;12600.0;12900.0;13200.0;13500.0;13800.0;14100.0;14400.0
14400,0,sgs_buoyancy_flux,0,Face,m^2 s^-3,equal_mean_of_12_instantaneous_profiles,10800,14400,11100.0;11400.0;11700.0;12000.0;12300.0;12600.0;12900.0;13200.0;13500.0;13800.0;14100.0;14400.0
14400,12.5,sgs_buoyancy_flux,-0.00059870960346112645,Face,m^2 s^-3,equal_mean_of_12_instantaneous_profiles,10800,14400,11100.0;11400.0;11700.0;12000.0;12300.0;12600.0;12900.0;13200.0;13500.0;13800.0;14100.0;14400.0
14400,25,sgs_buoyancy_flux,-0.00052933883853256702,Face,m^2 s^-3,equal_mean_of_12_instantaneous_profiles,10800,14400,11100.0;11400.0;11700.0;12000.0;12300.0;12600.0;12900.0;13200.0;13500.0;13800.0;14100.0;14400.0
14400,37.5,sgs_buoyancy_flux,0,Face,m^2 s^-3,equal_mean_of_12_instantaneous_profiles,10800,14400,11100.0;11400.0;11700.0;12000.0;12300.0;12600.0;12900.0;13200.0;13500.0;13800.0;14100.0;14400.0
14400,50,sgs_buoyancy_flux,0,Face,m^2 s^-3,equal_mean_of_12_instantaneous_profiles,10800,14400,11100.0;11400.0;11700.0;12000.0;12300.0;12600.0;12900.0;13200.0;13500.0;13800.0;14100.0;14400.0
14400,62.5,sgs_buoyancy_flux,0,Face,m^2 s^-3,equal_mean_of_12_instantaneous_profiles,10800,14400,11100.0;11400.0;11700.0;12000.0;12300.0;12600.0;12900.0;13200.0;13500.0;13800.0;14100.0;14400.0
14400,75,sgs_buoyancy_flux,0,Face,m^2 s^-3,equal_mean_of_12_instantaneous_profiles,10800,14400,11100.0;11400.0;11700.0;12000.0;12300.0;12600.0;12900.0;13200.0;13500.0;13800.0;14100.0;14400.0
14400,87.5,sgs_buoyancy_flux,0,Face,m^2 s^-3,equal_mean_of_12_instantaneous_profiles,10800,14400,11100.0;11400.0;11700.0;12000.0;12300.0;12600.0;12900.0;13200.0;13500.0;13800.0;14100.0;14400.0
14400,100,sgs_buoyancy_flux,0,Face,m^2 s^-3,equal_mean_of_12_instantaneous_profiles,10800,14400,11100.0;11400.0;11700.0;12000.0;12300.0;12600.0;12900.0;13200.0;13500.0;13800.0;14100.0;14400.0
14400,112.5,sgs_buoyancy_flux,0,Face,m^2 s^-3,equal_mean_of_12_instantaneous_profiles,10800,14400,11100.0;11400.0;11700.0;12000.0;12300.0;12600.0;12900.0;13200.0;13500.0;13800.0;14100.0;14400.0
14400,125,sgs_buoyancy_flux,0,Face,m^2 s^-3,equal_mean_of_12_instantaneous_profiles,10800,14400,11100.0;11400.0;11700.0;12000.0;12300.0;12600.0;12900.0;13200.0;13500.0;13800.0;14100.0;14400.0
14400,137.5,sgs_buoyancy_flux,0,Face,m^2 s^-3,equal_mean_of_12_instantaneous_profiles,10800,14400,11100.0;11400.0;11700.0;12000.0;12300.0;12600.0;12900.0;13200.0;13500.0;13800.0;14100.0;14400.0
14400,150,sgs_buoyancy_flux,0,Face,m^2 s^-3,equal_mean_of_12_instantaneous_profiles,10800,14400,11100.0;11400.0;11700.0;12000.0;12300.0;12600.0;12900.0;13200.0;13500.0;13800.0;14100.0;14400.0
14400,162.5,sgs_buoyancy_flux,0,Face,m^2 s^-3,equal_mean_of_12_instantaneous_profiles,10800,14400,11100.0;11400.0;11700.0;12000.0;12300.0;12600.0;12900.0;13200.0;13500.0;13800.0;14100.0;14400.0
14400,175,sgs_buoyancy_flux,0,Face,m^2 s^-3,equal_mean_of_12_instantaneous_profiles,10800,14400,11100.0;11400.0;11700.0;12000.0;12300.0;12600.0;12900.0;13200.0;13500.0;13800.0;14100.0;14400.0
14400,187.5,sgs_buoyancy_flux,0,Face,m^2 s^-3,equal_mean_of_12_instantaneous_profiles,10800,14400,11100.0;11400.0;11700.0;12000.0;12300.0;12600.0;12900.0;13200.0;13500.0;13800.0;14100.0;14400.0
14400,200,sgs_buoyancy_flux,0,Face,m^2 s^-3,equal_mean_of_12_instantaneous_profiles,10800,14400,11100.0;11400.0;11700.0;12000.0;12300.0;12600.0;12900.0;13200.0;13500.0;13800.0;14100.0;14400.0
14400,212.5,sgs_buoyancy_flux,0,Face,m^2 s^-3,equal_mean_of_12_instantaneous_profiles,10800,14400,11100.0;11400.0;11700.0;12000.0;12300.0;12600.0;12900.0;13200.0;13500.0;13800.0;14100.0;14400.0
14400,225,sgs_buoyancy_flux,0,Face,m^2 s^-3,equal_mean_of_12_instantaneous_profiles,10800,14400,11100.0;11400.0;11700.0;12000.0;12300.0;12600.0;12900.0;13200.0;13500.0;13800.0;14100.0;14400.0
14400,237.5,sgs_buoyancy_flux,0,Face,m^2 s^-3,equal_mean_of_12_instantaneous_profiles,10800,14400,11100.0;11400.0;11700.0;12000.0;12300.0;12600.0;12900.0;13200.0;13500.0;13800.0;14100.0;14400.0
14400,250,sgs_buoyancy_flux,0,Face,m^2 s^-3,equal_mean_of_12_instantaneous_profiles,10800,14400,11100.0;11400.0;11700.0;12000.0;12300.0;12600.0;12900.0;13200.0;13500.0;13800.0;14100.0;14400.0
14400,262.5,sgs_buoyancy_flux,0,Face,m^2 s^-3,equal_mean_of_12_instantaneous_profiles,10800,14400,11100.0;11400.0;11700.0;12000.0;12300.0;12600.0;12900.0;13200.0;13500.0;13800.0;14100.0;14400.0
14400,275,sgs_buoyancy_flux,0,Face,m^2 s^-3,equal_mean_of_12_instantaneous_profiles,10800,14400,11100.0;11400.0;11700.0;12000.0;12300.0;12600.0;12900.0;13200.0;13500.0;13800.0;14100.0;14400.0
14400,287.5,sgs_buoyancy_flux,0,Face,m^2 s^-3,equal_mean_of_12_instantaneous_profiles,10800,14400,11100.0;11400.0;11700.0;12000.0;12300.0;12600.0;12900.0;13200.0;13500.0;13800.0;14100.0;14400.0
14400,300,sgs_buoyancy_flux,0,Face,m^2 s^-3,equal_mean_of_12_instantaneous_profiles,10800,14400,11100.0;11400.0;11700.0;12000.0;12300.0;12600.0;12900.0;13200.0;13500.0;13800.0;14100.0;14400.0
14400,312.5,sgs_buoyancy_flux,0,Face,m^2 s^-3,equal_mean_of_12_instantaneous_profiles,10800,14400,11100.0;11400.0;11700.0;12000.0;12300.0;12600.0;12900.0;13200.0;13500.0;13800.0;14100.0;14400.0
14400,325,sgs_buoyancy_flux,0,Face,m^2 s^-3,equal_mean_of_12_instantaneous_profiles,10800,14400,11100.0;11400.0;11700.0;12000.0;12300.0;12600.0;12900.0;13200.0;13500.0;13800.0;14100.0;14400.0
14400,337.5,sgs_buoyancy_flux,0,Face,m^2 s^-3,equal_mean_of_12_instantaneous_profiles,10800,14400,11100.0;11400.0;11700.0;12000.0;12300.0;12600.0;12900.0;13200.0;13500.0;13800.0;14100.0;14400.0
14400,350,sgs_buoyancy_flux,0,Face,m^2 s^-3,equal_mean_of_12_instantaneous_profiles,10800,14400,11100.0;11400.0;11700.0;12000.0;12300.0;12600.0;12900.0;13200.0;13500.0;13800.0;14100.0;14400.0
14400,362.5,sgs_buoyancy_flux,0,Face,m^2 s^-3,equal_mean_of_12_instantaneous_profiles,10800,14400,11100.0;11400.0;11700.0;12000.0;12300.0;12600.0;12900.0;13200.0;13500.0;13800.0;14100.0;14400.0
14400,375,sgs_buoyancy_flux,0,Face,m^2 s^-3,equal_mean_of_12_instantaneous_profiles,10800,14400,11100.0;11400.0;11700.0;12000.0;12300.0;12600.0;12900.0;13200.0;13500.0;13800.0;14100.0;14400.0
14400,387.5,sgs_buoyancy_flux,0,Face,m^2 s^-3,equal_mean_of_12_instantaneous_profiles,10800,14400,11100.0;11400.0;11700.0;12000.0;12300.0;12600.0;12900.0;13200.0;13500.0;13800.0;14100.0;14400.0
14400,400,sgs_buoyancy_flux,0,Face,m^2 s^-3,equal_mean_of_12_instantaneous_profiles,10800,14400,11100.0;11400.0;11700.0;12000.0;12300.0;12600.0;12900.0;13200.0;13500.0;13800.0;14100.0;14400.0
14400,412.5,sgs_buoyancy_flux,0,Face,m^2 s^-3,equal_mean_of_12_instantaneous_profiles,10800,14400,11100.0;11400.0;11700.0;12000.0;12300.0;12600.0;12900.0;13200.0;13500.0;13800.0;14100.0;14400.0
14400,425,sgs_buoyancy_flux,0,Face,m^2 s^-3,equal_mean_of_12_instantaneous_profiles,10800,14400,11100.0;11400.0;11700.0;12000.0;12300.0;12600.0;12900.0;13200.0;13500.0;13800.0;14100.0;14400.0
14400,437.5,sgs_buoyancy_flux,0,Face,m^2 s^-3,equal_mean_of_12_instantaneous_profiles,10800,14400,11100.0;11400.0;11700.0;12000.0;12300.0;12600.0;12900.0;13200.0;13500.0;13800.0;14100.0;14400.0
14400,450,sgs_buoyancy_flux,0,Face,m^2 s^-3,equal_mean_of_12_instantaneous_profiles,10800,14400,11100.0;11400.0;11700.0;12000.0;12300.0;12600.0;12900.0;13200.0;13500.0;13800.0;14100.0;14400.0
14400,462.5,sgs_buoyancy_flux,0,Face,m^2 s^-3,equal_mean_of_12_instantaneous_profiles,10800,14400,11100.0;11400.0;11700.0;12000.0;12300.0;12600.0;12900.0;13200.0;13500.0;13800.0;14100.0;14400.0
14400,475,sgs_buoyancy_flux,0,Face,m^2 s^-3,equal_mean_of_12_instantaneous_profiles,10800,14400,11100.0;11400.0;11700.0;12000.0;12300.0;12600.0;12900.0;13200.0;13500.0;13800.0;14100.0;14400.0
14400,487.5,sgs_buoyancy_flux,0,Face,m^2 s^-3,equal_mean_of_12_instantaneous_profiles,10800,14400,11100.0;11400.0;11700.0;12000.0;12300.0;12600.0;12900.0;13200.0;13500.0;13800.0;14100.0;14400.0
14400,500,sgs_buoyancy_flux,0,Face,m^2 s^-3,equal_mean_of_12_instantaneous_profiles,10800,14400,11100.0;11400.0;11700.0;12000.0;12300.0;12600.0;12900.0;13200.0;13500.0;13800.0;14100.0;14400.0
14400,512.5,sgs_buoyancy_flux,0,Face,m^2 s^-3,equal_mean_of_12_instantaneous_profiles,10800,14400,11100.0;11400.0;11700.0;12000.0;12300.0;12600.0;12900.0;13200.0;13500.0;13800.0;14100.0;14400.0
14400,525,sgs_buoyancy_flux,0,Face,m^2 s^-3,equal_mean_of_12_instantaneous_profiles,10800,14400,11100.0;11400.0;11700.0;12000.0;12300.0;12600.0;12900.0;13200.0;13500.0;13800.0;14100.0;14400.0
14400,537.5,sgs_buoyancy_flux,0,Face,m^2 s^-3,equal_mean_of_12_instantaneous_profiles,10800,14400,11100.0;11400.0;11700.0;12000.0;12300.0;12600.0;12900.0;13200.0;13500.0;13800.0;14100.0;14400.0
14400,550,sgs_buoyancy_flux,0,Face,m^2 s^-3,equal_mean_of_12_instantaneous_profiles,10800,14400,11100.0;11400.0;11700.0;12000.0;12300.0;12600.0;12900.0;13200.0;13500.0;13800.0;14100.0;14400.0
14400,562.5,sgs_buoyancy_flux,0,Face,m^2 s^-3,equal_mean_of_12_instantaneous_profiles,10800,14400,11100.0;11400.0;11700.0;12000.0;12300.0;12600.0;12900.0;13200.0;13500.0;13800.0;14100.0;14400.0
14400,575,sgs_buoyancy_flux,0,Face,m^2 s^-3,equal_mean_of_12_instantaneous_profiles,10800,14400,11100.0;11400.0;11700.0;12000.0;12300.0;12600.0;12900.0;13200.0;13500.0;13800.0;14100.0;14400.0
14400,587.5,sgs_buoyancy_flux,0,Face,m^2 s^-3,equal_mean_of_12_instantaneous_profiles,10800,14400,11100.0;11400.0;11700.0;12000.0;12300.0;12600.0;12900.0;13200.0;13500.0;13800.0;14100.0;14400.0
14400,600,sgs_buoyancy_flux,0,Face,m^2 s^-3,equal_mean_of_12_instantaneous_profiles,10800,14400,11100.0;11400.0;11700.0;12000.0;12300.0;12600.0;12900.0;13200.0;13500.0;13800.0;14100.0;14400.0
14400,612.5,sgs_buoyancy_flux,0,Face,m^2 s^-3,equal_mean_of_12_instantaneous_profiles,10800,14400,11100.0;11400.0;11700.0;12000.0;12300.0;12600.0;12900.0;13200.0;13500.0;13800.0;14100.0;14400.0
14400,625,sgs_buoyancy_flux,0,Face,m^2 s^-3,equal_mean_of_12_instantaneous_profiles,10800,14400,11100.0;11400.0;11700.0;12000.0;12300.0;12600.0;12900.0;13200.0;13500.0;13800.0;14100.0;14400.0
14400,637.5,sgs_buoyancy_flux,0,Face,m^2 s^-3,equal_mean_of_12_instantaneous_profiles,10800,14400,11100.0;11400.0;11700.0;12000.0;12300.0;12600.0;12900.0;13200.0;13500.0;13800.0;14100.0;14400.0
14400,650,sgs_buoyancy_flux,0,Face,m^2 s^-3,equal_mean_of_12_instantaneous_profiles,10800,14400,11100.0;11400.0;11700.0;12000.0;12300.0;12600.0;12900.0;13200.0;13500.0;13800.0;14100.0;14400.0
14400,662.5,sgs_buoyancy_flux,0,Face,m^2 s^-3,equal_mean_of_12_instantaneous_profiles,10800,14400,11100.0;11400.0;11700.0;12000.0;12300.0;12600.0;12900.0;13200.0;13500.0;13800.0;14100.0;14400.0
14400,675,sgs_buoyancy_flux,0,Face,m^2 s^-3,equal_mean_of_12_instantaneous_profiles,10800,14400,11100.0;11400.0;11700.0;12000.0;12300.0;12600.0;12900.0;13200.0;13500.0;13800.0;14100.0;14400.0
14400,687.5,sgs_buoyancy_flux,0,Face,m^2 s^-3,equal_mean_of_12_instantaneous_profiles,10800,14400,11100.0;11400.0;11700.0;12000.0;12300.0;12600.0;12900.0;13200.0;13500.0;13800.0;14100.0;14400.0
14400,700,sgs_buoyancy_flux,0,Face,m^2 s^-3,equal_mean_of_12_instantaneous_profiles,10800,14400,11100.0;11400.0;11700.0;12000.0;12300.0;12600.0;12900.0;13200.0;13500.0;13800.0;14100.0;14400.0
14400,712.5,sgs_buoyancy_flux,0,Face,m^2 s^-3,equal_mean_of_12_instantaneous_profiles,10800,14400,11100.0;11400.0;11700.0;12000.0;12300.0;12600.0;12900.0;13200.0;13500.0;13800.0;14100.0;14400.0
14400,725,sgs_buoyancy_flux,0,Face,m^2 s^-3,equal_mean_of_12_instantaneous_profiles,10800,14400,11100.0;11400.0;11700.0;12000.0;12300.0;12600.0;12900.0;13200.0;13500.0;13800.0;14100.0;14400.0
14400,737.5,sgs_buoyancy_flux,0,Face,m^2 s^-3,equal_mean_of_12_instantaneous_profiles,10800,14400,11100.0;11400.0;11700.0;12000.0;12300.0;12600.0;12900.0;13200.0;13500.0;13800.0;14100.0;14400.0
14400,750,sgs_buoyancy_flux,0,Face,m^2 s^-3,equal_mean_of_12_instantaneous_profiles,10800,14400,11100.0;11400.0;11700.0;12000.0;12300.0;12600.0;12900.0;13200.0;13500.0;13800.0;14100.0;14400.0
14400,762.5,sgs_buoyancy_flux,0,Face,m^2 s^-3,equal_mean_of_12_instantaneous_profiles,10800,14400,11100.0;11400.0;11700.0;12000.0;12300.0;12600.0;12900.0;13200.0;13500.0;13800.0;14100.0;14400.0
14400,775,sgs_buoyancy_flux,0,Face,m^2 s^-3,equal_mean_of_12_instantaneous_profiles,10800,14400,11100.0;11400.0;11700.0;12000.0;12300.0;12600.0;12900.0;13200.0;13500.0;13800.0;14100.0;14400.0
14400,787.5,sgs_buoyancy_flux,0,Face,m^2 s^-3,equal_mean_of_12_instantaneous_profiles,10800,14400,11100.0;11400.0;11700.0;12000.0;12300.0;12600.0;12900.0;13200.0;13500.0;13800.0;14100.0;14400.0
14400,800,sgs_buoyancy_flux,0,Face,m^2 s^-3,equal_mean_of_12_instantaneous_profiles,10800,14400,11100.0;11400.0;11700.0;12000.0;12300.0;12600.0;12900.0;13200.0;13500.0;13800.0;14100.0;14400.0
14400,6.25,sgs_tke_buoyancy_production,-0.00029935479930524406,Center,m^2 s^-3,equal_mean_of_12_instantaneous_profiles,10800,14400,11100.0;11400.0;11700.0;12000.0;12300.0;12600.0;12900.0;13200.0;13500.0;13800.0;14100.0;14400.0
14400,18.75,sgs_tke_buoyancy_production,-0.00056402422584748513,Center,m^2 s^-3,equal_mean_of_12_instantaneous_profiles,10800,14400,11100.0;11400.0;11700.0;12000.0;12300.0;12600.0;12900.0;13200.0;13500.0;13800.0;14100.0;14400.0
14400,31.25,sgs_tke_buoyancy_production,-0.00026466941926628351,Center,m^2 s^-3,equal_mean_of_12_instantaneous_profiles,10800,14400,11100.0;11400.0;11700.0;12000.0;12300.0;12600.0;12900.0;13200.0;13500.0;13800.0;14100.0;14400.0
14400,43.75,sgs_tke_buoyancy_production,0,Center,m^2 s^-3,equal_mean_of_12_instantaneous_profiles,10800,14400,11100.0;11400.0;11700.0;12000.0;12300.0;12600.0;12900.0;13200.0;13500.0;13800.0;14100.0;14400.0
14400,56.25,sgs_tke_buoyancy_production,0,Center,m^2 s^-3,equal_mean_of_12_instantaneous_profiles,10800,14400,11100.0;11400.0;11700.0;12000.0;12300.0;12600.0;12900.0;13200.0;13500.0;13800.0;14100.0;14400.0
14400,68.75,sgs_tke_buoyancy_production,0,Center,m^2 s^-3,equal_mean_of_12_instantaneous_profiles,10800,14400,11100.0;11400.0;11700.0;12000.0;12300.0;12600.0;12900.0;13200.0;13500.0;13800.0;14100.0;14400.0
14400,81.25,sgs_tke_buoyancy_production,0,Center,m^2 s^-3,equal_mean_of_12_instantaneous_profiles,10800,14400,11100.0;11400.0;11700.0;12000.0;12300.0;12600.0;12900.0;13200.0;13500.0;13800.0;14100.0;14400.0
14400,93.75,sgs_tke_buoyancy_production,0,Center,m^2 s^-3,equal_mean_of_12_instantaneous_profiles,10800,14400,11100.0;11400.0;11700.0;12000.0;12300.0;12600.0;12900.0;13200.0;13500.0;13800.0;14100.0;14400.0
14400,106.25,sgs_tke_buoyancy_production,0,Center,m^2 s^-3,equal_mean_of_12_instantaneous_profiles,10800,14400,11100.0;11400.0;11700.0;12000.0;12300.0;12600.0;12900.0;13200.0;13500.0;13800.0;14100.0;14400.0
14400,118.75,sgs_tke_buoyancy_production,0,Center,m^2 s^-3,equal_mean_of_12_instantaneous_profiles,10800,14400,11100.0;11400.0;11700.0;12000.0;12300.0;12600.0;12900.0;13200.0;13500.0;13800.0;14100.0;14400.0
14400,131.25,sgs_tke_buoyancy_production,0,Center,m^2 s^-3,equal_mean_of_12_instantaneous_profiles,10800,14400,11100.0;11400.0;11700.0;12000.0;12300.0;12600.0;12900.0;13200.0;13500.0;13800.0;14100.0;14400.0
14400,143.75,sgs_tke_buoyancy_production,0,Center,m^2 s^-3,equal_mean_of_12_instantaneous_profiles,10800,14400,11100.0;11400.0;11700.0;12000.0;12300.0;12600.0;12900.0;13200.0;13500.0;13800.0;14100.0;14400.0
14400,156.25,sgs_tke_buoyancy_production,0,Center,m^2 s^-3,equal_mean_of_12_instantaneous_profiles,10800,14400,11100.0;11400.0;11700.0;12000.0;12300.0;12600.0;12900.0;13200.0;13500.0;13800.0;14100.0;14400.0
14400,168.75,sgs_tke_buoyancy_production,0,Center,m^2 s^-3,equal_mean_of_12_instantaneous_profiles,10800,14400,11100.0;11400.0;11700.0;12000.0;12300.0;12600.0;12900.0;13200.0;13500.0;13800.0;14100.0;14400.0
14400,181.25,sgs_tke_buoyancy_production,0,Center,m^2 s^-3,equal_mean_of_12_instantaneous_profiles,10800,14400,11100.0;11400.0;11700.0;12000.0;12300.0;12600.0;12900.0;13200.0;13500.0;13800.0;14100.0;14400.0
14400,193.75,sgs_tke_buoyancy_production,0,Center,m^2 s^-3,equal_mean_of_12_instantaneous_profiles,10800,14400,11100.0;11400.0;11700.0;12000.0;12300.0;12600.0;12900.0;13200.0;13500.0;13800.0;14100.0;14400.0
14400,206.25,sgs_tke_buoyancy_production,0,Center,m^2 s^-3,equal_mean_of_12_instantaneous_profiles,10800,14400,11100.0;11400.0;11700.0;12000.0;12300.0;12600.0;12900.0;13200.0;13500.0;13800.0;14100.0;14400.0
14400,218.75,sgs_tke_buoyancy_production,0,Center,m^2 s^-3,equal_mean_of_12_instantaneous_profiles,10800,14400,11100.0;11400.0;11700.0;12000.0;12300.0;12600.0;12900.0;13200.0;13500.0;13800.0;14100.0;14400.0
14400,231.25,sgs_tke_buoyancy_production,0,Center,m^2 s^-3,equal_mean_of_12_instantaneous_profiles,10800,14400,11100.0;11400.0;11700.0;12000.0;12300.0;12600.0;12900.0;13200.0;13500.0;13800.0;14100.0;14400.0
14400,243.75,sgs_tke_buoyancy_production,0,Center,m^2 s^-3,equal_mean_of_12_instantaneous_profiles,10800,14400,11100.0;11400.0;11700.0;12000.0;12300.0;12600.0;12900.0;13200.0;13500.0;13800.0;14100.0;14400.0
14400,256.25,sgs_tke_buoyancy_production,0,Center,m^2 s^-3,equal_mean_of_12_instantaneous_profiles,10800,14400,11100.0;11400.0;11700.0;12000.0;12300.0;12600.0;12900.0;13200.0;13500.0;13800.0;14100.0;14400.0
14400,268.75,sgs_tke_buoyancy_production,0,Center,m^2 s^-3,equal_mean_of_12_instantaneous_profiles,10800,14400,11100.0;11400.0;11700.0;12000.0;12300.0;12600.0;12900.0;13200.0;13500.0;13800.0;14100.0;14400.0
14400,281.25,sgs_tke_buoyancy_production,0,Center,m^2 s^-3,equal_mean_of_12_instantaneous_profiles,10800,14400,11100.0;11400.0;11700.0;12000.0;12300.0;12600.0;12900.0;13200.0;13500.0;13800.0;14100.0;14400.0
14400,293.75,sgs_tke_buoyancy_production,0,Center,m^2 s^-3,equal_mean_of_12_instantaneous_profiles,10800,14400,11100.0;11400.0;11700.0;12000.0;12300.0;12600.0;12900.0;13200.0;13500.0;13800.0;14100.0;14400.0
14400,306.25,sgs_tke_buoyancy_production,0,Center,m^2 s^-3,equal_mean_of_12_instantaneous_profiles,10800,14400,11100.0;11400.0;11700.0;12000.0;12300.0;12600.0;12900.0;13200.0;13500.0;13800.0;14100.0;14400.0
14400,318.75,sgs_tke_buoyancy_production,0,Center,m^2 s^-3,equal_mean_of_12_instantaneous_profiles,10800,14400,11100.0;11400.0;11700.0;12000.0;12300.0;12600.0;12900.0;13200.0;13500.0;13800.0;14100.0;14400.0
14400,331.25,sgs_tke_buoyancy_production,0,Center,m^2 s^-3,equal_mean_of_12_instantaneous_profiles,10800,14400,11100.0;11400.0;11700.0;12000.0;12300.0;12600.0;12900.0;13200.0;13500.0;13800.0;14100.0;14400.0
14400,343.75,sgs_tke_buoyancy_production,0,Center,m^2 s^-3,equal_mean_of_12_instantaneous_profiles,10800,14400,11100.0;11400.0;11700.0;12000.0;12300.0;12600.0;12900.0;13200.0;13500.0;13800.0;14100.0;14400.0
14400,356.25,sgs_tke_buoyancy_production,0,Center,m^2 s^-3,equal_mean_of_12_instantaneous_profiles,10800,14400,11100.0;11400.0;11700.0;12000.0;12300.0;12600.0;12900.0;13200.0;13500.0;13800.0;14100.0;14400.0
14400,368.75,sgs_tke_buoyancy_production,0,Center,m^2 s^-3,equal_mean_of_12_instantaneous_profiles,10800,14400,11100.0;11400.0;11700.0;12000.0;12300.0;12600.0;12900.0;13200.0;13500.0;13800.0;14100.0;14400.0
14400,381.25,sgs_tke_buoyancy_production,0,Center,m^2 s^-3,equal_mean_of_12_instantaneous_profiles,10800,14400,11100.0;11400.0;11700.0;12000.0;12300.0;12600.0;12900.0;13200.0;13500.0;13800.0;14100.0;14400.0
14400,393.75,sgs_tke_buoyancy_production,0,Center,m^2 s^-3,equal_mean_of_12_instantaneous_profiles,10800,14400,11100.0;11400.0;11700.0;12000.0;12300.0;12600.0;12900.0;13200.0;13500.0;13800.0;14100.0;14400.0
14400,406.25,sgs_tke_buoyancy_production,0,Center,m^2 s^-3,equal_mean_of_12_instantaneous_profiles,10800,14400,11100.0;11400.0;11700.0;12000.0;12300.0;12600.0;12900.0;13200.0;13500.0;13800.0;14100.0;14400.0
14400,418.75,sgs_tke_buoyancy_production,0,Center,m^2 s^-3,equal_mean_of_12_instantaneous_profiles,10800,14400,11100.0;11400.0;11700.0;12000.0;12300.0;12600.0;12900.0;13200.0;13500.0;13800.0;14100.0;14400.0
14400,431.25,sgs_tke_buoyancy_production,0,Center,m^2 s^-3,equal_mean_of_12_instantaneous_profiles,10800,14400,11100.0;11400.0;11700.0;12000.0;12300.0;12600.0;12900.0;13200.0;13500.0;13800.0;14100.0;14400.0
14400,443.75,sgs_tke_buoyancy_production,0,Center,m^2 s^-3,equal_mean_of_12_instantaneous_profiles,10800,14400,11100.0;11400.0;11700.0;12000.0;12300.0;12600.0;12900.0;13200.0;13500.0;13800.0;14100.0;14400.0
14400,456.25,sgs_tke_buoyancy_production,0,Center,m^2 s^-3,equal_mean_of_12_instantaneous_profiles,10800,14400,11100.0;11400.0;11700.0;12000.0;12300.0;12600.0;12900.0;13200.0;13500.0;13800.0;14100.0;14400.0
14400,468.75,sgs_tke_buoyancy_production,0,Center,m^2 s^-3,equal_mean_of_12_instantaneous_profiles,10800,14400,11100.0;11400.0;11700.0;12000.0;12300.0;12600.0;12900.0;13200.0;13500.0;13800.0;14100.0;14400.0
14400,481.25,sgs_tke_buoyancy_production,0,Center,m^2 s^-3,equal_mean_of_12_instantaneous_profiles,10800,14400,11100.0;11400.0;11700.0;12000.0;12300.0;12600.0;12900.0;13200.0;13500.0;13800.0;14100.0;14400.0
14400,493.75,sgs_tke_buoyancy_production,0,Center,m^2 s^-3,equal_mean_of_12_instantaneous_profiles,10800,14400,11100.0;11400.0;11700.0;12000.0;12300.0;12600.0;12900.0;13200.0;13500.0;13800.0;14100.0;14400.0
14400,506.25,sgs_tke_buoyancy_production,0,Center,m^2 s^-3,equal_mean_of_12_instantaneous_profiles,10800,14400,11100.0;11400.0;11700.0;12000.0;12300.0;12600.0;12900.0;13200.0;13500.0;13800.0;14100.0;14400.0
14400,518.75,sgs_tke_buoyancy_production,0,Center,m^2 s^-3,equal_mean_of_12_instantaneous_profiles,10800,14400,11100.0;11400.0;11700.0;12000.0;12300.0;12600.0;12900.0;13200.0;13500.0;13800.0;14100.0;14400.0
14400,531.25,sgs_tke_buoyancy_production,0,Center,m^2 s^-3,equal_mean_of_12_instantaneous_profiles,10800,14400,11100.0;11400.0;11700.0;12000.0;12300.0;12600.0;12900.0;13200.0;13500.0;13800.0;14100.0;14400.0
14400,543.75,sgs_tke_buoyancy_production,0,Center,m^2 s^-3,equal_mean_of_12_instantaneous_profiles,10800,14400,11100.0;11400.0;11700.0;12000.0;12300.0;12600.0;12900.0;13200.0;13500.0;13800.0;14100.0;14400.0
14400,556.25,sgs_tke_buoyancy_production,0,Center,m^2 s^-3,equal_mean_of_12_instantaneous_profiles,10800,14400,11100.0;11400.0;11700.0;12000.0;12300.0;12600.0;12900.0;13200.0;13500.0;13800.0;14100.0;14400.0
14400,568.75,sgs_tke_buoyancy_production,0,Center,m^2 s^-3,equal_mean_of_12_instantaneous_profiles,10800,14400,11100.0;11400.0;11700.0;12000.0;12300.0;12600.0;12900.0;13200.0;13500.0;13800.0;14100.0;14400.0
14400,581.25,sgs_tke_buoyancy_production,0,Center,m^2 s^-3,equal_mean_of_12_instantaneous_profiles,10800,14400,11100.0;11400.0;11700.0;12000.0;12300.0;12600.0;12900.0;13200.0;13500.0;13800.0;14100.0;14400.0
14400,593.75,sgs_tke_buoyancy_production,0,Center,m^2 s^-3,equal_mean_of_12_instantaneous_profiles,10800,14400,11100.0;11400.0;11700.0;12000.0;12300.0;12600.0;12900.0;13200.0;13500.0;13800.0;14100.0;14400.0
14400,606.25,sgs_tke_buoyancy_production,0,Center,m^2 s^-3,equal_mean_of_12_instantaneous_profiles,10800,14400,11100.0;11400.0;11700.0;12000.0;12300.0;12600.0;12900.0;13200.0;13500.0;13800.0;14100.0;14400.0
14400,618.75,sgs_tke_buoyancy_production,0,Center,m^2 s^-3,equal_mean_of_12_instantaneous_profiles,10800,14400,11100.0;11400.0;11700.0;12000.0;12300.0;12600.0;12900.0;13200.0;13500.0;13800.0;14100.0;14400.0
14400,631.25,sgs_tke_buoyancy_production,0,Center,m^2 s^-3,equal_mean_of_12_instantaneous_profiles,10800,14400,11100.0;11400.0;11700.0;12000.0;12300.0;12600.0;12900.0;13200.0;13500.0;13800.0;14100.0;14400.0
14400,643.75,sgs_tke_buoyancy_production,0,Center,m^2 s^-3,equal_mean_of_12_instantaneous_profiles,10800,14400,11100.0;11400.0;11700.0;12000.0;12300.0;12600.0;12900.0;13200.0;13500.0;13800.0;14100.0;14400.0
14400,656.25,sgs_tke_buoyancy_production,0,Center,m^2 s^-3,equal_mean_of_12_instantaneous_profiles,10800,14400,11100.0;11400.0;11700.0;12000.0;12300.0;12600.0;12900.0;13200.0;13500.0;13800.0;14100.0;14400.0
14400,668.75,sgs_tke_buoyancy_production,0,Center,m^2 s^-3,equal_mean_of_12_instantaneous_profiles,10800,14400,11100.0;11400.0;11700.0;12000.0;12300.0;12600.0;12900.0;13200.0;13500.0;13800.0;14100.0;14400.0
14400,681.25,sgs_tke_buoyancy_production,0,Center,m^2 s^-3,equal_mean_of_12_instantaneous_profiles,10800,14400,11100.0;11400.0;11700.0;12000.0;12300.0;12600.0;12900.0;13200.0;13500.0;13800.0;14100.0;14400.0
14400,693.75,sgs_tke_buoyancy_production,0,Center,m^2 s^-3,equal_mean_of_12_instantaneous_profiles,10800,14400,11100.0;11400.0;11700.0;12000.0;12300.0;12600.0;12900.0;13200.0;13500.0;13800.0;14100.0;14400.0
14400,706.25,sgs_tke_buoyancy_production,0,Center,m^2 s^-3,equal_mean_of_12_instantaneous_profiles,10800,14400,11100.0;11400.0;11700.0;12000.0;12300.0;12600.0;12900.0;13200.0;13500.0;13800.0;14100.0;14400.0
14400,718.75,sgs_tke_buoyancy_production,0,Center,m^2 s^-3,equal_mean_of_12_instantaneous_profiles,10800,14400,11100.0;11400.0;11700.0;12000.0;12300.0;12600.0;12900.0;13200.0;13500.0;13800.0;14100.0;14400.0
14400,731.25,sgs_tke_buoyancy_production,0,Center,m^2 s^-3,equal_mean_of_12_instantaneous_profiles,10800,14400,11100.0;11400.0;11700.0;12000.0;12300.0;12600.0;12900.0;13200.0;13500.0;13800.0;14100.0;14400.0
14400,743.75,sgs_tke_buoyancy_production,0,Center,m^2 s^-3,equal_mean_of_12_instantaneous_profiles,10800,14400,11100.0;11400.0;11700.0;12000.0;12300.0;12600.0;12900.0;13200.0;13500.0;13800.0;14100.0;14400.0
14400,756.25,sgs_tke_buoyancy_production,0,Center,m^2 s^-3,equal_mean_of_12_instantaneous_profiles,10800,14400,11100.0;11400.0;11700.0;12000.0;12300.0;12600.0;12900.0;13200.0;13500.0;13800.0;14100.0;14400.0
14400,768.75,sgs_tke_buoyancy_production,0,Center,m^2 s^-3,equal_mean_of_12_instantaneous_profiles,10800,14400,11100.0;11400.0;11700.0;12000.0;12300.0;12600.0;12900.0;13200.0;13500.0;13800.0;14100.0;14400.0
14400,781.25,sgs_tke_buoyancy_production,0,Center,m^2 s^-3,equal_mean_of_12_instantaneous_profiles,10800,14400,11100.0;11400.0;11700.0;12000.0;12300.0;12600.0;12900.0;13200.0;13500.0;13800.0;14100.0;14400.0
14400,793.75,sgs_tke_buoyancy_production,0,Center,m^2 s^-3,equal_mean_of_12_instantaneous_profiles,10800,14400,11100.0;11400.0;11700.0;12000.0;12300.0;12600.0;12900.0;13200.0;13500.0;13800.0;14100.0;14400.0
14400,6.25,sgs_tke_shear_production,0.0005627455854361566,Center,m^2 s^-3,equal_mean_of_12_instantaneous_profiles,10800,14400,11100.0;11400.0;11700.0;12000.0;12300.0;12600.0;12900.0;13200.0;13500.0;13800.0;14100.0;14400.0
14400,18.75,sgs_tke_shear_production,0.00093729092623107135,Center,m^2 s^-3,equal_mean_of_12_instantaneous_profiles,10800,14400,11100.0;11400.0;11700.0;12000.0;12300.0;12600.0;12900.0;13200.0;13500.0;13800.0;14100.0;14400.0
14400,31.25,sgs_tke_shear_production,0.00037454534564555314,Center,m^2 s^-3,equal_mean_of_12_instantaneous_profiles,10800,14400,11100.0;11400.0;11700.0;12000.0;12300.0;12600.0;12900.0;13200.0;13500.0;13800.0;14100.0;14400.0
14400,43.75,sgs_tke_shear_production,0,Center,m^2 s^-3,equal_mean_of_12_instantaneous_profiles,10800,14400,11100.0;11400.0;11700.0;12000.0;12300.0;12600.0;12900.0;13200.0;13500.0;13800.0;14100.0;14400.0
14400,56.25,sgs_tke_shear_production,0,Center,m^2 s^-3,equal_mean_of_12_instantaneous_profiles,10800,14400,11100.0;11400.0;11700.0;12000.0;12300.0;12600.0;12900.0;13200.0;13500.0;13800.0;14100.0;14400.0
14400,68.75,sgs_tke_shear_production,0,Center,m^2 s^-3,equal_mean_of_12_instantaneous_profiles,10800,14400,11100.0;11400.0;11700.0;12000.0;12300.0;12600.0;12900.0;13200.0;13500.0;13800.0;14100.0;14400.0
14400,81.25,sgs_tke_shear_production,0,Center,m^2 s^-3,equal_mean_of_12_instantaneous_profiles,10800,14400,11100.0;11400.0;11700.0;12000.0;12300.0;12600.0;12900.0;13200.0;13500.0;13800.0;14100.0;14400.0
14400,93.75,sgs_tke_shear_production,0,Center,m^2 s^-3,equal_mean_of_12_instantaneous_profiles,10800,14400,11100.0;11400.0;11700.0;12000.0;12300.0;12600.0;12900.0;13200.0;13500.0;13800.0;14100.0;14400.0
14400,106.25,sgs_tke_shear_production,0,Center,m^2 s^-3,equal_mean_of_12_instantaneous_profiles,10800,14400,11100.0;11400.0;11700.0;12000.0;12300.0;12600.0;12900.0;13200.0;13500.0;13800.0;14100.0;14400.0
14400,118.75,sgs_tke_shear_production,0,Center,m^2 s^-3,equal_mean_of_12_instantaneous_profiles,10800,14400,11100.0;11400.0;11700.0;12000.0;12300.0;12600.0;12900.0;13200.0;13500.0;13800.0;14100.0;14400.0
14400,131.25,sgs_tke_shear_production,0,Center,m^2 s^-3,equal_mean_of_12_instantaneous_profiles,10800,14400,11100.0;11400.0;11700.0;12000.0;12300.0;12600.0;12900.0;13200.0;13500.0;13800.0;14100.0;14400.0
14400,143.75,sgs_tke_shear_production,0,Center,m^2 s^-3,equal_mean_of_12_instantaneous_profiles,10800,14400,11100.0;11400.0;11700.0;12000.0;12300.0;12600.0;12900.0;13200.0;13500.0;13800.0;14100.0;14400.0
14400,156.25,sgs_tke_shear_production,0,Center,m^2 s^-3,equal_mean_of_12_instantaneous_profiles,10800,14400,11100.0;11400.0;11700.0;12000.0;12300.0;12600.0;12900.0;13200.0;13500.0;13800.0;14100.0;14400.0
14400,168.75,sgs_tke_shear_production,0,Center,m^2 s^-3,equal_mean_of_12_instantaneous_profiles,10800,14400,11100.0;11400.0;11700.0;12000.0;12300.0;12600.0;12900.0;13200.0;13500.0;13800.0;14100.0;14400.0
14400,181.25,sgs_tke_shear_production,0,Center,m^2 s^-3,equal_mean_of_12_instantaneous_profiles,10800,14400,11100.0;11400.0;11700.0;12000.0;12300.0;12600.0;12900.0;13200.0;13500.0;13800.0;14100.0;14400.0
14400,193.75,sgs_tke_shear_production,0,Center,m^2 s^-3,equal_mean_of_12_instantaneous_profiles,10800,14400,11100.0;11400.0;11700.0;12000.0;12300.0;12600.0;12900.0;13200.0;13500.0;13800.0;14100.0;14400.0
14400,206.25,sgs_tke_shear_production,0,Center,m^2 s^-3,equal_mean_of_12_instantaneous_profiles,10800,14400,11100.0;11400.0;11700.0;12000.0;12300.0;12600.0;12900.0;13200.0;13500.0;13800.0;14100.0;14400.0
14400,218.75,sgs_tke_shear_production,0,Center,m^2 s^-3,equal_mean_of_12_instantaneous_profiles,10800,14400,11100.0;11400.0;11700.0;12000.0;12300.0;12600.0;12900.0;13200.0;13500.0;13800.0;14100.0;14400.0
14400,231.25,sgs_tke_shear_production,0,Center,m^2 s^-3,equal_mean_of_12_instantaneous_profiles,10800,14400,11100.0;11400.0;11700.0;12000.0;12300.0;12600.0;12900.0;13200.0;13500.0;13800.0;14100.0;14400.0
14400,243.75,sgs_tke_shear_production,0,Center,m^2 s^-3,equal_mean_of_12_instantaneous_profiles,10800,14400,11100.0;11400.0;11700.0;12000.0;12300.0;12600.0;12900.0;13200.0;13500.0;13800.0;14100.0;14400.0
14400,256.25,sgs_tke_shear_production,0,Center,m^2 s^-3,equal_mean_of_12_instantaneous_profiles,10800,14400,11100.0;11400.0;11700.0;12000.0;12300.0;12600.0;12900.0;13200.0;13500.0;13800.0;14100.0;14400.0
14400,268.75,sgs_tke_shear_production,0,Center,m^2 s^-3,equal_mean_of_12_instantaneous_profiles,10800,14400,11100.0;11400.0;11700.0;12000.0;12300.0;12600.0;12900.0;13200.0;13500.0;13800.0;14100.0;14400.0
14400,281.25,sgs_tke_shear_production,0,Center,m^2 s^-3,equal_mean_of_12_instantaneous_profiles,10800,14400,11100.0;11400.0;11700.0;12000.0;12300.0;12600.0;12900.0;13200.0;13500.0;13800.0;14100.0;14400.0
14400,293.75,sgs_tke_shear_production,0,Center,m^2 s^-3,equal_mean_of_12_instantaneous_profiles,10800,14400,11100.0;11400.0;11700.0;12000.0;12300.0;12600.0;12900.0;13200.0;13500.0;13800.0;14100.0;14400.0
14400,306.25,sgs_tke_shear_production,0,Center,m^2 s^-3,equal_mean_of_12_instantaneous_profiles,10800,14400,11100.0;11400.0;11700.0;12000.0;12300.0;12600.0;12900.0;13200.0;13500.0;13800.0;14100.0;14400.0
14400,318.75,sgs_tke_shear_production,0,Center,m^2 s^-3,equal_mean_of_12_instantaneous_profiles,10800,14400,11100.0;11400.0;11700.0;12000.0;12300.0;12600.0;12900.0;13200.0;13500.0;13800.0;14100.0;14400.0
14400,331.25,sgs_tke_shear_production,0,Center,m^2 s^-3,equal_mean_of_12_instantaneous_profiles,10800,14400,11100.0;11400.0;11700.0;12000.0;12300.0;12600.0;12900.0;13200.0;13500.0;13800.0;14100.0;14400.0
14400,343.75,sgs_tke_shear_production,0,Center,m^2 s^-3,equal_mean_of_12_instantaneous_profiles,10800,14400,11100.0;11400.0;11700.0;12000.0;12300.0;12600.0;12900.0;13200.0;13500.0;13800.0;14100.0;14400.0
14400,356.25,sgs_tke_shear_production,0,Center,m^2 s^-3,equal_mean_of_12_instantaneous_profiles,10800,14400,11100.0;11400.0;11700.0;12000.0;12300.0;12600.0;12900.0;13200.0;13500.0;13800.0;14100.0;14400.0
14400,368.75,sgs_tke_shear_production,0,Center,m^2 s^-3,equal_mean_of_12_instantaneous_profiles,10800,14400,11100.0;11400.0;11700.0;12000.0;12300.0;12600.0;12900.0;13200.0;13500.0;13800.0;14100.0;14400.0
14400,381.25,sgs_tke_shear_production,0,Center,m^2 s^-3,equal_mean_of_12_instantaneous_profiles,10800,14400,11100.0;11400.0;11700.0;12000.0;12300.0;12600.0;12900.0;13200.0;13500.0;13800.0;14100.0;14400.0
14400,393.75,sgs_tke_shear_production,0,Center,m^2 s^-3,equal_mean_of_12_instantaneous_profiles,10800,14400,11100.0;11400.0;11700.0;12000.0;12300.0;12600.0;12900.0;13200.0;13500.0;13800.0;14100.0;14400.0
14400,406.25,sgs_tke_shear_production,0,Center,m^2 s^-3,equal_mean_of_12_instantaneous_profiles,10800,14400,11100.0;11400.0;11700.0;12000.0;12300.0;12600.0;12900.0;13200.0;13500.0;13800.0;14100.0;14400.0
14400,418.75,sgs_tke_shear_production,0,Center,m^2 s^-3,equal_mean_of_12_instantaneous_profiles,10800,14400,11100.0;11400.0;11700.0;12000.0;12300.0;12600.0;12900.0;13200.0;13500.0;13800.0;14100.0;14400.0
14400,431.25,sgs_tke_shear_production,0,Center,m^2 s^-3,equal_mean_of_12_instantaneous_profiles,10800,14400,11100.0;11400.0;11700.0;12000.0;12300.0;12600.0;12900.0;13200.0;13500.0;13800.0;14100.0;14400.0
14400,443.75,sgs_tke_shear_production,0,Center,m^2 s^-3,equal_mean_of_12_instantaneous_profiles,10800,14400,11100.0;11400.0;11700.0;12000.0;12300.0;12600.0;12900.0;13200.0;13500.0;13800.0;14100.0;14400.0
14400,456.25,sgs_tke_shear_production,0,Center,m^2 s^-3,equal_mean_of_12_instantaneous_profiles,10800,14400,11100.0;11400.0;11700.0;12000.0;12300.0;12600.0;12900.0;13200.0;13500.0;13800.0;14100.0;14400.0
14400,468.75,sgs_tke_shear_production,0,Center,m^2 s^-3,equal_mean_of_12_instantaneous_profiles,10800,14400,11100.0;11400.0;11700.0;12000.0;12300.0;12600.0;12900.0;13200.0;13500.0;13800.0;14100.0;14400.0
14400,481.25,sgs_tke_shear_production,0,Center,m^2 s^-3,equal_mean_of_12_instantaneous_profiles,10800,14400,11100.0;11400.0;11700.0;12000.0;12300.0;12600.0;12900.0;13200.0;13500.0;13800.0;14100.0;14400.0
14400,493.75,sgs_tke_shear_production,0,Center,m^2 s^-3,equal_mean_of_12_instantaneous_profiles,10800,14400,11100.0;11400.0;11700.0;12000.0;12300.0;12600.0;12900.0;13200.0;13500.0;13800.0;14100.0;14400.0
14400,506.25,sgs_tke_shear_production,0,Center,m^2 s^-3,equal_mean_of_12_instantaneous_profiles,10800,14400,11100.0;11400.0;11700.0;12000.0;12300.0;12600.0;12900.0;13200.0;13500.0;13800.0;14100.0;14400.0
14400,518.75,sgs_tke_shear_production,0,Center,m^2 s^-3,equal_mean_of_12_instantaneous_profiles,10800,14400,11100.0;11400.0;11700.0;12000.0;12300.0;12600.0;12900.0;13200.0;13500.0;13800.0;14100.0;14400.0
14400,531.25,sgs_tke_shear_production,0,Center,m^2 s^-3,equal_mean_of_12_instantaneous_profiles,10800,14400,11100.0;11400.0;11700.0;12000.0;12300.0;12600.0;12900.0;13200.0;13500.0;13800.0;14100.0;14400.0
14400,543.75,sgs_tke_shear_production,0,Center,m^2 s^-3,equal_mean_of_12_instantaneous_profiles,10800,14400,11100.0;11400.0;11700.0;12000.0;12300.0;12600.0;12900.0;13200.0;13500.0;13800.0;14100.0;14400.0
14400,556.25,sgs_tke_shear_production,0,Center,m^2 s^-3,equal_mean_of_12_instantaneous_profiles,10800,14400,11100.0;11400.0;11700.0;12000.0;12300.0;12600.0;12900.0;13200.0;13500.0;13800.0;14100.0;14400.0
14400,568.75,sgs_tke_shear_production,0,Center,m^2 s^-3,equal_mean_of_12_instantaneous_profiles,10800,14400,11100.0;11400.0;11700.0;12000.0;12300.0;12600.0;12900.0;13200.0;13500.0;13800.0;14100.0;14400.0
14400,581.25,sgs_tke_shear_production,0,Center,m^2 s^-3,equal_mean_of_12_instantaneous_profiles,10800,14400,11100.0;11400.0;11700.0;12000.0;12300.0;12600.0;12900.0;13200.0;13500.0;13800.0;14100.0;14400.0
14400,593.75,sgs_tke_shear_production,0,Center,m^2 s^-3,equal_mean_of_12_instantaneous_profiles,10800,14400,11100.0;11400.0;11700.0;12000.0;12300.0;12600.0;12900.0;13200.0;13500.0;13800.0;14100.0;14400.0
14400,606.25,sgs_tke_shear_production,0,Center,m^2 s^-3,equal_mean_of_12_instantaneous_profiles,10800,14400,11100.0;11400.0;11700.0;12000.0;12300.0;12600.0;12900.0;13200.0;13500.0;13800.0;14100.0;14400.0
14400,618.75,sgs_tke_shear_production,0,Center,m^2 s^-3,equal_mean_of_12_instantaneous_profiles,10800,14400,11100.0;11400.0;11700.0;12000.0;12300.0;12600.0;12900.0;13200.0;13500.0;13800.0;14100.0;14400.0
14400,631.25,sgs_tke_shear_production,0,Center,m^2 s^-3,equal_mean_of_12_instantaneous_profiles,10800,14400,11100.0;11400.0;11700.0;12000.0;12300.0;12600.0;12900.0;13200.0;13500.0;13800.0;14100.0;14400.0
14400,643.75,sgs_tke_shear_production,0,Center,m^2 s^-3,equal_mean_of_12_instantaneous_profiles,10800,14400,11100.0;11400.0;11700.0;12000.0;12300.0;12600.0;12900.0;13200.0;13500.0;13800.0;14100.0;14400.0
14400,656.25,sgs_tke_shear_production,0,Center,m^2 s^-3,equal_mean_of_12_instantaneous_profiles,10800,14400,11100.0;11400.0;11700.0;12000.0;12300.0;12600.0;12900.0;13200.0;13500.0;13800.0;14100.0;14400.0
14400,668.75,sgs_tke_shear_production,0,Center,m^2 s^-3,equal_mean_of_12_instantaneous_profiles,10800,14400,11100.0;11400.0;11700.0;12000.0;12300.0;12600.0;12900.0;13200.0;13500.0;13800.0;14100.0;14400.0
14400,681.25,sgs_tke_shear_production,0,Center,m^2 s^-3,equal_mean_of_12_instantaneous_profiles,10800,14400,11100.0;11400.0;11700.0;12000.0;12300.0;12600.0;12900.0;13200.0;13500.0;13800.0;14100.0;14400.0
14400,693.75,sgs_tke_shear_production,0,Center,m^2 s^-3,equal_mean_of_12_instantaneous_profiles,10800,14400,11100.0;11400.0;11700.0;12000.0;12300.0;12600.0;12900.0;13200.0;13500.0;13800.0;14100.0;14400.0
14400,706.25,sgs_tke_shear_production,0,Center,m^2 s^-3,equal_mean_of_12_instantaneous_profiles,10800,14400,11100.0;11400.0;11700.0;12000.0;12300.0;12600.0;12900.0;13200.0;13500.0;13800.0;14100.0;14400.0
14400,718.75,sgs_tke_shear_production,0,Center,m^2 s^-3,equal_mean_of_12_instantaneous_profiles,10800,14400,11100.0;11400.0;11700.0;12000.0;12300.0;12600.0;12900.0;13200.0;13500.0;13800.0;14100.0;14400.0
14400,731.25,sgs_tke_shear_production,0,Center,m^2 s^-3,equal_mean_of_12_instantaneous_profiles,10800,14400,11100.0;11400.0;11700.0;12000.0;12300.0;12600.0;12900.0;13200.0;13500.0;13800.0;14100.0;14400.0
14400,743.75,sgs_tke_shear_production,0,Center,m^2 s^-3,equal_mean_of_12_instantaneous_profiles,10800,14400,11100.0;11400.0;11700.0;12000.0;12300.0;12600.0;12900.0;13200.0;13500.0;13800.0;14100.0;14400.0
14400,756.25,sgs_tke_shear_production,0,Center,m^2 s^-3,equal_mean_of_12_instantaneous_profiles,10800,14400,11100.0;11400.0;11700.0;12000.0;12300.0;12600.0;12900.0;13200.0;13500.0;13800.0;14100.0;14400.0
14400,768.75,sgs_tke_shear_production,0,Center,m^2 s^-3,equal_mean_of_12_instantaneous_profiles,10800,14400,11100.0;11400.0;11700.0;12000.0;12300.0;12600.0;12900.0;13200.0;13500.0;13800.0;14100.0;14400.0
14400,781.25,sgs_tke_shear_production,0,Center,m^2 s^-3,equal_mean_of_12_instantaneous_profiles,10800,14400,11100.0;11400.0;11700.0;12000.0;12300.0;12600.0;12900.0;13200.0;13500.0;13800.0;14100.0;14400.0
14400,793.75,sgs_tke_shear_production,0,Center,m^2 s^-3,equal_mean_of_12_instantaneous_profiles,10800,14400,11100.0;11400.0;11700.0;12000.0;12300.0;12600.0;12900.0;13200.0;13500.0;13800.0;14100.0;14400.0
14400,0,sgs_u_w_flux,0,Face,m^2 s^-2,equal_mean_of_12_instantaneous_profiles,10800,14400,11100.0;11400.0;11700.0;12000.0;12300.0;12600.0;12900.0;13200.0;13500.0;13800.0;14100.0;14400.0
14400,12.5,sgs_u_w_flux,0.033515606696406998,Face,m^2 s^-2,equal_mean_of_12_instantaneous_profiles,10800,14400,11100.0;11400.0;11700.0;12000.0;12300.0;12600.0;12900.0;13200.0;13500.0;13800.0;14100.0;14400.0
14400,25,sgs_u_w_flux,0.027128766290843487,Face,m^2 s^-2,equal_mean_of_12_instantaneous_profiles,10800,14400,11100.0;11400.0;11700.0;12000.0;12300.0;12600.0;12900.0;13200.0;13500.0;13800.0;14100.0;14400.0
14400,37.5,sgs_u_w_flux,0,Face,m^2 s^-2,equal_mean_of_12_instantaneous_profiles,10800,14400,11100.0;11400.0;11700.0;12000.0;12300.0;12600.0;12900.0;13200.0;13500.0;13800.0;14100.0;14400.0
14400,50,sgs_u_w_flux,0,Face,m^2 s^-2,equal_mean_of_12_instantaneous_profiles,10800,14400,11100.0;11400.0;11700.0;12000.0;12300.0;12600.0;12900.0;13200.0;13500.0;13800.0;14100.0;14400.0
14400,62.5,sgs_u_w_flux,0,Face,m^2 s^-2,equal_mean_of_12_instantaneous_profiles,10800,14400,11100.0;11400.0;11700.0;12000.0;12300.0;12600.0;12900.0;13200.0;13500.0;13800.0;14100.0;14400.0
14400,75,sgs_u_w_flux,0,Face,m^2 s^-2,equal_mean_of_12_instantaneous_profiles,10800,14400,11100.0;11400.0;11700.0;12000.0;12300.0;12600.0;12900.0;13200.0;13500.0;13800.0;14100.0;14400.0
14400,87.5,sgs_u_w_flux,0,Face,m^2 s^-2,equal_mean_of_12_instantaneous_profiles,10800,14400,11100.0;11400.0;11700.0;12000.0;12300.0;12600.0;12900.0;13200.0;13500.0;13800.0;14100.0;14400.0
14400,100,sgs_u_w_flux,0,Face,m^2 s^-2,equal_mean_of_12_instantaneous_profiles,10800,14400,11100.0;11400.0;11700.0;12000.0;12300.0;12600.0;12900.0;13200.0;13500.0;13800.0;14100.0;14400.0
14400,112.5,sgs_u_w_flux,0,Face,m^2 s^-2,equal_mean_of_12_instantaneous_profiles,10800,14400,11100.0;11400.0;11700.0;12000.0;12300.0;12600.0;12900.0;13200.0;13500.0;13800.0;14100.0;14400.0
14400,125,sgs_u_w_flux,0,Face,m^2 s^-2,equal_mean_of_12_instantaneous_profiles,10800,14400,11100.0;11400.0;11700.0;12000.0;12300.0;12600.0;12900.0;13200.0;13500.0;13800.0;14100.0;14400.0
14400,137.5,sgs_u_w_flux,0,Face,m^2 s^-2,equal_mean_of_12_instantaneous_profiles,10800,14400,11100.0;11400.0;11700.0;12000.0;12300.0;12600.0;12900.0;13200.0;13500.0;13800.0;14100.0;14400.0
14400,150,sgs_u_w_flux,0,Face,m^2 s^-2,equal_mean_of_12_instantaneous_profiles,10800,14400,11100.0;11400.0;11700.0;12000.0;12300.0;12600.0;12900.0;13200.0;13500.0;13800.0;14100.0;14400.0
14400,162.5,sgs_u_w_flux,0,Face,m^2 s^-2,equal_mean_of_12_instantaneous_profiles,10800,14400,11100.0;11400.0;11700.0;12000.0;12300.0;12600.0;12900.0;13200.0;13500.0;13800.0;14100.0;14400.0
14400,175,sgs_u_w_flux,0,Face,m^2 s^-2,equal_mean_of_12_instantaneous_profiles,10800,14400,11100.0;11400.0;11700.0;12000.0;12300.0;12600.0;12900.0;13200.0;13500.0;13800.0;14100.0;14400.0
14400,187.5,sgs_u_w_flux,0,Face,m^2 s^-2,equal_mean_of_12_instantaneous_profiles,10800,14400,11100.0;11400.0;11700.0;12000.0;12300.0;12600.0;12900.0;13200.0;13500.0;13800.0;14100.0;14400.0
14400,200,sgs_u_w_flux,0,Face,m^2 s^-2,equal_mean_of_12_instantaneous_profiles,10800,14400,11100.0;11400.0;11700.0;12000.0;12300.0;12600.0;12900.0;13200.0;13500.0;13800.0;14100.0;14400.0
14400,212.5,sgs_u_w_flux,0,Face,m^2 s^-2,equal_mean_of_12_instantaneous_profiles,10800,14400,11100.0;11400.0;11700.0;12000.0;12300.0;12600.0;12900.0;13200.0;13500.0;13800.0;14100.0;14400.0
14400,225,sgs_u_w_flux,0,Face,m^2 s^-2,equal_mean_of_12_instantaneous_profiles,10800,14400,11100.0;11400.0;11700.0;12000.0;12300.0;12600.0;12900.0;13200.0;13500.0;13800.0;14100.0;14400.0
14400,237.5,sgs_u_w_flux,0,Face,m^2 s^-2,equal_mean_of_12_instantaneous_profiles,10800,14400,11100.0;11400.0;11700.0;12000.0;12300.0;12600.0;12900.0;13200.0;13500.0;13800.0;14100.0;14400.0
14400,250,sgs_u_w_flux,0,Face,m^2 s^-2,equal_mean_of_12_instantaneous_profiles,10800,14400,11100.0;11400.0;11700.0;12000.0;12300.0;12600.0;12900.0;13200.0;13500.0;13800.0;14100.0;14400.0
14400,262.5,sgs_u_w_flux,0,Face,m^2 s^-2,equal_mean_of_12_instantaneous_profiles,10800,14400,11100.0;11400.0;11700.0;12000.0;12300.0;12600.0;12900.0;13200.0;13500.0;13800.0;14100.0;14400.0
14400,275,sgs_u_w_flux,0,Face,m^2 s^-2,equal_mean_of_12_instantaneous_profiles,10800,14400,11100.0;11400.0;11700.0;12000.0;12300.0;12600.0;12900.0;13200.0;13500.0;13800.0;14100.0;14400.0
14400,287.5,sgs_u_w_flux,0,Face,m^2 s^-2,equal_mean_of_12_instantaneous_profiles,10800,14400,11100.0;11400.0;11700.0;12000.0;12300.0;12600.0;12900.0;13200.0;13500.0;13800.0;14100.0;14400.0
14400,300,sgs_u_w_flux,0,Face,m^2 s^-2,equal_mean_of_12_instantaneous_profiles,10800,14400,11100.0;11400.0;11700.0;12000.0;12300.0;12600.0;12900.0;13200.0;13500.0;13800.0;14100.0;14400.0
14400,312.5,sgs_u_w_flux,0,Face,m^2 s^-2,equal_mean_of_12_instantaneous_profiles,10800,14400,11100.0;11400.0;11700.0;12000.0;12300.0;12600.0;12900.0;13200.0;13500.0;13800.0;14100.0;14400.0
14400,325,sgs_u_w_flux,0,Face,m^2 s^-2,equal_mean_of_12_instantaneous_profiles,10800,14400,11100.0;11400.0;11700.0;12000.0;12300.0;12600.0;12900.0;13200.0;13500.0;13800.0;14100.0;14400.0
14400,337.5,sgs_u_w_flux,0,Face,m^2 s^-2,equal_mean_of_12_instantaneous_profiles,10800,14400,11100.0;11400.0;11700.0;12000.0;12300.0;12600.0;12900.0;13200.0;13500.0;13800.0;14100.0;14400.0
14400,350,sgs_u_w_flux,0,Face,m^2 s^-2,equal_mean_of_12_instantaneous_profiles,10800,14400,11100.0;11400.0;11700.0;12000.0;12300.0;12600.0;12900.0;13200.0;13500.0;13800.0;14100.0;14400.0
14400,362.5,sgs_u_w_flux,0,Face,m^2 s^-2,equal_mean_of_12_instantaneous_profiles,10800,14400,11100.0;11400.0;11700.0;12000.0;12300.0;12600.0;12900.0;13200.0;13500.0;13800.0;14100.0;14400.0
14400,375,sgs_u_w_flux,0,Face,m^2 s^-2,equal_mean_of_12_instantaneous_profiles,10800,14400,11100.0;11400.0;11700.0;12000.0;12300.0;12600.0;12900.0;13200.0;13500.0;13800.0;14100.0;14400.0
14400,387.5,sgs_u_w_flux,0,Face,m^2 s^-2,equal_mean_of_12_instantaneous_profiles,10800,14400,11100.0;11400.0;11700.0;12000.0;12300.0;12600.0;12900.0;13200.0;13500.0;13800.0;14100.0;14400.0
14400,400,sgs_u_w_flux,0,Face,m^2 s^-2,equal_mean_of_12_instantaneous_profiles,10800,14400,11100.0;11400.0;11700.0;12000.0;12300.0;12600.0;12900.0;13200.0;13500.0;13800.0;14100.0;14400.0
14400,412.5,sgs_u_w_flux,0,Face,m^2 s^-2,equal_mean_of_12_instantaneous_profiles,10800,14400,11100.0;11400.0;11700.0;12000.0;12300.0;12600.0;12900.0;13200.0;13500.0;13800.0;14100.0;14400.0
14400,425,sgs_u_w_flux,0,Face,m^2 s^-2,equal_mean_of_12_instantaneous_profiles,10800,14400,11100.0;11400.0;11700.0;12000.0;12300.0;12600.0;12900.0;13200.0;13500.0;13800.0;14100.0;14400.0
14400,437.5,sgs_u_w_flux,0,Face,m^2 s^-2,equal_mean_of_12_instantaneous_profiles,10800,14400,11100.0;11400.0;11700.0;12000.0;12300.0;12600.0;12900.0;13200.0;13500.0;13800.0;14100.0;14400.0
14400,450,sgs_u_w_flux,0,Face,m^2 s^-2,equal_mean_of_12_instantaneous_profiles,10800,14400,11100.0;11400.0;11700.0;12000.0;12300.0;12600.0;12900.0;13200.0;13500.0;13800.0;14100.0;14400.0
14400,462.5,sgs_u_w_flux,0,Face,m^2 s^-2,equal_mean_of_12_instantaneous_profiles,10800,14400,11100.0;11400.0;11700.0;12000.0;12300.0;12600.0;12900.0;13200.0;13500.0;13800.0;14100.0;14400.0
14400,475,sgs_u_w_flux,0,Face,m^2 s^-2,equal_mean_of_12_instantaneous_profiles,10800,14400,11100.0;11400.0;11700.0;12000.0;12300.0;12600.0;12900.0;13200.0;13500.0;13800.0;14100.0;14400.0
14400,487.5,sgs_u_w_flux,0,Face,m^2 s^-2,equal_mean_of_12_instantaneous_profiles,10800,14400,11100.0;11400.0;11700.0;12000.0;12300.0;12600.0;12900.0;13200.0;13500.0;13800.0;14100.0;14400.0
14400,500,sgs_u_w_flux,0,Face,m^2 s^-2,equal_mean_of_12_instantaneous_profiles,10800,14400,11100.0;11400.0;11700.0;12000.0;12300.0;12600.0;12900.0;13200.0;13500.0;13800.0;14100.0;14400.0
14400,512.5,sgs_u_w_flux,0,Face,m^2 s^-2,equal_mean_of_12_instantaneous_profiles,10800,14400,11100.0;11400.0;11700.0;12000.0;12300.0;12600.0;12900.0;13200.0;13500.0;13800.0;14100.0;14400.0
14400,525,sgs_u_w_flux,0,Face,m^2 s^-2,equal_mean_of_12_instantaneous_profiles,10800,14400,11100.0;11400.0;11700.0;12000.0;12300.0;12600.0;12900.0;13200.0;13500.0;13800.0;14100.0;14400.0
14400,537.5,sgs_u_w_flux,0,Face,m^2 s^-2,equal_mean_of_12_instantaneous_profiles,10800,14400,11100.0;11400.0;11700.0;12000.0;12300.0;12600.0;12900.0;13200.0;13500.0;13800.0;14100.0;14400.0
14400,550,sgs_u_w_flux,0,Face,m^2 s^-2,equal_mean_of_12_instantaneous_profiles,10800,14400,11100.0;11400.0;11700.0;12000.0;12300.0;12600.0;12900.0;13200.0;13500.0;13800.0;14100.0;14400.0
14400,562.5,sgs_u_w_flux,0,Face,m^2 s^-2,equal_mean_of_12_instantaneous_profiles,10800,14400,11100.0;11400.0;11700.0;12000.0;12300.0;12600.0;12900.0;13200.0;13500.0;13800.0;14100.0;14400.0
14400,575,sgs_u_w_flux,0,Face,m^2 s^-2,equal_mean_of_12_instantaneous_profiles,10800,14400,11100.0;11400.0;11700.0;12000.0;12300.0;12600.0;12900.0;13200.0;13500.0;13800.0;14100.0;14400.0
14400,587.5,sgs_u_w_flux,0,Face,m^2 s^-2,equal_mean_of_12_instantaneous_profiles,10800,14400,11100.0;11400.0;11700.0;12000.0;12300.0;12600.0;12900.0;13200.0;13500.0;13800.0;14100.0;14400.0
14400,600,sgs_u_w_flux,0,Face,m^2 s^-2,equal_mean_of_12_instantaneous_profiles,10800,14400,11100.0;11400.0;11700.0;12000.0;12300.0;12600.0;12900.0;13200.0;13500.0;13800.0;14100.0;14400.0
14400,612.5,sgs_u_w_flux,0,Face,m^2 s^-2,equal_mean_of_12_instantaneous_profiles,10800,14400,11100.0;11400.0;11700.0;12000.0;12300.0;12600.0;12900.0;13200.0;13500.0;13800.0;14100.0;14400.0
14400,625,sgs_u_w_flux,0,Face,m^2 s^-2,equal_mean_of_12_instantaneous_profiles,10800,14400,11100.0;11400.0;11700.0;12000.0;12300.0;12600.0;12900.0;13200.0;13500.0;13800.0;14100.0;14400.0
14400,637.5,sgs_u_w_flux,0,Face,m^2 s^-2,equal_mean_of_12_instantaneous_profiles,10800,14400,11100.0;11400.0;11700.0;12000.0;12300.0;12600.0;12900.0;13200.0;13500.0;13800.0;14100.0;14400.0
14400,650,sgs_u_w_flux,0,Face,m^2 s^-2,equal_mean_of_12_instantaneous_profiles,10800,14400,11100.0;11400.0;11700.0;12000.0;12300.0;12600.0;12900.0;13200.0;13500.0;13800.0;14100.0;14400.0
14400,662.5,sgs_u_w_flux,0,Face,m^2 s^-2,equal_mean_of_12_instantaneous_profiles,10800,14400,11100.0;11400.0;11700.0;12000.0;12300.0;12600.0;12900.0;13200.0;13500.0;13800.0;14100.0;14400.0
14400,675,sgs_u_w_flux,0,Face,m^2 s^-2,equal_mean_of_12_instantaneous_profiles,10800,14400,11100.0;11400.0;11700.0;12000.0;12300.0;12600.0;12900.0;13200.0;13500.0;13800.0;14100.0;14400.0
14400,687.5,sgs_u_w_flux,0,Face,m^2 s^-2,equal_mean_of_12_instantaneous_profiles,10800,14400,11100.0;11400.0;11700.0;12000.0;12300.0;12600.0;12900.0;13200.0;13500.0;13800.0;14100.0;14400.0
14400,700,sgs_u_w_flux,0,Face,m^2 s^-2,equal_mean_of_12_instantaneous_profiles,10800,14400,11100.0;11400.0;11700.0;12000.0;12300.0;12600.0;12900.0;13200.0;13500.0;13800.0;14100.0;14400.0
14400,712.5,sgs_u_w_flux,0,Face,m^2 s^-2,equal_mean_of_12_instantaneous_profiles,10800,14400,11100.0;11400.0;11700.0;12000.0;12300.0;12600.0;12900.0;13200.0;13500.0;13800.0;14100.0;14400.0
14400,725,sgs_u_w_flux,0,Face,m^2 s^-2,equal_mean_of_12_instantaneous_profiles,10800,14400,11100.0;11400.0;11700.0;12000.0;12300.0;12600.0;12900.0;13200.0;13500.0;13800.0;14100.0;14400.0
14400,737.5,sgs_u_w_flux,0,Face,m^2 s^-2,equal_mean_of_12_instantaneous_profiles,10800,14400,11100.0;11400.0;11700.0;12000.0;12300.0;12600.0;12900.0;13200.0;13500.0;13800.0;14100.0;14400.0
14400,750,sgs_u_w_flux,0,Face,m^2 s^-2,equal_mean_of_12_instantaneous_profiles,10800,14400,11100.0;11400.0;11700.0;12000.0;12300.0;12600.0;12900.0;13200.0;13500.0;13800.0;14100.0;14400.0
14400,762.5,sgs_u_w_flux,0,Face,m^2 s^-2,equal_mean_of_12_instantaneous_profiles,10800,14400,11100.0;11400.0;11700.0;12000.0;12300.0;12600.0;12900.0;13200.0;13500.0;13800.0;14100.0;14400.0
14400,775,sgs_u_w_flux,0,Face,m^2 s^-2,equal_mean_of_12_instantaneous_profiles,10800,14400,11100.0;11400.0;11700.0;12000.0;12300.0;12600.0;12900.0;13200.0;13500.0;13800.0;14100.0;14400.0
14400,787.5,sgs_u_w_flux,0,Face,m^2 s^-2,equal_mean_of_12_instantaneous_profiles,10800,14400,11100.0;11400.0;11700.0;12000.0;12300.0;12600.0;12900.0;13200.0;13500.0;13800.0;14100.0;14400.0
14400,800,sgs_u_w_flux,0,Face,m^2 s^-2,equal_mean_of_12_instantaneous_profiles,10800,14400,11100.0;11400.0;11700.0;12000.0;12300.0;12600.0;12900.0;13200.0;13500.0;13800.0;14100.0;14400.0
14400,0,sgs_v_w_flux,0,Face,m^2 s^-2,equal_mean_of_12_instantaneous_profiles,10800,14400,11100.0;11400.0;11700.0;12000.0;12300.0;12600.0;12900.0;13200.0;13500.0;13800.0;14100.0;14400.0
14400,12.5,sgs_v_w_flux,-0.0001113724116900509,Face,m^2 s^-2,equal_mean_of_12_instantaneous_profiles,10800,14400,11100.0;11400.0;11700.0;12000.0;12300.0;12600.0;12900.0;13200.0;13500.0;13800.0;14100.0;14400.0
14400,25,sgs_v_w_flux,-0.0027384128964816532,Face,m^2 s^-2,equal_mean_of_12_instantaneous_profiles,10800,14400,11100.0;11400.0;11700.0;12000.0;12300.0;12600.0;12900.0;13200.0;13500.0;13800.0;14100.0;14400.0
14400,37.5,sgs_v_w_flux,0,Face,m^2 s^-2,equal_mean_of_12_instantaneous_profiles,10800,14400,11100.0;11400.0;11700.0;12000.0;12300.0;12600.0;12900.0;13200.0;13500.0;13800.0;14100.0;14400.0
14400,50,sgs_v_w_flux,0,Face,m^2 s^-2,equal_mean_of_12_instantaneous_profiles,10800,14400,11100.0;11400.0;11700.0;12000.0;12300.0;12600.0;12900.0;13200.0;13500.0;13800.0;14100.0;14400.0
14400,62.5,sgs_v_w_flux,0,Face,m^2 s^-2,equal_mean_of_12_instantaneous_profiles,10800,14400,11100.0;11400.0;11700.0;12000.0;12300.0;12600.0;12900.0;13200.0;13500.0;13800.0;14100.0;14400.0
14400,75,sgs_v_w_flux,0,Face,m^2 s^-2,equal_mean_of_12_instantaneous_profiles,10800,14400,11100.0;11400.0;11700.0;12000.0;12300.0;12600.0;12900.0;13200.0;13500.0;13800.0;14100.0;14400.0
14400,87.5,sgs_v_w_flux,0,Face,m^2 s^-2,equal_mean_of_12_instantaneous_profiles,10800,14400,11100.0;11400.0;11700.0;12000.0;12300.0;12600.0;12900.0;13200.0;13500.0;13800.0;14100.0;14400.0
14400,100,sgs_v_w_flux,0,Face,m^2 s^-2,equal_mean_of_12_instantaneous_profiles,10800,14400,11100.0;11400.0;11700.0;12000.0;12300.0;12600.0;12900.0;13200.0;13500.0;13800.0;14100.0;14400.0
14400,112.5,sgs_v_w_flux,0,Face,m^2 s^-2,equal_mean_of_12_instantaneous_profiles,10800,14400,11100.0;11400.0;11700.0;12000.0;12300.0;12600.0;12900.0;13200.0;13500.0;13800.0;14100.0;14400.0
14400,125,sgs_v_w_flux,0,Face,m^2 s^-2,equal_mean_of_12_instantaneous_profiles,10800,14400,11100.0;11400.0;11700.0;12000.0;12300.0;12600.0;12900.0;13200.0;13500.0;13800.0;14100.0;14400.0
14400,137.5,sgs_v_w_flux,0,Face,m^2 s^-2,equal_mean_of_12_instantaneous_profiles,10800,14400,11100.0;11400.0;11700.0;12000.0;12300.0;12600.0;12900.0;13200.0;13500.0;13800.0;14100.0;14400.0
14400,150,sgs_v_w_flux,0,Face,m^2 s^-2,equal_mean_of_12_instantaneous_profiles,10800,14400,11100.0;11400.0;11700.0;12000.0;12300.0;12600.0;12900.0;13200.0;13500.0;13800.0;14100.0;14400.0
14400,162.5,sgs_v_w_flux,0,Face,m^2 s^-2,equal_mean_of_12_instantaneous_profiles,10800,14400,11100.0;11400.0;11700.0;12000.0;12300.0;12600.0;12900.0;13200.0;13500.0;13800.0;14100.0;14400.0
14400,175,sgs_v_w_flux,0,Face,m^2 s^-2,equal_mean_of_12_instantaneous_profiles,10800,14400,11100.0;11400.0;11700.0;12000.0;12300.0;12600.0;12900.0;13200.0;13500.0;13800.0;14100.0;14400.0
14400,187.5,sgs_v_w_flux,0,Face,m^2 s^-2,equal_mean_of_12_instantaneous_profiles,10800,14400,11100.0;11400.0;11700.0;12000.0;12300.0;12600.0;12900.0;13200.0;13500.0;13800.0;14100.0;14400.0
14400,200,sgs_v_w_flux,0,Face,m^2 s^-2,equal_mean_of_12_instantaneous_profiles,10800,14400,11100.0;11400.0;11700.0;12000.0;12300.0;12600.0;12900.0;13200.0;13500.0;13800.0;14100.0;14400.0
14400,212.5,sgs_v_w_flux,0,Face,m^2 s^-2,equal_mean_of_12_instantaneous_profiles,10800,14400,11100.0;11400.0;11700.0;12000.0;12300.0;12600.0;12900.0;13200.0;13500.0;13800.0;14100.0;14400.0
14400,225,sgs_v_w_flux,0,Face,m^2 s^-2,equal_mean_of_12_instantaneous_profiles,10800,14400,11100.0;11400.0;11700.0;12000.0;12300.0;12600.0;12900.0;13200.0;13500.0;13800.0;14100.0;14400.0
14400,237.5,sgs_v_w_flux,0,Face,m^2 s^-2,equal_mean_of_12_instantaneous_profiles,10800,14400,11100.0;11400.0;11700.0;12000.0;12300.0;12600.0;12900.0;13200.0;13500.0;13800.0;14100.0;14400.0
14400,250,sgs_v_w_flux,0,Face,m^2 s^-2,equal_mean_of_12_instantaneous_profiles,10800,14400,11100.0;11400.0;11700.0;12000.0;12300.0;12600.0;12900.0;13200.0;13500.0;13800.0;14100.0;14400.0
14400,262.5,sgs_v_w_flux,0,Face,m^2 s^-2,equal_mean_of_12_instantaneous_profiles,10800,14400,11100.0;11400.0;11700.0;12000.0;12300.0;12600.0;12900.0;13200.0;13500.0;13800.0;14100.0;14400.0
14400,275,sgs_v_w_flux,0,Face,m^2 s^-2,equal_mean_of_12_instantaneous_profiles,10800,14400,11100.0;11400.0;11700.0;12000.0;12300.0;12600.0;12900.0;13200.0;13500.0;13800.0;14100.0;14400.0
14400,287.5,sgs_v_w_flux,0,Face,m^2 s^-2,equal_mean_of_12_instantaneous_profiles,10800,14400,11100.0;11400.0;11700.0;12000.0;12300.0;12600.0;12900.0;13200.0;13500.0;13800.0;14100.0;14400.0
14400,300,sgs_v_w_flux,0,Face,m^2 s^-2,equal_mean_of_12_instantaneous_profiles,10800,14400,11100.0;11400.0;11700.0;12000.0;12300.0;12600.0;12900.0;13200.0;13500.0;13800.0;14100.0;14400.0
14400,312.5,sgs_v_w_flux,0,Face,m^2 s^-2,equal_mean_of_12_instantaneous_profiles,10800,14400,11100.0;11400.0;11700.0;12000.0;12300.0;12600.0;12900.0;13200.0;13500.0;13800.0;14100.0;14400.0
14400,325,sgs_v_w_flux,0,Face,m^2 s^-2,equal_mean_of_12_instantaneous_profiles,10800,14400,11100.0;11400.0;11700.0;12000.0;12300.0;12600.0;12900.0;13200.0;13500.0;13800.0;14100.0;14400.0
14400,337.5,sgs_v_w_flux,0,Face,m^2 s^-2,equal_mean_of_12_instantaneous_profiles,10800,14400,11100.0;11400.0;11700.0;12000.0;12300.0;12600.0;12900.0;13200.0;13500.0;13800.0;14100.0;14400.0
14400,350,sgs_v_w_flux,0,Face,m^2 s^-2,equal_mean_of_12_instantaneous_profiles,10800,14400,11100.0;11400.0;11700.0;12000.0;12300.0;12600.0;12900.0;13200.0;13500.0;13800.0;14100.0;14400.0
14400,362.5,sgs_v_w_flux,0,Face,m^2 s^-2,equal_mean_of_12_instantaneous_profiles,10800,14400,11100.0;11400.0;11700.0;12000.0;12300.0;12600.0;12900.0;13200.0;13500.0;13800.0;14100.0;14400.0
14400,375,sgs_v_w_flux,0,Face,m^2 s^-2,equal_mean_of_12_instantaneous_profiles,10800,14400,11100.0;11400.0;11700.0;12000.0;12300.0;12600.0;12900.0;13200.0;13500.0;13800.0;14100.0;14400.0
14400,387.5,sgs_v_w_flux,0,Face,m^2 s^-2,equal_mean_of_12_instantaneous_profiles,10800,14400,11100.0;11400.0;11700.0;12000.0;12300.0;12600.0;12900.0;13200.0;13500.0;13800.0;14100.0;14400.0
14400,400,sgs_v_w_flux,0,Face,m^2 s^-2,equal_mean_of_12_instantaneous_profiles,10800,14400,11100.0;11400.0;11700.0;12000.0;12300.0;12600.0;12900.0;13200.0;13500.0;13800.0;14100.0;14400.0
14400,412.5,sgs_v_w_flux,0,Face,m^2 s^-2,equal_mean_of_12_instantaneous_profiles,10800,14400,11100.0;11400.0;11700.0;12000.0;12300.0;12600.0;12900.0;13200.0;13500.0;13800.0;14100.0;14400.0
14400,425,sgs_v_w_flux,0,Face,m^2 s^-2,equal_mean_of_12_instantaneous_profiles,10800,14400,11100.0;11400.0;11700.0;12000.0;12300.0;12600.0;12900.0;13200.0;13500.0;13800.0;14100.0;14400.0
14400,437.5,sgs_v_w_flux,0,Face,m^2 s^-2,equal_mean_of_12_instantaneous_profiles,10800,14400,11100.0;11400.0;11700.0;12000.0;12300.0;12600.0;12900.0;13200.0;13500.0;13800.0;14100.0;14400.0
14400,450,sgs_v_w_flux,0,Face,m^2 s^-2,equal_mean_of_12_instantaneous_profiles,10800,14400,11100.0;11400.0;11700.0;12000.0;12300.0;12600.0;12900.0;13200.0;13500.0;13800.0;14100.0;14400.0
14400,462.5,sgs_v_w_flux,0,Face,m^2 s^-2,equal_mean_of_12_instantaneous_profiles,10800,14400,11100.0;11400.0;11700.0;12000.0;12300.0;12600.0;12900.0;13200.0;13500.0;13800.0;14100.0;14400.0
14400,475,sgs_v_w_flux,0,Face,m^2 s^-2,equal_mean_of_12_instantaneous_profiles,10800,14400,11100.0;11400.0;11700.0;12000.0;12300.0;12600.0;12900.0;13200.0;13500.0;13800.0;14100.0;14400.0
14400,487.5,sgs_v_w_flux,0,Face,m^2 s^-2,equal_mean_of_12_instantaneous_profiles,10800,14400,11100.0;11400.0;11700.0;12000.0;12300.0;12600.0;12900.0;13200.0;13500.0;13800.0;14100.0;14400.0
14400,500,sgs_v_w_flux,0,Face,m^2 s^-2,equal_mean_of_12_instantaneous_profiles,10800,14400,11100.0;11400.0;11700.0;12000.0;12300.0;12600.0;12900.0;13200.0;13500.0;13800.0;14100.0;14400.0
14400,512.5,sgs_v_w_flux,0,Face,m^2 s^-2,equal_mean_of_12_instantaneous_profiles,10800,14400,11100.0;11400.0;11700.0;12000.0;12300.0;12600.0;12900.0;13200.0;13500.0;13800.0;14100.0;14400.0
14400,525,sgs_v_w_flux,0,Face,m^2 s^-2,equal_mean_of_12_instantaneous_profiles,10800,14400,11100.0;11400.0;11700.0;12000.0;12300.0;12600.0;12900.0;13200.0;13500.0;13800.0;14100.0;14400.0
14400,537.5,sgs_v_w_flux,0,Face,m^2 s^-2,equal_mean_of_12_instantaneous_profiles,10800,14400,11100.0;11400.0;11700.0;12000.0;12300.0;12600.0;12900.0;13200.0;13500.0;13800.0;14100.0;14400.0
14400,550,sgs_v_w_flux,0,Face,m^2 s^-2,equal_mean_of_12_instantaneous_profiles,10800,14400,11100.0;11400.0;11700.0;12000.0;12300.0;12600.0;12900.0;13200.0;13500.0;13800.0;14100.0;14400.0
14400,562.5,sgs_v_w_flux,0,Face,m^2 s^-2,equal_mean_of_12_instantaneous_profiles,10800,14400,11100.0;11400.0;11700.0;12000.0;12300.0;12600.0;12900.0;13200.0;13500.0;13800.0;14100.0;14400.0
14400,575,sgs_v_w_flux,0,Face,m^2 s^-2,equal_mean_of_12_instantaneous_profiles,10800,14400,11100.0;11400.0;11700.0;12000.0;12300.0;12600.0;12900.0;13200.0;13500.0;13800.0;14100.0;14400.0
14400,587.5,sgs_v_w_flux,0,Face,m^2 s^-2,equal_mean_of_12_instantaneous_profiles,10800,14400,11100.0;11400.0;11700.0;12000.0;12300.0;12600.0;12900.0;13200.0;13500.0;13800.0;14100.0;14400.0
14400,600,sgs_v_w_flux,0,Face,m^2 s^-2,equal_mean_of_12_instantaneous_profiles,10800,14400,11100.0;11400.0;11700.0;12000.0;12300.0;12600.0;12900.0;13200.0;13500.0;13800.0;14100.0;14400.0
14400,612.5,sgs_v_w_flux,0,Face,m^2 s^-2,equal_mean_of_12_instantaneous_profiles,10800,14400,11100.0;11400.0;11700.0;12000.0;12300.0;12600.0;12900.0;13200.0;13500.0;13800.0;14100.0;14400.0
14400,625,sgs_v_w_flux,0,Face,m^2 s^-2,equal_mean_of_12_instantaneous_profiles,10800,14400,11100.0;11400.0;11700.0;12000.0;12300.0;12600.0;12900.0;13200.0;13500.0;13800.0;14100.0;14400.0
14400,637.5,sgs_v_w_flux,0,Face,m^2 s^-2,equal_mean_of_12_instantaneous_profiles,10800,14400,11100.0;11400.0;11700.0;12000.0;12300.0;12600.0;12900.0;13200.0;13500.0;13800.0;14100.0;14400.0
14400,650,sgs_v_w_flux,0,Face,m^2 s^-2,equal_mean_of_12_instantaneous_profiles,10800,14400,11100.0;11400.0;11700.0;12000.0;12300.0;12600.0;12900.0;13200.0;13500.0;13800.0;14100.0;14400.0
14400,662.5,sgs_v_w_flux,0,Face,m^2 s^-2,equal_mean_of_12_instantaneous_profiles,10800,14400,11100.0;11400.0;11700.0;12000.0;12300.0;12600.0;12900.0;13200.0;13500.0;13800.0;14100.0;14400.0
14400,675,sgs_v_w_flux,0,Face,m^2 s^-2,equal_mean_of_12_instantaneous_profiles,10800,14400,11100.0;11400.0;11700.0;12000.0;12300.0;12600.0;12900.0;13200.0;13500.0;13800.0;14100.0;14400.0
14400,687.5,sgs_v_w_flux,0,Face,m^2 s^-2,equal_mean_of_12_instantaneous_profiles,10800,14400,11100.0;11400.0;11700.0;12000.0;12300.0;12600.0;12900.0;13200.0;13500.0;13800.0;14100.0;14400.0
14400,700,sgs_v_w_flux,0,Face,m^2 s^-2,equal_mean_of_12_instantaneous_profiles,10800,14400,11100.0;11400.0;11700.0;12000.0;12300.0;12600.0;12900.0;13200.0;13500.0;13800.0;14100.0;14400.0
14400,712.5,sgs_v_w_flux,0,Face,m^2 s^-2,equal_mean_of_12_instantaneous_profiles,10800,14400,11100.0;11400.0;11700.0;12000.0;12300.0;12600.0;12900.0;13200.0;13500.0;13800.0;14100.0;14400.0
14400,725,sgs_v_w_flux,0,Face,m^2 s^-2,equal_mean_of_12_instantaneous_profiles,10800,14400,11100.0;11400.0;11700.0;12000.0;12300.0;12600.0;12900.0;13200.0;13500.0;13800.0;14100.0;14400.0
14400,737.5,sgs_v_w_flux,0,Face,m^2 s^-2,equal_mean_of_12_instantaneous_profiles,10800,14400,11100.0;11400.0;11700.0;12000.0;12300.0;12600.0;12900.0;13200.0;13500.0;13800.0;14100.0;14400.0
14400,750,sgs_v_w_flux,0,Face,m^2 s^-2,equal_mean_of_12_instantaneous_profiles,10800,14400,11100.0;11400.0;11700.0;12000.0;12300.0;12600.0;12900.0;13200.0;13500.0;13800.0;14100.0;14400.0
14400,762.5,sgs_v_w_flux,0,Face,m^2 s^-2,equal_mean_of_12_instantaneous_profiles,10800,14400,11100.0;11400.0;11700.0;12000.0;12300.0;12600.0;12900.0;13200.0;13500.0;13800.0;14100.0;14400.0
14400,775,sgs_v_w_flux,0,Face,m^2 s^-2,equal_mean_of_12_instantaneous_profiles,10800,14400,11100.0;11400.0;11700.0;12000.0;12300.0;12600.0;12900.0;13200.0;13500.0;13800.0;14100.0;14400.0
14400,787.5,sgs_v_w_flux,0,Face,m^2 s^-2,equal_mean_of_12_instantaneous_profiles,10800,14400,11100.0;11400.0;11700.0;12000.0;12300.0;12600.0;12900.0;13200.0;13500.0;13800.0;14100.0;14400.0
14400,800,sgs_v_w_flux,0,Face,m^2 s^-2,equal_mean_of_12_instantaneous_profiles,10800,14400,11100.0;11400.0;11700.0;12000.0;12300.0;12600.0;12900.0;13200.0;13500.0;13800.0;14100.0;14400.0
14400,0,sgs_w_q_flux,0,Face,m s^-1,equal_mean_of_12_instantaneous_profiles,10800,14400,11100.0;11400.0;11700.0;12000.0;12300.0;12600.0;12900.0;13200.0;13500.0;13800.0;14100.0;14400.0
14400,12.5,sgs_w_q_flux,1.108160086952618e-06,Face,m s^-1,equal_mean_of_12_instantaneous_profiles,10800,14400,11100.0;11400.0;11700.0;12000.0;12300.0;12600.0;12900.0;13200.0;13500.0;13800.0;14100.0;14400.0
14400,25,sgs_w_q_flux,1.2615624219354988e-06,Face,m s^-1,equal_mean_of_12_instantaneous_profiles,10800,14400,11100.0;11400.0;11700.0;12000.0;12300.0;12600.0;12900.0;13200.0;13500.0;13800.0;14100.0;14400.0
14400,37.5,sgs_w_q_flux,0,Face,m s^-1,equal_mean_of_12_instantaneous_profiles,10800,14400,11100.0;11400.0;11700.0;12000.0;12300.0;12600.0;12900.0;13200.0;13500.0;13800.0;14100.0;14400.0
14400,50,sgs_w_q_flux,0,Face,m s^-1,equal_mean_of_12_instantaneous_profiles,10800,14400,11100.0;11400.0;11700.0;12000.0;12300.0;12600.0;12900.0;13200.0;13500.0;13800.0;14100.0;14400.0
14400,62.5,sgs_w_q_flux,0,Face,m s^-1,equal_mean_of_12_instantaneous_profiles,10800,14400,11100.0;11400.0;11700.0;12000.0;12300.0;12600.0;12900.0;13200.0;13500.0;13800.0;14100.0;14400.0
14400,75,sgs_w_q_flux,0,Face,m s^-1,equal_mean_of_12_instantaneous_profiles,10800,14400,11100.0;11400.0;11700.0;12000.0;12300.0;12600.0;12900.0;13200.0;13500.0;13800.0;14100.0;14400.0
14400,87.5,sgs_w_q_flux,0,Face,m s^-1,equal_mean_of_12_instantaneous_profiles,10800,14400,11100.0;11400.0;11700.0;12000.0;12300.0;12600.0;12900.0;13200.0;13500.0;13800.0;14100.0;14400.0
14400,100,sgs_w_q_flux,0,Face,m s^-1,equal_mean_of_12_instantaneous_profiles,10800,14400,11100.0;11400.0;11700.0;12000.0;12300.0;12600.0;12900.0;13200.0;13500.0;13800.0;14100.0;14400.0
14400,112.5,sgs_w_q_flux,0,Face,m s^-1,equal_mean_of_12_instantaneous_profiles,10800,14400,11100.0;11400.0;11700.0;12000.0;12300.0;12600.0;12900.0;13200.0;13500.0;13800.0;14100.0;14400.0
14400,125,sgs_w_q_flux,0,Face,m s^-1,equal_mean_of_12_instantaneous_profiles,10800,14400,11100.0;11400.0;11700.0;12000.0;12300.0;12600.0;12900.0;13200.0;13500.0;13800.0;14100.0;14400.0
14400,137.5,sgs_w_q_flux,0,Face,m s^-1,equal_mean_of_12_instantaneous_profiles,10800,14400,11100.0;11400.0;11700.0;12000.0;12300.0;12600.0;12900.0;13200.0;13500.0;13800.0;14100.0;14400.0
14400,150,sgs_w_q_flux,0,Face,m s^-1,equal_mean_of_12_instantaneous_profiles,10800,14400,11100.0;11400.0;11700.0;12000.0;12300.0;12600.0;12900.0;13200.0;13500.0;13800.0;14100.0;14400.0
14400,162.5,sgs_w_q_flux,0,Face,m s^-1,equal_mean_of_12_instantaneous_profiles,10800,14400,11100.0;11400.0;11700.0;12000.0;12300.0;12600.0;12900.0;13200.0;13500.0;13800.0;14100.0;14400.0
14400,175,sgs_w_q_flux,0,Face,m s^-1,equal_mean_of_12_instantaneous_profiles,10800,14400,11100.0;11400.0;11700.0;12000.0;12300.0;12600.0;12900.0;13200.0;13500.0;13800.0;14100.0;14400.0
14400,187.5,sgs_w_q_flux,0,Face,m s^-1,equal_mean_of_12_instantaneous_profiles,10800,14400,11100.0;11400.0;11700.0;12000.0;12300.0;12600.0;12900.0;13200.0;13500.0;13800.0;14100.0;14400.0
14400,200,sgs_w_q_flux,0,Face,m s^-1,equal_mean_of_12_instantaneous_profiles,10800,14400,11100.0;11400.0;11700.0;12000.0;12300.0;12600.0;12900.0;13200.0;13500.0;13800.0;14100.0;14400.0
14400,212.5,sgs_w_q_flux,0,Face,m s^-1,equal_mean_of_12_instantaneous_profiles,10800,14400,11100.0;11400.0;11700.0;12000.0;12300.0;12600.0;12900.0;13200.0;13500.0;13800.0;14100.0;14400.0
14400,225,sgs_w_q_flux,0,Face,m s^-1,equal_mean_of_12_instantaneous_profiles,10800,14400,11100.0;11400.0;11700.0;12000.0;12300.0;12600.0;12900.0;13200.0;13500.0;13800.0;14100.0;14400.0
14400,237.5,sgs_w_q_flux,0,Face,m s^-1,equal_mean_of_12_instantaneous_profiles,10800,14400,11100.0;11400.0;11700.0;12000.0;12300.0;12600.0;12900.0;13200.0;13500.0;13800.0;14100.0;14400.0
14400,250,sgs_w_q_flux,0,Face,m s^-1,equal_mean_of_12_instantaneous_profiles,10800,14400,11100.0;11400.0;11700.0;12000.0;12300.0;12600.0;12900.0;13200.0;13500.0;13800.0;14100.0;14400.0
14400,262.5,sgs_w_q_flux,0,Face,m s^-1,equal_mean_of_12_instantaneous_profiles,10800,14400,11100.0;11400.0;11700.0;12000.0;12300.0;12600.0;12900.0;13200.0;13500.0;13800.0;14100.0;14400.0
14400,275,sgs_w_q_flux,0,Face,m s^-1,equal_mean_of_12_instantaneous_profiles,10800,14400,11100.0;11400.0;11700.0;12000.0;12300.0;12600.0;12900.0;13200.0;13500.0;13800.0;14100.0;14400.0
14400,287.5,sgs_w_q_flux,0,Face,m s^-1,equal_mean_of_12_instantaneous_profiles,10800,14400,11100.0;11400.0;11700.0;12000.0;12300.0;12600.0;12900.0;13200.0;13500.0;13800.0;14100.0;14400.0
14400,300,sgs_w_q_flux,0,Face,m s^-1,equal_mean_of_12_instantaneous_profiles,10800,14400,11100.0;11400.0;11700.0;12000.0;12300.0;12600.0;12900.0;13200.0;13500.0;13800.0;14100.0;14400.0
14400,312.5,sgs_w_q_flux,0,Face,m s^-1,equal_mean_of_12_instantaneous_profiles,10800,14400,11100.0;11400.0;11700.0;12000.0;12300.0;12600.0;12900.0;13200.0;13500.0;13800.0;14100.0;14400.0
14400,325,sgs_w_q_flux,0,Face,m s^-1,equal_mean_of_12_instantaneous_profiles,10800,14400,11100.0;11400.0;11700.0;12000.0;12300.0;12600.0;12900.0;13200.0;13500.0;13800.0;14100.0;14400.0
14400,337.5,sgs_w_q_flux,0,Face,m s^-1,equal_mean_of_12_instantaneous_profiles,10800,14400,11100.0;11400.0;11700.0;12000.0;12300.0;12600.0;12900.0;13200.0;13500.0;13800.0;14100.0;14400.0
14400,350,sgs_w_q_flux,0,Face,m s^-1,equal_mean_of_12_instantaneous_profiles,10800,14400,11100.0;11400.0;11700.0;12000.0;12300.0;12600.0;12900.0;13200.0;13500.0;13800.0;14100.0;14400.0
14400,362.5,sgs_w_q_flux,0,Face,m s^-1,equal_mean_of_12_instantaneous_profiles,10800,14400,11100.0;11400.0;11700.0;12000.0;12300.0;12600.0;12900.0;13200.0;13500.0;13800.0;14100.0;14400.0
14400,375,sgs_w_q_flux,0,Face,m s^-1,equal_mean_of_12_instantaneous_profiles,10800,14400,11100.0;11400.0;11700.0;12000.0;12300.0;12600.0;12900.0;13200.0;13500.0;13800.0;14100.0;14400.0
14400,387.5,sgs_w_q_flux,0,Face,m s^-1,equal_mean_of_12_instantaneous_profiles,10800,14400,11100.0;11400.0;11700.0;12000.0;12300.0;12600.0;12900.0;13200.0;13500.0;13800.0;14100.0;14400.0
14400,400,sgs_w_q_flux,0,Face,m s^-1,equal_mean_of_12_instantaneous_profiles,10800,14400,11100.0;11400.0;11700.0;12000.0;12300.0;12600.0;12900.0;13200.0;13500.0;13800.0;14100.0;14400.0
14400,412.5,sgs_w_q_flux,0,Face,m s^-1,equal_mean_of_12_instantaneous_profiles,10800,14400,11100.0;11400.0;11700.0;12000.0;12300.0;12600.0;12900.0;13200.0;13500.0;13800.0;14100.0;14400.0
14400,425,sgs_w_q_flux,0,Face,m s^-1,equal_mean_of_12_instantaneous_profiles,10800,14400,11100.0;11400.0;11700.0;12000.0;12300.0;12600.0;12900.0;13200.0;13500.0;13800.0;14100.0;14400.0
14400,437.5,sgs_w_q_flux,0,Face,m s^-1,equal_mean_of_12_instantaneous_profiles,10800,14400,11100.0;11400.0;11700.0;12000.0;12300.0;12600.0;12900.0;13200.0;13500.0;13800.0;14100.0;14400.0
14400,450,sgs_w_q_flux,0,Face,m s^-1,equal_mean_of_12_instantaneous_profiles,10800,14400,11100.0;11400.0;11700.0;12000.0;12300.0;12600.0;12900.0;13200.0;13500.0;13800.0;14100.0;14400.0
14400,462.5,sgs_w_q_flux,0,Face,m s^-1,equal_mean_of_12_instantaneous_profiles,10800,14400,11100.0;11400.0;11700.0;12000.0;12300.0;12600.0;12900.0;13200.0;13500.0;13800.0;14100.0;14400.0
14400,475,sgs_w_q_flux,0,Face,m s^-1,equal_mean_of_12_instantaneous_profiles,10800,14400,11100.0;11400.0;11700.0;12000.0;12300.0;12600.0;12900.0;13200.0;13500.0;13800.0;14100.0;14400.0
14400,487.5,sgs_w_q_flux,0,Face,m s^-1,equal_mean_of_12_instantaneous_profiles,10800,14400,11100.0;11400.0;11700.0;12000.0;12300.0;12600.0;12900.0;13200.0;13500.0;13800.0;14100.0;14400.0
14400,500,sgs_w_q_flux,0,Face,m s^-1,equal_mean_of_12_instantaneous_profiles,10800,14400,11100.0;11400.0;11700.0;12000.0;12300.0;12600.0;12900.0;13200.0;13500.0;13800.0;14100.0;14400.0
14400,512.5,sgs_w_q_flux,0,Face,m s^-1,equal_mean_of_12_instantaneous_profiles,10800,14400,11100.0;11400.0;11700.0;12000.0;12300.0;12600.0;12900.0;13200.0;13500.0;13800.0;14100.0;14400.0
14400,525,sgs_w_q_flux,0,Face,m s^-1,equal_mean_of_12_instantaneous_profiles,10800,14400,11100.0;11400.0;11700.0;12000.0;12300.0;12600.0;12900.0;13200.0;13500.0;13800.0;14100.0;14400.0
14400,537.5,sgs_w_q_flux,0,Face,m s^-1,equal_mean_of_12_instantaneous_profiles,10800,14400,11100.0;11400.0;11700.0;12000.0;12300.0;12600.0;12900.0;13200.0;13500.0;13800.0;14100.0;14400.0
14400,550,sgs_w_q_flux,0,Face,m s^-1,equal_mean_of_12_instantaneous_profiles,10800,14400,11100.0;11400.0;11700.0;12000.0;12300.0;12600.0;12900.0;13200.0;13500.0;13800.0;14100.0;14400.0
14400,562.5,sgs_w_q_flux,0,Face,m s^-1,equal_mean_of_12_instantaneous_profiles,10800,14400,11100.0;11400.0;11700.0;12000.0;12300.0;12600.0;12900.0;13200.0;13500.0;13800.0;14100.0;14400.0
14400,575,sgs_w_q_flux,0,Face,m s^-1,equal_mean_of_12_instantaneous_profiles,10800,14400,11100.0;11400.0;11700.0;12000.0;12300.0;12600.0;12900.0;13200.0;13500.0;13800.0;14100.0;14400.0
14400,587.5,sgs_w_q_flux,0,Face,m s^-1,equal_mean_of_12_instantaneous_profiles,10800,14400,11100.0;11400.0;11700.0;12000.0;12300.0;12600.0;12900.0;13200.0;13500.0;13800.0;14100.0;14400.0
14400,600,sgs_w_q_flux,0,Face,m s^-1,equal_mean_of_12_instantaneous_profiles,10800,14400,11100.0;11400.0;11700.0;12000.0;12300.0;12600.0;12900.0;13200.0;13500.0;13800.0;14100.0;14400.0
14400,612.5,sgs_w_q_flux,0,Face,m s^-1,equal_mean_of_12_instantaneous_profiles,10800,14400,11100.0;11400.0;11700.0;12000.0;12300.0;12600.0;12900.0;13200.0;13500.0;13800.0;14100.0;14400.0
14400,625,sgs_w_q_flux,0,Face,m s^-1,equal_mean_of_12_instantaneous_profiles,10800,14400,11100.0;11400.0;11700.0;12000.0;12300.0;12600.0;12900.0;13200.0;13500.0;13800.0;14100.0;14400.0
14400,637.5,sgs_w_q_flux,0,Face,m s^-1,equal_mean_of_12_instantaneous_profiles,10800,14400,11100.0;11400.0;11700.0;12000.0;12300.0;12600.0;12900.0;13200.0;13500.0;13800.0;14100.0;14400.0
14400,650,sgs_w_q_flux,0,Face,m s^-1,equal_mean_of_12_instantaneous_profiles,10800,14400,11100.0;11400.0;11700.0;12000.0;12300.0;12600.0;12900.0;13200.0;13500.0;13800.0;14100.0;14400.0
14400,662.5,sgs_w_q_flux,0,Face,m s^-1,equal_mean_of_12_instantaneous_profiles,10800,14400,11100.0;11400.0;11700.0;12000.0;12300.0;12600.0;12900.0;13200.0;13500.0;13800.0;14100.0;14400.0
14400,675,sgs_w_q_flux,0,Face,m s^-1,equal_mean_of_12_instantaneous_profiles,10800,14400,11100.0;11400.0;11700.0;12000.0;12300.0;12600.0;12900.0;13200.0;13500.0;13800.0;14100.0;14400.0
14400,687.5,sgs_w_q_flux,0,Face,m s^-1,equal_mean_of_12_instantaneous_profiles,10800,14400,11100.0;11400.0;11700.0;12000.0;12300.0;12600.0;12900.0;13200.0;13500.0;13800.0;14100.0;14400.0
14400,700,sgs_w_q_flux,0,Face,m s^-1,equal_mean_of_12_instantaneous_profiles,10800,14400,11100.0;11400.0;11700.0;12000.0;12300.0;12600.0;12900.0;13200.0;13500.0;13800.0;14100.0;14400.0
14400,712.5,sgs_w_q_flux,0,Face,m s^-1,equal_mean_of_12_instantaneous_profiles,10800,14400,11100.0;11400.0;11700.0;12000.0;12300.0;12600.0;12900.0;13200.0;13500.0;13800.0;14100.0;14400.0
14400,725,sgs_w_q_flux,0,Face,m s^-1,equal_mean_of_12_instantaneous_profiles,10800,14400,11100.0;11400.0;11700.0;12000.0;12300.0;12600.0;12900.0;13200.0;13500.0;13800.0;14100.0;14400.0
14400,737.5,sgs_w_q_flux,0,Face,m s^-1,equal_mean_of_12_instantaneous_profiles,10800,14400,11100.0;11400.0;11700.0;12000.0;12300.0;12600.0;12900.0;13200.0;13500.0;13800.0;14100.0;14400.0
14400,750,sgs_w_q_flux,0,Face,m s^-1,equal_mean_of_12_instantaneous_profiles,10800,14400,11100.0;11400.0;11700.0;12000.0;12300.0;12600.0;12900.0;13200.0;13500.0;13800.0;14100.0;14400.0
14400,762.5,sgs_w_q_flux,0,Face,m s^-1,equal_mean_of_12_instantaneous_profiles,10800,14400,11100.0;11400.0;11700.0;12000.0;12300.0;12600.0;12900.0;13200.0;13500.0;13800.0;14100.0;14400.0
14400,775,sgs_w_q_flux,0,Face,m s^-1,equal_mean_of_12_instantaneous_profiles,10800,14400,11100.0;11400.0;11700.0;12000.0;12300.0;12600.0;12900.0;13200.0;13500.0;13800.0;14100.0;14400.0
14400,787.5,sgs_w_q_flux,0,Face,m s^-1,equal_mean_of_12_instantaneous_profiles,10800,14400,11100.0;11400.0;11700.0;12000.0;12300.0;12600.0;12900.0;13200.0;13500.0;13800.0;14100.0;14400.0
14400,800,sgs_w_q_flux,0,Face,m s^-1,equal_mean_of_12_instantaneous_profiles,10800,14400,11100.0;11400.0;11700.0;12000.0;12300.0;12600.0;12900.0;13200.0;13500.0;13800.0;14100.0;14400.0
14400,0,sgs_w_theta_flux,0,Face,K m s^-1,equal_mean_of_12_instantaneous_profiles,10800,14400,11100.0;11400.0;11700.0;12000.0;12300.0;12600.0;12900.0;13200.0;13500.0;13800.0;14100.0;14400.0
14400,12.5,sgs_w_theta_flux,-0.017675459384918213,Face,K m s^-1,equal_mean_of_12_instantaneous_profiles,10800,14400,11100.0;11400.0;11700.0;12000.0;12300.0;12600.0;12900.0;13200.0;13500.0;13800.0;14100.0;14400.0
14400,25,sgs_w_theta_flux,-0.015639902635787923,Face,K m s^-1,equal_mean_of_12_instantaneous_profiles,10800,14400,11100.0;11400.0;11700.0;12000.0;12300.0;12600.0;12900.0;13200.0;13500.0;13800.0;14100.0;14400.0
14400,37.5,sgs_w_theta_flux,0,Face,K m s^-1,equal_mean_of_12_instantaneous_profiles,10800,14400,11100.0;11400.0;11700.0;12000.0;12300.0;12600.0;12900.0;13200.0;13500.0;13800.0;14100.0;14400.0
14400,50,sgs_w_theta_flux,0,Face,K m s^-1,equal_mean_of_12_instantaneous_profiles,10800,14400,11100.0;11400.0;11700.0;12000.0;12300.0;12600.0;12900.0;13200.0;13500.0;13800.0;14100.0;14400.0
14400,62.5,sgs_w_theta_flux,0,Face,K m s^-1,equal_mean_of_12_instantaneous_profiles,10800,14400,11100.0;11400.0;11700.0;12000.0;12300.0;12600.0;12900.0;13200.0;13500.0;13800.0;14100.0;14400.0
14400,75,sgs_w_theta_flux,0,Face,K m s^-1,equal_mean_of_12_instantaneous_profiles,10800,14400,11100.0;11400.0;11700.0;12000.0;12300.0;12600.0;12900.0;13200.0;13500.0;13800.0;14100.0;14400.0
14400,87.5,sgs_w_theta_flux,0,Face,K m s^-1,equal_mean_of_12_instantaneous_profiles,10800,14400,11100.0;11400.0;11700.0;12000.0;12300.0;12600.0;12900.0;13200.0;13500.0;13800.0;14100.0;14400.0
14400,100,sgs_w_theta_flux,0,Face,K m s^-1,equal_mean_of_12_instantaneous_profiles,10800,14400,11100.0;11400.0;11700.0;12000.0;12300.0;12600.0;12900.0;13200.0;13500.0;13800.0;14100.0;14400.0
14400,112.5,sgs_w_theta_flux,0,Face,K m s^-1,equal_mean_of_12_instantaneous_profiles,10800,14400,11100.0;11400.0;11700.0;12000.0;12300.0;12600.0;12900.0;13200.0;13500.0;13800.0;14100.0;14400.0
14400,125,sgs_w_theta_flux,0,Face,K m s^-1,equal_mean_of_12_instantaneous_profiles,10800,14400,11100.0;11400.0;11700.0;12000.0;12300.0;12600.0;12900.0;13200.0;13500.0;13800.0;14100.0;14400.0
14400,137.5,sgs_w_theta_flux,0,Face,K m s^-1,equal_mean_of_12_instantaneous_profiles,10800,14400,11100.0;11400.0;11700.0;12000.0;12300.0;12600.0;12900.0;13200.0;13500.0;13800.0;14100.0;14400.0
14400,150,sgs_w_theta_flux,0,Face,K m s^-1,equal_mean_of_12_instantaneous_profiles,10800,14400,11100.0;11400.0;11700.0;12000.0;12300.0;12600.0;12900.0;13200.0;13500.0;13800.0;14100.0;14400.0
14400,162.5,sgs_w_theta_flux,0,Face,K m s^-1,equal_mean_of_12_instantaneous_profiles,10800,14400,11100.0;11400.0;11700.0;12000.0;12300.0;12600.0;12900.0;13200.0;13500.0;13800.0;14100.0;14400.0
14400,175,sgs_w_theta_flux,0,Face,K m s^-1,equal_mean_of_12_instantaneous_profiles,10800,14400,11100.0;11400.0;11700.0;12000.0;12300.0;12600.0;12900.0;13200.0;13500.0;13800.0;14100.0;14400.0
14400,187.5,sgs_w_theta_flux,0,Face,K m s^-1,equal_mean_of_12_instantaneous_profiles,10800,14400,11100.0;11400.0;11700.0;12000.0;12300.0;12600.0;12900.0;13200.0;13500.0;13800.0;14100.0;14400.0
14400,200,sgs_w_theta_flux,0,Face,K m s^-1,equal_mean_of_12_instantaneous_profiles,10800,14400,11100.0;11400.0;11700.0;12000.0;12300.0;12600.0;12900.0;13200.0;13500.0;13800.0;14100.0;14400.0
14400,212.5,sgs_w_theta_flux,0,Face,K m s^-1,equal_mean_of_12_instantaneous_profiles,10800,14400,11100.0;11400.0;11700.0;12000.0;12300.0;12600.0;12900.0;13200.0;13500.0;13800.0;14100.0;14400.0
14400,225,sgs_w_theta_flux,0,Face,K m s^-1,equal_mean_of_12_instantaneous_profiles,10800,14400,11100.0;11400.0;11700.0;12000.0;12300.0;12600.0;12900.0;13200.0;13500.0;13800.0;14100.0;14400.0
14400,237.5,sgs_w_theta_flux,0,Face,K m s^-1,equal_mean_of_12_instantaneous_profiles,10800,14400,11100.0;11400.0;11700.0;12000.0;12300.0;12600.0;12900.0;13200.0;13500.0;13800.0;14100.0;14400.0
14400,250,sgs_w_theta_flux,0,Face,K m s^-1,equal_mean_of_12_instantaneous_profiles,10800,14400,11100.0;11400.0;11700.0;12000.0;12300.0;12600.0;12900.0;13200.0;13500.0;13800.0;14100.0;14400.0
14400,262.5,sgs_w_theta_flux,0,Face,K m s^-1,equal_mean_of_12_instantaneous_profiles,10800,14400,11100.0;11400.0;11700.0;12000.0;12300.0;12600.0;12900.0;13200.0;13500.0;13800.0;14100.0;14400.0
14400,275,sgs_w_theta_flux,0,Face,K m s^-1,equal_mean_of_12_instantaneous_profiles,10800,14400,11100.0;11400.0;11700.0;12000.0;12300.0;12600.0;12900.0;13200.0;13500.0;13800.0;14100.0;14400.0
14400,287.5,sgs_w_theta_flux,0,Face,K m s^-1,equal_mean_of_12_instantaneous_profiles,10800,14400,11100.0;11400.0;11700.0;12000.0;12300.0;12600.0;12900.0;13200.0;13500.0;13800.0;14100.0;14400.0
14400,300,sgs_w_theta_flux,0,Face,K m s^-1,equal_mean_of_12_instantaneous_profiles,10800,14400,11100.0;11400.0;11700.0;12000.0;12300.0;12600.0;12900.0;13200.0;13500.0;13800.0;14100.0;14400.0
14400,312.5,sgs_w_theta_flux,0,Face,K m s^-1,equal_mean_of_12_instantaneous_profiles,10800,14400,11100.0;11400.0;11700.0;12000.0;12300.0;12600.0;12900.0;13200.0;13500.0;13800.0;14100.0;14400.0
14400,325,sgs_w_theta_flux,0,Face,K m s^-1,equal_mean_of_12_instantaneous_profiles,10800,14400,11100.0;11400.0;11700.0;12000.0;12300.0;12600.0;12900.0;13200.0;13500.0;13800.0;14100.0;14400.0
14400,337.5,sgs_w_theta_flux,0,Face,K m s^-1,equal_mean_of_12_instantaneous_profiles,10800,14400,11100.0;11400.0;11700.0;12000.0;12300.0;12600.0;12900.0;13200.0;13500.0;13800.0;14100.0;14400.0
14400,350,sgs_w_theta_flux,0,Face,K m s^-1,equal_mean_of_12_instantaneous_profiles,10800,14400,11100.0;11400.0;11700.0;12000.0;12300.0;12600.0;12900.0;13200.0;13500.0;13800.0;14100.0;14400.0
14400,362.5,sgs_w_theta_flux,0,Face,K m s^-1,equal_mean_of_12_instantaneous_profiles,10800,14400,11100.0;11400.0;11700.0;12000.0;12300.0;12600.0;12900.0;13200.0;13500.0;13800.0;14100.0;14400.0
14400,375,sgs_w_theta_flux,0,Face,K m s^-1,equal_mean_of_12_instantaneous_profiles,10800,14400,11100.0;11400.0;11700.0;12000.0;12300.0;12600.0;12900.0;13200.0;13500.0;13800.0;14100.0;14400.0
14400,387.5,sgs_w_theta_flux,0,Face,K m s^-1,equal_mean_of_12_instantaneous_profiles,10800,14400,11100.0;11400.0;11700.0;12000.0;12300.0;12600.0;12900.0;13200.0;13500.0;13800.0;14100.0;14400.0
14400,400,sgs_w_theta_flux,0,Face,K m s^-1,equal_mean_of_12_instantaneous_profiles,10800,14400,11100.0;11400.0;11700.0;12000.0;12300.0;12600.0;12900.0;13200.0;13500.0;13800.0;14100.0;14400.0
14400,412.5,sgs_w_theta_flux,0,Face,K m s^-1,equal_mean_of_12_instantaneous_profiles,10800,14400,11100.0;11400.0;11700.0;12000.0;12300.0;12600.0;12900.0;13200.0;13500.0;13800.0;14100.0;14400.0
14400,425,sgs_w_theta_flux,0,Face,K m s^-1,equal_mean_of_12_instantaneous_profiles,10800,14400,11100.0;11400.0;11700.0;12000.0;12300.0;12600.0;12900.0;13200.0;13500.0;13800.0;14100.0;14400.0
14400,437.5,sgs_w_theta_flux,0,Face,K m s^-1,equal_mean_of_12_instantaneous_profiles,10800,14400,11100.0;11400.0;11700.0;12000.0;12300.0;12600.0;12900.0;13200.0;13500.0;13800.0;14100.0;14400.0
14400,450,sgs_w_theta_flux,0,Face,K m s^-1,equal_mean_of_12_instantaneous_profiles,10800,14400,11100.0;11400.0;11700.0;12000.0;12300.0;12600.0;12900.0;13200.0;13500.0;13800.0;14100.0;14400.0
14400,462.5,sgs_w_theta_flux,0,Face,K m s^-1,equal_mean_of_12_instantaneous_profiles,10800,14400,11100.0;11400.0;11700.0;12000.0;12300.0;12600.0;12900.0;13200.0;13500.0;13800.0;14100.0;14400.0
14400,475,sgs_w_theta_flux,0,Face,K m s^-1,equal_mean_of_12_instantaneous_profiles,10800,14400,11100.0;11400.0;11700.0;12000.0;12300.0;12600.0;12900.0;13200.0;13500.0;13800.0;14100.0;14400.0
14400,487.5,sgs_w_theta_flux,0,Face,K m s^-1,equal_mean_of_12_instantaneous_profiles,10800,14400,11100.0;11400.0;11700.0;12000.0;12300.0;12600.0;12900.0;13200.0;13500.0;13800.0;14100.0;14400.0
14400,500,sgs_w_theta_flux,0,Face,K m s^-1,equal_mean_of_12_instantaneous_profiles,10800,14400,11100.0;11400.0;11700.0;12000.0;12300.0;12600.0;12900.0;13200.0;13500.0;13800.0;14100.0;14400.0
14400,512.5,sgs_w_theta_flux,0,Face,K m s^-1,equal_mean_of_12_instantaneous_profiles,10800,14400,11100.0;11400.0;11700.0;12000.0;12300.0;12600.0;12900.0;13200.0;13500.0;13800.0;14100.0;14400.0
14400,525,sgs_w_theta_flux,0,Face,K m s^-1,equal_mean_of_12_instantaneous_profiles,10800,14400,11100.0;11400.0;11700.0;12000.0;12300.0;12600.0;12900.0;13200.0;13500.0;13800.0;14100.0;14400.0
14400,537.5,sgs_w_theta_flux,0,Face,K m s^-1,equal_mean_of_12_instantaneous_profiles,10800,14400,11100.0;11400.0;11700.0;12000.0;12300.0;12600.0;12900.0;13200.0;13500.0;13800.0;14100.0;14400.0
14400,550,sgs_w_theta_flux,0,Face,K m s^-1,equal_mean_of_12_instantaneous_profiles,10800,14400,11100.0;11400.0;11700.0;12000.0;12300.0;12600.0;12900.0;13200.0;13500.0;13800.0;14100.0;14400.0
14400,562.5,sgs_w_theta_flux,0,Face,K m s^-1,equal_mean_of_12_instantaneous_profiles,10800,14400,11100.0;11400.0;11700.0;12000.0;12300.0;12600.0;12900.0;13200.0;13500.0;13800.0;14100.0;14400.0
14400,575,sgs_w_theta_flux,0,Face,K m s^-1,equal_mean_of_12_instantaneous_profiles,10800,14400,11100.0;11400.0;11700.0;12000.0;12300.0;12600.0;12900.0;13200.0;13500.0;13800.0;14100.0;14400.0
14400,587.5,sgs_w_theta_flux,0,Face,K m s^-1,equal_mean_of_12_instantaneous_profiles,10800,14400,11100.0;11400.0;11700.0;12000.0;12300.0;12600.0;12900.0;13200.0;13500.0;13800.0;14100.0;14400.0
14400,600,sgs_w_theta_flux,0,Face,K m s^-1,equal_mean_of_12_instantaneous_profiles,10800,14400,11100.0;11400.0;11700.0;12000.0;12300.0;12600.0;12900.0;13200.0;13500.0;13800.0;14100.0;14400.0
14400,612.5,sgs_w_theta_flux,0,Face,K m s^-1,equal_mean_of_12_instantaneous_profiles,10800,14400,11100.0;11400.0;11700.0;12000.0;12300.0;12600.0;12900.0;13200.0;13500.0;13800.0;14100.0;14400.0
14400,625,sgs_w_theta_flux,0,Face,K m s^-1,equal_mean_of_12_instantaneous_profiles,10800,14400,11100.0;11400.0;11700.0;12000.0;12300.0;12600.0;12900.0;13200.0;13500.0;13800.0;14100.0;14400.0
14400,637.5,sgs_w_theta_flux,0,Face,K m s^-1,equal_mean_of_12_instantaneous_profiles,10800,14400,11100.0;11400.0;11700.0;12000.0;12300.0;12600.0;12900.0;13200.0;13500.0;13800.0;14100.0;14400.0
14400,650,sgs_w_theta_flux,0,Face,K m s^-1,equal_mean_of_12_instantaneous_profiles,10800,14400,11100.0;11400.0;11700.0;12000.0;12300.0;12600.0;12900.0;13200.0;13500.0;13800.0;14100.0;14400.0
14400,662.5,sgs_w_theta_flux,0,Face,K m s^-1,equal_mean_of_12_instantaneous_profiles,10800,14400,11100.0;11400.0;11700.0;12000.0;12300.0;12600.0;12900.0;13200.0;13500.0;13800.0;14100.0;14400.0
14400,675,sgs_w_theta_flux,0,Face,K m s^-1,equal_mean_of_12_instantaneous_profiles,10800,14400,11100.0;11400.0;11700.0;12000.0;12300.0;12600.0;12900.0;13200.0;13500.0;13800.0;14100.0;14400.0
14400,687.5,sgs_w_theta_flux,0,Face,K m s^-1,equal_mean_of_12_instantaneous_profiles,10800,14400,11100.0;11400.0;11700.0;12000.0;12300.0;12600.0;12900.0;13200.0;13500.0;13800.0;14100.0;14400.0
14400,700,sgs_w_theta_flux,0,Face,K m s^-1,equal_mean_of_12_instantaneous_profiles,10800,14400,11100.0;11400.0;11700.0;12000.0;12300.0;12600.0;12900.0;13200.0;13500.0;13800.0;14100.0;14400.0
14400,712.5,sgs_w_theta_flux,0,Face,K m s^-1,equal_mean_of_12_instantaneous_profiles,10800,14400,11100.0;11400.0;11700.0;12000.0;12300.0;12600.0;12900.0;13200.0;13500.0;13800.0;14100.0;14400.0
14400,725,sgs_w_theta_flux,0,Face,K m s^-1,equal_mean_of_12_instantaneous_profiles,10800,14400,11100.0;11400.0;11700.0;12000.0;12300.0;12600.0;12900.0;13200.0;13500.0;13800.0;14100.0;14400.0
14400,737.5,sgs_w_theta_flux,0,Face,K m s^-1,equal_mean_of_12_instantaneous_profiles,10800,14400,11100.0;11400.0;11700.0;12000.0;12300.0;12600.0;12900.0;13200.0;13500.0;13800.0;14100.0;14400.0
14400,750,sgs_w_theta_flux,0,Face,K m s^-1,equal_mean_of_12_instantaneous_profiles,10800,14400,11100.0;11400.0;11700.0;12000.0;12300.0;12600.0;12900.0;13200.0;13500.0;13800.0;14100.0;14400.0
14400,762.5,sgs_w_theta_flux,0,Face,K m s^-1,equal_mean_of_12_instantaneous_profiles,10800,14400,11100.0;11400.0;11700.0;12000.0;12300.0;12600.0;12900.0;13200.0;13500.0;13800.0;14100.0;14400.0
14400,775,sgs_w_theta_flux,0,Face,K m s^-1,equal_mean_of_12_instantaneous_profiles,10800,14400,11100.0;11400.0;11700.0;12000.0;12300.0;12600.0;12900.0;13200.0;13500.0;13800.0;14100.0;14400.0
14400,787.5,sgs_w_theta_flux,0,Face,K m s^-1,equal_mean_of_12_instantaneous_profiles,10800,14400,11100.0;11400.0;11700.0;12000.0;12300.0;12600.0;12900.0;13200.0;13500.0;13800.0;14100.0;14400.0
14400,800,sgs_w_theta_flux,0,Face,K m s^-1,equal_mean_of_12_instantaneous_profiles,10800,14400,11100.0;11400.0;11700.0;12000.0;12300.0;12600.0;12900.0;13200.0;13500.0;13800.0;14100.0;14400.0
14400,0,surface_layer_diffusivity_ρqᵉ,0,Face,m^2 s^-1,equal_mean_of_12_instantaneous_profiles,10800,14400,11100.0;11400.0;11700.0;12000.0;12300.0;12600.0;12900.0;13200.0;13500.0;13800.0;14100.0;14400.0
14400,12.5,surface_layer_diffusivity_ρqᵉ,1.0299611389636993,Face,m^2 s^-1,equal_mean_of_12_instantaneous_profiles,10800,14400,11100.0;11400.0;11700.0;12000.0;12300.0;12600.0;12900.0;13200.0;13500.0;13800.0;14100.0;14400.0
14400,25,surface_layer_diffusivity_ρqᵉ,1.0088720669349034,Face,m^2 s^-1,equal_mean_of_12_instantaneous_profiles,10800,14400,11100.0;11400.0;11700.0;12000.0;12300.0;12600.0;12900.0;13200.0;13500.0;13800.0;14100.0;14400.0
14400,37.5,surface_layer_diffusivity_ρqᵉ,0,Face,m^2 s^-1,equal_mean_of_12_instantaneous_profiles,10800,14400,11100.0;11400.0;11700.0;12000.0;12300.0;12600.0;12900.0;13200.0;13500.0;13800.0;14100.0;14400.0
14400,50,surface_layer_diffusivity_ρqᵉ,0,Face,m^2 s^-1,equal_mean_of_12_instantaneous_profiles,10800,14400,11100.0;11400.0;11700.0;12000.0;12300.0;12600.0;12900.0;13200.0;13500.0;13800.0;14100.0;14400.0
14400,62.5,surface_layer_diffusivity_ρqᵉ,0,Face,m^2 s^-1,equal_mean_of_12_instantaneous_profiles,10800,14400,11100.0;11400.0;11700.0;12000.0;12300.0;12600.0;12900.0;13200.0;13500.0;13800.0;14100.0;14400.0
14400,75,surface_layer_diffusivity_ρqᵉ,0,Face,m^2 s^-1,equal_mean_of_12_instantaneous_profiles,10800,14400,11100.0;11400.0;11700.0;12000.0;12300.0;12600.0;12900.0;13200.0;13500.0;13800.0;14100.0;14400.0
14400,87.5,surface_layer_diffusivity_ρqᵉ,0,Face,m^2 s^-1,equal_mean_of_12_instantaneous_profiles,10800,14400,11100.0;11400.0;11700.0;12000.0;12300.0;12600.0;12900.0;13200.0;13500.0;13800.0;14100.0;14400.0
14400,100,surface_layer_diffusivity_ρqᵉ,0,Face,m^2 s^-1,equal_mean_of_12_instantaneous_profiles,10800,14400,11100.0;11400.0;11700.0;12000.0;12300.0;12600.0;12900.0;13200.0;13500.0;13800.0;14100.0;14400.0
14400,112.5,surface_layer_diffusivity_ρqᵉ,0,Face,m^2 s^-1,equal_mean_of_12_instantaneous_profiles,10800,14400,11100.0;11400.0;11700.0;12000.0;12300.0;12600.0;12900.0;13200.0;13500.0;13800.0;14100.0;14400.0
14400,125,surface_layer_diffusivity_ρqᵉ,0,Face,m^2 s^-1,equal_mean_of_12_instantaneous_profiles,10800,14400,11100.0;11400.0;11700.0;12000.0;12300.0;12600.0;12900.0;13200.0;13500.0;13800.0;14100.0;14400.0
14400,137.5,surface_layer_diffusivity_ρqᵉ,0,Face,m^2 s^-1,equal_mean_of_12_instantaneous_profiles,10800,14400,11100.0;11400.0;11700.0;12000.0;12300.0;12600.0;12900.0;13200.0;13500.0;13800.0;14100.0;14400.0
14400,150,surface_layer_diffusivity_ρqᵉ,0,Face,m^2 s^-1,equal_mean_of_12_instantaneous_profiles,10800,14400,11100.0;11400.0;11700.0;12000.0;12300.0;12600.0;12900.0;13200.0;13500.0;13800.0;14100.0;14400.0
14400,162.5,surface_layer_diffusivity_ρqᵉ,0,Face,m^2 s^-1,equal_mean_of_12_instantaneous_profiles,10800,14400,11100.0;11400.0;11700.0;12000.0;12300.0;12600.0;12900.0;13200.0;13500.0;13800.0;14100.0;14400.0
14400,175,surface_layer_diffusivity_ρqᵉ,0,Face,m^2 s^-1,equal_mean_of_12_instantaneous_profiles,10800,14400,11100.0;11400.0;11700.0;12000.0;12300.0;12600.0;12900.0;13200.0;13500.0;13800.0;14100.0;14400.0
14400,187.5,surface_layer_diffusivity_ρqᵉ,0,Face,m^2 s^-1,equal_mean_of_12_instantaneous_profiles,10800,14400,11100.0;11400.0;11700.0;12000.0;12300.0;12600.0;12900.0;13200.0;13500.0;13800.0;14100.0;14400.0
14400,200,surface_layer_diffusivity_ρqᵉ,0,Face,m^2 s^-1,equal_mean_of_12_instantaneous_profiles,10800,14400,11100.0;11400.0;11700.0;12000.0;12300.0;12600.0;12900.0;13200.0;13500.0;13800.0;14100.0;14400.0
14400,212.5,surface_layer_diffusivity_ρqᵉ,0,Face,m^2 s^-1,equal_mean_of_12_instantaneous_profiles,10800,14400,11100.0;11400.0;11700.0;12000.0;12300.0;12600.0;12900.0;13200.0;13500.0;13800.0;14100.0;14400.0
14400,225,surface_layer_diffusivity_ρqᵉ,0,Face,m^2 s^-1,equal_mean_of_12_instantaneous_profiles,10800,14400,11100.0;11400.0;11700.0;12000.0;12300.0;12600.0;12900.0;13200.0;13500.0;13800.0;14100.0;14400.0
14400,237.5,surface_layer_diffusivity_ρqᵉ,0,Face,m^2 s^-1,equal_mean_of_12_instantaneous_profiles,10800,14400,11100.0;11400.0;11700.0;12000.0;12300.0;12600.0;12900.0;13200.0;13500.0;13800.0;14100.0;14400.0
14400,250,surface_layer_diffusivity_ρqᵉ,0,Face,m^2 s^-1,equal_mean_of_12_instantaneous_profiles,10800,14400,11100.0;11400.0;11700.0;12000.0;12300.0;12600.0;12900.0;13200.0;13500.0;13800.0;14100.0;14400.0
14400,262.5,surface_layer_diffusivity_ρqᵉ,0,Face,m^2 s^-1,equal_mean_of_12_instantaneous_profiles,10800,14400,11100.0;11400.0;11700.0;12000.0;12300.0;12600.0;12900.0;13200.0;13500.0;13800.0;14100.0;14400.0
14400,275,surface_layer_diffusivity_ρqᵉ,0,Face,m^2 s^-1,equal_mean_of_12_instantaneous_profiles,10800,14400,11100.0;11400.0;11700.0;12000.0;12300.0;12600.0;12900.0;13200.0;13500.0;13800.0;14100.0;14400.0
14400,287.5,surface_layer_diffusivity_ρqᵉ,0,Face,m^2 s^-1,equal_mean_of_12_instantaneous_profiles,10800,14400,11100.0;11400.0;11700.0;12000.0;12300.0;12600.0;12900.0;13200.0;13500.0;13800.0;14100.0;14400.0
14400,300,surface_layer_diffusivity_ρqᵉ,0,Face,m^2 s^-1,equal_mean_of_12_instantaneous_profiles,10800,14400,11100.0;11400.0;11700.0;12000.0;12300.0;12600.0;12900.0;13200.0;13500.0;13800.0;14100.0;14400.0
14400,312.5,surface_layer_diffusivity_ρqᵉ,0,Face,m^2 s^-1,equal_mean_of_12_instantaneous_profiles,10800,14400,11100.0;11400.0;11700.0;12000.0;12300.0;12600.0;12900.0;13200.0;13500.0;13800.0;14100.0;14400.0
14400,325,surface_layer_diffusivity_ρqᵉ,0,Face,m^2 s^-1,equal_mean_of_12_instantaneous_profiles,10800,14400,11100.0;11400.0;11700.0;12000.0;12300.0;12600.0;12900.0;13200.0;13500.0;13800.0;14100.0;14400.0
14400,337.5,surface_layer_diffusivity_ρqᵉ,0,Face,m^2 s^-1,equal_mean_of_12_instantaneous_profiles,10800,14400,11100.0;11400.0;11700.0;12000.0;12300.0;12600.0;12900.0;13200.0;13500.0;13800.0;14100.0;14400.0
14400,350,surface_layer_diffusivity_ρqᵉ,0,Face,m^2 s^-1,equal_mean_of_12_instantaneous_profiles,10800,14400,11100.0;11400.0;11700.0;12000.0;12300.0;12600.0;12900.0;13200.0;13500.0;13800.0;14100.0;14400.0
14400,362.5,surface_layer_diffusivity_ρqᵉ,0,Face,m^2 s^-1,equal_mean_of_12_instantaneous_profiles,10800,14400,11100.0;11400.0;11700.0;12000.0;12300.0;12600.0;12900.0;13200.0;13500.0;13800.0;14100.0;14400.0
14400,375,surface_layer_diffusivity_ρqᵉ,0,Face,m^2 s^-1,equal_mean_of_12_instantaneous_profiles,10800,14400,11100.0;11400.0;11700.0;12000.0;12300.0;12600.0;12900.0;13200.0;13500.0;13800.0;14100.0;14400.0
14400,387.5,surface_layer_diffusivity_ρqᵉ,0,Face,m^2 s^-1,equal_mean_of_12_instantaneous_profiles,10800,14400,11100.0;11400.0;11700.0;12000.0;12300.0;12600.0;12900.0;13200.0;13500.0;13800.0;14100.0;14400.0
14400,400,surface_layer_diffusivity_ρqᵉ,0,Face,m^2 s^-1,equal_mean_of_12_instantaneous_profiles,10800,14400,11100.0;11400.0;11700.0;12000.0;12300.0;12600.0;12900.0;13200.0;13500.0;13800.0;14100.0;14400.0
14400,412.5,surface_layer_diffusivity_ρqᵉ,0,Face,m^2 s^-1,equal_mean_of_12_instantaneous_profiles,10800,14400,11100.0;11400.0;11700.0;12000.0;12300.0;12600.0;12900.0;13200.0;13500.0;13800.0;14100.0;14400.0
14400,425,surface_layer_diffusivity_ρqᵉ,0,Face,m^2 s^-1,equal_mean_of_12_instantaneous_profiles,10800,14400,11100.0;11400.0;11700.0;12000.0;12300.0;12600.0;12900.0;13200.0;13500.0;13800.0;14100.0;14400.0
14400,437.5,surface_layer_diffusivity_ρqᵉ,0,Face,m^2 s^-1,equal_mean_of_12_instantaneous_profiles,10800,14400,11100.0;11400.0;11700.0;12000.0;12300.0;12600.0;12900.0;13200.0;13500.0;13800.0;14100.0;14400.0
14400,450,surface_layer_diffusivity_ρqᵉ,0,Face,m^2 s^-1,equal_mean_of_12_instantaneous_profiles,10800,14400,11100.0;11400.0;11700.0;12000.0;12300.0;12600.0;12900.0;13200.0;13500.0;13800.0;14100.0;14400.0
14400,462.5,surface_layer_diffusivity_ρqᵉ,0,Face,m^2 s^-1,equal_mean_of_12_instantaneous_profiles,10800,14400,11100.0;11400.0;11700.0;12000.0;12300.0;12600.0;12900.0;13200.0;13500.0;13800.0;14100.0;14400.0
14400,475,surface_layer_diffusivity_ρqᵉ,0,Face,m^2 s^-1,equal_mean_of_12_instantaneous_profiles,10800,14400,11100.0;11400.0;11700.0;12000.0;12300.0;12600.0;12900.0;13200.0;13500.0;13800.0;14100.0;14400.0
14400,487.5,surface_layer_diffusivity_ρqᵉ,0,Face,m^2 s^-1,equal_mean_of_12_instantaneous_profiles,10800,14400,11100.0;11400.0;11700.0;12000.0;12300.0;12600.0;12900.0;13200.0;13500.0;13800.0;14100.0;14400.0
14400,500,surface_layer_diffusivity_ρqᵉ,0,Face,m^2 s^-1,equal_mean_of_12_instantaneous_profiles,10800,14400,11100.0;11400.0;11700.0;12000.0;12300.0;12600.0;12900.0;13200.0;13500.0;13800.0;14100.0;14400.0
14400,512.5,surface_layer_diffusivity_ρqᵉ,0,Face,m^2 s^-1,equal_mean_of_12_instantaneous_profiles,10800,14400,11100.0;11400.0;11700.0;12000.0;12300.0;12600.0;12900.0;13200.0;13500.0;13800.0;14100.0;14400.0
14400,525,surface_layer_diffusivity_ρqᵉ,0,Face,m^2 s^-1,equal_mean_of_12_instantaneous_profiles,10800,14400,11100.0;11400.0;11700.0;12000.0;12300.0;12600.0;12900.0;13200.0;13500.0;13800.0;14100.0;14400.0
14400,537.5,surface_layer_diffusivity_ρqᵉ,0,Face,m^2 s^-1,equal_mean_of_12_instantaneous_profiles,10800,14400,11100.0;11400.0;11700.0;12000.0;12300.0;12600.0;12900.0;13200.0;13500.0;13800.0;14100.0;14400.0
14400,550,surface_layer_diffusivity_ρqᵉ,0,Face,m^2 s^-1,equal_mean_of_12_instantaneous_profiles,10800,14400,11100.0;11400.0;11700.0;12000.0;12300.0;12600.0;12900.0;13200.0;13500.0;13800.0;14100.0;14400.0
14400,562.5,surface_layer_diffusivity_ρqᵉ,0,Face,m^2 s^-1,equal_mean_of_12_instantaneous_profiles,10800,14400,11100.0;11400.0;11700.0;12000.0;12300.0;12600.0;12900.0;13200.0;13500.0;13800.0;14100.0;14400.0
14400,575,surface_layer_diffusivity_ρqᵉ,0,Face,m^2 s^-1,equal_mean_of_12_instantaneous_profiles,10800,14400,11100.0;11400.0;11700.0;12000.0;12300.0;12600.0;12900.0;13200.0;13500.0;13800.0;14100.0;14400.0
14400,587.5,surface_layer_diffusivity_ρqᵉ,0,Face,m^2 s^-1,equal_mean_of_12_instantaneous_profiles,10800,14400,11100.0;11400.0;11700.0;12000.0;12300.0;12600.0;12900.0;13200.0;13500.0;13800.0;14100.0;14400.0
14400,600,surface_layer_diffusivity_ρqᵉ,0,Face,m^2 s^-1,equal_mean_of_12_instantaneous_profiles,10800,14400,11100.0;11400.0;11700.0;12000.0;12300.0;12600.0;12900.0;13200.0;13500.0;13800.0;14100.0;14400.0
14400,612.5,surface_layer_diffusivity_ρqᵉ,0,Face,m^2 s^-1,equal_mean_of_12_instantaneous_profiles,10800,14400,11100.0;11400.0;11700.0;12000.0;12300.0;12600.0;12900.0;13200.0;13500.0;13800.0;14100.0;14400.0
14400,625,surface_layer_diffusivity_ρqᵉ,0,Face,m^2 s^-1,equal_mean_of_12_instantaneous_profiles,10800,14400,11100.0;11400.0;11700.0;12000.0;12300.0;12600.0;12900.0;13200.0;13500.0;13800.0;14100.0;14400.0
14400,637.5,surface_layer_diffusivity_ρqᵉ,0,Face,m^2 s^-1,equal_mean_of_12_instantaneous_profiles,10800,14400,11100.0;11400.0;11700.0;12000.0;12300.0;12600.0;12900.0;13200.0;13500.0;13800.0;14100.0;14400.0
14400,650,surface_layer_diffusivity_ρqᵉ,0,Face,m^2 s^-1,equal_mean_of_12_instantaneous_profiles,10800,14400,11100.0;11400.0;11700.0;12000.0;12300.0;12600.0;12900.0;13200.0;13500.0;13800.0;14100.0;14400.0
14400,662.5,surface_layer_diffusivity_ρqᵉ,0,Face,m^2 s^-1,equal_mean_of_12_instantaneous_profiles,10800,14400,11100.0;11400.0;11700.0;12000.0;12300.0;12600.0;12900.0;13200.0;13500.0;13800.0;14100.0;14400.0
14400,675,surface_layer_diffusivity_ρqᵉ,0,Face,m^2 s^-1,equal_mean_of_12_instantaneous_profiles,10800,14400,11100.0;11400.0;11700.0;12000.0;12300.0;12600.0;12900.0;13200.0;13500.0;13800.0;14100.0;14400.0
14400,687.5,surface_layer_diffusivity_ρqᵉ,0,Face,m^2 s^-1,equal_mean_of_12_instantaneous_profiles,10800,14400,11100.0;11400.0;11700.0;12000.0;12300.0;12600.0;12900.0;13200.0;13500.0;13800.0;14100.0;14400.0
14400,700,surface_layer_diffusivity_ρqᵉ,0,Face,m^2 s^-1,equal_mean_of_12_instantaneous_profiles,10800,14400,11100.0;11400.0;11700.0;12000.0;12300.0;12600.0;12900.0;13200.0;13500.0;13800.0;14100.0;14400.0
14400,712.5,surface_layer_diffusivity_ρqᵉ,0,Face,m^2 s^-1,equal_mean_of_12_instantaneous_profiles,10800,14400,11100.0;11400.0;11700.0;12000.0;12300.0;12600.0;12900.0;13200.0;13500.0;13800.0;14100.0;14400.0
14400,725,surface_layer_diffusivity_ρqᵉ,0,Face,m^2 s^-1,equal_mean_of_12_instantaneous_profiles,10800,14400,11100.0;11400.0;11700.0;12000.0;12300.0;12600.0;12900.0;13200.0;13500.0;13800.0;14100.0;14400.0
14400,737.5,surface_layer_diffusivity_ρqᵉ,0,Face,m^2 s^-1,equal_mean_of_12_instantaneous_profiles,10800,14400,11100.0;11400.0;11700.0;12000.0;12300.0;12600.0;12900.0;13200.0;13500.0;13800.0;14100.0;14400.0
14400,750,surface_layer_diffusivity_ρqᵉ,0,Face,m^2 s^-1,equal_mean_of_12_instantaneous_profiles,10800,14400,11100.0;11400.0;11700.0;12000.0;12300.0;12600.0;12900.0;13200.0;13500.0;13800.0;14100.0;14400.0
14400,762.5,surface_layer_diffusivity_ρqᵉ,0,Face,m^2 s^-1,equal_mean_of_12_instantaneous_profiles,10800,14400,11100.0;11400.0;11700.0;12000.0;12300.0;12600.0;12900.0;13200.0;13500.0;13800.0;14100.0;14400.0
14400,775,surface_layer_diffusivity_ρqᵉ,0,Face,m^2 s^-1,equal_mean_of_12_instantaneous_profiles,10800,14400,11100.0;11400.0;11700.0;12000.0;12300.0;12600.0;12900.0;13200.0;13500.0;13800.0;14100.0;14400.0
14400,787.5,surface_layer_diffusivity_ρqᵉ,0,Face,m^2 s^-1,equal_mean_of_12_instantaneous_profiles,10800,14400,11100.0;11400.0;11700.0;12000.0;12300.0;12600.0;12900.0;13200.0;13500.0;13800.0;14100.0;14400.0
14400,800,surface_layer_diffusivity_ρqᵉ,0,Face,m^2 s^-1,equal_mean_of_12_instantaneous_profiles,10800,14400,11100.0;11400.0;11700.0;12000.0;12300.0;12600.0;12900.0;13200.0;13500.0;13800.0;14100.0;14400.0
14400,0,surface_layer_diffusivity_ρθ,0,Face,m^2 s^-1,equal_mean_of_12_instantaneous_profiles,10800,14400,11100.0;11400.0;11700.0;12000.0;12300.0;12600.0;12900.0;13200.0;13500.0;13800.0;14100.0;14400.0
14400,12.5,surface_layer_diffusivity_ρθ,1.0074678113063176,Face,m^2 s^-1,equal_mean_of_12_instantaneous_profiles,10800,14400,11100.0;11400.0;11700.0;12000.0;12300.0;12600.0;12900.0;13200.0;13500.0;13800.0;14100.0;14400.0
14400,25,surface_layer_diffusivity_ρθ,0.99537860850493109,Face,m^2 s^-1,equal_mean_of_12_instantaneous_profiles,10800,14400,11100.0;11400.0;11700.0;12000.0;12300.0;12600.0;12900.0;13200.0;13500.0;13800.0;14100.0;14400.0
14400,37.5,surface_layer_diffusivity_ρθ,0,Face,m^2 s^-1,equal_mean_of_12_instantaneous_profiles,10800,14400,11100.0;11400.0;11700.0;12000.0;12300.0;12600.0;12900.0;13200.0;13500.0;13800.0;14100.0;14400.0
14400,50,surface_layer_diffusivity_ρθ,0,Face,m^2 s^-1,equal_mean_of_12_instantaneous_profiles,10800,14400,11100.0;11400.0;11700.0;12000.0;12300.0;12600.0;12900.0;13200.0;13500.0;13800.0;14100.0;14400.0
14400,62.5,surface_layer_diffusivity_ρθ,0,Face,m^2 s^-1,equal_mean_of_12_instantaneous_profiles,10800,14400,11100.0;11400.0;11700.0;12000.0;12300.0;12600.0;12900.0;13200.0;13500.0;13800.0;14100.0;14400.0
14400,75,surface_layer_diffusivity_ρθ,0,Face,m^2 s^-1,equal_mean_of_12_instantaneous_profiles,10800,14400,11100.0;11400.0;11700.0;12000.0;12300.0;12600.0;12900.0;13200.0;13500.0;13800.0;14100.0;14400.0
14400,87.5,surface_layer_diffusivity_ρθ,0,Face,m^2 s^-1,equal_mean_of_12_instantaneous_profiles,10800,14400,11100.0;11400.0;11700.0;12000.0;12300.0;12600.0;12900.0;13200.0;13500.0;13800.0;14100.0;14400.0
14400,100,surface_layer_diffusivity_ρθ,0,Face,m^2 s^-1,equal_mean_of_12_instantaneous_profiles,10800,14400,11100.0;11400.0;11700.0;12000.0;12300.0;12600.0;12900.0;13200.0;13500.0;13800.0;14100.0;14400.0
14400,112.5,surface_layer_diffusivity_ρθ,0,Face,m^2 s^-1,equal_mean_of_12_instantaneous_profiles,10800,14400,11100.0;11400.0;11700.0;12000.0;12300.0;12600.0;12900.0;13200.0;13500.0;13800.0;14100.0;14400.0
14400,125,surface_layer_diffusivity_ρθ,0,Face,m^2 s^-1,equal_mean_of_12_instantaneous_profiles,10800,14400,11100.0;11400.0;11700.0;12000.0;12300.0;12600.0;12900.0;13200.0;13500.0;13800.0;14100.0;14400.0
14400,137.5,surface_layer_diffusivity_ρθ,0,Face,m^2 s^-1,equal_mean_of_12_instantaneous_profiles,10800,14400,11100.0;11400.0;11700.0;12000.0;12300.0;12600.0;12900.0;13200.0;13500.0;13800.0;14100.0;14400.0
14400,150,surface_layer_diffusivity_ρθ,0,Face,m^2 s^-1,equal_mean_of_12_instantaneous_profiles,10800,14400,11100.0;11400.0;11700.0;12000.0;12300.0;12600.0;12900.0;13200.0;13500.0;13800.0;14100.0;14400.0
14400,162.5,surface_layer_diffusivity_ρθ,0,Face,m^2 s^-1,equal_mean_of_12_instantaneous_profiles,10800,14400,11100.0;11400.0;11700.0;12000.0;12300.0;12600.0;12900.0;13200.0;13500.0;13800.0;14100.0;14400.0
14400,175,surface_layer_diffusivity_ρθ,0,Face,m^2 s^-1,equal_mean_of_12_instantaneous_profiles,10800,14400,11100.0;11400.0;11700.0;12000.0;12300.0;12600.0;12900.0;13200.0;13500.0;13800.0;14100.0;14400.0
14400,187.5,surface_layer_diffusivity_ρθ,0,Face,m^2 s^-1,equal_mean_of_12_instantaneous_profiles,10800,14400,11100.0;11400.0;11700.0;12000.0;12300.0;12600.0;12900.0;13200.0;13500.0;13800.0;14100.0;14400.0
14400,200,surface_layer_diffusivity_ρθ,0,Face,m^2 s^-1,equal_mean_of_12_instantaneous_profiles,10800,14400,11100.0;11400.0;11700.0;12000.0;12300.0;12600.0;12900.0;13200.0;13500.0;13800.0;14100.0;14400.0
14400,212.5,surface_layer_diffusivity_ρθ,0,Face,m^2 s^-1,equal_mean_of_12_instantaneous_profiles,10800,14400,11100.0;11400.0;11700.0;12000.0;12300.0;12600.0;12900.0;13200.0;13500.0;13800.0;14100.0;14400.0
14400,225,surface_layer_diffusivity_ρθ,0,Face,m^2 s^-1,equal_mean_of_12_instantaneous_profiles,10800,14400,11100.0;11400.0;11700.0;12000.0;12300.0;12600.0;12900.0;13200.0;13500.0;13800.0;14100.0;14400.0
14400,237.5,surface_layer_diffusivity_ρθ,0,Face,m^2 s^-1,equal_mean_of_12_instantaneous_profiles,10800,14400,11100.0;11400.0;11700.0;12000.0;12300.0;12600.0;12900.0;13200.0;13500.0;13800.0;14100.0;14400.0
14400,250,surface_layer_diffusivity_ρθ,0,Face,m^2 s^-1,equal_mean_of_12_instantaneous_profiles,10800,14400,11100.0;11400.0;11700.0;12000.0;12300.0;12600.0;12900.0;13200.0;13500.0;13800.0;14100.0;14400.0
14400,262.5,surface_layer_diffusivity_ρθ,0,Face,m^2 s^-1,equal_mean_of_12_instantaneous_profiles,10800,14400,11100.0;11400.0;11700.0;12000.0;12300.0;12600.0;12900.0;13200.0;13500.0;13800.0;14100.0;14400.0
14400,275,surface_layer_diffusivity_ρθ,0,Face,m^2 s^-1,equal_mean_of_12_instantaneous_profiles,10800,14400,11100.0;11400.0;11700.0;12000.0;12300.0;12600.0;12900.0;13200.0;13500.0;13800.0;14100.0;14400.0
14400,287.5,surface_layer_diffusivity_ρθ,0,Face,m^2 s^-1,equal_mean_of_12_instantaneous_profiles,10800,14400,11100.0;11400.0;11700.0;12000.0;12300.0;12600.0;12900.0;13200.0;13500.0;13800.0;14100.0;14400.0
14400,300,surface_layer_diffusivity_ρθ,0,Face,m^2 s^-1,equal_mean_of_12_instantaneous_profiles,10800,14400,11100.0;11400.0;11700.0;12000.0;12300.0;12600.0;12900.0;13200.0;13500.0;13800.0;14100.0;14400.0
14400,312.5,surface_layer_diffusivity_ρθ,0,Face,m^2 s^-1,equal_mean_of_12_instantaneous_profiles,10800,14400,11100.0;11400.0;11700.0;12000.0;12300.0;12600.0;12900.0;13200.0;13500.0;13800.0;14100.0;14400.0
14400,325,surface_layer_diffusivity_ρθ,0,Face,m^2 s^-1,equal_mean_of_12_instantaneous_profiles,10800,14400,11100.0;11400.0;11700.0;12000.0;12300.0;12600.0;12900.0;13200.0;13500.0;13800.0;14100.0;14400.0
14400,337.5,surface_layer_diffusivity_ρθ,0,Face,m^2 s^-1,equal_mean_of_12_instantaneous_profiles,10800,14400,11100.0;11400.0;11700.0;12000.0;12300.0;12600.0;12900.0;13200.0;13500.0;13800.0;14100.0;14400.0
14400,350,surface_layer_diffusivity_ρθ,0,Face,m^2 s^-1,equal_mean_of_12_instantaneous_profiles,10800,14400,11100.0;11400.0;11700.0;12000.0;12300.0;12600.0;12900.0;13200.0;13500.0;13800.0;14100.0;14400.0
14400,362.5,surface_layer_diffusivity_ρθ,0,Face,m^2 s^-1,equal_mean_of_12_instantaneous_profiles,10800,14400,11100.0;11400.0;11700.0;12000.0;12300.0;12600.0;12900.0;13200.0;13500.0;13800.0;14100.0;14400.0
14400,375,surface_layer_diffusivity_ρθ,0,Face,m^2 s^-1,equal_mean_of_12_instantaneous_profiles,10800,14400,11100.0;11400.0;11700.0;12000.0;12300.0;12600.0;12900.0;13200.0;13500.0;13800.0;14100.0;14400.0
14400,387.5,surface_layer_diffusivity_ρθ,0,Face,m^2 s^-1,equal_mean_of_12_instantaneous_profiles,10800,14400,11100.0;11400.0;11700.0;12000.0;12300.0;12600.0;12900.0;13200.0;13500.0;13800.0;14100.0;14400.0
14400,400,surface_layer_diffusivity_ρθ,0,Face,m^2 s^-1,equal_mean_of_12_instantaneous_profiles,10800,14400,11100.0;11400.0;11700.0;12000.0;12300.0;12600.0;12900.0;13200.0;13500.0;13800.0;14100.0;14400.0
14400,412.5,surface_layer_diffusivity_ρθ,0,Face,m^2 s^-1,equal_mean_of_12_instantaneous_profiles,10800,14400,11100.0;11400.0;11700.0;12000.0;12300.0;12600.0;12900.0;13200.0;13500.0;13800.0;14100.0;14400.0
14400,425,surface_layer_diffusivity_ρθ,0,Face,m^2 s^-1,equal_mean_of_12_instantaneous_profiles,10800,14400,11100.0;11400.0;11700.0;12000.0;12300.0;12600.0;12900.0;13200.0;13500.0;13800.0;14100.0;14400.0
14400,437.5,surface_layer_diffusivity_ρθ,0,Face,m^2 s^-1,equal_mean_of_12_instantaneous_profiles,10800,14400,11100.0;11400.0;11700.0;12000.0;12300.0;12600.0;12900.0;13200.0;13500.0;13800.0;14100.0;14400.0
14400,450,surface_layer_diffusivity_ρθ,0,Face,m^2 s^-1,equal_mean_of_12_instantaneous_profiles,10800,14400,11100.0;11400.0;11700.0;12000.0;12300.0;12600.0;12900.0;13200.0;13500.0;13800.0;14100.0;14400.0
14400,462.5,surface_layer_diffusivity_ρθ,0,Face,m^2 s^-1,equal_mean_of_12_instantaneous_profiles,10800,14400,11100.0;11400.0;11700.0;12000.0;12300.0;12600.0;12900.0;13200.0;13500.0;13800.0;14100.0;14400.0
14400,475,surface_layer_diffusivity_ρθ,0,Face,m^2 s^-1,equal_mean_of_12_instantaneous_profiles,10800,14400,11100.0;11400.0;11700.0;12000.0;12300.0;12600.0;12900.0;13200.0;13500.0;13800.0;14100.0;14400.0
14400,487.5,surface_layer_diffusivity_ρθ,0,Face,m^2 s^-1,equal_mean_of_12_instantaneous_profiles,10800,14400,11100.0;11400.0;11700.0;12000.0;12300.0;12600.0;12900.0;13200.0;13500.0;13800.0;14100.0;14400.0
14400,500,surface_layer_diffusivity_ρθ,0,Face,m^2 s^-1,equal_mean_of_12_instantaneous_profiles,10800,14400,11100.0;11400.0;11700.0;12000.0;12300.0;12600.0;12900.0;13200.0;13500.0;13800.0;14100.0;14400.0
14400,512.5,surface_layer_diffusivity_ρθ,0,Face,m^2 s^-1,equal_mean_of_12_instantaneous_profiles,10800,14400,11100.0;11400.0;11700.0;12000.0;12300.0;12600.0;12900.0;13200.0;13500.0;13800.0;14100.0;14400.0
14400,525,surface_layer_diffusivity_ρθ,0,Face,m^2 s^-1,equal_mean_of_12_instantaneous_profiles,10800,14400,11100.0;11400.0;11700.0;12000.0;12300.0;12600.0;12900.0;13200.0;13500.0;13800.0;14100.0;14400.0
14400,537.5,surface_layer_diffusivity_ρθ,0,Face,m^2 s^-1,equal_mean_of_12_instantaneous_profiles,10800,14400,11100.0;11400.0;11700.0;12000.0;12300.0;12600.0;12900.0;13200.0;13500.0;13800.0;14100.0;14400.0
14400,550,surface_layer_diffusivity_ρθ,0,Face,m^2 s^-1,equal_mean_of_12_instantaneous_profiles,10800,14400,11100.0;11400.0;11700.0;12000.0;12300.0;12600.0;12900.0;13200.0;13500.0;13800.0;14100.0;14400.0
14400,562.5,surface_layer_diffusivity_ρθ,0,Face,m^2 s^-1,equal_mean_of_12_instantaneous_profiles,10800,14400,11100.0;11400.0;11700.0;12000.0;12300.0;12600.0;12900.0;13200.0;13500.0;13800.0;14100.0;14400.0
14400,575,surface_layer_diffusivity_ρθ,0,Face,m^2 s^-1,equal_mean_of_12_instantaneous_profiles,10800,14400,11100.0;11400.0;11700.0;12000.0;12300.0;12600.0;12900.0;13200.0;13500.0;13800.0;14100.0;14400.0
14400,587.5,surface_layer_diffusivity_ρθ,0,Face,m^2 s^-1,equal_mean_of_12_instantaneous_profiles,10800,14400,11100.0;11400.0;11700.0;12000.0;12300.0;12600.0;12900.0;13200.0;13500.0;13800.0;14100.0;14400.0
14400,600,surface_layer_diffusivity_ρθ,0,Face,m^2 s^-1,equal_mean_of_12_instantaneous_profiles,10800,14400,11100.0;11400.0;11700.0;12000.0;12300.0;12600.0;12900.0;13200.0;13500.0;13800.0;14100.0;14400.0
14400,612.5,surface_layer_diffusivity_ρθ,0,Face,m^2 s^-1,equal_mean_of_12_instantaneous_profiles,10800,14400,11100.0;11400.0;11700.0;12000.0;12300.0;12600.0;12900.0;13200.0;13500.0;13800.0;14100.0;14400.0
14400,625,surface_layer_diffusivity_ρθ,0,Face,m^2 s^-1,equal_mean_of_12_instantaneous_profiles,10800,14400,11100.0;11400.0;11700.0;12000.0;12300.0;12600.0;12900.0;13200.0;13500.0;13800.0;14100.0;14400.0
14400,637.5,surface_layer_diffusivity_ρθ,0,Face,m^2 s^-1,equal_mean_of_12_instantaneous_profiles,10800,14400,11100.0;11400.0;11700.0;12000.0;12300.0;12600.0;12900.0;13200.0;13500.0;13800.0;14100.0;14400.0
14400,650,surface_layer_diffusivity_ρθ,0,Face,m^2 s^-1,equal_mean_of_12_instantaneous_profiles,10800,14400,11100.0;11400.0;11700.0;12000.0;12300.0;12600.0;12900.0;13200.0;13500.0;13800.0;14100.0;14400.0
14400,662.5,surface_layer_diffusivity_ρθ,0,Face,m^2 s^-1,equal_mean_of_12_instantaneous_profiles,10800,14400,11100.0;11400.0;11700.0;12000.0;12300.0;12600.0;12900.0;13200.0;13500.0;13800.0;14100.0;14400.0
14400,675,surface_layer_diffusivity_ρθ,0,Face,m^2 s^-1,equal_mean_of_12_instantaneous_profiles,10800,14400,11100.0;11400.0;11700.0;12000.0;12300.0;12600.0;12900.0;13200.0;13500.0;13800.0;14100.0;14400.0
14400,687.5,surface_layer_diffusivity_ρθ,0,Face,m^2 s^-1,equal_mean_of_12_instantaneous_profiles,10800,14400,11100.0;11400.0;11700.0;12000.0;12300.0;12600.0;12900.0;13200.0;13500.0;13800.0;14100.0;14400.0
14400,700,surface_layer_diffusivity_ρθ,0,Face,m^2 s^-1,equal_mean_of_12_instantaneous_profiles,10800,14400,11100.0;11400.0;11700.0;12000.0;12300.0;12600.0;12900.0;13200.0;13500.0;13800.0;14100.0;14400.0
14400,712.5,surface_layer_diffusivity_ρθ,0,Face,m^2 s^-1,equal_mean_of_12_instantaneous_profiles,10800,14400,11100.0;11400.0;11700.0;12000.0;12300.0;12600.0;12900.0;13200.0;13500.0;13800.0;14100.0;14400.0
14400,725,surface_layer_diffusivity_ρθ,0,Face,m^2 s^-1,equal_mean_of_12_instantaneous_profiles,10800,14400,11100.0;11400.0;11700.0;12000.0;12300.0;12600.0;12900.0;13200.0;13500.0;13800.0;14100.0;14400.0
14400,737.5,surface_layer_diffusivity_ρθ,0,Face,m^2 s^-1,equal_mean_of_12_instantaneous_profiles,10800,14400,11100.0;11400.0;11700.0;12000.0;12300.0;12600.0;12900.0;13200.0;13500.0;13800.0;14100.0;14400.0
14400,750,surface_layer_diffusivity_ρθ,0,Face,m^2 s^-1,equal_mean_of_12_instantaneous_profiles,10800,14400,11100.0;11400.0;11700.0;12000.0;12300.0;12600.0;12900.0;13200.0;13500.0;13800.0;14100.0;14400.0
14400,762.5,surface_layer_diffusivity_ρθ,0,Face,m^2 s^-1,equal_mean_of_12_instantaneous_profiles,10800,14400,11100.0;11400.0;11700.0;12000.0;12300.0;12600.0;12900.0;13200.0;13500.0;13800.0;14100.0;14400.0
14400,775,surface_layer_diffusivity_ρθ,0,Face,m^2 s^-1,equal_mean_of_12_instantaneous_profiles,10800,14400,11100.0;11400.0;11700.0;12000.0;12300.0;12600.0;12900.0;13200.0;13500.0;13800.0;14100.0;14400.0
14400,787.5,surface_layer_diffusivity_ρθ,0,Face,m^2 s^-1,equal_mean_of_12_instantaneous_profiles,10800,14400,11100.0;11400.0;11700.0;12000.0;12300.0;12600.0;12900.0;13200.0;13500.0;13800.0;14100.0;14400.0
14400,800,surface_layer_diffusivity_ρθ,0,Face,m^2 s^-1,equal_mean_of_12_instantaneous_profiles,10800,14400,11100.0;11400.0;11700.0;12000.0;12300.0;12600.0;12900.0;13200.0;13500.0;13800.0;14100.0;14400.0
14400,0,surface_layer_viscosity,0,Face,m^2 s^-1,equal_mean_of_12_instantaneous_profiles,10800,14400,11100.0;11400.0;11700.0;12000.0;12300.0;12600.0;12900.0;13200.0;13500.0;13800.0;14100.0;14400.0
14400,12.5,surface_layer_viscosity,0.99881291886170709,Face,m^2 s^-1,equal_mean_of_12_instantaneous_profiles,10800,14400,11100.0;11400.0;11700.0;12000.0;12300.0;12600.0;12900.0;13200.0;13500.0;13800.0;14100.0;14400.0
14400,25,surface_layer_viscosity,0.99427961309750879,Face,m^2 s^-1,equal_mean_of_12_instantaneous_profiles,10800,14400,11100.0;11400.0;11700.0;12000.0;12300.0;12600.0;12900.0;13200.0;13500.0;13800.0;14100.0;14400.0
14400,37.5,surface_layer_viscosity,0,Face,m^2 s^-1,equal_mean_of_12_instantaneous_profiles,10800,14400,11100.0;11400.0;11700.0;12000.0;12300.0;12600.0;12900.0;13200.0;13500.0;13800.0;14100.0;14400.0
14400,50,surface_layer_viscosity,0,Face,m^2 s^-1,equal_mean_of_12_instantaneous_profiles,10800,14400,11100.0;11400.0;11700.0;12000.0;12300.0;12600.0;12900.0;13200.0;13500.0;13800.0;14100.0;14400.0
14400,62.5,surface_layer_viscosity,0,Face,m^2 s^-1,equal_mean_of_12_instantaneous_profiles,10800,14400,11100.0;11400.0;11700.0;12000.0;12300.0;12600.0;12900.0;13200.0;13500.0;13800.0;14100.0;14400.0
14400,75,surface_layer_viscosity,0,Face,m^2 s^-1,equal_mean_of_12_instantaneous_profiles,10800,14400,11100.0;11400.0;11700.0;12000.0;12300.0;12600.0;12900.0;13200.0;13500.0;13800.0;14100.0;14400.0
14400,87.5,surface_layer_viscosity,0,Face,m^2 s^-1,equal_mean_of_12_instantaneous_profiles,10800,14400,11100.0;11400.0;11700.0;12000.0;12300.0;12600.0;12900.0;13200.0;13500.0;13800.0;14100.0;14400.0
14400,100,surface_layer_viscosity,0,Face,m^2 s^-1,equal_mean_of_12_instantaneous_profiles,10800,14400,11100.0;11400.0;11700.0;12000.0;12300.0;12600.0;12900.0;13200.0;13500.0;13800.0;14100.0;14400.0
14400,112.5,surface_layer_viscosity,0,Face,m^2 s^-1,equal_mean_of_12_instantaneous_profiles,10800,14400,11100.0;11400.0;11700.0;12000.0;12300.0;12600.0;12900.0;13200.0;13500.0;13800.0;14100.0;14400.0
14400,125,surface_layer_viscosity,0,Face,m^2 s^-1,equal_mean_of_12_instantaneous_profiles,10800,14400,11100.0;11400.0;11700.0;12000.0;12300.0;12600.0;12900.0;13200.0;13500.0;13800.0;14100.0;14400.0
14400,137.5,surface_layer_viscosity,0,Face,m^2 s^-1,equal_mean_of_12_instantaneous_profiles,10800,14400,11100.0;11400.0;11700.0;12000.0;12300.0;12600.0;12900.0;13200.0;13500.0;13800.0;14100.0;14400.0
14400,150,surface_layer_viscosity,0,Face,m^2 s^-1,equal_mean_of_12_instantaneous_profiles,10800,14400,11100.0;11400.0;11700.0;12000.0;12300.0;12600.0;12900.0;13200.0;13500.0;13800.0;14100.0;14400.0
14400,162.5,surface_layer_viscosity,0,Face,m^2 s^-1,equal_mean_of_12_instantaneous_profiles,10800,14400,11100.0;11400.0;11700.0;12000.0;12300.0;12600.0;12900.0;13200.0;13500.0;13800.0;14100.0;14400.0
14400,175,surface_layer_viscosity,0,Face,m^2 s^-1,equal_mean_of_12_instantaneous_profiles,10800,14400,11100.0;11400.0;11700.0;12000.0;12300.0;12600.0;12900.0;13200.0;13500.0;13800.0;14100.0;14400.0
14400,187.5,surface_layer_viscosity,0,Face,m^2 s^-1,equal_mean_of_12_instantaneous_profiles,10800,14400,11100.0;11400.0;11700.0;12000.0;12300.0;12600.0;12900.0;13200.0;13500.0;13800.0;14100.0;14400.0
14400,200,surface_layer_viscosity,0,Face,m^2 s^-1,equal_mean_of_12_instantaneous_profiles,10800,14400,11100.0;11400.0;11700.0;12000.0;12300.0;12600.0;12900.0;13200.0;13500.0;13800.0;14100.0;14400.0
14400,212.5,surface_layer_viscosity,0,Face,m^2 s^-1,equal_mean_of_12_instantaneous_profiles,10800,14400,11100.0;11400.0;11700.0;12000.0;12300.0;12600.0;12900.0;13200.0;13500.0;13800.0;14100.0;14400.0
14400,225,surface_layer_viscosity,0,Face,m^2 s^-1,equal_mean_of_12_instantaneous_profiles,10800,14400,11100.0;11400.0;11700.0;12000.0;12300.0;12600.0;12900.0;13200.0;13500.0;13800.0;14100.0;14400.0
14400,237.5,surface_layer_viscosity,0,Face,m^2 s^-1,equal_mean_of_12_instantaneous_profiles,10800,14400,11100.0;11400.0;11700.0;12000.0;12300.0;12600.0;12900.0;13200.0;13500.0;13800.0;14100.0;14400.0
14400,250,surface_layer_viscosity,0,Face,m^2 s^-1,equal_mean_of_12_instantaneous_profiles,10800,14400,11100.0;11400.0;11700.0;12000.0;12300.0;12600.0;12900.0;13200.0;13500.0;13800.0;14100.0;14400.0
14400,262.5,surface_layer_viscosity,0,Face,m^2 s^-1,equal_mean_of_12_instantaneous_profiles,10800,14400,11100.0;11400.0;11700.0;12000.0;12300.0;12600.0;12900.0;13200.0;13500.0;13800.0;14100.0;14400.0
14400,275,surface_layer_viscosity,0,Face,m^2 s^-1,equal_mean_of_12_instantaneous_profiles,10800,14400,11100.0;11400.0;11700.0;12000.0;12300.0;12600.0;12900.0;13200.0;13500.0;13800.0;14100.0;14400.0
14400,287.5,surface_layer_viscosity,0,Face,m^2 s^-1,equal_mean_of_12_instantaneous_profiles,10800,14400,11100.0;11400.0;11700.0;12000.0;12300.0;12600.0;12900.0;13200.0;13500.0;13800.0;14100.0;14400.0
14400,300,surface_layer_viscosity,0,Face,m^2 s^-1,equal_mean_of_12_instantaneous_profiles,10800,14400,11100.0;11400.0;11700.0;12000.0;12300.0;12600.0;12900.0;13200.0;13500.0;13800.0;14100.0;14400.0
14400,312.5,surface_layer_viscosity,0,Face,m^2 s^-1,equal_mean_of_12_instantaneous_profiles,10800,14400,11100.0;11400.0;11700.0;12000.0;12300.0;12600.0;12900.0;13200.0;13500.0;13800.0;14100.0;14400.0
14400,325,surface_layer_viscosity,0,Face,m^2 s^-1,equal_mean_of_12_instantaneous_profiles,10800,14400,11100.0;11400.0;11700.0;12000.0;12300.0;12600.0;12900.0;13200.0;13500.0;13800.0;14100.0;14400.0
14400,337.5,surface_layer_viscosity,0,Face,m^2 s^-1,equal_mean_of_12_instantaneous_profiles,10800,14400,11100.0;11400.0;11700.0;12000.0;12300.0;12600.0;12900.0;13200.0;13500.0;13800.0;14100.0;14400.0
14400,350,surface_layer_viscosity,0,Face,m^2 s^-1,equal_mean_of_12_instantaneous_profiles,10800,14400,11100.0;11400.0;11700.0;12000.0;12300.0;12600.0;12900.0;13200.0;13500.0;13800.0;14100.0;14400.0
14400,362.5,surface_layer_viscosity,0,Face,m^2 s^-1,equal_mean_of_12_instantaneous_profiles,10800,14400,11100.0;11400.0;11700.0;12000.0;12300.0;12600.0;12900.0;13200.0;13500.0;13800.0;14100.0;14400.0
14400,375,surface_layer_viscosity,0,Face,m^2 s^-1,equal_mean_of_12_instantaneous_profiles,10800,14400,11100.0;11400.0;11700.0;12000.0;12300.0;12600.0;12900.0;13200.0;13500.0;13800.0;14100.0;14400.0
14400,387.5,surface_layer_viscosity,0,Face,m^2 s^-1,equal_mean_of_12_instantaneous_profiles,10800,14400,11100.0;11400.0;11700.0;12000.0;12300.0;12600.0;12900.0;13200.0;13500.0;13800.0;14100.0;14400.0
14400,400,surface_layer_viscosity,0,Face,m^2 s^-1,equal_mean_of_12_instantaneous_profiles,10800,14400,11100.0;11400.0;11700.0;12000.0;12300.0;12600.0;12900.0;13200.0;13500.0;13800.0;14100.0;14400.0
14400,412.5,surface_layer_viscosity,0,Face,m^2 s^-1,equal_mean_of_12_instantaneous_profiles,10800,14400,11100.0;11400.0;11700.0;12000.0;12300.0;12600.0;12900.0;13200.0;13500.0;13800.0;14100.0;14400.0
14400,425,surface_layer_viscosity,0,Face,m^2 s^-1,equal_mean_of_12_instantaneous_profiles,10800,14400,11100.0;11400.0;11700.0;12000.0;12300.0;12600.0;12900.0;13200.0;13500.0;13800.0;14100.0;14400.0
14400,437.5,surface_layer_viscosity,0,Face,m^2 s^-1,equal_mean_of_12_instantaneous_profiles,10800,14400,11100.0;11400.0;11700.0;12000.0;12300.0;12600.0;12900.0;13200.0;13500.0;13800.0;14100.0;14400.0
14400,450,surface_layer_viscosity,0,Face,m^2 s^-1,equal_mean_of_12_instantaneous_profiles,10800,14400,11100.0;11400.0;11700.0;12000.0;12300.0;12600.0;12900.0;13200.0;13500.0;13800.0;14100.0;14400.0
14400,462.5,surface_layer_viscosity,0,Face,m^2 s^-1,equal_mean_of_12_instantaneous_profiles,10800,14400,11100.0;11400.0;11700.0;12000.0;12300.0;12600.0;12900.0;13200.0;13500.0;13800.0;14100.0;14400.0
14400,475,surface_layer_viscosity,0,Face,m^2 s^-1,equal_mean_of_12_instantaneous_profiles,10800,14400,11100.0;11400.0;11700.0;12000.0;12300.0;12600.0;12900.0;13200.0;13500.0;13800.0;14100.0;14400.0
14400,487.5,surface_layer_viscosity,0,Face,m^2 s^-1,equal_mean_of_12_instantaneous_profiles,10800,14400,11100.0;11400.0;11700.0;12000.0;12300.0;12600.0;12900.0;13200.0;13500.0;13800.0;14100.0;14400.0
14400,500,surface_layer_viscosity,0,Face,m^2 s^-1,equal_mean_of_12_instantaneous_profiles,10800,14400,11100.0;11400.0;11700.0;12000.0;12300.0;12600.0;12900.0;13200.0;13500.0;13800.0;14100.0;14400.0
14400,512.5,surface_layer_viscosity,0,Face,m^2 s^-1,equal_mean_of_12_instantaneous_profiles,10800,14400,11100.0;11400.0;11700.0;12000.0;12300.0;12600.0;12900.0;13200.0;13500.0;13800.0;14100.0;14400.0
14400,525,surface_layer_viscosity,0,Face,m^2 s^-1,equal_mean_of_12_instantaneous_profiles,10800,14400,11100.0;11400.0;11700.0;12000.0;12300.0;12600.0;12900.0;13200.0;13500.0;13800.0;14100.0;14400.0
14400,537.5,surface_layer_viscosity,0,Face,m^2 s^-1,equal_mean_of_12_instantaneous_profiles,10800,14400,11100.0;11400.0;11700.0;12000.0;12300.0;12600.0;12900.0;13200.0;13500.0;13800.0;14100.0;14400.0
14400,550,surface_layer_viscosity,0,Face,m^2 s^-1,equal_mean_of_12_instantaneous_profiles,10800,14400,11100.0;11400.0;11700.0;12000.0;12300.0;12600.0;12900.0;13200.0;13500.0;13800.0;14100.0;14400.0
14400,562.5,surface_layer_viscosity,0,Face,m^2 s^-1,equal_mean_of_12_instantaneous_profiles,10800,14400,11100.0;11400.0;11700.0;12000.0;12300.0;12600.0;12900.0;13200.0;13500.0;13800.0;14100.0;14400.0
14400,575,surface_layer_viscosity,0,Face,m^2 s^-1,equal_mean_of_12_instantaneous_profiles,10800,14400,11100.0;11400.0;11700.0;12000.0;12300.0;12600.0;12900.0;13200.0;13500.0;13800.0;14100.0;14400.0
14400,587.5,surface_layer_viscosity,0,Face,m^2 s^-1,equal_mean_of_12_instantaneous_profiles,10800,14400,11100.0;11400.0;11700.0;12000.0;12300.0;12600.0;12900.0;13200.0;13500.0;13800.0;14100.0;14400.0
14400,600,surface_layer_viscosity,0,Face,m^2 s^-1,equal_mean_of_12_instantaneous_profiles,10800,14400,11100.0;11400.0;11700.0;12000.0;12300.0;12600.0;12900.0;13200.0;13500.0;13800.0;14100.0;14400.0
14400,612.5,surface_layer_viscosity,0,Face,m^2 s^-1,equal_mean_of_12_instantaneous_profiles,10800,14400,11100.0;11400.0;11700.0;12000.0;12300.0;12600.0;12900.0;13200.0;13500.0;13800.0;14100.0;14400.0
14400,625,surface_layer_viscosity,0,Face,m^2 s^-1,equal_mean_of_12_instantaneous_profiles,10800,14400,11100.0;11400.0;11700.0;12000.0;12300.0;12600.0;12900.0;13200.0;13500.0;13800.0;14100.0;14400.0
14400,637.5,surface_layer_viscosity,0,Face,m^2 s^-1,equal_mean_of_12_instantaneous_profiles,10800,14400,11100.0;11400.0;11700.0;12000.0;12300.0;12600.0;12900.0;13200.0;13500.0;13800.0;14100.0;14400.0
14400,650,surface_layer_viscosity,0,Face,m^2 s^-1,equal_mean_of_12_instantaneous_profiles,10800,14400,11100.0;11400.0;11700.0;12000.0;12300.0;12600.0;12900.0;13200.0;13500.0;13800.0;14100.0;14400.0
14400,662.5,surface_layer_viscosity,0,Face,m^2 s^-1,equal_mean_of_12_instantaneous_profiles,10800,14400,11100.0;11400.0;11700.0;12000.0;12300.0;12600.0;12900.0;13200.0;13500.0;13800.0;14100.0;14400.0
14400,675,surface_layer_viscosity,0,Face,m^2 s^-1,equal_mean_of_12_instantaneous_profiles,10800,14400,11100.0;11400.0;11700.0;12000.0;12300.0;12600.0;12900.0;13200.0;13500.0;13800.0;14100.0;14400.0
14400,687.5,surface_layer_viscosity,0,Face,m^2 s^-1,equal_mean_of_12_instantaneous_profiles,10800,14400,11100.0;11400.0;11700.0;12000.0;12300.0;12600.0;12900.0;13200.0;13500.0;13800.0;14100.0;14400.0
14400,700,surface_layer_viscosity,0,Face,m^2 s^-1,equal_mean_of_12_instantaneous_profiles,10800,14400,11100.0;11400.0;11700.0;12000.0;12300.0;12600.0;12900.0;13200.0;13500.0;13800.0;14100.0;14400.0
14400,712.5,surface_layer_viscosity,0,Face,m^2 s^-1,equal_mean_of_12_instantaneous_profiles,10800,14400,11100.0;11400.0;11700.0;12000.0;12300.0;12600.0;12900.0;13200.0;13500.0;13800.0;14100.0;14400.0
14400,725,surface_layer_viscosity,0,Face,m^2 s^-1,equal_mean_of_12_instantaneous_profiles,10800,14400,11100.0;11400.0;11700.0;12000.0;12300.0;12600.0;12900.0;13200.0;13500.0;13800.0;14100.0;14400.0
14400,737.5,surface_layer_viscosity,0,Face,m^2 s^-1,equal_mean_of_12_instantaneous_profiles,10800,14400,11100.0;11400.0;11700.0;12000.0;12300.0;12600.0;12900.0;13200.0;13500.0;13800.0;14100.0;14400.0
14400,750,surface_layer_viscosity,0,Face,m^2 s^-1,equal_mean_of_12_instantaneous_profiles,10800,14400,11100.0;11400.0;11700.0;12000.0;12300.0;12600.0;12900.0;13200.0;13500.0;13800.0;14100.0;14400.0
14400,762.5,surface_layer_viscosity,0,Face,m^2 s^-1,equal_mean_of_12_instantaneous_profiles,10800,14400,11100.0;11400.0;11700.0;12000.0;12300.0;12600.0;12900.0;13200.0;13500.0;13800.0;14100.0;14400.0
14400,775,surface_layer_viscosity,0,Face,m^2 s^-1,equal_mean_of_12_instantaneous_profiles,10800,14400,11100.0;11400.0;11700.0;12000.0;12300.0;12600.0;12900.0;13200.0;13500.0;13800.0;14100.0;14400.0
14400,787.5,surface_layer_viscosity,0,Face,m^2 s^-1,equal_mean_of_12_instantaneous_profiles,10800,14400,11100.0;11400.0;11700.0;12000.0;12300.0;12600.0;12900.0;13200.0;13500.0;13800.0;14100.0;14400.0
14400,800,surface_layer_viscosity,0,Face,m^2 s^-1,equal_mean_of_12_instantaneous_profiles,10800,14400,11100.0;11400.0;11700.0;12000.0;12300.0;12600.0;12900.0;13200.0;13500.0;13800.0;14100.0;14400.0
14400,6.25,theta_mean,289.49726104736328,Center,K,equal_mean_of_12_instantaneous_profiles,10800,14400,11100.0;11400.0;11700.0;12000.0;12300.0;12600.0;12900.0;13200.0;13500.0;13800.0;14100.0;14400.0
14400,18.75,theta_mean,289.71678670247394,Center,K,equal_mean_of_12_instantaneous_profiles,10800,14400,11100.0;11400.0;11700.0;12000.0;12300.0;12600.0;12900.0;13200.0;13500.0;13800.0;14100.0;14400.0
14400,31.25,theta_mean,289.91314442952472,Center,K,equal_mean_of_12_instantaneous_profiles,10800,14400,11100.0;11400.0;11700.0;12000.0;12300.0;12600.0;12900.0;13200.0;13500.0;13800.0;14100.0;14400.0
14400,43.75,theta_mean,290.44224548339844,Center,K,equal_mean_of_12_instantaneous_profiles,10800,14400,11100.0;11400.0;11700.0;12000.0;12300.0;12600.0;12900.0;13200.0;13500.0;13800.0;14100.0;14400.0
14400,56.25,theta_mean,290.90484619140625,Center,K,equal_mean_of_12_instantaneous_profiles,10800,14400,11100.0;11400.0;11700.0;12000.0;12300.0;12600.0;12900.0;13200.0;13500.0;13800.0;14100.0;14400.0
14400,68.75,theta_mean,291.54291534423828,Center,K,equal_mean_of_12_instantaneous_profiles,10800,14400,11100.0;11400.0;11700.0;12000.0;12300.0;12600.0;12900.0;13200.0;13500.0;13800.0;14100.0;14400.0
14400,81.25,theta_mean,292.30193583170575,Center,K,equal_mean_of_12_instantaneous_profiles,10800,14400,11100.0;11400.0;11700.0;12000.0;12300.0;12600.0;12900.0;13200.0;13500.0;13800.0;14100.0;14400.0
14400,93.75,theta_mean,293.00687154134113,Center,K,equal_mean_of_12_instantaneous_profiles,10800,14400,11100.0;11400.0;11700.0;12000.0;12300.0;12600.0;12900.0;13200.0;13500.0;13800.0;14100.0;14400.0
14400,106.25,theta_mean,293.61664326985675,Center,K,equal_mean_of_12_instantaneous_profiles,10800,14400,11100.0;11400.0;11700.0;12000.0;12300.0;12600.0;12900.0;13200.0;13500.0;13800.0;14100.0;14400.0
14400,118.75,theta_mean,294.17411549886066,Center,K,equal_mean_of_12_instantaneous_profiles,10800,14400,11100.0;11400.0;11700.0;12000.0;12300.0;12600.0;12900.0;13200.0;13500.0;13800.0;14100.0;14400.0
14400,131.25,theta_mean,294.71732330322266,Center,K,equal_mean_of_12_instantaneous_profiles,10800,14400,11100.0;11400.0;11700.0;12000.0;12300.0;12600.0;12900.0;13200.0;13500.0;13800.0;14100.0;14400.0
14400,143.75,theta_mean,295.30683898925781,Center,K,equal_mean_of_12_instantaneous_profiles,10800,14400,11100.0;11400.0;11700.0;12000.0;12300.0;12600.0;12900.0;13200.0;13500.0;13800.0;14100.0;14400.0
14400,156.25,theta_mean,295.91632843017578,Center,K,equal_mean_of_12_instantaneous_profiles,10800,14400,11100.0;11400.0;11700.0;12000.0;12300.0;12600.0;12900.0;13200.0;13500.0;13800.0;14100.0;14400.0
14400,168.75,theta_mean,296.55782826741535,Center,K,equal_mean_of_12_instantaneous_profiles,10800,14400,11100.0;11400.0;11700.0;12000.0;12300.0;12600.0;12900.0;13200.0;13500.0;13800.0;14100.0;14400.0
14400,181.25,theta_mean,297.1590525309245,Center,K,equal_mean_of_12_instantaneous_profiles,10800,14400,11100.0;11400.0;11700.0;12000.0;12300.0;12600.0;12900.0;13200.0;13500.0;13800.0;14100.0;14400.0
14400,193.75,theta_mean,297.55542755126953,Center,K,equal_mean_of_12_instantaneous_profiles,10800,14400,11100.0;11400.0;11700.0;12000.0;12300.0;12600.0;12900.0;13200.0;13500.0;13800.0;14100.0;14400.0
14400,206.25,theta_mean,297.79098510742188,Center,K,equal_mean_of_12_instantaneous_profiles,10800,14400,11100.0;11400.0;11700.0;12000.0;12300.0;12600.0;12900.0;13200.0;13500.0;13800.0;14100.0;14400.0
14400,218.75,theta_mean,297.91234588623047,Center,K,equal_mean_of_12_instantaneous_profiles,10800,14400,11100.0;11400.0;11700.0;12000.0;12300.0;12600.0;12900.0;13200.0;13500.0;13800.0;14100.0;14400.0
14400,231.25,theta_mean,297.97048187255859,Center,K,equal_mean_of_12_instantaneous_profiles,10800,14400,11100.0;11400.0;11700.0;12000.0;12300.0;12600.0;12900.0;13200.0;13500.0;13800.0;14100.0;14400.0
14400,243.75,theta_mean,298.00619506835938,Center,K,equal_mean_of_12_instantaneous_profiles,10800,14400,11100.0;11400.0;11700.0;12000.0;12300.0;12600.0;12900.0;13200.0;13500.0;13800.0;14100.0;14400.0
14400,256.25,theta_mean,298.04203796386719,Center,K,equal_mean_of_12_instantaneous_profiles,10800,14400,11100.0;11400.0;11700.0;12000.0;12300.0;12600.0;12900.0;13200.0;13500.0;13800.0;14100.0;14400.0
14400,268.75,theta_mean,298.08104705810547,Center,K,equal_mean_of_12_instantaneous_profiles,10800,14400,11100.0;11400.0;11700.0;12000.0;12300.0;12600.0;12900.0;13200.0;13500.0;13800.0;14100.0;14400.0
14400,281.25,theta_mean,298.11880493164062,Center,K,equal_mean_of_12_instantaneous_profiles,10800,14400,11100.0;11400.0;11700.0;12000.0;12300.0;12600.0;12900.0;13200.0;13500.0;13800.0;14100.0;14400.0
14400,293.75,theta_mean,298.15488433837891,Center,K,equal_mean_of_12_instantaneous_profiles,10800,14400,11100.0;11400.0;11700.0;12000.0;12300.0;12600.0;12900.0;13200.0;13500.0;13800.0;14100.0;14400.0
14400,306.25,theta_mean,298.19033304850262,Center,K,equal_mean_of_12_instantaneous_profiles,10800,14400,11100.0;11400.0;11700.0;12000.0;12300.0;12600.0;12900.0;13200.0;13500.0;13800.0;14100.0;14400.0
14400,318.75,theta_mean,298.2247263590495,Center,K,equal_mean_of_12_instantaneous_profiles,10800,14400,11100.0;11400.0;11700.0;12000.0;12300.0;12600.0;12900.0;13200.0;13500.0;13800.0;14100.0;14400.0
14400,331.25,theta_mean,298.2586619059245,Center,K,equal_mean_of_12_instantaneous_profiles,10800,14400,11100.0;11400.0;11700.0;12000.0;12300.0;12600.0;12900.0;13200.0;13500.0;13800.0;14100.0;14400.0
14400,343.75,theta_mean,298.29239145914715,Center,K,equal_mean_of_12_instantaneous_profiles,10800,14400,11100.0;11400.0;11700.0;12000.0;12300.0;12600.0;12900.0;13200.0;13500.0;13800.0;14100.0;14400.0
14400,356.25,theta_mean,298.32650756835938,Center,K,equal_mean_of_12_instantaneous_profiles,10800,14400,11100.0;11400.0;11700.0;12000.0;12300.0;12600.0;12900.0;13200.0;13500.0;13800.0;14100.0;14400.0
14400,368.75,theta_mean,298.36162058512372,Center,K,equal_mean_of_12_instantaneous_profiles,10800,14400,11100.0;11400.0;11700.0;12000.0;12300.0;12600.0;12900.0;13200.0;13500.0;13800.0;14100.0;14400.0
14400,381.25,theta_mean,298.39754994710285,Center,K,equal_mean_of_12_instantaneous_profiles,10800,14400,11100.0;11400.0;11700.0;12000.0;12300.0;12600.0;12900.0;13200.0;13500.0;13800.0;14100.0;14400.0
14400,393.75,theta_mean,298.43302663167316,Center,K,equal_mean_of_12_instantaneous_profiles,10800,14400,11100.0;11400.0;11700.0;12000.0;12300.0;12600.0;12900.0;13200.0;13500.0;13800.0;14100.0;14400.0
14400,406.25,theta_mean,298.47000376383465,Center,K,equal_mean_of_12_instantaneous_profiles,10800,14400,11100.0;11400.0;11700.0;12000.0;12300.0;12600.0;12900.0;13200.0;13500.0;13800.0;14100.0;14400.0
14400,418.75,theta_mean,298.50616709391278,Center,K,equal_mean_of_12_instantaneous_profiles,10800,14400,11100.0;11400.0;11700.0;12000.0;12300.0;12600.0;12900.0;13200.0;13500.0;13800.0;14100.0;14400.0
14400,431.25,theta_mean,298.54391988118488,Center,K,equal_mean_of_12_instantaneous_profiles,10800,14400,11100.0;11400.0;11700.0;12000.0;12300.0;12600.0;12900.0;13200.0;13500.0;13800.0;14100.0;14400.0
14400,443.75,theta_mean,298.58138020833331,Center,K,equal_mean_of_12_instantaneous_profiles,10800,14400,11100.0;11400.0;11700.0;12000.0;12300.0;12600.0;12900.0;13200.0;13500.0;13800.0;14100.0;14400.0
14400,456.25,theta_mean,298.61771647135419,Center,K,equal_mean_of_12_instantaneous_profiles,10800,14400,11100.0;11400.0;11700.0;12000.0;12300.0;12600.0;12900.0;13200.0;13500.0;13800.0;14100.0;14400.0
14400,468.75,theta_mean,298.65553029378253,Center,K,equal_mean_of_12_instantaneous_profiles,10800,14400,11100.0;11400.0;11700.0;12000.0;12300.0;12600.0;12900.0;13200.0;13500.0;13800.0;14100.0;14400.0
14400,481.25,theta_mean,298.69343821207684,Center,K,equal_mean_of_12_instantaneous_profiles,10800,14400,11100.0;11400.0;11700.0;12000.0;12300.0;12600.0;12900.0;13200.0;13500.0;13800.0;14100.0;14400.0
14400,493.75,theta_mean,298.72998046875,Center,K,equal_mean_of_12_instantaneous_profiles,10800,14400,11100.0;11400.0;11700.0;12000.0;12300.0;12600.0;12900.0;13200.0;13500.0;13800.0;14100.0;14400.0
14400,506.25,theta_mean,298.76624552408856,Center,K,equal_mean_of_12_instantaneous_profiles,10800,14400,11100.0;11400.0;11700.0;12000.0;12300.0;12600.0;12900.0;13200.0;13500.0;13800.0;14100.0;14400.0
14400,518.75,theta_mean,298.80058797200519,Center,K,equal_mean_of_12_instantaneous_profiles,10800,14400,11100.0;11400.0;11700.0;12000.0;12300.0;12600.0;12900.0;13200.0;13500.0;13800.0;14100.0;14400.0
14400,531.25,theta_mean,298.83385213216144,Center,K,equal_mean_of_12_instantaneous_profiles,10800,14400,11100.0;11400.0;11700.0;12000.0;12300.0;12600.0;12900.0;13200.0;13500.0;13800.0;14100.0;14400.0
14400,543.75,theta_mean,298.86717732747394,Center,K,equal_mean_of_12_instantaneous_profiles,10800,14400,11100.0;11400.0;11700.0;12000.0;12300.0;12600.0;12900.0;13200.0;13500.0;13800.0;14100.0;14400.0
14400,556.25,theta_mean,298.90168762207031,Center,K,equal_mean_of_12_instantaneous_profiles,10800,14400,11100.0;11400.0;11700.0;12000.0;12300.0;12600.0;12900.0;13200.0;13500.0;13800.0;14100.0;14400.0
14400,568.75,theta_mean,298.93867238362628,Center,K,equal_mean_of_12_instantaneous_profiles,10800,14400,11100.0;11400.0;11700.0;12000.0;12300.0;12600.0;12900.0;13200.0;13500.0;13800.0;14100.0;14400.0
14400,581.25,theta_mean,298.97751617431641,Center,K,equal_mean_of_12_instantaneous_profiles,10800,14400,11100.0;11400.0;11700.0;12000.0;12300.0;12600.0;12900.0;13200.0;13500.0;13800.0;14100.0;14400.0
14400,593.75,theta_mean,299.01603698730469,Center,K,equal_mean_of_12_instantaneous_profiles,10800,14400,11100.0;11400.0;11700.0;12000.0;12300.0;12600.0;12900.0;13200.0;13500.0;13800.0;14100.0;14400.0
14400,606.25,theta_mean,299.05579376220703,Center,K,equal_mean_of_12_instantaneous_profiles,10800,14400,11100.0;11400.0;11700.0;12000.0;12300.0;12600.0;12900.0;13200.0;13500.0;13800.0;14100.0;14400.0
14400,618.75,theta_mean,299.09672800699872,Center,K,equal_mean_of_12_instantaneous_profiles,10800,14400,11100.0;11400.0;11700.0;12000.0;12300.0;12600.0;12900.0;13200.0;13500.0;13800.0;14100.0;14400.0
14400,631.25,theta_mean,299.1369908650716,Center,K,equal_mean_of_12_instantaneous_profiles,10800,14400,11100.0;11400.0;11700.0;12000.0;12300.0;12600.0;12900.0;13200.0;13500.0;13800.0;14100.0;14400.0
14400,643.75,theta_mean,299.171875,Center,K,equal_mean_of_12_instantaneous_profiles,10800,14400,11100.0;11400.0;11700.0;12000.0;12300.0;12600.0;12900.0;13200.0;13500.0;13800.0;14100.0;14400.0
14400,656.25,theta_mean,299.2031529744466,Center,K,equal_mean_of_12_instantaneous_profiles,10800,14400,11100.0;11400.0;11700.0;12000.0;12300.0;12600.0;12900.0;13200.0;13500.0;13800.0;14100.0;14400.0
14400,668.75,theta_mean,299.23256683349609,Center,K,equal_mean_of_12_instantaneous_profiles,10800,14400,11100.0;11400.0;11700.0;12000.0;12300.0;12600.0;12900.0;13200.0;13500.0;13800.0;14100.0;14400.0
14400,681.25,theta_mean,299.26304117838544,Center,K,equal_mean_of_12_instantaneous_profiles,10800,14400,11100.0;11400.0;11700.0;12000.0;12300.0;12600.0;12900.0;13200.0;13500.0;13800.0;14100.0;14400.0
14400,693.75,theta_mean,299.2933349609375,Center,K,equal_mean_of_12_instantaneous_profiles,10800,14400,11100.0;11400.0;11700.0;12000.0;12300.0;12600.0;12900.0;13200.0;13500.0;13800.0;14100.0;14400.0
14400,706.25,theta_mean,299.32552083333331,Center,K,equal_mean_of_12_instantaneous_profiles,10800,14400,11100.0;11400.0;11700.0;12000.0;12300.0;12600.0;12900.0;13200.0;13500.0;13800.0;14100.0;14400.0
14400,718.75,theta_mean,299.36251576741535,Center,K,equal_mean_of_12_instantaneous_profiles,10800,14400,11100.0;11400.0;11700.0;12000.0;12300.0;12600.0;12900.0;13200.0;13500.0;13800.0;14100.0;14400.0
14400,731.25,theta_mean,299.39808400472003,Center,K,equal_mean_of_12_instantaneous_profiles,10800,14400,11100.0;11400.0;11700.0;12000.0;12300.0;12600.0;12900.0;13200.0;13500.0;13800.0;14100.0;14400.0
14400,743.75,theta_mean,299.42916361490887,Center,K,equal_mean_of_12_instantaneous_profiles,10800,14400,11100.0;11400.0;11700.0;12000.0;12300.0;12600.0;12900.0;13200.0;13500.0;13800.0;14100.0;14400.0
14400,756.25,theta_mean,299.46124776204425,Center,K,equal_mean_of_12_instantaneous_profiles,10800,14400,11100.0;11400.0;11700.0;12000.0;12300.0;12600.0;12900.0;13200.0;13500.0;13800.0;14100.0;14400.0
14400,768.75,theta_mean,299.49918874104816,Center,K,equal_mean_of_12_instantaneous_profiles,10800,14400,11100.0;11400.0;11700.0;12000.0;12300.0;12600.0;12900.0;13200.0;13500.0;13800.0;14100.0;14400.0
14400,781.25,theta_mean,299.54896291097003,Center,K,equal_mean_of_12_instantaneous_profiles,10800,14400,11100.0;11400.0;11700.0;12000.0;12300.0;12600.0;12900.0;13200.0;13500.0;13800.0;14100.0;14400.0
14400,793.75,theta_mean,299.63071695963544,Center,K,equal_mean_of_12_instantaneous_profiles,10800,14400,11100.0;11400.0;11700.0;12000.0;12300.0;12600.0;12900.0;13200.0;13500.0;13800.0;14100.0;14400.0
14400,6.25,theta_variance,0.00035916839260607958,Center,K^2,equal_mean_of_12_instantaneous_profiles,10800,14400,11100.0;11400.0;11700.0;12000.0;12300.0;12600.0;12900.0;13200.0;13500.0;13800.0;14100.0;14400.0
14400,18.75,theta_variance,0.001976245257537812,Center,K^2,equal_mean_of_12_instantaneous_profiles,10800,14400,11100.0;11400.0;11700.0;12000.0;12300.0;12600.0;12900.0;13200.0;13500.0;13800.0;14100.0;14400.0
14400,31.25,theta_variance,0.012854167415450016,Center,K^2,equal_mean_of_12_instantaneous_profiles,10800,14400,11100.0;11400.0;11700.0;12000.0;12300.0;12600.0;12900.0;13200.0;13500.0;13800.0;14100.0;14400.0
14400,43.75,theta_variance,0.085279005890091256,Center,K^2,equal_mean_of_12_instantaneous_profiles,10800,14400,11100.0;11400.0;11700.0;12000.0;12300.0;12600.0;12900.0;13200.0;13500.0;13800.0;14100.0;14400.0
14400,56.25,theta_variance,0.096419174845019981,Center,K^2,equal_mean_of_12_instantaneous_profiles,10800,14400,11100.0;11400.0;11700.0;12000.0;12300.0;12600.0;12900.0;13200.0;13500.0;13800.0;14100.0;14400.0
14400,68.75,theta_variance,0.093578079094489411,Center,K^2,equal_mean_of_12_instantaneous_profiles,10800,14400,11100.0;11400.0;11700.0;12000.0;12300.0;12600.0;12900.0;13200.0;13500.0;13800.0;14100.0;14400.0
14400,81.25,theta_variance,0.067367284558713436,Center,K^2,equal_mean_of_12_instantaneous_profiles,10800,14400,11100.0;11400.0;11700.0;12000.0;12300.0;12600.0;12900.0;13200.0;13500.0;13800.0;14100.0;14400.0
14400,93.75,theta_variance,0.046575576066970825,Center,K^2,equal_mean_of_12_instantaneous_profiles,10800,14400,11100.0;11400.0;11700.0;12000.0;12300.0;12600.0;12900.0;13200.0;13500.0;13800.0;14100.0;14400.0
14400,106.25,theta_variance,0.026510668608049553,Center,K^2,equal_mean_of_12_instantaneous_profiles,10800,14400,11100.0;11400.0;11700.0;12000.0;12300.0;12600.0;12900.0;13200.0;13500.0;13800.0;14100.0;14400.0
14400,118.75,theta_variance,0.024462848979358871,Center,K^2,equal_mean_of_12_instantaneous_profiles,10800,14400,11100.0;11400.0;11700.0;12000.0;12300.0;12600.0;12900.0;13200.0;13500.0;13800.0;14100.0;14400.0
14400,131.25,theta_variance,0.02075881976634264,Center,K^2,equal_mean_of_12_instantaneous_profiles,10800,14400,11100.0;11400.0;11700.0;12000.0;12300.0;12600.0;12900.0;13200.0;13500.0;13800.0;14100.0;14400.0
14400,143.75,theta_variance,0.024304207957660157,Center,K^2,equal_mean_of_12_instantaneous_profiles,10800,14400,11100.0;11400.0;11700.0;12000.0;12300.0;12600.0;12900.0;13200.0;13500.0;13800.0;14100.0;14400.0
14400,156.25,theta_variance,0.03533372593422731,Center,K^2,equal_mean_of_12_instantaneous_profiles,10800,14400,11100.0;11400.0;11700.0;12000.0;12300.0;12600.0;12900.0;13200.0;13500.0;13800.0;14100.0;14400.0
14400,168.75,theta_variance,0.028245152129481237,Center,K^2,equal_mean_of_12_instantaneous_profiles,10800,14400,11100.0;11400.0;11700.0;12000.0;12300.0;12600.0;12900.0;13200.0;13500.0;13800.0;14100.0;14400.0
14400,181.25,theta_variance,0.016478639794513583,Center,K^2,equal_mean_of_12_instantaneous_profiles,10800,14400,11100.0;11400.0;11700.0;12000.0;12300.0;12600.0;12900.0;13200.0;13500.0;13800.0;14100.0;14400.0
14400,193.75,theta_variance,0.0062843084257716937,Center,K^2,equal_mean_of_12_instantaneous_profiles,10800,14400,11100.0;11400.0;11700.0;12000.0;12300.0;12600.0;12900.0;13200.0;13500.0;13800.0;14100.0;14400.0
14400,206.25,theta_variance,0.0012245395288725074,Center,K^2,equal_mean_of_12_instantaneous_profiles,10800,14400,11100.0;11400.0;11700.0;12000.0;12300.0;12600.0;12900.0;13200.0;13500.0;13800.0;14100.0;14400.0
14400,218.75,theta_variance,0.00023420921206707135,Center,K^2,equal_mean_of_12_instantaneous_profiles,10800,14400,11100.0;11400.0;11700.0;12000.0;12300.0;12600.0;12900.0;13200.0;13500.0;13800.0;14100.0;14400.0
14400,231.25,theta_variance,4.9464143861162789e-05,Center,K^2,equal_mean_of_12_instantaneous_profiles,10800,14400,11100.0;11400.0;11700.0;12000.0;12300.0;12600.0;12900.0;13200.0;13500.0;13800.0;14100.0;14400.0
14400,243.75,theta_variance,2.2741416008405697e-05,Center,K^2,equal_mean_of_12_instantaneous_profiles,10800,14400,11100.0;11400.0;11700.0;12000.0;12300.0;12600.0;12900.0;13200.0;13500.0;13800.0;14100.0;14400.0
14400,256.25,theta_variance,1.9316690895720967e-05,Center,K^2,equal_mean_of_12_instantaneous_profiles,10800,14400,11100.0;11400.0;11700.0;12000.0;12300.0;12600.0;12900.0;13200.0;13500.0;13800.0;14100.0;14400.0
14400,268.75,theta_variance,1.7827243747584969e-05,Center,K^2,equal_mean_of_12_instantaneous_profiles,10800,14400,11100.0;11400.0;11700.0;12000.0;12300.0;12600.0;12900.0;13200.0;13500.0;13800.0;14100.0;14400.0
14400,281.25,theta_variance,1.4980536093389674e-05,Center,K^2,equal_mean_of_12_instantaneous_profiles,10800,14400,11100.0;11400.0;11700.0;12000.0;12300.0;12600.0;12900.0;13200.0;13500.0;13800.0;14100.0;14400.0
14400,293.75,theta_variance,1.3130203740274737e-05,Center,K^2,equal_mean_of_12_instantaneous_profiles,10800,14400,11100.0;11400.0;11700.0;12000.0;12300.0;12600.0;12900.0;13200.0;13500.0;13800.0;14100.0;14400.0
14400,306.25,theta_variance,1.1716774774110187e-05,Center,K^2,equal_mean_of_12_instantaneous_profiles,10800,14400,11100.0;11400.0;11700.0;12000.0;12300.0;12600.0;12900.0;13200.0;13500.0;13800.0;14100.0;14400.0
14400,318.75,theta_variance,1.0283642192613721e-05,Center,K^2,equal_mean_of_12_instantaneous_profiles,10800,14400,11100.0;11400.0;11700.0;12000.0;12300.0;12600.0;12900.0;13200.0;13500.0;13800.0;14100.0;14400.0
14400,331.25,theta_variance,9.3477447838571006e-06,Center,K^2,equal_mean_of_12_instantaneous_profiles,10800,14400,11100.0;11400.0;11700.0;12000.0;12300.0;12600.0;12900.0;13200.0;13500.0;13800.0;14100.0;14400.0
14400,343.75,theta_variance,9.1931504281698526e-06,Center,K^2,equal_mean_of_12_instantaneous_profiles,10800,14400,11100.0;11400.0;11700.0;12000.0;12300.0;12600.0;12900.0;13200.0;13500.0;13800.0;14100.0;14400.0
14400,356.25,theta_variance,9.0301943297769558e-06,Center,K^2,equal_mean_of_12_instantaneous_profiles,10800,14400,11100.0;11400.0;11700.0;12000.0;12300.0;12600.0;12900.0;13200.0;13500.0;13800.0;14100.0;14400.0
14400,368.75,theta_variance,9.3646516650854519e-06,Center,K^2,equal_mean_of_12_instantaneous_profiles,10800,14400,11100.0;11400.0;11700.0;12000.0;12300.0;12600.0;12900.0;13200.0;13500.0;13800.0;14100.0;14400.0
14400,381.25,theta_variance,9.3702654453409195e-06,Center,K^2,equal_mean_of_12_instantaneous_profiles,10800,14400,11100.0;11400.0;11700.0;12000.0;12300.0;12600.0;12900.0;13200.0;13500.0;13800.0;14100.0;14400.0
14400,393.75,theta_variance,9.5329643841068901e-06,Center,K^2,equal_mean_of_12_instantaneous_profiles,10800,14400,11100.0;11400.0;11700.0;12000.0;12300.0;12600.0;12900.0;13200.0;13500.0;13800.0;14100.0;14400.0
14400,406.25,theta_variance,9.2865087329604048e-06,Center,K^2,equal_mean_of_12_instantaneous_profiles,10800,14400,11100.0;11400.0;11700.0;12000.0;12300.0;12600.0;12900.0;13200.0;13500.0;13800.0;14100.0;14400.0
14400,418.75,theta_variance,9.6710165848890028e-06,Center,K^2,equal_mean_of_12_instantaneous_profiles,10800,14400,11100.0;11400.0;11700.0;12000.0;12300.0;12600.0;12900.0;13200.0;13500.0;13800.0;14100.0;14400.0
14400,431.25,theta_variance,1.0599599704619322e-05,Center,K^2,equal_mean_of_12_instantaneous_profiles,10800,14400,11100.0;11400.0;11700.0;12000.0;12300.0;12600.0;12900.0;13200.0;13500.0;13800.0;14100.0;14400.0
14400,443.75,theta_variance,1.0147778141345043e-05,Center,K^2,equal_mean_of_12_instantaneous_profiles,10800,14400,11100.0;11400.0;11700.0;12000.0;12300.0;12600.0;12900.0;13200.0;13500.0;13800.0;14100.0;14400.0
14400,456.25,theta_variance,1.0212857281051887e-05,Center,K^2,equal_mean_of_12_instantaneous_profiles,10800,14400,11100.0;11400.0;11700.0;12000.0;12300.0;12600.0;12900.0;13200.0;13500.0;13800.0;14100.0;14400.0
14400,468.75,theta_variance,1.1660765646107999e-05,Center,K^2,equal_mean_of_12_instantaneous_profiles,10800,14400,11100.0;11400.0;11700.0;12000.0;12300.0;12600.0;12900.0;13200.0;13500.0;13800.0;14100.0;14400.0
14400,481.25,theta_variance,1.2306648367636322e-05,Center,K^2,equal_mean_of_12_instantaneous_profiles,10800,14400,11100.0;11400.0;11700.0;12000.0;12300.0;12600.0;12900.0;13200.0;13500.0;13800.0;14100.0;14400.0
14400,493.75,theta_variance,1.3310053645909647e-05,Center,K^2,equal_mean_of_12_instantaneous_profiles,10800,14400,11100.0;11400.0;11700.0;12000.0;12300.0;12600.0;12900.0;13200.0;13500.0;13800.0;14100.0;14400.0
14400,506.25,theta_variance,1.3525706284175007e-05,Center,K^2,equal_mean_of_12_instantaneous_profiles,10800,14400,11100.0;11400.0;11700.0;12000.0;12300.0;12600.0;12900.0;13200.0;13500.0;13800.0;14100.0;14400.0
14400,518.75,theta_variance,1.2522934222639984e-05,Center,K^2,equal_mean_of_12_instantaneous_profiles,10800,14400,11100.0;11400.0;11700.0;12000.0;12300.0;12600.0;12900.0;13200.0;13500.0;13800.0;14100.0;14400.0
14400,531.25,theta_variance,1.3778947770030451e-05,Center,K^2,equal_mean_of_12_instantaneous_profiles,10800,14400,11100.0;11400.0;11700.0;12000.0;12300.0;12600.0;12900.0;13200.0;13500.0;13800.0;14100.0;14400.0
14400,543.75,theta_variance,1.7262270451586421e-05,Center,K^2,equal_mean_of_12_instantaneous_profiles,10800,14400,11100.0;11400.0;11700.0;12000.0;12300.0;12600.0;12900.0;13200.0;13500.0;13800.0;14100.0;14400.0
14400,556.25,theta_variance,2.419479430197195e-05,Center,K^2,equal_mean_of_12_instantaneous_profiles,10800,14400,11100.0;11400.0;11700.0;12000.0;12300.0;12600.0;12900.0;13200.0;13500.0;13800.0;14100.0;14400.0
14400,568.75,theta_variance,3.1480421966989525e-05,Center,K^2,equal_mean_of_12_instantaneous_profiles,10800,14400,11100.0;11400.0;11700.0;12000.0;12300.0;12600.0;12900.0;13200.0;13500.0;13800.0;14100.0;14400.0
14400,581.25,theta_variance,4.637978842462568e-05,Center,K^2,equal_mean_of_12_instantaneous_profiles,10800,14400,11100.0;11400.0;11700.0;12000.0;12300.0;12600.0;12900.0;13200.0;13500.0;13800.0;14100.0;14400.0
14400,593.75,theta_variance,7.888742857176112e-05,Center,K^2,equal_mean_of_12_instantaneous_profiles,10800,14400,11100.0;11400.0;11700.0;12000.0;12300.0;12600.0;12900.0;13200.0;13500.0;13800.0;14100.0;14400.0
14400,606.25,theta_variance,0.00016085523384390399,Center,K^2,equal_mean_of_12_instantaneous_profiles,10800,14400,11100.0;11400.0;11700.0;12000.0;12300.0;12600.0;12900.0;13200.0;13500.0;13800.0;14100.0;14400.0
14400,618.75,theta_variance,0.00026837273496009101,Center,K^2,equal_mean_of_12_instantaneous_profiles,10800,14400,11100.0;11400.0;11700.0;12000.0;12300.0;12600.0;12900.0;13200.0;13500.0;13800.0;14100.0;14400.0
14400,631.25,theta_variance,0.00034513663073691231,Center,K^2,equal_mean_of_12_instantaneous_profiles,10800,14400,11100.0;11400.0;11700.0;12000.0;12300.0;12600.0;12900.0;13200.0;13500.0;13800.0;14100.0;14400.0
14400,643.75,theta_variance,0.00033746473491191864,Center,K^2,equal_mean_of_12_instantaneous_profiles,10800,14400,11100.0;11400.0;11700.0;12000.0;12300.0;12600.0;12900.0;13200.0;13500.0;13800.0;14100.0;14400.0
14400,656.25,theta_variance,0.00031845351016575779,Center,K^2,equal_mean_of_12_instantaneous_profiles,10800,14400,11100.0;11400.0;11700.0;12000.0;12300.0;12600.0;12900.0;13200.0;13500.0;13800.0;14100.0;14400.0
14400,668.75,theta_variance,0.00034755577750426408,Center,K^2,equal_mean_of_12_instantaneous_profiles,10800,14400,11100.0;11400.0;11700.0;12000.0;12300.0;12600.0;12900.0;13200.0;13500.0;13800.0;14100.0;14400.0
14400,681.25,theta_variance,0.0003459475701674819,Center,K^2,equal_mean_of_12_instantaneous_profiles,10800,14400,11100.0;11400.0;11700.0;12000.0;12300.0;12600.0;12900.0;13200.0;13500.0;13800.0;14100.0;14400.0
14400,693.75,theta_variance,0.00033163599922166515,Center,K^2,equal_mean_of_12_instantaneous_profiles,10800,14400,11100.0;11400.0;11700.0;12000.0;12300.0;12600.0;12900.0;13200.0;13500.0;13800.0;14100.0;14400.0
14400,706.25,theta_variance,0.00031934479799626086,Center,K^2,equal_mean_of_12_instantaneous_profiles,10800,14400,11100.0;11400.0;11700.0;12000.0;12300.0;12600.0;12900.0;13200.0;13500.0;13800.0;14100.0;14400.0
14400,718.75,theta_variance,0.00021952679647559611,Center,K^2,equal_mean_of_12_instantaneous_profiles,10800,14400,11100.0;11400.0;11700.0;12000.0;12300.0;12600.0;12900.0;13200.0;13500.0;13800.0;14100.0;14400.0
14400,731.25,theta_variance,0.00012538456697560227,Center,K^2,equal_mean_of_12_instantaneous_profiles,10800,14400,11100.0;11400.0;11700.0;12000.0;12300.0;12600.0;12900.0;13200.0;13500.0;13800.0;14100.0;14400.0
14400,743.75,theta_variance,5.2372376255031362e-05,Center,K^2,equal_mean_of_12_instantaneous_profiles,10800,14400,11100.0;11400.0;11700.0;12000.0;12300.0;12600.0;12900.0;13200.0;13500.0;13800.0;14100.0;14400.0
14400,756.25,theta_variance,3.3556616623779213e-05,Center,K^2,equal_mean_of_12_instantaneous_profiles,10800,14400,11100.0;11400.0;11700.0;12000.0;12300.0;12600.0;12900.0;13200.0;13500.0;13800.0;14100.0;14400.0
14400,768.75,theta_variance,3.148202036603228e-05,Center,K^2,equal_mean_of_12_instantaneous_profiles,10800,14400,11100.0;11400.0;11700.0;12000.0;12300.0;12600.0;12900.0;13200.0;13500.0;13800.0;14100.0;14400.0
14400,781.25,theta_variance,4.6325805063437052e-05,Center,K^2,equal_mean_of_12_instantaneous_profiles,10800,14400,11100.0;11400.0;11700.0;12000.0;12300.0;12600.0;12900.0;13200.0;13500.0;13800.0;14100.0;14400.0
14400,793.75,theta_variance,1.3468302730264744e-05,Center,K^2,equal_mean_of_12_instantaneous_profiles,10800,14400,11100.0;11400.0;11700.0;12000.0;12300.0;12600.0;12900.0;13200.0;13500.0;13800.0;14100.0;14400.0
14400,0,total_buoyancy_flux,0,Face,m^2 s^-3,equal_mean_of_12_instantaneous_profiles,10800,14400,11100.0;11400.0;11700.0;12000.0;12300.0;12600.0;12900.0;13200.0;13500.0;13800.0;14100.0;14400.0
14400,12.5,total_buoyancy_flux,-0.00059073688559389359,Face,m^2 s^-3,equal_mean_of_12_instantaneous_profiles,10800,14400,11100.0;11400.0;11700.0;12000.0;12300.0;12600.0;12900.0;13200.0;13500.0;13800.0;14100.0;14400.0
14400,25,total_buoyancy_flux,-0.00052873268335436785,Face,m^2 s^-3,equal_mean_of_12_instantaneous_profiles,10800,14400,11100.0;11400.0;11700.0;12000.0;12300.0;12600.0;12900.0;13200.0;13500.0;13800.0;14100.0;14400.0
14400,37.5,total_buoyancy_flux,-0.00019712805806193501,Face,m^2 s^-3,equal_mean_of_12_instantaneous_profiles,10800,14400,11100.0;11400.0;11700.0;12000.0;12300.0;12600.0;12900.0;13200.0;13500.0;13800.0;14100.0;14400.0
14400,50,total_buoyancy_flux,-0.00033445494167002227,Face,m^2 s^-3,equal_mean_of_12_instantaneous_profiles,10800,14400,11100.0;11400.0;11700.0;12000.0;12300.0;12600.0;12900.0;13200.0;13500.0;13800.0;14100.0;14400.0
14400,62.5,total_buoyancy_flux,-0.00025741510277536389,Face,m^2 s^-3,equal_mean_of_12_instantaneous_profiles,10800,14400,11100.0;11400.0;11700.0;12000.0;12300.0;12600.0;12900.0;13200.0;13500.0;13800.0;14100.0;14400.0
14400,75,total_buoyancy_flux,-0.00015412264353168817,Face,m^2 s^-3,equal_mean_of_12_instantaneous_profiles,10800,14400,11100.0;11400.0;11700.0;12000.0;12300.0;12600.0;12900.0;13200.0;13500.0;13800.0;14100.0;14400.0
14400,87.5,total_buoyancy_flux,-8.3156389564464916e-05,Face,m^2 s^-3,equal_mean_of_12_instantaneous_profiles,10800,14400,11100.0;11400.0;11700.0;12000.0;12300.0;12600.0;12900.0;13200.0;13500.0;13800.0;14100.0;14400.0
14400,100,total_buoyancy_flux,-5.7367718757935414e-05,Face,m^2 s^-3,equal_mean_of_12_instantaneous_profiles,10800,14400,11100.0;11400.0;11700.0;12000.0;12300.0;12600.0;12900.0;13200.0;13500.0;13800.0;14100.0;14400.0
14400,112.5,total_buoyancy_flux,-3.8981440184215899e-05,Face,m^2 s^-3,equal_mean_of_12_instantaneous_profiles,10800,14400,11100.0;11400.0;11700.0;12000.0;12300.0;12600.0;12900.0;13200.0;13500.0;13800.0;14100.0;14400.0
14400,125,total_buoyancy_flux,-2.6644535296327376e-05,Face,m^2 s^-3,equal_mean_of_12_instantaneous_profiles,10800,14400,11100.0;11400.0;11700.0;12000.0;12300.0;12600.0;12900.0;13200.0;13500.0;13800.0;14100.0;14400.0
14400,137.5,total_buoyancy_flux,-2.1617805941787083e-05,Face,m^2 s^-3,equal_mean_of_12_instantaneous_profiles,10800,14400,11100.0;11400.0;11700.0;12000.0;12300.0;12600.0;12900.0;13200.0;13500.0;13800.0;14100.0;14400.0
14400,150,total_buoyancy_flux,-3.2155167824991317e-05,Face,m^2 s^-3,equal_mean_of_12_instantaneous_profiles,10800,14400,11100.0;11400.0;11700.0;12000.0;12300.0;12600.0;12900.0;13200.0;13500.0;13800.0;14100.0;14400.0
14400,162.5,total_buoyancy_flux,-2.9363704546388664e-05,Face,m^2 s^-3,equal_mean_of_12_instantaneous_profiles,10800,14400,11100.0;11400.0;11700.0;12000.0;12300.0;12600.0;12900.0;13200.0;13500.0;13800.0;14100.0;14400.0
14400,175,total_buoyancy_flux,-1.140472064283434e-05,Face,m^2 s^-3,equal_mean_of_12_instantaneous_profiles,10800,14400,11100.0;11400.0;11700.0;12000.0;12300.0;12600.0;12900.0;13200.0;13500.0;13800.0;14100.0;14400.0
14400,187.5,total_buoyancy_flux,-4.0628048244191932e-06,Face,m^2 s^-3,equal_mean_of_12_instantaneous_profiles,10800,14400,11100.0;11400.0;11700.0;12000.0;12300.0;12600.0;12900.0;13200.0;13500.0;13800.0;14100.0;14400.0
14400,200,total_buoyancy_flux,2.3971712342548321e-06,Face,m^2 s^-3,equal_mean_of_12_instantaneous_profiles,10800,14400,11100.0;11400.0;11700.0;12000.0;12300.0;12600.0;12900.0;13200.0;13500.0;13800.0;14100.0;14400.0
14400,212.5,total_buoyancy_flux,-1.9350063951151242e-07,Face,m^2 s^-3,equal_mean_of_12_instantaneous_profiles,10800,14400,11100.0;11400.0;11700.0;12000.0;12300.0;12600.0;12900.0;13200.0;13500.0;13800.0;14100.0;14400.0
14400,225,total_buoyancy_flux,9.3051869024899744e-08,Face,m^2 s^-3,equal_mean_of_12_instantaneous_profiles,10800,14400,11100.0;11400.0;11700.0;12000.0;12300.0;12600.0;12900.0;13200.0;13500.0;13800.0;14100.0;14400.0
14400,237.5,total_buoyancy_flux,7.4659707897476821e-08,Face,m^2 s^-3,equal_mean_of_12_instantaneous_profiles,10800,14400,11100.0;11400.0;11700.0;12000.0;12300.0;12600.0;12900.0;13200.0;13500.0;13800.0;14100.0;14400.0
14400,250,total_buoyancy_flux,4.8940219580610268e-08,Face,m^2 s^-3,equal_mean_of_12_instantaneous_profiles,10800,14400,11100.0;11400.0;11700.0;12000.0;12300.0;12600.0;12900.0;13200.0;13500.0;13800.0;14100.0;14400.0
14400,262.5,total_buoyancy_flux,5.3872813173446353e-08,Face,m^2 s^-3,equal_mean_of_12_instantaneous_profiles,10800,14400,11100.0;11400.0;11700.0;12000.0;12300.0;12600.0;12900.0;13200.0;13500.0;13800.0;14100.0;14400.0
14400,275,total_buoyancy_flux,3.5903293375364832e-08,Face,m^2 s^-3,equal_mean_of_12_instantaneous_profiles,10800,14400,11100.0;11400.0;11700.0;12000.0;12300.0;12600.0;12900.0;13200.0;13500.0;13800.0;14100.0;14400.0
14400,287.5,total_buoyancy_flux,1.5577161264583122e-08,Face,m^2 s^-3,equal_mean_of_12_instantaneous_profiles,10800,14400,11100.0;11400.0;11700.0;12000.0;12300.0;12600.0;12900.0;13200.0;13500.0;13800.0;14100.0;14400.0
14400,300,total_buoyancy_flux,2.0216253115989957e-08,Face,m^2 s^-3,equal_mean_of_12_instantaneous_profiles,10800,14400,11100.0;11400.0;11700.0;12000.0;12300.0;12600.0;12900.0;13200.0;13500.0;13800.0;14100.0;14400.0
14400,312.5,total_buoyancy_flux,2.7978141081685948e-08,Face,m^2 s^-3,equal_mean_of_12_instantaneous_profiles,10800,14400,11100.0;11400.0;11700.0;12000.0;12300.0;12600.0;12900.0;13200.0;13500.0;13800.0;14100.0;14400.0
14400,325,total_buoyancy_flux,1.6400609648137277e-08,Face,m^2 s^-3,equal_mean_of_12_instantaneous_profiles,10800,14400,11100.0;11400.0;11700.0;12000.0;12300.0;12600.0;12900.0;13200.0;13500.0;13800.0;14100.0;14400.0
14400,337.5,total_buoyancy_flux,9.1160714532634302e-09,Face,m^2 s^-3,equal_mean_of_12_instantaneous_profiles,10800,14400,11100.0;11400.0;11700.0;12000.0;12300.0;12600.0;12900.0;13200.0;13500.0;13800.0;14100.0;14400.0
14400,350,total_buoyancy_flux,4.8497061181744056e-09,Face,m^2 s^-3,equal_mean_of_12_instantaneous_profiles,10800,14400,11100.0;11400.0;11700.0;12000.0;12300.0;12600.0;12900.0;13200.0;13500.0;13800.0;14100.0;14400.0
14400,362.5,total_buoyancy_flux,-5.527212539509681e-09,Face,m^2 s^-3,equal_mean_of_12_instantaneous_profiles,10800,14400,11100.0;11400.0;11700.0;12000.0;12300.0;12600.0;12900.0;13200.0;13500.0;13800.0;14100.0;14400.0
14400,375,total_buoyancy_flux,-7.490891462680338e-09,Face,m^2 s^-3,equal_mean_of_12_instantaneous_profiles,10800,14400,11100.0;11400.0;11700.0;12000.0;12300.0;12600.0;12900.0;13200.0;13500.0;13800.0;14100.0;14400.0
14400,387.5,total_buoyancy_flux,-5.3160008247251272e-09,Face,m^2 s^-3,equal_mean_of_12_instantaneous_profiles,10800,14400,11100.0;11400.0;11700.0;12000.0;12300.0;12600.0;12900.0;13200.0;13500.0;13800.0;14100.0;14400.0
14400,400,total_buoyancy_flux,-7.2736820270572861e-09,Face,m^2 s^-3,equal_mean_of_12_instantaneous_profiles,10800,14400,11100.0;11400.0;11700.0;12000.0;12300.0;12600.0;12900.0;13200.0;13500.0;13800.0;14100.0;14400.0
14400,412.5,total_buoyancy_flux,-5.7521015358238019e-09,Face,m^2 s^-3,equal_mean_of_12_instantaneous_profiles,10800,14400,11100.0;11400.0;11700.0;12000.0;12300.0;12600.0;12900.0;13200.0;13500.0;13800.0;14100.0;14400.0
14400,425,total_buoyancy_flux,-4.7876715184950553e-09,Face,m^2 s^-3,equal_mean_of_12_instantaneous_profiles,10800,14400,11100.0;11400.0;11700.0;12000.0;12300.0;12600.0;12900.0;13200.0;13500.0;13800.0;14100.0;14400.0
14400,437.5,total_buoyancy_flux,-1.0018517201023277e-08,Face,m^2 s^-3,equal_mean_of_12_instantaneous_profiles,10800,14400,11100.0;11400.0;11700.0;12000.0;12300.0;12600.0;12900.0;13200.0;13500.0;13800.0;14100.0;14400.0
14400,450,total_buoyancy_flux,-1.101795669515108e-08,Face,m^2 s^-3,equal_mean_of_12_instantaneous_profiles,10800,14400,11100.0;11400.0;11700.0;12000.0;12300.0;12600.0;12900.0;13200.0;13500.0;13800.0;14100.0;14400.0
14400,462.5,total_buoyancy_flux,-6.0249498723408124e-09,Face,m^2 s^-3,equal_mean_of_12_instantaneous_profiles,10800,14400,11100.0;11400.0;11700.0;12000.0;12300.0;12600.0;12900.0;13200.0;13500.0;13800.0;14100.0;14400.0
14400,475,total_buoyancy_flux,-1.7549197650623682e-09,Face,m^2 s^-3,equal_mean_of_12_instantaneous_profiles,10800,14400,11100.0;11400.0;11700.0;12000.0;12300.0;12600.0;12900.0;13200.0;13500.0;13800.0;14100.0;14400.0
14400,487.5,total_buoyancy_flux,1.1818322098733347e-08,Face,m^2 s^-3,equal_mean_of_12_instantaneous_profiles,10800,14400,11100.0;11400.0;11700.0;12000.0;12300.0;12600.0;12900.0;13200.0;13500.0;13800.0;14100.0;14400.0
14400,500,total_buoyancy_flux,2.4210722019783287e-08,Face,m^2 s^-3,equal_mean_of_12_instantaneous_profiles,10800,14400,11100.0;11400.0;11700.0;12000.0;12300.0;12600.0;12900.0;13200.0;13500.0;13800.0;14100.0;14400.0
14400,512.5,total_buoyancy_flux,2.4204250603787614e-08,Face,m^2 s^-3,equal_mean_of_12_instantaneous_profiles,10800,14400,11100.0;11400.0;11700.0;12000.0;12300.0;12600.0;12900.0;13200.0;13500.0;13800.0;14100.0;14400.0
14400,525,total_buoyancy_flux,2.1130480180412785e-08,Face,m^2 s^-3,equal_mean_of_12_instantaneous_profiles,10800,14400,11100.0;11400.0;11700.0;12000.0;12300.0;12600.0;12900.0;13200.0;13500.0;13800.0;14100.0;14400.0
14400,537.5,total_buoyancy_flux,2.5957583712118055e-08,Face,m^2 s^-3,equal_mean_of_12_instantaneous_profiles,10800,14400,11100.0;11400.0;11700.0;12000.0;12300.0;12600.0;12900.0;13200.0;13500.0;13800.0;14100.0;14400.0
14400,550,total_buoyancy_flux,4.730881316324561e-08,Face,m^2 s^-3,equal_mean_of_12_instantaneous_profiles,10800,14400,11100.0;11400.0;11700.0;12000.0;12300.0;12600.0;12900.0;13200.0;13500.0;13800.0;14100.0;14400.0
14400,562.5,total_buoyancy_flux,3.1757124041575935e-08,Face,m^2 s^-3,equal_mean_of_12_instantaneous_profiles,10800,14400,11100.0;11400.0;11700.0;12000.0;12300.0;12600.0;12900.0;13200.0;13500.0;13800.0;14100.0;14400.0
14400,575,total_buoyancy_flux,-1.4128992198436663e-08,Face,m^2 s^-3,equal_mean_of_12_instantaneous_profiles,10800,14400,11100.0;11400.0;11700.0;12000.0;12300.0;12600.0;12900.0;13200.0;13500.0;13800.0;14100.0;14400.0
14400,587.5,total_buoyancy_flux,-2.8981878822757306e-08,Face,m^2 s^-3,equal_mean_of_12_instantaneous_profiles,10800,14400,11100.0;11400.0;11700.0;12000.0;12300.0;12600.0;12900.0;13200.0;13500.0;13800.0;14100.0;14400.0
14400,600,total_buoyancy_flux,-2.6937570455724352e-07,Face,m^2 s^-3,equal_mean_of_12_instantaneous_profiles,10800,14400,11100.0;11400.0;11700.0;12000.0;12300.0;12600.0;12900.0;13200.0;13500.0;13800.0;14100.0;14400.0
14400,612.5,total_buoyancy_flux,-1.2112438033303381e-06,Face,m^2 s^-3,equal_mean_of_12_instantaneous_profiles,10800,14400,11100.0;11400.0;11700.0;12000.0;12300.0;12600.0;12900.0;13200.0;13500.0;13800.0;14100.0;14400.0
14400,625,total_buoyancy_flux,-2.6677290918541985e-06,Face,m^2 s^-3,equal_mean_of_12_instantaneous_profiles,10800,14400,11100.0;11400.0;11700.0;12000.0;12300.0;12600.0;12900.0;13200.0;13500.0;13800.0;14100.0;14400.0
14400,637.5,total_buoyancy_flux,-3.4613925284550837e-06,Face,m^2 s^-3,equal_mean_of_12_instantaneous_profiles,10800,14400,11100.0;11400.0;11700.0;12000.0;12300.0;12600.0;12900.0;13200.0;13500.0;13800.0;14100.0;14400.0
14400,650,total_buoyancy_flux,-3.7682027596019907e-06,Face,m^2 s^-3,equal_mean_of_12_instantaneous_profiles,10800,14400,11100.0;11400.0;11700.0;12000.0;12300.0;12600.0;12900.0;13200.0;13500.0;13800.0;14100.0;14400.0
14400,662.5,total_buoyancy_flux,-4.1636045011728129e-06,Face,m^2 s^-3,equal_mean_of_12_instantaneous_profiles,10800,14400,11100.0;11400.0;11700.0;12000.0;12300.0;12600.0;12900.0;13200.0;13500.0;13800.0;14100.0;14400.0
14400,675,total_buoyancy_flux,-4.4440992041927529e-06,Face,m^2 s^-3,equal_mean_of_12_instantaneous_profiles,10800,14400,11100.0;11400.0;11700.0;12000.0;12300.0;12600.0;12900.0;13200.0;13500.0;13800.0;14100.0;14400.0
14400,687.5,total_buoyancy_flux,-4.2048296222674253e-06,Face,m^2 s^-3,equal_mean_of_12_instantaneous_profiles,10800,14400,11100.0;11400.0;11700.0;12000.0;12300.0;12600.0;12900.0;13200.0;13500.0;13800.0;14100.0;14400.0
14400,700,total_buoyancy_flux,-3.588560370341535e-06,Face,m^2 s^-3,equal_mean_of_12_instantaneous_profiles,10800,14400,11100.0;11400.0;11700.0;12000.0;12300.0;12600.0;12900.0;13200.0;13500.0;13800.0;14100.0;14400.0
14400,712.5,total_buoyancy_flux,-2.2495555119424657e-06,Face,m^2 s^-3,equal_mean_of_12_instantaneous_profiles,10800,14400,11100.0;11400.0;11700.0;12000.0;12300.0;12600.0;12900.0;13200.0;13500.0;13800.0;14100.0;14400.0
14400,725,total_buoyancy_flux,-9.4809629776667259e-07,Face,m^2 s^-3,equal_mean_of_12_instantaneous_profiles,10800,14400,11100.0;11400.0;11700.0;12000.0;12300.0;12600.0;12900.0;13200.0;13500.0;13800.0;14100.0;14400.0
14400,737.5,total_buoyancy_flux,-3.5697612628856251e-07,Face,m^2 s^-3,equal_mean_of_12_instantaneous_profiles,10800,14400,11100.0;11400.0;11700.0;12000.0;12300.0;12600.0;12900.0;13200.0;13500.0;13800.0;14100.0;14400.0
14400,750,total_buoyancy_flux,-1.0006657547023678e-07,Face,m^2 s^-3,equal_mean_of_12_instantaneous_profiles,10800,14400,11100.0;11400.0;11700.0;12000.0;12300.0;12600.0;12900.0;13200.0;13500.0;13800.0;14100.0;14400.0
14400,762.5,total_buoyancy_flux,-5.3068551775226069e-08,Face,m^2 s^-3,equal_mean_of_12_instantaneous_profiles,10800,14400,11100.0;11400.0;11700.0;12000.0;12300.0;12600.0;12900.0;13200.0;13500.0;13800.0;14100.0;14400.0
14400,775,total_buoyancy_flux,-4.8280081562287101e-08,Face,m^2 s^-3,equal_mean_of_12_instantaneous_profiles,10800,14400,11100.0;11400.0;11700.0;12000.0;12300.0;12600.0;12900.0;13200.0;13500.0;13800.0;14100.0;14400.0
14400,787.5,total_buoyancy_flux,-3.794176661742199e-08,Face,m^2 s^-3,equal_mean_of_12_instantaneous_profiles,10800,14400,11100.0;11400.0;11700.0;12000.0;12300.0;12600.0;12900.0;13200.0;13500.0;13800.0;14100.0;14400.0
14400,800,total_buoyancy_flux,0,Face,m^2 s^-3,equal_mean_of_12_instantaneous_profiles,10800,14400,11100.0;11400.0;11700.0;12000.0;12300.0;12600.0;12900.0;13200.0;13500.0;13800.0;14100.0;14400.0
14400,0,total_stress_magnitude,0.040215694655974708,Face,m^2 s^-2,equal_mean_of_12_instantaneous_profiles,10800,14400,11100.0;11400.0;11700.0;12000.0;12300.0;12600.0;12900.0;13200.0;13500.0;13800.0;14100.0;14400.0
14400,12.5,total_stress_magnitude,0.03329333864773313,Face,m^2 s^-2,equal_mean_of_12_instantaneous_profiles,10800,14400,11100.0;11400.0;11700.0;12000.0;12300.0;12600.0;12900.0;13200.0;13500.0;13800.0;14100.0;14400.0
14400,25,total_stress_magnitude,0.027278071424613397,Face,m^2 s^-2,equal_mean_of_12_instantaneous_profiles,10800,14400,11100.0;11400.0;11700.0;12000.0;12300.0;12600.0;12900.0;13200.0;13500.0;13800.0;14100.0;14400.0
14400,37.5,total_stress_magnitude,0.0075617584710319834,Face,m^2 s^-2,equal_mean_of_12_instantaneous_profiles,10800,14400,11100.0;11400.0;11700.0;12000.0;12300.0;12600.0;12900.0;13200.0;13500.0;13800.0;14100.0;14400.0
14400,50,total_stress_magnitude,0.013285076866547266,Face,m^2 s^-2,equal_mean_of_12_instantaneous_profiles,10800,14400,11100.0;11400.0;11700.0;12000.0;12300.0;12600.0;12900.0;13200.0;13500.0;13800.0;14100.0;14400.0
14400,62.5,total_stress_magnitude,0.0084141339951505269,Face,m^2 s^-2,equal_mean_of_12_instantaneous_profiles,10800,14400,11100.0;11400.0;11700.0;12000.0;12300.0;12600.0;12900.0;13200.0;13500.0;13800.0;14100.0;14400.0
14400,75,total_stress_magnitude,0.0051192710137305157,Face,m^2 s^-2,equal_mean_of_12_instantaneous_profiles,10800,14400,11100.0;11400.0;11700.0;12000.0;12300.0;12600.0;12900.0;13200.0;13500.0;13800.0;14100.0;14400.0
14400,87.5,total_stress_magnitude,0.0032201603171415627,Face,m^2 s^-2,equal_mean_of_12_instantaneous_profiles,10800,14400,11100.0;11400.0;11700.0;12000.0;12300.0;12600.0;12900.0;13200.0;13500.0;13800.0;14100.0;14400.0
14400,100,total_stress_magnitude,0.0023715300097440681,Face,m^2 s^-2,equal_mean_of_12_instantaneous_profiles,10800,14400,11100.0;11400.0;11700.0;12000.0;12300.0;12600.0;12900.0;13200.0;13500.0;13800.0;14100.0;14400.0
14400,112.5,total_stress_magnitude,0.0017963404340359073,Face,m^2 s^-2,equal_mean_of_12_instantaneous_profiles,10800,14400,11100.0;11400.0;11700.0;12000.0;12300.0;12600.0;12900.0;13200.0;13500.0;13800.0;14100.0;14400.0
14400,125,total_stress_magnitude,0.0017951783423389618,Face,m^2 s^-2,equal_mean_of_12_instantaneous_profiles,10800,14400,11100.0;11400.0;11700.0;12000.0;12300.0;12600.0;12900.0;13200.0;13500.0;13800.0;14100.0;14400.0
14400,137.5,total_stress_magnitude,0.001622794918754759,Face,m^2 s^-2,equal_mean_of_12_instantaneous_profiles,10800,14400,11100.0;11400.0;11700.0;12000.0;12300.0;12600.0;12900.0;13200.0;13500.0;13800.0;14100.0;14400.0
14400,150,total_stress_magnitude,0.0014120384003035724,Face,m^2 s^-2,equal_mean_of_12_instantaneous_profiles,10800,14400,11100.0;11400.0;11700.0;12000.0;12300.0;12600.0;12900.0;13200.0;13500.0;13800.0;14100.0;14400.0
14400,162.5,total_stress_magnitude,0.0011227703240971703,Face,m^2 s^-2,equal_mean_of_12_instantaneous_profiles,10800,14400,11100.0;11400.0;11700.0;12000.0;12300.0;12600.0;12900.0;13200.0;13500.0;13800.0;14100.0;14400.0
14400,175,total_stress_magnitude,0.00065346148403477855,Face,m^2 s^-2,equal_mean_of_12_instantaneous_profiles,10800,14400,11100.0;11400.0;11700.0;12000.0;12300.0;12600.0;12900.0;13200.0;13500.0;13800.0;14100.0;14400.0
14400,187.5,total_stress_magnitude,0.00060605886392295361,Face,m^2 s^-2,equal_mean_of_12_instantaneous_profiles,10800,14400,11100.0;11400.0;11700.0;12000.0;12300.0;12600.0;12900.0;13200.0;13500.0;13800.0;14100.0;14400.0
14400,200,total_stress_magnitude,0.0003445301714843178,Face,m^2 s^-2,equal_mean_of_12_instantaneous_profiles,10800,14400,11100.0;11400.0;11700.0;12000.0;12300.0;12600.0;12900.0;13200.0;13500.0;13800.0;14100.0;14400.0
14400,212.5,total_stress_magnitude,0.00015910601208209604,Face,m^2 s^-2,equal_mean_of_12_instantaneous_profiles,10800,14400,11100.0;11400.0;11700.0;12000.0;12300.0;12600.0;12900.0;13200.0;13500.0;13800.0;14100.0;14400.0
14400,225,total_stress_magnitude,6.9946939902365557e-05,Face,m^2 s^-2,equal_mean_of_12_instantaneous_profiles,10800,14400,11100.0;11400.0;11700.0;12000.0;12300.0;12600.0;12900.0;13200.0;13500.0;13800.0;14100.0;14400.0
14400,237.5,total_stress_magnitude,4.9196065674550482e-05,Face,m^2 s^-2,equal_mean_of_12_instantaneous_profiles,10800,14400,11100.0;11400.0;11700.0;12000.0;12300.0;12600.0;12900.0;13200.0;13500.0;13800.0;14100.0;14400.0
14400,250,total_stress_magnitude,4.5924336821675148e-05,Face,m^2 s^-2,equal_mean_of_12_instantaneous_profiles,10800,14400,11100.0;11400.0;11700.0;12000.0;12300.0;12600.0;12900.0;13200.0;13500.0;13800.0;14100.0;14400.0
14400,262.5,total_stress_magnitude,4.0277488096762681e-05,Face,m^2 s^-2,equal_mean_of_12_instantaneous_profiles,10800,14400,11100.0;11400.0;11700.0;12000.0;12300.0;12600.0;12900.0;13200.0;13500.0;13800.0;14100.0;14400.0
14400,275,total_stress_magnitude,3.2655632063930774e-05,Face,m^2 s^-2,equal_mean_of_12_instantaneous_profiles,10800,14400,11100.0;11400.0;11700.0;12000.0;12300.0;12600.0;12900.0;13200.0;13500.0;13800.0;14100.0;14400.0
14400,287.5,total_stress_magnitude,3.0689051390216569e-05,Face,m^2 s^-2,equal_mean_of_12_instantaneous_profiles,10800,14400,11100.0;11400.0;11700.0;12000.0;12300.0;12600.0;12900.0;13200.0;13500.0;13800.0;14100.0;14400.0
14400,300,total_stress_magnitude,3.326479863593098e-05,Face,m^2 s^-2,equal_mean_of_12_instantaneous_profiles,10800,14400,11100.0;11400.0;11700.0;12000.0;12300.0;12600.0;12900.0;13200.0;13500.0;13800.0;14100.0;14400.0
14400,312.5,total_stress_magnitude,3.4031744993020162e-05,Face,m^2 s^-2,equal_mean_of_12_instantaneous_profiles,10800,14400,11100.0;11400.0;11700.0;12000.0;12300.0;12600.0;12900.0;13200.0;13500.0;13800.0;14100.0;14400.0
14400,325,total_stress_magnitude,3.2326946514634379e-05,Face,m^2 s^-2,equal_mean_of_12_instantaneous_profiles,10800,14400,11100.0;11400.0;11700.0;12000.0;12300.0;12600.0;12900.0;13200.0;13500.0;13800.0;14100.0;14400.0
14400,337.5,total_stress_magnitude,3.1195449291014178e-05,Face,m^2 s^-2,equal_mean_of_12_instantaneous_profiles,10800,14400,11100.0;11400.0;11700.0;12000.0;12300.0;12600.0;12900.0;13200.0;13500.0;13800.0;14100.0;14400.0
14400,350,total_stress_magnitude,3.1013401004050443e-05,Face,m^2 s^-2,equal_mean_of_12_instantaneous_profiles,10800,14400,11100.0;11400.0;11700.0;12000.0;12300.0;12600.0;12900.0;13200.0;13500.0;13800.0;14100.0;14400.0
14400,362.5,total_stress_magnitude,3.1153638209010147e-05,Face,m^2 s^-2,equal_mean_of_12_instantaneous_profiles,10800,14400,11100.0;11400.0;11700.0;12000.0;12300.0;12600.0;12900.0;13200.0;13500.0;13800.0;14100.0;14400.0
14400,375,total_stress_magnitude,3.2344536369540343e-05,Face,m^2 s^-2,equal_mean_of_12_instantaneous_profiles,10800,14400,11100.0;11400.0;11700.0;12000.0;12300.0;12600.0;12900.0;13200.0;13500.0;13800.0;14100.0;14400.0
14400,387.5,total_stress_magnitude,3.4470199314758552e-05,Face,m^2 s^-2,equal_mean_of_12_instantaneous_profiles,10800,14400,11100.0;11400.0;11700.0;12000.0;12300.0;12600.0;12900.0;13200.0;13500.0;13800.0;14100.0;14400.0
14400,400,total_stress_magnitude,3.6443893842867205e-05,Face,m^2 s^-2,equal_mean_of_12_instantaneous_profiles,10800,14400,11100.0;11400.0;11700.0;12000.0;12300.0;12600.0;12900.0;13200.0;13500.0;13800.0;14100.0;14400.0
14400,412.5,total_stress_magnitude,3.7602968897469204e-05,Face,m^2 s^-2,equal_mean_of_12_instantaneous_profiles,10800,14400,11100.0;11400.0;11700.0;12000.0;12300.0;12600.0;12900.0;13200.0;13500.0;13800.0;14100.0;14400.0
14400,425,total_stress_magnitude,3.7211813908773671e-05,Face,m^2 s^-2,equal_mean_of_12_instantaneous_profiles,10800,14400,11100.0;11400.0;11700.0;12000.0;12300.0;12600.0;12900.0;13200.0;13500.0;13800.0;14100.0;14400.0
14400,437.5,total_stress_magnitude,3.7626744680589276e-05,Face,m^2 s^-2,equal_mean_of_12_instantaneous_profiles,10800,14400,11100.0;11400.0;11700.0;12000.0;12300.0;12600.0;12900.0;13200.0;13500.0;13800.0;14100.0;14400.0
14400,450,total_stress_magnitude,3.7887957773818925e-05,Face,m^2 s^-2,equal_mean_of_12_instantaneous_profiles,10800,14400,11100.0;11400.0;11700.0;12000.0;12300.0;12600.0;12900.0;13200.0;13500.0;13800.0;14100.0;14400.0
14400,462.5,total_stress_magnitude,3.8564458463952178e-05,Face,m^2 s^-2,equal_mean_of_12_instantaneous_profiles,10800,14400,11100.0;11400.0;11700.0;12000.0;12300.0;12600.0;12900.0;13200.0;13500.0;13800.0;14100.0;14400.0
14400,475,total_stress_magnitude,4.273143857365843e-05,Face,m^2 s^-2,equal_mean_of_12_instantaneous_profiles,10800,14400,11100.0;11400.0;11700.0;12000.0;12300.0;12600.0;12900.0;13200.0;13500.0;13800.0;14100.0;14400.0
14400,487.5,total_stress_magnitude,4.2678312070165703e-05,Face,m^2 s^-2,equal_mean_of_12_instantaneous_profiles,10800,14400,11100.0;11400.0;11700.0;12000.0;12300.0;12600.0;12900.0;13200.0;13500.0;13800.0;14100.0;14400.0
14400,500,total_stress_magnitude,4.2777622866196907e-05,Face,m^2 s^-2,equal_mean_of_12_instantaneous_profiles,10800,14400,11100.0;11400.0;11700.0;12000.0;12300.0;12600.0;12900.0;13200.0;13500.0;13800.0;14100.0;14400.0
14400,512.5,total_stress_magnitude,4.686472721004975e-05,Face,m^2 s^-2,equal_mean_of_12_instantaneous_profiles,10800,14400,11100.0;11400.0;11700.0;12000.0;12300.0;12600.0;12900.0;13200.0;13500.0;13800.0;14100.0;14400.0
14400,525,total_stress_magnitude,5.0139879363086948e-05,Face,m^2 s^-2,equal_mean_of_12_instantaneous_profiles,10800,14400,11100.0;11400.0;11700.0;12000.0;12300.0;12600.0;12900.0;13200.0;13500.0;13800.0;14100.0;14400.0
14400,537.5,total_stress_magnitude,5.0505173210998087e-05,Face,m^2 s^-2,equal_mean_of_12_instantaneous_profiles,10800,14400,11100.0;11400.0;11700.0;12000.0;12300.0;12600.0;12900.0;13200.0;13500.0;13800.0;14100.0;14400.0
14400,550,total_stress_magnitude,5.4293319446211776e-05,Face,m^2 s^-2,equal_mean_of_12_instantaneous_profiles,10800,14400,11100.0;11400.0;11700.0;12000.0;12300.0;12600.0;12900.0;13200.0;13500.0;13800.0;14100.0;14400.0
14400,562.5,total_stress_magnitude,5.7170977091421569e-05,Face,m^2 s^-2,equal_mean_of_12_instantaneous_profiles,10800,14400,11100.0;11400.0;11700.0;12000.0;12300.0;12600.0;12900.0;13200.0;13500.0;13800.0;14100.0;14400.0
14400,575,total_stress_magnitude,6.1894433353396991e-05,Face,m^2 s^-2,equal_mean_of_12_instantaneous_profiles,10800,14400,11100.0;11400.0;11700.0;12000.0;12300.0;12600.0;12900.0;13200.0;13500.0;13800.0;14100.0;14400.0
14400,587.5,total_stress_magnitude,7.159963176187982e-05,Face,m^2 s^-2,equal_mean_of_12_instantaneous_profiles,10800,14400,11100.0;11400.0;11700.0;12000.0;12300.0;12600.0;12900.0;13200.0;13500.0;13800.0;14100.0;14400.0
14400,600,total_stress_magnitude,8.3411282654803173e-05,Face,m^2 s^-2,equal_mean_of_12_instantaneous_profiles,10800,14400,11100.0;11400.0;11700.0;12000.0;12300.0;12600.0;12900.0;13200.0;13500.0;13800.0;14100.0;14400.0
14400,612.5,total_stress_magnitude,0.00017942669122324636,Face,m^2 s^-2,equal_mean_of_12_instantaneous_profiles,10800,14400,11100.0;11400.0;11700.0;12000.0;12300.0;12600.0;12900.0;13200.0;13500.0;13800.0;14100.0;14400.0
14400,625,total_stress_magnitude,0.00038282427946493652,Face,m^2 s^-2,equal_mean_of_12_instantaneous_profiles,10800,14400,11100.0;11400.0;11700.0;12000.0;12300.0;12600.0;12900.0;13200.0;13500.0;13800.0;14100.0;14400.0
14400,637.5,total_stress_magnitude,0.00056291578706198686,Face,m^2 s^-2,equal_mean_of_12_instantaneous_profiles,10800,14400,11100.0;11400.0;11700.0;12000.0;12300.0;12600.0;12900.0;13200.0;13500.0;13800.0;14100.0;14400.0
14400,650,total_stress_magnitude,0.00073710792639758438,Face,m^2 s^-2,equal_mean_of_12_instantaneous_profiles,10800,14400,11100.0;11400.0;11700.0;12000.0;12300.0;12600.0;12900.0;13200.0;13500.0;13800.0;14100.0;14400.0
14400,662.5,total_stress_magnitude,0.00082418575523964443,Face,m^2 s^-2,equal_mean_of_12_instantaneous_profiles,10800,14400,11100.0;11400.0;11700.0;12000.0;12300.0;12600.0;12900.0;13200.0;13500.0;13800.0;14100.0;14400.0
14400,675,total_stress_magnitude,0.00081545794576716923,Face,m^2 s^-2,equal_mean_of_12_instantaneous_profiles,10800,14400,11100.0;11400.0;11700.0;12000.0;12300.0;12600.0;12900.0;13200.0;13500.0;13800.0;14100.0;14400.0
14400,687.5,total_stress_magnitude,0.00078329952278484904,Face,m^2 s^-2,equal_mean_of_12_instantaneous_profiles,10800,14400,11100.0;11400.0;11700.0;12000.0;12300.0;12600.0;12900.0;13200.0;13500.0;13800.0;14100.0;14400.0
14400,700,total_stress_magnitude,0.00062295762957849854,Face,m^2 s^-2,equal_mean_of_12_instantaneous_profiles,10800,14400,11100.0;11400.0;11700.0;12000.0;12300.0;12600.0;12900.0;13200.0;13500.0;13800.0;14100.0;14400.0
14400,712.5,total_stress_magnitude,0.00034619939348582801,Face,m^2 s^-2,equal_mean_of_12_instantaneous_profiles,10800,14400,11100.0;11400.0;11700.0;12000.0;12300.0;12600.0;12900.0;13200.0;13500.0;13800.0;14100.0;14400.0
14400,725,total_stress_magnitude,0.00016957611705947784,Face,m^2 s^-2,equal_mean_of_12_instantaneous_profiles,10800,14400,11100.0;11400.0;11700.0;12000.0;12300.0;12600.0;12900.0;13200.0;13500.0;13800.0;14100.0;14400.0
14400,737.5,total_stress_magnitude,8.9648000236290201e-05,Face,m^2 s^-2,equal_mean_of_12_instantaneous_profiles,10800,14400,11100.0;11400.0;11700.0;12000.0;12300.0;12600.0;12900.0;13200.0;13500.0;13800.0;14100.0;14400.0
14400,750,total_stress_magnitude,6.0455275464240309e-05,Face,m^2 s^-2,equal_mean_of_12_instantaneous_profiles,10800,14400,11100.0;11400.0;11700.0;12000.0;12300.0;12600.0;12900.0;13200.0;13500.0;13800.0;14100.0;14400.0
14400,762.5,total_stress_magnitude,4.0096336609470505e-05,Face,m^2 s^-2,equal_mean_of_12_instantaneous_profiles,10800,14400,11100.0;11400.0;11700.0;12000.0;12300.0;12600.0;12900.0;13200.0;13500.0;13800.0;14100.0;14400.0
14400,775,total_stress_magnitude,1.7231024230568437e-05,Face,m^2 s^-2,equal_mean_of_12_instantaneous_profiles,10800,14400,11100.0;11400.0;11700.0;12000.0;12300.0;12600.0;12900.0;13200.0;13500.0;13800.0;14100.0;14400.0
14400,787.5,total_stress_magnitude,6.5517239941452017e-06,Face,m^2 s^-2,equal_mean_of_12_instantaneous_profiles,10800,14400,11100.0;11400.0;11700.0;12000.0;12300.0;12600.0;12900.0;13200.0;13500.0;13800.0;14100.0;14400.0
14400,800,total_stress_magnitude,0,Face,m^2 s^-2,equal_mean_of_12_instantaneous_profiles,10800,14400,11100.0;11400.0;11700.0;12000.0;12300.0;12600.0;12900.0;13200.0;13500.0;13800.0;14100.0;14400.0
14400,6.25,total_tke_buoyancy_production,-0.00029536844764758524,Center,m^2 s^-3,equal_mean_of_12_instantaneous_profiles,10800,14400,11100.0;11400.0;11700.0;12000.0;12300.0;12600.0;12900.0;13200.0;13500.0;13800.0;14100.0;14400.0
14400,18.75,total_tke_buoyancy_production,-0.00055973479660072678,Center,m^2 s^-3,equal_mean_of_12_instantaneous_profiles,10800,14400,11100.0;11400.0;11700.0;12000.0;12300.0;12600.0;12900.0;13200.0;13500.0;13800.0;14100.0;14400.0
14400,31.25,total_tke_buoyancy_production,-0.00036293036585751298,Center,m^2 s^-3,equal_mean_of_12_instantaneous_profiles,10800,14400,11100.0;11400.0;11700.0;12000.0;12300.0;12600.0;12900.0;13200.0;13500.0;13800.0;14100.0;14400.0
14400,43.75,total_tke_buoyancy_production,-0.00026579149804698926,Center,m^2 s^-3,equal_mean_of_12_instantaneous_profiles,10800,14400,11100.0;11400.0;11700.0;12000.0;12300.0;12600.0;12900.0;13200.0;13500.0;13800.0;14100.0;14400.0
14400,56.25,total_tke_buoyancy_production,-0.00029593501919104409,Center,m^2 s^-3,equal_mean_of_12_instantaneous_profiles,10800,14400,11100.0;11400.0;11700.0;12000.0;12300.0;12600.0;12900.0;13200.0;13500.0;13800.0;14100.0;14400.0
14400,68.75,total_tke_buoyancy_production,-0.00020576887315352602,Center,m^2 s^-3,equal_mean_of_12_instantaneous_profiles,10800,14400,11100.0;11400.0;11700.0;12000.0;12300.0;12600.0;12900.0;13200.0;13500.0;13800.0;14100.0;14400.0
14400,81.25,total_tke_buoyancy_production,-0.00011863951901129137,Center,m^2 s^-3,equal_mean_of_12_instantaneous_profiles,10800,14400,11100.0;11400.0;11700.0;12000.0;12300.0;12600.0;12900.0;13200.0;13500.0;13800.0;14100.0;14400.0
14400,93.75,total_tke_buoyancy_production,-7.0262052607480044e-05,Center,m^2 s^-3,equal_mean_of_12_instantaneous_profiles,10800,14400,11100.0;11400.0;11700.0;12000.0;12300.0;12600.0;12900.0;13200.0;13500.0;13800.0;14100.0;14400.0
14400,106.25,total_tke_buoyancy_production,-4.8174579584762491e-05,Center,m^2 s^-3,equal_mean_of_12_instantaneous_profiles,10800,14400,11100.0;11400.0;11700.0;12000.0;12300.0;12600.0;12900.0;13200.0;13500.0;13800.0;14100.0;14400.0
14400,118.75,total_tke_buoyancy_production,-3.2812987001307192e-05,Center,m^2 s^-3,equal_mean_of_12_instantaneous_profiles,10800,14400,11100.0;11400.0;11700.0;12000.0;12300.0;12600.0;12900.0;13200.0;13500.0;13800.0;14100.0;14400.0
14400,131.25,total_tke_buoyancy_production,-2.4131170221153297e-05,Center,m^2 s^-3,equal_mean_of_12_instantaneous_profiles,10800,14400,11100.0;11400.0;11700.0;12000.0;12300.0;12600.0;12900.0;13200.0;13500.0;13800.0;14100.0;14400.0
14400,143.75,total_tke_buoyancy_production,-2.688648760340584e-05,Center,m^2 s^-3,equal_mean_of_12_instantaneous_profiles,10800,14400,11100.0;11400.0;11700.0;12000.0;12300.0;12600.0;12900.0;13200.0;13500.0;13800.0;14100.0;14400.0
14400,156.25,total_tke_buoyancy_production,-3.0759436526750505e-05,Center,m^2 s^-3,equal_mean_of_12_instantaneous_profiles,10800,14400,11100.0;11400.0;11700.0;12000.0;12300.0;12600.0;12900.0;13200.0;13500.0;13800.0;14100.0;14400.0
14400,168.75,total_tke_buoyancy_production,-2.0384212253550988e-05,Center,m^2 s^-3,equal_mean_of_12_instantaneous_profiles,10800,14400,11100.0;11400.0;11700.0;12000.0;12300.0;12600.0;12900.0;13200.0;13500.0;13800.0;14100.0;14400.0
14400,181.25,total_tke_buoyancy_production,-7.7337626815202985e-06,Center,m^2 s^-3,equal_mean_of_12_instantaneous_profiles,10800,14400,11100.0;11400.0;11700.0;12000.0;12300.0;12600.0;12900.0;13200.0;13500.0;13800.0;14100.0;14400.0
14400,193.75,total_tke_buoyancy_production,-8.3281672876485879e-07,Center,m^2 s^-3,equal_mean_of_12_instantaneous_profiles,10800,14400,11100.0;11400.0;11700.0;12000.0;12300.0;12600.0;12900.0;13200.0;13500.0;13800.0;14100.0;14400.0
14400,206.25,total_tke_buoyancy_production,1.1018352665814746e-06,Center,m^2 s^-3,equal_mean_of_12_instantaneous_profiles,10800,14400,11100.0;11400.0;11700.0;12000.0;12300.0;12600.0;12900.0;13200.0;13500.0;13800.0;14100.0;14400.0
14400,218.75,total_tke_buoyancy_production,-5.0224375769403196e-08,Center,m^2 s^-3,equal_mean_of_12_instantaneous_profiles,10800,14400,11100.0;11400.0;11700.0;12000.0;12300.0;12600.0;12900.0;13200.0;13500.0;13800.0;14100.0;14400.0
14400,231.25,total_tke_buoyancy_production,8.3855801117730763e-08,Center,m^2 s^-3,equal_mean_of_12_instantaneous_profiles,10800,14400,11100.0;11400.0;11700.0;12000.0;12300.0;12600.0;12900.0;13200.0;13500.0;13800.0;14100.0;14400.0
14400,243.75,total_tke_buoyancy_production,6.1799965367370646e-08,Center,m^2 s^-3,equal_mean_of_12_instantaneous_profiles,10800,14400,11100.0;11400.0;11700.0;12000.0;12300.0;12600.0;12900.0;13200.0;13500.0;13800.0;14100.0;14400.0
14400,256.25,total_tke_buoyancy_production,5.140651726520673e-08,Center,m^2 s^-3,equal_mean_of_12_instantaneous_profiles,10800,14400,11100.0;11400.0;11700.0;12000.0;12300.0;12600.0;12900.0;13200.0;13500.0;13800.0;14100.0;14400.0
14400,268.75,total_tke_buoyancy_production,4.4888051794108229e-08,Center,m^2 s^-3,equal_mean_of_12_instantaneous_profiles,10800,14400,11100.0;11400.0;11700.0;12000.0;12300.0;12600.0;12900.0;13200.0;13500.0;13800.0;14100.0;14400.0
14400,281.25,total_tke_buoyancy_production,2.5740228911293645e-08,Center,m^2 s^-3,equal_mean_of_12_instantaneous_profiles,10800,14400,11100.0;11400.0;11700.0;12000.0;12300.0;12600.0;12900.0;13200.0;13500.0;13800.0;14100.0;14400.0
14400,293.75,total_tke_buoyancy_production,1.7896711594171204e-08,Center,m^2 s^-3,equal_mean_of_12_instantaneous_profiles,10800,14400,11100.0;11400.0;11700.0;12000.0;12300.0;12600.0;12900.0;13200.0;13500.0;13800.0;14100.0;14400.0
14400,306.25,total_tke_buoyancy_production,2.4097194656347298e-08,Center,m^2 s^-3,equal_mean_of_12_instantaneous_profiles,10800,14400,11100.0;11400.0;11700.0;12000.0;12300.0;12600.0;12900.0;13200.0;13500.0;13800.0;14100.0;14400.0
14400,318.75,total_tke_buoyancy_production,2.218937171042749e-08,Center,m^2 s^-3,equal_mean_of_12_instantaneous_profiles,10800,14400,11100.0;11400.0;11700.0;12000.0;12300.0;12600.0;12900.0;13200.0;13500.0;13800.0;14100.0;14400.0
14400,331.25,total_tke_buoyancy_production,1.2758339644018216e-08,Center,m^2 s^-3,equal_mean_of_12_instantaneous_profiles,10800,14400,11100.0;11400.0;11700.0;12000.0;12300.0;12600.0;12900.0;13200.0;13500.0;13800.0;14100.0;14400.0
14400,343.75,total_tke_buoyancy_production,6.9828886376891814e-09,Center,m^2 s^-3,equal_mean_of_12_instantaneous_profiles,10800,14400,11100.0;11400.0;11700.0;12000.0;12300.0;12600.0;12900.0;13200.0;13500.0;13800.0;14100.0;14400.0
14400,356.25,total_tke_buoyancy_production,-3.387540618386235e-10,Center,m^2 s^-3,equal_mean_of_12_instantaneous_profiles,10800,14400,11100.0;11400.0;11700.0;12000.0;12300.0;12600.0;12900.0;13200.0;13500.0;13800.0;14100.0;14400.0
14400,368.75,total_tke_buoyancy_production,-6.5090516680281025e-09,Center,m^2 s^-3,equal_mean_of_12_instantaneous_profiles,10800,14400,11100.0;11400.0;11700.0;12000.0;12300.0;12600.0;12900.0;13200.0;13500.0;13800.0;14100.0;14400.0
14400,381.25,total_tke_buoyancy_production,-6.4034511026989094e-09,Center,m^2 s^-3,equal_mean_of_12_instantaneous_profiles,10800,14400,11100.0;11400.0;11700.0;12000.0;12300.0;12600.0;12900.0;13200.0;13500.0;13800.0;14100.0;14400.0
14400,393.75,total_tke_buoyancy_production,-6.2948438776337196e-09,Center,m^2 s^-3,equal_mean_of_12_instantaneous_profiles,10800,14400,11100.0;11400.0;11700.0;12000.0;12300.0;12600.0;12900.0;13200.0;13500.0;13800.0;14100.0;14400.0
14400,406.25,total_tke_buoyancy_production,-6.5128910782992948e-09,Center,m^2 s^-3,equal_mean_of_12_instantaneous_profiles,10800,14400,11100.0;11400.0;11700.0;12000.0;12300.0;12600.0;12900.0;13200.0;13500.0;13800.0;14100.0;14400.0
14400,418.75,total_tke_buoyancy_production,-5.2698856759884434e-09,Center,m^2 s^-3,equal_mean_of_12_instantaneous_profiles,10800,14400,11100.0;11400.0;11700.0;12000.0;12300.0;12600.0;12900.0;13200.0;13500.0;13800.0;14100.0;14400.0
14400,431.25,total_tke_buoyancy_production,-7.4030976904282397e-09,Center,m^2 s^-3,equal_mean_of_12_instantaneous_profiles,10800,14400,11100.0;11400.0;11700.0;12000.0;12300.0;12600.0;12900.0;13200.0;13500.0;13800.0;14100.0;14400.0
14400,443.75,total_tke_buoyancy_production,-1.0518240722845462e-08,Center,m^2 s^-3,equal_mean_of_12_instantaneous_profiles,10800,14400,11100.0;11400.0;11700.0;12000.0;12300.0;12600.0;12900.0;13200.0;13500.0;13800.0;14100.0;14400.0
14400,456.25,total_tke_buoyancy_production,-8.5214511743222001e-09,Center,m^2 s^-3,equal_mean_of_12_instantaneous_profiles,10800,14400,11100.0;11400.0;11700.0;12000.0;12300.0;12600.0;12900.0;13200.0;13500.0;13800.0;14100.0;14400.0
14400,468.75,total_tke_buoyancy_production,-3.889933467930244e-09,Center,m^2 s^-3,equal_mean_of_12_instantaneous_profiles,10800,14400,11100.0;11400.0;11700.0;12000.0;12300.0;12600.0;12900.0;13200.0;13500.0;13800.0;14100.0;14400.0
14400,481.25,total_tke_buoyancy_production,5.0317015739172648e-09,Center,m^2 s^-3,equal_mean_of_12_instantaneous_profiles,10800,14400,11100.0;11400.0;11700.0;12000.0;12300.0;12600.0;12900.0;13200.0;13500.0;13800.0;14100.0;14400.0
14400,493.75,total_tke_buoyancy_production,1.8014522762399565e-08,Center,m^2 s^-3,equal_mean_of_12_instantaneous_profiles,10800,14400,11100.0;11400.0;11700.0;12000.0;12300.0;12600.0;12900.0;13200.0;13500.0;13800.0;14100.0;14400.0
14400,506.25,total_tke_buoyancy_production,2.420748283308664e-08,Center,m^2 s^-3,equal_mean_of_12_instantaneous_profiles,10800,14400,11100.0;11400.0;11700.0;12000.0;12300.0;12600.0;12900.0;13200.0;13500.0;13800.0;14100.0;14400.0
14400,518.75,total_tke_buoyancy_production,2.2667360877193232e-08,Center,m^2 s^-3,equal_mean_of_12_instantaneous_profiles,10800,14400,11100.0;11400.0;11700.0;12000.0;12300.0;12600.0;12900.0;13200.0;13500.0;13800.0;14100.0;14400.0
14400,531.25,total_tke_buoyancy_production,2.3544030206916016e-08,Center,m^2 s^-3,equal_mean_of_12_instantaneous_profiles,10800,14400,11100.0;11400.0;11700.0;12000.0;12300.0;12600.0;12900.0;13200.0;13500.0;13800.0;14100.0;14400.0
14400,543.75,total_tke_buoyancy_production,3.66332000290015e-08,Center,m^2 s^-3,equal_mean_of_12_instantaneous_profiles,10800,14400,11100.0;11400.0;11700.0;12000.0;12300.0;12600.0;12900.0;13200.0;13500.0;13800.0;14100.0;14400.0
14400,556.25,total_tke_buoyancy_production,3.9532968898470244e-08,Center,m^2 s^-3,equal_mean_of_12_instantaneous_profiles,10800,14400,11100.0;11400.0;11700.0;12000.0;12300.0;12600.0;12900.0;13200.0;13500.0;13800.0;14100.0;14400.0
14400,568.75,total_tke_buoyancy_production,8.8140645893020064e-09,Center,m^2 s^-3,equal_mean_of_12_instantaneous_profiles,10800,14400,11100.0;11400.0;11700.0;12000.0;12300.0;12600.0;12900.0;13200.0;13500.0;13800.0;14100.0;14400.0
14400,581.25,total_tke_buoyancy_production,-2.1555433290150933e-08,Center,m^2 s^-3,equal_mean_of_12_instantaneous_profiles,10800,14400,11100.0;11400.0;11700.0;12000.0;12300.0;12600.0;12900.0;13200.0;13500.0;13800.0;14100.0;14400.0
14400,593.75,total_tke_buoyancy_production,-1.4917878784122726e-07,Center,m^2 s^-3,equal_mean_of_12_instantaneous_profiles,10800,14400,11100.0;11400.0;11700.0;12000.0;12300.0;12600.0;12900.0;13200.0;13500.0;13800.0;14100.0;14400.0
14400,606.25,total_tke_buoyancy_production,-7.4030975838468294e-07,Center,m^2 s^-3,equal_mean_of_12_instantaneous_profiles,10800,14400,11100.0;11400.0;11700.0;12000.0;12300.0;12600.0;12900.0;13200.0;13500.0;13800.0;14100.0;14400.0
14400,618.75,total_tke_buoyancy_production,-1.9394864333814135e-06,Center,m^2 s^-3,equal_mean_of_12_instantaneous_profiles,10800,14400,11100.0;11400.0;11700.0;12000.0;12300.0;12600.0;12900.0;13200.0;13500.0;13800.0;14100.0;14400.0
14400,631.25,total_tke_buoyancy_production,-3.0645607580481737e-06,Center,m^2 s^-3,equal_mean_of_12_instantaneous_profiles,10800,14400,11100.0;11400.0;11700.0;12000.0;12300.0;12600.0;12900.0;13200.0;13500.0;13800.0;14100.0;14400.0
14400,643.75,total_tke_buoyancy_production,-3.6147976629763434e-06,Center,m^2 s^-3,equal_mean_of_12_instantaneous_profiles,10800,14400,11100.0;11400.0;11700.0;12000.0;12300.0;12600.0;12900.0;13200.0;13500.0;13800.0;14100.0;14400.0
14400,656.25,total_tke_buoyancy_production,-3.9659036588091112e-06,Center,m^2 s^-3,equal_mean_of_12_instantaneous_profiles,10800,14400,11100.0;11400.0;11700.0;12000.0;12300.0;12600.0;12900.0;13200.0;13500.0;13800.0;14100.0;14400.0
14400,668.75,total_tke_buoyancy_production,-4.3038518053132675e-06,Center,m^2 s^-3,equal_mean_of_12_instantaneous_profiles,10800,14400,11100.0;11400.0;11700.0;12000.0;12300.0;12600.0;12900.0;13200.0;13500.0;13800.0;14100.0;14400.0
14400,681.25,total_tke_buoyancy_production,-4.3244643658605737e-06,Center,m^2 s^-3,equal_mean_of_12_instantaneous_profiles,10800,14400,11100.0;11400.0;11700.0;12000.0;12300.0;12600.0;12900.0;13200.0;13500.0;13800.0;14100.0;14400.0
14400,693.75,total_tke_buoyancy_production,-3.8966950531478988e-06,Center,m^2 s^-3,equal_mean_of_12_instantaneous_profiles,10800,14400,11100.0;11400.0;11700.0;12000.0;12300.0;12600.0;12900.0;13200.0;13500.0;13800.0;14100.0;14400.0
14400,706.25,total_tke_buoyancy_production,-2.9190579766691371e-06,Center,m^2 s^-3,equal_mean_of_12_instantaneous_profiles,10800,14400,11100.0;11400.0;11700.0;12000.0;12300.0;12600.0;12900.0;13200.0;13500.0;13800.0;14100.0;14400.0
14400,718.75,total_tke_buoyancy_production,-1.5988259676191774e-06,Center,m^2 s^-3,equal_mean_of_12_instantaneous_profiles,10800,14400,11100.0;11400.0;11700.0;12000.0;12300.0;12600.0;12900.0;13200.0;13500.0;13800.0;14100.0;14400.0
14400,731.25,total_tke_buoyancy_production,-6.5253623778479175e-07,Center,m^2 s^-3,equal_mean_of_12_instantaneous_profiles,10800,14400,11100.0;11400.0;11700.0;12000.0;12300.0;12600.0;12900.0;13200.0;13500.0;13800.0;14100.0;14400.0
14400,743.75,total_tke_buoyancy_production,-2.2852135383999439e-07,Center,m^2 s^-3,equal_mean_of_12_instantaneous_profiles,10800,14400,11100.0;11400.0;11700.0;12000.0;12300.0;12600.0;12900.0;13200.0;13500.0;13800.0;14100.0;14400.0
14400,756.25,total_tke_buoyancy_production,-7.6567562068419193e-08,Center,m^2 s^-3,equal_mean_of_12_instantaneous_profiles,10800,14400,11100.0;11400.0;11700.0;12000.0;12300.0;12600.0;12900.0;13200.0;13500.0;13800.0;14100.0;14400.0
14400,768.75,total_tke_buoyancy_production,-5.0674318667158026e-08,Center,m^2 s^-3,equal_mean_of_12_instantaneous_profiles,10800,14400,11100.0;11400.0;11700.0;12000.0;12300.0;12600.0;12900.0;13200.0;13500.0;13800.0;14100.0;14400.0
14400,781.25,total_tke_buoyancy_production,-4.3110920167066524e-08,Center,m^2 s^-3,equal_mean_of_12_instantaneous_profiles,10800,14400,11100.0;11400.0;11700.0;12000.0;12300.0;12600.0;12900.0;13200.0;13500.0;13800.0;14100.0;14400.0
14400,793.75,total_tke_buoyancy_production,-1.897088378980764e-08,Center,m^2 s^-3,equal_mean_of_12_instantaneous_profiles,10800,14400,11100.0;11400.0;11700.0;12000.0;12300.0;12600.0;12900.0;13200.0;13500.0;13800.0;14100.0;14400.0
14400,6.25,total_tke_shear_production,0.004324039483132462,Center,m^2 s^-3,equal_mean_of_12_instantaneous_profiles,10800,14400,11100.0;11400.0;11700.0;12000.0;12300.0;12600.0;12900.0;13200.0;13500.0;13800.0;14100.0;14400.0
14400,18.75,total_tke_shear_production,0.00093371162074618042,Center,m^2 s^-3,equal_mean_of_12_instantaneous_profiles,10800,14400,11100.0;11400.0;11700.0;12000.0;12300.0;12600.0;12900.0;13200.0;13500.0;13800.0;14100.0;14400.0
14400,31.25,total_tke_shear_production,0.00066004884138237685,Center,m^2 s^-3,equal_mean_of_12_instantaneous_profiles,10800,14400,11100.0;11400.0;11700.0;12000.0;12300.0;12600.0;12900.0;13200.0;13500.0;13800.0;14100.0;14400.0
14400,43.75,total_tke_shear_production,0.0007321901745550955,Center,m^2 s^-3,equal_mean_of_12_instantaneous_profiles,10800,14400,11100.0;11400.0;11700.0;12000.0;12300.0;12600.0;12900.0;13200.0;13500.0;13800.0;14100.0;14400.0
14400,56.25,total_tke_shear_production,0.0007950122429368397,Center,m^2 s^-3,equal_mean_of_12_instantaneous_profiles,10800,14400,11100.0;11400.0;11700.0;12000.0;12300.0;12600.0;12900.0;13200.0;13500.0;13800.0;14100.0;14400.0
14400,68.75,total_tke_shear_production,0.00056216859229607508,Center,m^2 s^-3,equal_mean_of_12_instantaneous_profiles,10800,14400,11100.0;11400.0;11700.0;12000.0;12300.0;12600.0;12900.0;13200.0;13500.0;13800.0;14100.0;14400.0
14400,81.25,total_tke_shear_production,0.00032065791674540378,Center,m^2 s^-3,equal_mean_of_12_instantaneous_profiles,10800,14400,11100.0;11400.0;11700.0;12000.0;12300.0;12600.0;12900.0;13200.0;13500.0;13800.0;14100.0;14400.0
14400,93.75,total_tke_shear_production,0.0001633051245638247,Center,m^2 s^-3,equal_mean_of_12_instantaneous_profiles,10800,14400,11100.0;11400.0;11700.0;12000.0;12300.0;12600.0;12900.0;13200.0;13500.0;13800.0;14100.0;14400.0
14400,106.25,total_tke_shear_production,9.3644486260776219e-05,Center,m^2 s^-3,equal_mean_of_12_instantaneous_profiles,10800,14400,11100.0;11400.0;11700.0;12000.0;12300.0;12600.0;12900.0;13200.0;13500.0;13800.0;14100.0;14400.0
14400,118.75,total_tke_shear_production,5.3790894980920712e-05,Center,m^2 s^-3,equal_mean_of_12_instantaneous_profiles,10800,14400,11100.0;11400.0;11700.0;12000.0;12300.0;12600.0;12900.0;13200.0;13500.0;13800.0;14100.0;14400.0
14400,131.25,total_tke_shear_production,2.4505874913908581e-05,Center,m^2 s^-3,equal_mean_of_12_instantaneous_profiles,10800,14400,11100.0;11400.0;11700.0;12000.0;12300.0;12600.0;12900.0;13200.0;13500.0;13800.0;14100.0;14400.0
14400,143.75,total_tke_shear_production,3.0796343025940587e-05,Center,m^2 s^-3,equal_mean_of_12_instantaneous_profiles,10800,14400,11100.0;11400.0;11700.0;12000.0;12300.0;12600.0;12900.0;13200.0;13500.0;13800.0;14100.0;14400.0
14400,156.25,total_tke_shear_production,3.8550366677251681e-05,Center,m^2 s^-3,equal_mean_of_12_instantaneous_profiles,10800,14400,11100.0;11400.0;11700.0;12000.0;12300.0;12600.0;12900.0;13200.0;13500.0;13800.0;14100.0;14400.0
14400,168.75,total_tke_shear_production,5.3829353419132531e-06,Center,m^2 s^-3,equal_mean_of_12_instantaneous_profiles,10800,14400,11100.0;11400.0;11700.0;12000.0;12300.0;12600.0;12900.0;13200.0;13500.0;13800.0;14100.0;14400.0
14400,181.25,total_tke_shear_production,-2.1809614698516572e-05,Center,m^2 s^-3,equal_mean_of_12_instantaneous_profiles,10800,14400,11100.0;11400.0;11700.0;12000.0;12300.0;12600.0;12900.0;13200.0;13500.0;13800.0;14100.0;14400.0
14400,193.75,total_tke_shear_production,-1.5684823627755879e-05,Center,m^2 s^-3,equal_mean_of_12_instantaneous_profiles,10800,14400,11100.0;11400.0;11700.0;12000.0;12300.0;12600.0;12900.0;13200.0;13500.0;13800.0;14100.0;14400.0
14400,206.25,total_tke_shear_production,-4.5867210189953767e-06,Center,m^2 s^-3,equal_mean_of_12_instantaneous_profiles,10800,14400,11100.0;11400.0;11700.0;12000.0;12300.0;12600.0;12900.0;13200.0;13500.0;13800.0;14100.0;14400.0
14400,218.75,total_tke_shear_production,-9.2010204610915025e-07,Center,m^2 s^-3,equal_mean_of_12_instantaneous_profiles,10800,14400,11100.0;11400.0;11700.0;12000.0;12300.0;12600.0;12900.0;13200.0;13500.0;13800.0;14100.0;14400.0
14400,231.25,total_tke_shear_production,-4.1262190612438115e-07,Center,m^2 s^-3,equal_mean_of_12_instantaneous_profiles,10800,14400,11100.0;11400.0;11700.0;12000.0;12300.0;12600.0;12900.0;13200.0;13500.0;13800.0;14100.0;14400.0
14400,243.75,total_tke_shear_production,-2.895826488232463e-07,Center,m^2 s^-3,equal_mean_of_12_instantaneous_profiles,10800,14400,11100.0;11400.0;11700.0;12000.0;12300.0;12600.0;12900.0;13200.0;13500.0;13800.0;14100.0;14400.0
14400,256.25,total_tke_shear_production,-2.7795386022451868e-07,Center,m^2 s^-3,equal_mean_of_12_instantaneous_profiles,10800,14400,11100.0;11400.0;11700.0;12000.0;12300.0;12600.0;12900.0;13200.0;13500.0;13800.0;14100.0;14400.0
14400,268.75,total_tke_shear_production,-2.2992282315096682e-07,Center,m^2 s^-3,equal_mean_of_12_instantaneous_profiles,10800,14400,11100.0;11400.0;11700.0;12000.0;12300.0;12600.0;12900.0;13200.0;13500.0;13800.0;14100.0;14400.0
14400,281.25,total_tke_shear_production,-1.8060106358556519e-07,Center,m^2 s^-3,equal_mean_of_12_instantaneous_profiles,10800,14400,11100.0;11400.0;11700.0;12000.0;12300.0;12600.0;12900.0;13200.0;13500.0;13800.0;14100.0;14400.0
14400,293.75,total_tke_shear_production,-1.5855360987101127e-07,Center,m^2 s^-3,equal_mean_of_12_instantaneous_profiles,10800,14400,11100.0;11400.0;11700.0;12000.0;12300.0;12600.0;12900.0;13200.0;13500.0;13800.0;14100.0;14400.0
14400,306.25,total_tke_shear_production,-1.5291950912950844e-07,Center,m^2 s^-3,equal_mean_of_12_instantaneous_profiles,10800,14400,11100.0;11400.0;11700.0;12000.0;12300.0;12600.0;12900.0;13200.0;13500.0;13800.0;14100.0;14400.0
14400,318.75,total_tke_shear_production,-1.4444801132995622e-07,Center,m^2 s^-3,equal_mean_of_12_instantaneous_profiles,10800,14400,11100.0;11400.0;11700.0;12000.0;12300.0;12600.0;12900.0;13200.0;13500.0;13800.0;14100.0;14400.0
14400,331.25,total_tke_shear_production,-1.2847586298529259e-07,Center,m^2 s^-3,equal_mean_of_12_instantaneous_profiles,10800,14400,11100.0;11400.0;11700.0;12000.0;12300.0;12600.0;12900.0;13200.0;13500.0;13800.0;14100.0;14400.0
14400,343.75,total_tke_shear_production,-1.156328591767064e-07,Center,m^2 s^-3,equal_mean_of_12_instantaneous_profiles,10800,14400,11100.0;11400.0;11700.0;12000.0;12300.0;12600.0;12900.0;13200.0;13500.0;13800.0;14100.0;14400.0
14400,356.25,total_tke_shear_production,-1.0033500622933882e-07,Center,m^2 s^-3,equal_mean_of_12_instantaneous_profiles,10800,14400,11100.0;11400.0;11700.0;12000.0;12300.0;12600.0;12900.0;13200.0;13500.0;13800.0;14100.0;14400.0
14400,368.75,total_tke_shear_production,-8.1297104677820656e-08,Center,m^2 s^-3,equal_mean_of_12_instantaneous_profiles,10800,14400,11100.0;11400.0;11700.0;12000.0;12300.0;12600.0;12900.0;13200.0;13500.0;13800.0;14100.0;14400.0
14400,381.25,total_tke_shear_production,-6.9671639938799032e-08,Center,m^2 s^-3,equal_mean_of_12_instantaneous_profiles,10800,14400,11100.0;11400.0;11700.0;12000.0;12300.0;12600.0;12900.0;13200.0;13500.0;13800.0;14100.0;14400.0
14400,393.75,total_tke_shear_production,-6.4018474595547062e-08,Center,m^2 s^-3,equal_mean_of_12_instantaneous_profiles,10800,14400,11100.0;11400.0;11700.0;12000.0;12300.0;12600.0;12900.0;13200.0;13500.0;13800.0;14100.0;14400.0
14400,406.25,total_tke_shear_production,-5.1053993569786606e-08,Center,m^2 s^-3,equal_mean_of_12_instantaneous_profiles,10800,14400,11100.0;11400.0;11700.0;12000.0;12300.0;12600.0;12900.0;13200.0;13500.0;13800.0;14100.0;14400.0
14400,418.75,total_tke_shear_production,-2.9485130360421923e-08,Center,m^2 s^-3,equal_mean_of_12_instantaneous_profiles,10800,14400,11100.0;11400.0;11700.0;12000.0;12300.0;12600.0;12900.0;13200.0;13500.0;13800.0;14100.0;14400.0
14400,431.25,total_tke_shear_production,-1.039717785940771e-08,Center,m^2 s^-3,equal_mean_of_12_instantaneous_profiles,10800,14400,11100.0;11400.0;11700.0;12000.0;12300.0;12600.0;12900.0;13200.0;13500.0;13800.0;14100.0;14400.0
14400,443.75,total_tke_shear_production,1.5536826640053885e-09,Center,m^2 s^-3,equal_mean_of_12_instantaneous_profiles,10800,14400,11100.0;11400.0;11700.0;12000.0;12300.0;12600.0;12900.0;13200.0;13500.0;13800.0;14100.0;14400.0
14400,456.25,total_tke_shear_production,1.472196294501534e-08,Center,m^2 s^-3,equal_mean_of_12_instantaneous_profiles,10800,14400,11100.0;11400.0;11700.0;12000.0;12300.0;12600.0;12900.0;13200.0;13500.0;13800.0;14100.0;14400.0
14400,468.75,total_tke_shear_production,3.9852925182159993e-08,Center,m^2 s^-3,equal_mean_of_12_instantaneous_profiles,10800,14400,11100.0;11400.0;11700.0;12000.0;12300.0;12600.0;12900.0;13200.0;13500.0;13800.0;14100.0;14400.0
14400,481.25,total_tke_shear_production,6.4974847280296899e-08,Center,m^2 s^-3,equal_mean_of_12_instantaneous_profiles,10800,14400,11100.0;11400.0;11700.0;12000.0;12300.0;12600.0;12900.0;13200.0;13500.0;13800.0;14100.0;14400.0
14400,493.75,total_tke_shear_production,6.6047540288790188e-08,Center,m^2 s^-3,equal_mean_of_12_instantaneous_profiles,10800,14400,11100.0;11400.0;11700.0;12000.0;12300.0;12600.0;12900.0;13200.0;13500.0;13800.0;14100.0;14400.0
14400,506.25,total_tke_shear_production,5.8575180705844332e-08,Center,m^2 s^-3,equal_mean_of_12_instantaneous_profiles,10800,14400,11100.0;11400.0;11700.0;12000.0;12300.0;12600.0;12900.0;13200.0;13500.0;13800.0;14100.0;14400.0
14400,518.75,total_tke_shear_production,7.3999308606668521e-08,Center,m^2 s^-3,equal_mean_of_12_instantaneous_profiles,10800,14400,11100.0;11400.0;11700.0;12000.0;12300.0;12600.0;12900.0;13200.0;13500.0;13800.0;14100.0;14400.0
14400,531.25,total_tke_shear_production,9.6389453455950999e-08,Center,m^2 s^-3,equal_mean_of_12_instantaneous_profiles,10800,14400,11100.0;11400.0;11700.0;12000.0;12300.0;12600.0;12900.0;13200.0;13500.0;13800.0;14100.0;14400.0
14400,543.75,total_tke_shear_production,8.8166306551803089e-08,Center,m^2 s^-3,equal_mean_of_12_instantaneous_profiles,10800,14400,11100.0;11400.0;11700.0;12000.0;12300.0;12600.0;12900.0;13200.0;13500.0;13800.0;14100.0;14400.0
14400,556.25,total_tke_shear_production,8.8763385974743869e-08,Center,m^2 s^-3,equal_mean_of_12_instantaneous_profiles,10800,14400,11100.0;11400.0;11700.0;12000.0;12300.0;12600.0;12900.0;13200.0;13500.0;13800.0;14100.0;14400.0
14400,568.75,total_tke_shear_production,1.6529604944063672e-07,Center,m^2 s^-3,equal_mean_of_12_instantaneous_profiles,10800,14400,11100.0;11400.0;11700.0;12000.0;12300.0;12600.0;12900.0;13200.0;13500.0;13800.0;14100.0;14400.0
14400,581.25,total_tke_shear_production,2.9157332193108232e-07,Center,m^2 s^-3,equal_mean_of_12_instantaneous_profiles,10800,14400,11100.0;11400.0;11700.0;12000.0;12300.0;12600.0;12900.0;13200.0;13500.0;13800.0;14100.0;14400.0
14400,593.75,total_tke_shear_production,5.8327086094323022e-07,Center,m^2 s^-3,equal_mean_of_12_instantaneous_profiles,10800,14400,11100.0;11400.0;11700.0;12000.0;12300.0;12600.0;12900.0;13200.0;13500.0;13800.0;14100.0;14400.0
14400,606.25,total_tke_shear_production,2.1159219443234178e-06,Center,m^2 s^-3,equal_mean_of_12_instantaneous_profiles,10800,14400,11100.0;11400.0;11700.0;12000.0;12300.0;12600.0;12900.0;13200.0;13500.0;13800.0;14100.0;14400.0
14400,618.75,total_tke_shear_production,5.6484734045625373e-06,Center,m^2 s^-3,equal_mean_of_12_instantaneous_profiles,10800,14400,11100.0;11400.0;11700.0;12000.0;12300.0;12600.0;12900.0;13200.0;13500.0;13800.0;14100.0;14400.0
14400,631.25,total_tke_shear_production,9.272715601582604e-06,Center,m^2 s^-3,equal_mean_of_12_instantaneous_profiles,10800,14400,11100.0;11400.0;11700.0;12000.0;12300.0;12600.0;12900.0;13200.0;13500.0;13800.0;14100.0;14400.0
14400,643.75,total_tke_shear_production,1.1558749595981984e-05,Center,m^2 s^-3,equal_mean_of_12_instantaneous_profiles,10800,14400,11100.0;11400.0;11700.0;12000.0;12300.0;12600.0;12900.0;13200.0;13500.0;13800.0;14100.0;14400.0
14400,656.25,total_tke_shear_production,1.3309354092901534e-05,Center,m^2 s^-3,equal_mean_of_12_instantaneous_profiles,10800,14400,11100.0;11400.0;11700.0;12000.0;12300.0;12600.0;12900.0;13200.0;13500.0;13800.0;14100.0;14400.0
14400,668.75,total_tke_shear_production,1.4492763966700295e-05,Center,m^2 s^-3,equal_mean_of_12_instantaneous_profiles,10800,14400,11100.0;11400.0;11700.0;12000.0;12300.0;12600.0;12900.0;13200.0;13500.0;13800.0;14100.0;14400.0
14400,681.25,total_tke_shear_production,1.4511001306042695e-05,Center,m^2 s^-3,equal_mean_of_12_instantaneous_profiles,10800,14400,11100.0;11400.0;11700.0;12000.0;12300.0;12600.0;12900.0;13200.0;13500.0;13800.0;14100.0;14400.0
14400,693.75,total_tke_shear_production,1.3156153348366692e-05,Center,m^2 s^-3,equal_mean_of_12_instantaneous_profiles,10800,14400,11100.0;11400.0;11700.0;12000.0;12300.0;12600.0;12900.0;13200.0;13500.0;13800.0;14100.0;14400.0
14400,706.25,total_tke_shear_production,9.6450166514235516e-06,Center,m^2 s^-3,equal_mean_of_12_instantaneous_profiles,10800,14400,11100.0;11400.0;11700.0;12000.0;12300.0;12600.0;12900.0;13200.0;13500.0;13800.0;14100.0;14400.0
14400,718.75,total_tke_shear_production,5.0648649031851773e-06,Center,m^2 s^-3,equal_mean_of_12_instantaneous_profiles,10800,14400,11100.0;11400.0;11700.0;12000.0;12300.0;12600.0;12900.0;13200.0;13500.0;13800.0;14100.0;14400.0
14400,731.25,total_tke_shear_production,1.9161230468967005e-06,Center,m^2 s^-3,equal_mean_of_12_instantaneous_profiles,10800,14400,11100.0;11400.0;11700.0;12000.0;12300.0;12600.0;12900.0;13200.0;13500.0;13800.0;14100.0;14400.0
14400,743.75,total_tke_shear_production,5.7108578310760549e-07,Center,m^2 s^-3,equal_mean_of_12_instantaneous_profiles,10800,14400,11100.0;11400.0;11700.0;12000.0;12300.0;12600.0;12900.0;13200.0;13500.0;13800.0;14100.0;14400.0
14400,756.25,total_tke_shear_production,1.5447740064900017e-07,Center,m^2 s^-3,equal_mean_of_12_instantaneous_profiles,10800,14400,11100.0;11400.0;11700.0;12000.0;12300.0;12600.0;12900.0;13200.0;13500.0;13800.0;14100.0;14400.0
14400,768.75,total_tke_shear_production,2.8020594437331663e-08,Center,m^2 s^-3,equal_mean_of_12_instantaneous_profiles,10800,14400,11100.0;11400.0;11700.0;12000.0;12300.0;12600.0;12900.0;13200.0;13500.0;13800.0;14100.0;14400.0
14400,781.25,total_tke_shear_production,-8.9629389835958282e-09,Center,m^2 s^-3,equal_mean_of_12_instantaneous_profiles,10800,14400,11100.0;11400.0;11700.0;12000.0;12300.0;12600.0;12900.0;13200.0;13500.0;13800.0;14100.0;14400.0
14400,793.75,total_tke_shear_production,-9.0471654612400698e-09,Center,m^2 s^-3,equal_mean_of_12_instantaneous_profiles,10800,14400,11100.0;11400.0;11700.0;12000.0;12300.0;12600.0;12900.0;13200.0;13500.0;13800.0;14100.0;14400.0
14400,0,total_u_w_flux,0.040055886842310429,Face,m^2 s^-2,equal_mean_of_12_instantaneous_profiles,10800,14400,11100.0;11400.0;11700.0;12000.0;12300.0;12600.0;12900.0;13200.0;13500.0;13800.0;14100.0;14400.0
14400,12.5,total_u_w_flux,0.033292156333724655,Face,m^2 s^-2,equal_mean_of_12_instantaneous_profiles,10800,14400,11100.0;11400.0;11700.0;12000.0;12300.0;12600.0;12900.0;13200.0;13500.0;13800.0;14100.0;14400.0
14400,25,total_u_w_flux,0.027126069956769545,Face,m^2 s^-2,equal_mean_of_12_instantaneous_profiles,10800,14400,11100.0;11400.0;11700.0;12000.0;12300.0;12600.0;12900.0;13200.0;13500.0;13800.0;14100.0;14400.0
14400,37.5,total_u_w_flux,0.0070402038982138038,Face,m^2 s^-2,equal_mean_of_12_instantaneous_profiles,10800,14400,11100.0;11400.0;11700.0;12000.0;12300.0;12600.0;12900.0;13200.0;13500.0;13800.0;14100.0;14400.0
14400,50,total_u_w_flux,0.012269928042466441,Face,m^2 s^-2,equal_mean_of_12_instantaneous_profiles,10800,14400,11100.0;11400.0;11700.0;12000.0;12300.0;12600.0;12900.0;13200.0;13500.0;13800.0;14100.0;14400.0
14400,62.5,total_u_w_flux,0.0069671062519773841,Face,m^2 s^-2,equal_mean_of_12_instantaneous_profiles,10800,14400,11100.0;11400.0;11700.0;12000.0;12300.0;12600.0;12900.0;13200.0;13500.0;13800.0;14100.0;14400.0
14400,75,total_u_w_flux,0.0035261556137508401,Face,m^2 s^-2,equal_mean_of_12_instantaneous_profiles,10800,14400,11100.0;11400.0;11700.0;12000.0;12300.0;12600.0;12900.0;13200.0;13500.0;13800.0;14100.0;14400.0
14400,87.5,total_u_w_flux,0.0017113324623399724,Face,m^2 s^-2,equal_mean_of_12_instantaneous_profiles,10800,14400,11100.0;11400.0;11700.0;12000.0;12300.0;12600.0;12900.0;13200.0;13500.0;13800.0;14100.0;14400.0
14400,100,total_u_w_flux,0.0010378005657306251,Face,m^2 s^-2,equal_mean_of_12_instantaneous_profiles,10800,14400,11100.0;11400.0;11700.0;12000.0;12300.0;12600.0;12900.0;13200.0;13500.0;13800.0;14100.0;14400.0
14400,112.5,total_u_w_flux,0.00059427310043247417,Face,m^2 s^-2,equal_mean_of_12_instantaneous_profiles,10800,14400,11100.0;11400.0;11700.0;12000.0;12300.0;12600.0;12900.0;13200.0;13500.0;13800.0;14100.0;14400.0
14400,125,total_u_w_flux,0.00051127691373646178,Face,m^2 s^-2,equal_mean_of_12_instantaneous_profiles,10800,14400,11100.0;11400.0;11700.0;12000.0;12300.0;12600.0;12900.0;13200.0;13500.0;13800.0;14100.0;14400.0
14400,137.5,total_u_w_flux,0.00028515403270527412,Face,m^2 s^-2,equal_mean_of_12_instantaneous_profiles,10800,14400,11100.0;11400.0;11700.0;12000.0;12300.0;12600.0;12900.0;13200.0;13500.0;13800.0;14100.0;14400.0
14400,150,total_u_w_flux,-0.0003251913731219247,Face,m^2 s^-2,equal_mean_of_12_instantaneous_profiles,10800,14400,11100.0;11400.0;11700.0;12000.0;12300.0;12600.0;12900.0;13200.0;13500.0;13800.0;14100.0;14400.0
14400,162.5,total_u_w_flux,-0.00032560886756982654,Face,m^2 s^-2,equal_mean_of_12_instantaneous_profiles,10800,14400,11100.0;11400.0;11700.0;12000.0;12300.0;12600.0;12900.0;13200.0;13500.0;13800.0;14100.0;14400.0
14400,175,total_u_w_flux,0.00025206107178140275,Face,m^2 s^-2,equal_mean_of_12_instantaneous_profiles,10800,14400,11100.0;11400.0;11700.0;12000.0;12300.0;12600.0;12900.0;13200.0;13500.0;13800.0;14100.0;14400.0
14400,187.5,total_u_w_flux,0.00040331650719357032,Face,m^2 s^-2,equal_mean_of_12_instantaneous_profiles,10800,14400,11100.0;11400.0;11700.0;12000.0;12300.0;12600.0;12900.0;13200.0;13500.0;13800.0;14100.0;14400.0
14400,200,total_u_w_flux,0.00019047494606638793,Face,m^2 s^-2,equal_mean_of_12_instantaneous_profiles,10800,14400,11100.0;11400.0;11700.0;12000.0;12300.0;12600.0;12900.0;13200.0;13500.0;13800.0;14100.0;14400.0
14400,212.5,total_u_w_flux,5.5398765653080773e-05,Face,m^2 s^-2,equal_mean_of_12_instantaneous_profiles,10800,14400,11100.0;11400.0;11700.0;12000.0;12300.0;12600.0;12900.0;13200.0;13500.0;13800.0;14100.0;14400.0
14400,225,total_u_w_flux,3.7613557272682861e-05,Face,m^2 s^-2,equal_mean_of_12_instantaneous_profiles,10800,14400,11100.0;11400.0;11700.0;12000.0;12300.0;12600.0;12900.0;13200.0;13500.0;13800.0;14100.0;14400.0
14400,237.5,total_u_w_flux,2.9737192486815427e-05,Face,m^2 s^-2,equal_mean_of_12_instantaneous_profiles,10800,14400,11100.0;11400.0;11700.0;12000.0;12300.0;12600.0;12900.0;13200.0;13500.0;13800.0;14100.0;14400.0
14400,250,total_u_w_flux,2.6281509690306848e-05,Face,m^2 s^-2,equal_mean_of_12_instantaneous_profiles,10800,14400,11100.0;11400.0;11700.0;12000.0;12300.0;12600.0;12900.0;13200.0;13500.0;13800.0;14100.0;14400.0
14400,262.5,total_u_w_flux,2.4589677991571079e-05,Face,m^2 s^-2,equal_mean_of_12_instantaneous_profiles,10800,14400,11100.0;11400.0;11700.0;12000.0;12300.0;12600.0;12900.0;13200.0;13500.0;13800.0;14100.0;14400.0
14400,275,total_u_w_flux,2.4108566511434521e-05,Face,m^2 s^-2,equal_mean_of_12_instantaneous_profiles,10800,14400,11100.0;11400.0;11700.0;12000.0;12300.0;12600.0;12900.0;13200.0;13500.0;13800.0;14100.0;14400.0
14400,287.5,total_u_w_flux,2.3886953063841549e-05,Face,m^2 s^-2,equal_mean_of_12_instantaneous_profiles,10800,14400,11100.0;11400.0;11700.0;12000.0;12300.0;12600.0;12900.0;13200.0;13500.0;13800.0;14100.0;14400.0
14400,300,total_u_w_flux,2.4173833764962183e-05,Face,m^2 s^-2,equal_mean_of_12_instantaneous_profiles,10800,14400,11100.0;11400.0;11700.0;12000.0;12300.0;12600.0;12900.0;13200.0;13500.0;13800.0;14100.0;14400.0
14400,312.5,total_u_w_flux,2.5273948703367449e-05,Face,m^2 s^-2,equal_mean_of_12_instantaneous_profiles,10800,14400,11100.0;11400.0;11700.0;12000.0;12300.0;12600.0;12900.0;13200.0;13500.0;13800.0;14100.0;14400.0
14400,325,total_u_w_flux,2.4201220999960544e-05,Face,m^2 s^-2,equal_mean_of_12_instantaneous_profiles,10800,14400,11100.0;11400.0;11700.0;12000.0;12300.0;12600.0;12900.0;13200.0;13500.0;13800.0;14100.0;14400.0
14400,337.5,total_u_w_flux,2.215280490721246e-05,Face,m^2 s^-2,equal_mean_of_12_instantaneous_profiles,10800,14400,11100.0;11400.0;11700.0;12000.0;12300.0;12600.0;12900.0;13200.0;13500.0;13800.0;14100.0;14400.0
14400,350,total_u_w_flux,2.1502292838704307e-05,Face,m^2 s^-2,equal_mean_of_12_instantaneous_profiles,10800,14400,11100.0;11400.0;11700.0;12000.0;12300.0;12600.0;12900.0;13200.0;13500.0;13800.0;14100.0;14400.0
14400,362.5,total_u_w_flux,2.0721611804219719e-05,Face,m^2 s^-2,equal_mean_of_12_instantaneous_profiles,10800,14400,11100.0;11400.0;11700.0;12000.0;12300.0;12600.0;12900.0;13200.0;13500.0;13800.0;14100.0;14400.0
14400,375,total_u_w_flux,2.0017757890400389e-05,Face,m^2 s^-2,equal_mean_of_12_instantaneous_profiles,10800,14400,11100.0;11400.0;11700.0;12000.0;12300.0;12600.0;12900.0;13200.0;13500.0;13800.0;14100.0;14400.0
14400,387.5,total_u_w_flux,2.0168120083023194e-05,Face,m^2 s^-2,equal_mean_of_12_instantaneous_profiles,10800,14400,11100.0;11400.0;11700.0;12000.0;12300.0;12600.0;12900.0;13200.0;13500.0;13800.0;14100.0;14400.0
14400,400,total_u_w_flux,2.0539757315418683e-05,Face,m^2 s^-2,equal_mean_of_12_instantaneous_profiles,10800,14400,11100.0;11400.0;11700.0;12000.0;12300.0;12600.0;12900.0;13200.0;13500.0;13800.0;14100.0;14400.0
14400,412.5,total_u_w_flux,1.9767579184796585e-05,Face,m^2 s^-2,equal_mean_of_12_instantaneous_profiles,10800,14400,11100.0;11400.0;11700.0;12000.0;12300.0;12600.0;12900.0;13200.0;13500.0;13800.0;14100.0;14400.0
14400,425,total_u_w_flux,1.912939678542595e-05,Face,m^2 s^-2,equal_mean_of_12_instantaneous_profiles,10800,14400,11100.0;11400.0;11700.0;12000.0;12300.0;12600.0;12900.0;13200.0;13500.0;13800.0;14100.0;14400.0
14400,437.5,total_u_w_flux,1.9676275333798305e-05,Face,m^2 s^-2,equal_mean_of_12_instantaneous_profiles,10800,14400,11100.0;11400.0;11700.0;12000.0;12300.0;12600.0;12900.0;13200.0;13500.0;13800.0;14100.0;14400.0
14400,450,total_u_w_flux,1.9551979666706149e-05,Face,m^2 s^-2,equal_mean_of_12_instantaneous_profiles,10800,14400,11100.0;11400.0;11700.0;12000.0;12300.0;12600.0;12900.0;13200.0;13500.0;13800.0;14100.0;14400.0
14400,462.5,total_u_w_flux,1.9088737966891738e-05,Face,m^2 s^-2,equal_mean_of_12_instantaneous_profiles,10800,14400,11100.0;11400.0;11700.0;12000.0;12300.0;12600.0;12900.0;13200.0;13500.0;13800.0;14100.0;14400.0
14400,475,total_u_w_flux,1.9052134348385152e-05,Face,m^2 s^-2,equal_mean_of_12_instantaneous_profiles,10800,14400,11100.0;11400.0;11700.0;12000.0;12300.0;12600.0;12900.0;13200.0;13500.0;13800.0;14100.0;14400.0
14400,487.5,total_u_w_flux,1.8614105490163031e-05,Face,m^2 s^-2,equal_mean_of_12_instantaneous_profiles,10800,14400,11100.0;11400.0;11700.0;12000.0;12300.0;12600.0;12900.0;13200.0;13500.0;13800.0;14100.0;14400.0
14400,500,total_u_w_flux,1.8434399673121032e-05,Face,m^2 s^-2,equal_mean_of_12_instantaneous_profiles,10800,14400,11100.0;11400.0;11700.0;12000.0;12300.0;12600.0;12900.0;13200.0;13500.0;13800.0;14100.0;14400.0
14400,512.5,total_u_w_flux,1.8238473804406869e-05,Face,m^2 s^-2,equal_mean_of_12_instantaneous_profiles,10800,14400,11100.0;11400.0;11700.0;12000.0;12300.0;12600.0;12900.0;13200.0;13500.0;13800.0;14100.0;14400.0
14400,525,total_u_w_flux,1.8744418203671859e-05,Face,m^2 s^-2,equal_mean_of_12_instantaneous_profiles,10800,14400,11100.0;11400.0;11700.0;12000.0;12300.0;12600.0;12900.0;13200.0;13500.0;13800.0;14100.0;14400.0
14400,537.5,total_u_w_flux,1.7258040467519702e-05,Face,m^2 s^-2,equal_mean_of_12_instantaneous_profiles,10800,14400,11100.0;11400.0;11700.0;12000.0;12300.0;12600.0;12900.0;13200.0;13500.0;13800.0;14100.0;14400.0
14400,550,total_u_w_flux,1.6134583537071496e-05,Face,m^2 s^-2,equal_mean_of_12_instantaneous_profiles,10800,14400,11100.0;11400.0;11700.0;12000.0;12300.0;12600.0;12900.0;13200.0;13500.0;13800.0;14100.0;14400.0
14400,562.5,total_u_w_flux,1.7356341080206523e-05,Face,m^2 s^-2,equal_mean_of_12_instantaneous_profiles,10800,14400,11100.0;11400.0;11700.0;12000.0;12300.0;12600.0;12900.0;13200.0;13500.0;13800.0;14100.0;14400.0
14400,575,total_u_w_flux,1.9127416957568737e-05,Face,m^2 s^-2,equal_mean_of_12_instantaneous_profiles,10800,14400,11100.0;11400.0;11700.0;12000.0;12300.0;12600.0;12900.0;13200.0;13500.0;13800.0;14100.0;14400.0
14400,587.5,total_u_w_flux,1.9286542775868536e-05,Face,m^2 s^-2,equal_mean_of_12_instantaneous_profiles,10800,14400,11100.0;11400.0;11700.0;12000.0;12300.0;12600.0;12900.0;13200.0;13500.0;13800.0;14100.0;14400.0
14400,600,total_u_w_flux,3.1978432616597274e-05,Face,m^2 s^-2,equal_mean_of_12_instantaneous_profiles,10800,14400,11100.0;11400.0;11700.0;12000.0;12300.0;12600.0;12900.0;13200.0;13500.0;13800.0;14100.0;14400.0
14400,612.5,total_u_w_flux,9.5732084446353838e-05,Face,m^2 s^-2,equal_mean_of_12_instantaneous_profiles,10800,14400,11100.0;11400.0;11700.0;12000.0;12300.0;12600.0;12900.0;13200.0;13500.0;13800.0;14100.0;14400.0
14400,625,total_u_w_flux,0.00018116209806369929,Face,m^2 s^-2,equal_mean_of_12_instantaneous_profiles,10800,14400,11100.0;11400.0;11700.0;12000.0;12300.0;12600.0;12900.0;13200.0;13500.0;13800.0;14100.0;14400.0
14400,637.5,total_u_w_flux,0.00023830142102572913,Face,m^2 s^-2,equal_mean_of_12_instantaneous_profiles,10800,14400,11100.0;11400.0;11700.0;12000.0;12300.0;12600.0;12900.0;13200.0;13500.0;13800.0;14100.0;14400.0
14400,650,total_u_w_flux,0.00028785429458366707,Face,m^2 s^-2,equal_mean_of_12_instantaneous_profiles,10800,14400,11100.0;11400.0;11700.0;12000.0;12300.0;12600.0;12900.0;13200.0;13500.0;13800.0;14100.0;14400.0
14400,662.5,total_u_w_flux,0.00032616461370101507,Face,m^2 s^-2,equal_mean_of_12_instantaneous_profiles,10800,14400,11100.0;11400.0;11700.0;12000.0;12300.0;12600.0;12900.0;13200.0;13500.0;13800.0;14100.0;14400.0
14400,675,total_u_w_flux,0.00034721273671796854,Face,m^2 s^-2,equal_mean_of_12_instantaneous_profiles,10800,14400,11100.0;11400.0;11700.0;12000.0;12300.0;12600.0;12900.0;13200.0;13500.0;13800.0;14100.0;14400.0
14400,687.5,total_u_w_flux,0.00032737555496472243,Face,m^2 s^-2,equal_mean_of_12_instantaneous_profiles,10800,14400,11100.0;11400.0;11700.0;12000.0;12300.0;12600.0;12900.0;13200.0;13500.0;13800.0;14100.0;14400.0
14400,700,total_u_w_flux,0.00029373774365618982,Face,m^2 s^-2,equal_mean_of_12_instantaneous_profiles,10800,14400,11100.0;11400.0;11700.0;12000.0;12300.0;12600.0;12900.0;13200.0;13500.0;13800.0;14100.0;14400.0
14400,712.5,total_u_w_flux,0.00017669582060383013,Face,m^2 s^-2,equal_mean_of_12_instantaneous_profiles,10800,14400,11100.0;11400.0;11700.0;12000.0;12300.0;12600.0;12900.0;13200.0;13500.0;13800.0;14100.0;14400.0
14400,725,total_u_w_flux,8.9789609470850948e-05,Face,m^2 s^-2,equal_mean_of_12_instantaneous_profiles,10800,14400,11100.0;11400.0;11700.0;12000.0;12300.0;12600.0;12900.0;13200.0;13500.0;13800.0;14100.0;14400.0
14400,737.5,total_u_w_flux,3.776701729899893e-05,Face,m^2 s^-2,equal_mean_of_12_instantaneous_profiles,10800,14400,11100.0;11400.0;11700.0;12000.0;12300.0;12600.0;12900.0;13200.0;13500.0;13800.0;14100.0;14400.0
14400,750,total_u_w_flux,2.1347888681096567e-05,Face,m^2 s^-2,equal_mean_of_12_instantaneous_profiles,10800,14400,11100.0;11400.0;11700.0;12000.0;12300.0;12600.0;12900.0;13200.0;13500.0;13800.0;14100.0;14400.0
14400,762.5,total_u_w_flux,1.6287527898839471e-05,Face,m^2 s^-2,equal_mean_of_12_instantaneous_profiles,10800,14400,11100.0;11400.0;11700.0;12000.0;12300.0;12600.0;12900.0;13200.0;13500.0;13800.0;14100.0;14400.0
14400,775,total_u_w_flux,8.3456778744069506e-06,Face,m^2 s^-2,equal_mean_of_12_instantaneous_profiles,10800,14400,11100.0;11400.0;11700.0;12000.0;12300.0;12600.0;12900.0;13200.0;13500.0;13800.0;14100.0;14400.0
14400,787.5,total_u_w_flux,1.8706789148836833e-06,Face,m^2 s^-2,equal_mean_of_12_instantaneous_profiles,10800,14400,11100.0;11400.0;11700.0;12000.0;12300.0;12600.0;12900.0;13200.0;13500.0;13800.0;14100.0;14400.0
14400,800,total_u_w_flux,0,Face,m^2 s^-2,equal_mean_of_12_instantaneous_profiles,10800,14400,11100.0;11400.0;11700.0;12000.0;12300.0;12600.0;12900.0;13200.0;13500.0;13800.0;14100.0;14400.0
14400,0,total_v_w_flux,0.0035762922683109841,Face,m^2 s^-2,equal_mean_of_12_instantaneous_profiles,10800,14400,11100.0;11400.0;11700.0;12000.0;12300.0;12600.0;12900.0;13200.0;13500.0;13800.0;14100.0;14400.0
14400,12.5,total_v_w_flux,-0.00010760744453364168,Face,m^2 s^-2,equal_mean_of_12_instantaneous_profiles,10800,14400,11100.0;11400.0;11700.0;12000.0;12300.0;12600.0;12900.0;13200.0;13500.0;13800.0;14100.0;14400.0
14400,25,total_v_w_flux,-0.0028529366827569902,Face,m^2 s^-2,equal_mean_of_12_instantaneous_profiles,10800,14400,11100.0;11400.0;11700.0;12000.0;12300.0;12600.0;12900.0;13200.0;13500.0;13800.0;14100.0;14400.0
14400,37.5,total_v_w_flux,-0.0027169594735217593,Face,m^2 s^-2,equal_mean_of_12_instantaneous_profiles,10800,14400,11100.0;11400.0;11700.0;12000.0;12300.0;12600.0;12900.0;13200.0;13500.0;13800.0;14100.0;14400.0
14400,50,total_v_w_flux,-0.0050811679102480412,Face,m^2 s^-2,equal_mean_of_12_instantaneous_profiles,10800,14400,11100.0;11400.0;11700.0;12000.0;12300.0;12600.0;12900.0;13200.0;13500.0;13800.0;14100.0;14400.0
14400,62.5,total_v_w_flux,-0.0046688784883978469,Face,m^2 s^-2,equal_mean_of_12_instantaneous_profiles,10800,14400,11100.0;11400.0;11700.0;12000.0;12300.0;12600.0;12900.0;13200.0;13500.0;13800.0;14100.0;14400.0
14400,75,total_v_w_flux,-0.0036399431313232831,Face,m^2 s^-2,equal_mean_of_12_instantaneous_profiles,10800,14400,11100.0;11400.0;11700.0;12000.0;12300.0;12600.0;12900.0;13200.0;13500.0;13800.0;14100.0;14400.0
14400,87.5,total_v_w_flux,-0.0023488000054688505,Face,m^2 s^-2,equal_mean_of_12_instantaneous_profiles,10800,14400,11100.0;11400.0;11700.0;12000.0;12300.0;12600.0;12900.0;13200.0;13500.0;13800.0;14100.0;14400.0
14400,100,total_v_w_flux,-0.001665233685343992,Face,m^2 s^-2,equal_mean_of_12_instantaneous_profiles,10800,14400,11100.0;11400.0;11700.0;12000.0;12300.0;12600.0;12900.0;13200.0;13500.0;13800.0;14100.0;14400.0
14400,112.5,total_v_w_flux,-0.0013143666995650467,Face,m^2 s^-2,equal_mean_of_12_instantaneous_profiles,10800,14400,11100.0;11400.0;11700.0;12000.0;12300.0;12600.0;12900.0;13200.0;13500.0;13800.0;14100.0;14400.0
14400,125,total_v_w_flux,-0.00097376695096803212,Face,m^2 s^-2,equal_mean_of_12_instantaneous_profiles,10800,14400,11100.0;11400.0;11700.0;12000.0;12300.0;12600.0;12900.0;13200.0;13500.0;13800.0;14100.0;14400.0
14400,137.5,total_v_w_flux,-0.00074091422720812261,Face,m^2 s^-2,equal_mean_of_12_instantaneous_profiles,10800,14400,11100.0;11400.0;11700.0;12000.0;12300.0;12600.0;12900.0;13200.0;13500.0;13800.0;14100.0;14400.0
14400,150,total_v_w_flux,-0.00080477271815955953,Face,m^2 s^-2,equal_mean_of_12_instantaneous_profiles,10800,14400,11100.0;11400.0;11700.0;12000.0;12300.0;12600.0;12900.0;13200.0;13500.0;13800.0;14100.0;14400.0
14400,162.5,total_v_w_flux,-0.00044670231606384431,Face,m^2 s^-2,equal_mean_of_12_instantaneous_profiles,10800,14400,11100.0;11400.0;11700.0;12000.0;12300.0;12600.0;12900.0;13200.0;13500.0;13800.0;14100.0;14400.0
14400,175,total_v_w_flux,-0.00012070496844292695,Face,m^2 s^-2,equal_mean_of_12_instantaneous_profiles,10800,14400,11100.0;11400.0;11700.0;12000.0;12300.0;12600.0;12900.0;13200.0;13500.0;13800.0;14100.0;14400.0
14400,187.5,total_v_w_flux,-0.00010571517941571074,Face,m^2 s^-2,equal_mean_of_12_instantaneous_profiles,10800,14400,11100.0;11400.0;11700.0;12000.0;12300.0;12600.0;12900.0;13200.0;13500.0;13800.0;14100.0;14400.0
14400,200,total_v_w_flux,-0.00010545938130235299,Face,m^2 s^-2,equal_mean_of_12_instantaneous_profiles,10800,14400,11100.0;11400.0;11700.0;12000.0;12300.0;12600.0;12900.0;13200.0;13500.0;13800.0;14100.0;14400.0
14400,212.5,total_v_w_flux,-2.694779307906477e-05,Face,m^2 s^-2,equal_mean_of_12_instantaneous_profiles,10800,14400,11100.0;11400.0;11700.0;12000.0;12300.0;12600.0;12900.0;13200.0;13500.0;13800.0;14100.0;14400.0
14400,225,total_v_w_flux,-2.2242441067040392e-05,Face,m^2 s^-2,equal_mean_of_12_instantaneous_profiles,10800,14400,11100.0;11400.0;11700.0;12000.0;12300.0;12600.0;12900.0;13200.0;13500.0;13800.0;14100.0;14400.0
14400,237.5,total_v_w_flux,-1.5227095294297518e-05,Face,m^2 s^-2,equal_mean_of_12_instantaneous_profiles,10800,14400,11100.0;11400.0;11700.0;12000.0;12300.0;12600.0;12900.0;13200.0;13500.0;13800.0;14100.0;14400.0
14400,250,total_v_w_flux,-1.6217553517587174e-05,Face,m^2 s^-2,equal_mean_of_12_instantaneous_profiles,10800,14400,11100.0;11400.0;11700.0;12000.0;12300.0;12600.0;12900.0;13200.0;13500.0;13800.0;14100.0;14400.0
14400,262.5,total_v_w_flux,-1.5232378549020117e-05,Face,m^2 s^-2,equal_mean_of_12_instantaneous_profiles,10800,14400,11100.0;11400.0;11700.0;12000.0;12300.0;12600.0;12900.0;13200.0;13500.0;13800.0;14100.0;14400.0
14400,275,total_v_w_flux,-1.0183414152227973e-05,Face,m^2 s^-2,equal_mean_of_12_instantaneous_profiles,10800,14400,11100.0;11400.0;11700.0;12000.0;12300.0;12600.0;12900.0;13200.0;13500.0;13800.0;14100.0;14400.0
14400,287.5,total_v_w_flux,-6.2464371097803451e-06,Face,m^2 s^-2,equal_mean_of_12_instantaneous_profiles,10800,14400,11100.0;11400.0;11700.0;12000.0;12300.0;12600.0;12900.0;13200.0;13500.0;13800.0;14100.0;14400.0
14400,300,total_v_w_flux,-4.543650135246935e-06,Face,m^2 s^-2,equal_mean_of_12_instantaneous_profiles,10800,14400,11100.0;11400.0;11700.0;12000.0;12300.0;12600.0;12900.0;13200.0;13500.0;13800.0;14100.0;14400.0
14400,312.5,total_v_w_flux,-5.2779474515318725e-06,Face,m^2 s^-2,equal_mean_of_12_instantaneous_profiles,10800,14400,11100.0;11400.0;11700.0;12000.0;12300.0;12600.0;12900.0;13200.0;13500.0;13800.0;14100.0;14400.0
14400,325,total_v_w_flux,-5.58287409546665e-06,Face,m^2 s^-2,equal_mean_of_12_instantaneous_profiles,10800,14400,11100.0;11400.0;11700.0;12000.0;12300.0;12600.0;12900.0;13200.0;13500.0;13800.0;14100.0;14400.0
14400,337.5,total_v_w_flux,-4.5801304319563014e-06,Face,m^2 s^-2,equal_mean_of_12_instantaneous_profiles,10800,14400,11100.0;11400.0;11700.0;12000.0;12300.0;12600.0;12900.0;13200.0;13500.0;13800.0;14100.0;14400.0
14400,350,total_v_w_flux,-3.4793333038389087e-06,Face,m^2 s^-2,equal_mean_of_12_instantaneous_profiles,10800,14400,11100.0;11400.0;11700.0;12000.0;12300.0;12600.0;12900.0;13200.0;13500.0;13800.0;14100.0;14400.0
14400,362.5,total_v_w_flux,-2.6623371619886407e-06,Face,m^2 s^-2,equal_mean_of_12_instantaneous_profiles,10800,14400,11100.0;11400.0;11700.0;12000.0;12300.0;12600.0;12900.0;13200.0;13500.0;13800.0;14100.0;14400.0
14400,375,total_v_w_flux,-2.0746059684976594e-06,Face,m^2 s^-2,equal_mean_of_12_instantaneous_profiles,10800,14400,11100.0;11400.0;11700.0;12000.0;12300.0;12600.0;12900.0;13200.0;13500.0;13800.0;14100.0;14400.0
14400,387.5,total_v_w_flux,-1.4408412406889208e-06,Face,m^2 s^-2,equal_mean_of_12_instantaneous_profiles,10800,14400,11100.0;11400.0;11700.0;12000.0;12300.0;12600.0;12900.0;13200.0;13500.0;13800.0;14100.0;14400.0
14400,400,total_v_w_flux,-1.1653665505188353e-06,Face,m^2 s^-2,equal_mean_of_12_instantaneous_profiles,10800,14400,11100.0;11400.0;11700.0;12000.0;12300.0;12600.0;12900.0;13200.0;13500.0;13800.0;14100.0;14400.0
14400,412.5,total_v_w_flux,-1.1491037644380715e-06,Face,m^2 s^-2,equal_mean_of_12_instantaneous_profiles,10800,14400,11100.0;11400.0;11700.0;12000.0;12300.0;12600.0;12900.0;13200.0;13500.0;13800.0;14100.0;14400.0
14400,425,total_v_w_flux,-9.9370185324687554e-07,Face,m^2 s^-2,equal_mean_of_12_instantaneous_profiles,10800,14400,11100.0;11400.0;11700.0;12000.0;12300.0;12600.0;12900.0;13200.0;13500.0;13800.0;14100.0;14400.0
14400,437.5,total_v_w_flux,-1.9850781995955913e-07,Face,m^2 s^-2,equal_mean_of_12_instantaneous_profiles,10800,14400,11100.0;11400.0;11700.0;12000.0;12300.0;12600.0;12900.0;13200.0;13500.0;13800.0;14100.0;14400.0
14400,450,total_v_w_flux,2.6687805150989635e-07,Face,m^2 s^-2,equal_mean_of_12_instantaneous_profiles,10800,14400,11100.0;11400.0;11700.0;12000.0;12300.0;12600.0;12900.0;13200.0;13500.0;13800.0;14100.0;14400.0
14400,462.5,total_v_w_flux,1.1378566947920869e-07,Face,m^2 s^-2,equal_mean_of_12_instantaneous_profiles,10800,14400,11100.0;11400.0;11700.0;12000.0;12300.0;12600.0;12900.0;13200.0;13500.0;13800.0;14100.0;14400.0
14400,475,total_v_w_flux,1.1998169687406819e-06,Face,m^2 s^-2,equal_mean_of_12_instantaneous_profiles,10800,14400,11100.0;11400.0;11700.0;12000.0;12300.0;12600.0;12900.0;13200.0;13500.0;13800.0;14100.0;14400.0
14400,487.5,total_v_w_flux,2.499110659452223e-06,Face,m^2 s^-2,equal_mean_of_12_instantaneous_profiles,10800,14400,11100.0;11400.0;11700.0;12000.0;12300.0;12600.0;12900.0;13200.0;13500.0;13800.0;14100.0;14400.0
14400,500,total_v_w_flux,1.1505491954721947e-06,Face,m^2 s^-2,equal_mean_of_12_instantaneous_profiles,10800,14400,11100.0;11400.0;11700.0;12000.0;12300.0;12600.0;12900.0;13200.0;13500.0;13800.0;14100.0;14400.0
14400,512.5,total_v_w_flux,3.3181021308337222e-07,Face,m^2 s^-2,equal_mean_of_12_instantaneous_profiles,10800,14400,11100.0;11400.0;11700.0;12000.0;12300.0;12600.0;12900.0;13200.0;13500.0;13800.0;14100.0;14400.0
14400,525,total_v_w_flux,7.3368143678938702e-07,Face,m^2 s^-2,equal_mean_of_12_instantaneous_profiles,10800,14400,11100.0;11400.0;11700.0;12000.0;12300.0;12600.0;12900.0;13200.0;13500.0;13800.0;14100.0;14400.0
14400,537.5,total_v_w_flux,8.1677082638028275e-07,Face,m^2 s^-2,equal_mean_of_12_instantaneous_profiles,10800,14400,11100.0;11400.0;11700.0;12000.0;12300.0;12600.0;12900.0;13200.0;13500.0;13800.0;14100.0;14400.0
14400,550,total_v_w_flux,-1.5151350680753239e-06,Face,m^2 s^-2,equal_mean_of_12_instantaneous_profiles,10800,14400,11100.0;11400.0;11700.0;12000.0;12300.0;12600.0;12900.0;13200.0;13500.0;13800.0;14100.0;14400.0
14400,562.5,total_v_w_flux,3.0954845442465739e-07,Face,m^2 s^-2,equal_mean_of_12_instantaneous_profiles,10800,14400,11100.0;11400.0;11700.0;12000.0;12300.0;12600.0;12900.0;13200.0;13500.0;13800.0;14100.0;14400.0
14400,575,total_v_w_flux,7.0776733688641498e-06,Face,m^2 s^-2,equal_mean_of_12_instantaneous_profiles,10800,14400,11100.0;11400.0;11700.0;12000.0;12300.0;12600.0;12900.0;13200.0;13500.0;13800.0;14100.0;14400.0
14400,587.5,total_v_w_flux,1.3932788912522179e-05,Face,m^2 s^-2,equal_mean_of_12_instantaneous_profiles,10800,14400,11100.0;11400.0;11700.0;12000.0;12300.0;12600.0;12900.0;13200.0;13500.0;13800.0;14100.0;14400.0
14400,600,total_v_w_flux,3.4032687002157523e-05,Face,m^2 s^-2,equal_mean_of_12_instantaneous_profiles,10800,14400,11100.0;11400.0;11700.0;12000.0;12300.0;12600.0;12900.0;13200.0;13500.0;13800.0;14100.0;14400.0
14400,612.5,total_v_w_flux,0.00014272537252206044,Face,m^2 s^-2,equal_mean_of_12_instantaneous_profiles,10800,14400,11100.0;11400.0;11700.0;12000.0;12300.0;12600.0;12900.0;13200.0;13500.0;13800.0;14100.0;14400.0
14400,625,total_v_w_flux,0.00033220733773002092,Face,m^2 s^-2,equal_mean_of_12_instantaneous_profiles,10800,14400,11100.0;11400.0;11700.0;12000.0;12300.0;12600.0;12900.0;13200.0;13500.0;13800.0;14100.0;14400.0
14400,637.5,total_v_w_flux,0.00049771932147753739,Face,m^2 s^-2,equal_mean_of_12_instantaneous_profiles,10800,14400,11100.0;11400.0;11700.0;12000.0;12300.0;12600.0;12900.0;13200.0;13500.0;13800.0;14100.0;14400.0
14400,650,total_v_w_flux,0.00066272786352783442,Face,m^2 s^-2,equal_mean_of_12_instantaneous_profiles,10800,14400,11100.0;11400.0;11700.0;12000.0;12300.0;12600.0;12900.0;13200.0;13500.0;13800.0;14100.0;14400.0
14400,662.5,total_v_w_flux,0.00074472638031390182,Face,m^2 s^-2,equal_mean_of_12_instantaneous_profiles,10800,14400,11100.0;11400.0;11700.0;12000.0;12300.0;12600.0;12900.0;13200.0;13500.0;13800.0;14100.0;14400.0
14400,675,total_v_w_flux,0.00072904034216965863,Face,m^2 s^-2,equal_mean_of_12_instantaneous_profiles,10800,14400,11100.0;11400.0;11700.0;12000.0;12300.0;12600.0;12900.0;13200.0;13500.0;13800.0;14100.0;14400.0
14400,687.5,total_v_w_flux,0.00070147199342803412,Face,m^2 s^-2,equal_mean_of_12_instantaneous_profiles,10800,14400,11100.0;11400.0;11700.0;12000.0;12300.0;12600.0;12900.0;13200.0;13500.0;13800.0;14100.0;14400.0
14400,700,total_v_w_flux,0.00054543932734911016,Face,m^2 s^-2,equal_mean_of_12_instantaneous_profiles,10800,14400,11100.0;11400.0;11700.0;12000.0;12300.0;12600.0;12900.0;13200.0;13500.0;13800.0;14100.0;14400.0
14400,712.5,total_v_w_flux,0.00029489235870035674,Face,m^2 s^-2,equal_mean_of_12_instantaneous_profiles,10800,14400,11100.0;11400.0;11700.0;12000.0;12300.0;12600.0;12900.0;13200.0;13500.0;13800.0;14100.0;14400.0
14400,725,total_v_w_flux,0.00012769584164592138,Face,m^2 s^-2,equal_mean_of_12_instantaneous_profiles,10800,14400,11100.0;11400.0;11700.0;12000.0;12300.0;12600.0;12900.0;13200.0;13500.0;13800.0;14100.0;14400.0
14400,737.5,total_v_w_flux,4.453522842595703e-05,Face,m^2 s^-2,equal_mean_of_12_instantaneous_profiles,10800,14400,11100.0;11400.0;11700.0;12000.0;12300.0;12600.0;12900.0;13200.0;13500.0;13800.0;14100.0;14400.0
14400,750,total_v_w_flux,1.4434772992899525e-05,Face,m^2 s^-2,equal_mean_of_12_instantaneous_profiles,10800,14400,11100.0;11400.0;11700.0;12000.0;12300.0;12600.0;12900.0;13200.0;13500.0;13800.0;14100.0;14400.0
14400,762.5,total_v_w_flux,4.3347911287128227e-06,Face,m^2 s^-2,equal_mean_of_12_instantaneous_profiles,10800,14400,11100.0;11400.0;11700.0;12000.0;12300.0;12600.0;12900.0;13200.0;13500.0;13800.0;14100.0;14400.0
14400,775,total_v_w_flux,1.4699502060011582e-06,Face,m^2 s^-2,equal_mean_of_12_instantaneous_profiles,10800,14400,11100.0;11400.0;11700.0;12000.0;12300.0;12600.0;12900.0;13200.0;13500.0;13800.0;14100.0;14400.0
14400,787.5,total_v_w_flux,-9.1762410647788784e-07,Face,m^2 s^-2,equal_mean_of_12_instantaneous_profiles,10800,14400,11100.0;11400.0;11700.0;12000.0;12300.0;12600.0;12900.0;13200.0;13500.0;13800.0;14100.0;14400.0
14400,800,total_v_w_flux,0,Face,m^2 s^-2,equal_mean_of_12_instantaneous_profiles,10800,14400,11100.0;11400.0;11700.0;12000.0;12300.0;12600.0;12900.0;13200.0;13500.0;13800.0;14100.0;14400.0
14400,0,total_w_q_flux,1.0299231831822908e-06,Face,m s^-1,equal_mean_of_12_instantaneous_profiles,10800,14400,11100.0;11400.0;11700.0;12000.0;12300.0;12600.0;12900.0;13200.0;13500.0;13800.0;14100.0;14400.0
14400,12.5,total_w_q_flux,1.0764950436244665e-06,Face,m s^-1,equal_mean_of_12_instantaneous_profiles,10800,14400,11100.0;11400.0;11700.0;12000.0;12300.0;12600.0;12900.0;13200.0;13500.0;13800.0;14100.0;14400.0
14400,25,total_w_q_flux,1.2509067156922053e-06,Face,m s^-1,equal_mean_of_12_instantaneous_profiles,10800,14400,11100.0;11400.0;11700.0;12000.0;12300.0;12600.0;12900.0;13200.0;13500.0;13800.0;14100.0;14400.0
14400,37.5,total_w_q_flux,5.9032196257173075e-07,Face,m s^-1,equal_mean_of_12_instantaneous_profiles,10800,14400,11100.0;11400.0;11700.0;12000.0;12300.0;12600.0;12900.0;13200.0;13500.0;13800.0;14100.0;14400.0
14400,50,total_w_q_flux,1.0088858365027893e-06,Face,m s^-1,equal_mean_of_12_instantaneous_profiles,10800,14400,11100.0;11400.0;11700.0;12000.0;12300.0;12600.0;12900.0;13200.0;13500.0;13800.0;14100.0;14400.0
14400,62.5,total_w_q_flux,8.6290460406720137e-07,Face,m s^-1,equal_mean_of_12_instantaneous_profiles,10800,14400,11100.0;11400.0;11700.0;12000.0;12300.0;12600.0;12900.0;13200.0;13500.0;13800.0;14100.0;14400.0
14400,75,total_w_q_flux,5.8673180388287471e-07,Face,m s^-1,equal_mean_of_12_instantaneous_profiles,10800,14400,11100.0;11400.0;11700.0;12000.0;12300.0;12600.0;12900.0;13200.0;13500.0;13800.0;14100.0;14400.0
14400,87.5,total_w_q_flux,3.426672113467551e-07,Face,m s^-1,equal_mean_of_12_instantaneous_profiles,10800,14400,11100.0;11400.0;11700.0;12000.0;12300.0;12600.0;12900.0;13200.0;13500.0;13800.0;14100.0;14400.0
14400,100,total_w_q_flux,2.5440189096078331e-07,Face,m s^-1,equal_mean_of_12_instantaneous_profiles,10800,14400,11100.0;11400.0;11700.0;12000.0;12300.0;12600.0;12900.0;13200.0;13500.0;13800.0;14100.0;14400.0
14400,112.5,total_w_q_flux,2.0085214883872973e-07,Face,m s^-1,equal_mean_of_12_instantaneous_profiles,10800,14400,11100.0;11400.0;11700.0;12000.0;12300.0;12600.0;12900.0;13200.0;13500.0;13800.0;14100.0;14400.0
14400,125,total_w_q_flux,1.4948009881739685e-07,Face,m s^-1,equal_mean_of_12_instantaneous_profiles,10800,14400,11100.0;11400.0;11700.0;12000.0;12300.0;12600.0;12900.0;13200.0;13500.0;13800.0;14100.0;14400.0
14400,137.5,total_w_q_flux,1.3398520456083438e-07,Face,m s^-1,equal_mean_of_12_instantaneous_profiles,10800,14400,11100.0;11400.0;11700.0;12000.0;12300.0;12600.0;12900.0;13200.0;13500.0;13800.0;14100.0;14400.0
14400,150,total_w_q_flux,2.0614781940745766e-07,Face,m s^-1,equal_mean_of_12_instantaneous_profiles,10800,14400,11100.0;11400.0;11700.0;12000.0;12300.0;12600.0;12900.0;13200.0;13500.0;13800.0;14100.0;14400.0
14400,162.5,total_w_q_flux,1.9848652144105472e-07,Face,m s^-1,equal_mean_of_12_instantaneous_profiles,10800,14400,11100.0;11400.0;11700.0;12000.0;12300.0;12600.0;12900.0;13200.0;13500.0;13800.0;14100.0;14400.0
14400,175,total_w_q_flux,8.399954332105608e-08,Face,m s^-1,equal_mean_of_12_instantaneous_profiles,10800,14400,11100.0;11400.0;11700.0;12000.0;12300.0;12600.0;12900.0;13200.0;13500.0;13800.0;14100.0;14400.0
14400,187.5,total_w_q_flux,1.4261197556209027e-08,Face,m s^-1,equal_mean_of_12_instantaneous_profiles,10800,14400,11100.0;11400.0;11700.0;12000.0;12300.0;12600.0;12900.0;13200.0;13500.0;13800.0;14100.0;14400.0
14400,200,total_w_q_flux,-3.2345732536853689e-08,Face,m s^-1,equal_mean_of_12_instantaneous_profiles,10800,14400,11100.0;11400.0;11700.0;12000.0;12300.0;12600.0;12900.0;13200.0;13500.0;13800.0;14100.0;14400.0
14400,212.5,total_w_q_flux,-3.5899462661840667e-09,Face,m s^-1,equal_mean_of_12_instantaneous_profiles,10800,14400,11100.0;11400.0;11700.0;12000.0;12300.0;12600.0;12900.0;13200.0;13500.0;13800.0;14100.0;14400.0
14400,225,total_w_q_flux,-5.5012887763735329e-10,Face,m s^-1,equal_mean_of_12_instantaneous_profiles,10800,14400,11100.0;11400.0;11700.0;12000.0;12300.0;12600.0;12900.0;13200.0;13500.0;13800.0;14100.0;14400.0
14400,237.5,total_w_q_flux,5.4670623583774614e-10,Face,m s^-1,equal_mean_of_12_instantaneous_profiles,10800,14400,11100.0;11400.0;11700.0;12000.0;12300.0;12600.0;12900.0;13200.0;13500.0;13800.0;14100.0;14400.0
14400,250,total_w_q_flux,2.5339626808877174e-11,Face,m s^-1,equal_mean_of_12_instantaneous_profiles,10800,14400,11100.0;11400.0;11700.0;12000.0;12300.0;12600.0;12900.0;13200.0;13500.0;13800.0;14100.0;14400.0
14400,262.5,total_w_q_flux,-3.6845094683601864e-11,Face,m s^-1,equal_mean_of_12_instantaneous_profiles,10800,14400,11100.0;11400.0;11700.0;12000.0;12300.0;12600.0;12900.0;13200.0;13500.0;13800.0;14100.0;14400.0
14400,275,total_w_q_flux,3.7681870066382422e-12,Face,m s^-1,equal_mean_of_12_instantaneous_profiles,10800,14400,11100.0;11400.0;11700.0;12000.0;12300.0;12600.0;12900.0;13200.0;13500.0;13800.0;14100.0;14400.0
14400,287.5,total_w_q_flux,-4.0527584182122505e-12,Face,m s^-1,equal_mean_of_12_instantaneous_profiles,10800,14400,11100.0;11400.0;11700.0;12000.0;12300.0;12600.0;12900.0;13200.0;13500.0;13800.0;14100.0;14400.0
14400,300,total_w_q_flux,-5.9717115692518863e-12,Face,m s^-1,equal_mean_of_12_instantaneous_profiles,10800,14400,11100.0;11400.0;11700.0;12000.0;12300.0;12600.0;12900.0;13200.0;13500.0;13800.0;14100.0;14400.0
14400,312.5,total_w_q_flux,-1.3435142755258145e-12,Face,m s^-1,equal_mean_of_12_instantaneous_profiles,10800,14400,11100.0;11400.0;11700.0;12000.0;12300.0;12600.0;12900.0;13200.0;13500.0;13800.0;14100.0;14400.0
14400,325,total_w_q_flux,-3.3469326304938021e-12,Face,m s^-1,equal_mean_of_12_instantaneous_profiles,10800,14400,11100.0;11400.0;11700.0;12000.0;12300.0;12600.0;12900.0;13200.0;13500.0;13800.0;14100.0;14400.0
14400,337.5,total_w_q_flux,-3.0325973756200699e-12,Face,m s^-1,equal_mean_of_12_instantaneous_profiles,10800,14400,11100.0;11400.0;11700.0;12000.0;12300.0;12600.0;12900.0;13200.0;13500.0;13800.0;14100.0;14400.0
14400,350,total_w_q_flux,-2.352104802883411e-12,Face,m s^-1,equal_mean_of_12_instantaneous_profiles,10800,14400,11100.0;11400.0;11700.0;12000.0;12300.0;12600.0;12900.0;13200.0;13500.0;13800.0;14100.0;14400.0
14400,362.5,total_w_q_flux,-6.6082545251838765e-13,Face,m s^-1,equal_mean_of_12_instantaneous_profiles,10800,14400,11100.0;11400.0;11700.0;12000.0;12300.0;12600.0;12900.0;13200.0;13500.0;13800.0;14100.0;14400.0
14400,375,total_w_q_flux,-8.4554352451984838e-14,Face,m s^-1,equal_mean_of_12_instantaneous_profiles,10800,14400,11100.0;11400.0;11700.0;12000.0;12300.0;12600.0;12900.0;13200.0;13500.0;13800.0;14100.0;14400.0
14400,387.5,total_w_q_flux,5.9119266059944172e-13,Face,m s^-1,equal_mean_of_12_instantaneous_profiles,10800,14400,11100.0;11400.0;11700.0;12000.0;12300.0;12600.0;12900.0;13200.0;13500.0;13800.0;14100.0;14400.0
14400,400,total_w_q_flux,-3.044070710199927e-13,Face,m s^-1,equal_mean_of_12_instantaneous_profiles,10800,14400,11100.0;11400.0;11700.0;12000.0;12300.0;12600.0;12900.0;13200.0;13500.0;13800.0;14100.0;14400.0
14400,412.5,total_w_q_flux,-1.8221577494844745e-12,Face,m s^-1,equal_mean_of_12_instantaneous_profiles,10800,14400,11100.0;11400.0;11700.0;12000.0;12300.0;12600.0;12900.0;13200.0;13500.0;13800.0;14100.0;14400.0
14400,425,total_w_q_flux,-2.853953943830756e-12,Face,m s^-1,equal_mean_of_12_instantaneous_profiles,10800,14400,11100.0;11400.0;11700.0;12000.0;12300.0;12600.0;12900.0;13200.0;13500.0;13800.0;14100.0;14400.0
14400,437.5,total_w_q_flux,1.7941804003144639e-12,Face,m s^-1,equal_mean_of_12_instantaneous_profiles,10800,14400,11100.0;11400.0;11700.0;12000.0;12300.0;12600.0;12900.0;13200.0;13500.0;13800.0;14100.0;14400.0
14400,450,total_w_q_flux,4.6617168603333793e-11,Face,m s^-1,equal_mean_of_12_instantaneous_profiles,10800,14400,11100.0;11400.0;11700.0;12000.0;12300.0;12600.0;12900.0;13200.0;13500.0;13800.0;14100.0;14400.0
14400,462.5,total_w_q_flux,1.6991139166940469e-10,Face,m s^-1,equal_mean_of_12_instantaneous_profiles,10800,14400,11100.0;11400.0;11700.0;12000.0;12300.0;12600.0;12900.0;13200.0;13500.0;13800.0;14100.0;14400.0
14400,475,total_w_q_flux,8.1374108377533594e-10,Face,m s^-1,equal_mean_of_12_instantaneous_profiles,10800,14400,11100.0;11400.0;11700.0;12000.0;12300.0;12600.0;12900.0;13200.0;13500.0;13800.0;14100.0;14400.0
14400,487.5,total_w_q_flux,1.4475495709505755e-09,Face,m s^-1,equal_mean_of_12_instantaneous_profiles,10800,14400,11100.0;11400.0;11700.0;12000.0;12300.0;12600.0;12900.0;13200.0;13500.0;13800.0;14100.0;14400.0
14400,500,total_w_q_flux,9.2212628273931807e-10,Face,m s^-1,equal_mean_of_12_instantaneous_profiles,10800,14400,11100.0;11400.0;11700.0;12000.0;12300.0;12600.0;12900.0;13200.0;13500.0;13800.0;14100.0;14400.0
14400,512.5,total_w_q_flux,8.9989285005180142e-10,Face,m s^-1,equal_mean_of_12_instantaneous_profiles,10800,14400,11100.0;11400.0;11700.0;12000.0;12300.0;12600.0;12900.0;13200.0;13500.0;13800.0;14100.0;14400.0
14400,525,total_w_q_flux,3.9212400456308433e-10,Face,m s^-1,equal_mean_of_12_instantaneous_profiles,10800,14400,11100.0;11400.0;11700.0;12000.0;12300.0;12600.0;12900.0;13200.0;13500.0;13800.0;14100.0;14400.0
14400,537.5,total_w_q_flux,5.354064428498654e-11,Face,m s^-1,equal_mean_of_12_instantaneous_profiles,10800,14400,11100.0;11400.0;11700.0;12000.0;12300.0;12600.0;12900.0;13200.0;13500.0;13800.0;14100.0;14400.0
14400,550,total_w_q_flux,-1.8800146046419702e-11,Face,m s^-1,equal_mean_of_12_instantaneous_profiles,10800,14400,11100.0;11400.0;11700.0;12000.0;12300.0;12600.0;12900.0;13200.0;13500.0;13800.0;14100.0;14400.0
14400,562.5,total_w_q_flux,3.3040494530160261e-12,Face,m s^-1,equal_mean_of_12_instantaneous_profiles,10800,14400,11100.0;11400.0;11700.0;12000.0;12300.0;12600.0;12900.0;13200.0;13500.0;13800.0;14100.0;14400.0
14400,575,total_w_q_flux,-5.4702120292950589e-12,Face,m s^-1,equal_mean_of_12_instantaneous_profiles,10800,14400,11100.0;11400.0;11700.0;12000.0;12300.0;12600.0;12900.0;13200.0;13500.0;13800.0;14100.0;14400.0
14400,587.5,total_w_q_flux,-3.9549768552730548e-11,Face,m s^-1,equal_mean_of_12_instantaneous_profiles,10800,14400,11100.0;11400.0;11700.0;12000.0;12300.0;12600.0;12900.0;13200.0;13500.0;13800.0;14100.0;14400.0
14400,600,total_w_q_flux,-2.5978380615669188e-11,Face,m s^-1,equal_mean_of_12_instantaneous_profiles,10800,14400,11100.0;11400.0;11700.0;12000.0;12300.0;12600.0;12900.0;13200.0;13500.0;13800.0;14100.0;14400.0
14400,612.5,total_w_q_flux,-1.9538470179877171e-11,Face,m s^-1,equal_mean_of_12_instantaneous_profiles,10800,14400,11100.0;11400.0;11700.0;12000.0;12300.0;12600.0;12900.0;13200.0;13500.0;13800.0;14100.0;14400.0
14400,625,total_w_q_flux,-8.3153163084181743e-12,Face,m s^-1,equal_mean_of_12_instantaneous_profiles,10800,14400,11100.0;11400.0;11700.0;12000.0;12300.0;12600.0;12900.0;13200.0;13500.0;13800.0;14100.0;14400.0
14400,637.5,total_w_q_flux,3.7674491853758228e-11,Face,m s^-1,equal_mean_of_12_instantaneous_profiles,10800,14400,11100.0;11400.0;11700.0;12000.0;12300.0;12600.0;12900.0;13200.0;13500.0;13800.0;14100.0;14400.0
14400,650,total_w_q_flux,5.8679398218357729e-11,Face,m s^-1,equal_mean_of_12_instantaneous_profiles,10800,14400,11100.0;11400.0;11700.0;12000.0;12300.0;12600.0;12900.0;13200.0;13500.0;13800.0;14100.0;14400.0
14400,662.5,total_w_q_flux,1.9087784087698512e-11,Face,m s^-1,equal_mean_of_12_instantaneous_profiles,10800,14400,11100.0;11400.0;11700.0;12000.0;12300.0;12600.0;12900.0;13200.0;13500.0;13800.0;14100.0;14400.0
14400,675,total_w_q_flux,-3.5874283867605903e-11,Face,m s^-1,equal_mean_of_12_instantaneous_profiles,10800,14400,11100.0;11400.0;11700.0;12000.0;12300.0;12600.0;12900.0;13200.0;13500.0;13800.0;14100.0;14400.0
14400,687.5,total_w_q_flux,-9.1057272543863351e-11,Face,m s^-1,equal_mean_of_12_instantaneous_profiles,10800,14400,11100.0;11400.0;11700.0;12000.0;12300.0;12600.0;12900.0;13200.0;13500.0;13800.0;14100.0;14400.0
14400,700,total_w_q_flux,-1.0672598800091453e-10,Face,m s^-1,equal_mean_of_12_instantaneous_profiles,10800,14400,11100.0;11400.0;11700.0;12000.0;12300.0;12600.0;12900.0;13200.0;13500.0;13800.0;14100.0;14400.0
14400,712.5,total_w_q_flux,-7.0320711348844281e-11,Face,m s^-1,equal_mean_of_12_instantaneous_profiles,10800,14400,11100.0;11400.0;11700.0;12000.0;12300.0;12600.0;12900.0;13200.0;13500.0;13800.0;14100.0;14400.0
14400,725,total_w_q_flux,-1.7767725297411958e-11,Face,m s^-1,equal_mean_of_12_instantaneous_profiles,10800,14400,11100.0;11400.0;11700.0;12000.0;12300.0;12600.0;12900.0;13200.0;13500.0;13800.0;14100.0;14400.0
14400,737.5,total_w_q_flux,-8.4399872615943672e-12,Face,m s^-1,equal_mean_of_12_instantaneous_profiles,10800,14400,11100.0;11400.0;11700.0;12000.0;12300.0;12600.0;12900.0;13200.0;13500.0;13800.0;14100.0;14400.0
14400,750,total_w_q_flux,-8.2846649823951433e-12,Face,m s^-1,equal_mean_of_12_instantaneous_profiles,10800,14400,11100.0;11400.0;11700.0;12000.0;12300.0;12600.0;12900.0;13200.0;13500.0;13800.0;14100.0;14400.0
14400,762.5,total_w_q_flux,2.3014319670919964e-12,Face,m s^-1,equal_mean_of_12_instantaneous_profiles,10800,14400,11100.0;11400.0;11700.0;12000.0;12300.0;12600.0;12900.0;13200.0;13500.0;13800.0;14100.0;14400.0
14400,775,total_w_q_flux,3.3167180933859944e-12,Face,m s^-1,equal_mean_of_12_instantaneous_profiles,10800,14400,11100.0;11400.0;11700.0;12000.0;12300.0;12600.0;12900.0;13200.0;13500.0;13800.0;14100.0;14400.0
14400,787.5,total_w_q_flux,-1.7282046889565701e-12,Face,m s^-1,equal_mean_of_12_instantaneous_profiles,10800,14400,11100.0;11400.0;11700.0;12000.0;12300.0;12600.0;12900.0;13200.0;13500.0;13800.0;14100.0;14400.0
14400,800,total_w_q_flux,0,Face,m s^-1,equal_mean_of_12_instantaneous_profiles,10800,14400,11100.0;11400.0;11700.0;12000.0;12300.0;12600.0;12900.0;13200.0;13500.0;13800.0;14100.0;14400.0
14400,0,total_w_theta_flux,-0.019215013055751722,Face,K m s^-1,equal_mean_of_12_instantaneous_profiles,10800,14400,11100.0;11400.0;11700.0;12000.0;12300.0;12600.0;12900.0;13200.0;13500.0;13800.0;14100.0;14400.0
14400,12.5,total_w_theta_flux,-0.017436921286086243,Face,K m s^-1,equal_mean_of_12_instantaneous_profiles,10800,14400,11100.0;11400.0;11700.0;12000.0;12300.0;12600.0;12900.0;13200.0;13500.0;13800.0;14100.0;14400.0
14400,25,total_w_theta_flux,-0.015620669427638253,Face,K m s^-1,equal_mean_of_12_instantaneous_profiles,10800,14400,11100.0;11400.0;11700.0;12000.0;12300.0;12600.0;12900.0;13200.0;13500.0;13800.0;14100.0;14400.0
14400,37.5,total_w_theta_flux,-0.0058801069778079791,Face,K m s^-1,equal_mean_of_12_instantaneous_profiles,10800,14400,11100.0;11400.0;11700.0;12000.0;12300.0;12600.0;12900.0;13200.0;13500.0;13800.0;14100.0;14400.0
14400,50,total_w_theta_flux,-0.0099856320690984521,Face,K m s^-1,equal_mean_of_12_instantaneous_profiles,10800,14400,11100.0;11400.0;11700.0;12000.0;12300.0;12600.0;12900.0;13200.0;13500.0;13800.0;14100.0;14400.0
14400,62.5,total_w_theta_flux,-0.0077193824496741099,Face,K m s^-1,equal_mean_of_12_instantaneous_profiles,10800,14400,11100.0;11400.0;11700.0;12000.0;12300.0;12600.0;12900.0;13200.0;13500.0;13800.0;14100.0;14400.0
14400,75,total_w_theta_flux,-0.0046502684223620845,Face,K m s^-1,equal_mean_of_12_instantaneous_profiles,10800,14400,11100.0;11400.0;11700.0;12000.0;12300.0;12600.0;12900.0;13200.0;13500.0;13800.0;14100.0;14400.0
14400,87.5,total_w_theta_flux,-0.0025246592582940743,Face,K m s^-1,equal_mean_of_12_instantaneous_profiles,10800,14400,11100.0;11400.0;11700.0;12000.0;12300.0;12600.0;12900.0;13200.0;13500.0;13800.0;14100.0;14400.0
14400,100,total_w_theta_flux,-0.0017511306844729309,Face,K m s^-1,equal_mean_of_12_instantaneous_profiles,10800,14400,11100.0;11400.0;11700.0;12000.0;12300.0;12600.0;12900.0;13200.0;13500.0;13800.0;14100.0;14400.0
14400,112.5,total_w_theta_flux,-0.0011989884987997357,Face,K m s^-1,equal_mean_of_12_instantaneous_profiles,10800,14400,11100.0;11400.0;11700.0;12000.0;12300.0;12600.0;12900.0;13200.0;13500.0;13800.0;14100.0;14400.0
14400,125,total_w_theta_flux,-0.00082344179342423252,Face,K m s^-1,equal_mean_of_12_instantaneous_profiles,10800,14400,11100.0;11400.0;11700.0;12000.0;12300.0;12600.0;12900.0;13200.0;13500.0;13800.0;14100.0;14400.0
14400,137.5,total_w_theta_flux,-0.0006726897627231665,Face,K m s^-1,equal_mean_of_12_instantaneous_profiles,10800,14400,11100.0;11400.0;11700.0;12000.0;12300.0;12600.0;12900.0;13200.0;13500.0;13800.0;14100.0;14400.0
14400,150,total_w_theta_flux,-0.0010046155888024562,Face,K m s^-1,equal_mean_of_12_instantaneous_profiles,10800,14400,11100.0;11400.0;11700.0;12000.0;12300.0;12600.0;12900.0;13200.0;13500.0;13800.0;14100.0;14400.0
14400,162.5,total_w_theta_flux,-0.00092058641530456953,Face,K m s^-1,equal_mean_of_12_instantaneous_profiles,10800,14400,11100.0;11400.0;11700.0;12000.0;12300.0;12600.0;12900.0;13200.0;13500.0;13800.0;14100.0;14400.0
14400,175,total_w_theta_flux,-0.00036004925883995992,Face,K m s^-1,equal_mean_of_12_instantaneous_profiles,10800,14400,11100.0;11400.0;11700.0;12000.0;12300.0;12600.0;12900.0;13200.0;13500.0;13800.0;14100.0;14400.0
14400,187.5,total_w_theta_flux,-0.00012591572522069328,Face,K m s^-1,equal_mean_of_12_instantaneous_profiles,10800,14400,11100.0;11400.0;11700.0;12000.0;12300.0;12600.0;12900.0;13200.0;13500.0;13800.0;14100.0;14400.0
14400,200,total_w_theta_flux,7.8614616844182209e-05,Face,K m s^-1,equal_mean_of_12_instantaneous_profiles,10800,14400,11100.0;11400.0;11700.0;12000.0;12300.0;12600.0;12900.0;13200.0;13500.0;13800.0;14100.0;14400.0
14400,212.5,total_w_theta_flux,-5.2325022655471303e-06,Face,K m s^-1,equal_mean_of_12_instantaneous_profiles,10800,14400,11100.0;11400.0;11700.0;12000.0;12300.0;12600.0;12900.0;13200.0;13500.0;13800.0;14100.0;14400.0
14400,225,total_w_theta_flux,2.9327888645032849e-06,Face,K m s^-1,equal_mean_of_12_instantaneous_profiles,10800,14400,11100.0;11400.0;11700.0;12000.0;12300.0;12600.0;12900.0;13200.0;13500.0;13800.0;14100.0;14400.0
14400,237.5,total_w_theta_flux,2.1745932343719687e-06,Face,K m s^-1,equal_mean_of_12_instantaneous_profiles,10800,14400,11100.0;11400.0;11700.0;12000.0;12300.0;12600.0;12900.0;13200.0;13500.0;13800.0;14100.0;14400.0
14400,250,total_w_theta_flux,1.4857408909089524e-06,Face,K m s^-1,equal_mean_of_12_instantaneous_profiles,10800,14400,11100.0;11400.0;11700.0;12000.0;12300.0;12600.0;12900.0;13200.0;13500.0;13800.0;14100.0;14400.0
14400,262.5,total_w_theta_flux,1.6476126726653699e-06,Face,K m s^-1,equal_mean_of_12_instantaneous_profiles,10800,14400,11100.0;11400.0;11700.0;12000.0;12300.0;12600.0;12900.0;13200.0;13500.0;13800.0;14100.0;14400.0
14400,275,total_w_theta_flux,1.0939508475379018e-06,Face,K m s^-1,equal_mean_of_12_instantaneous_profiles,10800,14400,11100.0;11400.0;11700.0;12000.0;12300.0;12600.0;12900.0;13200.0;13500.0;13800.0;14100.0;14400.0
14400,287.5,total_w_theta_flux,4.7832184198644734e-07,Face,K m s^-1,equal_mean_of_12_instantaneous_profiles,10800,14400,11100.0;11400.0;11700.0;12000.0;12300.0;12600.0;12900.0;13200.0;13500.0;13800.0;14100.0;14400.0
14400,300,total_w_theta_flux,6.1737956968954677e-07,Face,K m s^-1,equal_mean_of_12_instantaneous_profiles,10800,14400,11100.0;11400.0;11700.0;12000.0;12300.0;12600.0;12900.0;13200.0;13500.0;13800.0;14100.0;14400.0
14400,312.5,total_w_theta_flux,8.5257678013780003e-07,Face,K m s^-1,equal_mean_of_12_instantaneous_profiles,10800,14400,11100.0;11400.0;11700.0;12000.0;12300.0;12600.0;12900.0;13200.0;13500.0;13800.0;14100.0;14400.0
14400,325,total_w_theta_flux,4.9831754841041709e-07,Face,K m s^-1,equal_mean_of_12_instantaneous_profiles,10800,14400,11100.0;11400.0;11700.0;12000.0;12300.0;12600.0;12900.0;13200.0;13500.0;13800.0;14100.0;14400.0
14400,337.5,total_w_theta_flux,2.7681864385916316e-07,Face,K m s^-1,equal_mean_of_12_instantaneous_profiles,10800,14400,11100.0;11400.0;11700.0;12000.0;12300.0;12600.0;12900.0;13200.0;13500.0;13800.0;14100.0;14400.0
14400,350,total_w_theta_flux,1.4456300808281716e-07,Face,K m s^-1,equal_mean_of_12_instantaneous_profiles,10800,14400,11100.0;11400.0;11700.0;12000.0;12300.0;12600.0;12900.0;13200.0;13500.0;13800.0;14100.0;14400.0
14400,362.5,total_w_theta_flux,-1.6803697633349657e-07,Face,K m s^-1,equal_mean_of_12_instantaneous_profiles,10800,14400,11100.0;11400.0;11700.0;12000.0;12300.0;12600.0;12900.0;13200.0;13500.0;13800.0;14100.0;14400.0
14400,375,total_w_theta_flux,-2.2734734746639637e-07,Face,K m s^-1,equal_mean_of_12_instantaneous_profiles,10800,14400,11100.0;11400.0;11700.0;12000.0;12300.0;12600.0;12900.0;13200.0;13500.0;13800.0;14100.0;14400.0
14400,387.5,total_w_theta_flux,-1.6320777262990305e-07,Face,K m s^-1,equal_mean_of_12_instantaneous_profiles,10800,14400,11100.0;11400.0;11700.0;12000.0;12300.0;12600.0;12900.0;13200.0;13500.0;13800.0;14100.0;14400.0
14400,400,total_w_theta_flux,-2.2489048963810396e-07,Face,K m s^-1,equal_mean_of_12_instantaneous_profiles,10800,14400,11100.0;11400.0;11700.0;12000.0;12300.0;12600.0;12900.0;13200.0;13500.0;13800.0;14100.0;14400.0
14400,412.5,total_w_theta_flux,-1.7569887707698703e-07,Face,K m s^-1,equal_mean_of_12_instantaneous_profiles,10800,14400,11100.0;11400.0;11700.0;12000.0;12300.0;12600.0;12900.0;13200.0;13500.0;13800.0;14100.0;14400.0
14400,425,total_w_theta_flux,-1.4445731485087285e-07,Face,K m s^-1,equal_mean_of_12_instantaneous_profiles,10800,14400,11100.0;11400.0;11700.0;12000.0;12300.0;12600.0;12900.0;13200.0;13500.0;13800.0;14100.0;14400.0
14400,437.5,total_w_theta_flux,-3.0807110521872499e-07,Face,K m s^-1,equal_mean_of_12_instantaneous_profiles,10800,14400,11100.0;11400.0;11700.0;12000.0;12300.0;12600.0;12900.0;13200.0;13500.0;13800.0;14100.0;14400.0
14400,450,total_w_theta_flux,-3.4257510369191852e-07,Face,K m s^-1,equal_mean_of_12_instantaneous_profiles,10800,14400,11100.0;11400.0;11700.0;12000.0;12300.0;12600.0;12900.0;13200.0;13500.0;13800.0;14100.0;14400.0
14400,462.5,total_w_theta_flux,-2.127428283908254e-07,Face,K m s^-1,equal_mean_of_12_instantaneous_profiles,10800,14400,11100.0;11400.0;11700.0;12000.0;12300.0;12600.0;12900.0;13200.0;13500.0;13800.0;14100.0;14400.0
14400,475,total_w_theta_flux,-2.0156262318475152e-07,Face,K m s^-1,equal_mean_of_12_instantaneous_profiles,10800,14400,11100.0;11400.0;11700.0;12000.0;12300.0;12600.0;12900.0;13200.0;13500.0;13800.0;14100.0;14400.0
14400,487.5,total_w_theta_flux,9.6488226593767948e-08,Face,K m s^-1,equal_mean_of_12_instantaneous_profiles,10800,14400,11100.0;11400.0;11700.0;12000.0;12300.0;12600.0;12900.0;13200.0;13500.0;13800.0;14100.0;14400.0
14400,500,total_w_theta_flux,5.7156843051113049e-07,Face,K m s^-1,equal_mean_of_12_instantaneous_profiles,10800,14400,11100.0;11400.0;11700.0;12000.0;12300.0;12600.0;12900.0;13200.0;13500.0;13800.0;14100.0;14400.0
14400,512.5,total_w_theta_flux,5.7621930219890294e-07,Face,K m s^-1,equal_mean_of_12_instantaneous_profiles,10800,14400,11100.0;11400.0;11700.0;12000.0;12300.0;12600.0;12900.0;13200.0;13500.0;13800.0;14100.0;14400.0
14400,525,total_w_theta_flux,5.7247927524410136e-07,Face,K m s^-1,equal_mean_of_12_instantaneous_profiles,10800,14400,11100.0;11400.0;11700.0;12000.0;12300.0;12600.0;12900.0;13200.0;13500.0;13800.0;14100.0;14400.0
14400,537.5,total_w_theta_flux,7.8054661400983605e-07,Face,K m s^-1,equal_mean_of_12_instantaneous_profiles,10800,14400,11100.0;11400.0;11700.0;12000.0;12300.0;12600.0;12900.0;13200.0;13500.0;13800.0;14100.0;14400.0
14400,550,total_w_theta_flux,1.4482952697865887e-06,Face,K m s^-1,equal_mean_of_12_instantaneous_profiles,10800,14400,11100.0;11400.0;11700.0;12000.0;12300.0;12600.0;12900.0;13200.0;13500.0;13800.0;14100.0;14400.0
14400,562.5,total_w_theta_flux,9.706730281777709e-07,Face,K m s^-1,equal_mean_of_12_instantaneous_profiles,10800,14400,11100.0;11400.0;11700.0;12000.0;12300.0;12600.0;12900.0;13200.0;13500.0;13800.0;14100.0;14400.0
14400,575,total_w_theta_flux,-4.280314556126541e-07,Face,K m s^-1,equal_mean_of_12_instantaneous_profiles,10800,14400,11100.0;11400.0;11700.0;12000.0;12300.0;12600.0;12900.0;13200.0;13500.0;13800.0;14100.0;14400.0
14400,587.5,total_w_theta_flux,-8.7408807303290814e-07,Face,K m s^-1,equal_mean_of_12_instantaneous_profiles,10800,14400,11100.0;11400.0;11700.0;12000.0;12300.0;12600.0;12900.0;13200.0;13500.0;13800.0;14100.0;14400.0
14400,600,total_w_theta_flux,-8.2206608832772563e-06,Face,K m s^-1,equal_mean_of_12_instantaneous_profiles,10800,14400,11100.0;11400.0;11700.0;12000.0;12300.0;12600.0;12900.0;13200.0;13500.0;13800.0;14100.0;14400.0
14400,612.5,total_w_theta_flux,-3.6996070586307418e-05,Face,K m s^-1,equal_mean_of_12_instantaneous_profiles,10800,14400,11100.0;11400.0;11700.0;12000.0;12300.0;12600.0;12900.0;13200.0;13500.0;13800.0;14100.0;14400.0
14400,625,total_w_theta_flux,-8.1476665703424558e-05,Face,K m s^-1,equal_mean_of_12_instantaneous_profiles,10800,14400,11100.0;11400.0;11700.0;12000.0;12300.0;12600.0;12900.0;13200.0;13500.0;13800.0;14100.0;14400.0
14400,637.5,total_w_theta_flux,-0.00010572691341318811,Face,K m s^-1,equal_mean_of_12_instantaneous_profiles,10800,14400,11100.0;11400.0;11700.0;12000.0;12300.0;12600.0;12900.0;13200.0;13500.0;13800.0;14100.0;14400.0
14400,650,total_w_theta_flux,-0.00011510262083902489,Face,K m s^-1,equal_mean_of_12_instantaneous_profiles,10800,14400,11100.0;11400.0;11700.0;12000.0;12300.0;12600.0;12900.0;13200.0;13500.0;13800.0;14100.0;14400.0
14400,662.5,total_w_theta_flux,-0.00012717748177237809,Face,K m s^-1,equal_mean_of_12_instantaneous_profiles,10800,14400,11100.0;11400.0;11700.0;12000.0;12300.0;12600.0;12900.0;13200.0;13500.0;13800.0;14100.0;14400.0
14400,675,total_w_theta_flux,-0.00013574801202291079,Face,K m s^-1,equal_mean_of_12_instantaneous_profiles,10800,14400,11100.0;11400.0;11700.0;12000.0;12300.0;12600.0;12900.0;13200.0;13500.0;13800.0;14100.0;14400.0
14400,687.5,total_w_theta_flux,-0.00012846262082651569,Face,K m s^-1,equal_mean_of_12_instantaneous_profiles,10800,14400,11100.0;11400.0;11700.0;12000.0;12300.0;12600.0;12900.0;13200.0;13500.0;13800.0;14100.0;14400.0
14400,700,total_w_theta_flux,-0.00010964286199547739,Face,K m s^-1,equal_mean_of_12_instantaneous_profiles,10800,14400,11100.0;11400.0;11700.0;12000.0;12300.0;12600.0;12900.0;13200.0;13500.0;13800.0;14100.0;14400.0
14400,712.5,total_w_theta_flux,-6.8745189916323099e-05,Face,K m s^-1,equal_mean_of_12_instantaneous_profiles,10800,14400,11100.0;11400.0;11700.0;12000.0;12300.0;12600.0;12900.0;13200.0;13500.0;13800.0;14100.0;14400.0
14400,725,total_w_theta_flux,-2.8980430367179604e-05,Face,K m s^-1,equal_mean_of_12_instantaneous_profiles,10800,14400,11100.0;11400.0;11700.0;12000.0;12300.0;12600.0;12900.0;13200.0;13500.0;13800.0;14100.0;14400.0
14400,737.5,total_w_theta_flux,-1.0908362355621648e-05,Face,K m s^-1,equal_mean_of_12_instantaneous_profiles,10800,14400,11100.0;11400.0;11700.0;12000.0;12300.0;12600.0;12900.0;13200.0;13500.0;13800.0;14100.0;14400.0
14400,750,total_w_theta_flux,-3.0518988107057035e-06,Face,K m s^-1,equal_mean_of_12_instantaneous_profiles,10800,14400,11100.0;11400.0;11700.0;12000.0;12300.0;12600.0;12900.0;13200.0;13500.0;13800.0;14100.0;14400.0
14400,762.5,total_w_theta_flux,-1.6186406242013618e-06,Face,K m s^-1,equal_mean_of_12_instantaneous_profiles,10800,14400,11100.0;11400.0;11700.0;12000.0;12300.0;12600.0;12900.0;13200.0;13500.0;13800.0;14100.0;14400.0
14400,775,total_w_theta_flux,-1.4753631205621787e-06,Face,K m s^-1,equal_mean_of_12_instantaneous_profiles,10800,14400,11100.0;11400.0;11700.0;12000.0;12300.0;12600.0;12900.0;13200.0;13500.0;13800.0;14100.0;14400.0
14400,787.5,total_w_theta_flux,-1.1600905670168988e-06,Face,K m s^-1,equal_mean_of_12_instantaneous_profiles,10800,14400,11100.0;11400.0;11700.0;12000.0;12300.0;12600.0;12900.0;13200.0;13500.0;13800.0;14100.0;14400.0
14400,800,total_w_theta_flux,0,Face,K m s^-1,equal_mean_of_12_instantaneous_profiles,10800,14400,11100.0;11400.0;11700.0;12000.0;12300.0;12600.0;12900.0;13200.0;13500.0;13800.0;14100.0;14400.0
14400,0,turbulent_tke_flux,0,Face,m^3 s^-3,equal_mean_of_12_instantaneous_profiles,10800,14400,11100.0;11400.0;11700.0;12000.0;12300.0;12600.0;12900.0;13200.0;13500.0;13800.0;14100.0;14400.0
14400,12.5,turbulent_tke_flux,-5.3185645848922531e-06,Face,m^3 s^-3,equal_mean_of_12_instantaneous_profiles,10800,14400,11100.0;11400.0;11700.0;12000.0;12300.0;12600.0;12900.0;13200.0;13500.0;13800.0;14100.0;14400.0
14400,25,turbulent_tke_flux,-0.00010043489481859069,Face,m^3 s^-3,equal_mean_of_12_instantaneous_profiles,10800,14400,11100.0;11400.0;11700.0;12000.0;12300.0;12600.0;12900.0;13200.0;13500.0;13800.0;14100.0;14400.0
14400,37.5,turbulent_tke_flux,-0.00049888826197275193,Face,m^3 s^-3,equal_mean_of_12_instantaneous_profiles,10800,14400,11100.0;11400.0;11700.0;12000.0;12300.0;12600.0;12900.0;13200.0;13500.0;13800.0;14100.0;14400.0
14400,50,turbulent_tke_flux,-0.00020284800727192001,Face,m^3 s^-3,equal_mean_of_12_instantaneous_profiles,10800,14400,11100.0;11400.0;11700.0;12000.0;12300.0;12600.0;12900.0;13200.0;13500.0;13800.0;14100.0;14400.0
14400,62.5,turbulent_tke_flux,0.00041208751038842212,Face,m^3 s^-3,equal_mean_of_12_instantaneous_profiles,10800,14400,11100.0;11400.0;11700.0;12000.0;12300.0;12600.0;12900.0;13200.0;13500.0;13800.0;14100.0;14400.0
14400,75,turbulent_tke_flux,0.00034284123527565197,Face,m^3 s^-3,equal_mean_of_12_instantaneous_profiles,10800,14400,11100.0;11400.0;11700.0;12000.0;12300.0;12600.0;12900.0;13200.0;13500.0;13800.0;14100.0;14400.0
14400,87.5,turbulent_tke_flux,0.00020695389866887126,Face,m^3 s^-3,equal_mean_of_12_instantaneous_profiles,10800,14400,11100.0;11400.0;11700.0;12000.0;12300.0;12600.0;12900.0;13200.0;13500.0;13800.0;14100.0;14400.0
14400,100,turbulent_tke_flux,0.00013845473222318105,Face,m^3 s^-3,equal_mean_of_12_instantaneous_profiles,10800,14400,11100.0;11400.0;11700.0;12000.0;12300.0;12600.0;12900.0;13200.0;13500.0;13800.0;14100.0;14400.0
14400,112.5,turbulent_tke_flux,4.9940288287568059e-05,Face,m^3 s^-3,equal_mean_of_12_instantaneous_profiles,10800,14400,11100.0;11400.0;11700.0;12000.0;12300.0;12600.0;12900.0;13200.0;13500.0;13800.0;14100.0;14400.0
14400,125,turbulent_tke_flux,3.9022778764774557e-05,Face,m^3 s^-3,equal_mean_of_12_instantaneous_profiles,10800,14400,11100.0;11400.0;11700.0;12000.0;12300.0;12600.0;12900.0;13200.0;13500.0;13800.0;14100.0;14400.0
14400,137.5,turbulent_tke_flux,4.8628612603351939e-05,Face,m^3 s^-3,equal_mean_of_12_instantaneous_profiles,10800,14400,11100.0;11400.0;11700.0;12000.0;12300.0;12600.0;12900.0;13200.0;13500.0;13800.0;14100.0;14400.0
14400,150,turbulent_tke_flux,6.4144614498218289e-05,Face,m^3 s^-3,equal_mean_of_12_instantaneous_profiles,10800,14400,11100.0;11400.0;11700.0;12000.0;12300.0;12600.0;12900.0;13200.0;13500.0;13800.0;14100.0;14400.0
14400,162.5,turbulent_tke_flux,6.2013171676274695e-05,Face,m^3 s^-3,equal_mean_of_12_instantaneous_profiles,10800,14400,11100.0;11400.0;11700.0;12000.0;12300.0;12600.0;12900.0;13200.0;13500.0;13800.0;14100.0;14400.0
14400,175,turbulent_tke_flux,1.6052663340815343e-05,Face,m^3 s^-3,equal_mean_of_12_instantaneous_profiles,10800,14400,11100.0;11400.0;11700.0;12000.0;12300.0;12600.0;12900.0;13200.0;13500.0;13800.0;14100.0;14400.0
14400,187.5,turbulent_tke_flux,3.2524314974580193e-06,Face,m^3 s^-3,equal_mean_of_12_instantaneous_profiles,10800,14400,11100.0;11400.0;11700.0;12000.0;12300.0;12600.0;12900.0;13200.0;13500.0;13800.0;14100.0;14400.0
14400,200,turbulent_tke_flux,-4.2832185348136891e-06,Face,m^3 s^-3,equal_mean_of_12_instantaneous_profiles,10800,14400,11100.0;11400.0;11700.0;12000.0;12300.0;12600.0;12900.0;13200.0;13500.0;13800.0;14100.0;14400.0
14400,212.5,turbulent_tke_flux,1.1354356767393863e-06,Face,m^3 s^-3,equal_mean_of_12_instantaneous_profiles,10800,14400,11100.0;11400.0;11700.0;12000.0;12300.0;12600.0;12900.0;13200.0;13500.0;13800.0;14100.0;14400.0
14400,225,turbulent_tke_flux,1.9643282674527049e-06,Face,m^3 s^-3,equal_mean_of_12_instantaneous_profiles,10800,14400,11100.0;11400.0;11700.0;12000.0;12300.0;12600.0;12900.0;13200.0;13500.0;13800.0;14100.0;14400.0
14400,237.5,turbulent_tke_flux,9.3906163556312094e-07,Face,m^3 s^-3,equal_mean_of_12_instantaneous_profiles,10800,14400,11100.0;11400.0;11700.0;12000.0;12300.0;12600.0;12900.0;13200.0;13500.0;13800.0;14100.0;14400.0
14400,250,turbulent_tke_flux,4.075048790260401e-07,Face,m^3 s^-3,equal_mean_of_12_instantaneous_profiles,10800,14400,11100.0;11400.0;11700.0;12000.0;12300.0;12600.0;12900.0;13200.0;13500.0;13800.0;14100.0;14400.0
14400,262.5,turbulent_tke_flux,2.8468188636073438e-07,Face,m^3 s^-3,equal_mean_of_12_instantaneous_profiles,10800,14400,11100.0;11400.0;11700.0;12000.0;12300.0;12600.0;12900.0;13200.0;13500.0;13800.0;14100.0;14400.0
14400,275,turbulent_tke_flux,1.741466597593444e-07,Face,m^3 s^-3,equal_mean_of_12_instantaneous_profiles,10800,14400,11100.0;11400.0;11700.0;12000.0;12300.0;12600.0;12900.0;13200.0;13500.0;13800.0;14100.0;14400.0
14400,287.5,turbulent_tke_flux,1.0738302425039592e-07,Face,m^3 s^-3,equal_mean_of_12_instantaneous_profiles,10800,14400,11100.0;11400.0;11700.0;12000.0;12300.0;12600.0;12900.0;13200.0;13500.0;13800.0;14100.0;14400.0
14400,300,turbulent_tke_flux,4.8644039833215892e-08,Face,m^3 s^-3,equal_mean_of_12_instantaneous_profiles,10800,14400,11100.0;11400.0;11700.0;12000.0;12300.0;12600.0;12900.0;13200.0;13500.0;13800.0;14100.0;14400.0
14400,312.5,turbulent_tke_flux,2.0008935249412238e-09,Face,m^3 s^-3,equal_mean_of_12_instantaneous_profiles,10800,14400,11100.0;11400.0;11700.0;12000.0;12300.0;12600.0;12900.0;13200.0;13500.0;13800.0;14100.0;14400.0
14400,325,turbulent_tke_flux,-1.5503769009346986e-08,Face,m^3 s^-3,equal_mean_of_12_instantaneous_profiles,10800,14400,11100.0;11400.0;11700.0;12000.0;12300.0;12600.0;12900.0;13200.0;13500.0;13800.0;14100.0;14400.0
14400,337.5,turbulent_tke_flux,-2.686445865762721e-08,Face,m^3 s^-3,equal_mean_of_12_instantaneous_profiles,10800,14400,11100.0;11400.0;11700.0;12000.0;12300.0;12600.0;12900.0;13200.0;13500.0;13800.0;14100.0;14400.0
14400,350,turbulent_tke_flux,-2.2598552251729132e-08,Face,m^3 s^-3,equal_mean_of_12_instantaneous_profiles,10800,14400,11100.0;11400.0;11700.0;12000.0;12300.0;12600.0;12900.0;13200.0;13500.0;13800.0;14100.0;14400.0
14400,362.5,turbulent_tke_flux,-1.489751185375828e-08,Face,m^3 s^-3,equal_mean_of_12_instantaneous_profiles,10800,14400,11100.0;11400.0;11700.0;12000.0;12300.0;12600.0;12900.0;13200.0;13500.0;13800.0;14100.0;14400.0
14400,375,turbulent_tke_flux,-2.448662850262906e-08,Face,m^3 s^-3,equal_mean_of_12_instantaneous_profiles,10800,14400,11100.0;11400.0;11700.0;12000.0;12300.0;12600.0;12900.0;13200.0;13500.0;13800.0;14100.0;14400.0
14400,387.5,turbulent_tke_flux,-4.24664378477028e-08,Face,m^3 s^-3,equal_mean_of_12_instantaneous_profiles,10800,14400,11100.0;11400.0;11700.0;12000.0;12300.0;12600.0;12900.0;13200.0;13500.0;13800.0;14100.0;14400.0
14400,400,turbulent_tke_flux,-5.3641634023549045e-08,Face,m^3 s^-3,equal_mean_of_12_instantaneous_profiles,10800,14400,11100.0;11400.0;11700.0;12000.0;12300.0;12600.0;12900.0;13200.0;13500.0;13800.0;14100.0;14400.0
14400,412.5,turbulent_tke_flux,-6.0091201977326606e-08,Face,m^3 s^-3,equal_mean_of_12_instantaneous_profiles,10800,14400,11100.0;11400.0;11700.0;12000.0;12300.0;12600.0;12900.0;13200.0;13500.0;13800.0;14100.0;14400.0
14400,425,turbulent_tke_flux,-6.6256394370967087e-08,Face,m^3 s^-3,equal_mean_of_12_instantaneous_profiles,10800,14400,11100.0;11400.0;11700.0;12000.0;12300.0;12600.0;12900.0;13200.0;13500.0;13800.0;14100.0;14400.0
14400,437.5,turbulent_tke_flux,-6.6687736814211959e-08,Face,m^3 s^-3,equal_mean_of_12_instantaneous_profiles,10800,14400,11100.0;11400.0;11700.0;12000.0;12300.0;12600.0;12900.0;13200.0;13500.0;13800.0;14100.0;14400.0
14400,450,turbulent_tke_flux,-7.8385162953035589e-08,Face,m^3 s^-3,equal_mean_of_12_instantaneous_profiles,10800,14400,11100.0;11400.0;11700.0;12000.0;12300.0;12600.0;12900.0;13200.0;13500.0;13800.0;14100.0;14400.0
14400,462.5,turbulent_tke_flux,-1.0938509742430824e-07,Face,m^3 s^-3,equal_mean_of_12_instantaneous_profiles,10800,14400,11100.0;11400.0;11700.0;12000.0;12300.0;12600.0;12900.0;13200.0;13500.0;13800.0;14100.0;14400.0
14400,475,turbulent_tke_flux,-1.1665973638959788e-07,Face,m^3 s^-3,equal_mean_of_12_instantaneous_profiles,10800,14400,11100.0;11400.0;11700.0;12000.0;12300.0;12600.0;12900.0;13200.0;13500.0;13800.0;14100.0;14400.0
14400,487.5,turbulent_tke_flux,-1.1301637433310437e-07,Face,m^3 s^-3,equal_mean_of_12_instantaneous_profiles,10800,14400,11100.0;11400.0;11700.0;12000.0;12300.0;12600.0;12900.0;13200.0;13500.0;13800.0;14100.0;14400.0
14400,500,turbulent_tke_flux,-1.0131814187630539e-07,Face,m^3 s^-3,equal_mean_of_12_instantaneous_profiles,10800,14400,11100.0;11400.0;11700.0;12000.0;12300.0;12600.0;12900.0;13200.0;13500.0;13800.0;14100.0;14400.0
14400,512.5,turbulent_tke_flux,-1.0059912162555899e-07,Face,m^3 s^-3,equal_mean_of_12_instantaneous_profiles,10800,14400,11100.0;11400.0;11700.0;12000.0;12300.0;12600.0;12900.0;13200.0;13500.0;13800.0;14100.0;14400.0
14400,525,turbulent_tke_flux,-1.1372176859462495e-07,Face,m^3 s^-3,equal_mean_of_12_instantaneous_profiles,10800,14400,11100.0;11400.0;11700.0;12000.0;12300.0;12600.0;12900.0;13200.0;13500.0;13800.0;14100.0;14400.0
14400,537.5,turbulent_tke_flux,-1.1143072834822003e-07,Face,m^3 s^-3,equal_mean_of_12_instantaneous_profiles,10800,14400,11100.0;11400.0;11700.0;12000.0;12300.0;12600.0;12900.0;13200.0;13500.0;13800.0;14100.0;14400.0
14400,550,turbulent_tke_flux,-6.6267401640137294e-08,Face,m^3 s^-3,equal_mean_of_12_instantaneous_profiles,10800,14400,11100.0;11400.0;11700.0;12000.0;12300.0;12600.0;12900.0;13200.0;13500.0;13800.0;14100.0;14400.0
14400,562.5,turbulent_tke_flux,1.0416080916305266e-07,Face,m^3 s^-3,equal_mean_of_12_instantaneous_profiles,10800,14400,11100.0;11400.0;11700.0;12000.0;12300.0;12600.0;12900.0;13200.0;13500.0;13800.0;14100.0;14400.0
14400,575,turbulent_tke_flux,3.2437089103609651e-07,Face,m^3 s^-3,equal_mean_of_12_instantaneous_profiles,10800,14400,11100.0;11400.0;11700.0;12000.0;12300.0;12600.0;12900.0;13200.0;13500.0;13800.0;14100.0;14400.0
14400,587.5,turbulent_tke_flux,6.0384153262778761e-07,Face,m^3 s^-3,equal_mean_of_12_instantaneous_profiles,10800,14400,11100.0;11400.0;11700.0;12000.0;12300.0;12600.0;12900.0;13200.0;13500.0;13800.0;14100.0;14400.0
14400,600,turbulent_tke_flux,5.8270912480414461e-07,Face,m^3 s^-3,equal_mean_of_12_instantaneous_profiles,10800,14400,11100.0;11400.0;11700.0;12000.0;12300.0;12600.0;12900.0;13200.0;13500.0;13800.0;14100.0;14400.0
14400,612.5,turbulent_tke_flux,-2.1215370319775198e-06,Face,m^3 s^-3,equal_mean_of_12_instantaneous_profiles,10800,14400,11100.0;11400.0;11700.0;12000.0;12300.0;12600.0;12900.0;13200.0;13500.0;13800.0;14100.0;14400.0
14400,625,turbulent_tke_flux,-4.307287942613887e-06,Face,m^3 s^-3,equal_mean_of_12_instantaneous_profiles,10800,14400,11100.0;11400.0;11700.0;12000.0;12300.0;12600.0;12900.0;13200.0;13500.0;13800.0;14100.0;14400.0
14400,637.5,turbulent_tke_flux,-5.5853170692898857e-06,Face,m^3 s^-3,equal_mean_of_12_instantaneous_profiles,10800,14400,11100.0;11400.0;11700.0;12000.0;12300.0;12600.0;12900.0;13200.0;13500.0;13800.0;14100.0;14400.0
14400,650,turbulent_tke_flux,-1.2701383241164876e-05,Face,m^3 s^-3,equal_mean_of_12_instantaneous_profiles,10800,14400,11100.0;11400.0;11700.0;12000.0;12300.0;12600.0;12900.0;13200.0;13500.0;13800.0;14100.0;14400.0
14400,662.5,turbulent_tke_flux,-8.1515180265038598e-06,Face,m^3 s^-3,equal_mean_of_12_instantaneous_profiles,10800,14400,11100.0;11400.0;11700.0;12000.0;12300.0;12600.0;12900.0;13200.0;13500.0;13800.0;14100.0;14400.0
14400,675,turbulent_tke_flux,1.4251741807432456e-06,Face,m^3 s^-3,equal_mean_of_12_instantaneous_profiles,10800,14400,11100.0;11400.0;11700.0;12000.0;12300.0;12600.0;12900.0;13200.0;13500.0;13800.0;14100.0;14400.0
14400,687.5,turbulent_tke_flux,6.4180896401921927e-06,Face,m^3 s^-3,equal_mean_of_12_instantaneous_profiles,10800,14400,11100.0;11400.0;11700.0;12000.0;12300.0;12600.0;12900.0;13200.0;13500.0;13800.0;14100.0;14400.0
14400,700,turbulent_tke_flux,9.3172470011874484e-06,Face,m^3 s^-3,equal_mean_of_12_instantaneous_profiles,10800,14400,11100.0;11400.0;11700.0;12000.0;12300.0;12600.0;12900.0;13200.0;13500.0;13800.0;14100.0;14400.0
14400,712.5,turbulent_tke_flux,5.2086013511143392e-06,Face,m^3 s^-3,equal_mean_of_12_instantaneous_profiles,10800,14400,11100.0;11400.0;11700.0;12000.0;12300.0;12600.0;12900.0;13200.0;13500.0;13800.0;14100.0;14400.0
14400,725,turbulent_tke_flux,3.7006404767225831e-06,Face,m^3 s^-3,equal_mean_of_12_instantaneous_profiles,10800,14400,11100.0;11400.0;11700.0;12000.0;12300.0;12600.0;12900.0;13200.0;13500.0;13800.0;14100.0;14400.0
14400,737.5,turbulent_tke_flux,1.1228354542443715e-06,Face,m^3 s^-3,equal_mean_of_12_instantaneous_profiles,10800,14400,11100.0;11400.0;11700.0;12000.0;12300.0;12600.0;12900.0;13200.0;13500.0;13800.0;14100.0;14400.0
14400,750,turbulent_tke_flux,2.0335023620532411e-07,Face,m^3 s^-3,equal_mean_of_12_instantaneous_profiles,10800,14400,11100.0;11400.0;11700.0;12000.0;12300.0;12600.0;12900.0;13200.0;13500.0;13800.0;14100.0;14400.0
14400,762.5,turbulent_tke_flux,-6.1852919230886982e-08,Face,m^3 s^-3,equal_mean_of_12_instantaneous_profiles,10800,14400,11100.0;11400.0;11700.0;12000.0;12300.0;12600.0;12900.0;13200.0;13500.0;13800.0;14100.0;14400.0
14400,775,turbulent_tke_flux,-6.0509310155036175e-08,Face,m^3 s^-3,equal_mean_of_12_instantaneous_profiles,10800,14400,11100.0;11400.0;11700.0;12000.0;12300.0;12600.0;12900.0;13200.0;13500.0;13800.0;14100.0;14400.0
14400,787.5,turbulent_tke_flux,-1.632896699336565e-08,Face,m^3 s^-3,equal_mean_of_12_instantaneous_profiles,10800,14400,11100.0;11400.0;11700.0;12000.0;12300.0;12600.0;12900.0;13200.0;13500.0;13800.0;14100.0;14400.0
14400,800,turbulent_tke_flux,0,Face,m^3 s^-3,equal_mean_of_12_instantaneous_profiles,10800,14400,11100.0;11400.0;11700.0;12000.0;12300.0;12600.0;12900.0;13200.0;13500.0;13800.0;14100.0;14400.0
14400,6.25,u_mean,-2.331440488497416,Center,m s^-1,equal_mean_of_12_instantaneous_profiles,10800,14400,11100.0;11400.0;11700.0;12000.0;12300.0;12600.0;12900.0;13200.0;13500.0;13800.0;14100.0;14400.0
14400,18.75,u_mean,-2.7506463726361594,Center,m s^-1,equal_mean_of_12_instantaneous_profiles,10800,14400,11100.0;11400.0;11700.0;12000.0;12300.0;12600.0;12900.0;13200.0;13500.0;13800.0;14100.0;14400.0
14400,31.25,u_mean,-3.0916671951611838,Center,m s^-1,equal_mean_of_12_instantaneous_profiles,10800,14400,11100.0;11400.0;11700.0;12000.0;12300.0;12600.0;12900.0;13200.0;13500.0;13800.0;14100.0;14400.0
14400,43.75,u_mean,-4.0131631692250567,Center,m s^-1,equal_mean_of_12_instantaneous_profiles,10800,14400,11100.0;11400.0;11700.0;12000.0;12300.0;12600.0;12900.0;13200.0;13500.0;13800.0;14100.0;14400.0
14400,56.25,u_mean,-4.7759199937184649,Center,m s^-1,equal_mean_of_12_instantaneous_profiles,10800,14400,11100.0;11400.0;11700.0;12000.0;12300.0;12600.0;12900.0;13200.0;13500.0;13800.0;14100.0;14400.0
14400,68.75,u_mean,-5.5693454742431641,Center,m s^-1,equal_mean_of_12_instantaneous_profiles,10800,14400,11100.0;11400.0;11700.0;12000.0;12300.0;12600.0;12900.0;13200.0;13500.0;13800.0;14100.0;14400.0
14400,81.25,u_mean,-6.1294393936793012,Center,m s^-1,equal_mean_of_12_instantaneous_profiles,10800,14400,11100.0;11400.0;11700.0;12000.0;12300.0;12600.0;12900.0;13200.0;13500.0;13800.0;14100.0;14400.0
14400,93.75,u_mean,-6.3681475718816118,Center,m s^-1,equal_mean_of_12_instantaneous_profiles,10800,14400,11100.0;11400.0;11700.0;12000.0;12300.0;12600.0;12900.0;13200.0;13500.0;13800.0;14100.0;14400.0
14400,106.25,u_mean,-6.3153224388758344,Center,m s^-1,equal_mean_of_12_instantaneous_profiles,10800,14400,11100.0;11400.0;11700.0;12000.0;12300.0;12600.0;12900.0;13200.0;13500.0;13800.0;14100.0;14400.0
14400,118.75,u_mean,-6.0405236482620239,Center,m s^-1,equal_mean_of_12_instantaneous_profiles,10800,14400,11100.0;11400.0;11700.0;12000.0;12300.0;12600.0;12900.0;13200.0;13500.0;13800.0;14100.0;14400.0
14400,131.25,u_mean,-5.5592686335245771,Center,m s^-1,equal_mean_of_12_instantaneous_profiles,10800,14400,11100.0;11400.0;11700.0;12000.0;12300.0;12600.0;12900.0;13200.0;13500.0;13800.0;14100.0;14400.0
14400,143.75,u_mean,-4.8671081066131592,Center,m s^-1,equal_mean_of_12_instantaneous_profiles,10800,14400,11100.0;11400.0;11700.0;12000.0;12300.0;12600.0;12900.0;13200.0;13500.0;13800.0;14100.0;14400.0
14400,156.25,u_mean,-4.0282860199610395,Center,m s^-1,equal_mean_of_12_instantaneous_profiles,10800,14400,11100.0;11400.0;11700.0;12000.0;12300.0;12600.0;12900.0;13200.0;13500.0;13800.0;14100.0;14400.0
14400,168.75,u_mean,-3.0990367531776428,Center,m s^-1,equal_mean_of_12_instantaneous_profiles,10800,14400,11100.0;11400.0;11700.0;12000.0;12300.0;12600.0;12900.0;13200.0;13500.0;13800.0;14100.0;14400.0
14400,181.25,u_mean,-2.2020376324653625,Center,m s^-1,equal_mean_of_12_instantaneous_profiles,10800,14400,11100.0;11400.0;11700.0;12000.0;12300.0;12600.0;12900.0;13200.0;13500.0;13800.0;14100.0;14400.0
14400,193.75,u_mean,-1.5800521870454152,Center,m s^-1,equal_mean_of_12_instantaneous_profiles,10800,14400,11100.0;11400.0;11700.0;12000.0;12300.0;12600.0;12900.0;13200.0;13500.0;13800.0;14100.0;14400.0
14400,206.25,u_mean,-1.2450612684090931,Center,m s^-1,equal_mean_of_12_instantaneous_profiles,10800,14400,11100.0;11400.0;11700.0;12000.0;12300.0;12600.0;12900.0;13200.0;13500.0;13800.0;14100.0;14400.0
14400,218.75,u_mean,-1.0945285608371098,Center,m s^-1,equal_mean_of_12_instantaneous_profiles,10800,14400,11100.0;11400.0;11700.0;12000.0;12300.0;12600.0;12900.0;13200.0;13500.0;13800.0;14100.0;14400.0
14400,231.25,u_mean,-1.0406559656063716,Center,m s^-1,equal_mean_of_12_instantaneous_profiles,10800,14400,11100.0;11400.0;11700.0;12000.0;12300.0;12600.0;12900.0;13200.0;13500.0;13800.0;14100.0;14400.0
14400,243.75,u_mean,-1.0131045480569203,Center,m s^-1,equal_mean_of_12_instantaneous_profiles,10800,14400,11100.0;11400.0;11700.0;12000.0;12300.0;12600.0;12900.0;13200.0;13500.0;13800.0;14100.0;14400.0
14400,256.25,u_mean,-0.97544753551483154,Center,m s^-1,equal_mean_of_12_instantaneous_profiles,10800,14400,11100.0;11400.0;11700.0;12000.0;12300.0;12600.0;12900.0;13200.0;13500.0;13800.0;14100.0;14400.0
14400,268.75,u_mean,-0.92188591261704766,Center,m s^-1,equal_mean_of_12_instantaneous_profiles,10800,14400,11100.0;11400.0;11700.0;12000.0;12300.0;12600.0;12900.0;13200.0;13500.0;13800.0;14100.0;14400.0
14400,281.25,u_mean,-0.85987222194671631,Center,m s^-1,equal_mean_of_12_instantaneous_profiles,10800,14400,11100.0;11400.0;11700.0;12000.0;12300.0;12600.0;12900.0;13200.0;13500.0;13800.0;14100.0;14400.0
14400,293.75,u_mean,-0.79570036629835761,Center,m s^-1,equal_mean_of_12_instantaneous_profiles,10800,14400,11100.0;11400.0;11700.0;12000.0;12300.0;12600.0;12900.0;13200.0;13500.0;13800.0;14100.0;14400.0
14400,306.25,u_mean,-0.73051386078198755,Center,m s^-1,equal_mean_of_12_instantaneous_profiles,10800,14400,11100.0;11400.0;11700.0;12000.0;12300.0;12600.0;12900.0;13200.0;13500.0;13800.0;14100.0;14400.0
14400,318.75,u_mean,-0.6662776917219162,Center,m s^-1,equal_mean_of_12_instantaneous_profiles,10800,14400,11100.0;11400.0;11700.0;12000.0;12300.0;12600.0;12900.0;13200.0;13500.0;13800.0;14100.0;14400.0
14400,331.25,u_mean,-0.60389547049999237,Center,m s^-1,equal_mean_of_12_instantaneous_profiles,10800,14400,11100.0;11400.0;11700.0;12000.0;12300.0;12600.0;12900.0;13200.0;13500.0;13800.0;14100.0;14400.0
14400,343.75,u_mean,-0.54215361177921295,Center,m s^-1,equal_mean_of_12_instantaneous_profiles,10800,14400,11100.0;11400.0;11700.0;12000.0;12300.0;12600.0;12900.0;13200.0;13500.0;13800.0;14100.0;14400.0
14400,356.25,u_mean,-0.48327389607826871,Center,m s^-1,equal_mean_of_12_instantaneous_profiles,10800,14400,11100.0;11400.0;11700.0;12000.0;12300.0;12600.0;12900.0;13200.0;13500.0;13800.0;14100.0;14400.0
14400,368.75,u_mean,-0.43298778186241788,Center,m s^-1,equal_mean_of_12_instantaneous_profiles,10800,14400,11100.0;11400.0;11700.0;12000.0;12300.0;12600.0;12900.0;13200.0;13500.0;13800.0;14100.0;14400.0
14400,381.25,u_mean,-0.39074200640122098,Center,m s^-1,equal_mean_of_12_instantaneous_profiles,10800,14400,11100.0;11400.0;11700.0;12000.0;12300.0;12600.0;12900.0;13200.0;13500.0;13800.0;14100.0;14400.0
14400,393.75,u_mean,-0.35149979591369629,Center,m s^-1,equal_mean_of_12_instantaneous_profiles,10800,14400,11100.0;11400.0;11700.0;12000.0;12300.0;12600.0;12900.0;13200.0;13500.0;13800.0;14100.0;14400.0
14400,406.25,u_mean,-0.31613204628229141,Center,m s^-1,equal_mean_of_12_instantaneous_profiles,10800,14400,11100.0;11400.0;11700.0;12000.0;12300.0;12600.0;12900.0;13200.0;13500.0;13800.0;14100.0;14400.0
14400,418.75,u_mean,-0.29255556563536328,Center,m s^-1,equal_mean_of_12_instantaneous_profiles,10800,14400,11100.0;11400.0;11700.0;12000.0;12300.0;12600.0;12900.0;13200.0;13500.0;13800.0;14100.0;14400.0
14400,431.25,u_mean,-0.28354120254516602,Center,m s^-1,equal_mean_of_12_instantaneous_profiles,10800,14400,11100.0;11400.0;11700.0;12000.0;12300.0;12600.0;12900.0;13200.0;13500.0;13800.0;14100.0;14400.0
14400,443.75,u_mean,-0.28300826748212177,Center,m s^-1,equal_mean_of_12_instantaneous_profiles,10800,14400,11100.0;11400.0;11700.0;12000.0;12300.0;12600.0;12900.0;13200.0;13500.0;13800.0;14100.0;14400.0
14400,456.25,u_mean,-0.28743643313646317,Center,m s^-1,equal_mean_of_12_instantaneous_profiles,10800,14400,11100.0;11400.0;11700.0;12000.0;12300.0;12600.0;12900.0;13200.0;13500.0;13800.0;14100.0;14400.0
14400,468.75,u_mean,-0.30391420672337216,Center,m s^-1,equal_mean_of_12_instantaneous_profiles,10800,14400,11100.0;11400.0;11700.0;12000.0;12300.0;12600.0;12900.0;13200.0;13500.0;13800.0;14100.0;14400.0
14400,481.25,u_mean,-0.3363238548239072,Center,m s^-1,equal_mean_of_12_instantaneous_profiles,10800,14400,11100.0;11400.0;11700.0;12000.0;12300.0;12600.0;12900.0;13200.0;13500.0;13800.0;14100.0;14400.0
14400,493.75,u_mean,-0.37451389183600742,Center,m s^-1,equal_mean_of_12_instantaneous_profiles,10800,14400,11100.0;11400.0;11700.0;12000.0;12300.0;12600.0;12900.0;13200.0;13500.0;13800.0;14100.0;14400.0
14400,506.25,u_mean,-0.41117424269517261,Center,m s^-1,equal_mean_of_12_instantaneous_profiles,10800,14400,11100.0;11400.0;11700.0;12000.0;12300.0;12600.0;12900.0;13200.0;13500.0;13800.0;14100.0;14400.0
14400,518.75,u_mean,-0.45413241535425186,Center,m s^-1,equal_mean_of_12_instantaneous_profiles,10800,14400,11100.0;11400.0;11700.0;12000.0;12300.0;12600.0;12900.0;13200.0;13500.0;13800.0;14100.0;14400.0
14400,531.25,u_mean,-0.51353480915228522,Center,m s^-1,equal_mean_of_12_instantaneous_profiles,10800,14400,11100.0;11400.0;11700.0;12000.0;12300.0;12600.0;12900.0;13200.0;13500.0;13800.0;14100.0;14400.0
14400,543.75,u_mean,-0.58724165956179297,Center,m s^-1,equal_mean_of_12_instantaneous_profiles,10800,14400,11100.0;11400.0;11700.0;12000.0;12300.0;12600.0;12900.0;13200.0;13500.0;13800.0;14100.0;14400.0
14400,556.25,u_mean,-0.66715588668982184,Center,m s^-1,equal_mean_of_12_instantaneous_profiles,10800,14400,11100.0;11400.0;11700.0;12000.0;12300.0;12600.0;12900.0;13200.0;13500.0;13800.0;14100.0;14400.0
14400,568.75,u_mean,-0.75206540524959564,Center,m s^-1,equal_mean_of_12_instantaneous_profiles,10800,14400,11100.0;11400.0;11700.0;12000.0;12300.0;12600.0;12900.0;13200.0;13500.0;13800.0;14100.0;14400.0
14400,581.25,u_mean,-0.84472584227720893,Center,m s^-1,equal_mean_of_12_instantaneous_profiles,10800,14400,11100.0;11400.0;11700.0;12000.0;12300.0;12600.0;12900.0;13200.0;13500.0;13800.0;14100.0;14400.0
14400,593.75,u_mean,-0.94705300529797876,Center,m s^-1,equal_mean_of_12_instantaneous_profiles,10800,14400,11100.0;11400.0;11700.0;12000.0;12300.0;12600.0;12900.0;13200.0;13500.0;13800.0;14100.0;14400.0
14400,606.25,u_mean,-1.0574695219596226,Center,m s^-1,equal_mean_of_12_instantaneous_profiles,10800,14400,11100.0;11400.0;11700.0;12000.0;12300.0;12600.0;12900.0;13200.0;13500.0;13800.0;14100.0;14400.0
14400,618.75,u_mean,-1.1696990827719371,Center,m s^-1,equal_mean_of_12_instantaneous_profiles,10800,14400,11100.0;11400.0;11700.0;12000.0;12300.0;12600.0;12900.0;13200.0;13500.0;13800.0;14100.0;14400.0
14400,631.25,u_mean,-1.2803719838460286,Center,m s^-1,equal_mean_of_12_instantaneous_profiles,10800,14400,11100.0;11400.0;11700.0;12000.0;12300.0;12600.0;12900.0;13200.0;13500.0;13800.0;14100.0;14400.0
14400,643.75,u_mean,-1.3796563645203908,Center,m s^-1,equal_mean_of_12_instantaneous_profiles,10800,14400,11100.0;11400.0;11700.0;12000.0;12300.0;12600.0;12900.0;13200.0;13500.0;13800.0;14100.0;14400.0
14400,656.25,u_mean,-1.4618012110392253,Center,m s^-1,equal_mean_of_12_instantaneous_profiles,10800,14400,11100.0;11400.0;11700.0;12000.0;12300.0;12600.0;12900.0;13200.0;13500.0;13800.0;14100.0;14400.0
14400,668.75,u_mean,-1.5446151693662007,Center,m s^-1,equal_mean_of_12_instantaneous_profiles,10800,14400,11100.0;11400.0;11700.0;12000.0;12300.0;12600.0;12900.0;13200.0;13500.0;13800.0;14100.0;14400.0
14400,681.25,u_mean,-1.6292299429575603,Center,m s^-1,equal_mean_of_12_instantaneous_profiles,10800,14400,11100.0;11400.0;11700.0;12000.0;12300.0;12600.0;12900.0;13200.0;13500.0;13800.0;14100.0;14400.0
14400,693.75,u_mean,-1.716737409432729,Center,m s^-1,equal_mean_of_12_instantaneous_profiles,10800,14400,11100.0;11400.0;11700.0;12000.0;12300.0;12600.0;12900.0;13200.0;13500.0;13800.0;14100.0;14400.0
14400,706.25,u_mean,-1.8002485036849976,Center,m s^-1,equal_mean_of_12_instantaneous_profiles,10800,14400,11100.0;11400.0;11700.0;12000.0;12300.0;12600.0;12900.0;13200.0;13500.0;13800.0;14100.0;14400.0
14400,718.75,u_mean,-1.8809399704138439,Center,m s^-1,equal_mean_of_12_instantaneous_profiles,10800,14400,11100.0;11400.0;11700.0;12000.0;12300.0;12600.0;12900.0;13200.0;13500.0;13800.0;14100.0;14400.0
14400,731.25,u_mean,-1.9477794667085011,Center,m s^-1,equal_mean_of_12_instantaneous_profiles,10800,14400,11100.0;11400.0;11700.0;12000.0;12300.0;12600.0;12900.0;13200.0;13500.0;13800.0;14100.0;14400.0
14400,743.75,u_mean,-1.9968547324339549,Center,m s^-1,equal_mean_of_12_instantaneous_profiles,10800,14400,11100.0;11400.0;11700.0;12000.0;12300.0;12600.0;12900.0;13200.0;13500.0;13800.0;14100.0;14400.0
14400,756.25,u_mean,-2.0253069798151651,Center,m s^-1,equal_mean_of_12_instantaneous_profiles,10800,14400,11100.0;11400.0;11700.0;12000.0;12300.0;12600.0;12900.0;13200.0;13500.0;13800.0;14100.0;14400.0
14400,768.75,u_mean,-2.0330072244008384,Center,m s^-1,equal_mean_of_12_instantaneous_profiles,10800,14400,11100.0;11400.0;11700.0;12000.0;12300.0;12600.0;12900.0;13200.0;13500.0;13800.0;14100.0;14400.0
14400,781.25,u_mean,-2.0164651374022164,Center,m s^-1,equal_mean_of_12_instantaneous_profiles,10800,14400,11100.0;11400.0;11700.0;12000.0;12300.0;12600.0;12900.0;13200.0;13500.0;13800.0;14100.0;14400.0
14400,793.75,u_mean,-1.9751249651114147,Center,m s^-1,equal_mean_of_12_instantaneous_profiles,10800,14400,11100.0;11400.0;11700.0;12000.0;12300.0;12600.0;12900.0;13200.0;13500.0;13800.0;14100.0;14400.0
14400,6.25,u_variance,0.0056817269651219249,Center,m^2 s^-2,equal_mean_of_12_instantaneous_profiles,10800,14400,11100.0;11400.0;11700.0;12000.0;12300.0;12600.0;12900.0;13200.0;13500.0;13800.0;14100.0;14400.0
14400,18.75,u_variance,0.0083224207240467276,Center,m^2 s^-2,equal_mean_of_12_instantaneous_profiles,10800,14400,11100.0;11400.0;11700.0;12000.0;12300.0;12600.0;12900.0;13200.0;13500.0;13800.0;14100.0;14400.0
14400,31.25,u_variance,0.023424382476756971,Center,m^2 s^-2,equal_mean_of_12_instantaneous_profiles,10800,14400,11100.0;11400.0;11700.0;12000.0;12300.0;12600.0;12900.0;13200.0;13500.0;13800.0;14100.0;14400.0
14400,43.75,u_variance,0.11848942190408707,Center,m^2 s^-2,equal_mean_of_12_instantaneous_profiles,10800,14400,11100.0;11400.0;11700.0;12000.0;12300.0;12600.0;12900.0;13200.0;13500.0;13800.0;14100.0;14400.0
14400,56.25,u_variance,0.09440568772455056,Center,m^2 s^-2,equal_mean_of_12_instantaneous_profiles,10800,14400,11100.0;11400.0;11700.0;12000.0;12300.0;12600.0;12900.0;13200.0;13500.0;13800.0;14100.0;14400.0
14400,68.75,u_variance,0.059885949517289795,Center,m^2 s^-2,equal_mean_of_12_instantaneous_profiles,10800,14400,11100.0;11400.0;11700.0;12000.0;12300.0;12600.0;12900.0;13200.0;13500.0;13800.0;14100.0;14400.0
14400,81.25,u_variance,0.026187463818738859,Center,m^2 s^-2,equal_mean_of_12_instantaneous_profiles,10800,14400,11100.0;11400.0;11700.0;12000.0;12300.0;12600.0;12900.0;13200.0;13500.0;13800.0;14100.0;14400.0
14400,93.75,u_variance,0.014278217102400959,Center,m^2 s^-2,equal_mean_of_12_instantaneous_profiles,10800,14400,11100.0;11400.0;11700.0;12000.0;12300.0;12600.0;12900.0;13200.0;13500.0;13800.0;14100.0;14400.0
14400,106.25,u_variance,0.011566222257291278,Center,m^2 s^-2,equal_mean_of_12_instantaneous_profiles,10800,14400,11100.0;11400.0;11700.0;12000.0;12300.0;12600.0;12900.0;13200.0;13500.0;13800.0;14100.0;14400.0
14400,118.75,u_variance,0.013849224274357161,Center,m^2 s^-2,equal_mean_of_12_instantaneous_profiles,10800,14400,11100.0;11400.0;11700.0;12000.0;12300.0;12600.0;12900.0;13200.0;13500.0;13800.0;14100.0;14400.0
14400,131.25,u_variance,0.017198566192140181,Center,m^2 s^-2,equal_mean_of_12_instantaneous_profiles,10800,14400,11100.0;11400.0;11700.0;12000.0;12300.0;12600.0;12900.0;13200.0;13500.0;13800.0;14100.0;14400.0
14400,143.75,u_variance,0.020635235744218033,Center,m^2 s^-2,equal_mean_of_12_instantaneous_profiles,10800,14400,11100.0;11400.0;11700.0;12000.0;12300.0;12600.0;12900.0;13200.0;13500.0;13800.0;14100.0;14400.0
14400,156.25,u_variance,0.031632977227369942,Center,m^2 s^-2,equal_mean_of_12_instantaneous_profiles,10800,14400,11100.0;11400.0;11700.0;12000.0;12300.0;12600.0;12900.0;13200.0;13500.0;13800.0;14100.0;14400.0
14400,168.75,u_variance,0.024367666880910594,Center,m^2 s^-2,equal_mean_of_12_instantaneous_profiles,10800,14400,11100.0;11400.0;11700.0;12000.0;12300.0;12600.0;12900.0;13200.0;13500.0;13800.0;14100.0;14400.0
14400,181.25,u_variance,0.015748545760288835,Center,m^2 s^-2,equal_mean_of_12_instantaneous_profiles,10800,14400,11100.0;11400.0;11700.0;12000.0;12300.0;12600.0;12900.0;13200.0;13500.0;13800.0;14100.0;14400.0
14400,193.75,u_variance,0.0074156695045530796,Center,m^2 s^-2,equal_mean_of_12_instantaneous_profiles,10800,14400,11100.0;11400.0;11700.0;12000.0;12300.0;12600.0;12900.0;13200.0;13500.0;13800.0;14100.0;14400.0
14400,206.25,u_variance,0.0020543631496063122,Center,m^2 s^-2,equal_mean_of_12_instantaneous_profiles,10800,14400,11100.0;11400.0;11700.0;12000.0;12300.0;12600.0;12900.0;13200.0;13500.0;13800.0;14100.0;14400.0
14400,218.75,u_variance,0.00090074249601457268,Center,m^2 s^-2,equal_mean_of_12_instantaneous_profiles,10800,14400,11100.0;11400.0;11700.0;12000.0;12300.0;12600.0;12900.0;13200.0;13500.0;13800.0;14100.0;14400.0
14400,231.25,u_variance,0.00063917406320494286,Center,m^2 s^-2,equal_mean_of_12_instantaneous_profiles,10800,14400,11100.0;11400.0;11700.0;12000.0;12300.0;12600.0;12900.0;13200.0;13500.0;13800.0;14100.0;14400.0
14400,243.75,u_variance,0.00042097476155807573,Center,m^2 s^-2,equal_mean_of_12_instantaneous_profiles,10800,14400,11100.0;11400.0;11700.0;12000.0;12300.0;12600.0;12900.0;13200.0;13500.0;13800.0;14100.0;14400.0
14400,256.25,u_variance,0.00028871735594293568,Center,m^2 s^-2,equal_mean_of_12_instantaneous_profiles,10800,14400,11100.0;11400.0;11700.0;12000.0;12300.0;12600.0;12900.0;13200.0;13500.0;13800.0;14100.0;14400.0
14400,268.75,u_variance,0.00022450050831442545,Center,m^2 s^-2,equal_mean_of_12_instantaneous_profiles,10800,14400,11100.0;11400.0;11700.0;12000.0;12300.0;12600.0;12900.0;13200.0;13500.0;13800.0;14100.0;14400.0
14400,281.25,u_variance,0.00017386325180268614,Center,m^2 s^-2,equal_mean_of_12_instantaneous_profiles,10800,14400,11100.0;11400.0;11700.0;12000.0;12300.0;12600.0;12900.0;13200.0;13500.0;13800.0;14100.0;14400.0
14400,293.75,u_variance,0.00013887279980432746,Center,m^2 s^-2,equal_mean_of_12_instantaneous_profiles,10800,14400,11100.0;11400.0;11700.0;12000.0;12300.0;12600.0;12900.0;13200.0;13500.0;13800.0;14100.0;14400.0
14400,306.25,u_variance,0.00011289602540879666,Center,m^2 s^-2,equal_mean_of_12_instantaneous_profiles,10800,14400,11100.0;11400.0;11700.0;12000.0;12300.0;12600.0;12900.0;13200.0;13500.0;13800.0;14100.0;14400.0
14400,318.75,u_variance,9.9419984053383814e-05,Center,m^2 s^-2,equal_mean_of_12_instantaneous_profiles,10800,14400,11100.0;11400.0;11700.0;12000.0;12300.0;12600.0;12900.0;13200.0;13500.0;13800.0;14100.0;14400.0
14400,331.25,u_variance,8.7461450069289029e-05,Center,m^2 s^-2,equal_mean_of_12_instantaneous_profiles,10800,14400,11100.0;11400.0;11700.0;12000.0;12300.0;12600.0;12900.0;13200.0;13500.0;13800.0;14100.0;14400.0
14400,343.75,u_variance,7.3133815931214485e-05,Center,m^2 s^-2,equal_mean_of_12_instantaneous_profiles,10800,14400,11100.0;11400.0;11700.0;12000.0;12300.0;12600.0;12900.0;13200.0;13500.0;13800.0;14100.0;14400.0
14400,356.25,u_variance,6.8046263246894042e-05,Center,m^2 s^-2,equal_mean_of_12_instantaneous_profiles,10800,14400,11100.0;11400.0;11700.0;12000.0;12300.0;12600.0;12900.0;13200.0;13500.0;13800.0;14100.0;14400.0
14400,368.75,u_variance,5.6824784072280941e-05,Center,m^2 s^-2,equal_mean_of_12_instantaneous_profiles,10800,14400,11100.0;11400.0;11700.0;12000.0;12300.0;12600.0;12900.0;13200.0;13500.0;13800.0;14100.0;14400.0
14400,381.25,u_variance,4.6725187985430239e-05,Center,m^2 s^-2,equal_mean_of_12_instantaneous_profiles,10800,14400,11100.0;11400.0;11700.0;12000.0;12300.0;12600.0;12900.0;13200.0;13500.0;13800.0;14100.0;14400.0
14400,393.75,u_variance,4.8064552250555913e-05,Center,m^2 s^-2,equal_mean_of_12_instantaneous_profiles,10800,14400,11100.0;11400.0;11700.0;12000.0;12300.0;12600.0;12900.0;13200.0;13500.0;13800.0;14100.0;14400.0
14400,406.25,u_variance,4.6515990864766842e-05,Center,m^2 s^-2,equal_mean_of_12_instantaneous_profiles,10800,14400,11100.0;11400.0;11700.0;12000.0;12300.0;12600.0;12900.0;13200.0;13500.0;13800.0;14100.0;14400.0
14400,418.75,u_variance,3.8562801061440645e-05,Center,m^2 s^-2,equal_mean_of_12_instantaneous_profiles,10800,14400,11100.0;11400.0;11700.0;12000.0;12300.0;12600.0;12900.0;13200.0;13500.0;13800.0;14100.0;14400.0
14400,431.25,u_variance,3.8543258294036299e-05,Center,m^2 s^-2,equal_mean_of_12_instantaneous_profiles,10800,14400,11100.0;11400.0;11700.0;12000.0;12300.0;12600.0;12900.0;13200.0;13500.0;13800.0;14100.0;14400.0
14400,443.75,u_variance,3.972233434978989e-05,Center,m^2 s^-2,equal_mean_of_12_instantaneous_profiles,10800,14400,11100.0;11400.0;11700.0;12000.0;12300.0;12600.0;12900.0;13200.0;13500.0;13800.0;14100.0;14400.0
14400,456.25,u_variance,4.2501875213929452e-05,Center,m^2 s^-2,equal_mean_of_12_instantaneous_profiles,10800,14400,11100.0;11400.0;11700.0;12000.0;12300.0;12600.0;12900.0;13200.0;13500.0;13800.0;14100.0;14400.0
14400,468.75,u_variance,4.7436754963806983e-05,Center,m^2 s^-2,equal_mean_of_12_instantaneous_profiles,10800,14400,11100.0;11400.0;11700.0;12000.0;12300.0;12600.0;12900.0;13200.0;13500.0;13800.0;14100.0;14400.0
14400,481.25,u_variance,6.7649284119397635e-05,Center,m^2 s^-2,equal_mean_of_12_instantaneous_profiles,10800,14400,11100.0;11400.0;11700.0;12000.0;12300.0;12600.0;12900.0;13200.0;13500.0;13800.0;14100.0;14400.0
14400,493.75,u_variance,7.4875899372273125e-05,Center,m^2 s^-2,equal_mean_of_12_instantaneous_profiles,10800,14400,11100.0;11400.0;11700.0;12000.0;12300.0;12600.0;12900.0;13200.0;13500.0;13800.0;14100.0;14400.0
14400,506.25,u_variance,7.5125222792848945e-05,Center,m^2 s^-2,equal_mean_of_12_instantaneous_profiles,10800,14400,11100.0;11400.0;11700.0;12000.0;12300.0;12600.0;12900.0;13200.0;13500.0;13800.0;14100.0;14400.0
14400,518.75,u_variance,8.6200760658054307e-05,Center,m^2 s^-2,equal_mean_of_12_instantaneous_profiles,10800,14400,11100.0;11400.0;11700.0;12000.0;12300.0;12600.0;12900.0;13200.0;13500.0;13800.0;14100.0;14400.0
14400,531.25,u_variance,0.00010287092845828738,Center,m^2 s^-2,equal_mean_of_12_instantaneous_profiles,10800,14400,11100.0;11400.0;11700.0;12000.0;12300.0;12600.0;12900.0;13200.0;13500.0;13800.0;14100.0;14400.0
14400,543.75,u_variance,0.00012925887373664105,Center,m^2 s^-2,equal_mean_of_12_instantaneous_profiles,10800,14400,11100.0;11400.0;11700.0;12000.0;12300.0;12600.0;12900.0;13200.0;13500.0;13800.0;14100.0;14400.0
14400,556.25,u_variance,0.00016766549742897041,Center,m^2 s^-2,equal_mean_of_12_instantaneous_profiles,10800,14400,11100.0;11400.0;11700.0;12000.0;12300.0;12600.0;12900.0;13200.0;13500.0;13800.0;14100.0;14400.0
14400,568.75,u_variance,0.00021708300725246468,Center,m^2 s^-2,equal_mean_of_12_instantaneous_profiles,10800,14400,11100.0;11400.0;11700.0;12000.0;12300.0;12600.0;12900.0;13200.0;13500.0;13800.0;14100.0;14400.0
14400,581.25,u_variance,0.00033409079818132642,Center,m^2 s^-2,equal_mean_of_12_instantaneous_profiles,10800,14400,11100.0;11400.0;11700.0;12000.0;12300.0;12600.0;12900.0;13200.0;13500.0;13800.0;14100.0;14400.0
14400,593.75,u_variance,0.00062298073074392357,Center,m^2 s^-2,equal_mean_of_12_instantaneous_profiles,10800,14400,11100.0;11400.0;11700.0;12000.0;12300.0;12600.0;12900.0;13200.0;13500.0;13800.0;14100.0;14400.0
14400,606.25,u_variance,0.0012367132536989327,Center,m^2 s^-2,equal_mean_of_12_instantaneous_profiles,10800,14400,11100.0;11400.0;11700.0;12000.0;12300.0;12600.0;12900.0;13200.0;13500.0;13800.0;14100.0;14400.0
14400,618.75,u_variance,0.0022442707268055528,Center,m^2 s^-2,equal_mean_of_12_instantaneous_profiles,10800,14400,11100.0;11400.0;11700.0;12000.0;12300.0;12600.0;12900.0;13200.0;13500.0;13800.0;14100.0;14400.0
14400,631.25,u_variance,0.0030528390392040214,Center,m^2 s^-2,equal_mean_of_12_instantaneous_profiles,10800,14400,11100.0;11400.0;11700.0;12000.0;12300.0;12600.0;12900.0;13200.0;13500.0;13800.0;14100.0;14400.0
14400,643.75,u_variance,0.0040432068053632975,Center,m^2 s^-2,equal_mean_of_12_instantaneous_profiles,10800,14400,11100.0;11400.0;11700.0;12000.0;12300.0;12600.0;12900.0;13200.0;13500.0;13800.0;14100.0;14400.0
14400,656.25,u_variance,0.004498515122880538,Center,m^2 s^-2,equal_mean_of_12_instantaneous_profiles,10800,14400,11100.0;11400.0;11700.0;12000.0;12300.0;12600.0;12900.0;13200.0;13500.0;13800.0;14100.0;14400.0
14400,668.75,u_variance,0.0044538247748278081,Center,m^2 s^-2,equal_mean_of_12_instantaneous_profiles,10800,14400,11100.0;11400.0;11700.0;12000.0;12300.0;12600.0;12900.0;13200.0;13500.0;13800.0;14100.0;14400.0
14400,681.25,u_variance,0.0045665748766623437,Center,m^2 s^-2,equal_mean_of_12_instantaneous_profiles,10800,14400,11100.0;11400.0;11700.0;12000.0;12300.0;12600.0;12900.0;13200.0;13500.0;13800.0;14100.0;14400.0
14400,693.75,u_variance,0.0041921720840036869,Center,m^2 s^-2,equal_mean_of_12_instantaneous_profiles,10800,14400,11100.0;11400.0;11700.0;12000.0;12300.0;12600.0;12900.0;13200.0;13500.0;13800.0;14100.0;14400.0
14400,706.25,u_variance,0.0031727460639861724,Center,m^2 s^-2,equal_mean_of_12_instantaneous_profiles,10800,14400,11100.0;11400.0;11700.0;12000.0;12300.0;12600.0;12900.0;13200.0;13500.0;13800.0;14100.0;14400.0
14400,718.75,u_variance,0.0018727973996040721,Center,m^2 s^-2,equal_mean_of_12_instantaneous_profiles,10800,14400,11100.0;11400.0;11700.0;12000.0;12300.0;12600.0;12900.0;13200.0;13500.0;13800.0;14100.0;14400.0
14400,731.25,u_variance,0.0010469792954002817,Center,m^2 s^-2,equal_mean_of_12_instantaneous_profiles,10800,14400,11100.0;11400.0;11700.0;12000.0;12300.0;12600.0;12900.0;13200.0;13500.0;13800.0;14100.0;14400.0
14400,743.75,u_variance,0.00058424749052695313,Center,m^2 s^-2,equal_mean_of_12_instantaneous_profiles,10800,14400,11100.0;11400.0;11700.0;12000.0;12300.0;12600.0;12900.0;13200.0;13500.0;13800.0;14100.0;14400.0
14400,756.25,u_variance,0.00034434571959233534,Center,m^2 s^-2,equal_mean_of_12_instantaneous_profiles,10800,14400,11100.0;11400.0;11700.0;12000.0;12300.0;12600.0;12900.0;13200.0;13500.0;13800.0;14100.0;14400.0
14400,768.75,u_variance,0.00023164357844507322,Center,m^2 s^-2,equal_mean_of_12_instantaneous_profiles,10800,14400,11100.0;11400.0;11700.0;12000.0;12300.0;12600.0;12900.0;13200.0;13500.0;13800.0;14100.0;14400.0
14400,781.25,u_variance,0.00036648208758075879,Center,m^2 s^-2,equal_mean_of_12_instantaneous_profiles,10800,14400,11100.0;11400.0;11700.0;12000.0;12300.0;12600.0;12900.0;13200.0;13500.0;13800.0;14100.0;14400.0
14400,793.75,u_variance,0.00064472523930210934,Center,m^2 s^-2,equal_mean_of_12_instantaneous_profiles,10800,14400,11100.0;11400.0;11700.0;12000.0;12300.0;12600.0;12900.0;13200.0;13500.0;13800.0;14100.0;14400.0
14400,6.25,v_mean,-0.20947934438784918,Center,m s^-1,equal_mean_of_12_instantaneous_profiles,10800,14400,11100.0;11400.0;11700.0;12000.0;12300.0;12600.0;12900.0;13200.0;13500.0;13800.0;14100.0;14400.0
14400,18.75,v_mean,-0.20800537491838136,Center,m s^-1,equal_mean_of_12_instantaneous_profiles,10800,14400,11100.0;11400.0;11700.0;12000.0;12300.0;12600.0;12900.0;13200.0;13500.0;13800.0;14100.0;14400.0
14400,31.25,v_mean,-0.17341405898332596,Center,m s^-1,equal_mean_of_12_instantaneous_profiles,10800,14400,11100.0;11400.0;11700.0;12000.0;12300.0;12600.0;12900.0;13200.0;13500.0;13800.0;14100.0;14400.0
14400,43.75,v_mean,0.061332738803078733,Center,m s^-1,equal_mean_of_12_instantaneous_profiles,10800,14400,11100.0;11400.0;11700.0;12000.0;12300.0;12600.0;12900.0;13200.0;13500.0;13800.0;14100.0;14400.0
14400,56.25,v_mean,0.42093159010012943,Center,m s^-1,equal_mean_of_12_instantaneous_profiles,10800,14400,11100.0;11400.0;11700.0;12000.0;12300.0;12600.0;12900.0;13200.0;13500.0;13800.0;14100.0;14400.0
14400,68.75,v_mean,1.1021832724412282,Center,m s^-1,equal_mean_of_12_instantaneous_profiles,10800,14400,11100.0;11400.0;11700.0;12000.0;12300.0;12600.0;12900.0;13200.0;13500.0;13800.0;14100.0;14400.0
14400,81.25,v_mean,2.0268062353134155,Center,m s^-1,equal_mean_of_12_instantaneous_profiles,10800,14400,11100.0;11400.0;11700.0;12000.0;12300.0;12600.0;12900.0;13200.0;13500.0;13800.0;14100.0;14400.0
14400,93.75,v_mean,3.0103368759155273,Center,m s^-1,equal_mean_of_12_instantaneous_profiles,10800,14400,11100.0;11400.0;11700.0;12000.0;12300.0;12600.0;12900.0;13200.0;13500.0;13800.0;14100.0;14400.0
14400,106.25,v_mean,3.9385677377382913,Center,m s^-1,equal_mean_of_12_instantaneous_profiles,10800,14400,11100.0;11400.0;11700.0;12000.0;12300.0;12600.0;12900.0;13200.0;13500.0;13800.0;14100.0;14400.0
14400,118.75,v_mean,4.7769263188044233,Center,m s^-1,equal_mean_of_12_instantaneous_profiles,10800,14400,11100.0;11400.0;11700.0;12000.0;12300.0;12600.0;12900.0;13200.0;13500.0;13800.0;14100.0;14400.0
14400,131.25,v_mean,5.4924578666687012,Center,m s^-1,equal_mean_of_12_instantaneous_profiles,10800,14400,11100.0;11400.0;11700.0;12000.0;12300.0;12600.0;12900.0;13200.0;13500.0;13800.0;14100.0;14400.0
14400,143.75,v_mean,6.0609311262766523,Center,m s^-1,equal_mean_of_12_instantaneous_profiles,10800,14400,11100.0;11400.0;11700.0;12000.0;12300.0;12600.0;12900.0;13200.0;13500.0;13800.0;14100.0;14400.0
14400,156.25,v_mean,6.4058612585067749,Center,m s^-1,equal_mean_of_12_instantaneous_profiles,10800,14400,11100.0;11400.0;11700.0;12000.0;12300.0;12600.0;12900.0;13200.0;13500.0;13800.0;14100.0;14400.0
14400,168.75,v_mean,6.4796676635742188,Center,m s^-1,equal_mean_of_12_instantaneous_profiles,10800,14400,11100.0;11400.0;11700.0;12000.0;12300.0;12600.0;12900.0;13200.0;13500.0;13800.0;14100.0;14400.0
14400,181.25,v_mean,6.2891871929168701,Center,m s^-1,equal_mean_of_12_instantaneous_profiles,10800,14400,11100.0;11400.0;11700.0;12000.0;12300.0;12600.0;12900.0;13200.0;13500.0;13800.0;14100.0;14400.0
14400,193.75,v_mean,5.9518450895945234,Center,m s^-1,equal_mean_of_12_instantaneous_profiles,10800,14400,11100.0;11400.0;11700.0;12000.0;12300.0;12600.0;12900.0;13200.0;13500.0;13800.0;14100.0;14400.0
14400,206.25,v_mean,5.6111386219660444,Center,m s^-1,equal_mean_of_12_instantaneous_profiles,10800,14400,11100.0;11400.0;11700.0;12000.0;12300.0;12600.0;12900.0;13200.0;13500.0;13800.0;14100.0;14400.0
14400,218.75,v_mean,5.3460748990376787,Center,m s^-1,equal_mean_of_12_instantaneous_profiles,10800,14400,11100.0;11400.0;11700.0;12000.0;12300.0;12600.0;12900.0;13200.0;13500.0;13800.0;14100.0;14400.0
14400,231.25,v_mean,5.1427809794743853,Center,m s^-1,equal_mean_of_12_instantaneous_profiles,10800,14400,11100.0;11400.0;11700.0;12000.0;12300.0;12600.0;12900.0;13200.0;13500.0;13800.0;14100.0;14400.0
14400,243.75,v_mean,4.9618100722630816,Center,m s^-1,equal_mean_of_12_instantaneous_profiles,10800,14400,11100.0;11400.0;11700.0;12000.0;12300.0;12600.0;12900.0;13200.0;13500.0;13800.0;14100.0;14400.0
14400,256.25,v_mean,4.7951513926188154,Center,m s^-1,equal_mean_of_12_instantaneous_profiles,10800,14400,11100.0;11400.0;11700.0;12000.0;12300.0;12600.0;12900.0;13200.0;13500.0;13800.0;14100.0;14400.0
14400,268.75,v_mean,4.6641943454742432,Center,m s^-1,equal_mean_of_12_instantaneous_profiles,10800,14400,11100.0;11400.0;11700.0;12000.0;12300.0;12600.0;12900.0;13200.0;13500.0;13800.0;14100.0;14400.0
14400,281.25,v_mean,4.5677431027094526,Center,m s^-1,equal_mean_of_12_instantaneous_profiles,10800,14400,11100.0;11400.0;11700.0;12000.0;12300.0;12600.0;12900.0;13200.0;13500.0;13800.0;14100.0;14400.0
14400,293.75,v_mean,4.4839125474294024,Center,m s^-1,equal_mean_of_12_instantaneous_profiles,10800,14400,11100.0;11400.0;11700.0;12000.0;12300.0;12600.0;12900.0;13200.0;13500.0;13800.0;14100.0;14400.0
14400,306.25,v_mean,4.4097344875335693,Center,m s^-1,equal_mean_of_12_instantaneous_profiles,10800,14400,11100.0;11400.0;11700.0;12000.0;12300.0;12600.0;12900.0;13200.0;13500.0;13800.0;14100.0;14400.0
14400,318.75,v_mean,4.358023464679718,Center,m s^-1,equal_mean_of_12_instantaneous_profiles,10800,14400,11100.0;11400.0;11700.0;12000.0;12300.0;12600.0;12900.0;13200.0;13500.0;13800.0;14100.0;14400.0
14400,331.25,v_mean,4.3254279891649885,Center,m s^-1,equal_mean_of_12_instantaneous_profiles,10800,14400,11100.0;11400.0;11700.0;12000.0;12300.0;12600.0;12900.0;13200.0;13500.0;13800.0;14100.0;14400.0
14400,343.75,v_mean,4.2970312039057417,Center,m s^-1,equal_mean_of_12_instantaneous_profiles,10800,14400,11100.0;11400.0;11700.0;12000.0;12300.0;12600.0;12900.0;13200.0;13500.0;13800.0;14100.0;14400.0
14400,356.25,v_mean,4.2672719955444336,Center,m s^-1,equal_mean_of_12_instantaneous_profiles,10800,14400,11100.0;11400.0;11700.0;12000.0;12300.0;12600.0;12900.0;13200.0;13500.0;13800.0;14100.0;14400.0
14400,368.75,v_mean,4.2397083838780718,Center,m s^-1,equal_mean_of_12_instantaneous_profiles,10800,14400,11100.0;11400.0;11700.0;12000.0;12300.0;12600.0;12900.0;13200.0;13500.0;13800.0;14100.0;14400.0
14400,381.25,v_mean,4.2154880364735918,Center,m s^-1,equal_mean_of_12_instantaneous_profiles,10800,14400,11100.0;11400.0;11700.0;12000.0;12300.0;12600.0;12900.0;13200.0;13500.0;13800.0;14100.0;14400.0
14400,393.75,v_mean,4.1924983859062195,Center,m s^-1,equal_mean_of_12_instantaneous_profiles,10800,14400,11100.0;11400.0;11700.0;12000.0;12300.0;12600.0;12900.0;13200.0;13500.0;13800.0;14100.0;14400.0
14400,406.25,v_mean,4.1687426765759783,Center,m s^-1,equal_mean_of_12_instantaneous_profiles,10800,14400,11100.0;11400.0;11700.0;12000.0;12300.0;12600.0;12900.0;13200.0;13500.0;13800.0;14100.0;14400.0
14400,418.75,v_mean,4.1390964587529497,Center,m s^-1,equal_mean_of_12_instantaneous_profiles,10800,14400,11100.0;11400.0;11700.0;12000.0;12300.0;12600.0;12900.0;13200.0;13500.0;13800.0;14100.0;14400.0
14400,431.25,v_mean,4.0973354379336042,Center,m s^-1,equal_mean_of_12_instantaneous_profiles,10800,14400,11100.0;11400.0;11700.0;12000.0;12300.0;12600.0;12900.0;13200.0;13500.0;13800.0;14100.0;14400.0
14400,443.75,v_mean,4.0457252065340681,Center,m s^-1,equal_mean_of_12_instantaneous_profiles,10800,14400,11100.0;11400.0;11700.0;12000.0;12300.0;12600.0;12900.0;13200.0;13500.0;13800.0;14100.0;14400.0
14400,456.25,v_mean,3.9884601831436157,Center,m s^-1,equal_mean_of_12_instantaneous_profiles,10800,14400,11100.0;11400.0;11700.0;12000.0;12300.0;12600.0;12900.0;13200.0;13500.0;13800.0;14100.0;14400.0
14400,468.75,v_mean,3.9172995885213218,Center,m s^-1,equal_mean_of_12_instantaneous_profiles,10800,14400,11100.0;11400.0;11700.0;12000.0;12300.0;12600.0;12900.0;13200.0;13500.0;13800.0;14100.0;14400.0
14400,481.25,v_mean,3.8281901677449546,Center,m s^-1,equal_mean_of_12_instantaneous_profiles,10800,14400,11100.0;11400.0;11700.0;12000.0;12300.0;12600.0;12900.0;13200.0;13500.0;13800.0;14100.0;14400.0
14400,493.75,v_mean,3.7341283957163491,Center,m s^-1,equal_mean_of_12_instantaneous_profiles,10800,14400,11100.0;11400.0;11700.0;12000.0;12300.0;12600.0;12900.0;13200.0;13500.0;13800.0;14100.0;14400.0
14400,506.25,v_mean,3.6429995497067771,Center,m s^-1,equal_mean_of_12_instantaneous_profiles,10800,14400,11100.0;11400.0;11700.0;12000.0;12300.0;12600.0;12900.0;13200.0;13500.0;13800.0;14100.0;14400.0
14400,518.75,v_mean,3.5423877636591592,Center,m s^-1,equal_mean_of_12_instantaneous_profiles,10800,14400,11100.0;11400.0;11700.0;12000.0;12300.0;12600.0;12900.0;13200.0;13500.0;13800.0;14100.0;14400.0
14400,531.25,v_mean,3.4164432287216187,Center,m s^-1,equal_mean_of_12_instantaneous_profiles,10800,14400,11100.0;11400.0;11700.0;12000.0;12300.0;12600.0;12900.0;13200.0;13500.0;13800.0;14100.0;14400.0
14400,543.75,v_mean,3.2691881656646729,Center,m s^-1,equal_mean_of_12_instantaneous_profiles,10800,14400,11100.0;11400.0;11700.0;12000.0;12300.0;12600.0;12900.0;13200.0;13500.0;13800.0;14100.0;14400.0
14400,556.25,v_mean,3.1109321713447571,Center,m s^-1,equal_mean_of_12_instantaneous_profiles,10800,14400,11100.0;11400.0;11700.0;12000.0;12300.0;12600.0;12900.0;13200.0;13500.0;13800.0;14100.0;14400.0
14400,568.75,v_mean,2.9417118032773337,Center,m s^-1,equal_mean_of_12_instantaneous_profiles,10800,14400,11100.0;11400.0;11700.0;12000.0;12300.0;12600.0;12900.0;13200.0;13500.0;13800.0;14100.0;14400.0
14400,581.25,v_mean,2.7540625333786011,Center,m s^-1,equal_mean_of_12_instantaneous_profiles,10800,14400,11100.0;11400.0;11700.0;12000.0;12300.0;12600.0;12900.0;13200.0;13500.0;13800.0;14100.0;14400.0
14400,593.75,v_mean,2.5485739707946777,Center,m s^-1,equal_mean_of_12_instantaneous_profiles,10800,14400,11100.0;11400.0;11700.0;12000.0;12300.0;12600.0;12900.0;13200.0;13500.0;13800.0;14100.0;14400.0
14400,606.25,v_mean,2.3293407956759133,Center,m s^-1,equal_mean_of_12_instantaneous_profiles,10800,14400,11100.0;11400.0;11700.0;12000.0;12300.0;12600.0;12900.0;13200.0;13500.0;13800.0;14100.0;14400.0
14400,618.75,v_mean,2.0996883312861123,Center,m s^-1,equal_mean_of_12_instantaneous_profiles,10800,14400,11100.0;11400.0;11700.0;12000.0;12300.0;12600.0;12900.0;13200.0;13500.0;13800.0;14100.0;14400.0
14400,631.25,v_mean,1.8634480535984039,Center,m s^-1,equal_mean_of_12_instantaneous_profiles,10800,14400,11100.0;11400.0;11700.0;12000.0;12300.0;12600.0;12900.0;13200.0;13500.0;13800.0;14100.0;14400.0
14400,643.75,v_mean,1.6459308664004009,Center,m s^-1,equal_mean_of_12_instantaneous_profiles,10800,14400,11100.0;11400.0;11700.0;12000.0;12300.0;12600.0;12900.0;13200.0;13500.0;13800.0;14100.0;14400.0
14400,656.25,v_mean,1.4481040636698406,Center,m s^-1,equal_mean_of_12_instantaneous_profiles,10800,14400,11100.0;11400.0;11700.0;12000.0;12300.0;12600.0;12900.0;13200.0;13500.0;13800.0;14100.0;14400.0
14400,668.75,v_mean,1.2508118848005931,Center,m s^-1,equal_mean_of_12_instantaneous_profiles,10800,14400,11100.0;11400.0;11700.0;12000.0;12300.0;12600.0;12900.0;13200.0;13500.0;13800.0;14100.0;14400.0
14400,681.25,v_mean,1.0437937676906586,Center,m s^-1,equal_mean_of_12_instantaneous_profiles,10800,14400,11100.0;11400.0;11700.0;12000.0;12300.0;12600.0;12900.0;13200.0;13500.0;13800.0;14100.0;14400.0
14400,693.75,v_mean,0.83562669903039932,Center,m s^-1,equal_mean_of_12_instantaneous_profiles,10800,14400,11100.0;11400.0;11700.0;12000.0;12300.0;12600.0;12900.0;13200.0;13500.0;13800.0;14100.0;14400.0
14400,706.25,v_mean,0.60400501887003577,Center,m s^-1,equal_mean_of_12_instantaneous_profiles,10800,14400,11100.0;11400.0;11700.0;12000.0;12300.0;12600.0;12900.0;13200.0;13500.0;13800.0;14100.0;14400.0
14400,718.75,v_mean,0.34700720819334191,Center,m s^-1,equal_mean_of_12_instantaneous_profiles,10800,14400,11100.0;11400.0;11700.0;12000.0;12300.0;12600.0;12900.0;13200.0;13500.0;13800.0;14100.0;14400.0
14400,731.25,v_mean,0.11081306186194222,Center,m s^-1,equal_mean_of_12_instantaneous_profiles,10800,14400,11100.0;11400.0;11700.0;12000.0;12300.0;12600.0;12900.0;13200.0;13500.0;13800.0;14100.0;14400.0
14400,743.75,v_mean,-0.10322748574738701,Center,m s^-1,equal_mean_of_12_instantaneous_profiles,10800,14400,11100.0;11400.0;11700.0;12000.0;12300.0;12600.0;12900.0;13200.0;13500.0;13800.0;14100.0;14400.0
14400,756.25,v_mean,-0.30187322391429916,Center,m s^-1,equal_mean_of_12_instantaneous_profiles,10800,14400,11100.0;11400.0;11700.0;12000.0;12300.0;12600.0;12900.0;13200.0;13500.0;13800.0;14100.0;14400.0
14400,768.75,v_mean,-0.4788266122341156,Center,m s^-1,equal_mean_of_12_instantaneous_profiles,10800,14400,11100.0;11400.0;11700.0;12000.0;12300.0;12600.0;12900.0;13200.0;13500.0;13800.0;14100.0;14400.0
14400,781.25,v_mean,-0.62685063729683554,Center,m s^-1,equal_mean_of_12_instantaneous_profiles,10800,14400,11100.0;11400.0;11700.0;12000.0;12300.0;12600.0;12900.0;13200.0;13500.0;13800.0;14100.0;14400.0
14400,793.75,v_mean,-0.75828683376312256,Center,m s^-1,equal_mean_of_12_instantaneous_profiles,10800,14400,11100.0;11400.0;11700.0;12000.0;12300.0;12600.0;12900.0;13200.0;13500.0;13800.0;14100.0;14400.0
14400,6.25,v_variance,0.0040862717432901263,Center,m^2 s^-2,equal_mean_of_12_instantaneous_profiles,10800,14400,11100.0;11400.0;11700.0;12000.0;12300.0;12600.0;12900.0;13200.0;13500.0;13800.0;14100.0;14400.0
14400,18.75,v_variance,0.0054375494364649057,Center,m^2 s^-2,equal_mean_of_12_instantaneous_profiles,10800,14400,11100.0;11400.0;11700.0;12000.0;12300.0;12600.0;12900.0;13200.0;13500.0;13800.0;14100.0;14400.0
14400,31.25,v_variance,0.0092247702802220975,Center,m^2 s^-2,equal_mean_of_12_instantaneous_profiles,10800,14400,11100.0;11400.0;11700.0;12000.0;12300.0;12600.0;12900.0;13200.0;13500.0;13800.0;14100.0;14400.0
14400,43.75,v_variance,0.036178611529370151,Center,m^2 s^-2,equal_mean_of_12_instantaneous_profiles,10800,14400,11100.0;11400.0;11700.0;12000.0;12300.0;12600.0;12900.0;13200.0;13500.0;13800.0;14100.0;14400.0
14400,56.25,v_variance,0.052862365109225116,Center,m^2 s^-2,equal_mean_of_12_instantaneous_profiles,10800,14400,11100.0;11400.0;11700.0;12000.0;12300.0;12600.0;12900.0;13200.0;13500.0;13800.0;14100.0;14400.0
14400,68.75,v_variance,0.060730599798262119,Center,m^2 s^-2,equal_mean_of_12_instantaneous_profiles,10800,14400,11100.0;11400.0;11700.0;12000.0;12300.0;12600.0;12900.0;13200.0;13500.0;13800.0;14100.0;14400.0
14400,81.25,v_variance,0.061601356292764343,Center,m^2 s^-2,equal_mean_of_12_instantaneous_profiles,10800,14400,11100.0;11400.0;11700.0;12000.0;12300.0;12600.0;12900.0;13200.0;13500.0;13800.0;14100.0;14400.0
14400,93.75,v_variance,0.05169200710952282,Center,m^2 s^-2,equal_mean_of_12_instantaneous_profiles,10800,14400,11100.0;11400.0;11700.0;12000.0;12300.0;12600.0;12900.0;13200.0;13500.0;13800.0;14100.0;14400.0
14400,106.25,v_variance,0.033505061796555914,Center,m^2 s^-2,equal_mean_of_12_instantaneous_profiles,10800,14400,11100.0;11400.0;11700.0;12000.0;12300.0;12600.0;12900.0;13200.0;13500.0;13800.0;14100.0;14400.0
14400,118.75,v_variance,0.029801041974375646,Center,m^2 s^-2,equal_mean_of_12_instantaneous_profiles,10800,14400,11100.0;11400.0;11700.0;12000.0;12300.0;12600.0;12900.0;13200.0;13500.0;13800.0;14100.0;14400.0
14400,131.25,v_variance,0.020706856856122613,Center,m^2 s^-2,equal_mean_of_12_instantaneous_profiles,10800,14400,11100.0;11400.0;11700.0;12000.0;12300.0;12600.0;12900.0;13200.0;13500.0;13800.0;14100.0;14400.0
14400,143.75,v_variance,0.013414954689020911,Center,m^2 s^-2,equal_mean_of_12_instantaneous_profiles,10800,14400,11100.0;11400.0;11700.0;12000.0;12300.0;12600.0;12900.0;13200.0;13500.0;13800.0;14100.0;14400.0
14400,156.25,v_variance,0.0071724279162784415,Center,m^2 s^-2,equal_mean_of_12_instantaneous_profiles,10800,14400,11100.0;11400.0;11700.0;12000.0;12300.0;12600.0;12900.0;13200.0;13500.0;13800.0;14100.0;14400.0
14400,168.75,v_variance,0.0048226801057656603,Center,m^2 s^-2,equal_mean_of_12_instantaneous_profiles,10800,14400,11100.0;11400.0;11700.0;12000.0;12300.0;12600.0;12900.0;13200.0;13500.0;13800.0;14100.0;14400.0
14400,181.25,v_variance,0.0051970945787616074,Center,m^2 s^-2,equal_mean_of_12_instantaneous_profiles,10800,14400,11100.0;11400.0;11700.0;12000.0;12300.0;12600.0;12900.0;13200.0;13500.0;13800.0;14100.0;14400.0
14400,193.75,v_variance,0.0064161303841198487,Center,m^2 s^-2,equal_mean_of_12_instantaneous_profiles,10800,14400,11100.0;11400.0;11700.0;12000.0;12300.0;12600.0;12900.0;13200.0;13500.0;13800.0;14100.0;14400.0
14400,206.25,v_variance,0.0036228375004914901,Center,m^2 s^-2,equal_mean_of_12_instantaneous_profiles,10800,14400,11100.0;11400.0;11700.0;12000.0;12300.0;12600.0;12900.0;13200.0;13500.0;13800.0;14100.0;14400.0
14400,218.75,v_variance,0.001510849916182148,Center,m^2 s^-2,equal_mean_of_12_instantaneous_profiles,10800,14400,11100.0;11400.0;11700.0;12000.0;12300.0;12600.0;12900.0;13200.0;13500.0;13800.0;14100.0;14400.0
14400,231.25,v_variance,0.00080645901713675505,Center,m^2 s^-2,equal_mean_of_12_instantaneous_profiles,10800,14400,11100.0;11400.0;11700.0;12000.0;12300.0;12600.0;12900.0;13200.0;13500.0;13800.0;14100.0;14400.0
14400,243.75,v_variance,0.00056071318491982913,Center,m^2 s^-2,equal_mean_of_12_instantaneous_profiles,10800,14400,11100.0;11400.0;11700.0;12000.0;12300.0;12600.0;12900.0;13200.0;13500.0;13800.0;14100.0;14400.0
14400,256.25,v_variance,0.00037095031075295992,Center,m^2 s^-2,equal_mean_of_12_instantaneous_profiles,10800,14400,11100.0;11400.0;11700.0;12000.0;12300.0;12600.0;12900.0;13200.0;13500.0;13800.0;14100.0;14400.0
14400,268.75,v_variance,0.00021279762283180995,Center,m^2 s^-2,equal_mean_of_12_instantaneous_profiles,10800,14400,11100.0;11400.0;11700.0;12000.0;12300.0;12600.0;12900.0;13200.0;13500.0;13800.0;14100.0;14400.0
14400,281.25,v_variance,0.00014112270491750678,Center,m^2 s^-2,equal_mean_of_12_instantaneous_profiles,10800,14400,11100.0;11400.0;11700.0;12000.0;12300.0;12600.0;12900.0;13200.0;13500.0;13800.0;14100.0;14400.0
14400,293.75,v_variance,0.00011525165170193456,Center,m^2 s^-2,equal_mean_of_12_instantaneous_profiles,10800,14400,11100.0;11400.0;11700.0;12000.0;12300.0;12600.0;12900.0;13200.0;13500.0;13800.0;14100.0;14400.0
14400,306.25,v_variance,7.3366158176213503e-05,Center,m^2 s^-2,equal_mean_of_12_instantaneous_profiles,10800,14400,11100.0;11400.0;11700.0;12000.0;12300.0;12600.0;12900.0;13200.0;13500.0;13800.0;14100.0;14400.0
14400,318.75,v_variance,4.1322894655119548e-05,Center,m^2 s^-2,equal_mean_of_12_instantaneous_profiles,10800,14400,11100.0;11400.0;11700.0;12000.0;12300.0;12600.0;12900.0;13200.0;13500.0;13800.0;14100.0;14400.0
14400,331.25,v_variance,3.0305692386415711e-05,Center,m^2 s^-2,equal_mean_of_12_instantaneous_profiles,10800,14400,11100.0;11400.0;11700.0;12000.0;12300.0;12600.0;12900.0;13200.0;13500.0;13800.0;14100.0;14400.0
14400,343.75,v_variance,2.6599516180188704e-05,Center,m^2 s^-2,equal_mean_of_12_instantaneous_profiles,10800,14400,11100.0;11400.0;11700.0;12000.0;12300.0;12600.0;12900.0;13200.0;13500.0;13800.0;14100.0;14400.0
14400,356.25,v_variance,2.3309994389819622e-05,Center,m^2 s^-2,equal_mean_of_12_instantaneous_profiles,10800,14400,11100.0;11400.0;11700.0;12000.0;12300.0;12600.0;12900.0;13200.0;13500.0;13800.0;14100.0;14400.0
14400,368.75,v_variance,2.0216120522794274e-05,Center,m^2 s^-2,equal_mean_of_12_instantaneous_profiles,10800,14400,11100.0;11400.0;11700.0;12000.0;12300.0;12600.0;12900.0;13200.0;13500.0;13800.0;14100.0;14400.0
14400,381.25,v_variance,1.7754818221267971e-05,Center,m^2 s^-2,equal_mean_of_12_instantaneous_profiles,10800,14400,11100.0;11400.0;11700.0;12000.0;12300.0;12600.0;12900.0;13200.0;13500.0;13800.0;14100.0;14400.0
14400,393.75,v_variance,1.7139008074688416e-05,Center,m^2 s^-2,equal_mean_of_12_instantaneous_profiles,10800,14400,11100.0;11400.0;11700.0;12000.0;12300.0;12600.0;12900.0;13200.0;13500.0;13800.0;14100.0;14400.0
14400,406.25,v_variance,1.7899768939363032e-05,Center,m^2 s^-2,equal_mean_of_12_instantaneous_profiles,10800,14400,11100.0;11400.0;11700.0;12000.0;12300.0;12600.0;12900.0;13200.0;13500.0;13800.0;14100.0;14400.0
14400,418.75,v_variance,1.9189205621235789e-05,Center,m^2 s^-2,equal_mean_of_12_instantaneous_profiles,10800,14400,11100.0;11400.0;11700.0;12000.0;12300.0;12600.0;12900.0;13200.0;13500.0;13800.0;14100.0;14400.0
14400,431.25,v_variance,2.6554351544897752e-05,Center,m^2 s^-2,equal_mean_of_12_instantaneous_profiles,10800,14400,11100.0;11400.0;11700.0;12000.0;12300.0;12600.0;12900.0;13200.0;13500.0;13800.0;14100.0;14400.0
14400,443.75,v_variance,3.3813605341492803e-05,Center,m^2 s^-2,equal_mean_of_12_instantaneous_profiles,10800,14400,11100.0;11400.0;11700.0;12000.0;12300.0;12600.0;12900.0;13200.0;13500.0;13800.0;14100.0;14400.0
14400,456.25,v_variance,4.1023836426271977e-05,Center,m^2 s^-2,equal_mean_of_12_instantaneous_profiles,10800,14400,11100.0;11400.0;11700.0;12000.0;12300.0;12600.0;12900.0;13200.0;13500.0;13800.0;14100.0;14400.0
14400,468.75,v_variance,7.7447348454976847e-05,Center,m^2 s^-2,equal_mean_of_12_instantaneous_profiles,10800,14400,11100.0;11400.0;11700.0;12000.0;12300.0;12600.0;12900.0;13200.0;13500.0;13800.0;14100.0;14400.0
14400,481.25,v_variance,0.00012065499928818706,Center,m^2 s^-2,equal_mean_of_12_instantaneous_profiles,10800,14400,11100.0;11400.0;11700.0;12000.0;12300.0;12600.0;12900.0;13200.0;13500.0;13800.0;14100.0;14400.0
14400,493.75,v_variance,0.00014014726305807321,Center,m^2 s^-2,equal_mean_of_12_instantaneous_profiles,10800,14400,11100.0;11400.0;11700.0;12000.0;12300.0;12600.0;12900.0;13200.0;13500.0;13800.0;14100.0;14400.0
14400,506.25,v_variance,0.00014548128516859529,Center,m^2 s^-2,equal_mean_of_12_instantaneous_profiles,10800,14400,11100.0;11400.0;11700.0;12000.0;12300.0;12600.0;12900.0;13200.0;13500.0;13800.0;14100.0;14400.0
14400,518.75,v_variance,0.00016236098417721223,Center,m^2 s^-2,equal_mean_of_12_instantaneous_profiles,10800,14400,11100.0;11400.0;11700.0;12000.0;12300.0;12600.0;12900.0;13200.0;13500.0;13800.0;14100.0;14400.0
14400,531.25,v_variance,0.00023852281083236448,Center,m^2 s^-2,equal_mean_of_12_instantaneous_profiles,10800,14400,11100.0;11400.0;11700.0;12000.0;12300.0;12600.0;12900.0;13200.0;13500.0;13800.0;14100.0;14400.0
14400,543.75,v_variance,0.00037182262470499455,Center,m^2 s^-2,equal_mean_of_12_instantaneous_profiles,10800,14400,11100.0;11400.0;11700.0;12000.0;12300.0;12600.0;12900.0;13200.0;13500.0;13800.0;14100.0;14400.0
14400,556.25,v_variance,0.00046890713808049139,Center,m^2 s^-2,equal_mean_of_12_instantaneous_profiles,10800,14400,11100.0;11400.0;11700.0;12000.0;12300.0;12600.0;12900.0;13200.0;13500.0;13800.0;14100.0;14400.0
14400,568.75,v_variance,0.00058301569636872352,Center,m^2 s^-2,equal_mean_of_12_instantaneous_profiles,10800,14400,11100.0;11400.0;11700.0;12000.0;12300.0;12600.0;12900.0;13200.0;13500.0;13800.0;14100.0;14400.0
14400,581.25,v_variance,0.0009015948890009895,Center,m^2 s^-2,equal_mean_of_12_instantaneous_profiles,10800,14400,11100.0;11400.0;11700.0;12000.0;12300.0;12600.0;12900.0;13200.0;13500.0;13800.0;14100.0;14400.0
14400,593.75,v_variance,0.0014859895551732432,Center,m^2 s^-2,equal_mean_of_12_instantaneous_profiles,10800,14400,11100.0;11400.0;11700.0;12000.0;12300.0;12600.0;12900.0;13200.0;13500.0;13800.0;14100.0;14400.0
14400,606.25,v_variance,0.0027120122589015714,Center,m^2 s^-2,equal_mean_of_12_instantaneous_profiles,10800,14400,11100.0;11400.0;11700.0;12000.0;12300.0;12600.0;12900.0;13200.0;13500.0;13800.0;14100.0;14400.0
14400,618.75,v_variance,0.0048506932410721975,Center,m^2 s^-2,equal_mean_of_12_instantaneous_profiles,10800,14400,11100.0;11400.0;11700.0;12000.0;12300.0;12600.0;12900.0;13200.0;13500.0;13800.0;14100.0;14400.0
14400,631.25,v_variance,0.0071423448777447147,Center,m^2 s^-2,equal_mean_of_12_instantaneous_profiles,10800,14400,11100.0;11400.0;11700.0;12000.0;12300.0;12600.0;12900.0;13200.0;13500.0;13800.0;14100.0;14400.0
14400,643.75,v_variance,0.0092403448652476072,Center,m^2 s^-2,equal_mean_of_12_instantaneous_profiles,10800,14400,11100.0;11400.0;11700.0;12000.0;12300.0;12600.0;12900.0;13200.0;13500.0;13800.0;14100.0;14400.0
14400,656.25,v_variance,0.0094032906927168369,Center,m^2 s^-2,equal_mean_of_12_instantaneous_profiles,10800,14400,11100.0;11400.0;11700.0;12000.0;12300.0;12600.0;12900.0;13200.0;13500.0;13800.0;14100.0;14400.0
14400,668.75,v_variance,0.0099236533278599381,Center,m^2 s^-2,equal_mean_of_12_instantaneous_profiles,10800,14400,11100.0;11400.0;11700.0;12000.0;12300.0;12600.0;12900.0;13200.0;13500.0;13800.0;14100.0;14400.0
14400,681.25,v_variance,0.0097386317405228819,Center,m^2 s^-2,equal_mean_of_12_instantaneous_profiles,10800,14400,11100.0;11400.0;11700.0;12000.0;12300.0;12600.0;12900.0;13200.0;13500.0;13800.0;14100.0;14400.0
14400,693.75,v_variance,0.0093283131718635559,Center,m^2 s^-2,equal_mean_of_12_instantaneous_profiles,10800,14400,11100.0;11400.0;11700.0;12000.0;12300.0;12600.0;12900.0;13200.0;13500.0;13800.0;14100.0;14400.0
14400,706.25,v_variance,0.0073989405451963348,Center,m^2 s^-2,equal_mean_of_12_instantaneous_profiles,10800,14400,11100.0;11400.0;11700.0;12000.0;12300.0;12600.0;12900.0;13200.0;13500.0;13800.0;14100.0;14400.0
14400,718.75,v_variance,0.0043542565642079962,Center,m^2 s^-2,equal_mean_of_12_instantaneous_profiles,10800,14400,11100.0;11400.0;11700.0;12000.0;12300.0;12600.0;12900.0;13200.0;13500.0;13800.0;14100.0;14400.0
14400,731.25,v_variance,0.0026456222403794527,Center,m^2 s^-2,equal_mean_of_12_instantaneous_profiles,10800,14400,11100.0;11400.0;11700.0;12000.0;12300.0;12600.0;12900.0;13200.0;13500.0;13800.0;14100.0;14400.0
14400,743.75,v_variance,0.0016332451583972822,Center,m^2 s^-2,equal_mean_of_12_instantaneous_profiles,10800,14400,11100.0;11400.0;11700.0;12000.0;12300.0;12600.0;12900.0;13200.0;13500.0;13800.0;14100.0;14400.0
14400,756.25,v_variance,0.001085719712136779,Center,m^2 s^-2,equal_mean_of_12_instantaneous_profiles,10800,14400,11100.0;11400.0;11700.0;12000.0;12300.0;12600.0;12900.0;13200.0;13500.0;13800.0;14100.0;14400.0
14400,768.75,v_variance,0.00057535420273779891,Center,m^2 s^-2,equal_mean_of_12_instantaneous_profiles,10800,14400,11100.0;11400.0;11700.0;12000.0;12300.0;12600.0;12900.0;13200.0;13500.0;13800.0;14100.0;14400.0
14400,781.25,v_variance,0.00030298752790258732,Center,m^2 s^-2,equal_mean_of_12_instantaneous_profiles,10800,14400,11100.0;11400.0;11700.0;12000.0;12300.0;12600.0;12900.0;13200.0;13500.0;13800.0;14100.0;14400.0
14400,793.75,v_variance,0.00015334307317971252,Center,m^2 s^-2,equal_mean_of_12_instantaneous_profiles,10800,14400,11100.0;11400.0;11700.0;12000.0;12300.0;12600.0;12900.0;13200.0;13500.0;13800.0;14100.0;14400.0
14400,6.25,w_center_mean,-4.8081953233728803e-10,Center,m s^-1,equal_mean_of_12_instantaneous_profiles,10800,14400,11100.0;11400.0;11700.0;12000.0;12300.0;12600.0;12900.0;13200.0;13500.0;13800.0;14100.0;14400.0
14400,18.75,w_center_mean,-3.1795934773981571e-09,Center,m s^-1,equal_mean_of_12_instantaneous_profiles,10800,14400,11100.0;11400.0;11700.0;12000.0;12300.0;12600.0;12900.0;13200.0;13500.0;13800.0;14100.0;14400.0
14400,31.25,w_center_mean,-4.7354357472310466e-09,Center,m s^-1,equal_mean_of_12_instantaneous_profiles,10800,14400,11100.0;11400.0;11700.0;12000.0;12300.0;12600.0;12900.0;13200.0;13500.0;13800.0;14100.0;14400.0
14400,43.75,w_center_mean,-4.1060654136041803e-09,Center,m s^-1,equal_mean_of_12_instantaneous_profiles,10800,14400,11100.0;11400.0;11700.0;12000.0;12300.0;12600.0;12900.0;13200.0;13500.0;13800.0;14100.0;14400.0
14400,56.25,w_center_mean,-4.0939388175805407e-09,Center,m s^-1,equal_mean_of_12_instantaneous_profiles,10800,14400,11100.0;11400.0;11700.0;12000.0;12300.0;12600.0;12900.0;13200.0;13500.0;13800.0;14100.0;14400.0
14400,68.75,w_center_mean,-1.2021700968034565e-08,Center,m s^-1,equal_mean_of_12_instantaneous_profiles,10800,14400,11100.0;11400.0;11700.0;12000.0;12300.0;12600.0;12900.0;13200.0;13500.0;13800.0;14100.0;14400.0
14400,81.25,w_center_mean,-8.7554023290673886e-09,Center,m s^-1,equal_mean_of_12_instantaneous_profiles,10800,14400,11100.0;11400.0;11700.0;12000.0;12300.0;12600.0;12900.0;13200.0;13500.0;13800.0;14100.0;14400.0
14400,93.75,w_center_mean,5.9662852436304092e-10,Center,m s^-1,equal_mean_of_12_instantaneous_profiles,10800,14400,11100.0;11400.0;11700.0;12000.0;12300.0;12600.0;12900.0;13200.0;13500.0;13800.0;14100.0;14400.0
14400,106.25,w_center_mean,3.3857456098000207e-09,Center,m s^-1,equal_mean_of_12_instantaneous_profiles,10800,14400,11100.0;11400.0;11700.0;12000.0;12300.0;12600.0;12900.0;13200.0;13500.0;13800.0;14100.0;14400.0
14400,118.75,w_center_mean,-7.2031980380415916e-09,Center,m s^-1,equal_mean_of_12_instantaneous_profiles,10800,14400,11100.0;11400.0;11700.0;12000.0;12300.0;12600.0;12900.0;13200.0;13500.0;13800.0;14100.0;14400.0
14400,131.25,w_center_mean,-3.8436458756526313e-08,Center,m s^-1,equal_mean_of_12_instantaneous_profiles,10800,14400,11100.0;11400.0;11700.0;12000.0;12300.0;12600.0;12900.0;13200.0;13500.0;13800.0;14100.0;14400.0
14400,143.75,w_center_mean,-6.4925795110563442e-08,Center,m s^-1,equal_mean_of_12_instantaneous_profiles,10800,14400,11100.0;11400.0;11700.0;12000.0;12300.0;12600.0;12900.0;13200.0;13500.0;13800.0;14100.0;14400.0
14400,156.25,w_center_mean,-6.3460902310907841e-08,Center,m s^-1,equal_mean_of_12_instantaneous_profiles,10800,14400,11100.0;11400.0;11700.0;12000.0;12300.0;12600.0;12900.0;13200.0;13500.0;13800.0;14100.0;14400.0
14400,168.75,w_center_mean,-5.0208958176275097e-08,Center,m s^-1,equal_mean_of_12_instantaneous_profiles,10800,14400,11100.0;11400.0;11700.0;12000.0;12300.0;12600.0;12900.0;13200.0;13500.0;13800.0;14100.0;14400.0
14400,181.25,w_center_mean,-4.9233979855974517e-08,Center,m s^-1,equal_mean_of_12_instantaneous_profiles,10800,14400,11100.0;11400.0;11700.0;12000.0;12300.0;12600.0;12900.0;13200.0;13500.0;13800.0;14100.0;14400.0
14400,193.75,w_center_mean,-4.9971276894211769e-08,Center,m s^-1,equal_mean_of_12_instantaneous_profiles,10800,14400,11100.0;11400.0;11700.0;12000.0;12300.0;12600.0;12900.0;13200.0;13500.0;13800.0;14100.0;14400.0
14400,206.25,w_center_mean,-3.6481651477515697e-08,Center,m s^-1,equal_mean_of_12_instantaneous_profiles,10800,14400,11100.0;11400.0;11700.0;12000.0;12300.0;12600.0;12900.0;13200.0;13500.0;13800.0;14100.0;14400.0
14400,218.75,w_center_mean,-3.6159084023286901e-08,Center,m s^-1,equal_mean_of_12_instantaneous_profiles,10800,14400,11100.0;11400.0;11700.0;12000.0;12300.0;12600.0;12900.0;13200.0;13500.0;13800.0;14100.0;14400.0
14400,231.25,w_center_mean,-4.8319634515792131e-08,Center,m s^-1,equal_mean_of_12_instantaneous_profiles,10800,14400,11100.0;11400.0;11700.0;12000.0;12300.0;12600.0;12900.0;13200.0;13500.0;13800.0;14100.0;14400.0
14400,243.75,w_center_mean,-3.250291532215973e-08,Center,m s^-1,equal_mean_of_12_instantaneous_profiles,10800,14400,11100.0;11400.0;11700.0;12000.0;12300.0;12600.0;12900.0;13200.0;13500.0;13800.0;14100.0;14400.0
14400,256.25,w_center_mean,-7.9065406074126567e-09,Center,m s^-1,equal_mean_of_12_instantaneous_profiles,10800,14400,11100.0;11400.0;11700.0;12000.0;12300.0;12600.0;12900.0;13200.0;13500.0;13800.0;14100.0;14400.0
14400,268.75,w_center_mean,3.5579432733356953e-09,Center,m s^-1,equal_mean_of_12_instantaneous_profiles,10800,14400,11100.0;11400.0;11700.0;12000.0;12300.0;12600.0;12900.0;13200.0;13500.0;13800.0;14100.0;14400.0
14400,281.25,w_center_mean,1.3630293930570285e-09,Center,m s^-1,equal_mean_of_12_instantaneous_profiles,10800,14400,11100.0;11400.0;11700.0;12000.0;12300.0;12600.0;12900.0;13200.0;13500.0;13800.0;14100.0;14400.0
14400,293.75,w_center_mean,-1.2635913056631882e-09,Center,m s^-1,equal_mean_of_12_instantaneous_profiles,10800,14400,11100.0;11400.0;11700.0;12000.0;12300.0;12600.0;12900.0;13200.0;13500.0;13800.0;14100.0;14400.0
14400,306.25,w_center_mean,1.837179297581315e-10,Center,m s^-1,equal_mean_of_12_instantaneous_profiles,10800,14400,11100.0;11400.0;11700.0;12000.0;12300.0;12600.0;12900.0;13200.0;13500.0;13800.0;14100.0;14400.0
14400,318.75,w_center_mean,1.0453125772376855e-09,Center,m s^-1,equal_mean_of_12_instantaneous_profiles,10800,14400,11100.0;11400.0;11700.0;12000.0;12300.0;12600.0;12900.0;13200.0;13500.0;13800.0;14100.0;14400.0
14400,331.25,w_center_mean,4.2958466413741309e-10,Center,m s^-1,equal_mean_of_12_instantaneous_profiles,10800,14400,11100.0;11400.0;11700.0;12000.0;12300.0;12600.0;12900.0;13200.0;13500.0;13800.0;14100.0;14400.0
14400,343.75,w_center_mean,3.0316490059097606e-10,Center,m s^-1,equal_mean_of_12_instantaneous_profiles,10800,14400,11100.0;11400.0;11700.0;12000.0;12300.0;12600.0;12900.0;13200.0;13500.0;13800.0;14100.0;14400.0
14400,356.25,w_center_mean,1.1559677659533918e-09,Center,m s^-1,equal_mean_of_12_instantaneous_profiles,10800,14400,11100.0;11400.0;11700.0;12000.0;12300.0;12600.0;12900.0;13200.0;13500.0;13800.0;14100.0;14400.0
14400,368.75,w_center_mean,1.0071137997632225e-09,Center,m s^-1,equal_mean_of_12_instantaneous_profiles,10800,14400,11100.0;11400.0;11700.0;12000.0;12300.0;12600.0;12900.0;13200.0;13500.0;13800.0;14100.0;14400.0
14400,381.25,w_center_mean,1.0607739871678252e-09,Center,m s^-1,equal_mean_of_12_instantaneous_profiles,10800,14400,11100.0;11400.0;11700.0;12000.0;12300.0;12600.0;12900.0;13200.0;13500.0;13800.0;14100.0;14400.0
14400,393.75,w_center_mean,1.0447971969066808e-08,Center,m s^-1,equal_mean_of_12_instantaneous_profiles,10800,14400,11100.0;11400.0;11700.0;12000.0;12300.0;12600.0;12900.0;13200.0;13500.0;13800.0;14100.0;14400.0
14400,406.25,w_center_mean,2.0509105524979532e-08,Center,m s^-1,equal_mean_of_12_instantaneous_profiles,10800,14400,11100.0;11400.0;11700.0;12000.0;12300.0;12600.0;12900.0;13200.0;13500.0;13800.0;14100.0;14400.0
14400,418.75,w_center_mean,2.6901034289039671e-08,Center,m s^-1,equal_mean_of_12_instantaneous_profiles,10800,14400,11100.0;11400.0;11700.0;12000.0;12300.0;12600.0;12900.0;13200.0;13500.0;13800.0;14100.0;14400.0
14400,431.25,w_center_mean,3.2640249022127442e-08,Center,m s^-1,equal_mean_of_12_instantaneous_profiles,10800,14400,11100.0;11400.0;11700.0;12000.0;12300.0;12600.0;12900.0;13200.0;13500.0;13800.0;14100.0;14400.0
14400,443.75,w_center_mean,3.2716343412175775e-08,Center,m s^-1,equal_mean_of_12_instantaneous_profiles,10800,14400,11100.0;11400.0;11700.0;12000.0;12300.0;12600.0;12900.0;13200.0;13500.0;13800.0;14100.0;14400.0
14400,456.25,w_center_mean,3.9750981765488781e-08,Center,m s^-1,equal_mean_of_12_instantaneous_profiles,10800,14400,11100.0;11400.0;11700.0;12000.0;12300.0;12600.0;12900.0;13200.0;13500.0;13800.0;14100.0;14400.0
14400,468.75,w_center_mean,5.0268378496790923e-08,Center,m s^-1,equal_mean_of_12_instantaneous_profiles,10800,14400,11100.0;11400.0;11700.0;12000.0;12300.0;12600.0;12900.0;13200.0;13500.0;13800.0;14100.0;14400.0
14400,481.25,w_center_mean,5.3993062465451658e-08,Center,m s^-1,equal_mean_of_12_instantaneous_profiles,10800,14400,11100.0;11400.0;11700.0;12000.0;12300.0;12600.0;12900.0;13200.0;13500.0;13800.0;14100.0;14400.0
14400,493.75,w_center_mean,5.1624738262034953e-08,Center,m s^-1,equal_mean_of_12_instantaneous_profiles,10800,14400,11100.0;11400.0;11700.0;12000.0;12300.0;12600.0;12900.0;13200.0;13500.0;13800.0;14100.0;14400.0
14400,506.25,w_center_mean,4.2929059418383986e-08,Center,m s^-1,equal_mean_of_12_instantaneous_profiles,10800,14400,11100.0;11400.0;11700.0;12000.0;12300.0;12600.0;12900.0;13200.0;13500.0;13800.0;14100.0;14400.0
14400,518.75,w_center_mean,3.1376657716464251e-08,Center,m s^-1,equal_mean_of_12_instantaneous_profiles,10800,14400,11100.0;11400.0;11700.0;12000.0;12300.0;12600.0;12900.0;13200.0;13500.0;13800.0;14100.0;14400.0
14400,531.25,w_center_mean,2.6769157557282597e-08,Center,m s^-1,equal_mean_of_12_instantaneous_profiles,10800,14400,11100.0;11400.0;11700.0;12000.0;12300.0;12600.0;12900.0;13200.0;13500.0;13800.0;14100.0;14400.0
14400,543.75,w_center_mean,3.2054534434185676e-08,Center,m s^-1,equal_mean_of_12_instantaneous_profiles,10800,14400,11100.0;11400.0;11700.0;12000.0;12300.0;12600.0;12900.0;13200.0;13500.0;13800.0;14100.0;14400.0
14400,556.25,w_center_mean,4.0693824606326721e-08,Center,m s^-1,equal_mean_of_12_instantaneous_profiles,10800,14400,11100.0;11400.0;11700.0;12000.0;12300.0;12600.0;12900.0;13200.0;13500.0;13800.0;14100.0;14400.0
14400,568.75,w_center_mean,4.481262294575572e-08,Center,m s^-1,equal_mean_of_12_instantaneous_profiles,10800,14400,11100.0;11400.0;11700.0;12000.0;12300.0;12600.0;12900.0;13200.0;13500.0;13800.0;14100.0;14400.0
14400,581.25,w_center_mean,4.0537694682522364e-08,Center,m s^-1,equal_mean_of_12_instantaneous_profiles,10800,14400,11100.0;11400.0;11700.0;12000.0;12300.0;12600.0;12900.0;13200.0;13500.0;13800.0;14100.0;14400.0
14400,593.75,w_center_mean,4.038277741832038e-08,Center,m s^-1,equal_mean_of_12_instantaneous_profiles,10800,14400,11100.0;11400.0;11700.0;12000.0;12300.0;12600.0;12900.0;13200.0;13500.0;13800.0;14100.0;14400.0
14400,606.25,w_center_mean,4.6356944949366152e-08,Center,m s^-1,equal_mean_of_12_instantaneous_profiles,10800,14400,11100.0;11400.0;11700.0;12000.0;12300.0;12600.0;12900.0;13200.0;13500.0;13800.0;14100.0;14400.0
14400,618.75,w_center_mean,5.1724782679229975e-08,Center,m s^-1,equal_mean_of_12_instantaneous_profiles,10800,14400,11100.0;11400.0;11700.0;12000.0;12300.0;12600.0;12900.0;13200.0;13500.0;13800.0;14100.0;14400.0
14400,631.25,w_center_mean,5.2611843178359173e-08,Center,m s^-1,equal_mean_of_12_instantaneous_profiles,10800,14400,11100.0;11400.0;11700.0;12000.0;12300.0;12600.0;12900.0;13200.0;13500.0;13800.0;14100.0;14400.0
14400,643.75,w_center_mean,4.9411028157919645e-08,Center,m s^-1,equal_mean_of_12_instantaneous_profiles,10800,14400,11100.0;11400.0;11700.0;12000.0;12300.0;12600.0;12900.0;13200.0;13500.0;13800.0;14100.0;14400.0
14400,656.25,w_center_mean,4.8599152554137014e-08,Center,m s^-1,equal_mean_of_12_instantaneous_profiles,10800,14400,11100.0;11400.0;11700.0;12000.0;12300.0;12600.0;12900.0;13200.0;13500.0;13800.0;14100.0;14400.0
14400,668.75,w_center_mean,4.8073464616512261e-08,Center,m s^-1,equal_mean_of_12_instantaneous_profiles,10800,14400,11100.0;11400.0;11700.0;12000.0;12300.0;12600.0;12900.0;13200.0;13500.0;13800.0;14100.0;14400.0
14400,681.25,w_center_mean,4.7000260868420206e-08,Center,m s^-1,equal_mean_of_12_instantaneous_profiles,10800,14400,11100.0;11400.0;11700.0;12000.0;12300.0;12600.0;12900.0;13200.0;13500.0;13800.0;14100.0;14400.0
14400,693.75,w_center_mean,4.6651014902939401e-08,Center,m s^-1,equal_mean_of_12_instantaneous_profiles,10800,14400,11100.0;11400.0;11700.0;12000.0;12300.0;12600.0;12900.0;13200.0;13500.0;13800.0;14100.0;14400.0
14400,706.25,w_center_mean,4.725946685842549e-08,Center,m s^-1,equal_mean_of_12_instantaneous_profiles,10800,14400,11100.0;11400.0;11700.0;12000.0;12300.0;12600.0;12900.0;13200.0;13500.0;13800.0;14100.0;14400.0
14400,718.75,w_center_mean,4.7268864970343806e-08,Center,m s^-1,equal_mean_of_12_instantaneous_profiles,10800,14400,11100.0;11400.0;11700.0;12000.0;12300.0;12600.0;12900.0;13200.0;13500.0;13800.0;14100.0;14400.0
14400,731.25,w_center_mean,4.6039228133546807e-08,Center,m s^-1,equal_mean_of_12_instantaneous_profiles,10800,14400,11100.0;11400.0;11700.0;12000.0;12300.0;12600.0;12900.0;13200.0;13500.0;13800.0;14100.0;14400.0
14400,743.75,w_center_mean,4.5123670133762062e-08,Center,m s^-1,equal_mean_of_12_instantaneous_profiles,10800,14400,11100.0;11400.0;11700.0;12000.0;12300.0;12600.0;12900.0;13200.0;13500.0;13800.0;14100.0;14400.0
14400,756.25,w_center_mean,4.5389848916480936e-08,Center,m s^-1,equal_mean_of_12_instantaneous_profiles,10800,14400,11100.0;11400.0;11700.0;12000.0;12300.0;12600.0;12900.0;13200.0;13500.0;13800.0;14100.0;14400.0
14400,768.75,w_center_mean,4.5592666234976299e-08,Center,m s^-1,equal_mean_of_12_instantaneous_profiles,10800,14400,11100.0;11400.0;11700.0;12000.0;12300.0;12600.0;12900.0;13200.0;13500.0;13800.0;14100.0;14400.0
14400,781.25,w_center_mean,4.5903258675631754e-08,Center,m s^-1,equal_mean_of_12_instantaneous_profiles,10800,14400,11100.0;11400.0;11700.0;12000.0;12300.0;12600.0;12900.0;13200.0;13500.0;13800.0;14100.0;14400.0
14400,793.75,w_center_mean,2.3046065204349968e-08,Center,m s^-1,equal_mean_of_12_instantaneous_profiles,10800,14400,11100.0;11400.0;11700.0;12000.0;12300.0;12600.0;12900.0;13200.0;13500.0;13800.0;14100.0;14400.0
14400,6.25,w_center_third_central_moment,-7.7745348410947679e-07,Center,m^3 s^-3,equal_mean_of_12_instantaneous_profiles,10800,14400,11100.0;11400.0;11700.0;12000.0;12300.0;12600.0;12900.0;13200.0;13500.0;13800.0;14100.0;14400.0
14400,18.75,w_center_third_central_moment,-3.2690008765712264e-05,Center,m^3 s^-3,equal_mean_of_12_instantaneous_profiles,10800,14400,11100.0;11400.0;11700.0;12000.0;12300.0;12600.0;12900.0;13200.0;13500.0;13800.0;14100.0;14400.0
14400,31.25,w_center_third_central_moment,-0.00011709319884782114,Center,m^3 s^-3,equal_mean_of_12_instantaneous_profiles,10800,14400,11100.0;11400.0;11700.0;12000.0;12300.0;12600.0;12900.0;13200.0;13500.0;13800.0;14100.0;14400.0
14400,43.75,w_center_third_central_moment,-7.2265387037380904e-05,Center,m^3 s^-3,equal_mean_of_12_instantaneous_profiles,10800,14400,11100.0;11400.0;11700.0;12000.0;12300.0;12600.0;12900.0;13200.0;13500.0;13800.0;14100.0;14400.0
14400,56.25,w_center_third_central_moment,8.3241987643608208e-06,Center,m^3 s^-3,equal_mean_of_12_instantaneous_profiles,10800,14400,11100.0;11400.0;11700.0;12000.0;12300.0;12600.0;12900.0;13200.0;13500.0;13800.0;14100.0;14400.0
14400,68.75,w_center_third_central_moment,9.7346479075592171e-05,Center,m^3 s^-3,equal_mean_of_12_instantaneous_profiles,10800,14400,11100.0;11400.0;11700.0;12000.0;12300.0;12600.0;12900.0;13200.0;13500.0;13800.0;14100.0;14400.0
14400,81.25,w_center_third_central_moment,8.1404377851868048e-05,Center,m^3 s^-3,equal_mean_of_12_instantaneous_profiles,10800,14400,11100.0;11400.0;11700.0;12000.0;12300.0;12600.0;12900.0;13200.0;13500.0;13800.0;14100.0;14400.0
14400,93.75,w_center_third_central_moment,7.3395854997215793e-05,Center,m^3 s^-3,equal_mean_of_12_instantaneous_profiles,10800,14400,11100.0;11400.0;11700.0;12000.0;12300.0;12600.0;12900.0;13200.0;13500.0;13800.0;14100.0;14400.0
14400,106.25,w_center_third_central_moment,5.6992767592115946e-05,Center,m^3 s^-3,equal_mean_of_12_instantaneous_profiles,10800,14400,11100.0;11400.0;11700.0;12000.0;12300.0;12600.0;12900.0;13200.0;13500.0;13800.0;14100.0;14400.0
14400,118.75,w_center_third_central_moment,1.9153418482649915e-05,Center,m^3 s^-3,equal_mean_of_12_instantaneous_profiles,10800,14400,11100.0;11400.0;11700.0;12000.0;12300.0;12600.0;12900.0;13200.0;13500.0;13800.0;14100.0;14400.0
14400,131.25,w_center_third_central_moment,1.5366194929811172e-06,Center,m^3 s^-3,equal_mean_of_12_instantaneous_profiles,10800,14400,11100.0;11400.0;11700.0;12000.0;12300.0;12600.0;12900.0;13200.0;13500.0;13800.0;14100.0;14400.0
14400,143.75,w_center_third_central_moment,-3.5488465073285624e-06,Center,m^3 s^-3,equal_mean_of_12_instantaneous_profiles,10800,14400,11100.0;11400.0;11700.0;12000.0;12300.0;12600.0;12900.0;13200.0;13500.0;13800.0;14100.0;14400.0
14400,156.25,w_center_third_central_moment,9.350300691342758e-06,Center,m^3 s^-3,equal_mean_of_12_instantaneous_profiles,10800,14400,11100.0;11400.0;11700.0;12000.0;12300.0;12600.0;12900.0;13200.0;13500.0;13800.0;14100.0;14400.0
14400,168.75,w_center_third_central_moment,3.1270054781392297e-05,Center,m^3 s^-3,equal_mean_of_12_instantaneous_profiles,10800,14400,11100.0;11400.0;11700.0;12000.0;12300.0;12600.0;12900.0;13200.0;13500.0;13800.0;14100.0;14400.0
14400,181.25,w_center_third_central_moment,2.5548811284655432e-05,Center,m^3 s^-3,equal_mean_of_12_instantaneous_profiles,10800,14400,11100.0;11400.0;11700.0;12000.0;12300.0;12600.0;12900.0;13200.0;13500.0;13800.0;14100.0;14400.0
14400,193.75,w_center_third_central_moment,1.1056351013394305e-05,Center,m^3 s^-3,equal_mean_of_12_instantaneous_profiles,10800,14400,11100.0;11400.0;11700.0;12000.0;12300.0;12600.0;12900.0;13200.0;13500.0;13800.0;14100.0;14400.0
14400,206.25,w_center_third_central_moment,7.2863688368821995e-06,Center,m^3 s^-3,equal_mean_of_12_instantaneous_profiles,10800,14400,11100.0;11400.0;11700.0;12000.0;12300.0;12600.0;12900.0;13200.0;13500.0;13800.0;14100.0;14400.0
14400,218.75,w_center_third_central_moment,4.4793245876917354e-06,Center,m^3 s^-3,equal_mean_of_12_instantaneous_profiles,10800,14400,11100.0;11400.0;11700.0;12000.0;12300.0;12600.0;12900.0;13200.0;13500.0;13800.0;14100.0;14400.0
14400,231.25,w_center_third_central_moment,1.9234250222173919e-06,Center,m^3 s^-3,equal_mean_of_12_instantaneous_profiles,10800,14400,11100.0;11400.0;11700.0;12000.0;12300.0;12600.0;12900.0;13200.0;13500.0;13800.0;14100.0;14400.0
14400,243.75,w_center_third_central_moment,6.8324856291231606e-07,Center,m^3 s^-3,equal_mean_of_12_instantaneous_profiles,10800,14400,11100.0;11400.0;11700.0;12000.0;12300.0;12600.0;12900.0;13200.0;13500.0;13800.0;14100.0;14400.0
14400,256.25,w_center_third_central_moment,3.4026825564599977e-07,Center,m^3 s^-3,equal_mean_of_12_instantaneous_profiles,10800,14400,11100.0;11400.0;11700.0;12000.0;12300.0;12600.0;12900.0;13200.0;13500.0;13800.0;14100.0;14400.0
14400,268.75,w_center_third_central_moment,1.9300258694935715e-07,Center,m^3 s^-3,equal_mean_of_12_instantaneous_profiles,10800,14400,11100.0;11400.0;11700.0;12000.0;12300.0;12600.0;12900.0;13200.0;13500.0;13800.0;14100.0;14400.0
14400,281.25,w_center_third_central_moment,7.8515281387581126e-08,Center,m^3 s^-3,equal_mean_of_12_instantaneous_profiles,10800,14400,11100.0;11400.0;11700.0;12000.0;12300.0;12600.0;12900.0;13200.0;13500.0;13800.0;14100.0;14400.0
14400,293.75,w_center_third_central_moment,6.6678082314789817e-09,Center,m^3 s^-3,equal_mean_of_12_instantaneous_profiles,10800,14400,11100.0;11400.0;11700.0;12000.0;12300.0;12600.0;12900.0;13200.0;13500.0;13800.0;14100.0;14400.0
14400,306.25,w_center_third_central_moment,-3.6169444328493228e-08,Center,m^3 s^-3,equal_mean_of_12_instantaneous_profiles,10800,14400,11100.0;11400.0;11700.0;12000.0;12300.0;12600.0;12900.0;13200.0;13500.0;13800.0;14100.0;14400.0
14400,318.75,w_center_third_central_moment,-6.1505047277421454e-08,Center,m^3 s^-3,equal_mean_of_12_instantaneous_profiles,10800,14400,11100.0;11400.0;11700.0;12000.0;12300.0;12600.0;12900.0;13200.0;13500.0;13800.0;14100.0;14400.0
14400,331.25,w_center_third_central_moment,-7.862891774716256e-08,Center,m^3 s^-3,equal_mean_of_12_instantaneous_profiles,10800,14400,11100.0;11400.0;11700.0;12000.0;12300.0;12600.0;12900.0;13200.0;13500.0;13800.0;14100.0;14400.0
14400,343.75,w_center_third_central_moment,-7.8736607160105151e-08,Center,m^3 s^-3,equal_mean_of_12_instantaneous_profiles,10800,14400,11100.0;11400.0;11700.0;12000.0;12300.0;12600.0;12900.0;13200.0;13500.0;13800.0;14100.0;14400.0
14400,356.25,w_center_third_central_moment,-6.7652875671934495e-08,Center,m^3 s^-3,equal_mean_of_12_instantaneous_profiles,10800,14400,11100.0;11400.0;11700.0;12000.0;12300.0;12600.0;12900.0;13200.0;13500.0;13800.0;14100.0;14400.0
14400,368.75,w_center_third_central_moment,-6.11154300500516e-08,Center,m^3 s^-3,equal_mean_of_12_instantaneous_profiles,10800,14400,11100.0;11400.0;11700.0;12000.0;12300.0;12600.0;12900.0;13200.0;13500.0;13800.0;14100.0;14400.0
14400,381.25,w_center_third_central_moment,-6.3929414947002286e-08,Center,m^3 s^-3,equal_mean_of_12_instantaneous_profiles,10800,14400,11100.0;11400.0;11700.0;12000.0;12300.0;12600.0;12900.0;13200.0;13500.0;13800.0;14100.0;14400.0
14400,393.75,w_center_third_central_moment,-7.840259893162245e-08,Center,m^3 s^-3,equal_mean_of_12_instantaneous_profiles,10800,14400,11100.0;11400.0;11700.0;12000.0;12300.0;12600.0;12900.0;13200.0;13500.0;13800.0;14100.0;14400.0
14400,406.25,w_center_third_central_moment,-9.0727415358315966e-08,Center,m^3 s^-3,equal_mean_of_12_instantaneous_profiles,10800,14400,11100.0;11400.0;11700.0;12000.0;12300.0;12600.0;12900.0;13200.0;13500.0;13800.0;14100.0;14400.0
14400,418.75,w_center_third_central_moment,-8.9302045610158601e-08,Center,m^3 s^-3,equal_mean_of_12_instantaneous_profiles,10800,14400,11100.0;11400.0;11700.0;12000.0;12300.0;12600.0;12900.0;13200.0;13500.0;13800.0;14100.0;14400.0
14400,431.25,w_center_third_central_moment,-9.1772296132811945e-08,Center,m^3 s^-3,equal_mean_of_12_instantaneous_profiles,10800,14400,11100.0;11400.0;11700.0;12000.0;12300.0;12600.0;12900.0;13200.0;13500.0;13800.0;14100.0;14400.0
14400,443.75,w_center_third_central_moment,-1.0571309094764558e-07,Center,m^3 s^-3,equal_mean_of_12_instantaneous_profiles,10800,14400,11100.0;11400.0;11700.0;12000.0;12300.0;12600.0;12900.0;13200.0;13500.0;13800.0;14100.0;14400.0
14400,456.25,w_center_third_central_moment,-1.2400609887090278e-07,Center,m^3 s^-3,equal_mean_of_12_instantaneous_profiles,10800,14400,11100.0;11400.0;11700.0;12000.0;12300.0;12600.0;12900.0;13200.0;13500.0;13800.0;14100.0;14400.0
14400,468.75,w_center_third_central_moment,-1.4952269881500038e-07,Center,m^3 s^-3,equal_mean_of_12_instantaneous_profiles,10800,14400,11100.0;11400.0;11700.0;12000.0;12300.0;12600.0;12900.0;13200.0;13500.0;13800.0;14100.0;14400.0
14400,481.25,w_center_third_central_moment,-1.8084787889449672e-07,Center,m^3 s^-3,equal_mean_of_12_instantaneous_profiles,10800,14400,11100.0;11400.0;11700.0;12000.0;12300.0;12600.0;12900.0;13200.0;13500.0;13800.0;14100.0;14400.0
14400,493.75,w_center_third_central_moment,-2.1307585621836248e-07,Center,m^3 s^-3,equal_mean_of_12_instantaneous_profiles,10800,14400,11100.0;11400.0;11700.0;12000.0;12300.0;12600.0;12900.0;13200.0;13500.0;13800.0;14100.0;14400.0
14400,506.25,w_center_third_central_moment,-2.3232071851471878e-07,Center,m^3 s^-3,equal_mean_of_12_instantaneous_profiles,10800,14400,11100.0;11400.0;11700.0;12000.0;12300.0;12600.0;12900.0;13200.0;13500.0;13800.0;14100.0;14400.0
14400,518.75,w_center_third_central_moment,-2.3647137344558664e-07,Center,m^3 s^-3,equal_mean_of_12_instantaneous_profiles,10800,14400,11100.0;11400.0;11700.0;12000.0;12300.0;12600.0;12900.0;13200.0;13500.0;13800.0;14100.0;14400.0
14400,531.25,w_center_third_central_moment,-2.5311263958845604e-07,Center,m^3 s^-3,equal_mean_of_12_instantaneous_profiles,10800,14400,11100.0;11400.0;11700.0;12000.0;12300.0;12600.0;12900.0;13200.0;13500.0;13800.0;14100.0;14400.0
14400,543.75,w_center_third_central_moment,-2.8825072935963664e-07,Center,m^3 s^-3,equal_mean_of_12_instantaneous_profiles,10800,14400,11100.0;11400.0;11700.0;12000.0;12300.0;12600.0;12900.0;13200.0;13500.0;13800.0;14100.0;14400.0
14400,556.25,w_center_third_central_moment,-2.8733560005396913e-07,Center,m^3 s^-3,equal_mean_of_12_instantaneous_profiles,10800,14400,11100.0;11400.0;11700.0;12000.0;12300.0;12600.0;12900.0;13200.0;13500.0;13800.0;14100.0;14400.0
14400,568.75,w_center_third_central_moment,-1.8872736736360215e-07,Center,m^3 s^-3,equal_mean_of_12_instantaneous_profiles,10800,14400,11100.0;11400.0;11700.0;12000.0;12300.0;12600.0;12900.0;13200.0;13500.0;13800.0;14100.0;14400.0
14400,581.25,w_center_third_central_moment,4.1062809449006941e-08,Center,m^3 s^-3,equal_mean_of_12_instantaneous_profiles,10800,14400,11100.0;11400.0;11700.0;12000.0;12300.0;12600.0;12900.0;13200.0;13500.0;13800.0;14100.0;14400.0
14400,593.75,w_center_third_central_moment,5.71393632261182e-07,Center,m^3 s^-3,equal_mean_of_12_instantaneous_profiles,10800,14400,11100.0;11400.0;11700.0;12000.0;12300.0;12600.0;12900.0;13200.0;13500.0;13800.0;14100.0;14400.0
14400,606.25,w_center_third_central_moment,1.3170696746556132e-06,Center,m^3 s^-3,equal_mean_of_12_instantaneous_profiles,10800,14400,11100.0;11400.0;11700.0;12000.0;12300.0;12600.0;12900.0;13200.0;13500.0;13800.0;14100.0;14400.0
14400,618.75,w_center_third_central_moment,1.6953433667291999e-06,Center,m^3 s^-3,equal_mean_of_12_instantaneous_profiles,10800,14400,11100.0;11400.0;11700.0;12000.0;12300.0;12600.0;12900.0;13200.0;13500.0;13800.0;14100.0;14400.0
14400,631.25,w_center_third_central_moment,1.0722667980189726e-06,Center,m^3 s^-3,equal_mean_of_12_instantaneous_profiles,10800,14400,11100.0;11400.0;11700.0;12000.0;12300.0;12600.0;12900.0;13200.0;13500.0;13800.0;14100.0;14400.0
14400,643.75,w_center_third_central_moment,-1.982202898413258e-06,Center,m^3 s^-3,equal_mean_of_12_instantaneous_profiles,10800,14400,11100.0;11400.0;11700.0;12000.0;12300.0;12600.0;12900.0;13200.0;13500.0;13800.0;14100.0;14400.0
14400,656.25,w_center_third_central_moment,-3.5506803139166245e-06,Center,m^3 s^-3,equal_mean_of_12_instantaneous_profiles,10800,14400,11100.0;11400.0;11700.0;12000.0;12300.0;12600.0;12900.0;13200.0;13500.0;13800.0;14100.0;14400.0
14400,668.75,w_center_third_central_moment,-3.6867326779580858e-06,Center,m^3 s^-3,equal_mean_of_12_instantaneous_profiles,10800,14400,11100.0;11400.0;11700.0;12000.0;12300.0;12600.0;12900.0;13200.0;13500.0;13800.0;14100.0;14400.0
14400,681.25,w_center_third_central_moment,-1.9041907914167193e-06,Center,m^3 s^-3,equal_mean_of_12_instantaneous_profiles,10800,14400,11100.0;11400.0;11700.0;12000.0;12300.0;12600.0;12900.0;13200.0;13500.0;13800.0;14100.0;14400.0
14400,693.75,w_center_third_central_moment,-8.2852798755084223e-07,Center,m^3 s^-3,equal_mean_of_12_instantaneous_profiles,10800,14400,11100.0;11400.0;11700.0;12000.0;12300.0;12600.0;12900.0;13200.0;13500.0;13800.0;14100.0;14400.0
14400,706.25,w_center_third_central_moment,-1.513695906396606e-07,Center,m^3 s^-3,equal_mean_of_12_instantaneous_profiles,10800,14400,11100.0;11400.0;11700.0;12000.0;12300.0;12600.0;12900.0;13200.0;13500.0;13800.0;14100.0;14400.0
14400,718.75,w_center_third_central_moment,-1.2945659477736626e-07,Center,m^3 s^-3,equal_mean_of_12_instantaneous_profiles,10800,14400,11100.0;11400.0;11700.0;12000.0;12300.0;12600.0;12900.0;13200.0;13500.0;13800.0;14100.0;14400.0
14400,731.25,w_center_third_central_moment,1.7298984763177334e-08,Center,m^3 s^-3,equal_mean_of_12_instantaneous_profiles,10800,14400,11100.0;11400.0;11700.0;12000.0;12300.0;12600.0;12900.0;13200.0;13500.0;13800.0;14100.0;14400.0
14400,743.75,w_center_third_central_moment,-5.4819143002760029e-08,Center,m^3 s^-3,equal_mean_of_12_instantaneous_profiles,10800,14400,11100.0;11400.0;11700.0;12000.0;12300.0;12600.0;12900.0;13200.0;13500.0;13800.0;14100.0;14400.0
14400,756.25,w_center_third_central_moment,-9.3859171101939864e-08,Center,m^3 s^-3,equal_mean_of_12_instantaneous_profiles,10800,14400,11100.0;11400.0;11700.0;12000.0;12300.0;12600.0;12900.0;13200.0;13500.0;13800.0;14100.0;14400.0
14400,768.75,w_center_third_central_moment,-6.9562276235520429e-08,Center,m^3 s^-3,equal_mean_of_12_instantaneous_profiles,10800,14400,11100.0;11400.0;11700.0;12000.0;12300.0;12600.0;12900.0;13200.0;13500.0;13800.0;14100.0;14400.0
14400,781.25,w_center_third_central_moment,-2.2724696642958026e-08,Center,m^3 s^-3,equal_mean_of_12_instantaneous_profiles,10800,14400,11100.0;11400.0;11700.0;12000.0;12300.0;12600.0;12900.0;13200.0;13500.0;13800.0;14100.0;14400.0
14400,793.75,w_center_third_central_moment,-1.2815481222524146e-09,Center,m^3 s^-3,equal_mean_of_12_instantaneous_profiles,10800,14400,11100.0;11400.0;11700.0;12000.0;12300.0;12600.0;12900.0;13200.0;13500.0;13800.0;14100.0;14400.0
14400,6.25,w_center_variance,0.00025944133934293251,Center,m^2 s^-2,equal_mean_of_12_instantaneous_profiles,10800,14400,11100.0;11400.0;11700.0;12000.0;12300.0;12600.0;12900.0;13200.0;13500.0;13800.0;14100.0;14400.0
14400,18.75,w_center_variance,0.0023774259995358684,Center,m^2 s^-2,equal_mean_of_12_instantaneous_profiles,10800,14400,11100.0;11400.0;11700.0;12000.0;12300.0;12600.0;12900.0;13200.0;13500.0;13800.0;14100.0;14400.0
14400,31.25,w_center_variance,0.0062097626505419612,Center,m^2 s^-2,equal_mean_of_12_instantaneous_profiles,10800,14400,11100.0;11400.0;11700.0;12000.0;12300.0;12600.0;12900.0;13200.0;13500.0;13800.0;14100.0;14400.0
14400,43.75,w_center_variance,0.009020224485235909,Center,m^2 s^-2,equal_mean_of_12_instantaneous_profiles,10800,14400,11100.0;11400.0;11700.0;12000.0;12300.0;12600.0;12900.0;13200.0;13500.0;13800.0;14100.0;14400.0
14400,56.25,w_center_variance,0.011667869131391248,Center,m^2 s^-2,equal_mean_of_12_instantaneous_profiles,10800,14400,11100.0;11400.0;11700.0;12000.0;12300.0;12600.0;12900.0;13200.0;13500.0;13800.0;14100.0;14400.0
14400,68.75,w_center_variance,0.012413024591902891,Center,m^2 s^-2,equal_mean_of_12_instantaneous_profiles,10800,14400,11100.0;11400.0;11700.0;12000.0;12300.0;12600.0;12900.0;13200.0;13500.0;13800.0;14100.0;14400.0
14400,81.25,w_center_variance,0.01303544151596725,Center,m^2 s^-2,equal_mean_of_12_instantaneous_profiles,10800,14400,11100.0;11400.0;11700.0;12000.0;12300.0;12600.0;12900.0;13200.0;13500.0;13800.0;14100.0;14400.0
14400,93.75,w_center_variance,0.012902721529826522,Center,m^2 s^-2,equal_mean_of_12_instantaneous_profiles,10800,14400,11100.0;11400.0;11700.0;12000.0;12300.0;12600.0;12900.0;13200.0;13500.0;13800.0;14100.0;14400.0
14400,106.25,w_center_variance,0.012055675499141216,Center,m^2 s^-2,equal_mean_of_12_instantaneous_profiles,10800,14400,11100.0;11400.0;11700.0;12000.0;12300.0;12600.0;12900.0;13200.0;13500.0;13800.0;14100.0;14400.0
14400,118.75,w_center_variance,0.01092862787966927,Center,m^2 s^-2,equal_mean_of_12_instantaneous_profiles,10800,14400,11100.0;11400.0;11700.0;12000.0;12300.0;12600.0;12900.0;13200.0;13500.0;13800.0;14100.0;14400.0
14400,131.25,w_center_variance,0.0097436462917054687,Center,m^2 s^-2,equal_mean_of_12_instantaneous_profiles,10800,14400,11100.0;11400.0;11700.0;12000.0;12300.0;12600.0;12900.0;13200.0;13500.0;13800.0;14100.0;14400.0
14400,143.75,w_center_variance,0.0082148407818749547,Center,m^2 s^-2,equal_mean_of_12_instantaneous_profiles,10800,14400,11100.0;11400.0;11700.0;12000.0;12300.0;12600.0;12900.0;13200.0;13500.0;13800.0;14100.0;14400.0
14400,156.25,w_center_variance,0.0063946187729015946,Center,m^2 s^-2,equal_mean_of_12_instantaneous_profiles,10800,14400,11100.0;11400.0;11700.0;12000.0;12300.0;12600.0;12900.0;13200.0;13500.0;13800.0;14100.0;14400.0
14400,168.75,w_center_variance,0.0048348760077108937,Center,m^2 s^-2,equal_mean_of_12_instantaneous_profiles,10800,14400,11100.0;11400.0;11700.0;12000.0;12300.0;12600.0;12900.0;13200.0;13500.0;13800.0;14100.0;14400.0
14400,181.25,w_center_variance,0.0034478524078925452,Center,m^2 s^-2,equal_mean_of_12_instantaneous_profiles,10800,14400,11100.0;11400.0;11700.0;12000.0;12300.0;12600.0;12900.0;13200.0;13500.0;13800.0;14100.0;14400.0
14400,193.75,w_center_variance,0.0023902578104753047,Center,m^2 s^-2,equal_mean_of_12_instantaneous_profiles,10800,14400,11100.0;11400.0;11700.0;12000.0;12300.0;12600.0;12900.0;13200.0;13500.0;13800.0;14100.0;14400.0
14400,206.25,w_center_variance,0.0016240442055277526,Center,m^2 s^-2,equal_mean_of_12_instantaneous_profiles,10800,14400,11100.0;11400.0;11700.0;12000.0;12300.0;12600.0;12900.0;13200.0;13500.0;13800.0;14100.0;14400.0
14400,218.75,w_center_variance,0.0010677277411256607,Center,m^2 s^-2,equal_mean_of_12_instantaneous_profiles,10800,14400,11100.0;11400.0;11700.0;12000.0;12300.0;12600.0;12900.0;13200.0;13500.0;13800.0;14100.0;14400.0
14400,231.25,w_center_variance,0.00066723211542315164,Center,m^2 s^-2,equal_mean_of_12_instantaneous_profiles,10800,14400,11100.0;11400.0;11700.0;12000.0;12300.0;12600.0;12900.0;13200.0;13500.0;13800.0;14100.0;14400.0
14400,243.75,w_center_variance,0.00042236551962560043,Center,m^2 s^-2,equal_mean_of_12_instantaneous_profiles,10800,14400,11100.0;11400.0;11700.0;12000.0;12300.0;12600.0;12900.0;13200.0;13500.0;13800.0;14100.0;14400.0
14400,256.25,w_center_variance,0.0002810412285422596,Center,m^2 s^-2,equal_mean_of_12_instantaneous_profiles,10800,14400,11100.0;11400.0;11700.0;12000.0;12300.0;12600.0;12900.0;13200.0;13500.0;13800.0;14100.0;14400.0
14400,268.75,w_center_variance,0.00019741333987136991,Center,m^2 s^-2,equal_mean_of_12_instantaneous_profiles,10800,14400,11100.0;11400.0;11700.0;12000.0;12300.0;12600.0;12900.0;13200.0;13500.0;13800.0;14100.0;14400.0
14400,281.25,w_center_variance,0.00014725603493085751,Center,m^2 s^-2,equal_mean_of_12_instantaneous_profiles,10800,14400,11100.0;11400.0;11700.0;12000.0;12300.0;12600.0;12900.0;13200.0;13500.0;13800.0;14100.0;14400.0
14400,293.75,w_center_variance,0.00011633257842428672,Center,m^2 s^-2,equal_mean_of_12_instantaneous_profiles,10800,14400,11100.0;11400.0;11700.0;12000.0;12300.0;12600.0;12900.0;13200.0;13500.0;13800.0;14100.0;14400.0
14400,306.25,w_center_variance,9.7629050893980704e-05,Center,m^2 s^-2,equal_mean_of_12_instantaneous_profiles,10800,14400,11100.0;11400.0;11700.0;12000.0;12300.0;12600.0;12900.0;13200.0;13500.0;13800.0;14100.0;14400.0
14400,318.75,w_center_variance,8.670750897484443e-05,Center,m^2 s^-2,equal_mean_of_12_instantaneous_profiles,10800,14400,11100.0;11400.0;11700.0;12000.0;12300.0;12600.0;12900.0;13200.0;13500.0;13800.0;14100.0;14400.0
14400,331.25,w_center_variance,8.0958185511311356e-05,Center,m^2 s^-2,equal_mean_of_12_instantaneous_profiles,10800,14400,11100.0;11400.0;11700.0;12000.0;12300.0;12600.0;12900.0;13200.0;13500.0;13800.0;14100.0;14400.0
14400,343.75,w_center_variance,7.9203704293225499e-05,Center,m^2 s^-2,equal_mean_of_12_instantaneous_profiles,10800,14400,11100.0;11400.0;11700.0;12000.0;12300.0;12600.0;12900.0;13200.0;13500.0;13800.0;14100.0;14400.0
14400,356.25,w_center_variance,7.9897717114363331e-05,Center,m^2 s^-2,equal_mean_of_12_instantaneous_profiles,10800,14400,11100.0;11400.0;11700.0;12000.0;12300.0;12600.0;12900.0;13200.0;13500.0;13800.0;14100.0;14400.0
14400,368.75,w_center_variance,8.2027676702030775e-05,Center,m^2 s^-2,equal_mean_of_12_instantaneous_profiles,10800,14400,11100.0;11400.0;11700.0;12000.0;12300.0;12600.0;12900.0;13200.0;13500.0;13800.0;14100.0;14400.0
14400,381.25,w_center_variance,8.5480462075793184e-05,Center,m^2 s^-2,equal_mean_of_12_instantaneous_profiles,10800,14400,11100.0;11400.0;11700.0;12000.0;12300.0;12600.0;12900.0;13200.0;13500.0;13800.0;14100.0;14400.0
14400,393.75,w_center_variance,9.0325355207217698e-05,Center,m^2 s^-2,equal_mean_of_12_instantaneous_profiles,10800,14400,11100.0;11400.0;11700.0;12000.0;12300.0;12600.0;12900.0;13200.0;13500.0;13800.0;14100.0;14400.0
14400,406.25,w_center_variance,9.59946366189494e-05,Center,m^2 s^-2,equal_mean_of_12_instantaneous_profiles,10800,14400,11100.0;11400.0;11700.0;12000.0;12300.0;12600.0;12900.0;13200.0;13500.0;13800.0;14100.0;14400.0
14400,418.75,w_center_variance,0.00010158724201877097,Center,m^2 s^-2,equal_mean_of_12_instantaneous_profiles,10800,14400,11100.0;11400.0;11700.0;12000.0;12300.0;12600.0;12900.0;13200.0;13500.0;13800.0;14100.0;14400.0
14400,431.25,w_center_variance,0.00010673743266427967,Center,m^2 s^-2,equal_mean_of_12_instantaneous_profiles,10800,14400,11100.0;11400.0;11700.0;12000.0;12300.0;12600.0;12900.0;13200.0;13500.0;13800.0;14100.0;14400.0
14400,443.75,w_center_variance,0.00011182051957803196,Center,m^2 s^-2,equal_mean_of_12_instantaneous_profiles,10800,14400,11100.0;11400.0;11700.0;12000.0;12300.0;12600.0;12900.0;13200.0;13500.0;13800.0;14100.0;14400.0
14400,456.25,w_center_variance,0.00011725379348111649,Center,m^2 s^-2,equal_mean_of_12_instantaneous_profiles,10800,14400,11100.0;11400.0;11700.0;12000.0;12300.0;12600.0;12900.0;13200.0;13500.0;13800.0;14100.0;14400.0
14400,468.75,w_center_variance,0.00012229168623889564,Center,m^2 s^-2,equal_mean_of_12_instantaneous_profiles,10800,14400,11100.0;11400.0;11700.0;12000.0;12300.0;12600.0;12900.0;13200.0;13500.0;13800.0;14100.0;14400.0
14400,481.25,w_center_variance,0.0001267655381222236,Center,m^2 s^-2,equal_mean_of_12_instantaneous_profiles,10800,14400,11100.0;11400.0;11700.0;12000.0;12300.0;12600.0;12900.0;13200.0;13500.0;13800.0;14100.0;14400.0
14400,493.75,w_center_variance,0.00013257917316877865,Center,m^2 s^-2,equal_mean_of_12_instantaneous_profiles,10800,14400,11100.0;11400.0;11700.0;12000.0;12300.0;12600.0;12900.0;13200.0;13500.0;13800.0;14100.0;14400.0
14400,506.25,w_center_variance,0.00014081304865006436,Center,m^2 s^-2,equal_mean_of_12_instantaneous_profiles,10800,14400,11100.0;11400.0;11700.0;12000.0;12300.0;12600.0;12900.0;13200.0;13500.0;13800.0;14100.0;14400.0
14400,518.75,w_center_variance,0.00015008624753439412,Center,m^2 s^-2,equal_mean_of_12_instantaneous_profiles,10800,14400,11100.0;11400.0;11700.0;12000.0;12300.0;12600.0;12900.0;13200.0;13500.0;13800.0;14100.0;14400.0
14400,531.25,w_center_variance,0.00015974931981569776,Center,m^2 s^-2,equal_mean_of_12_instantaneous_profiles,10800,14400,11100.0;11400.0;11700.0;12000.0;12300.0;12600.0;12900.0;13200.0;13500.0;13800.0;14100.0;14400.0
14400,543.75,w_center_variance,0.00017139204586176979,Center,m^2 s^-2,equal_mean_of_12_instantaneous_profiles,10800,14400,11100.0;11400.0;11700.0;12000.0;12300.0;12600.0;12900.0;13200.0;13500.0;13800.0;14100.0;14400.0
14400,556.25,w_center_variance,0.00018875603806615496,Center,m^2 s^-2,equal_mean_of_12_instantaneous_profiles,10800,14400,11100.0;11400.0;11700.0;12000.0;12300.0;12600.0;12900.0;13200.0;13500.0;13800.0;14100.0;14400.0
14400,568.75,w_center_variance,0.00021623424011825895,Center,m^2 s^-2,equal_mean_of_12_instantaneous_profiles,10800,14400,11100.0;11400.0;11700.0;12000.0;12300.0;12600.0;12900.0;13200.0;13500.0;13800.0;14100.0;14400.0
14400,581.25,w_center_variance,0.0002556886926565009,Center,m^2 s^-2,equal_mean_of_12_instantaneous_profiles,10800,14400,11100.0;11400.0;11700.0;12000.0;12300.0;12600.0;12900.0;13200.0;13500.0;13800.0;14100.0;14400.0
14400,593.75,w_center_variance,0.00031399856379721314,Center,m^2 s^-2,equal_mean_of_12_instantaneous_profiles,10800,14400,11100.0;11400.0;11700.0;12000.0;12300.0;12600.0;12900.0;13200.0;13500.0;13800.0;14100.0;14400.0
14400,606.25,w_center_variance,0.00039470346382586285,Center,m^2 s^-2,equal_mean_of_12_instantaneous_profiles,10800,14400,11100.0;11400.0;11700.0;12000.0;12300.0;12600.0;12900.0;13200.0;13500.0;13800.0;14100.0;14400.0
14400,618.75,w_center_variance,0.00050333419979627558,Center,m^2 s^-2,equal_mean_of_12_instantaneous_profiles,10800,14400,11100.0;11400.0;11700.0;12000.0;12300.0;12600.0;12900.0;13200.0;13500.0;13800.0;14100.0;14400.0
14400,631.25,w_center_variance,0.0006433359764438743,Center,m^2 s^-2,equal_mean_of_12_instantaneous_profiles,10800,14400,11100.0;11400.0;11700.0;12000.0;12300.0;12600.0;12900.0;13200.0;13500.0;13800.0;14100.0;14400.0
14400,643.75,w_center_variance,0.00078404505135646707,Center,m^2 s^-2,equal_mean_of_12_instantaneous_profiles,10800,14400,11100.0;11400.0;11700.0;12000.0;12300.0;12600.0;12900.0;13200.0;13500.0;13800.0;14100.0;14400.0
14400,656.25,w_center_variance,0.00093157078663352877,Center,m^2 s^-2,equal_mean_of_12_instantaneous_profiles,10800,14400,11100.0;11400.0;11700.0;12000.0;12300.0;12600.0;12900.0;13200.0;13500.0;13800.0;14100.0;14400.0
14400,668.75,w_center_variance,0.00095329807663802058,Center,m^2 s^-2,equal_mean_of_12_instantaneous_profiles,10800,14400,11100.0;11400.0;11700.0;12000.0;12300.0;12600.0;12900.0;13200.0;13500.0;13800.0;14100.0;14400.0
14400,681.25,w_center_variance,0.00088669338826245314,Center,m^2 s^-2,equal_mean_of_12_instantaneous_profiles,10800,14400,11100.0;11400.0;11700.0;12000.0;12300.0;12600.0;12900.0;13200.0;13500.0;13800.0;14100.0;14400.0
14400,693.75,w_center_variance,0.0007461720088031143,Center,m^2 s^-2,equal_mean_of_12_instantaneous_profiles,10800,14400,11100.0;11400.0;11700.0;12000.0;12300.0;12600.0;12900.0;13200.0;13500.0;13800.0;14100.0;14400.0
14400,706.25,w_center_variance,0.00054832496243761852,Center,m^2 s^-2,equal_mean_of_12_instantaneous_profiles,10800,14400,11100.0;11400.0;11700.0;12000.0;12300.0;12600.0;12900.0;13200.0;13500.0;13800.0;14100.0;14400.0
14400,718.75,w_center_variance,0.00037619768166526529,Center,m^2 s^-2,equal_mean_of_12_instantaneous_profiles,10800,14400,11100.0;11400.0;11700.0;12000.0;12300.0;12600.0;12900.0;13200.0;13500.0;13800.0;14100.0;14400.0
14400,731.25,w_center_variance,0.00025520350027363747,Center,m^2 s^-2,equal_mean_of_12_instantaneous_profiles,10800,14400,11100.0;11400.0;11700.0;12000.0;12300.0;12600.0;12900.0;13200.0;13500.0;13800.0;14100.0;14400.0
14400,743.75,w_center_variance,0.00016843226815884313,Center,m^2 s^-2,equal_mean_of_12_instantaneous_profiles,10800,14400,11100.0;11400.0;11700.0;12000.0;12300.0;12600.0;12900.0;13200.0;13500.0;13800.0;14100.0;14400.0
14400,756.25,w_center_variance,0.00010666529124137014,Center,m^2 s^-2,equal_mean_of_12_instantaneous_profiles,10800,14400,11100.0;11400.0;11700.0;12000.0;12300.0;12600.0;12900.0;13200.0;13500.0;13800.0;14100.0;14400.0
14400,768.75,w_center_variance,6.1889167833821076e-05,Center,m^2 s^-2,equal_mean_of_12_instantaneous_profiles,10800,14400,11100.0;11400.0;11700.0;12000.0;12300.0;12600.0;12900.0;13200.0;13500.0;13800.0;14100.0;14400.0
14400,781.25,w_center_variance,2.6682923210804194e-05,Center,m^2 s^-2,equal_mean_of_12_instantaneous_profiles,10800,14400,11100.0;11400.0;11700.0;12000.0;12300.0;12600.0;12900.0;13200.0;13500.0;13800.0;14100.0;14400.0
14400,793.75,w_center_variance,3.4815815202667486e-06,Center,m^2 s^-2,equal_mean_of_12_instantaneous_profiles,10800,14400,11100.0;11400.0;11700.0;12000.0;12300.0;12600.0;12900.0;13200.0;13500.0;13800.0;14100.0;14400.0
14400,0,w_mean,0,Face,m s^-1,equal_mean_of_12_instantaneous_profiles,10800,14400,11100.0;11400.0;11700.0;12000.0;12300.0;12600.0;12900.0;13200.0;13500.0;13800.0;14100.0;14400.0
14400,12.5,w_mean,-9.6163906467457605e-10,Face,m s^-1,equal_mean_of_12_instantaneous_profiles,10800,14400,11100.0;11400.0;11700.0;12000.0;12300.0;12600.0;12900.0;13200.0;13500.0;13800.0;14100.0;14400.0
14400,25,w_mean,-5.4872847006966668e-09,Face,m s^-1,equal_mean_of_12_instantaneous_profiles,10800,14400,11100.0;11400.0;11700.0;12000.0;12300.0;12600.0;12900.0;13200.0;13500.0;13800.0;14100.0;14400.0
14400,37.5,w_mean,-4.115766690423091e-09,Face,m s^-1,equal_mean_of_12_instantaneous_profiles,10800,14400,11100.0;11400.0;11700.0;12000.0;12300.0;12600.0;12900.0;13200.0;13500.0;13800.0;14100.0;14400.0
14400,50,w_mean,-4.135169244060914e-09,Face,m s^-1,equal_mean_of_12_instantaneous_profiles,10800,14400,11100.0;11400.0;11700.0;12000.0;12300.0;12600.0;12900.0;13200.0;13500.0;13800.0;14100.0;14400.0
14400,62.5,w_mean,-4.3207061632225914e-09,Face,m s^-1,equal_mean_of_12_instantaneous_profiles,10800,14400,11100.0;11400.0;11700.0;12000.0;12300.0;12600.0;12900.0;13200.0;13500.0;13800.0;14100.0;14400.0
14400,75,w_mean,-1.9321911774265271e-08,Face,m s^-1,equal_mean_of_12_instantaneous_profiles,10800,14400,11100.0;11400.0;11700.0;12000.0;12300.0;12600.0;12900.0;13200.0;13500.0;13800.0;14100.0;14400.0
14400,87.5,w_mean,1.9063008949160576e-09,Face,m s^-1,equal_mean_of_12_instantaneous_profiles,10800,14400,11100.0;11400.0;11700.0;12000.0;12300.0;12600.0;12900.0;13200.0;13500.0;13800.0;14100.0;14400.0
14400,100,w_mean,-8.4037310443818569e-10,Face,m s^-1,equal_mean_of_12_instantaneous_profiles,10800,14400,11100.0;11400.0;11700.0;12000.0;12300.0;12600.0;12900.0;13200.0;13500.0;13800.0;14100.0;14400.0
14400,112.5,w_mean,7.7416189014911652e-09,Face,m s^-1,equal_mean_of_12_instantaneous_profiles,10800,14400,11100.0;11400.0;11700.0;12000.0;12300.0;12600.0;12900.0;13200.0;13500.0;13800.0;14100.0;14400.0
14400,125,w_mean,-2.2739792863527935e-08,Face,m s^-1,equal_mean_of_12_instantaneous_profiles,10800,14400,11100.0;11400.0;11700.0;12000.0;12300.0;12600.0;12900.0;13200.0;13500.0;13800.0;14100.0;14400.0
14400,137.5,w_mean,-5.4469031359379492e-08,Face,m s^-1,equal_mean_of_12_instantaneous_profiles,10800,14400,11100.0;11400.0;11700.0;12000.0;12300.0;12600.0;12900.0;13200.0;13500.0;13800.0;14100.0;14400.0
14400,150,w_mean,-7.5327989179641008e-08,Face,m s^-1,equal_mean_of_12_instantaneous_profiles,10800,14400,11100.0;11400.0;11700.0;12000.0;12300.0;12600.0;12900.0;13200.0;13500.0;13800.0;14100.0;14400.0
14400,162.5,w_mean,-5.1334306287268795e-08,Face,m s^-1,equal_mean_of_12_instantaneous_profiles,10800,14400,11100.0;11400.0;11700.0;12000.0;12300.0;12600.0;12900.0;13200.0;13500.0;13800.0;14100.0;14400.0
14400,175,w_mean,-4.9064207511643566e-08,Face,m s^-1,equal_mean_of_12_instantaneous_profiles,10800,14400,11100.0;11400.0;11700.0;12000.0;12300.0;12600.0;12900.0;13200.0;13500.0;13800.0;14100.0;14400.0
14400,187.5,w_mean,-4.8991447935501732e-08,Face,m s^-1,equal_mean_of_12_instantaneous_profiles,10800,14400,11100.0;11400.0;11700.0;12000.0;12300.0;12600.0;12900.0;13200.0;13500.0;13800.0;14100.0;14400.0
14400,200,w_mean,-5.0563054780165352e-08,Face,m s^-1,equal_mean_of_12_instantaneous_profiles,10800,14400,11100.0;11400.0;11700.0;12000.0;12300.0;12600.0;12900.0;13200.0;13500.0;13800.0;14100.0;14400.0
14400,212.5,w_mean,-2.2584572434425354e-08,Face,m s^-1,equal_mean_of_12_instantaneous_profiles,10800,14400,11100.0;11400.0;11700.0;12000.0;12300.0;12600.0;12900.0;13200.0;13500.0;13800.0;14100.0;14400.0
14400,225,w_mean,-4.9828183061132826e-08,Face,m s^-1,equal_mean_of_12_instantaneous_profiles,10800,14400,11100.0;11400.0;11700.0;12000.0;12300.0;12600.0;12900.0;13200.0;13500.0;13800.0;14100.0;14400.0
14400,237.5,w_mean,-4.6862017673750721e-08,Face,m s^-1,equal_mean_of_12_instantaneous_profiles,10800,14400,11100.0;11400.0;11700.0;12000.0;12300.0;12600.0;12900.0;13200.0;13500.0;13800.0;14100.0;14400.0
14400,250,w_mean,-1.8025578659338255e-08,Face,m s^-1,equal_mean_of_12_instantaneous_profiles,10800,14400,11100.0;11400.0;11700.0;12000.0;12300.0;12600.0;12900.0;13200.0;13500.0;13800.0;14100.0;14400.0
14400,262.5,w_mean,2.127004942546288e-09,Face,m s^-1,equal_mean_of_12_instantaneous_profiles,10800,14400,11100.0;11400.0;11700.0;12000.0;12300.0;12600.0;12900.0;13200.0;13500.0;13800.0;14100.0;14400.0
14400,275,w_mean,5.0034335193534689e-09,Face,m s^-1,equal_mean_of_12_instantaneous_profiles,10800,14400,11100.0;11400.0;11700.0;12000.0;12300.0;12600.0;12900.0;13200.0;13500.0;13800.0;14100.0;14400.0
14400,287.5,w_mean,-2.2834380312512317e-09,Face,m s^-1,equal_mean_of_12_instantaneous_profiles,10800,14400,11100.0;11400.0;11700.0;12000.0;12300.0;12600.0;12900.0;13200.0;13500.0;13800.0;14100.0;14400.0
14400,300,w_mean,-2.1282176021486521e-10,Face,m s^-1,equal_mean_of_12_instantaneous_profiles,10800,14400,11100.0;11400.0;11700.0;12000.0;12300.0;12600.0;12900.0;13200.0;13500.0;13800.0;14100.0;14400.0
14400,312.5,w_mean,5.4872847006966674e-10,Face,m s^-1,equal_mean_of_12_instantaneous_profiles,10800,14400,11100.0;11400.0;11700.0;12000.0;12300.0;12600.0;12900.0;13200.0;13500.0;13800.0;14100.0;14400.0
14400,325,w_mean,1.4964219493170579e-09,Face,m s^-1,equal_mean_of_12_instantaneous_profiles,10800,14400,11100.0;11400.0;11700.0;12000.0;12300.0;12600.0;12900.0;13200.0;13500.0;13800.0;14100.0;14400.0
14400,337.5,w_mean,-6.796957071249684e-10,Face,m s^-1,equal_mean_of_12_instantaneous_profiles,10800,14400,11100.0;11400.0;11700.0;12000.0;12300.0;12600.0;12900.0;13200.0;13500.0;13800.0;14100.0;14400.0
14400,350,w_mean,1.2303947490484763e-09,Face,m s^-1,equal_mean_of_12_instantaneous_profiles,10800,14400,11100.0;11400.0;11700.0;12000.0;12300.0;12600.0;12900.0;13200.0;13500.0;13800.0;14100.0;14400.0
14400,362.5,w_mean,1.109735118613268e-09,Face,m s^-1,equal_mean_of_12_instantaneous_profiles,10800,14400,11100.0;11400.0;11700.0;12000.0;12300.0;12600.0;12900.0;13200.0;13500.0;13800.0;14100.0;14400.0
14400,375,w_mean,9.6648970308403181e-10,Face,m s^-1,equal_mean_of_12_instantaneous_profiles,10800,14400,11100.0;11400.0;11700.0;12000.0;12300.0;12600.0;12900.0;13200.0;13500.0;13800.0;14100.0;14400.0
14400,387.5,w_mean,1.153845611649255e-09,Face,m s^-1,equal_mean_of_12_instantaneous_profiles,10800,14400,11100.0;11400.0;11700.0;12000.0;12300.0;12600.0;12900.0;13200.0;13500.0;13800.0;14100.0;14400.0
14400,400,w_mean,1.9748767954297364e-08,Face,m s^-1,equal_mean_of_12_instantaneous_profiles,10800,14400,11100.0;11400.0;11700.0;12000.0;12300.0;12600.0;12900.0;13200.0;13500.0;13800.0;14100.0;14400.0
14400,412.5,w_mean,2.1319768469159801e-08,Face,m s^-1,equal_mean_of_12_instantaneous_profiles,10800,14400,11100.0;11400.0;11700.0;12000.0;12300.0;12600.0;12900.0;13200.0;13500.0;13800.0;14100.0;14400.0
14400,425,w_mean,3.2448042475152761e-08,Face,m s^-1,equal_mean_of_12_instantaneous_profiles,10800,14400,11100.0;11400.0;11700.0;12000.0;12300.0;12600.0;12900.0;13200.0;13500.0;13800.0;14100.0;14400.0
14400,437.5,w_mean,3.2740899769123644e-08,Face,m s^-1,equal_mean_of_12_instantaneous_profiles,10800,14400,11100.0;11400.0;11700.0;12000.0;12300.0;12600.0;12900.0;13200.0;13500.0;13800.0;14100.0;14400.0
14400,450,w_mean,3.2659954740665853e-08,Face,m s^-1,equal_mean_of_12_instantaneous_profiles,10800,14400,11100.0;11400.0;11700.0;12000.0;12300.0;12600.0;12900.0;13200.0;13500.0;13800.0;14100.0;14400.0
14400,462.5,w_mean,4.6880207567786179e-08,Face,m s^-1,equal_mean_of_12_instantaneous_profiles,10800,14400,11100.0;11400.0;11700.0;12000.0;12300.0;12600.0;12900.0;13200.0;13500.0;13800.0;14100.0;14400.0
14400,475,w_mean,5.3634721552953124e-08,Face,m s^-1,equal_mean_of_12_instantaneous_profiles,10800,14400,11100.0;11400.0;11700.0;12000.0;12300.0;12600.0;12900.0;13200.0;13500.0;13800.0;14100.0;14400.0
14400,487.5,w_mean,5.4298652685247362e-08,Face,m s^-1,equal_mean_of_12_instantaneous_profiles,10800,14400,11100.0;11400.0;11700.0;12000.0;12300.0;12600.0;12900.0;13200.0;13500.0;13800.0;14100.0;14400.0
14400,500,w_mean,4.8993115342454985e-08,Face,m s^-1,equal_mean_of_12_instantaneous_profiles,10800,14400,11100.0;11400.0;11700.0;12000.0;12300.0;12600.0;12900.0;13200.0;13500.0;13800.0;14100.0;14400.0
14400,512.5,w_mean,3.6858637031400576e-08,Face,m s^-1,equal_mean_of_12_instantaneous_profiles,10800,14400,11100.0;11400.0;11700.0;12000.0;12300.0;12600.0;12900.0;13200.0;13500.0;13800.0;14100.0;14400.0
14400,525,w_mean,2.5864816658819716e-08,Face,m s^-1,equal_mean_of_12_instantaneous_profiles,10800,14400,11100.0;11400.0;11700.0;12000.0;12300.0;12600.0;12900.0;13200.0;13500.0;13800.0;14100.0;14400.0
14400,537.5,w_mean,2.7692597844482709e-08,Face,m s^-1,equal_mean_of_12_instantaneous_profiles,10800,14400,11100.0;11400.0;11700.0;12000.0;12300.0;12600.0;12900.0;13200.0;13500.0;13800.0;14100.0;14400.0
14400,550,w_mean,3.6472859695398561e-08,Face,m s^-1,equal_mean_of_12_instantaneous_profiles,10800,14400,11100.0;11400.0;11700.0;12000.0;12300.0;12600.0;12900.0;13200.0;13500.0;13800.0;14100.0;14400.0
14400,562.5,w_mean,4.493297941129034e-08,Face,m s^-1,equal_mean_of_12_instantaneous_profiles,10800,14400,11100.0;11400.0;11700.0;12000.0;12300.0;12600.0;12900.0;13200.0;13500.0;13800.0;14100.0;14400.0
14400,575,w_mean,4.4836876137802996e-08,Face,m s^-1,equal_mean_of_12_instantaneous_profiles,10800,14400,11100.0;11400.0;11700.0;12000.0;12300.0;12600.0;12900.0;13200.0;13500.0;13800.0;14100.0;14400.0
14400,587.5,w_mean,3.6305815835172929e-08,Face,m s^-1,equal_mean_of_12_instantaneous_profiles,10800,14400,11100.0;11400.0;11700.0;12000.0;12300.0;12600.0;12900.0;13200.0;13500.0;13800.0;14100.0;14400.0
14400,600,w_mean,4.4232365326024592e-08,Face,m s^-1,equal_mean_of_12_instantaneous_profiles,10800,14400,11100.0;11400.0;11700.0;12000.0;12300.0;12600.0;12900.0;13200.0;13500.0;13800.0;14100.0;14400.0
14400,612.5,w_mean,4.8559741117060184e-08,Face,m s^-1,equal_mean_of_12_instantaneous_profiles,10800,14400,11100.0;11400.0;11700.0;12000.0;12300.0;12600.0;12900.0;13200.0;13500.0;13800.0;14100.0;14400.0
14400,625,w_mean,5.487042168776194e-08,Face,m s^-1,equal_mean_of_12_instantaneous_profiles,10800,14400,11100.0;11400.0;11700.0;12000.0;12300.0;12600.0;12900.0;13200.0;13500.0;13800.0;14100.0;14400.0
14400,637.5,w_mean,5.0247763283550739e-08,Face,m s^-1,equal_mean_of_12_instantaneous_profiles,10800,14400,11100.0;11400.0;11700.0;12000.0;12300.0;12600.0;12900.0;13200.0;13500.0;13800.0;14100.0;14400.0
14400,650,w_mean,4.8564591755469642e-08,Face,m s^-1,equal_mean_of_12_instantaneous_profiles,10800,14400,11100.0;11400.0;11700.0;12000.0;12300.0;12600.0;12900.0;13200.0;13500.0;13800.0;14100.0;14400.0
14400,662.5,w_mean,4.8712536226958036e-08,Face,m s^-1,equal_mean_of_12_instantaneous_profiles,10800,14400,11100.0;11400.0;11700.0;12000.0;12300.0;12600.0;12900.0;13200.0;13500.0;13800.0;14100.0;14400.0
14400,675,w_mean,4.7567785562326513e-08,Face,m s^-1,equal_mean_of_12_instantaneous_profiles,10800,14400,11100.0;11400.0;11700.0;12000.0;12300.0;12600.0;12900.0;13200.0;13500.0;13800.0;14100.0;14400.0
14400,687.5,w_mean,4.6470934951988361e-08,Face,m s^-1,equal_mean_of_12_instantaneous_profiles,10800,14400,11100.0;11400.0;11700.0;12000.0;12300.0;12600.0;12900.0;13200.0;13500.0;13800.0;14100.0;14400.0
14400,700,w_mean,4.7054830550526581e-08,Face,m s^-1,equal_mean_of_12_instantaneous_profiles,10800,14400,11100.0;11400.0;11700.0;12000.0;12300.0;12600.0;12900.0;13200.0;13500.0;13800.0;14100.0;14400.0
14400,712.5,w_mean,4.7480474070956312e-08,Face,m s^-1,equal_mean_of_12_instantaneous_profiles,10800,14400,11100.0;11400.0;11700.0;12000.0;12300.0;12600.0;12900.0;13200.0;13500.0;13800.0;14100.0;14400.0
14400,725,w_mean,4.7102730604819953e-08,Face,m s^-1,equal_mean_of_12_instantaneous_profiles,10800,14400,11100.0;11400.0;11700.0;12000.0;12300.0;12600.0;12900.0;13200.0;13500.0;13800.0;14100.0;14400.0
14400,737.5,w_mean,4.4890839490108192e-08,Face,m s^-1,equal_mean_of_12_instantaneous_profiles,10800,14400,11100.0;11400.0;11700.0;12000.0;12300.0;12600.0;12900.0;13200.0;13500.0;13800.0;14100.0;14400.0
14400,750,w_mean,4.5391667905884482e-08,Face,m s^-1,equal_mean_of_12_instantaneous_profiles,10800,14400,11100.0;11400.0;11700.0;12000.0;12300.0;12600.0;12900.0;13200.0;13500.0;13800.0;14100.0;14400.0
14400,762.5,w_mean,4.5399853358200439e-08,Face,m s^-1,equal_mean_of_12_instantaneous_profiles,10800,14400,11100.0;11400.0;11700.0;12000.0;12300.0;12600.0;12900.0;13200.0;13500.0;13800.0;14100.0;14400.0
14400,775,w_mean,4.5743642355470605e-08,Face,m s^-1,equal_mean_of_12_instantaneous_profiles,10800,14400,11100.0;11400.0;11700.0;12000.0;12300.0;12600.0;12900.0;13200.0;13500.0;13800.0;14100.0;14400.0
14400,787.5,w_mean,4.6092130408699937e-08,Face,m s^-1,equal_mean_of_12_instantaneous_profiles,10800,14400,11100.0;11400.0;11700.0;12000.0;12300.0;12600.0;12900.0;13200.0;13500.0;13800.0;14100.0;14400.0
14400,800,w_mean,0,Face,m s^-1,equal_mean_of_12_instantaneous_profiles,10800,14400,11100.0;11400.0;11700.0;12000.0;12300.0;12600.0;12900.0;13200.0;13500.0;13800.0;14100.0;14400.0
14400,0,w_skewness_instantaneous_ratio,0,Face,1,equal_mean_of_12_instantaneous_profiles,10800,14400,11100.0;11400.0;11700.0;12000.0;12300.0;12600.0;12900.0;13200.0;13500.0;13800.0;14100.0;14400.0
14400,12.5,w_skewness_instantaneous_ratio,-0.19820679902719954,Face,1,equal_mean_of_12_instantaneous_profiles,10800,14400,11100.0;11400.0;11700.0;12000.0;12300.0;12600.0;12900.0;13200.0;13500.0;13800.0;14100.0;14400.0
14400,25,w_skewness_instantaneous_ratio,-0.326998973886172,Face,1,equal_mean_of_12_instantaneous_profiles,10800,14400,11100.0;11400.0;11700.0;12000.0;12300.0;12600.0;12900.0;13200.0;13500.0;13800.0;14100.0;14400.0
14400,37.5,w_skewness_instantaneous_ratio,-0.17080754321068525,Face,1,equal_mean_of_12_instantaneous_profiles,10800,14400,11100.0;11400.0;11700.0;12000.0;12300.0;12600.0;12900.0;13200.0;13500.0;13800.0;14100.0;14400.0
14400,50,w_skewness_instantaneous_ratio,-0.071281823795288801,Face,1,equal_mean_of_12_instantaneous_profiles,10800,14400,11100.0;11400.0;11700.0;12000.0;12300.0;12600.0;12900.0;13200.0;13500.0;13800.0;14100.0;14400.0
14400,62.5,w_skewness_instantaneous_ratio,0.037452248235543571,Face,1,equal_mean_of_12_instantaneous_profiles,10800,14400,11100.0;11400.0;11700.0;12000.0;12300.0;12600.0;12900.0;13200.0;13500.0;13800.0;14100.0;14400.0
14400,75,w_skewness_instantaneous_ratio,0.059202854211131729,Face,1,equal_mean_of_12_instantaneous_profiles,10800,14400,11100.0;11400.0;11700.0;12000.0;12300.0;12600.0;12900.0;13200.0;13500.0;13800.0;14100.0;14400.0
14400,87.5,w_skewness_instantaneous_ratio,0.058433376407871641,Face,1,equal_mean_of_12_instantaneous_profiles,10800,14400,11100.0;11400.0;11700.0;12000.0;12300.0;12600.0;12900.0;13200.0;13500.0;13800.0;14100.0;14400.0
14400,100,w_skewness_instantaneous_ratio,0.06450683336394529,Face,1,equal_mean_of_12_instantaneous_profiles,10800,14400,11100.0;11400.0;11700.0;12000.0;12300.0;12600.0;12900.0;13200.0;13500.0;13800.0;14100.0;14400.0
14400,112.5,w_skewness_instantaneous_ratio,0.037715237510080137,Face,1,equal_mean_of_12_instantaneous_profiles,10800,14400,11100.0;11400.0;11700.0;12000.0;12300.0;12600.0;12900.0;13200.0;13500.0;13800.0;14100.0;14400.0
14400,125,w_skewness_instantaneous_ratio,0.012022065891263386,Face,1,equal_mean_of_12_instantaneous_profiles,10800,14400,11100.0;11400.0;11700.0;12000.0;12300.0;12600.0;12900.0;13200.0;13500.0;13800.0;14100.0;14400.0
14400,137.5,w_skewness_instantaneous_ratio,0.0087387113211055602,Face,1,equal_mean_of_12_instantaneous_profiles,10800,14400,11100.0;11400.0;11700.0;12000.0;12300.0;12600.0;12900.0;13200.0;13500.0;13800.0;14100.0;14400.0
14400,150,w_skewness_instantaneous_ratio,0.020520893815652624,Face,1,equal_mean_of_12_instantaneous_profiles,10800,14400,11100.0;11400.0;11700.0;12000.0;12300.0;12600.0;12900.0;13200.0;13500.0;13800.0;14100.0;14400.0
14400,162.5,w_skewness_instantaneous_ratio,0.051297823161197208,Face,1,equal_mean_of_12_instantaneous_profiles,10800,14400,11100.0;11400.0;11700.0;12000.0;12300.0;12600.0;12900.0;13200.0;13500.0;13800.0;14100.0;14400.0
14400,175,w_skewness_instantaneous_ratio,0.080860151288410023,Face,1,equal_mean_of_12_instantaneous_profiles,10800,14400,11100.0;11400.0;11700.0;12000.0;12300.0;12600.0;12900.0;13200.0;13500.0;13800.0;14100.0;14400.0
14400,187.5,w_skewness_instantaneous_ratio,0.091541944537311792,Face,1,equal_mean_of_12_instantaneous_profiles,10800,14400,11100.0;11400.0;11700.0;12000.0;12300.0;12600.0;12900.0;13200.0;13500.0;13800.0;14100.0;14400.0
14400,200,w_skewness_instantaneous_ratio,0.05816052326311668,Face,1,equal_mean_of_12_instantaneous_profiles,10800,14400,11100.0;11400.0;11700.0;12000.0;12300.0;12600.0;12900.0;13200.0;13500.0;13800.0;14100.0;14400.0
14400,212.5,w_skewness_instantaneous_ratio,0.076420165676002696,Face,1,equal_mean_of_12_instantaneous_profiles,10800,14400,11100.0;11400.0;11700.0;12000.0;12300.0;12600.0;12900.0;13200.0;13500.0;13800.0;14100.0;14400.0
14400,225,w_skewness_instantaneous_ratio,0.077778323863943413,Face,1,equal_mean_of_12_instantaneous_profiles,10800,14400,11100.0;11400.0;11700.0;12000.0;12300.0;12600.0;12900.0;13200.0;13500.0;13800.0;14100.0;14400.0
14400,237.5,w_skewness_instantaneous_ratio,0.043947057332843542,Face,1,equal_mean_of_12_instantaneous_profiles,10800,14400,11100.0;11400.0;11700.0;12000.0;12300.0;12600.0;12900.0;13200.0;13500.0;13800.0;14100.0;14400.0
14400,250,w_skewness_instantaneous_ratio,0.038968171303470932,Face,1,equal_mean_of_12_instantaneous_profiles,10800,14400,11100.0;11400.0;11700.0;12000.0;12300.0;12600.0;12900.0;13200.0;13500.0;13800.0;14100.0;14400.0
14400,262.5,w_skewness_instantaneous_ratio,0.060343431619306408,Face,1,equal_mean_of_12_instantaneous_profiles,10800,14400,11100.0;11400.0;11700.0;12000.0;12300.0;12600.0;12900.0;13200.0;13500.0;13800.0;14100.0;14400.0
14400,275,w_skewness_instantaneous_ratio,0.037534822438222669,Face,1,equal_mean_of_12_instantaneous_profiles,10800,14400,11100.0;11400.0;11700.0;12000.0;12300.0;12600.0;12900.0;13200.0;13500.0;13800.0;14100.0;14400.0
14400,287.5,w_skewness_instantaneous_ratio,0.019141749711707234,Face,1,equal_mean_of_12_instantaneous_profiles,10800,14400,11100.0;11400.0;11700.0;12000.0;12300.0;12600.0;12900.0;13200.0;13500.0;13800.0;14100.0;14400.0
14400,300,w_skewness_instantaneous_ratio,-0.015903595291698974,Face,1,equal_mean_of_12_instantaneous_profiles,10800,14400,11100.0;11400.0;11700.0;12000.0;12300.0;12600.0;12900.0;13200.0;13500.0;13800.0;14100.0;14400.0
14400,312.5,w_skewness_instantaneous_ratio,-0.020481967988113563,Face,1,equal_mean_of_12_instantaneous_profiles,10800,14400,11100.0;11400.0;11700.0;12000.0;12300.0;12600.0;12900.0;13200.0;13500.0;13800.0;14100.0;14400.0
14400,325,w_skewness_instantaneous_ratio,-0.041141617111861706,Face,1,equal_mean_of_12_instantaneous_profiles,10800,14400,11100.0;11400.0;11700.0;12000.0;12300.0;12600.0;12900.0;13200.0;13500.0;13800.0;14100.0;14400.0
14400,337.5,w_skewness_instantaneous_ratio,-0.050429447554051876,Face,1,equal_mean_of_12_instantaneous_profiles,10800,14400,11100.0;11400.0;11700.0;12000.0;12300.0;12600.0;12900.0;13200.0;13500.0;13800.0;14100.0;14400.0
14400,350,w_skewness_instantaneous_ratio,-0.021893297942976158,Face,1,equal_mean_of_12_instantaneous_profiles,10800,14400,11100.0;11400.0;11700.0;12000.0;12300.0;12600.0;12900.0;13200.0;13500.0;13800.0;14100.0;14400.0
14400,362.5,w_skewness_instantaneous_ratio,0.0228065000846982,Face,1,equal_mean_of_12_instantaneous_profiles,10800,14400,11100.0;11400.0;11700.0;12000.0;12300.0;12600.0;12900.0;13200.0;13500.0;13800.0;14100.0;14400.0
14400,375,w_skewness_instantaneous_ratio,0.039122362582323454,Face,1,equal_mean_of_12_instantaneous_profiles,10800,14400,11100.0;11400.0;11700.0;12000.0;12300.0;12600.0;12900.0;13200.0;13500.0;13800.0;14100.0;14400.0
14400,387.5,w_skewness_instantaneous_ratio,0.037938548756452896,Face,1,equal_mean_of_12_instantaneous_profiles,10800,14400,11100.0;11400.0;11700.0;12000.0;12300.0;12600.0;12900.0;13200.0;13500.0;13800.0;14100.0;14400.0
14400,400,w_skewness_instantaneous_ratio,0.018945657027264435,Face,1,equal_mean_of_12_instantaneous_profiles,10800,14400,11100.0;11400.0;11700.0;12000.0;12300.0;12600.0;12900.0;13200.0;13500.0;13800.0;14100.0;14400.0
14400,412.5,w_skewness_instantaneous_ratio,0.014197927589217821,Face,1,equal_mean_of_12_instantaneous_profiles,10800,14400,11100.0;11400.0;11700.0;12000.0;12300.0;12600.0;12900.0;13200.0;13500.0;13800.0;14100.0;14400.0
14400,425,w_skewness_instantaneous_ratio,0.00070578325539827347,Face,1,equal_mean_of_12_instantaneous_profiles,10800,14400,11100.0;11400.0;11700.0;12000.0;12300.0;12600.0;12900.0;13200.0;13500.0;13800.0;14100.0;14400.0
14400,437.5,w_skewness_instantaneous_ratio,-0.0061897900886833668,Face,1,equal_mean_of_12_instantaneous_profiles,10800,14400,11100.0;11400.0;11700.0;12000.0;12300.0;12600.0;12900.0;13200.0;13500.0;13800.0;14100.0;14400.0
14400,450,w_skewness_instantaneous_ratio,-0.00037942004079620045,Face,1,equal_mean_of_12_instantaneous_profiles,10800,14400,11100.0;11400.0;11700.0;12000.0;12300.0;12600.0;12900.0;13200.0;13500.0;13800.0;14100.0;14400.0
14400,462.5,w_skewness_instantaneous_ratio,-0.019060661162560184,Face,1,equal_mean_of_12_instantaneous_profiles,10800,14400,11100.0;11400.0;11700.0;12000.0;12300.0;12600.0;12900.0;13200.0;13500.0;13800.0;14100.0;14400.0
14400,475,w_skewness_instantaneous_ratio,-0.050217675976455212,Face,1,equal_mean_of_12_instantaneous_profiles,10800,14400,11100.0;11400.0;11700.0;12000.0;12300.0;12600.0;12900.0;13200.0;13500.0;13800.0;14100.0;14400.0
14400,487.5,w_skewness_instantaneous_ratio,-0.07387235221661588,Face,1,equal_mean_of_12_instantaneous_profiles,10800,14400,11100.0;11400.0;11700.0;12000.0;12300.0;12600.0;12900.0;13200.0;13500.0;13800.0;14100.0;14400.0
14400,500,w_skewness_instantaneous_ratio,-0.095077935295800373,Face,1,equal_mean_of_12_instantaneous_profiles,10800,14400,11100.0;11400.0;11700.0;12000.0;12300.0;12600.0;12900.0;13200.0;13500.0;13800.0;14100.0;14400.0
14400,512.5,w_skewness_instantaneous_ratio,-0.11592778687675794,Face,1,equal_mean_of_12_instantaneous_profiles,10800,14400,11100.0;11400.0;11700.0;12000.0;12300.0;12600.0;12900.0;13200.0;13500.0;13800.0;14100.0;14400.0
14400,525,w_skewness_instantaneous_ratio,-0.11423114275870223,Face,1,equal_mean_of_12_instantaneous_profiles,10800,14400,11100.0;11400.0;11700.0;12000.0;12300.0;12600.0;12900.0;13200.0;13500.0;13800.0;14100.0;14400.0
14400,537.5,w_skewness_instantaneous_ratio,-0.11130664497613907,Face,1,equal_mean_of_12_instantaneous_profiles,10800,14400,11100.0;11400.0;11700.0;12000.0;12300.0;12600.0;12900.0;13200.0;13500.0;13800.0;14100.0;14400.0
14400,550,w_skewness_instantaneous_ratio,-0.10423434898257256,Face,1,equal_mean_of_12_instantaneous_profiles,10800,14400,11100.0;11400.0;11700.0;12000.0;12300.0;12600.0;12900.0;13200.0;13500.0;13800.0;14100.0;14400.0
14400,562.5,w_skewness_instantaneous_ratio,-0.081146910786628723,Face,1,equal_mean_of_12_instantaneous_profiles,10800,14400,11100.0;11400.0;11700.0;12000.0;12300.0;12600.0;12900.0;13200.0;13500.0;13800.0;14100.0;14400.0
14400,575,w_skewness_instantaneous_ratio,-0.020316704486807186,Face,1,equal_mean_of_12_instantaneous_profiles,10800,14400,11100.0;11400.0;11700.0;12000.0;12300.0;12600.0;12900.0;13200.0;13500.0;13800.0;14100.0;14400.0
14400,587.5,w_skewness_instantaneous_ratio,0.057013912126421928,Face,1,equal_mean_of_12_instantaneous_profiles,10800,14400,11100.0;11400.0;11700.0;12000.0;12300.0;12600.0;12900.0;13200.0;13500.0;13800.0;14100.0;14400.0
14400,600,w_skewness_instantaneous_ratio,0.13171016052365303,Face,1,equal_mean_of_12_instantaneous_profiles,10800,14400,11100.0;11400.0;11700.0;12000.0;12300.0;12600.0;12900.0;13200.0;13500.0;13800.0;14100.0;14400.0
14400,612.5,w_skewness_instantaneous_ratio,0.13105980399996042,Face,1,equal_mean_of_12_instantaneous_profiles,10800,14400,11100.0;11400.0;11700.0;12000.0;12300.0;12600.0;12900.0;13200.0;13500.0;13800.0;14100.0;14400.0
14400,625,w_skewness_instantaneous_ratio,0.1110068637256821,Face,1,equal_mean_of_12_instantaneous_profiles,10800,14400,11100.0;11400.0;11700.0;12000.0;12300.0;12600.0;12900.0;13200.0;13500.0;13800.0;14100.0;14400.0
14400,637.5,w_skewness_instantaneous_ratio,0.018825331702828407,Face,1,equal_mean_of_12_instantaneous_profiles,10800,14400,11100.0;11400.0;11700.0;12000.0;12300.0;12600.0;12900.0;13200.0;13500.0;13800.0;14100.0;14400.0
14400,650,w_skewness_instantaneous_ratio,-0.063141074807693556,Face,1,equal_mean_of_12_instantaneous_profiles,10800,14400,11100.0;11400.0;11700.0;12000.0;12300.0;12600.0;12900.0;13200.0;13500.0;13800.0;14100.0;14400.0
14400,662.5,w_skewness_instantaneous_ratio,-0.11716757978623112,Face,1,equal_mean_of_12_instantaneous_profiles,10800,14400,11100.0;11400.0;11700.0;12000.0;12300.0;12600.0;12900.0;13200.0;13500.0;13800.0;14100.0;14400.0
14400,675,w_skewness_instantaneous_ratio,-0.088670812721829861,Face,1,equal_mean_of_12_instantaneous_profiles,10800,14400,11100.0;11400.0;11700.0;12000.0;12300.0;12600.0;12900.0;13200.0;13500.0;13800.0;14100.0;14400.0
14400,687.5,w_skewness_instantaneous_ratio,-0.051344485953450203,Face,1,equal_mean_of_12_instantaneous_profiles,10800,14400,11100.0;11400.0;11700.0;12000.0;12300.0;12600.0;12900.0;13200.0;13500.0;13800.0;14100.0;14400.0
14400,700,w_skewness_instantaneous_ratio,-0.056520762232442699,Face,1,equal_mean_of_12_instantaneous_profiles,10800,14400,11100.0;11400.0;11700.0;12000.0;12300.0;12600.0;12900.0;13200.0;13500.0;13800.0;14100.0;14400.0
14400,712.5,w_skewness_instantaneous_ratio,-0.062538392298544451,Face,1,equal_mean_of_12_instantaneous_profiles,10800,14400,11100.0;11400.0;11700.0;12000.0;12300.0;12600.0;12900.0;13200.0;13500.0;13800.0;14100.0;14400.0
14400,725,w_skewness_instantaneous_ratio,-0.0017384610061223309,Face,1,equal_mean_of_12_instantaneous_profiles,10800,14400,11100.0;11400.0;11700.0;12000.0;12300.0;12600.0;12900.0;13200.0;13500.0;13800.0;14100.0;14400.0
14400,737.5,w_skewness_instantaneous_ratio,-0.024215870536863804,Face,1,equal_mean_of_12_instantaneous_profiles,10800,14400,11100.0;11400.0;11700.0;12000.0;12300.0;12600.0;12900.0;13200.0;13500.0;13800.0;14100.0;14400.0
14400,750,w_skewness_instantaneous_ratio,-0.039452421789367996,Face,1,equal_mean_of_12_instantaneous_profiles,10800,14400,11100.0;11400.0;11700.0;12000.0;12300.0;12600.0;12900.0;13200.0;13500.0;13800.0;14100.0;14400.0
14400,762.5,w_skewness_instantaneous_ratio,-0.12373112949232261,Face,1,equal_mean_of_12_instantaneous_profiles,10800,14400,11100.0;11400.0;11700.0;12000.0;12300.0;12600.0;12900.0;13200.0;13500.0;13800.0;14100.0;14400.0
14400,775,w_skewness_instantaneous_ratio,-0.15654187214871249,Face,1,equal_mean_of_12_instantaneous_profiles,10800,14400,11100.0;11400.0;11700.0;12000.0;12300.0;12600.0;12900.0;13200.0;13500.0;13800.0;14100.0;14400.0
14400,787.5,w_skewness_instantaneous_ratio,-0.23061965147887045,Face,1,equal_mean_of_12_instantaneous_profiles,10800,14400,11100.0;11400.0;11700.0;12000.0;12300.0;12600.0;12900.0;13200.0;13500.0;13800.0;14100.0;14400.0
14400,800,w_skewness_instantaneous_ratio,0,Face,1,equal_mean_of_12_instantaneous_profiles,10800,14400,11100.0;11400.0;11700.0;12000.0;12300.0;12600.0;12900.0;13200.0;13500.0;13800.0;14100.0;14400.0
14400,0,w_third_central_moment,0,Face,m^3 s^-3,equal_mean_of_12_instantaneous_profiles,10800,14400,11100.0;11400.0;11700.0;12000.0;12300.0;12600.0;12900.0;13200.0;13500.0;13800.0;14100.0;14400.0
14400,12.5,w_third_central_moment,-6.2196278728758143e-06,Face,m^3 s^-3,equal_mean_of_12_instantaneous_profiles,10800,14400,11100.0;11400.0;11700.0;12000.0;12300.0;12600.0;12900.0;13200.0;13500.0;13800.0;14100.0;14400.0
14400,25,w_third_central_moment,-9.2590653366642073e-05,Face,m^3 s^-3,equal_mean_of_12_instantaneous_profiles,10800,14400,11100.0;11400.0;11700.0;12000.0;12300.0;12600.0;12900.0;13200.0;13500.0;13800.0;14100.0;14400.0
14400,37.5,w_third_central_moment,-0.00014272112245331905,Face,m^3 s^-3,equal_mean_of_12_instantaneous_profiles,10800,14400,11100.0;11400.0;11700.0;12000.0;12300.0;12600.0;12900.0;13200.0;13500.0;13800.0;14100.0;14400.0
14400,50,w_third_central_moment,-0.00012795913183557181,Face,m^3 s^-3,equal_mean_of_12_instantaneous_profiles,10800,14400,11100.0;11400.0;11700.0;12000.0;12300.0;12600.0;12900.0;13200.0;13500.0;13800.0;14100.0;14400.0
14400,62.5,w_third_central_moment,5.667112873197766e-05,Face,m^3 s^-3,equal_mean_of_12_instantaneous_profiles,10800,14400,11100.0;11400.0;11700.0;12000.0;12300.0;12600.0;12900.0;13200.0;13500.0;13800.0;14100.0;14400.0
14400,75,w_third_central_moment,0.00011138468895903013,Face,m^3 s^-3,equal_mean_of_12_instantaneous_profiles,10800,14400,11100.0;11400.0;11700.0;12000.0;12300.0;12600.0;12900.0;13200.0;13500.0;13800.0;14100.0;14400.0
14400,87.5,w_third_central_moment,9.0076222477364354e-05,Face,m^3 s^-3,equal_mean_of_12_instantaneous_profiles,10800,14400,11100.0;11400.0;11700.0;12000.0;12300.0;12600.0;12900.0;13200.0;13500.0;13800.0;14100.0;14400.0
14400,100,w_third_central_moment,8.2963751689627926e-05,Face,m^3 s^-3,equal_mean_of_12_instantaneous_profiles,10800,14400,11100.0;11400.0;11700.0;12000.0;12300.0;12600.0;12900.0;13200.0;13500.0;13800.0;14100.0;14400.0
14400,112.5,w_third_central_moment,3.6936121432518121e-05,Face,m^3 s^-3,equal_mean_of_12_instantaneous_profiles,10800,14400,11100.0;11400.0;11700.0;12000.0;12300.0;12600.0;12900.0;13200.0;13500.0;13800.0;14100.0;14400.0
14400,125,w_third_central_moment,4.9896637695686268e-06,Face,m^3 s^-3,equal_mean_of_12_instantaneous_profiles,10800,14400,11100.0;11400.0;11700.0;12000.0;12300.0;12600.0;12900.0;13200.0;13500.0;13800.0;14100.0;14400.0
14400,137.5,w_third_central_moment,-2.563124022951039e-06,Face,m^3 s^-3,equal_mean_of_12_instantaneous_profiles,10800,14400,11100.0;11400.0;11700.0;12000.0;12300.0;12600.0;12900.0;13200.0;13500.0;13800.0;14100.0;14400.0
14400,150,w_third_central_moment,3.5625596410682192e-06,Face,m^3 s^-3,equal_mean_of_12_instantaneous_profiles,10800,14400,11100.0;11400.0;11700.0;12000.0;12300.0;12600.0;12900.0;13200.0;13500.0;13800.0;14100.0;14400.0
14400,162.5,w_third_central_moment,2.8348055214640528e-05,Face,m^3 s^-3,equal_mean_of_12_instantaneous_profiles,10800,14400,11100.0;11400.0;11700.0;12000.0;12300.0;12600.0;12900.0;13200.0;13500.0;13800.0;14100.0;14400.0
14400,175,w_third_central_moment,3.6345868011267157e-05,Face,m^3 s^-3,equal_mean_of_12_instantaneous_profiles,10800,14400,11100.0;11400.0;11700.0;12000.0;12300.0;12600.0;12900.0;13200.0;13500.0;13800.0;14100.0;14400.0
14400,187.5,w_third_central_moment,2.1630458074165897e-05,Face,m^3 s^-3,equal_mean_of_12_instantaneous_profiles,10800,14400,11100.0;11400.0;11700.0;12000.0;12300.0;12600.0;12900.0;13200.0;13500.0;13800.0;14100.0;14400.0
14400,200,w_third_central_moment,8.9499270264544375e-06,Face,m^3 s^-3,equal_mean_of_12_instantaneous_profiles,10800,14400,11100.0;11400.0;11700.0;12000.0;12300.0;12600.0;12900.0;13200.0;13500.0;13800.0;14100.0;14400.0
14400,212.5,w_third_central_moment,6.201499739214948e-06,Face,m^3 s^-3,equal_mean_of_12_instantaneous_profiles,10800,14400,11100.0;11400.0;11700.0;12000.0;12300.0;12600.0;12900.0;13200.0;13500.0;13800.0;14100.0;14400.0
14400,225,w_third_central_moment,3.1731344544520348e-06,Face,m^3 s^-3,equal_mean_of_12_instantaneous_profiles,10800,14400,11100.0;11400.0;11700.0;12000.0;12300.0;12600.0;12900.0;13200.0;13500.0;13800.0;14100.0;14400.0
14400,237.5,w_third_central_moment,1.0719207258110448e-06,Face,m^3 s^-3,equal_mean_of_12_instantaneous_profiles,10800,14400,11100.0;11400.0;11700.0;12000.0;12300.0;12600.0;12900.0;13200.0;13500.0;13800.0;14100.0;14400.0
14400,250,w_third_central_moment,4.0577532918935805e-07,Face,m^3 s^-3,equal_mean_of_12_instantaneous_profiles,10800,14400,11100.0;11400.0;11700.0;12000.0;12300.0;12600.0;12900.0;13200.0;13500.0;13800.0;14100.0;14400.0
14400,262.5,w_third_central_moment,2.8039452123114944e-07,Face,m^3 s^-3,equal_mean_of_12_instantaneous_profiles,10800,14400,11100.0;11400.0;11700.0;12000.0;12300.0;12600.0;12900.0;13200.0;13500.0;13800.0;14100.0;14400.0
14400,275,w_third_central_moment,1.1992555926099158e-07,Face,m^3 s^-3,equal_mean_of_12_instantaneous_profiles,10800,14400,11100.0;11400.0;11700.0;12000.0;12300.0;12600.0;12900.0;13200.0;13500.0;13800.0;14100.0;14400.0
14400,287.5,w_third_central_moment,4.1934639464595115e-08,Face,m^3 s^-3,equal_mean_of_12_instantaneous_profiles,10800,14400,11100.0;11400.0;11700.0;12000.0;12300.0;12600.0;12900.0;13200.0;13500.0;13800.0;14100.0;14400.0
14400,300,w_third_central_moment,-2.3482571738971576e-08,Face,m^3 s^-3,equal_mean_of_12_instantaneous_profiles,10800,14400,11100.0;11400.0;11700.0;12000.0;12300.0;12600.0;12900.0;13200.0;13500.0;13800.0;14100.0;14400.0
14400,312.5,w_third_central_moment,-4.9157640624741816e-08,Face,m^3 s^-3,equal_mean_of_12_instantaneous_profiles,10800,14400,11100.0;11400.0;11700.0;12000.0;12300.0;12600.0;12900.0;13200.0;13500.0;13800.0;14100.0;14400.0
14400,325,w_third_central_moment,-7.3527200032212178e-08,Face,m^3 s^-3,equal_mean_of_12_instantaneous_profiles,10800,14400,11100.0;11400.0;11700.0;12000.0;12300.0;12600.0;12900.0;13200.0;13500.0;13800.0;14100.0;14400.0
14400,337.5,w_third_central_moment,-8.2957942737493795e-08,Face,m^3 s^-3,equal_mean_of_12_instantaneous_profiles,10800,14400,11100.0;11400.0;11700.0;12000.0;12300.0;12600.0;12900.0;13200.0;13500.0;13800.0;14100.0;14400.0
14400,350,w_third_central_moment,-7.2479332017631279e-08,Face,m^3 s^-3,equal_mean_of_12_instantaneous_profiles,10800,14400,11100.0;11400.0;11700.0;12000.0;12300.0;12600.0;12900.0;13200.0;13500.0;13800.0;14100.0;14400.0
14400,362.5,w_third_central_moment,-6.1338149670575604e-08,Face,m^3 s^-3,equal_mean_of_12_instantaneous_profiles,10800,14400,11100.0;11400.0;11700.0;12000.0;12300.0;12600.0;12900.0;13200.0;13500.0;13800.0;14100.0;14400.0
14400,375,w_third_central_moment,-5.9065451936864598e-08,Face,m^3 s^-3,equal_mean_of_12_instantaneous_profiles,10800,14400,11100.0;11400.0;11700.0;12000.0;12300.0;12600.0;12900.0;13200.0;13500.0;13800.0;14100.0;14400.0
14400,387.5,w_third_central_moment,-6.8186558473589301e-08,Face,m^3 s^-3,equal_mean_of_12_instantaneous_profiles,10800,14400,11100.0;11400.0;11700.0;12000.0;12300.0;12600.0;12900.0;13200.0;13500.0;13800.0;14100.0;14400.0
14400,400,w_third_central_moment,-8.9021034691919951e-08,Face,m^3 s^-3,equal_mean_of_12_instantaneous_profiles,10800,14400,11100.0;11400.0;11700.0;12000.0;12300.0;12600.0;12900.0;13200.0;13500.0;13800.0;14100.0;14400.0
14400,412.5,w_third_central_moment,-9.2585056584345196e-08,Face,m^3 s^-3,equal_mean_of_12_instantaneous_profiles,10800,14400,11100.0;11400.0;11700.0;12000.0;12300.0;12600.0;12900.0;13200.0;13500.0;13800.0;14100.0;14400.0
14400,425,w_third_central_moment,-8.6447795662654883e-08,Face,m^3 s^-3,equal_mean_of_12_instantaneous_profiles,10800,14400,11100.0;11400.0;11700.0;12000.0;12300.0;12600.0;12900.0;13200.0;13500.0;13800.0;14100.0;14400.0
14400,437.5,w_third_central_moment,-9.743736913610708e-08,Face,m^3 s^-3,equal_mean_of_12_instantaneous_profiles,10800,14400,11100.0;11400.0;11700.0;12000.0;12300.0;12600.0;12900.0;13200.0;13500.0;13800.0;14100.0;14400.0
14400,450,w_third_central_moment,-1.1443253056242497e-07,Face,m^3 s^-3,equal_mean_of_12_instantaneous_profiles,10800,14400,11100.0;11400.0;11700.0;12000.0;12300.0;12600.0;12900.0;13200.0;13500.0;13800.0;14100.0;14400.0
14400,462.5,w_third_central_moment,-1.3531749942785609e-07,Face,m^3 s^-3,equal_mean_of_12_instantaneous_profiles,10800,14400,11100.0;11400.0;11700.0;12000.0;12300.0;12600.0;12900.0;13200.0;13500.0;13800.0;14100.0;14400.0
14400,475,w_third_central_moment,-1.6599752328261275e-07,Face,m^3 s^-3,equal_mean_of_12_instantaneous_profiles,10800,14400,11100.0;11400.0;11700.0;12000.0;12300.0;12600.0;12900.0;13200.0;13500.0;13800.0;14100.0;14400.0
14400,487.5,w_third_central_moment,-1.9765949055283727e-07,Face,m^3 s^-3,equal_mean_of_12_instantaneous_profiles,10800,14400,11100.0;11400.0;11700.0;12000.0;12300.0;12600.0;12900.0;13200.0;13500.0;13800.0;14100.0;14400.0
14400,500,w_third_central_moment,-2.2954427277473619e-07,Face,m^3 s^-3,equal_mean_of_12_instantaneous_profiles,10800,14400,11100.0;11400.0;11700.0;12000.0;12300.0;12600.0;12900.0;13200.0;13500.0;13800.0;14100.0;14400.0
14400,512.5,w_third_central_moment,-2.348773442406582e-07,Face,m^3 s^-3,equal_mean_of_12_instantaneous_profiles,10800,14400,11100.0;11400.0;11700.0;12000.0;12300.0;12600.0;12900.0;13200.0;13500.0;13800.0;14100.0;14400.0
14400,525,w_third_central_moment,-2.3650117716063809e-07,Face,m^3 s^-3,equal_mean_of_12_instantaneous_profiles,10800,14400,11100.0;11400.0;11700.0;12000.0;12300.0;12600.0;12900.0;13200.0;13500.0;13800.0;14100.0;14400.0
14400,537.5,w_third_central_moment,-2.6912448447546922e-07,Face,m^3 s^-3,equal_mean_of_12_instantaneous_profiles,10800,14400,11100.0;11400.0;11700.0;12000.0;12300.0;12600.0;12900.0;13200.0;13500.0;13800.0;14100.0;14400.0
14400,550,w_third_central_moment,-3.052353368578527e-07,Face,m^3 s^-3,equal_mean_of_12_instantaneous_profiles,10800,14400,11100.0;11400.0;11700.0;12000.0;12300.0;12600.0;12900.0;13200.0;13500.0;13800.0;14100.0;14400.0
14400,562.5,w_third_central_moment,-2.5899499197142478e-07,Face,m^3 s^-3,equal_mean_of_12_instantaneous_profiles,10800,14400,11100.0;11400.0;11700.0;12000.0;12300.0;12600.0;12900.0;13200.0;13500.0;13800.0;14100.0;14400.0
14400,575,w_third_central_moment,-9.1416185436325278e-08,Face,m^3 s^-3,equal_mean_of_12_instantaneous_profiles,10800,14400,11100.0;11400.0;11700.0;12000.0;12300.0;12600.0;12900.0;13200.0;13500.0;13800.0;14100.0;14400.0
14400,587.5,w_third_central_moment,2.3230480650227037e-07,Face,m^3 s^-3,equal_mean_of_12_instantaneous_profiles,10800,14400,11100.0;11400.0;11700.0;12000.0;12300.0;12600.0;12900.0;13200.0;13500.0;13800.0;14100.0;14400.0
14400,600,w_third_central_moment,1.0034452013011712e-06,Face,m^3 s^-3,equal_mean_of_12_instantaneous_profiles,10800,14400,11100.0;11400.0;11700.0;12000.0;12300.0;12600.0;12900.0;13200.0;13500.0;13800.0;14100.0;14400.0
14400,612.5,w_third_central_moment,1.9152307118019962e-06,Face,m^3 s^-3,equal_mean_of_12_instantaneous_profiles,10800,14400,11100.0;11400.0;11700.0;12000.0;12300.0;12600.0;12900.0;13200.0;13500.0;13800.0;14100.0;14400.0
14400,625,w_third_central_moment,2.4142216403788552e-06,Face,m^3 s^-3,equal_mean_of_12_instantaneous_profiles,10800,14400,11100.0;11400.0;11700.0;12000.0;12300.0;12600.0;12900.0;13200.0;13500.0;13800.0;14100.0;14400.0
14400,637.5,w_third_central_moment,4.0012982556921389e-07,Face,m^3 s^-3,equal_mean_of_12_instantaneous_profiles,10800,14400,11100.0;11400.0;11700.0;12000.0;12300.0;12600.0;12900.0;13200.0;13500.0;13800.0;14100.0;14400.0
14400,650,w_third_central_moment,-2.8332717931789375e-06,Face,m^3 s^-3,equal_mean_of_12_instantaneous_profiles,10800,14400,11100.0;11400.0;11700.0;12000.0;12300.0;12600.0;12900.0;13200.0;13500.0;13800.0;14100.0;14400.0
14400,662.5,w_third_central_moment,-5.0083897349395556e-06,Face,m^3 s^-3,equal_mean_of_12_instantaneous_profiles,10800,14400,11100.0;11400.0;11700.0;12000.0;12300.0;12600.0;12900.0;13200.0;13500.0;13800.0;14100.0;14400.0
14400,675,w_third_central_moment,-3.1405902992294918e-06,Face,m^3 s^-3,equal_mean_of_12_instantaneous_profiles,10800,14400,11100.0;11400.0;11700.0;12000.0;12300.0;12600.0;12900.0;13200.0;13500.0;13800.0;14100.0;14400.0
14400,687.5,w_third_central_moment,-1.6571365980174353e-06,Face,m^3 s^-3,equal_mean_of_12_instantaneous_profiles,10800,14400,11100.0;11400.0;11700.0;12000.0;12300.0;12600.0;12900.0;13200.0;13500.0;13800.0;14100.0;14400.0
14400,700,w_third_central_moment,-1.2917617434974697e-06,Face,m^3 s^-3,equal_mean_of_12_instantaneous_profiles,10800,14400,11100.0;11400.0;11700.0;12000.0;12300.0;12600.0;12900.0;13200.0;13500.0;13800.0;14100.0;14400.0
14400,712.5,w_third_central_moment,-3.2129409059204289e-07,Face,m^3 s^-3,equal_mean_of_12_instantaneous_profiles,10800,14400,11100.0;11400.0;11700.0;12000.0;12300.0;12600.0;12900.0;13200.0;13500.0;13800.0;14100.0;14400.0
14400,725,w_third_central_moment,1.7140106460071061e-07,Face,m^3 s^-3,equal_mean_of_12_instantaneous_profiles,10800,14400,11100.0;11400.0;11700.0;12000.0;12300.0;12600.0;12900.0;13200.0;13500.0;13800.0;14100.0;14400.0
14400,737.5,w_third_central_moment,-2.0651190387373695e-09,Face,m^3 s^-3,equal_mean_of_12_instantaneous_profiles,10800,14400,11100.0;11400.0;11700.0;12000.0;12300.0;12600.0;12900.0;13200.0;13500.0;13800.0;14100.0;14400.0
14400,750,w_third_central_moment,-6.5330423145345165e-08,Face,m^3 s^-3,equal_mean_of_12_instantaneous_profiles,10800,14400,11100.0;11400.0;11700.0;12000.0;12300.0;12600.0;12900.0;13200.0;13500.0;13800.0;14100.0;14400.0
14400,762.5,w_third_central_moment,-1.0527799654269643e-07,Face,m^3 s^-3,equal_mean_of_12_instantaneous_profiles,10800,14400,11100.0;11400.0;11700.0;12000.0;12300.0;12600.0;12900.0;13200.0;13500.0;13800.0;14100.0;14400.0
14400,775,w_third_central_moment,-4.4825982777515115e-08,Face,m^3 s^-3,equal_mean_of_12_instantaneous_profiles,10800,14400,11100.0;11400.0;11700.0;12000.0;12300.0;12600.0;12900.0;13200.0;13500.0;13800.0;14100.0;14400.0
14400,787.5,w_third_central_moment,-1.0252384978019316e-08,Face,m^3 s^-3,equal_mean_of_12_instantaneous_profiles,10800,14400,11100.0;11400.0;11700.0;12000.0;12300.0;12600.0;12900.0;13200.0;13500.0;13800.0;14100.0;14400.0
14400,800,w_third_central_moment,0,Face,m^3 s^-3,equal_mean_of_12_instantaneous_profiles,10800,14400,11100.0;11400.0;11700.0;12000.0;12300.0;12600.0;12900.0;13200.0;13500.0;13800.0;14100.0;14400.0
14400,0,w_variance,0,Face,m^2 s^-2,equal_mean_of_12_instantaneous_profiles,10800,14400,11100.0;11400.0;11700.0;12000.0;12300.0;12600.0;12900.0;13200.0;13500.0;13800.0;14100.0;14400.0
14400,12.5,w_variance,0.00103776535737173,Face,m^2 s^-2,equal_mean_of_12_instantaneous_profiles,10800,14400,11100.0;11400.0;11700.0;12000.0;12300.0;12600.0;12900.0;13200.0;13500.0;13800.0;14100.0;14400.0
14400,25,w_variance,0.0043486658444938557,Face,m^2 s^-2,equal_mean_of_12_instantaneous_profiles,10800,14400,11100.0;11400.0;11700.0;12000.0;12300.0;12600.0;12900.0;13200.0;13500.0;13800.0;14100.0;14400.0
14400,37.5,w_variance,0.009079288225620985,Face,m^2 s^-2,equal_mean_of_12_instantaneous_profiles,10800,14400,11100.0;11400.0;11700.0;12000.0;12300.0;12600.0;12900.0;13200.0;13500.0;13800.0;14100.0;14400.0
14400,50,w_variance,0.013877477264031768,Face,m^2 s^-2,equal_mean_of_12_instantaneous_profiles,10800,14400,11100.0;11400.0;11700.0;12000.0;12300.0;12600.0;12900.0;13200.0;13500.0;13800.0;14100.0;14400.0
14400,62.5,w_variance,0.014289891890560588,Face,m^2 s^-2,equal_mean_of_12_instantaneous_profiles,10800,14400,11100.0;11400.0;11700.0;12000.0;12300.0;12600.0;12900.0;13200.0;13500.0;13800.0;14100.0;14400.0
14400,75,w_variance,0.01400289754383266,Face,m^2 s^-2,equal_mean_of_12_instantaneous_profiles,10800,14400,11100.0;11400.0;11700.0;12000.0;12300.0;12600.0;12900.0;13200.0;13500.0;13800.0;14100.0;14400.0
14400,87.5,w_variance,0.014052118407562375,Face,m^2 s^-2,equal_mean_of_12_instantaneous_profiles,10800,14400,11100.0;11400.0;11700.0;12000.0;12300.0;12600.0;12900.0;13200.0;13500.0;13800.0;14100.0;14400.0
14400,100,w_variance,0.013105411936218539,Face,m^2 s^-2,equal_mean_of_12_instantaneous_profiles,10800,14400,11100.0;11400.0;11700.0;12000.0;12300.0;12600.0;12900.0;13200.0;13500.0;13800.0;14100.0;14400.0
14400,112.5,w_variance,0.011887707049027085,Face,m^2 s^-2,equal_mean_of_12_instantaneous_profiles,10800,14400,11100.0;11400.0;11700.0;12000.0;12300.0;12600.0;12900.0;13200.0;13500.0;13800.0;14100.0;14400.0
14400,125,w_variance,0.010752413072623312,Face,m^2 s^-2,equal_mean_of_12_instantaneous_profiles,10800,14400,11100.0;11400.0;11700.0;12000.0;12300.0;12600.0;12900.0;13200.0;13500.0;13800.0;14100.0;14400.0
14400,137.5,w_variance,0.0093662717069188748,Face,m^2 s^-2,equal_mean_of_12_instantaneous_profiles,10800,14400,11100.0;11400.0;11700.0;12000.0;12300.0;12600.0;12900.0;13200.0;13500.0;13800.0;14100.0;14400.0
14400,150,w_variance,0.0076864045113325119,Face,m^2 s^-2,equal_mean_of_12_instantaneous_profiles,10800,14400,11100.0;11400.0;11700.0;12000.0;12300.0;12600.0;12900.0;13200.0;13500.0;13800.0;14100.0;14400.0
14400,162.5,w_variance,0.0059498787547151251,Face,m^2 s^-2,equal_mean_of_12_instantaneous_profiles,10800,14400,11100.0;11400.0;11700.0;12000.0;12300.0;12600.0;12900.0;13200.0;13500.0;13800.0;14100.0;14400.0
14400,175,w_variance,0.0043483456053460641,Face,m^2 s^-2,equal_mean_of_12_instantaneous_profiles,10800,14400,11100.0;11400.0;11700.0;12000.0;12300.0;12600.0;12900.0;13200.0;13500.0;13800.0;14100.0;14400.0
14400,187.5,w_variance,0.0030926007311791182,Face,m^2 s^-2,equal_mean_of_12_instantaneous_profiles,10800,14400,11100.0;11400.0;11700.0;12000.0;12300.0;12600.0;12900.0;13200.0;13500.0;13800.0;14100.0;14400.0
14400,200,w_variance,0.0020557123740824559,Face,m^2 s^-2,equal_mean_of_12_instantaneous_profiles,10800,14400,11100.0;11400.0;11700.0;12000.0;12300.0;12600.0;12900.0;13200.0;13500.0;13800.0;14100.0;14400.0
14400,212.5,w_variance,0.0013531180593417957,Face,m^2 s^-2,equal_mean_of_12_instantaneous_profiles,10800,14400,11100.0;11400.0;11700.0;12000.0;12300.0;12600.0;12900.0;13200.0;13500.0;13800.0;14100.0;14400.0
14400,225,w_variance,0.00084640412630202866,Face,m^2 s^-2,equal_mean_of_12_instantaneous_profiles,10800,14400,11100.0;11400.0;11700.0;12000.0;12300.0;12600.0;12900.0;13200.0;13500.0;13800.0;14100.0;14400.0
14400,237.5,w_variance,0.00052419094815074152,Face,m^2 s^-2,equal_mean_of_12_instantaneous_profiles,10800,14400,11100.0;11400.0;11700.0;12000.0;12300.0;12600.0;12900.0;13200.0;13500.0;13800.0;14100.0;14400.0
14400,250,w_variance,0.00033959466236410663,Face,m^2 s^-2,equal_mean_of_12_instantaneous_profiles,10800,14400,11100.0;11400.0;11700.0;12000.0;12300.0;12600.0;12900.0;13200.0;13500.0;13800.0;14100.0;14400.0
14400,262.5,w_variance,0.00023205476524405336,Face,m^2 s^-2,equal_mean_of_12_instantaneous_profiles,10800,14400,11100.0;11400.0;11700.0;12000.0;12300.0;12600.0;12900.0;13200.0;13500.0;13800.0;14100.0;14400.0
14400,275,w_variance,0.00016840394103686171,Face,m^2 s^-2,equal_mean_of_12_instantaneous_profiles,10800,14400,11100.0;11400.0;11700.0;12000.0;12300.0;12600.0;12900.0;13200.0;13500.0;13800.0;14100.0;14400.0
14400,287.5,w_variance,0.0001296723078970293,Face,m^2 s^-2,equal_mean_of_12_instantaneous_profiles,10800,14400,11100.0;11400.0;11700.0;12000.0;12300.0;12600.0;12900.0;13200.0;13500.0;13800.0;14100.0;14400.0
14400,300,w_variance,0.00010549316539254505,Face,m^2 s^-2,equal_mean_of_12_instantaneous_profiles,10800,14400,11100.0;11400.0;11700.0;12000.0;12300.0;12600.0;12900.0;13200.0;13500.0;13800.0;14100.0;14400.0
14400,312.5,w_variance,9.1490424286651731e-05,Face,m^2 s^-2,equal_mean_of_12_instantaneous_profiles,10800,14400,11100.0;11400.0;11700.0;12000.0;12300.0;12600.0;12900.0;13200.0;13500.0;13800.0;14100.0;14400.0
14400,325,w_variance,8.3260250903549604e-05,Face,m^2 s^-2,equal_mean_of_12_instantaneous_profiles,10800,14400,11100.0;11400.0;11700.0;12000.0;12300.0;12600.0;12900.0;13200.0;13500.0;13800.0;14100.0;14400.0
14400,337.5,w_variance,7.9706856922712177e-05,Face,m^2 s^-2,equal_mean_of_12_instantaneous_profiles,10800,14400,11100.0;11400.0;11700.0;12000.0;12300.0;12600.0;12900.0;13200.0;13500.0;13800.0;14100.0;14400.0
14400,350,w_variance,7.9505752334322707e-05,Face,m^2 s^-2,equal_mean_of_12_instantaneous_profiles,10800,14400,11100.0;11400.0;11700.0;12000.0;12300.0;12600.0;12900.0;13200.0;13500.0;13800.0;14100.0;14400.0
14400,362.5,w_variance,8.0986772597195042e-05,Face,m^2 s^-2,equal_mean_of_12_instantaneous_profiles,10800,14400,11100.0;11400.0;11700.0;12000.0;12300.0;12600.0;12900.0;13200.0;13500.0;13800.0;14100.0;14400.0
14400,375,w_variance,8.3665814751536047e-05,Face,m^2 s^-2,equal_mean_of_12_instantaneous_profiles,10800,14400,11100.0;11400.0;11700.0;12000.0;12300.0;12600.0;12900.0;13200.0;13500.0;13800.0;14100.0;14400.0
14400,387.5,w_variance,8.7817356567635826e-05,Face,m^2 s^-2,equal_mean_of_12_instantaneous_profiles,10800,14400,11100.0;11400.0;11700.0;12000.0;12300.0;12600.0;12900.0;13200.0;13500.0;13800.0;14100.0;14400.0
14400,400,w_variance,9.3344497448318478e-05,Face,m^2 s^-2,equal_mean_of_12_instantaneous_profiles,10800,14400,11100.0;11400.0;11700.0;12000.0;12300.0;12600.0;12900.0;13200.0;13500.0;13800.0;14100.0;14400.0
14400,412.5,w_variance,9.9151353272948953e-05,Face,m^2 s^-2,equal_mean_of_12_instantaneous_profiles,10800,14400,11100.0;11400.0;11700.0;12000.0;12300.0;12600.0;12900.0;13200.0;13500.0;13800.0;14100.0;14400.0
14400,425,w_variance,0.00010447387391347245,Face,m^2 s^-2,equal_mean_of_12_instantaneous_profiles,10800,14400,11100.0;11400.0;11700.0;12000.0;12300.0;12600.0;12900.0;13200.0;13500.0;13800.0;14100.0;14400.0
14400,437.5,w_variance,0.00010946883503493154,Face,m^2 s^-2,equal_mean_of_12_instantaneous_profiles,10800,14400,11100.0;11400.0;11700.0;12000.0;12300.0;12600.0;12900.0;13200.0;13500.0;13800.0;14100.0;14400.0
14400,450,w_variance,0.00011473325518333392,Face,m^2 s^-2,equal_mean_of_12_instantaneous_profiles,10800,14400,11100.0;11400.0;11700.0;12000.0;12300.0;12600.0;12900.0;13200.0;13500.0;13800.0;14100.0;14400.0
14400,462.5,w_variance,0.00012039713677343873,Face,m^2 s^-2,equal_mean_of_12_instantaneous_profiles,10800,14400,11100.0;11400.0;11700.0;12000.0;12300.0;12600.0;12900.0;13200.0;13500.0;13800.0;14100.0;14400.0
14400,475,w_variance,0.00012497490509607209,Face,m^2 s^-2,equal_mean_of_12_instantaneous_profiles,10800,14400,11100.0;11400.0;11700.0;12000.0;12300.0;12600.0;12900.0;13200.0;13500.0;13800.0;14100.0;14400.0
14400,487.5,w_variance,0.00012977880654337545,Face,m^2 s^-2,equal_mean_of_12_instantaneous_profiles,10800,14400,11100.0;11400.0;11700.0;12000.0;12300.0;12600.0;12900.0;13200.0;13500.0;13800.0;14100.0;14400.0
14400,500,w_variance,0.0001369608235108899,Face,m^2 s^-2,equal_mean_of_12_instantaneous_profiles,10800,14400,11100.0;11400.0;11700.0;12000.0;12300.0;12600.0;12900.0;13200.0;13500.0;13800.0;14100.0;14400.0
14400,512.5,w_variance,0.00014621114132751245,Face,m^2 s^-2,equal_mean_of_12_instantaneous_profiles,10800,14400,11100.0;11400.0;11700.0;12000.0;12300.0;12600.0;12900.0;13200.0;13500.0;13800.0;14100.0;14400.0
14400,525,w_variance,0.00015562260614387924,Face,m^2 s^-2,equal_mean_of_12_instantaneous_profiles,10800,14400,11100.0;11400.0;11700.0;12000.0;12300.0;12600.0;12900.0;13200.0;13500.0;13800.0;14100.0;14400.0
14400,537.5,w_variance,0.00016592165472199363,Face,m^2 s^-2,equal_mean_of_12_instantaneous_profiles,10800,14400,11100.0;11400.0;11700.0;12000.0;12300.0;12600.0;12900.0;13200.0;13500.0;13800.0;14100.0;14400.0
14400,550,w_variance,0.00017999868092980856,Face,m^2 s^-2,equal_mean_of_12_instantaneous_profiles,10800,14400,11100.0;11400.0;11700.0;12000.0;12300.0;12600.0;12900.0;13200.0;13500.0;13800.0;14100.0;14400.0
14400,562.5,w_variance,0.00020225910823986246,Face,m^2 s^-2,equal_mean_of_12_instantaneous_profiles,10800,14400,11100.0;11400.0;11700.0;12000.0;12300.0;12600.0;12900.0;13200.0;13500.0;13800.0;14100.0;14400.0
14400,575,w_variance,0.00023666651516881151,Face,m^2 s^-2,equal_mean_of_12_instantaneous_profiles,10800,14400,11100.0;11400.0;11700.0;12000.0;12300.0;12600.0;12900.0;13200.0;13500.0;13800.0;14100.0;14400.0
14400,587.5,w_variance,0.00028675535941147245,Face,m^2 s^-2,equal_mean_of_12_instantaneous_profiles,10800,14400,11100.0;11400.0;11700.0;12000.0;12300.0;12600.0;12900.0;13200.0;13500.0;13800.0;14100.0;14400.0
14400,600,w_variance,0.00036471417843131348,Face,m^2 s^-2,equal_mean_of_12_instantaneous_profiles,10800,14400,11100.0;11400.0;11700.0;12000.0;12300.0;12600.0;12900.0;13200.0;13500.0;13800.0;14100.0;14400.0
14400,612.5,w_variance,0.00048133579790980246,Face,m^2 s^-2,equal_mean_of_12_instantaneous_profiles,10800,14400,11100.0;11400.0;11700.0;12000.0;12300.0;12600.0;12900.0;13200.0;13500.0;13800.0;14100.0;14400.0
14400,625,w_variance,0.0006581844742565105,Face,m^2 s^-2,equal_mean_of_12_instantaneous_profiles,10800,14400,11100.0;11400.0;11700.0;12000.0;12300.0;12600.0;12900.0;13200.0;13500.0;13800.0;14100.0;14400.0
14400,637.5,w_variance,0.00083506426987393445,Face,m^2 s^-2,equal_mean_of_12_instantaneous_profiles,10800,14400,11100.0;11400.0;11700.0;12000.0;12300.0;12600.0;12900.0;13200.0;13500.0;13800.0;14100.0;14400.0
14400,650,w_variance,0.0010167067327226202,Face,m^2 s^-2,equal_mean_of_12_instantaneous_profiles,10800,14400,11100.0;11400.0;11700.0;12000.0;12300.0;12600.0;12900.0;13200.0;13500.0;13800.0;14100.0;14400.0
14400,662.5,w_variance,0.0011555826155624043,Face,m^2 s^-2,equal_mean_of_12_instantaneous_profiles,10800,14400,11100.0;11400.0;11700.0;12000.0;12300.0;12600.0;12900.0;13200.0;13500.0;13800.0;14100.0;14400.0
14400,675,w_variance,0.0010973653115797788,Face,m^2 s^-2,equal_mean_of_12_instantaneous_profiles,10800,14400,11100.0;11400.0;11700.0;12000.0;12300.0;12600.0;12900.0;13200.0;13500.0;13800.0;14100.0;14400.0
14400,687.5,w_variance,0.00099919554971468938,Face,m^2 s^-2,equal_mean_of_12_instantaneous_profiles,10800,14400,11100.0;11400.0;11700.0;12000.0;12300.0;12600.0;12900.0;13200.0;13500.0;13800.0;14100.0;14400.0
14400,700,w_variance,0.00077165236386160052,Face,m^2 s^-2,equal_mean_of_12_instantaneous_profiles,10800,14400,11100.0;11400.0;11700.0;12000.0;12300.0;12600.0;12900.0;13200.0;13500.0;13800.0;14100.0;14400.0
14400,712.5,w_variance,0.00050395483170480781,Face,m^2 s^-2,equal_mean_of_12_instantaneous_profiles,10800,14400,11100.0;11400.0;11700.0;12000.0;12300.0;12600.0;12900.0;13200.0;13500.0;13800.0;14100.0;14400.0
14400,725,w_variance,0.00033779984854239348,Face,m^2 s^-2,equal_mean_of_12_instantaneous_profiles,10800,14400,11100.0;11400.0;11700.0;12000.0;12300.0;12600.0;12900.0;13200.0;13500.0;13800.0;14100.0;14400.0
14400,737.5,w_variance,0.0002200550128084918,Face,m^2 s^-2,equal_mean_of_12_instantaneous_profiles,10800,14400,11100.0;11400.0;11700.0;12000.0;12300.0;12600.0;12900.0;13200.0;13500.0;13800.0;14100.0;14400.0
14400,750,w_variance,0.00013873877711982155,Face,m^2 s^-2,equal_mean_of_12_instantaneous_profiles,10800,14400,11100.0;11400.0;11700.0;12000.0;12300.0;12600.0;12900.0;13200.0;13500.0;13800.0;14100.0;14400.0
14400,762.5,w_variance,8.4530873815917104e-05,Face,m^2 s^-2,equal_mean_of_12_instantaneous_profiles,10800,14400,11100.0;11400.0;11700.0;12000.0;12300.0;12600.0;12900.0;13200.0;13500.0;13800.0;14100.0;14400.0
14400,775,w_variance,4.4689241500843004e-05,Face,m^2 s^-2,equal_mean_of_12_instantaneous_profiles,10800,14400,11100.0;11400.0;11700.0;12000.0;12300.0;12600.0;12900.0;13200.0;13500.0;13800.0;14100.0;14400.0
14400,787.5,w_variance,1.3926326081066994e-05,Face,m^2 s^-2,equal_mean_of_12_instantaneous_profiles,10800,14400,11100.0;11400.0;11700.0;12000.0;12300.0;12600.0;12900.0;13200.0;13500.0;13800.0;14100.0;14400.0
14400,800,w_variance,0,Face,m^2 s^-2,equal_mean_of_12_instantaneous_profiles,10800,14400,11100.0;11400.0;11700.0;12000.0;12300.0;12600.0;12900.0;13200.0;13500.0;13800.0;14100.0;14400.0
