time_s,z_m,variable,value,location,units,record_kind,window_start_s,window_end_s,source_times_s
28800,6.25,buoyancy_mean,0.0026011805166490376,Center,m s^-2,equal_mean_of_two_preceding_1800s_averages,25200,28800,27000.0;28800.0
28800,18.75,buoyancy_mean,0.0099998710211366415,Center,m s^-2,equal_mean_of_two_preceding_1800s_averages,25200,28800,27000.0;28800.0
28800,31.25,buoyancy_mean,0.014213003218173981,Center,m s^-2,equal_mean_of_two_preceding_1800s_averages,25200,28800,27000.0;28800.0
28800,43.75,buoyancy_mean,0.017238203436136246,Center,m s^-2,equal_mean_of_two_preceding_1800s_averages,25200,28800,27000.0;28800.0
28800,56.25,buoyancy_mean,0.019985180348157883,Center,m s^-2,equal_mean_of_two_preceding_1800s_averages,25200,28800,27000.0;28800.0
28800,68.75,buoyancy_mean,0.022481749765574932,Center,m s^-2,equal_mean_of_two_preceding_1800s_averages,25200,28800,27000.0;28800.0
28800,81.25,buoyancy_mean,0.024590347893536091,Center,m s^-2,equal_mean_of_two_preceding_1800s_averages,25200,28800,27000.0;28800.0
28800,93.75,buoyancy_mean,0.026657907292246819,Center,m s^-2,equal_mean_of_two_preceding_1800s_averages,25200,28800,27000.0;28800.0
28800,106.25,buoyancy_mean,0.028679467737674713,Center,m s^-2,equal_mean_of_two_preceding_1800s_averages,25200,28800,27000.0;28800.0
28800,118.75,buoyancy_mean,0.030775750987231731,Center,m s^-2,equal_mean_of_two_preceding_1800s_averages,25200,28800,27000.0;28800.0
28800,131.25,buoyancy_mean,0.033117787912487984,Center,m s^-2,equal_mean_of_two_preceding_1800s_averages,25200,28800,27000.0;28800.0
28800,143.75,buoyancy_mean,0.03578522801399231,Center,m s^-2,equal_mean_of_two_preceding_1800s_averages,25200,28800,27000.0;28800.0
28800,156.25,buoyancy_mean,0.03894239105284214,Center,m s^-2,equal_mean_of_two_preceding_1800s_averages,25200,28800,27000.0;28800.0
28800,168.75,buoyancy_mean,0.04271676205098629,Center,m s^-2,equal_mean_of_two_preceding_1800s_averages,25200,28800,27000.0;28800.0
28800,181.25,buoyancy_mean,0.047504300251603127,Center,m s^-2,equal_mean_of_two_preceding_1800s_averages,25200,28800,27000.0;28800.0
28800,193.75,buoyancy_mean,0.054242243990302086,Center,m s^-2,equal_mean_of_two_preceding_1800s_averages,25200,28800,27000.0;28800.0
28800,206.25,buoyancy_mean,0.064304336905479431,Center,m s^-2,equal_mean_of_two_preceding_1800s_averages,25200,28800,27000.0;28800.0
28800,218.75,buoyancy_mean,0.078419871628284454,Center,m s^-2,equal_mean_of_two_preceding_1800s_averages,25200,28800,27000.0;28800.0
28800,231.25,buoyancy_mean,0.092509020119905472,Center,m s^-2,equal_mean_of_two_preceding_1800s_averages,25200,28800,27000.0;28800.0
28800,243.75,buoyancy_mean,0.10319502279162407,Center,m s^-2,equal_mean_of_two_preceding_1800s_averages,25200,28800,27000.0;28800.0
28800,256.25,buoyancy_mean,0.11021140590310097,Center,m s^-2,equal_mean_of_two_preceding_1800s_averages,25200,28800,27000.0;28800.0
28800,268.75,buoyancy_mean,0.11473516002297401,Center,m s^-2,equal_mean_of_two_preceding_1800s_averages,25200,28800,27000.0;28800.0
28800,281.25,buoyancy_mean,0.11840479448437691,Center,m s^-2,equal_mean_of_two_preceding_1800s_averages,25200,28800,27000.0;28800.0
28800,293.75,buoyancy_mean,0.12243189290165901,Center,m s^-2,equal_mean_of_two_preceding_1800s_averages,25200,28800,27000.0;28800.0
28800,306.25,buoyancy_mean,0.12715840339660645,Center,m s^-2,equal_mean_of_two_preceding_1800s_averages,25200,28800,27000.0;28800.0
28800,318.75,buoyancy_mean,0.13210844993591309,Center,m s^-2,equal_mean_of_two_preceding_1800s_averages,25200,28800,27000.0;28800.0
28800,331.25,buoyancy_mean,0.13690774142742157,Center,m s^-2,equal_mean_of_two_preceding_1800s_averages,25200,28800,27000.0;28800.0
28800,343.75,buoyancy_mean,0.14175992459058762,Center,m s^-2,equal_mean_of_two_preceding_1800s_averages,25200,28800,27000.0;28800.0
28800,356.25,buoyancy_mean,0.14663129299879074,Center,m s^-2,equal_mean_of_two_preceding_1800s_averages,25200,28800,27000.0;28800.0
28800,368.75,buoyancy_mean,0.15083068609237671,Center,m s^-2,equal_mean_of_two_preceding_1800s_averages,25200,28800,27000.0;28800.0
28800,381.25,buoyancy_mean,0.15356810390949249,Center,m s^-2,equal_mean_of_two_preceding_1800s_averages,25200,28800,27000.0;28800.0
28800,393.75,buoyancy_mean,0.15538319945335388,Center,m s^-2,equal_mean_of_two_preceding_1800s_averages,25200,28800,27000.0;28800.0
28800,0,density_at_w_faces,1.3223112821578979,Face,kg m^-3,equal_mean_of_two_preceding_1800s_averages,25200,28800,27000.0;28800.0
28800,12.5,density_at_w_faces,1.3207802772521973,Face,kg m^-3,equal_mean_of_two_preceding_1800s_averages,25200,28800,27000.0;28800.0
28800,25,density_at_w_faces,1.3192499876022339,Face,kg m^-3,equal_mean_of_two_preceding_1800s_averages,25200,28800,27000.0;28800.0
28800,37.5,density_at_w_faces,1.3177206516265869,Face,kg m^-3,equal_mean_of_two_preceding_1800s_averages,25200,28800,27000.0;28800.0
28800,50,density_at_w_faces,1.316192626953125,Face,kg m^-3,equal_mean_of_two_preceding_1800s_averages,25200,28800,27000.0;28800.0
28800,62.5,density_at_w_faces,1.3146657943725586,Face,kg m^-3,equal_mean_of_two_preceding_1800s_averages,25200,28800,27000.0;28800.0
28800,75,density_at_w_faces,1.313139796257019,Face,kg m^-3,equal_mean_of_two_preceding_1800s_averages,25200,28800,27000.0;28800.0
28800,87.5,density_at_w_faces,1.3116148710250854,Face,kg m^-3,equal_mean_of_two_preceding_1800s_averages,25200,28800,27000.0;28800.0
28800,100,density_at_w_faces,1.3100910186767578,Face,kg m^-3,equal_mean_of_two_preceding_1800s_averages,25200,28800,27000.0;28800.0
28800,112.5,density_at_w_faces,1.3085682392120361,Face,kg m^-3,equal_mean_of_two_preceding_1800s_averages,25200,28800,27000.0;28800.0
28800,125,density_at_w_faces,1.30704665184021,Face,kg m^-3,equal_mean_of_two_preceding_1800s_averages,25200,28800,27000.0;28800.0
28800,137.5,density_at_w_faces,1.3055260181427002,Face,kg m^-3,equal_mean_of_two_preceding_1800s_averages,25200,28800,27000.0;28800.0
28800,150,density_at_w_faces,1.3040063381195068,Face,kg m^-3,equal_mean_of_two_preceding_1800s_averages,25200,28800,27000.0;28800.0
28800,162.5,density_at_w_faces,1.302487850189209,Face,kg m^-3,equal_mean_of_two_preceding_1800s_averages,25200,28800,27000.0;28800.0
28800,175,density_at_w_faces,1.3009703159332275,Face,kg m^-3,equal_mean_of_two_preceding_1800s_averages,25200,28800,27000.0;28800.0
28800,187.5,density_at_w_faces,1.2994539737701416,Face,kg m^-3,equal_mean_of_two_preceding_1800s_averages,25200,28800,27000.0;28800.0
28800,200,density_at_w_faces,1.2979385852813721,Face,kg m^-3,equal_mean_of_two_preceding_1800s_averages,25200,28800,27000.0;28800.0
28800,212.5,density_at_w_faces,1.2964246273040771,Face,kg m^-3,equal_mean_of_two_preceding_1800s_averages,25200,28800,27000.0;28800.0
28800,225,density_at_w_faces,1.2949113845825195,Face,kg m^-3,equal_mean_of_two_preceding_1800s_averages,25200,28800,27000.0;28800.0
28800,237.5,density_at_w_faces,1.2933990955352783,Face,kg m^-3,equal_mean_of_two_preceding_1800s_averages,25200,28800,27000.0;28800.0
28800,250,density_at_w_faces,1.2918879985809326,Face,kg m^-3,equal_mean_of_two_preceding_1800s_averages,25200,28800,27000.0;28800.0
28800,262.5,density_at_w_faces,1.2903778553009033,Face,kg m^-3,equal_mean_of_two_preceding_1800s_averages,25200,28800,27000.0;28800.0
28800,275,density_at_w_faces,1.2888690233230591,Face,kg m^-3,equal_mean_of_two_preceding_1800s_averages,25200,28800,27000.0;28800.0
28800,287.5,density_at_w_faces,1.2873611450195312,Face,kg m^-3,equal_mean_of_two_preceding_1800s_averages,25200,28800,27000.0;28800.0
28800,300,density_at_w_faces,1.2858543395996094,Face,kg m^-3,equal_mean_of_two_preceding_1800s_averages,25200,28800,27000.0;28800.0
28800,312.5,density_at_w_faces,1.2843484878540039,Face,kg m^-3,equal_mean_of_two_preceding_1800s_averages,25200,28800,27000.0;28800.0
28800,325,density_at_w_faces,1.2828438282012939,Face,kg m^-3,equal_mean_of_two_preceding_1800s_averages,25200,28800,27000.0;28800.0
28800,337.5,density_at_w_faces,1.2813401222229004,Face,kg m^-3,equal_mean_of_two_preceding_1800s_averages,25200,28800,27000.0;28800.0
28800,350,density_at_w_faces,1.2798376083374023,Face,kg m^-3,equal_mean_of_two_preceding_1800s_averages,25200,28800,27000.0;28800.0
28800,362.5,density_at_w_faces,1.2783358097076416,Face,kg m^-3,equal_mean_of_two_preceding_1800s_averages,25200,28800,27000.0;28800.0
28800,375,density_at_w_faces,1.2768354415893555,Face,kg m^-3,equal_mean_of_two_preceding_1800s_averages,25200,28800,27000.0;28800.0
28800,387.5,density_at_w_faces,1.2753361463546753,Face,kg m^-3,equal_mean_of_two_preceding_1800s_averages,25200,28800,27000.0;28800.0
28800,400,density_at_w_faces,1.2745866775512695,Face,kg m^-3,equal_mean_of_two_preceding_1800s_averages,25200,28800,27000.0;28800.0
28800,6.25,density_mean,1.3215456008911133,Center,kg m^-3,equal_mean_of_two_preceding_1800s_averages,25200,28800,27000.0;28800.0
28800,18.75,density_mean,1.3200148344039917,Center,kg m^-3,equal_mean_of_two_preceding_1800s_averages,25200,28800,27000.0;28800.0
28800,31.25,density_mean,1.3184851408004761,Center,kg m^-3,equal_mean_of_two_preceding_1800s_averages,25200,28800,27000.0;28800.0
28800,43.75,density_mean,1.3169564008712769,Center,kg m^-3,equal_mean_of_two_preceding_1800s_averages,25200,28800,27000.0;28800.0
28800,56.25,density_mean,1.3154289722442627,Center,kg m^-3,equal_mean_of_two_preceding_1800s_averages,25200,28800,27000.0;28800.0
28800,68.75,density_mean,1.3139024972915649,Center,kg m^-3,equal_mean_of_two_preceding_1800s_averages,25200,28800,27000.0;28800.0
28800,81.25,density_mean,1.3123770952224731,Center,kg m^-3,equal_mean_of_two_preceding_1800s_averages,25200,28800,27000.0;28800.0
28800,93.75,density_mean,1.3108526468276978,Center,kg m^-3,equal_mean_of_two_preceding_1800s_averages,25200,28800,27000.0;28800.0
28800,106.25,density_mean,1.3093292713165283,Center,kg m^-3,equal_mean_of_two_preceding_1800s_averages,25200,28800,27000.0;28800.0
28800,118.75,density_mean,1.3078072071075439,Center,kg m^-3,equal_mean_of_two_preceding_1800s_averages,25200,28800,27000.0;28800.0
28800,131.25,density_mean,1.306286096572876,Center,kg m^-3,equal_mean_of_two_preceding_1800s_averages,25200,28800,27000.0;28800.0
28800,143.75,density_mean,1.3047659397125244,Center,kg m^-3,equal_mean_of_two_preceding_1800s_averages,25200,28800,27000.0;28800.0
28800,156.25,density_mean,1.3032468557357788,Center,kg m^-3,equal_mean_of_two_preceding_1800s_averages,25200,28800,27000.0;28800.0
28800,168.75,density_mean,1.3017289638519287,Center,kg m^-3,equal_mean_of_two_preceding_1800s_averages,25200,28800,27000.0;28800.0
28800,181.25,density_mean,1.3002119064331055,Center,kg m^-3,equal_mean_of_two_preceding_1800s_averages,25200,28800,27000.0;28800.0
28800,193.75,density_mean,1.2986960411071777,Center,kg m^-3,equal_mean_of_two_preceding_1800s_averages,25200,28800,27000.0;28800.0
28800,206.25,density_mean,1.297181248664856,Center,kg m^-3,equal_mean_of_two_preceding_1800s_averages,25200,28800,27000.0;28800.0
28800,218.75,density_mean,1.2956677675247192,Center,kg m^-3,equal_mean_of_two_preceding_1800s_averages,25200,28800,27000.0;28800.0
28800,231.25,density_mean,1.2941550016403198,Center,kg m^-3,equal_mean_of_two_preceding_1800s_averages,25200,28800,27000.0;28800.0
28800,243.75,density_mean,1.2926433086395264,Center,kg m^-3,equal_mean_of_two_preceding_1800s_averages,25200,28800,27000.0;28800.0
28800,256.25,density_mean,1.2911326885223389,Center,kg m^-3,equal_mean_of_two_preceding_1800s_averages,25200,28800,27000.0;28800.0
28800,268.75,density_mean,1.2896231412887573,Center,kg m^-3,equal_mean_of_two_preceding_1800s_averages,25200,28800,27000.0;28800.0
28800,281.25,density_mean,1.2881149053573608,Center,kg m^-3,equal_mean_of_two_preceding_1800s_averages,25200,28800,27000.0;28800.0
28800,293.75,density_mean,1.2866075038909912,Center,kg m^-3,equal_mean_of_two_preceding_1800s_averages,25200,28800,27000.0;28800.0
28800,306.25,density_mean,1.2851011753082275,Center,kg m^-3,equal_mean_of_two_preceding_1800s_averages,25200,28800,27000.0;28800.0
28800,318.75,density_mean,1.2835958003997803,Center,kg m^-3,equal_mean_of_two_preceding_1800s_averages,25200,28800,27000.0;28800.0
28800,331.25,density_mean,1.2820917367935181,Center,kg m^-3,equal_mean_of_two_preceding_1800s_averages,25200,28800,27000.0;28800.0
28800,343.75,density_mean,1.2805886268615723,Center,kg m^-3,equal_mean_of_two_preceding_1800s_averages,25200,28800,27000.0;28800.0
28800,356.25,density_mean,1.2790864706039429,Center,kg m^-3,equal_mean_of_two_preceding_1800s_averages,25200,28800,27000.0;28800.0
28800,368.75,density_mean,1.2775853872299194,Center,kg m^-3,equal_mean_of_two_preceding_1800s_averages,25200,28800,27000.0;28800.0
28800,381.25,density_mean,1.2760856151580811,Center,kg m^-3,equal_mean_of_two_preceding_1800s_averages,25200,28800,27000.0;28800.0
28800,393.75,density_mean,1.2745866775512695,Center,kg m^-3,equal_mean_of_two_preceding_1800s_averages,25200,28800,27000.0;28800.0
28800,0,density_weighted_pressure_tke_flux,0,Face,kg s^-3,equal_mean_of_two_preceding_1800s_averages,25200,28800,27000.0;28800.0
28800,12.5,density_weighted_pressure_tke_flux,-0.0042034615762531757,Face,kg s^-3,equal_mean_of_two_preceding_1800s_averages,25200,28800,27000.0;28800.0
28800,25,density_weighted_pressure_tke_flux,-0.0058505886700004339,Face,kg s^-3,equal_mean_of_two_preceding_1800s_averages,25200,28800,27000.0;28800.0
28800,37.5,density_weighted_pressure_tke_flux,-0.0043727324809879065,Face,kg s^-3,equal_mean_of_two_preceding_1800s_averages,25200,28800,27000.0;28800.0
28800,50,density_weighted_pressure_tke_flux,-0.0046878212597221136,Face,kg s^-3,equal_mean_of_two_preceding_1800s_averages,25200,28800,27000.0;28800.0
28800,62.5,density_weighted_pressure_tke_flux,-0.0052247627172619104,Face,kg s^-3,equal_mean_of_two_preceding_1800s_averages,25200,28800,27000.0;28800.0
28800,75,density_weighted_pressure_tke_flux,-0.0042686285451054573,Face,kg s^-3,equal_mean_of_two_preceding_1800s_averages,25200,28800,27000.0;28800.0
28800,87.5,density_weighted_pressure_tke_flux,-0.0030164980562403798,Face,kg s^-3,equal_mean_of_two_preceding_1800s_averages,25200,28800,27000.0;28800.0
28800,100,density_weighted_pressure_tke_flux,-0.0014799465134274215,Face,kg s^-3,equal_mean_of_two_preceding_1800s_averages,25200,28800,27000.0;28800.0
28800,112.5,density_weighted_pressure_tke_flux,-0.0013715170207433403,Face,kg s^-3,equal_mean_of_two_preceding_1800s_averages,25200,28800,27000.0;28800.0
28800,125,density_weighted_pressure_tke_flux,-0.0020653782412409782,Face,kg s^-3,equal_mean_of_two_preceding_1800s_averages,25200,28800,27000.0;28800.0
28800,137.5,density_weighted_pressure_tke_flux,-0.0011553977456060238,Face,kg s^-3,equal_mean_of_two_preceding_1800s_averages,25200,28800,27000.0;28800.0
28800,150,density_weighted_pressure_tke_flux,0.00026399668422527611,Face,kg s^-3,equal_mean_of_two_preceding_1800s_averages,25200,28800,27000.0;28800.0
28800,162.5,density_weighted_pressure_tke_flux,0.001085511117707938,Face,kg s^-3,equal_mean_of_two_preceding_1800s_averages,25200,28800,27000.0;28800.0
28800,175,density_weighted_pressure_tke_flux,0.0020104235736653209,Face,kg s^-3,equal_mean_of_two_preceding_1800s_averages,25200,28800,27000.0;28800.0
28800,187.5,density_weighted_pressure_tke_flux,0.0021224776282906532,Face,kg s^-3,equal_mean_of_two_preceding_1800s_averages,25200,28800,27000.0;28800.0
28800,200,density_weighted_pressure_tke_flux,0.002030123258009553,Face,kg s^-3,equal_mean_of_two_preceding_1800s_averages,25200,28800,27000.0;28800.0
28800,212.5,density_weighted_pressure_tke_flux,0.0014630767400376499,Face,kg s^-3,equal_mean_of_two_preceding_1800s_averages,25200,28800,27000.0;28800.0
28800,225,density_weighted_pressure_tke_flux,0.0010346441413275898,Face,kg s^-3,equal_mean_of_two_preceding_1800s_averages,25200,28800,27000.0;28800.0
28800,237.5,density_weighted_pressure_tke_flux,0.00073198231984861195,Face,kg s^-3,equal_mean_of_two_preceding_1800s_averages,25200,28800,27000.0;28800.0
28800,250,density_weighted_pressure_tke_flux,0.0005879224045202136,Face,kg s^-3,equal_mean_of_two_preceding_1800s_averages,25200,28800,27000.0;28800.0
28800,262.5,density_weighted_pressure_tke_flux,0.0005705682560801506,Face,kg s^-3,equal_mean_of_two_preceding_1800s_averages,25200,28800,27000.0;28800.0
28800,275,density_weighted_pressure_tke_flux,0.00060240604216232896,Face,kg s^-3,equal_mean_of_two_preceding_1800s_averages,25200,28800,27000.0;28800.0
28800,287.5,density_weighted_pressure_tke_flux,0.0006444122118409723,Face,kg s^-3,equal_mean_of_two_preceding_1800s_averages,25200,28800,27000.0;28800.0
28800,300,density_weighted_pressure_tke_flux,0.00067618364118970931,Face,kg s^-3,equal_mean_of_two_preceding_1800s_averages,25200,28800,27000.0;28800.0
28800,312.5,density_weighted_pressure_tke_flux,0.00064940252923406661,Face,kg s^-3,equal_mean_of_two_preceding_1800s_averages,25200,28800,27000.0;28800.0
28800,325,density_weighted_pressure_tke_flux,0.0005498711543623358,Face,kg s^-3,equal_mean_of_two_preceding_1800s_averages,25200,28800,27000.0;28800.0
28800,337.5,density_weighted_pressure_tke_flux,0.00041999986569862813,Face,kg s^-3,equal_mean_of_two_preceding_1800s_averages,25200,28800,27000.0;28800.0
28800,350,density_weighted_pressure_tke_flux,0.00027693089214153588,Face,kg s^-3,equal_mean_of_two_preceding_1800s_averages,25200,28800,27000.0;28800.0
28800,362.5,density_weighted_pressure_tke_flux,0.00014461548562394455,Face,kg s^-3,equal_mean_of_two_preceding_1800s_averages,25200,28800,27000.0;28800.0
28800,375,density_weighted_pressure_tke_flux,4.776946207130095e-05,Face,kg s^-3,equal_mean_of_two_preceding_1800s_averages,25200,28800,27000.0;28800.0
28800,387.5,density_weighted_pressure_tke_flux,2.9622233341797255e-06,Face,kg s^-3,equal_mean_of_two_preceding_1800s_averages,25200,28800,27000.0;28800.0
28800,400,density_weighted_pressure_tke_flux,0,Face,kg s^-3,equal_mean_of_two_preceding_1800s_averages,25200,28800,27000.0;28800.0
28800,0,density_weighted_turbulent_tke_flux,0,Face,kg s^-3,equal_mean_of_two_preceding_1800s_averages,25200,28800,27000.0;28800.0
28800,12.5,density_weighted_turbulent_tke_flux,-0.0035485542612150311,Face,kg s^-3,equal_mean_of_two_preceding_1800s_averages,25200,28800,27000.0;28800.0
28800,25,density_weighted_turbulent_tke_flux,-0.0048616025596857071,Face,kg s^-3,equal_mean_of_two_preceding_1800s_averages,25200,28800,27000.0;28800.0
28800,37.5,density_weighted_turbulent_tke_flux,0.0014233207621145993,Face,kg s^-3,equal_mean_of_two_preceding_1800s_averages,25200,28800,27000.0;28800.0
28800,50,density_weighted_turbulent_tke_flux,0.0061047940980643034,Face,kg s^-3,equal_mean_of_two_preceding_1800s_averages,25200,28800,27000.0;28800.0
28800,62.5,density_weighted_turbulent_tke_flux,0.0081860215868800879,Face,kg s^-3,equal_mean_of_two_preceding_1800s_averages,25200,28800,27000.0;28800.0
28800,75,density_weighted_turbulent_tke_flux,0.0079511492513120174,Face,kg s^-3,equal_mean_of_two_preceding_1800s_averages,25200,28800,27000.0;28800.0
28800,87.5,density_weighted_turbulent_tke_flux,0.0062117291381582618,Face,kg s^-3,equal_mean_of_two_preceding_1800s_averages,25200,28800,27000.0;28800.0
28800,100,density_weighted_turbulent_tke_flux,0.0045532366493716836,Face,kg s^-3,equal_mean_of_two_preceding_1800s_averages,25200,28800,27000.0;28800.0
28800,112.5,density_weighted_turbulent_tke_flux,0.0039147629868239164,Face,kg s^-3,equal_mean_of_two_preceding_1800s_averages,25200,28800,27000.0;28800.0
28800,125,density_weighted_turbulent_tke_flux,0.0043311232002452016,Face,kg s^-3,equal_mean_of_two_preceding_1800s_averages,25200,28800,27000.0;28800.0
28800,137.5,density_weighted_turbulent_tke_flux,0.0038672345690429211,Face,kg s^-3,equal_mean_of_two_preceding_1800s_averages,25200,28800,27000.0;28800.0
28800,150,density_weighted_turbulent_tke_flux,0.0027195193106308579,Face,kg s^-3,equal_mean_of_two_preceding_1800s_averages,25200,28800,27000.0;28800.0
28800,162.5,density_weighted_turbulent_tke_flux,0.0018573228007880971,Face,kg s^-3,equal_mean_of_two_preceding_1800s_averages,25200,28800,27000.0;28800.0
28800,175,density_weighted_turbulent_tke_flux,0.0014281885711220355,Face,kg s^-3,equal_mean_of_two_preceding_1800s_averages,25200,28800,27000.0;28800.0
28800,187.5,density_weighted_turbulent_tke_flux,0.0010382018954260275,Face,kg s^-3,equal_mean_of_two_preceding_1800s_averages,25200,28800,27000.0;28800.0
28800,200,density_weighted_turbulent_tke_flux,0.00049069978194893338,Face,kg s^-3,equal_mean_of_two_preceding_1800s_averages,25200,28800,27000.0;28800.0
28800,212.5,density_weighted_turbulent_tke_flux,3.4551635508250911e-05,Face,kg s^-3,equal_mean_of_two_preceding_1800s_averages,25200,28800,27000.0;28800.0
28800,225,density_weighted_turbulent_tke_flux,-5.6528587890625204e-05,Face,kg s^-3,equal_mean_of_two_preceding_1800s_averages,25200,28800,27000.0;28800.0
28800,237.5,density_weighted_turbulent_tke_flux,-4.4056881961296313e-05,Face,kg s^-3,equal_mean_of_two_preceding_1800s_averages,25200,28800,27000.0;28800.0
28800,250,density_weighted_turbulent_tke_flux,-1.3183049304643646e-05,Face,kg s^-3,equal_mean_of_two_preceding_1800s_averages,25200,28800,27000.0;28800.0
28800,262.5,density_weighted_turbulent_tke_flux,4.8036893076641718e-06,Face,kg s^-3,equal_mean_of_two_preceding_1800s_averages,25200,28800,27000.0;28800.0
28800,275,density_weighted_turbulent_tke_flux,8.5198904002936615e-06,Face,kg s^-3,equal_mean_of_two_preceding_1800s_averages,25200,28800,27000.0;28800.0
28800,287.5,density_weighted_turbulent_tke_flux,2.2047132119951129e-08,Face,kg s^-3,equal_mean_of_two_preceding_1800s_averages,25200,28800,27000.0;28800.0
28800,300,density_weighted_turbulent_tke_flux,-9.58110399551515e-06,Face,kg s^-3,equal_mean_of_two_preceding_1800s_averages,25200,28800,27000.0;28800.0
28800,312.5,density_weighted_turbulent_tke_flux,-1.159184978405392e-05,Face,kg s^-3,equal_mean_of_two_preceding_1800s_averages,25200,28800,27000.0;28800.0
28800,325,density_weighted_turbulent_tke_flux,-6.0837070350316935e-06,Face,kg s^-3,equal_mean_of_two_preceding_1800s_averages,25200,28800,27000.0;28800.0
28800,337.5,density_weighted_turbulent_tke_flux,5.5613782024011016e-08,Face,kg s^-3,equal_mean_of_two_preceding_1800s_averages,25200,28800,27000.0;28800.0
28800,350,density_weighted_turbulent_tke_flux,2.2083431758801453e-06,Face,kg s^-3,equal_mean_of_two_preceding_1800s_averages,25200,28800,27000.0;28800.0
28800,362.5,density_weighted_turbulent_tke_flux,1.905959919668021e-06,Face,kg s^-3,equal_mean_of_two_preceding_1800s_averages,25200,28800,27000.0;28800.0
28800,375,density_weighted_turbulent_tke_flux,8.8815880872061825e-07,Face,kg s^-3,equal_mean_of_two_preceding_1800s_averages,25200,28800,27000.0;28800.0
28800,387.5,density_weighted_turbulent_tke_flux,2.3516074065810244e-07,Face,kg s^-3,equal_mean_of_two_preceding_1800s_averages,25200,28800,27000.0;28800.0
28800,400,density_weighted_turbulent_tke_flux,0,Face,kg s^-3,equal_mean_of_two_preceding_1800s_averages,25200,28800,27000.0;28800.0
28800,0,pressure_tke_flux,0,Face,m^3 s^-3,equal_mean_of_two_preceding_1800s_averages,25200,28800,27000.0;28800.0
28800,12.5,pressure_tke_flux,-0.0031825599726289511,Face,m^3 s^-3,equal_mean_of_two_preceding_1800s_averages,25200,28800,27000.0;28800.0
28800,25,pressure_tke_flux,-0.0044347876682877541,Face,m^3 s^-3,equal_mean_of_two_preceding_1800s_averages,25200,28800,27000.0;28800.0
28800,37.5,pressure_tke_flux,-0.0033184064086526632,Face,m^3 s^-3,equal_mean_of_two_preceding_1800s_averages,25200,28800,27000.0;28800.0
28800,50,pressure_tke_flux,-0.0035616479581221938,Face,m^3 s^-3,equal_mean_of_two_preceding_1800s_averages,25200,28800,27000.0;28800.0
28800,62.5,pressure_tke_flux,-0.0039742133812978864,Face,m^3 s^-3,equal_mean_of_two_preceding_1800s_averages,25200,28800,27000.0;28800.0
28800,75,pressure_tke_flux,-0.0032507040305063128,Face,m^3 s^-3,equal_mean_of_two_preceding_1800s_averages,25200,28800,27000.0;28800.0
28800,87.5,pressure_tke_flux,-0.0022998330532573164,Face,m^3 s^-3,equal_mean_of_two_preceding_1800s_averages,25200,28800,27000.0;28800.0
28800,100,pressure_tke_flux,-0.0011296526936348528,Face,m^3 s^-3,equal_mean_of_two_preceding_1800s_averages,25200,28800,27000.0;28800.0
28800,112.5,pressure_tke_flux,-0.0010481037315912545,Face,m^3 s^-3,equal_mean_of_two_preceding_1800s_averages,25200,28800,27000.0;28800.0
28800,125,pressure_tke_flux,-0.0015801892150193453,Face,m^3 s^-3,equal_mean_of_two_preceding_1800s_averages,25200,28800,27000.0;28800.0
28800,137.5,pressure_tke_flux,-0.00088500614401709754,Face,m^3 s^-3,equal_mean_of_two_preceding_1800s_averages,25200,28800,27000.0;28800.0
28800,150,pressure_tke_flux,0.00020245043560862541,Face,m^3 s^-3,equal_mean_of_two_preceding_1800s_averages,25200,28800,27000.0;28800.0
28800,162.5,pressure_tke_flux,0.00083341595018282533,Face,m^3 s^-3,equal_mean_of_two_preceding_1800s_averages,25200,28800,27000.0;28800.0
28800,175,pressure_tke_flux,0.0015453273081220686,Face,m^3 s^-3,equal_mean_of_two_preceding_1800s_averages,25200,28800,27000.0;28800.0
28800,187.5,pressure_tke_flux,0.0016333613893948495,Face,m^3 s^-3,equal_mean_of_two_preceding_1800s_averages,25200,28800,27000.0;28800.0
28800,200,pressure_tke_flux,0.0015641138888895512,Face,m^3 s^-3,equal_mean_of_two_preceding_1800s_averages,25200,28800,27000.0;28800.0
28800,212.5,pressure_tke_flux,0.0011285481159575284,Face,m^3 s^-3,equal_mean_of_two_preceding_1800s_averages,25200,28800,27000.0;28800.0
28800,225,pressure_tke_flux,0.00079900745186023414,Face,m^3 s^-3,equal_mean_of_two_preceding_1800s_averages,25200,28800,27000.0;28800.0
28800,237.5,pressure_tke_flux,0.0005659375456161797,Face,m^3 s^-3,equal_mean_of_two_preceding_1800s_averages,25200,28800,27000.0;28800.0
28800,250,pressure_tke_flux,0.00045508773473557085,Face,m^3 s^-3,equal_mean_of_two_preceding_1800s_averages,25200,28800,27000.0;28800.0
28800,262.5,pressure_tke_flux,0.00044217069807928056,Face,m^3 s^-3,equal_mean_of_two_preceding_1800s_averages,25200,28800,27000.0;28800.0
28800,275,pressure_tke_flux,0.00046739145182073116,Face,m^3 s^-3,equal_mean_of_two_preceding_1800s_averages,25200,28800,27000.0;28800.0
28800,287.5,pressure_tke_flux,0.0005005679267924279,Face,m^3 s^-3,equal_mean_of_two_preceding_1800s_averages,25200,28800,27000.0;28800.0
28800,300,pressure_tke_flux,0.00052586349193006754,Face,m^3 s^-3,equal_mean_of_two_preceding_1800s_averages,25200,28800,27000.0;28800.0
28800,312.5,pressure_tke_flux,0.00050562784599605948,Face,m^3 s^-3,equal_mean_of_two_preceding_1800s_averages,25200,28800,27000.0;28800.0
28800,325,pressure_tke_flux,0.00042863564158324152,Face,m^3 s^-3,equal_mean_of_two_preceding_1800s_averages,25200,28800,27000.0;28800.0
28800,337.5,pressure_tke_flux,0.00032778221066109836,Face,m^3 s^-3,equal_mean_of_two_preceding_1800s_averages,25200,28800,27000.0;28800.0
28800,350,pressure_tke_flux,0.00021637949976138771,Face,m^3 s^-3,equal_mean_of_two_preceding_1800s_averages,25200,28800,27000.0;28800.0
28800,362.5,pressure_tke_flux,0.00011312805145280436,Face,m^3 s^-3,equal_mean_of_two_preceding_1800s_averages,25200,28800,27000.0;28800.0
28800,375,pressure_tke_flux,3.7412391975522041e-05,Face,m^3 s^-3,equal_mean_of_two_preceding_1800s_averages,25200,28800,27000.0;28800.0
28800,387.5,pressure_tke_flux,2.3227062229125295e-06,Face,m^3 s^-3,equal_mean_of_two_preceding_1800s_averages,25200,28800,27000.0;28800.0
28800,400,pressure_tke_flux,0,Face,m^3 s^-3,equal_mean_of_two_preceding_1800s_averages,25200,28800,27000.0;28800.0
28800,0,resolved_buoyancy_flux,0,Face,m^2 s^-3,equal_mean_of_two_preceding_1800s_averages,25200,28800,27000.0;28800.0
28800,12.5,resolved_buoyancy_flux,-9.3988073786022142e-05,Face,m^2 s^-3,equal_mean_of_two_preceding_1800s_averages,25200,28800,27000.0;28800.0
28800,25,resolved_buoyancy_flux,-0.00027101210434921086,Face,m^2 s^-3,equal_mean_of_two_preceding_1800s_averages,25200,28800,27000.0;28800.0
28800,37.5,resolved_buoyancy_flux,-0.00028885967913083732,Face,m^2 s^-3,equal_mean_of_two_preceding_1800s_averages,25200,28800,27000.0;28800.0
28800,50,resolved_buoyancy_flux,-0.0002787512494251132,Face,m^2 s^-3,equal_mean_of_two_preceding_1800s_averages,25200,28800,27000.0;28800.0
28800,62.5,resolved_buoyancy_flux,-0.00026422785595059395,Face,m^2 s^-3,equal_mean_of_two_preceding_1800s_averages,25200,28800,27000.0;28800.0
28800,75,resolved_buoyancy_flux,-0.00024335135822184384,Face,m^2 s^-3,equal_mean_of_two_preceding_1800s_averages,25200,28800,27000.0;28800.0
28800,87.5,resolved_buoyancy_flux,-0.00021577587904175743,Face,m^2 s^-3,equal_mean_of_two_preceding_1800s_averages,25200,28800,27000.0;28800.0
28800,100,resolved_buoyancy_flux,-0.00019188822625437751,Face,m^2 s^-3,equal_mean_of_two_preceding_1800s_averages,25200,28800,27000.0;28800.0
28800,112.5,resolved_buoyancy_flux,-0.00016849035455379635,Face,m^2 s^-3,equal_mean_of_two_preceding_1800s_averages,25200,28800,27000.0;28800.0
28800,125,resolved_buoyancy_flux,-0.00014647476564277895,Face,m^2 s^-3,equal_mean_of_two_preceding_1800s_averages,25200,28800,27000.0;28800.0
28800,137.5,resolved_buoyancy_flux,-0.00012637634063139558,Face,m^2 s^-3,equal_mean_of_two_preceding_1800s_averages,25200,28800,27000.0;28800.0
28800,150,resolved_buoyancy_flux,-0.00010501679571461864,Face,m^2 s^-3,equal_mean_of_two_preceding_1800s_averages,25200,28800,27000.0;28800.0
28800,162.5,resolved_buoyancy_flux,-8.6059288150863722e-05,Face,m^2 s^-3,equal_mean_of_two_preceding_1800s_averages,25200,28800,27000.0;28800.0
28800,175,resolved_buoyancy_flux,-7.2379001721856184e-05,Face,m^2 s^-3,equal_mean_of_two_preceding_1800s_averages,25200,28800,27000.0;28800.0
28800,187.5,resolved_buoyancy_flux,-6.1007205658825114e-05,Face,m^2 s^-3,equal_mean_of_two_preceding_1800s_averages,25200,28800,27000.0;28800.0
28800,200,resolved_buoyancy_flux,-3.7842284655198455e-05,Face,m^2 s^-3,equal_mean_of_two_preceding_1800s_averages,25200,28800,27000.0;28800.0
28800,212.5,resolved_buoyancy_flux,-7.6118028573546326e-06,Face,m^2 s^-3,equal_mean_of_two_preceding_1800s_averages,25200,28800,27000.0;28800.0
28800,225,resolved_buoyancy_flux,2.7205867354496149e-06,Face,m^2 s^-3,equal_mean_of_two_preceding_1800s_averages,25200,28800,27000.0;28800.0
28800,237.5,resolved_buoyancy_flux,2.7300092710902391e-06,Face,m^2 s^-3,equal_mean_of_two_preceding_1800s_averages,25200,28800,27000.0;28800.0
28800,250,resolved_buoyancy_flux,3.1110644158616196e-06,Face,m^2 s^-3,equal_mean_of_two_preceding_1800s_averages,25200,28800,27000.0;28800.0
28800,262.5,resolved_buoyancy_flux,1.7432867593925039e-06,Face,m^2 s^-3,equal_mean_of_two_preceding_1800s_averages,25200,28800,27000.0;28800.0
28800,275,resolved_buoyancy_flux,4.7431589678126329e-07,Face,m^2 s^-3,equal_mean_of_two_preceding_1800s_averages,25200,28800,27000.0;28800.0
28800,287.5,resolved_buoyancy_flux,-6.7387336599722403e-08,Face,m^2 s^-3,equal_mean_of_two_preceding_1800s_averages,25200,28800,27000.0;28800.0
28800,300,resolved_buoyancy_flux,1.9932284089918539e-07,Face,m^2 s^-3,equal_mean_of_two_preceding_1800s_averages,25200,28800,27000.0;28800.0
28800,312.5,resolved_buoyancy_flux,7.8611763143499047e-07,Face,m^2 s^-3,equal_mean_of_two_preceding_1800s_averages,25200,28800,27000.0;28800.0
28800,325,resolved_buoyancy_flux,7.6611564736595028e-07,Face,m^2 s^-3,equal_mean_of_two_preceding_1800s_averages,25200,28800,27000.0;28800.0
28800,337.5,resolved_buoyancy_flux,3.8935353074975865e-07,Face,m^2 s^-3,equal_mean_of_two_preceding_1800s_averages,25200,28800,27000.0;28800.0
28800,350,resolved_buoyancy_flux,8.5489091361523606e-08,Face,m^2 s^-3,equal_mean_of_two_preceding_1800s_averages,25200,28800,27000.0;28800.0
28800,362.5,resolved_buoyancy_flux,9.5546880629626685e-08,Face,m^2 s^-3,equal_mean_of_two_preceding_1800s_averages,25200,28800,27000.0;28800.0
28800,375,resolved_buoyancy_flux,9.6868177479336737e-08,Face,m^2 s^-3,equal_mean_of_two_preceding_1800s_averages,25200,28800,27000.0;28800.0
28800,387.5,resolved_buoyancy_flux,-4.2837857705535498e-09,Face,m^2 s^-3,equal_mean_of_two_preceding_1800s_averages,25200,28800,27000.0;28800.0
28800,400,resolved_buoyancy_flux,0,Face,m^2 s^-3,equal_mean_of_two_preceding_1800s_averages,25200,28800,27000.0;28800.0
28800,6.25,resolved_tke,0.059900142252445221,Center,m^2 s^-2,equal_mean_of_two_preceding_1800s_averages,25200,28800,27000.0;28800.0
28800,18.75,resolved_tke,0.15967769920825958,Center,m^2 s^-2,equal_mean_of_two_preceding_1800s_averages,25200,28800,27000.0;28800.0
28800,31.25,resolved_tke,0.23362818360328674,Center,m^2 s^-2,equal_mean_of_two_preceding_1800s_averages,25200,28800,27000.0;28800.0
28800,43.75,resolved_tke,0.2360011413693428,Center,m^2 s^-2,equal_mean_of_two_preceding_1800s_averages,25200,28800,27000.0;28800.0
28800,56.25,resolved_tke,0.22904256731271744,Center,m^2 s^-2,equal_mean_of_two_preceding_1800s_averages,25200,28800,27000.0;28800.0
28800,68.75,resolved_tke,0.21022374182939529,Center,m^2 s^-2,equal_mean_of_two_preceding_1800s_averages,25200,28800,27000.0;28800.0
28800,81.25,resolved_tke,0.18377994000911713,Center,m^2 s^-2,equal_mean_of_two_preceding_1800s_averages,25200,28800,27000.0;28800.0
28800,93.75,resolved_tke,0.16373448818922043,Center,m^2 s^-2,equal_mean_of_two_preceding_1800s_averages,25200,28800,27000.0;28800.0
28800,106.25,resolved_tke,0.13995134457945824,Center,m^2 s^-2,equal_mean_of_two_preceding_1800s_averages,25200,28800,27000.0;28800.0
28800,118.75,resolved_tke,0.12263722717761993,Center,m^2 s^-2,equal_mean_of_two_preceding_1800s_averages,25200,28800,27000.0;28800.0
28800,131.25,resolved_tke,0.10950197279453278,Center,m^2 s^-2,equal_mean_of_two_preceding_1800s_averages,25200,28800,27000.0;28800.0
28800,143.75,resolved_tke,0.096293095499277115,Center,m^2 s^-2,equal_mean_of_two_preceding_1800s_averages,25200,28800,27000.0;28800.0
28800,156.25,resolved_tke,0.082159204408526421,Center,m^2 s^-2,equal_mean_of_two_preceding_1800s_averages,25200,28800,27000.0;28800.0
28800,168.75,resolved_tke,0.069396259263157845,Center,m^2 s^-2,equal_mean_of_two_preceding_1800s_averages,25200,28800,27000.0;28800.0
28800,181.25,resolved_tke,0.066077763214707375,Center,m^2 s^-2,equal_mean_of_two_preceding_1800s_averages,25200,28800,27000.0;28800.0
28800,193.75,resolved_tke,0.061785507947206497,Center,m^2 s^-2,equal_mean_of_two_preceding_1800s_averages,25200,28800,27000.0;28800.0
28800,206.25,resolved_tke,0.042730135843157768,Center,m^2 s^-2,equal_mean_of_two_preceding_1800s_averages,25200,28800,27000.0;28800.0
28800,218.75,resolved_tke,0.022518671583384275,Center,m^2 s^-2,equal_mean_of_two_preceding_1800s_averages,25200,28800,27000.0;28800.0
28800,231.25,resolved_tke,0.012865461874753237,Center,m^2 s^-2,equal_mean_of_two_preceding_1800s_averages,25200,28800,27000.0;28800.0
28800,243.75,resolved_tke,0.0080287391319870949,Center,m^2 s^-2,equal_mean_of_two_preceding_1800s_averages,25200,28800,27000.0;28800.0
28800,256.25,resolved_tke,0.0054464243585243821,Center,m^2 s^-2,equal_mean_of_two_preceding_1800s_averages,25200,28800,27000.0;28800.0
28800,268.75,resolved_tke,0.0042658466845750809,Center,m^2 s^-2,equal_mean_of_two_preceding_1800s_averages,25200,28800,27000.0;28800.0
28800,281.25,resolved_tke,0.0036401229444891214,Center,m^2 s^-2,equal_mean_of_two_preceding_1800s_averages,25200,28800,27000.0;28800.0
28800,293.75,resolved_tke,0.0031375732505694032,Center,m^2 s^-2,equal_mean_of_two_preceding_1800s_averages,25200,28800,27000.0;28800.0
28800,306.25,resolved_tke,0.0027696742909029126,Center,m^2 s^-2,equal_mean_of_two_preceding_1800s_averages,25200,28800,27000.0;28800.0
28800,318.75,resolved_tke,0.0023721284233033657,Center,m^2 s^-2,equal_mean_of_two_preceding_1800s_averages,25200,28800,27000.0;28800.0
28800,331.25,resolved_tke,0.0022706217132508755,Center,m^2 s^-2,equal_mean_of_two_preceding_1800s_averages,25200,28800,27000.0;28800.0
28800,343.75,resolved_tke,0.0021115096169523895,Center,m^2 s^-2,equal_mean_of_two_preceding_1800s_averages,25200,28800,27000.0;28800.0
28800,356.25,resolved_tke,0.0014474666677415371,Center,m^2 s^-2,equal_mean_of_two_preceding_1800s_averages,25200,28800,27000.0;28800.0
28800,368.75,resolved_tke,0.00099869069526903331,Center,m^2 s^-2,equal_mean_of_two_preceding_1800s_averages,25200,28800,27000.0;28800.0
28800,381.25,resolved_tke,0.00097010316676460207,Center,m^2 s^-2,equal_mean_of_two_preceding_1800s_averages,25200,28800,27000.0;28800.0
28800,393.75,resolved_tke,0.0010139556834474206,Center,m^2 s^-2,equal_mean_of_two_preceding_1800s_averages,25200,28800,27000.0;28800.0
28800,6.25,resolved_tke_buoyancy_production,-4.6994036893011071e-05,Center,m^2 s^-3,equal_mean_of_two_preceding_1800s_averages,25200,28800,27000.0;28800.0
28800,18.75,resolved_tke_buoyancy_production,-0.00018250011635245755,Center,m^2 s^-3,equal_mean_of_two_preceding_1800s_averages,25200,28800,27000.0;28800.0
28800,31.25,resolved_tke_buoyancy_production,-0.00027993576077278703,Center,m^2 s^-3,equal_mean_of_two_preceding_1800s_averages,25200,28800,27000.0;28800.0
28800,43.75,resolved_tke_buoyancy_production,-0.00028380508592817932,Center,m^2 s^-3,equal_mean_of_two_preceding_1800s_averages,25200,28800,27000.0;28800.0
28800,56.25,resolved_tke_buoyancy_production,-0.00027148936351295561,Center,m^2 s^-3,equal_mean_of_two_preceding_1800s_averages,25200,28800,27000.0;28800.0
28800,68.75,resolved_tke_buoyancy_production,-0.00025378975260537118,Center,m^2 s^-3,equal_mean_of_two_preceding_1800s_averages,25200,28800,27000.0;28800.0
28800,81.25,resolved_tke_buoyancy_production,-0.00022956371685722843,Center,m^2 s^-3,equal_mean_of_two_preceding_1800s_averages,25200,28800,27000.0;28800.0
28800,93.75,resolved_tke_buoyancy_production,-0.00020383212540764362,Center,m^2 s^-3,equal_mean_of_two_preceding_1800s_averages,25200,28800,27000.0;28800.0
28800,106.25,resolved_tke_buoyancy_production,-0.00018018918490270153,Center,m^2 s^-3,equal_mean_of_two_preceding_1800s_averages,25200,28800,27000.0;28800.0
28800,118.75,resolved_tke_buoyancy_production,-0.0001574826892465353,Center,m^2 s^-3,equal_mean_of_two_preceding_1800s_averages,25200,28800,27000.0;28800.0
28800,131.25,resolved_tke_buoyancy_production,-0.00013642559497384354,Center,m^2 s^-3,equal_mean_of_two_preceding_1800s_averages,25200,28800,27000.0;28800.0
28800,143.75,resolved_tke_buoyancy_production,-0.00011569681373657659,Center,m^2 s^-3,equal_mean_of_two_preceding_1800s_averages,25200,28800,27000.0;28800.0
28800,156.25,resolved_tke_buoyancy_production,-9.5538249297533184e-05,Center,m^2 s^-3,equal_mean_of_two_preceding_1800s_averages,25200,28800,27000.0;28800.0
28800,168.75,resolved_tke_buoyancy_production,-7.9219058534363285e-05,Center,m^2 s^-3,equal_mean_of_two_preceding_1800s_averages,25200,28800,27000.0;28800.0
28800,181.25,resolved_tke_buoyancy_production,-6.6693088228930719e-05,Center,m^2 s^-3,equal_mean_of_two_preceding_1800s_averages,25200,28800,27000.0;28800.0
28800,193.75,resolved_tke_buoyancy_production,-4.9424757889937609e-05,Center,m^2 s^-3,equal_mean_of_two_preceding_1800s_averages,25200,28800,27000.0;28800.0
28800,206.25,resolved_tke_buoyancy_production,-2.2727032046532258e-05,Center,m^2 s^-3,equal_mean_of_two_preceding_1800s_averages,25200,28800,27000.0;28800.0
28800,218.75,resolved_tke_buoyancy_production,-2.4455952143398463e-06,Center,m^2 s^-3,equal_mean_of_two_preceding_1800s_averages,25200,28800,27000.0;28800.0
28800,231.25,resolved_tke_buoyancy_production,2.7252996233073645e-06,Center,m^2 s^-3,equal_mean_of_two_preceding_1800s_averages,25200,28800,27000.0;28800.0
28800,243.75,resolved_tke_buoyancy_production,2.9205356213424238e-06,Center,m^2 s^-3,equal_mean_of_two_preceding_1800s_averages,25200,28800,27000.0;28800.0
28800,256.25,resolved_tke_buoyancy_production,2.4271759002658655e-06,Center,m^2 s^-3,equal_mean_of_two_preceding_1800s_averages,25200,28800,27000.0;28800.0
28800,268.75,resolved_tke_buoyancy_production,1.1088039144624418e-06,Center,m^2 s^-3,equal_mean_of_two_preceding_1800s_averages,25200,28800,27000.0;28800.0
28800,281.25,resolved_tke_buoyancy_production,2.034649497772989e-07,Center,m^2 s^-3,equal_mean_of_two_preceding_1800s_averages,25200,28800,27000.0;28800.0
28800,293.75,resolved_tke_buoyancy_production,6.5965721773864061e-08,Center,m^2 s^-3,equal_mean_of_two_preceding_1800s_averages,25200,28800,27000.0;28800.0
28800,306.25,resolved_tke_buoyancy_production,4.9272000524069881e-07,Center,m^2 s^-3,equal_mean_of_two_preceding_1800s_averages,25200,28800,27000.0;28800.0
28800,318.75,resolved_tke_buoyancy_production,7.7611890958451113e-07,Center,m^2 s^-3,equal_mean_of_two_preceding_1800s_averages,25200,28800,27000.0;28800.0
28800,331.25,resolved_tke_buoyancy_production,5.7773573303165904e-07,Center,m^2 s^-3,equal_mean_of_two_preceding_1800s_averages,25200,28800,27000.0;28800.0
28800,343.75,resolved_tke_buoyancy_production,2.374209717714848e-07,Center,m^2 s^-3,equal_mean_of_two_preceding_1800s_averages,25200,28800,27000.0;28800.0
28800,356.25,resolved_tke_buoyancy_production,9.0518170736686443e-08,Center,m^2 s^-3,equal_mean_of_two_preceding_1800s_averages,25200,28800,27000.0;28800.0
28800,368.75,resolved_tke_buoyancy_production,9.620711693969497e-08,Center,m^2 s^-3,equal_mean_of_two_preceding_1800s_averages,25200,28800,27000.0;28800.0
28800,381.25,resolved_tke_buoyancy_production,4.6292136346437474e-08,Center,m^2 s^-3,equal_mean_of_two_preceding_1800s_averages,25200,28800,27000.0;28800.0
28800,393.75,resolved_tke_buoyancy_production,-2.1418946616336143e-09,Center,m^2 s^-3,equal_mean_of_two_preceding_1800s_averages,25200,28800,27000.0;28800.0
28800,6.25,resolved_tke_pressure_transport,0.00025445716164540499,Center,m^2 s^-3,equal_mean_of_two_preceding_1800s_averages,25200,28800,27000.0;28800.0
28800,18.75,resolved_tke_pressure_transport,9.9824799690395594e-05,Center,m^2 s^-3,equal_mean_of_two_preceding_1800s_averages,25200,28800,27000.0;28800.0
28800,31.25,resolved_tke_pressure_transport,-8.9669923909241334e-05,Center,m^2 s^-3,equal_mean_of_two_preceding_1800s_averages,25200,28800,27000.0;28800.0
28800,43.75,resolved_tke_pressure_transport,1.9140126823913306e-05,Center,m^2 s^-3,equal_mean_of_two_preceding_1800s_averages,25200,28800,27000.0;28800.0
28800,56.25,resolved_tke_pressure_transport,3.2655381801305339e-05,Center,m^2 s^-3,equal_mean_of_two_preceding_1800s_averages,25200,28800,27000.0;28800.0
28800,68.75,resolved_tke_pressure_transport,-5.8216554862156045e-05,Center,m^2 s^-3,equal_mean_of_two_preceding_1800s_averages,25200,28800,27000.0;28800.0
28800,81.25,resolved_tke_pressure_transport,-7.6327578426571563e-05,Center,m^2 s^-3,equal_mean_of_two_preceding_1800s_averages,25200,28800,27000.0;28800.0
28800,93.75,resolved_tke_pressure_transport,-9.3774102424504235e-05,Center,m^2 s^-3,equal_mean_of_two_preceding_1800s_averages,25200,28800,27000.0;28800.0
28800,106.25,resolved_tke_pressure_transport,-6.6251475345779909e-06,Center,m^2 s^-3,equal_mean_of_two_preceding_1800s_averages,25200,28800,27000.0;28800.0
28800,118.75,resolved_tke_pressure_transport,4.2444411519682035e-05,Center,m^2 s^-3,equal_mean_of_two_preceding_1800s_averages,25200,28800,27000.0;28800.0
28800,131.25,resolved_tke_pressure_transport,-5.5729491577949375e-05,Center,m^2 s^-3,equal_mean_of_two_preceding_1800s_averages,25200,28800,27000.0;28800.0
28800,143.75,resolved_tke_pressure_transport,-8.7028343841666356e-05,Center,m^2 s^-3,equal_mean_of_two_preceding_1800s_averages,25200,28800,27000.0;28800.0
28800,156.25,resolved_tke_pressure_transport,-5.0428876420482993e-05,Center,m^2 s^-3,equal_mean_of_two_preceding_1800s_averages,25200,28800,27000.0;28800.0
28800,168.75,resolved_tke_pressure_transport,-5.6841942750907037e-05,Center,m^2 s^-3,equal_mean_of_two_preceding_1800s_averages,25200,28800,27000.0;28800.0
28800,181.25,resolved_tke_pressure_transport,-6.8946301325922832e-06,Center,m^2 s^-3,equal_mean_of_two_preceding_1800s_averages,25200,28800,27000.0;28800.0
28800,193.75,resolved_tke_pressure_transport,5.6891195754360524e-06,Center,m^2 s^-3,equal_mean_of_two_preceding_1800s_averages,25200,28800,27000.0;28800.0
28800,206.25,resolved_tke_pressure_transport,3.4971029890584759e-05,Center,m^2 s^-3,equal_mean_of_two_preceding_1800s_averages,25200,28800,27000.0;28800.0
28800,218.75,resolved_tke_pressure_transport,2.6453340979060158e-05,Center,m^2 s^-3,equal_mean_of_two_preceding_1800s_averages,25200,28800,27000.0;28800.0
28800,231.25,resolved_tke_pressure_transport,1.8709433788899332e-05,Center,m^2 s^-3,equal_mean_of_two_preceding_1800s_averages,25200,28800,27000.0;28800.0
28800,243.75,resolved_tke_pressure_transport,8.9157133515982423e-06,Center,m^2 s^-3,equal_mean_of_two_preceding_1800s_averages,25200,28800,27000.0;28800.0
28800,256.25,resolved_tke_pressure_transport,1.0752845298611646e-06,Center,m^2 s^-3,equal_mean_of_two_preceding_1800s_averages,25200,28800,27000.0;28800.0
28800,268.75,resolved_tke_pressure_transport,-1.9750365964910088e-06,Center,m^2 s^-3,equal_mean_of_two_preceding_1800s_averages,25200,28800,27000.0;28800.0
28800,281.25,resolved_tke_pressure_transport,-2.6088389404321788e-06,Center,m^2 s^-3,equal_mean_of_two_preceding_1800s_averages,25200,28800,27000.0;28800.0
28800,293.75,resolved_tke_pressure_transport,-1.9755269136112474e-06,Center,m^2 s^-3,equal_mean_of_two_preceding_1800s_averages,25200,28800,27000.0;28800.0
28800,306.25,resolved_tke_pressure_transport,1.6671837670401146e-06,Center,m^2 s^-3,equal_mean_of_two_preceding_1800s_averages,25200,28800,27000.0;28800.0
28800,318.75,resolved_tke_pressure_transport,6.203250677572214e-06,Center,m^2 s^-3,equal_mean_of_two_preceding_1800s_averages,25200,28800,27000.0;28800.0
28800,331.25,resolved_tke_pressure_transport,8.1037314885179512e-06,Center,m^2 s^-3,equal_mean_of_two_preceding_1800s_averages,25200,28800,27000.0;28800.0
28800,343.75,resolved_tke_pressure_transport,8.9377217591390945e-06,Center,m^2 s^-3,equal_mean_of_two_preceding_1800s_averages,25200,28800,27000.0;28800.0
28800,356.25,resolved_tke_pressure_transport,8.2756118899851572e-06,Center,m^2 s^-3,equal_mean_of_two_preceding_1800s_averages,25200,28800,27000.0;28800.0
28800,368.75,resolved_tke_pressure_transport,6.0643239976343466e-06,Center,m^2 s^-3,equal_mean_of_two_preceding_1800s_averages,25200,28800,27000.0;28800.0
28800,381.25,resolved_tke_pressure_transport,2.8090430532756727e-06,Center,m^2 s^-3,equal_mean_of_two_preceding_1800s_averages,25200,28800,27000.0;28800.0
28800,393.75,resolved_tke_pressure_transport,1.8592567130326643e-07,Center,m^2 s^-3,equal_mean_of_two_preceding_1800s_averages,25200,28800,27000.0;28800.0
28800,6.25,resolved_tke_shear_production,0.00031978890183381736,Center,m^2 s^-3,equal_mean_of_two_preceding_1800s_averages,25200,28800,27000.0;28800.0
28800,18.75,resolved_tke_shear_production,0.0018419848056510091,Center,m^2 s^-3,equal_mean_of_two_preceding_1800s_averages,25200,28800,27000.0;28800.0
28800,31.25,resolved_tke_shear_production,0.0028836204437538981,Center,m^2 s^-3,equal_mean_of_two_preceding_1800s_averages,25200,28800,27000.0;28800.0
28800,43.75,resolved_tke_shear_production,0.0024668379919603467,Center,m^2 s^-3,equal_mean_of_two_preceding_1800s_averages,25200,28800,27000.0;28800.0
28800,56.25,resolved_tke_shear_production,0.0019670208566822112,Center,m^2 s^-3,equal_mean_of_two_preceding_1800s_averages,25200,28800,27000.0;28800.0
28800,68.75,resolved_tke_shear_production,0.0015042855520732701,Center,m^2 s^-3,equal_mean_of_two_preceding_1800s_averages,25200,28800,27000.0;28800.0
28800,81.25,resolved_tke_shear_production,0.0011555664241313934,Center,m^2 s^-3,equal_mean_of_two_preceding_1800s_averages,25200,28800,27000.0;28800.0
28800,93.75,resolved_tke_shear_production,0.00091431755572557449,Center,m^2 s^-3,equal_mean_of_two_preceding_1800s_averages,25200,28800,27000.0;28800.0
28800,106.25,resolved_tke_shear_production,0.00073822689591906965,Center,m^2 s^-3,equal_mean_of_two_preceding_1800s_averages,25200,28800,27000.0;28800.0
28800,118.75,resolved_tke_shear_production,0.00064028208726085722,Center,m^2 s^-3,equal_mean_of_two_preceding_1800s_averages,25200,28800,27000.0;28800.0
28800,131.25,resolved_tke_shear_production,0.00055658914789091796,Center,m^2 s^-3,equal_mean_of_two_preceding_1800s_averages,25200,28800,27000.0;28800.0
28800,143.75,resolved_tke_shear_production,0.00044635173981077969,Center,m^2 s^-3,equal_mean_of_two_preceding_1800s_averages,25200,28800,27000.0;28800.0
28800,156.25,resolved_tke_shear_production,0.00033211451227543876,Center,m^2 s^-3,equal_mean_of_two_preceding_1800s_averages,25200,28800,27000.0;28800.0
28800,168.75,resolved_tke_shear_production,0.0002453419947414659,Center,m^2 s^-3,equal_mean_of_two_preceding_1800s_averages,25200,28800,27000.0;28800.0
28800,181.25,resolved_tke_shear_production,0.00017386775652994402,Center,m^2 s^-3,equal_mean_of_two_preceding_1800s_averages,25200,28800,27000.0;28800.0
28800,193.75,resolved_tke_shear_production,8.1090936873806641e-05,Center,m^2 s^-3,equal_mean_of_two_preceding_1800s_averages,25200,28800,27000.0;28800.0
28800,206.25,resolved_tke_shear_production,-3.518177663863753e-06,Center,m^2 s^-3,equal_mean_of_two_preceding_1800s_averages,25200,28800,27000.0;28800.0
28800,218.75,resolved_tke_shear_production,-3.0856453122396488e-05,Center,m^2 s^-3,equal_mean_of_two_preceding_1800s_averages,25200,28800,27000.0;28800.0
28800,231.25,resolved_tke_shear_production,-2.0483687876549084e-05,Center,m^2 s^-3,equal_mean_of_two_preceding_1800s_averages,25200,28800,27000.0;28800.0
28800,243.75,resolved_tke_shear_production,-9.1861484179389663e-06,Center,m^2 s^-3,equal_mean_of_two_preceding_1800s_averages,25200,28800,27000.0;28800.0
28800,256.25,resolved_tke_shear_production,-2.8081177561034565e-06,Center,m^2 s^-3,equal_mean_of_two_preceding_1800s_averages,25200,28800,27000.0;28800.0
28800,268.75,resolved_tke_shear_production,-3.7246155315528995e-07,Center,m^2 s^-3,equal_mean_of_two_preceding_1800s_averages,25200,28800,27000.0;28800.0
28800,281.25,resolved_tke_shear_production,2.6612189252261942e-07,Center,m^2 s^-3,equal_mean_of_two_preceding_1800s_averages,25200,28800,27000.0;28800.0
28800,293.75,resolved_tke_shear_production,5.0150961827810647e-08,Center,m^2 s^-3,equal_mean_of_two_preceding_1800s_averages,25200,28800,27000.0;28800.0
28800,306.25,resolved_tke_shear_production,-6.0653161426671431e-07,Center,m^2 s^-3,equal_mean_of_two_preceding_1800s_averages,25200,28800,27000.0;28800.0
28800,318.75,resolved_tke_shear_production,-8.5717809383822896e-07,Center,m^2 s^-3,equal_mean_of_two_preceding_1800s_averages,25200,28800,27000.0;28800.0
28800,331.25,resolved_tke_shear_production,-4.5860426212129823e-07,Center,m^2 s^-3,equal_mean_of_two_preceding_1800s_averages,25200,28800,27000.0;28800.0
28800,343.75,resolved_tke_shear_production,-2.7210266484445356e-08,Center,m^2 s^-3,equal_mean_of_two_preceding_1800s_averages,25200,28800,27000.0;28800.0
28800,356.25,resolved_tke_shear_production,2.1547680972844319e-07,Center,m^2 s^-3,equal_mean_of_two_preceding_1800s_averages,25200,28800,27000.0;28800.0
28800,368.75,resolved_tke_shear_production,2.431246457490488e-07,Center,m^2 s^-3,equal_mean_of_two_preceding_1800s_averages,25200,28800,27000.0;28800.0
28800,381.25,resolved_tke_shear_production,1.038620673909918e-07,Center,m^2 s^-3,equal_mean_of_two_preceding_1800s_averages,25200,28800,27000.0;28800.0
28800,393.75,resolved_tke_shear_production,1.7925987361167017e-08,Center,m^2 s^-3,equal_mean_of_two_preceding_1800s_averages,25200,28800,27000.0;28800.0
28800,6.25,resolved_tke_transport,0.00046927014773245901,Center,m^2 s^-3,equal_mean_of_two_preceding_1800s_averages,25200,28800,27000.0;28800.0
28800,18.75,resolved_tke_transport,0.00017940239195013419,Center,m^2 s^-3,equal_mean_of_two_preceding_1800s_averages,25200,28800,27000.0;28800.0
28800,31.25,resolved_tke_transport,-0.00047101199743337929,Center,m^2 s^-3,equal_mean_of_two_preceding_1800s_averages,25200,28800,27000.0;28800.0
28800,43.75,resolved_tke_transport,-0.00026524146232986823,Center,m^2 s^-3,equal_mean_of_two_preceding_1800s_averages,25200,28800,27000.0;28800.0
28800,56.25,resolved_tke_transport,-9.3917600679560564e-05,Center,m^2 s^-3,equal_mean_of_two_preceding_1800s_averages,25200,28800,27000.0;28800.0
28800,68.75,resolved_tke_transport,-4.3915899823332438e-05,Center,m^2 s^-3,equal_mean_of_two_preceding_1800s_averages,25200,28800,27000.0;28800.0
28800,81.25,resolved_tke_transport,2.9703787276957883e-05,Center,m^2 s^-3,equal_mean_of_two_preceding_1800s_averages,25200,28800,27000.0;28800.0
28800,93.75,resolved_tke_transport,7.442214155162219e-06,Center,m^2 s^-3,equal_mean_of_two_preceding_1800s_averages,25200,28800,27000.0;28800.0
28800,106.25,resolved_tke_transport,3.2385878512286581e-05,Center,m^2 s^-3,equal_mean_of_two_preceding_1800s_averages,25200,28800,27000.0;28800.0
28800,118.75,resolved_tke_transport,1.6974962363747181e-05,Center,m^2 s^-3,equal_mean_of_two_preceding_1800s_averages,25200,28800,27000.0;28800.0
28800,131.25,resolved_tke_transport,-2.7319734272168716e-05,Center,m^2 s^-3,equal_mean_of_two_preceding_1800s_averages,25200,28800,27000.0;28800.0
28800,143.75,resolved_tke_transport,-1.6657514947837626e-05,Center,m^2 s^-3,equal_mean_of_two_preceding_1800s_averages,25200,28800,27000.0;28800.0
28800,156.25,resolved_tke_transport,2.4969475020952814e-06,Center,m^2 s^-3,equal_mean_of_two_preceding_1800s_averages,25200,28800,27000.0;28800.0
28800,168.75,resolved_tke_transport,-3.0468499971902929e-05,Center,m^2 s^-3,equal_mean_of_two_preceding_1800s_averages,25200,28800,27000.0;28800.0
28800,181.25,resolved_tke_transport,1.7100422383009573e-05,Center,m^2 s^-3,equal_mean_of_two_preceding_1800s_averages,25200,28800,27000.0;28800.0
28800,193.75,resolved_tke_transport,3.9415420701516268e-05,Center,m^2 s^-3,equal_mean_of_two_preceding_1800s_averages,25200,28800,27000.0;28800.0
28800,206.25,resolved_tke_transport,6.3102756030275486e-05,Center,m^2 s^-3,equal_mean_of_two_preceding_1800s_averages,25200,28800,27000.0;28800.0
28800,218.75,resolved_tke_transport,3.2076980460260529e-05,Center,m^2 s^-3,equal_mean_of_two_preceding_1800s_averages,25200,28800,27000.0;28800.0
28800,231.25,resolved_tke_transport,1.793847513908986e-05,Center,m^2 s^-3,equal_mean_of_two_preceding_1800s_averages,25200,28800,27000.0;28800.0
28800,243.75,resolved_tke_transport,7.004959343248629e-06,Center,m^2 s^-3,equal_mean_of_two_preceding_1800s_averages,25200,28800,27000.0;28800.0
28800,256.25,resolved_tke_transport,-3.9197402657009661e-08,Center,m^2 s^-3,equal_mean_of_two_preceding_1800s_averages,25200,28800,27000.0;28800.0
28800,268.75,resolved_tke_transport,-2.2055648969399044e-06,Center,m^2 s^-3,equal_mean_of_two_preceding_1800s_averages,25200,28800,27000.0;28800.0
28800,281.25,resolved_tke_transport,-2.0810702494600264e-06,Center,m^2 s^-3,equal_mean_of_two_preceding_1800s_averages,25200,28800,27000.0;28800.0
28800,293.75,resolved_tke_transport,-1.3784112979919882e-06,Center,m^2 s^-3,equal_mean_of_two_preceding_1800s_averages,25200,28800,27000.0;28800.0
28800,306.25,resolved_tke_transport,1.7923506447914406e-06,Center,m^2 s^-3,equal_mean_of_two_preceding_1800s_averages,25200,28800,27000.0;28800.0
28800,318.75,resolved_tke_transport,5.8599584917828906e-06,Center,m^2 s^-3,equal_mean_of_two_preceding_1800s_averages,25200,28800,27000.0;28800.0
28800,331.25,resolved_tke_transport,7.7206434525578516e-06,Center,m^2 s^-3,equal_mean_of_two_preceding_1800s_averages,25200,28800,27000.0;28800.0
28800,343.75,resolved_tke_transport,8.8032290932460455e-06,Center,m^2 s^-3,equal_mean_of_two_preceding_1800s_averages,25200,28800,27000.0;28800.0
28800,356.25,resolved_tke_transport,8.2945250596822007e-06,Center,m^2 s^-3,equal_mean_of_two_preceding_1800s_averages,25200,28800,27000.0;28800.0
28800,368.75,resolved_tke_transport,6.128059112597839e-06,Center,m^2 s^-3,equal_mean_of_two_preceding_1800s_averages,25200,28800,27000.0;28800.0
28800,381.25,resolved_tke_transport,2.8499839572759811e-06,Center,m^2 s^-3,equal_mean_of_two_preceding_1800s_averages,25200,28800,27000.0;28800.0
28800,393.75,resolved_tke_transport,2.0068500816705637e-07,Center,m^2 s^-3,equal_mean_of_two_preceding_1800s_averages,25200,28800,27000.0;28800.0
28800,6.25,resolved_tke_turbulent_transport,0.00021481238945852965,Center,m^2 s^-3,equal_mean_of_two_preceding_1800s_averages,25200,28800,27000.0;28800.0
28800,18.75,resolved_tke_turbulent_transport,7.9577599535696208e-05,Center,m^2 s^-3,equal_mean_of_two_preceding_1800s_averages,25200,28800,27000.0;28800.0
28800,31.25,resolved_tke_turbulent_transport,-0.00038134204805828631,Center,m^2 s^-3,equal_mean_of_two_preceding_1800s_averages,25200,28800,27000.0;28800.0
28800,43.75,resolved_tke_turbulent_transport,-0.00028438160370569676,Center,m^2 s^-3,equal_mean_of_two_preceding_1800s_averages,25200,28800,27000.0;28800.0
28800,56.25,resolved_tke_turbulent_transport,-0.0001265730825252831,Center,m^2 s^-3,equal_mean_of_two_preceding_1800s_averages,25200,28800,27000.0;28800.0
28800,68.75,resolved_tke_turbulent_transport,1.4300603197625605e-05,Center,m^2 s^-3,equal_mean_of_two_preceding_1800s_averages,25200,28800,27000.0;28800.0
28800,81.25,resolved_tke_turbulent_transport,0.00010603126065689139,Center,m^2 s^-3,equal_mean_of_two_preceding_1800s_averages,25200,28800,27000.0;28800.0
28800,93.75,resolved_tke_turbulent_transport,0.00010121628110937309,Center,m^2 s^-3,equal_mean_of_two_preceding_1800s_averages,25200,28800,27000.0;28800.0
28800,106.25,resolved_tke_turbulent_transport,3.9011049011605792e-05,Center,m^2 s^-3,equal_mean_of_two_preceding_1800s_averages,25200,28800,27000.0;28800.0
28800,118.75,resolved_tke_turbulent_transport,-2.5469462343608029e-05,Center,m^2 s^-3,equal_mean_of_two_preceding_1800s_averages,25200,28800,27000.0;28800.0
28800,131.25,resolved_tke_turbulent_transport,2.8409699098119745e-05,Center,m^2 s^-3,equal_mean_of_two_preceding_1800s_averages,25200,28800,27000.0;28800.0
28800,143.75,resolved_tke_turbulent_transport,7.0370748289860785e-05,Center,m^2 s^-3,equal_mean_of_two_preceding_1800s_averages,25200,28800,27000.0;28800.0
28800,156.25,resolved_tke_turbulent_transport,5.2925810450688004e-05,Center,m^2 s^-3,equal_mean_of_two_preceding_1800s_averages,25200,28800,27000.0;28800.0
28800,168.75,resolved_tke_turbulent_transport,2.6373499622422969e-05,Center,m^2 s^-3,equal_mean_of_two_preceding_1800s_averages,25200,28800,27000.0;28800.0
28800,181.25,resolved_tke_turbulent_transport,2.3995054334591259e-05,Center,m^2 s^-3,equal_mean_of_two_preceding_1800s_averages,25200,28800,27000.0;28800.0
28800,193.75,resolved_tke_turbulent_transport,3.3726287654189946e-05,Center,m^2 s^-3,equal_mean_of_two_preceding_1800s_averages,25200,28800,27000.0;28800.0
28800,206.25,resolved_tke_turbulent_transport,2.8131660656072199e-05,Center,m^2 s^-3,equal_mean_of_two_preceding_1800s_averages,25200,28800,27000.0;28800.0
28800,218.75,resolved_tke_turbulent_transport,5.6236715408886084e-06,Center,m^2 s^-3,equal_mean_of_two_preceding_1800s_averages,25200,28800,27000.0;28800.0
28800,231.25,resolved_tke_turbulent_transport,-7.7095647554870084e-07,Center,m^2 s^-3,equal_mean_of_two_preceding_1800s_averages,25200,28800,27000.0;28800.0
28800,243.75,resolved_tke_turbulent_transport,-1.910744543920373e-06,Center,m^2 s^-3,equal_mean_of_two_preceding_1800s_averages,25200,28800,27000.0;28800.0
28800,256.25,resolved_tke_turbulent_transport,-1.1144787368522202e-06,Center,m^2 s^-3,equal_mean_of_two_preceding_1800s_averages,25200,28800,27000.0;28800.0
28800,268.75,resolved_tke_turbulent_transport,-2.3053189934785223e-07,Center,m^2 s^-3,equal_mean_of_two_preceding_1800s_averages,25200,28800,27000.0;28800.0
28800,281.25,resolved_tke_turbulent_transport,5.2776972303547609e-07,Center,m^2 s^-3,equal_mean_of_two_preceding_1800s_averages,25200,28800,27000.0;28800.0
28800,293.75,resolved_tke_turbulent_transport,5.9711453559430083e-07,Center,m^2 s^-3,equal_mean_of_two_preceding_1800s_averages,25200,28800,27000.0;28800.0
28800,306.25,resolved_tke_turbulent_transport,1.251724253137354e-07,Center,m^2 s^-3,equal_mean_of_two_preceding_1800s_averages,25200,28800,27000.0;28800.0
28800,318.75,resolved_tke_turbulent_transport,-3.4329461584547971e-07,Center,m^2 s^-3,equal_mean_of_two_preceding_1800s_averages,25200,28800,27000.0;28800.0
28800,331.25,resolved_tke_turbulent_transport,-3.8308112948470807e-07,Center,m^2 s^-3,equal_mean_of_two_preceding_1800s_averages,25200,28800,27000.0;28800.0
28800,343.75,resolved_tke_turbulent_transport,-1.344844164918868e-07,Center,m^2 s^-3,equal_mean_of_two_preceding_1800s_averages,25200,28800,27000.0;28800.0
28800,356.25,resolved_tke_turbulent_transport,1.8912366783752077e-08,Center,m^2 s^-3,equal_mean_of_two_preceding_1800s_averages,25200,28800,27000.0;28800.0
28800,368.75,resolved_tke_turbulent_transport,6.3732827015883231e-08,Center,m^2 s^-3,equal_mean_of_two_preceding_1800s_averages,25200,28800,27000.0;28800.0
28800,381.25,resolved_tke_turbulent_transport,4.0937517375994048e-08,Center,m^2 s^-3,equal_mean_of_two_preceding_1800s_averages,25200,28800,27000.0;28800.0
28800,393.75,resolved_tke_turbulent_transport,1.4759977684519754e-08,Center,m^2 s^-3,equal_mean_of_two_preceding_1800s_averages,25200,28800,27000.0;28800.0
28800,0,resolved_u_w_flux,0,Face,m^2 s^-2,equal_mean_of_two_preceding_1800s_averages,25200,28800,27000.0;28800.0
28800,12.5,resolved_u_w_flux,-0.0093823955394327641,Face,m^2 s^-2,equal_mean_of_two_preceding_1800s_averages,25200,28800,27000.0;28800.0
28800,25,resolved_u_w_flux,-0.0359298475086689,Face,m^2 s^-2,equal_mean_of_two_preceding_1800s_averages,25200,28800,27000.0;28800.0
28800,37.5,resolved_u_w_flux,-0.048142934218049049,Face,m^2 s^-2,equal_mean_of_two_preceding_1800s_averages,25200,28800,27000.0;28800.0
28800,50,resolved_u_w_flux,-0.047411976382136345,Face,m^2 s^-2,equal_mean_of_two_preceding_1800s_averages,25200,28800,27000.0;28800.0
28800,62.5,resolved_u_w_flux,-0.044009190052747726,Face,m^2 s^-2,equal_mean_of_two_preceding_1800s_averages,25200,28800,27000.0;28800.0
28800,75,resolved_u_w_flux,-0.039644906297326088,Face,m^2 s^-2,equal_mean_of_two_preceding_1800s_averages,25200,28800,27000.0;28800.0
28800,87.5,resolved_u_w_flux,-0.034305554814636707,Face,m^2 s^-2,equal_mean_of_two_preceding_1800s_averages,25200,28800,27000.0;28800.0
28800,100,resolved_u_w_flux,-0.030461984686553478,Face,m^2 s^-2,equal_mean_of_two_preceding_1800s_averages,25200,28800,27000.0;28800.0
28800,112.5,resolved_u_w_flux,-0.026083453558385372,Face,m^2 s^-2,equal_mean_of_two_preceding_1800s_averages,25200,28800,27000.0;28800.0
28800,125,resolved_u_w_flux,-0.021309805102646351,Face,m^2 s^-2,equal_mean_of_two_preceding_1800s_averages,25200,28800,27000.0;28800.0
28800,137.5,resolved_u_w_flux,-0.016746364068239927,Face,m^2 s^-2,equal_mean_of_two_preceding_1800s_averages,25200,28800,27000.0;28800.0
28800,150,resolved_u_w_flux,-0.012534475652500987,Face,m^2 s^-2,equal_mean_of_two_preceding_1800s_averages,25200,28800,27000.0;28800.0
28800,162.5,resolved_u_w_flux,-0.0087777918670326471,Face,m^2 s^-2,equal_mean_of_two_preceding_1800s_averages,25200,28800,27000.0;28800.0
28800,175,resolved_u_w_flux,-0.0055319869425147772,Face,m^2 s^-2,equal_mean_of_two_preceding_1800s_averages,25200,28800,27000.0;28800.0
28800,187.5,resolved_u_w_flux,-0.0031200525118038058,Face,m^2 s^-2,equal_mean_of_two_preceding_1800s_averages,25200,28800,27000.0;28800.0
28800,200,resolved_u_w_flux,-0.0019102791557088494,Face,m^2 s^-2,equal_mean_of_two_preceding_1800s_averages,25200,28800,27000.0;28800.0
28800,212.5,resolved_u_w_flux,-0.0013322620070539415,Face,m^2 s^-2,equal_mean_of_two_preceding_1800s_averages,25200,28800,27000.0;28800.0
28800,225,resolved_u_w_flux,-0.0012383373687043786,Face,m^2 s^-2,equal_mean_of_two_preceding_1800s_averages,25200,28800,27000.0;28800.0
28800,237.5,resolved_u_w_flux,-0.0011194469407200813,Face,m^2 s^-2,equal_mean_of_two_preceding_1800s_averages,25200,28800,27000.0;28800.0
28800,250,resolved_u_w_flux,-0.0010416184668429196,Face,m^2 s^-2,equal_mean_of_two_preceding_1800s_averages,25200,28800,27000.0;28800.0
28800,262.5,resolved_u_w_flux,-0.0010239785187877715,Face,m^2 s^-2,equal_mean_of_two_preceding_1800s_averages,25200,28800,27000.0;28800.0
28800,275,resolved_u_w_flux,-0.00099954954930581152,Face,m^2 s^-2,equal_mean_of_two_preceding_1800s_averages,25200,28800,27000.0;28800.0
28800,287.5,resolved_u_w_flux,-0.00097367563284933567,Face,m^2 s^-2,equal_mean_of_two_preceding_1800s_averages,25200,28800,27000.0;28800.0
28800,300,resolved_u_w_flux,-0.00096056293114088476,Face,m^2 s^-2,equal_mean_of_two_preceding_1800s_averages,25200,28800,27000.0;28800.0
28800,312.5,resolved_u_w_flux,-0.00093944024411030114,Face,m^2 s^-2,equal_mean_of_two_preceding_1800s_averages,25200,28800,27000.0;28800.0
28800,325,resolved_u_w_flux,-0.00086690217722207308,Face,m^2 s^-2,equal_mean_of_two_preceding_1800s_averages,25200,28800,27000.0;28800.0
28800,337.5,resolved_u_w_flux,-0.00073089145007543266,Face,m^2 s^-2,equal_mean_of_two_preceding_1800s_averages,25200,28800,27000.0;28800.0
28800,350,resolved_u_w_flux,-0.00054105304297991097,Face,m^2 s^-2,equal_mean_of_two_preceding_1800s_averages,25200,28800,27000.0;28800.0
28800,362.5,resolved_u_w_flux,-0.00031292204221244901,Face,m^2 s^-2,equal_mean_of_two_preceding_1800s_averages,25200,28800,27000.0;28800.0
28800,375,resolved_u_w_flux,-0.00011716379231074825,Face,m^2 s^-2,equal_mean_of_two_preceding_1800s_averages,25200,28800,27000.0;28800.0
28800,387.5,resolved_u_w_flux,-2.1416301024146378e-05,Face,m^2 s^-2,equal_mean_of_two_preceding_1800s_averages,25200,28800,27000.0;28800.0
28800,400,resolved_u_w_flux,0,Face,m^2 s^-2,equal_mean_of_two_preceding_1800s_averages,25200,28800,27000.0;28800.0
28800,0,resolved_v_w_flux,0,Face,m^2 s^-2,equal_mean_of_two_preceding_1800s_averages,25200,28800,27000.0;28800.0
28800,12.5,resolved_v_w_flux,-0.0046886587515473366,Face,m^2 s^-2,equal_mean_of_two_preceding_1800s_averages,25200,28800,27000.0;28800.0
28800,25,resolved_v_w_flux,-0.016201181337237358,Face,m^2 s^-2,equal_mean_of_two_preceding_1800s_averages,25200,28800,27000.0;28800.0
28800,37.5,resolved_v_w_flux,-0.01829568762332201,Face,m^2 s^-2,equal_mean_of_two_preceding_1800s_averages,25200,28800,27000.0;28800.0
28800,50,resolved_v_w_flux,-0.013962695840746164,Face,m^2 s^-2,equal_mean_of_two_preceding_1800s_averages,25200,28800,27000.0;28800.0
28800,62.5,resolved_v_w_flux,-0.010499870870262384,Face,m^2 s^-2,equal_mean_of_two_preceding_1800s_averages,25200,28800,27000.0;28800.0
28800,75,resolved_v_w_flux,-0.0072724816855043173,Face,m^2 s^-2,equal_mean_of_two_preceding_1800s_averages,25200,28800,27000.0;28800.0
28800,87.5,resolved_v_w_flux,-0.0044429823756217957,Face,m^2 s^-2,equal_mean_of_two_preceding_1800s_averages,25200,28800,27000.0;28800.0
28800,100,resolved_v_w_flux,-0.0018728888244368136,Face,m^2 s^-2,equal_mean_of_two_preceding_1800s_averages,25200,28800,27000.0;28800.0
28800,112.5,resolved_v_w_flux,0.0001682128022366669,Face,m^2 s^-2,equal_mean_of_two_preceding_1800s_averages,25200,28800,27000.0;28800.0
28800,125,resolved_v_w_flux,0.0017675049602985382,Face,m^2 s^-2,equal_mean_of_two_preceding_1800s_averages,25200,28800,27000.0;28800.0
28800,137.5,resolved_v_w_flux,0.0034238464431837201,Face,m^2 s^-2,equal_mean_of_two_preceding_1800s_averages,25200,28800,27000.0;28800.0
28800,150,resolved_v_w_flux,0.0036109729553572834,Face,m^2 s^-2,equal_mean_of_two_preceding_1800s_averages,25200,28800,27000.0;28800.0
28800,162.5,resolved_v_w_flux,0.0039149017538875341,Face,m^2 s^-2,equal_mean_of_two_preceding_1800s_averages,25200,28800,27000.0;28800.0
28800,175,resolved_v_w_flux,0.0036054503871127963,Face,m^2 s^-2,equal_mean_of_two_preceding_1800s_averages,25200,28800,27000.0;28800.0
28800,187.5,resolved_v_w_flux,0.0025212920154444873,Face,m^2 s^-2,equal_mean_of_two_preceding_1800s_averages,25200,28800,27000.0;28800.0
28800,200,resolved_v_w_flux,0.00089923894847743213,Face,m^2 s^-2,equal_mean_of_two_preceding_1800s_averages,25200,28800,27000.0;28800.0
28800,212.5,resolved_v_w_flux,-0.00020346001838333905,Face,m^2 s^-2,equal_mean_of_two_preceding_1800s_averages,25200,28800,27000.0;28800.0
28800,225,resolved_v_w_flux,-0.00015347620137617923,Face,m^2 s^-2,equal_mean_of_two_preceding_1800s_averages,25200,28800,27000.0;28800.0
28800,237.5,resolved_v_w_flux,-4.3020827433792874e-06,Face,m^2 s^-2,equal_mean_of_two_preceding_1800s_averages,25200,28800,27000.0;28800.0
28800,250,resolved_v_w_flux,5.6967510317917913e-05,Face,m^2 s^-2,equal_mean_of_two_preceding_1800s_averages,25200,28800,27000.0;28800.0
28800,262.5,resolved_v_w_flux,7.8114284406183288e-05,Face,m^2 s^-2,equal_mean_of_two_preceding_1800s_averages,25200,28800,27000.0;28800.0
28800,275,resolved_v_w_flux,8.2524838944664225e-05,Face,m^2 s^-2,equal_mean_of_two_preceding_1800s_averages,25200,28800,27000.0;28800.0
28800,287.5,resolved_v_w_flux,7.303395432245452e-05,Face,m^2 s^-2,equal_mean_of_two_preceding_1800s_averages,25200,28800,27000.0;28800.0
28800,300,resolved_v_w_flux,6.4999161622836255e-05,Face,m^2 s^-2,equal_mean_of_two_preceding_1800s_averages,25200,28800,27000.0;28800.0
28800,312.5,resolved_v_w_flux,6.4374675275757909e-05,Face,m^2 s^-2,equal_mean_of_two_preceding_1800s_averages,25200,28800,27000.0;28800.0
28800,325,resolved_v_w_flux,6.5905769588425756e-05,Face,m^2 s^-2,equal_mean_of_two_preceding_1800s_averages,25200,28800,27000.0;28800.0
28800,337.5,resolved_v_w_flux,5.7749641200643964e-05,Face,m^2 s^-2,equal_mean_of_two_preceding_1800s_averages,25200,28800,27000.0;28800.0
28800,350,resolved_v_w_flux,3.5228069464210421e-05,Face,m^2 s^-2,equal_mean_of_two_preceding_1800s_averages,25200,28800,27000.0;28800.0
28800,362.5,resolved_v_w_flux,2.1717609342886135e-05,Face,m^2 s^-2,equal_mean_of_two_preceding_1800s_averages,25200,28800,27000.0;28800.0
28800,375,resolved_v_w_flux,1.6988866264000535e-05,Face,m^2 s^-2,equal_mean_of_two_preceding_1800s_averages,25200,28800,27000.0;28800.0
28800,387.5,resolved_v_w_flux,8.6562049546046183e-06,Face,m^2 s^-2,equal_mean_of_two_preceding_1800s_averages,25200,28800,27000.0;28800.0
28800,400,resolved_v_w_flux,0,Face,m^2 s^-2,equal_mean_of_two_preceding_1800s_averages,25200,28800,27000.0;28800.0
28800,0,resolved_w_theta_flux,0,Face,K m s^-1,equal_mean_of_two_preceding_1800s_averages,25200,28800,27000.0;28800.0
28800,12.5,resolved_w_theta_flux,-0.0025297983083873987,Face,K m s^-1,equal_mean_of_two_preceding_1800s_averages,25200,28800,27000.0;28800.0
28800,25,resolved_w_theta_flux,-0.0072981859557330608,Face,K m s^-1,equal_mean_of_two_preceding_1800s_averages,25200,28800,27000.0;28800.0
28800,37.5,resolved_w_theta_flux,-0.0077833603136241436,Face,K m s^-1,equal_mean_of_two_preceding_1800s_averages,25200,28800,27000.0;28800.0
28800,50,resolved_w_theta_flux,-0.0075154479127377272,Face,K m s^-1,equal_mean_of_two_preceding_1800s_averages,25200,28800,27000.0;28800.0
28800,62.5,resolved_w_theta_flux,-0.0071277623064815998,Face,K m s^-1,equal_mean_of_two_preceding_1800s_averages,25200,28800,27000.0;28800.0
28800,75,resolved_w_theta_flux,-0.0065677538514137268,Face,K m s^-1,equal_mean_of_two_preceding_1800s_averages,25200,28800,27000.0;28800.0
28800,87.5,resolved_w_theta_flux,-0.0058260413352400064,Face,K m s^-1,equal_mean_of_two_preceding_1800s_averages,25200,28800,27000.0;28800.0
28800,100,resolved_w_theta_flux,-0.0051832932513207197,Face,K m s^-1,equal_mean_of_two_preceding_1800s_averages,25200,28800,27000.0;28800.0
28800,112.5,resolved_w_theta_flux,-0.0045531736686825752,Face,K m s^-1,equal_mean_of_two_preceding_1800s_averages,25200,28800,27000.0;28800.0
28800,125,resolved_w_theta_flux,-0.0039599284064024687,Face,K m s^-1,equal_mean_of_two_preceding_1800s_averages,25200,28800,27000.0;28800.0
28800,137.5,resolved_w_theta_flux,-0.0034182423260062933,Face,K m s^-1,equal_mean_of_two_preceding_1800s_averages,25200,28800,27000.0;28800.0
28800,150,resolved_w_theta_flux,-0.0028422090108506382,Face,K m s^-1,equal_mean_of_two_preceding_1800s_averages,25200,28800,27000.0;28800.0
28800,162.5,resolved_w_theta_flux,-0.002331000694539398,Face,K m s^-1,equal_mean_of_two_preceding_1800s_averages,25200,28800,27000.0;28800.0
28800,175,resolved_w_theta_flux,-0.0019621909596025944,Face,K m s^-1,equal_mean_of_two_preceding_1800s_averages,25200,28800,27000.0;28800.0
28800,187.5,resolved_w_theta_flux,-0.0016557126655243337,Face,K m s^-1,equal_mean_of_two_preceding_1800s_averages,25200,28800,27000.0;28800.0
28800,200,resolved_w_theta_flux,-0.001028544909786433,Face,K m s^-1,equal_mean_of_two_preceding_1800s_averages,25200,28800,27000.0;28800.0
28800,212.5,resolved_w_theta_flux,-0.00020762603526236489,Face,K m s^-1,equal_mean_of_two_preceding_1800s_averages,25200,28800,27000.0;28800.0
28800,225,resolved_w_theta_flux,7.3540693847462535e-05,Face,K m s^-1,equal_mean_of_two_preceding_1800s_averages,25200,28800,27000.0;28800.0
28800,237.5,resolved_w_theta_flux,7.432474012603052e-05,Face,K m s^-1,equal_mean_of_two_preceding_1800s_averages,25200,28800,27000.0;28800.0
28800,250,resolved_w_theta_flux,8.5181265603750944e-05,Face,K m s^-1,equal_mean_of_two_preceding_1800s_averages,25200,28800,27000.0;28800.0
28800,262.5,resolved_w_theta_flux,4.7819837163842749e-05,Face,K m s^-1,equal_mean_of_two_preceding_1800s_averages,25200,28800,27000.0;28800.0
28800,275,resolved_w_theta_flux,1.2987056834390387e-05,Face,K m s^-1,equal_mean_of_two_preceding_1800s_averages,25200,28800,27000.0;28800.0
28800,287.5,resolved_w_theta_flux,-1.9210515347367618e-06,Face,K m s^-1,equal_mean_of_two_preceding_1800s_averages,25200,28800,27000.0;28800.0
28800,300,resolved_w_theta_flux,5.4066358643467538e-06,Face,K m s^-1,equal_mean_of_two_preceding_1800s_averages,25200,28800,27000.0;28800.0
28800,312.5,resolved_w_theta_flux,2.159067003049131e-05,Face,K m s^-1,equal_mean_of_two_preceding_1800s_averages,25200,28800,27000.0;28800.0
28800,325,resolved_w_theta_flux,2.1069941794849001e-05,Face,K m s^-1,equal_mean_of_two_preceding_1800s_averages,25200,28800,27000.0;28800.0
28800,337.5,resolved_w_theta_flux,1.0688053862395464e-05,Face,K m s^-1,equal_mean_of_two_preceding_1800s_averages,25200,28800,27000.0;28800.0
28800,350,resolved_w_theta_flux,2.3058400984155014e-06,Face,K m s^-1,equal_mean_of_two_preceding_1800s_averages,25200,28800,27000.0;28800.0
28800,362.5,resolved_w_theta_flux,2.6233965400024317e-06,Face,K m s^-1,equal_mean_of_two_preceding_1800s_averages,25200,28800,27000.0;28800.0
28800,375,resolved_w_theta_flux,2.6812272153620142e-06,Face,K m s^-1,equal_mean_of_two_preceding_1800s_averages,25200,28800,27000.0;28800.0
28800,387.5,resolved_w_theta_flux,-1.1856025139422854e-07,Face,K m s^-1,equal_mean_of_two_preceding_1800s_averages,25200,28800,27000.0;28800.0
28800,400,resolved_w_theta_flux,0,Face,K m s^-1,equal_mean_of_two_preceding_1800s_averages,25200,28800,27000.0;28800.0
28800,0,sgs_buoyancy_flux,0,Face,m^2 s^-3,equal_mean_of_two_preceding_1800s_averages,25200,28800,27000.0;28800.0
28800,12.5,sgs_buoyancy_flux,-0.00032190659840125591,Face,m^2 s^-3,equal_mean_of_two_preceding_1800s_averages,25200,28800,27000.0;28800.0
28800,25,sgs_buoyancy_flux,0,Face,m^2 s^-3,equal_mean_of_two_preceding_1800s_averages,25200,28800,27000.0;28800.0
28800,37.5,sgs_buoyancy_flux,0,Face,m^2 s^-3,equal_mean_of_two_preceding_1800s_averages,25200,28800,27000.0;28800.0
28800,50,sgs_buoyancy_flux,0,Face,m^2 s^-3,equal_mean_of_two_preceding_1800s_averages,25200,28800,27000.0;28800.0
28800,62.5,sgs_buoyancy_flux,0,Face,m^2 s^-3,equal_mean_of_two_preceding_1800s_averages,25200,28800,27000.0;28800.0
28800,75,sgs_buoyancy_flux,0,Face,m^2 s^-3,equal_mean_of_two_preceding_1800s_averages,25200,28800,27000.0;28800.0
28800,87.5,sgs_buoyancy_flux,0,Face,m^2 s^-3,equal_mean_of_two_preceding_1800s_averages,25200,28800,27000.0;28800.0
28800,100,sgs_buoyancy_flux,0,Face,m^2 s^-3,equal_mean_of_two_preceding_1800s_averages,25200,28800,27000.0;28800.0
28800,112.5,sgs_buoyancy_flux,0,Face,m^2 s^-3,equal_mean_of_two_preceding_1800s_averages,25200,28800,27000.0;28800.0
28800,125,sgs_buoyancy_flux,0,Face,m^2 s^-3,equal_mean_of_two_preceding_1800s_averages,25200,28800,27000.0;28800.0
28800,137.5,sgs_buoyancy_flux,0,Face,m^2 s^-3,equal_mean_of_two_preceding_1800s_averages,25200,28800,27000.0;28800.0
28800,150,sgs_buoyancy_flux,0,Face,m^2 s^-3,equal_mean_of_two_preceding_1800s_averages,25200,28800,27000.0;28800.0
28800,162.5,sgs_buoyancy_flux,0,Face,m^2 s^-3,equal_mean_of_two_preceding_1800s_averages,25200,28800,27000.0;28800.0
28800,175,sgs_buoyancy_flux,0,Face,m^2 s^-3,equal_mean_of_two_preceding_1800s_averages,25200,28800,27000.0;28800.0
28800,187.5,sgs_buoyancy_flux,0,Face,m^2 s^-3,equal_mean_of_two_preceding_1800s_averages,25200,28800,27000.0;28800.0
28800,200,sgs_buoyancy_flux,0,Face,m^2 s^-3,equal_mean_of_two_preceding_1800s_averages,25200,28800,27000.0;28800.0
28800,212.5,sgs_buoyancy_flux,0,Face,m^2 s^-3,equal_mean_of_two_preceding_1800s_averages,25200,28800,27000.0;28800.0
28800,225,sgs_buoyancy_flux,0,Face,m^2 s^-3,equal_mean_of_two_preceding_1800s_averages,25200,28800,27000.0;28800.0
28800,237.5,sgs_buoyancy_flux,0,Face,m^2 s^-3,equal_mean_of_two_preceding_1800s_averages,25200,28800,27000.0;28800.0
28800,250,sgs_buoyancy_flux,0,Face,m^2 s^-3,equal_mean_of_two_preceding_1800s_averages,25200,28800,27000.0;28800.0
28800,262.5,sgs_buoyancy_flux,0,Face,m^2 s^-3,equal_mean_of_two_preceding_1800s_averages,25200,28800,27000.0;28800.0
28800,275,sgs_buoyancy_flux,0,Face,m^2 s^-3,equal_mean_of_two_preceding_1800s_averages,25200,28800,27000.0;28800.0
28800,287.5,sgs_buoyancy_flux,0,Face,m^2 s^-3,equal_mean_of_two_preceding_1800s_averages,25200,28800,27000.0;28800.0
28800,300,sgs_buoyancy_flux,0,Face,m^2 s^-3,equal_mean_of_two_preceding_1800s_averages,25200,28800,27000.0;28800.0
28800,312.5,sgs_buoyancy_flux,0,Face,m^2 s^-3,equal_mean_of_two_preceding_1800s_averages,25200,28800,27000.0;28800.0
28800,325,sgs_buoyancy_flux,0,Face,m^2 s^-3,equal_mean_of_two_preceding_1800s_averages,25200,28800,27000.0;28800.0
28800,337.5,sgs_buoyancy_flux,0,Face,m^2 s^-3,equal_mean_of_two_preceding_1800s_averages,25200,28800,27000.0;28800.0
28800,350,sgs_buoyancy_flux,0,Face,m^2 s^-3,equal_mean_of_two_preceding_1800s_averages,25200,28800,27000.0;28800.0
28800,362.5,sgs_buoyancy_flux,0,Face,m^2 s^-3,equal_mean_of_two_preceding_1800s_averages,25200,28800,27000.0;28800.0
28800,375,sgs_buoyancy_flux,0,Face,m^2 s^-3,equal_mean_of_two_preceding_1800s_averages,25200,28800,27000.0;28800.0
28800,387.5,sgs_buoyancy_flux,0,Face,m^2 s^-3,equal_mean_of_two_preceding_1800s_averages,25200,28800,27000.0;28800.0
28800,400,sgs_buoyancy_flux,0,Face,m^2 s^-3,equal_mean_of_two_preceding_1800s_averages,25200,28800,27000.0;28800.0
28800,6.25,sgs_tke_buoyancy_production,-0.00016095329920062795,Center,m^2 s^-3,equal_mean_of_two_preceding_1800s_averages,25200,28800,27000.0;28800.0
28800,18.75,sgs_tke_buoyancy_production,-0.00016095329920062795,Center,m^2 s^-3,equal_mean_of_two_preceding_1800s_averages,25200,28800,27000.0;28800.0
28800,31.25,sgs_tke_buoyancy_production,0,Center,m^2 s^-3,equal_mean_of_two_preceding_1800s_averages,25200,28800,27000.0;28800.0
28800,43.75,sgs_tke_buoyancy_production,0,Center,m^2 s^-3,equal_mean_of_two_preceding_1800s_averages,25200,28800,27000.0;28800.0
28800,56.25,sgs_tke_buoyancy_production,0,Center,m^2 s^-3,equal_mean_of_two_preceding_1800s_averages,25200,28800,27000.0;28800.0
28800,68.75,sgs_tke_buoyancy_production,0,Center,m^2 s^-3,equal_mean_of_two_preceding_1800s_averages,25200,28800,27000.0;28800.0
28800,81.25,sgs_tke_buoyancy_production,0,Center,m^2 s^-3,equal_mean_of_two_preceding_1800s_averages,25200,28800,27000.0;28800.0
28800,93.75,sgs_tke_buoyancy_production,0,Center,m^2 s^-3,equal_mean_of_two_preceding_1800s_averages,25200,28800,27000.0;28800.0
28800,106.25,sgs_tke_buoyancy_production,0,Center,m^2 s^-3,equal_mean_of_two_preceding_1800s_averages,25200,28800,27000.0;28800.0
28800,118.75,sgs_tke_buoyancy_production,0,Center,m^2 s^-3,equal_mean_of_two_preceding_1800s_averages,25200,28800,27000.0;28800.0
28800,131.25,sgs_tke_buoyancy_production,0,Center,m^2 s^-3,equal_mean_of_two_preceding_1800s_averages,25200,28800,27000.0;28800.0
28800,143.75,sgs_tke_buoyancy_production,0,Center,m^2 s^-3,equal_mean_of_two_preceding_1800s_averages,25200,28800,27000.0;28800.0
28800,156.25,sgs_tke_buoyancy_production,0,Center,m^2 s^-3,equal_mean_of_two_preceding_1800s_averages,25200,28800,27000.0;28800.0
28800,168.75,sgs_tke_buoyancy_production,0,Center,m^2 s^-3,equal_mean_of_two_preceding_1800s_averages,25200,28800,27000.0;28800.0
28800,181.25,sgs_tke_buoyancy_production,0,Center,m^2 s^-3,equal_mean_of_two_preceding_1800s_averages,25200,28800,27000.0;28800.0
28800,193.75,sgs_tke_buoyancy_production,0,Center,m^2 s^-3,equal_mean_of_two_preceding_1800s_averages,25200,28800,27000.0;28800.0
28800,206.25,sgs_tke_buoyancy_production,0,Center,m^2 s^-3,equal_mean_of_two_preceding_1800s_averages,25200,28800,27000.0;28800.0
28800,218.75,sgs_tke_buoyancy_production,0,Center,m^2 s^-3,equal_mean_of_two_preceding_1800s_averages,25200,28800,27000.0;28800.0
28800,231.25,sgs_tke_buoyancy_production,0,Center,m^2 s^-3,equal_mean_of_two_preceding_1800s_averages,25200,28800,27000.0;28800.0
28800,243.75,sgs_tke_buoyancy_production,0,Center,m^2 s^-3,equal_mean_of_two_preceding_1800s_averages,25200,28800,27000.0;28800.0
28800,256.25,sgs_tke_buoyancy_production,0,Center,m^2 s^-3,equal_mean_of_two_preceding_1800s_averages,25200,28800,27000.0;28800.0
28800,268.75,sgs_tke_buoyancy_production,0,Center,m^2 s^-3,equal_mean_of_two_preceding_1800s_averages,25200,28800,27000.0;28800.0
28800,281.25,sgs_tke_buoyancy_production,0,Center,m^2 s^-3,equal_mean_of_two_preceding_1800s_averages,25200,28800,27000.0;28800.0
28800,293.75,sgs_tke_buoyancy_production,0,Center,m^2 s^-3,equal_mean_of_two_preceding_1800s_averages,25200,28800,27000.0;28800.0
28800,306.25,sgs_tke_buoyancy_production,0,Center,m^2 s^-3,equal_mean_of_two_preceding_1800s_averages,25200,28800,27000.0;28800.0
28800,318.75,sgs_tke_buoyancy_production,0,Center,m^2 s^-3,equal_mean_of_two_preceding_1800s_averages,25200,28800,27000.0;28800.0
28800,331.25,sgs_tke_buoyancy_production,0,Center,m^2 s^-3,equal_mean_of_two_preceding_1800s_averages,25200,28800,27000.0;28800.0
28800,343.75,sgs_tke_buoyancy_production,0,Center,m^2 s^-3,equal_mean_of_two_preceding_1800s_averages,25200,28800,27000.0;28800.0
28800,356.25,sgs_tke_buoyancy_production,0,Center,m^2 s^-3,equal_mean_of_two_preceding_1800s_averages,25200,28800,27000.0;28800.0
28800,368.75,sgs_tke_buoyancy_production,0,Center,m^2 s^-3,equal_mean_of_two_preceding_1800s_averages,25200,28800,27000.0;28800.0
28800,381.25,sgs_tke_buoyancy_production,0,Center,m^2 s^-3,equal_mean_of_two_preceding_1800s_averages,25200,28800,27000.0;28800.0
28800,393.75,sgs_tke_buoyancy_production,0,Center,m^2 s^-3,equal_mean_of_two_preceding_1800s_averages,25200,28800,27000.0;28800.0
28800,6.25,sgs_tke_shear_production,0.002036864054389298,Center,m^2 s^-3,equal_mean_of_two_preceding_1800s_averages,25200,28800,27000.0;28800.0
28800,18.75,sgs_tke_shear_production,0.002036864054389298,Center,m^2 s^-3,equal_mean_of_two_preceding_1800s_averages,25200,28800,27000.0;28800.0
28800,31.25,sgs_tke_shear_production,0,Center,m^2 s^-3,equal_mean_of_two_preceding_1800s_averages,25200,28800,27000.0;28800.0
28800,43.75,sgs_tke_shear_production,0,Center,m^2 s^-3,equal_mean_of_two_preceding_1800s_averages,25200,28800,27000.0;28800.0
28800,56.25,sgs_tke_shear_production,0,Center,m^2 s^-3,equal_mean_of_two_preceding_1800s_averages,25200,28800,27000.0;28800.0
28800,68.75,sgs_tke_shear_production,0,Center,m^2 s^-3,equal_mean_of_two_preceding_1800s_averages,25200,28800,27000.0;28800.0
28800,81.25,sgs_tke_shear_production,0,Center,m^2 s^-3,equal_mean_of_two_preceding_1800s_averages,25200,28800,27000.0;28800.0
28800,93.75,sgs_tke_shear_production,0,Center,m^2 s^-3,equal_mean_of_two_preceding_1800s_averages,25200,28800,27000.0;28800.0
28800,106.25,sgs_tke_shear_production,0,Center,m^2 s^-3,equal_mean_of_two_preceding_1800s_averages,25200,28800,27000.0;28800.0
28800,118.75,sgs_tke_shear_production,0,Center,m^2 s^-3,equal_mean_of_two_preceding_1800s_averages,25200,28800,27000.0;28800.0
28800,131.25,sgs_tke_shear_production,0,Center,m^2 s^-3,equal_mean_of_two_preceding_1800s_averages,25200,28800,27000.0;28800.0
28800,143.75,sgs_tke_shear_production,0,Center,m^2 s^-3,equal_mean_of_two_preceding_1800s_averages,25200,28800,27000.0;28800.0
28800,156.25,sgs_tke_shear_production,0,Center,m^2 s^-3,equal_mean_of_two_preceding_1800s_averages,25200,28800,27000.0;28800.0
28800,168.75,sgs_tke_shear_production,0,Center,m^2 s^-3,equal_mean_of_two_preceding_1800s_averages,25200,28800,27000.0;28800.0
28800,181.25,sgs_tke_shear_production,0,Center,m^2 s^-3,equal_mean_of_two_preceding_1800s_averages,25200,28800,27000.0;28800.0
28800,193.75,sgs_tke_shear_production,0,Center,m^2 s^-3,equal_mean_of_two_preceding_1800s_averages,25200,28800,27000.0;28800.0
28800,206.25,sgs_tke_shear_production,0,Center,m^2 s^-3,equal_mean_of_two_preceding_1800s_averages,25200,28800,27000.0;28800.0
28800,218.75,sgs_tke_shear_production,0,Center,m^2 s^-3,equal_mean_of_two_preceding_1800s_averages,25200,28800,27000.0;28800.0
28800,231.25,sgs_tke_shear_production,0,Center,m^2 s^-3,equal_mean_of_two_preceding_1800s_averages,25200,28800,27000.0;28800.0
28800,243.75,sgs_tke_shear_production,0,Center,m^2 s^-3,equal_mean_of_two_preceding_1800s_averages,25200,28800,27000.0;28800.0
28800,256.25,sgs_tke_shear_production,0,Center,m^2 s^-3,equal_mean_of_two_preceding_1800s_averages,25200,28800,27000.0;28800.0
28800,268.75,sgs_tke_shear_production,0,Center,m^2 s^-3,equal_mean_of_two_preceding_1800s_averages,25200,28800,27000.0;28800.0
28800,281.25,sgs_tke_shear_production,0,Center,m^2 s^-3,equal_mean_of_two_preceding_1800s_averages,25200,28800,27000.0;28800.0
28800,293.75,sgs_tke_shear_production,0,Center,m^2 s^-3,equal_mean_of_two_preceding_1800s_averages,25200,28800,27000.0;28800.0
28800,306.25,sgs_tke_shear_production,0,Center,m^2 s^-3,equal_mean_of_two_preceding_1800s_averages,25200,28800,27000.0;28800.0
28800,318.75,sgs_tke_shear_production,0,Center,m^2 s^-3,equal_mean_of_two_preceding_1800s_averages,25200,28800,27000.0;28800.0
28800,331.25,sgs_tke_shear_production,0,Center,m^2 s^-3,equal_mean_of_two_preceding_1800s_averages,25200,28800,27000.0;28800.0
28800,343.75,sgs_tke_shear_production,0,Center,m^2 s^-3,equal_mean_of_two_preceding_1800s_averages,25200,28800,27000.0;28800.0
28800,356.25,sgs_tke_shear_production,0,Center,m^2 s^-3,equal_mean_of_two_preceding_1800s_averages,25200,28800,27000.0;28800.0
28800,368.75,sgs_tke_shear_production,0,Center,m^2 s^-3,equal_mean_of_two_preceding_1800s_averages,25200,28800,27000.0;28800.0
28800,381.25,sgs_tke_shear_production,0,Center,m^2 s^-3,equal_mean_of_two_preceding_1800s_averages,25200,28800,27000.0;28800.0
28800,393.75,sgs_tke_shear_production,0,Center,m^2 s^-3,equal_mean_of_two_preceding_1800s_averages,25200,28800,27000.0;28800.0
28800,0,sgs_u_w_flux,0,Face,m^2 s^-2,equal_mean_of_two_preceding_1800s_averages,25200,28800,27000.0;28800.0
28800,12.5,sgs_u_w_flux,-0.058046579360961914,Face,m^2 s^-2,equal_mean_of_two_preceding_1800s_averages,25200,28800,27000.0;28800.0
28800,25,sgs_u_w_flux,0,Face,m^2 s^-2,equal_mean_of_two_preceding_1800s_averages,25200,28800,27000.0;28800.0
28800,37.5,sgs_u_w_flux,0,Face,m^2 s^-2,equal_mean_of_two_preceding_1800s_averages,25200,28800,27000.0;28800.0
28800,50,sgs_u_w_flux,0,Face,m^2 s^-2,equal_mean_of_two_preceding_1800s_averages,25200,28800,27000.0;28800.0
28800,62.5,sgs_u_w_flux,0,Face,m^2 s^-2,equal_mean_of_two_preceding_1800s_averages,25200,28800,27000.0;28800.0
28800,75,sgs_u_w_flux,0,Face,m^2 s^-2,equal_mean_of_two_preceding_1800s_averages,25200,28800,27000.0;28800.0
28800,87.5,sgs_u_w_flux,0,Face,m^2 s^-2,equal_mean_of_two_preceding_1800s_averages,25200,28800,27000.0;28800.0
28800,100,sgs_u_w_flux,0,Face,m^2 s^-2,equal_mean_of_two_preceding_1800s_averages,25200,28800,27000.0;28800.0
28800,112.5,sgs_u_w_flux,0,Face,m^2 s^-2,equal_mean_of_two_preceding_1800s_averages,25200,28800,27000.0;28800.0
28800,125,sgs_u_w_flux,0,Face,m^2 s^-2,equal_mean_of_two_preceding_1800s_averages,25200,28800,27000.0;28800.0
28800,137.5,sgs_u_w_flux,0,Face,m^2 s^-2,equal_mean_of_two_preceding_1800s_averages,25200,28800,27000.0;28800.0
28800,150,sgs_u_w_flux,0,Face,m^2 s^-2,equal_mean_of_two_preceding_1800s_averages,25200,28800,27000.0;28800.0
28800,162.5,sgs_u_w_flux,0,Face,m^2 s^-2,equal_mean_of_two_preceding_1800s_averages,25200,28800,27000.0;28800.0
28800,175,sgs_u_w_flux,0,Face,m^2 s^-2,equal_mean_of_two_preceding_1800s_averages,25200,28800,27000.0;28800.0
28800,187.5,sgs_u_w_flux,0,Face,m^2 s^-2,equal_mean_of_two_preceding_1800s_averages,25200,28800,27000.0;28800.0
28800,200,sgs_u_w_flux,0,Face,m^2 s^-2,equal_mean_of_two_preceding_1800s_averages,25200,28800,27000.0;28800.0
28800,212.5,sgs_u_w_flux,0,Face,m^2 s^-2,equal_mean_of_two_preceding_1800s_averages,25200,28800,27000.0;28800.0
28800,225,sgs_u_w_flux,0,Face,m^2 s^-2,equal_mean_of_two_preceding_1800s_averages,25200,28800,27000.0;28800.0
28800,237.5,sgs_u_w_flux,0,Face,m^2 s^-2,equal_mean_of_two_preceding_1800s_averages,25200,28800,27000.0;28800.0
28800,250,sgs_u_w_flux,0,Face,m^2 s^-2,equal_mean_of_two_preceding_1800s_averages,25200,28800,27000.0;28800.0
28800,262.5,sgs_u_w_flux,0,Face,m^2 s^-2,equal_mean_of_two_preceding_1800s_averages,25200,28800,27000.0;28800.0
28800,275,sgs_u_w_flux,0,Face,m^2 s^-2,equal_mean_of_two_preceding_1800s_averages,25200,28800,27000.0;28800.0
28800,287.5,sgs_u_w_flux,0,Face,m^2 s^-2,equal_mean_of_two_preceding_1800s_averages,25200,28800,27000.0;28800.0
28800,300,sgs_u_w_flux,0,Face,m^2 s^-2,equal_mean_of_two_preceding_1800s_averages,25200,28800,27000.0;28800.0
28800,312.5,sgs_u_w_flux,0,Face,m^2 s^-2,equal_mean_of_two_preceding_1800s_averages,25200,28800,27000.0;28800.0
28800,325,sgs_u_w_flux,0,Face,m^2 s^-2,equal_mean_of_two_preceding_1800s_averages,25200,28800,27000.0;28800.0
28800,337.5,sgs_u_w_flux,0,Face,m^2 s^-2,equal_mean_of_two_preceding_1800s_averages,25200,28800,27000.0;28800.0
28800,350,sgs_u_w_flux,0,Face,m^2 s^-2,equal_mean_of_two_preceding_1800s_averages,25200,28800,27000.0;28800.0
28800,362.5,sgs_u_w_flux,0,Face,m^2 s^-2,equal_mean_of_two_preceding_1800s_averages,25200,28800,27000.0;28800.0
28800,375,sgs_u_w_flux,0,Face,m^2 s^-2,equal_mean_of_two_preceding_1800s_averages,25200,28800,27000.0;28800.0
28800,387.5,sgs_u_w_flux,0,Face,m^2 s^-2,equal_mean_of_two_preceding_1800s_averages,25200,28800,27000.0;28800.0
28800,400,sgs_u_w_flux,0,Face,m^2 s^-2,equal_mean_of_two_preceding_1800s_averages,25200,28800,27000.0;28800.0
28800,0,sgs_v_w_flux,0,Face,m^2 s^-2,equal_mean_of_two_preceding_1800s_averages,25200,28800,27000.0;28800.0
28800,12.5,sgs_v_w_flux,-0.033784111961722374,Face,m^2 s^-2,equal_mean_of_two_preceding_1800s_averages,25200,28800,27000.0;28800.0
28800,25,sgs_v_w_flux,0,Face,m^2 s^-2,equal_mean_of_two_preceding_1800s_averages,25200,28800,27000.0;28800.0
28800,37.5,sgs_v_w_flux,0,Face,m^2 s^-2,equal_mean_of_two_preceding_1800s_averages,25200,28800,27000.0;28800.0
28800,50,sgs_v_w_flux,0,Face,m^2 s^-2,equal_mean_of_two_preceding_1800s_averages,25200,28800,27000.0;28800.0
28800,62.5,sgs_v_w_flux,0,Face,m^2 s^-2,equal_mean_of_two_preceding_1800s_averages,25200,28800,27000.0;28800.0
28800,75,sgs_v_w_flux,0,Face,m^2 s^-2,equal_mean_of_two_preceding_1800s_averages,25200,28800,27000.0;28800.0
28800,87.5,sgs_v_w_flux,0,Face,m^2 s^-2,equal_mean_of_two_preceding_1800s_averages,25200,28800,27000.0;28800.0
28800,100,sgs_v_w_flux,0,Face,m^2 s^-2,equal_mean_of_two_preceding_1800s_averages,25200,28800,27000.0;28800.0
28800,112.5,sgs_v_w_flux,0,Face,m^2 s^-2,equal_mean_of_two_preceding_1800s_averages,25200,28800,27000.0;28800.0
28800,125,sgs_v_w_flux,0,Face,m^2 s^-2,equal_mean_of_two_preceding_1800s_averages,25200,28800,27000.0;28800.0
28800,137.5,sgs_v_w_flux,0,Face,m^2 s^-2,equal_mean_of_two_preceding_1800s_averages,25200,28800,27000.0;28800.0
28800,150,sgs_v_w_flux,0,Face,m^2 s^-2,equal_mean_of_two_preceding_1800s_averages,25200,28800,27000.0;28800.0
28800,162.5,sgs_v_w_flux,0,Face,m^2 s^-2,equal_mean_of_two_preceding_1800s_averages,25200,28800,27000.0;28800.0
28800,175,sgs_v_w_flux,0,Face,m^2 s^-2,equal_mean_of_two_preceding_1800s_averages,25200,28800,27000.0;28800.0
28800,187.5,sgs_v_w_flux,0,Face,m^2 s^-2,equal_mean_of_two_preceding_1800s_averages,25200,28800,27000.0;28800.0
28800,200,sgs_v_w_flux,0,Face,m^2 s^-2,equal_mean_of_two_preceding_1800s_averages,25200,28800,27000.0;28800.0
28800,212.5,sgs_v_w_flux,0,Face,m^2 s^-2,equal_mean_of_two_preceding_1800s_averages,25200,28800,27000.0;28800.0
28800,225,sgs_v_w_flux,0,Face,m^2 s^-2,equal_mean_of_two_preceding_1800s_averages,25200,28800,27000.0;28800.0
28800,237.5,sgs_v_w_flux,0,Face,m^2 s^-2,equal_mean_of_two_preceding_1800s_averages,25200,28800,27000.0;28800.0
28800,250,sgs_v_w_flux,0,Face,m^2 s^-2,equal_mean_of_two_preceding_1800s_averages,25200,28800,27000.0;28800.0
28800,262.5,sgs_v_w_flux,0,Face,m^2 s^-2,equal_mean_of_two_preceding_1800s_averages,25200,28800,27000.0;28800.0
28800,275,sgs_v_w_flux,0,Face,m^2 s^-2,equal_mean_of_two_preceding_1800s_averages,25200,28800,27000.0;28800.0
28800,287.5,sgs_v_w_flux,0,Face,m^2 s^-2,equal_mean_of_two_preceding_1800s_averages,25200,28800,27000.0;28800.0
28800,300,sgs_v_w_flux,0,Face,m^2 s^-2,equal_mean_of_two_preceding_1800s_averages,25200,28800,27000.0;28800.0
28800,312.5,sgs_v_w_flux,0,Face,m^2 s^-2,equal_mean_of_two_preceding_1800s_averages,25200,28800,27000.0;28800.0
28800,325,sgs_v_w_flux,0,Face,m^2 s^-2,equal_mean_of_two_preceding_1800s_averages,25200,28800,27000.0;28800.0
28800,337.5,sgs_v_w_flux,0,Face,m^2 s^-2,equal_mean_of_two_preceding_1800s_averages,25200,28800,27000.0;28800.0
28800,350,sgs_v_w_flux,0,Face,m^2 s^-2,equal_mean_of_two_preceding_1800s_averages,25200,28800,27000.0;28800.0
28800,362.5,sgs_v_w_flux,0,Face,m^2 s^-2,equal_mean_of_two_preceding_1800s_averages,25200,28800,27000.0;28800.0
28800,375,sgs_v_w_flux,0,Face,m^2 s^-2,equal_mean_of_two_preceding_1800s_averages,25200,28800,27000.0;28800.0
28800,387.5,sgs_v_w_flux,0,Face,m^2 s^-2,equal_mean_of_two_preceding_1800s_averages,25200,28800,27000.0;28800.0
28800,400,sgs_v_w_flux,0,Face,m^2 s^-2,equal_mean_of_two_preceding_1800s_averages,25200,28800,27000.0;28800.0
28800,0,sgs_w_theta_flux,0,Face,K m s^-1,equal_mean_of_two_preceding_1800s_averages,25200,28800,27000.0;28800.0
28800,12.5,sgs_w_theta_flux,-0.0086525785736739635,Face,K m s^-1,equal_mean_of_two_preceding_1800s_averages,25200,28800,27000.0;28800.0
28800,25,sgs_w_theta_flux,0,Face,K m s^-1,equal_mean_of_two_preceding_1800s_averages,25200,28800,27000.0;28800.0
28800,37.5,sgs_w_theta_flux,0,Face,K m s^-1,equal_mean_of_two_preceding_1800s_averages,25200,28800,27000.0;28800.0
28800,50,sgs_w_theta_flux,0,Face,K m s^-1,equal_mean_of_two_preceding_1800s_averages,25200,28800,27000.0;28800.0
28800,62.5,sgs_w_theta_flux,0,Face,K m s^-1,equal_mean_of_two_preceding_1800s_averages,25200,28800,27000.0;28800.0
28800,75,sgs_w_theta_flux,0,Face,K m s^-1,equal_mean_of_two_preceding_1800s_averages,25200,28800,27000.0;28800.0
28800,87.5,sgs_w_theta_flux,0,Face,K m s^-1,equal_mean_of_two_preceding_1800s_averages,25200,28800,27000.0;28800.0
28800,100,sgs_w_theta_flux,0,Face,K m s^-1,equal_mean_of_two_preceding_1800s_averages,25200,28800,27000.0;28800.0
28800,112.5,sgs_w_theta_flux,0,Face,K m s^-1,equal_mean_of_two_preceding_1800s_averages,25200,28800,27000.0;28800.0
28800,125,sgs_w_theta_flux,0,Face,K m s^-1,equal_mean_of_two_preceding_1800s_averages,25200,28800,27000.0;28800.0
28800,137.5,sgs_w_theta_flux,0,Face,K m s^-1,equal_mean_of_two_preceding_1800s_averages,25200,28800,27000.0;28800.0
28800,150,sgs_w_theta_flux,0,Face,K m s^-1,equal_mean_of_two_preceding_1800s_averages,25200,28800,27000.0;28800.0
28800,162.5,sgs_w_theta_flux,0,Face,K m s^-1,equal_mean_of_two_preceding_1800s_averages,25200,28800,27000.0;28800.0
28800,175,sgs_w_theta_flux,0,Face,K m s^-1,equal_mean_of_two_preceding_1800s_averages,25200,28800,27000.0;28800.0
28800,187.5,sgs_w_theta_flux,0,Face,K m s^-1,equal_mean_of_two_preceding_1800s_averages,25200,28800,27000.0;28800.0
28800,200,sgs_w_theta_flux,0,Face,K m s^-1,equal_mean_of_two_preceding_1800s_averages,25200,28800,27000.0;28800.0
28800,212.5,sgs_w_theta_flux,0,Face,K m s^-1,equal_mean_of_two_preceding_1800s_averages,25200,28800,27000.0;28800.0
28800,225,sgs_w_theta_flux,0,Face,K m s^-1,equal_mean_of_two_preceding_1800s_averages,25200,28800,27000.0;28800.0
28800,237.5,sgs_w_theta_flux,0,Face,K m s^-1,equal_mean_of_two_preceding_1800s_averages,25200,28800,27000.0;28800.0
28800,250,sgs_w_theta_flux,0,Face,K m s^-1,equal_mean_of_two_preceding_1800s_averages,25200,28800,27000.0;28800.0
28800,262.5,sgs_w_theta_flux,0,Face,K m s^-1,equal_mean_of_two_preceding_1800s_averages,25200,28800,27000.0;28800.0
28800,275,sgs_w_theta_flux,0,Face,K m s^-1,equal_mean_of_two_preceding_1800s_averages,25200,28800,27000.0;28800.0
28800,287.5,sgs_w_theta_flux,0,Face,K m s^-1,equal_mean_of_two_preceding_1800s_averages,25200,28800,27000.0;28800.0
28800,300,sgs_w_theta_flux,0,Face,K m s^-1,equal_mean_of_two_preceding_1800s_averages,25200,28800,27000.0;28800.0
28800,312.5,sgs_w_theta_flux,0,Face,K m s^-1,equal_mean_of_two_preceding_1800s_averages,25200,28800,27000.0;28800.0
28800,325,sgs_w_theta_flux,0,Face,K m s^-1,equal_mean_of_two_preceding_1800s_averages,25200,28800,27000.0;28800.0
28800,337.5,sgs_w_theta_flux,0,Face,K m s^-1,equal_mean_of_two_preceding_1800s_averages,25200,28800,27000.0;28800.0
28800,350,sgs_w_theta_flux,0,Face,K m s^-1,equal_mean_of_two_preceding_1800s_averages,25200,28800,27000.0;28800.0
28800,362.5,sgs_w_theta_flux,0,Face,K m s^-1,equal_mean_of_two_preceding_1800s_averages,25200,28800,27000.0;28800.0
28800,375,sgs_w_theta_flux,0,Face,K m s^-1,equal_mean_of_two_preceding_1800s_averages,25200,28800,27000.0;28800.0
28800,387.5,sgs_w_theta_flux,0,Face,K m s^-1,equal_mean_of_two_preceding_1800s_averages,25200,28800,27000.0;28800.0
28800,400,sgs_w_theta_flux,0,Face,K m s^-1,equal_mean_of_two_preceding_1800s_averages,25200,28800,27000.0;28800.0
28800,0,surface_layer_diffusivity_ρqᵛ,0,Face,m^2 s^-1,equal_mean_of_two_preceding_1800s_averages,25200,28800,27000.0;28800.0
28800,12.5,surface_layer_diffusivity_ρqᵛ,0,Face,m^2 s^-1,equal_mean_of_two_preceding_1800s_averages,25200,28800,27000.0;28800.0
28800,25,surface_layer_diffusivity_ρqᵛ,0,Face,m^2 s^-1,equal_mean_of_two_preceding_1800s_averages,25200,28800,27000.0;28800.0
28800,37.5,surface_layer_diffusivity_ρqᵛ,0,Face,m^2 s^-1,equal_mean_of_two_preceding_1800s_averages,25200,28800,27000.0;28800.0
28800,50,surface_layer_diffusivity_ρqᵛ,0,Face,m^2 s^-1,equal_mean_of_two_preceding_1800s_averages,25200,28800,27000.0;28800.0
28800,62.5,surface_layer_diffusivity_ρqᵛ,0,Face,m^2 s^-1,equal_mean_of_two_preceding_1800s_averages,25200,28800,27000.0;28800.0
28800,75,surface_layer_diffusivity_ρqᵛ,0,Face,m^2 s^-1,equal_mean_of_two_preceding_1800s_averages,25200,28800,27000.0;28800.0
28800,87.5,surface_layer_diffusivity_ρqᵛ,0,Face,m^2 s^-1,equal_mean_of_two_preceding_1800s_averages,25200,28800,27000.0;28800.0
28800,100,surface_layer_diffusivity_ρqᵛ,0,Face,m^2 s^-1,equal_mean_of_two_preceding_1800s_averages,25200,28800,27000.0;28800.0
28800,112.5,surface_layer_diffusivity_ρqᵛ,0,Face,m^2 s^-1,equal_mean_of_two_preceding_1800s_averages,25200,28800,27000.0;28800.0
28800,125,surface_layer_diffusivity_ρqᵛ,0,Face,m^2 s^-1,equal_mean_of_two_preceding_1800s_averages,25200,28800,27000.0;28800.0
28800,137.5,surface_layer_diffusivity_ρqᵛ,0,Face,m^2 s^-1,equal_mean_of_two_preceding_1800s_averages,25200,28800,27000.0;28800.0
28800,150,surface_layer_diffusivity_ρqᵛ,0,Face,m^2 s^-1,equal_mean_of_two_preceding_1800s_averages,25200,28800,27000.0;28800.0
28800,162.5,surface_layer_diffusivity_ρqᵛ,0,Face,m^2 s^-1,equal_mean_of_two_preceding_1800s_averages,25200,28800,27000.0;28800.0
28800,175,surface_layer_diffusivity_ρqᵛ,0,Face,m^2 s^-1,equal_mean_of_two_preceding_1800s_averages,25200,28800,27000.0;28800.0
28800,187.5,surface_layer_diffusivity_ρqᵛ,0,Face,m^2 s^-1,equal_mean_of_two_preceding_1800s_averages,25200,28800,27000.0;28800.0
28800,200,surface_layer_diffusivity_ρqᵛ,0,Face,m^2 s^-1,equal_mean_of_two_preceding_1800s_averages,25200,28800,27000.0;28800.0
28800,212.5,surface_layer_diffusivity_ρqᵛ,0,Face,m^2 s^-1,equal_mean_of_two_preceding_1800s_averages,25200,28800,27000.0;28800.0
28800,225,surface_layer_diffusivity_ρqᵛ,0,Face,m^2 s^-1,equal_mean_of_two_preceding_1800s_averages,25200,28800,27000.0;28800.0
28800,237.5,surface_layer_diffusivity_ρqᵛ,0,Face,m^2 s^-1,equal_mean_of_two_preceding_1800s_averages,25200,28800,27000.0;28800.0
28800,250,surface_layer_diffusivity_ρqᵛ,0,Face,m^2 s^-1,equal_mean_of_two_preceding_1800s_averages,25200,28800,27000.0;28800.0
28800,262.5,surface_layer_diffusivity_ρqᵛ,0,Face,m^2 s^-1,equal_mean_of_two_preceding_1800s_averages,25200,28800,27000.0;28800.0
28800,275,surface_layer_diffusivity_ρqᵛ,0,Face,m^2 s^-1,equal_mean_of_two_preceding_1800s_averages,25200,28800,27000.0;28800.0
28800,287.5,surface_layer_diffusivity_ρqᵛ,0,Face,m^2 s^-1,equal_mean_of_two_preceding_1800s_averages,25200,28800,27000.0;28800.0
28800,300,surface_layer_diffusivity_ρqᵛ,0,Face,m^2 s^-1,equal_mean_of_two_preceding_1800s_averages,25200,28800,27000.0;28800.0
28800,312.5,surface_layer_diffusivity_ρqᵛ,0,Face,m^2 s^-1,equal_mean_of_two_preceding_1800s_averages,25200,28800,27000.0;28800.0
28800,325,surface_layer_diffusivity_ρqᵛ,0,Face,m^2 s^-1,equal_mean_of_two_preceding_1800s_averages,25200,28800,27000.0;28800.0
28800,337.5,surface_layer_diffusivity_ρqᵛ,0,Face,m^2 s^-1,equal_mean_of_two_preceding_1800s_averages,25200,28800,27000.0;28800.0
28800,350,surface_layer_diffusivity_ρqᵛ,0,Face,m^2 s^-1,equal_mean_of_two_preceding_1800s_averages,25200,28800,27000.0;28800.0
28800,362.5,surface_layer_diffusivity_ρqᵛ,0,Face,m^2 s^-1,equal_mean_of_two_preceding_1800s_averages,25200,28800,27000.0;28800.0
28800,375,surface_layer_diffusivity_ρqᵛ,0,Face,m^2 s^-1,equal_mean_of_two_preceding_1800s_averages,25200,28800,27000.0;28800.0
28800,387.5,surface_layer_diffusivity_ρqᵛ,0,Face,m^2 s^-1,equal_mean_of_two_preceding_1800s_averages,25200,28800,27000.0;28800.0
28800,400,surface_layer_diffusivity_ρqᵛ,0,Face,m^2 s^-1,equal_mean_of_two_preceding_1800s_averages,25200,28800,27000.0;28800.0
28800,0,surface_layer_diffusivity_ρθ,0,Face,m^2 s^-1,equal_mean_of_two_preceding_1800s_averages,25200,28800,27000.0;28800.0
28800,12.5,surface_layer_diffusivity_ρθ,0.62610030174255371,Face,m^2 s^-1,equal_mean_of_two_preceding_1800s_averages,25200,28800,27000.0;28800.0
28800,25,surface_layer_diffusivity_ρθ,0,Face,m^2 s^-1,equal_mean_of_two_preceding_1800s_averages,25200,28800,27000.0;28800.0
28800,37.5,surface_layer_diffusivity_ρθ,0,Face,m^2 s^-1,equal_mean_of_two_preceding_1800s_averages,25200,28800,27000.0;28800.0
28800,50,surface_layer_diffusivity_ρθ,0,Face,m^2 s^-1,equal_mean_of_two_preceding_1800s_averages,25200,28800,27000.0;28800.0
28800,62.5,surface_layer_diffusivity_ρθ,0,Face,m^2 s^-1,equal_mean_of_two_preceding_1800s_averages,25200,28800,27000.0;28800.0
28800,75,surface_layer_diffusivity_ρθ,0,Face,m^2 s^-1,equal_mean_of_two_preceding_1800s_averages,25200,28800,27000.0;28800.0
28800,87.5,surface_layer_diffusivity_ρθ,0,Face,m^2 s^-1,equal_mean_of_two_preceding_1800s_averages,25200,28800,27000.0;28800.0
28800,100,surface_layer_diffusivity_ρθ,0,Face,m^2 s^-1,equal_mean_of_two_preceding_1800s_averages,25200,28800,27000.0;28800.0
28800,112.5,surface_layer_diffusivity_ρθ,0,Face,m^2 s^-1,equal_mean_of_two_preceding_1800s_averages,25200,28800,27000.0;28800.0
28800,125,surface_layer_diffusivity_ρθ,0,Face,m^2 s^-1,equal_mean_of_two_preceding_1800s_averages,25200,28800,27000.0;28800.0
28800,137.5,surface_layer_diffusivity_ρθ,0,Face,m^2 s^-1,equal_mean_of_two_preceding_1800s_averages,25200,28800,27000.0;28800.0
28800,150,surface_layer_diffusivity_ρθ,0,Face,m^2 s^-1,equal_mean_of_two_preceding_1800s_averages,25200,28800,27000.0;28800.0
28800,162.5,surface_layer_diffusivity_ρθ,0,Face,m^2 s^-1,equal_mean_of_two_preceding_1800s_averages,25200,28800,27000.0;28800.0
28800,175,surface_layer_diffusivity_ρθ,0,Face,m^2 s^-1,equal_mean_of_two_preceding_1800s_averages,25200,28800,27000.0;28800.0
28800,187.5,surface_layer_diffusivity_ρθ,0,Face,m^2 s^-1,equal_mean_of_two_preceding_1800s_averages,25200,28800,27000.0;28800.0
28800,200,surface_layer_diffusivity_ρθ,0,Face,m^2 s^-1,equal_mean_of_two_preceding_1800s_averages,25200,28800,27000.0;28800.0
28800,212.5,surface_layer_diffusivity_ρθ,0,Face,m^2 s^-1,equal_mean_of_two_preceding_1800s_averages,25200,28800,27000.0;28800.0
28800,225,surface_layer_diffusivity_ρθ,0,Face,m^2 s^-1,equal_mean_of_two_preceding_1800s_averages,25200,28800,27000.0;28800.0
28800,237.5,surface_layer_diffusivity_ρθ,0,Face,m^2 s^-1,equal_mean_of_two_preceding_1800s_averages,25200,28800,27000.0;28800.0
28800,250,surface_layer_diffusivity_ρθ,0,Face,m^2 s^-1,equal_mean_of_two_preceding_1800s_averages,25200,28800,27000.0;28800.0
28800,262.5,surface_layer_diffusivity_ρθ,0,Face,m^2 s^-1,equal_mean_of_two_preceding_1800s_averages,25200,28800,27000.0;28800.0
28800,275,surface_layer_diffusivity_ρθ,0,Face,m^2 s^-1,equal_mean_of_two_preceding_1800s_averages,25200,28800,27000.0;28800.0
28800,287.5,surface_layer_diffusivity_ρθ,0,Face,m^2 s^-1,equal_mean_of_two_preceding_1800s_averages,25200,28800,27000.0;28800.0
28800,300,surface_layer_diffusivity_ρθ,0,Face,m^2 s^-1,equal_mean_of_two_preceding_1800s_averages,25200,28800,27000.0;28800.0
28800,312.5,surface_layer_diffusivity_ρθ,0,Face,m^2 s^-1,equal_mean_of_two_preceding_1800s_averages,25200,28800,27000.0;28800.0
28800,325,surface_layer_diffusivity_ρθ,0,Face,m^2 s^-1,equal_mean_of_two_preceding_1800s_averages,25200,28800,27000.0;28800.0
28800,337.5,surface_layer_diffusivity_ρθ,0,Face,m^2 s^-1,equal_mean_of_two_preceding_1800s_averages,25200,28800,27000.0;28800.0
28800,350,surface_layer_diffusivity_ρθ,0,Face,m^2 s^-1,equal_mean_of_two_preceding_1800s_averages,25200,28800,27000.0;28800.0
28800,362.5,surface_layer_diffusivity_ρθ,0,Face,m^2 s^-1,equal_mean_of_two_preceding_1800s_averages,25200,28800,27000.0;28800.0
28800,375,surface_layer_diffusivity_ρθ,0,Face,m^2 s^-1,equal_mean_of_two_preceding_1800s_averages,25200,28800,27000.0;28800.0
28800,387.5,surface_layer_diffusivity_ρθ,0,Face,m^2 s^-1,equal_mean_of_two_preceding_1800s_averages,25200,28800,27000.0;28800.0
28800,400,surface_layer_diffusivity_ρθ,0,Face,m^2 s^-1,equal_mean_of_two_preceding_1800s_averages,25200,28800,27000.0;28800.0
28800,0,surface_layer_viscosity,0,Face,m^2 s^-1,equal_mean_of_two_preceding_1800s_averages,25200,28800,27000.0;28800.0
28800,12.5,surface_layer_viscosity,1.1281654238700867,Face,m^2 s^-1,equal_mean_of_two_preceding_1800s_averages,25200,28800,27000.0;28800.0
28800,25,surface_layer_viscosity,0,Face,m^2 s^-1,equal_mean_of_two_preceding_1800s_averages,25200,28800,27000.0;28800.0
28800,37.5,surface_layer_viscosity,0,Face,m^2 s^-1,equal_mean_of_two_preceding_1800s_averages,25200,28800,27000.0;28800.0
28800,50,surface_layer_viscosity,0,Face,m^2 s^-1,equal_mean_of_two_preceding_1800s_averages,25200,28800,27000.0;28800.0
28800,62.5,surface_layer_viscosity,0,Face,m^2 s^-1,equal_mean_of_two_preceding_1800s_averages,25200,28800,27000.0;28800.0
28800,75,surface_layer_viscosity,0,Face,m^2 s^-1,equal_mean_of_two_preceding_1800s_averages,25200,28800,27000.0;28800.0
28800,87.5,surface_layer_viscosity,0,Face,m^2 s^-1,equal_mean_of_two_preceding_1800s_averages,25200,28800,27000.0;28800.0
28800,100,surface_layer_viscosity,0,Face,m^2 s^-1,equal_mean_of_two_preceding_1800s_averages,25200,28800,27000.0;28800.0
28800,112.5,surface_layer_viscosity,0,Face,m^2 s^-1,equal_mean_of_two_preceding_1800s_averages,25200,28800,27000.0;28800.0
28800,125,surface_layer_viscosity,0,Face,m^2 s^-1,equal_mean_of_two_preceding_1800s_averages,25200,28800,27000.0;28800.0
28800,137.5,surface_layer_viscosity,0,Face,m^2 s^-1,equal_mean_of_two_preceding_1800s_averages,25200,28800,27000.0;28800.0
28800,150,surface_layer_viscosity,0,Face,m^2 s^-1,equal_mean_of_two_preceding_1800s_averages,25200,28800,27000.0;28800.0
28800,162.5,surface_layer_viscosity,0,Face,m^2 s^-1,equal_mean_of_two_preceding_1800s_averages,25200,28800,27000.0;28800.0
28800,175,surface_layer_viscosity,0,Face,m^2 s^-1,equal_mean_of_two_preceding_1800s_averages,25200,28800,27000.0;28800.0
28800,187.5,surface_layer_viscosity,0,Face,m^2 s^-1,equal_mean_of_two_preceding_1800s_averages,25200,28800,27000.0;28800.0
28800,200,surface_layer_viscosity,0,Face,m^2 s^-1,equal_mean_of_two_preceding_1800s_averages,25200,28800,27000.0;28800.0
28800,212.5,surface_layer_viscosity,0,Face,m^2 s^-1,equal_mean_of_two_preceding_1800s_averages,25200,28800,27000.0;28800.0
28800,225,surface_layer_viscosity,0,Face,m^2 s^-1,equal_mean_of_two_preceding_1800s_averages,25200,28800,27000.0;28800.0
28800,237.5,surface_layer_viscosity,0,Face,m^2 s^-1,equal_mean_of_two_preceding_1800s_averages,25200,28800,27000.0;28800.0
28800,250,surface_layer_viscosity,0,Face,m^2 s^-1,equal_mean_of_two_preceding_1800s_averages,25200,28800,27000.0;28800.0
28800,262.5,surface_layer_viscosity,0,Face,m^2 s^-1,equal_mean_of_two_preceding_1800s_averages,25200,28800,27000.0;28800.0
28800,275,surface_layer_viscosity,0,Face,m^2 s^-1,equal_mean_of_two_preceding_1800s_averages,25200,28800,27000.0;28800.0
28800,287.5,surface_layer_viscosity,0,Face,m^2 s^-1,equal_mean_of_two_preceding_1800s_averages,25200,28800,27000.0;28800.0
28800,300,surface_layer_viscosity,0,Face,m^2 s^-1,equal_mean_of_two_preceding_1800s_averages,25200,28800,27000.0;28800.0
28800,312.5,surface_layer_viscosity,0,Face,m^2 s^-1,equal_mean_of_two_preceding_1800s_averages,25200,28800,27000.0;28800.0
28800,325,surface_layer_viscosity,0,Face,m^2 s^-1,equal_mean_of_two_preceding_1800s_averages,25200,28800,27000.0;28800.0
28800,337.5,surface_layer_viscosity,0,Face,m^2 s^-1,equal_mean_of_two_preceding_1800s_averages,25200,28800,27000.0;28800.0
28800,350,surface_layer_viscosity,0,Face,m^2 s^-1,equal_mean_of_two_preceding_1800s_averages,25200,28800,27000.0;28800.0
28800,362.5,surface_layer_viscosity,0,Face,m^2 s^-1,equal_mean_of_two_preceding_1800s_averages,25200,28800,27000.0;28800.0
28800,375,surface_layer_viscosity,0,Face,m^2 s^-1,equal_mean_of_two_preceding_1800s_averages,25200,28800,27000.0;28800.0
28800,387.5,surface_layer_viscosity,0,Face,m^2 s^-1,equal_mean_of_two_preceding_1800s_averages,25200,28800,27000.0;28800.0
28800,400,surface_layer_viscosity,0,Face,m^2 s^-1,equal_mean_of_two_preceding_1800s_averages,25200,28800,27000.0;28800.0
28800,6.25,theta_mean,263.57540893554688,Center,K,equal_mean_of_two_preceding_1800s_averages,25200,28800,27000.0;28800.0
28800,18.75,theta_mean,263.7742919921875,Center,K,equal_mean_of_two_preceding_1800s_averages,25200,28800,27000.0;28800.0
28800,31.25,theta_mean,263.88233947753906,Center,K,equal_mean_of_two_preceding_1800s_averages,25200,28800,27000.0;28800.0
28800,43.75,theta_mean,263.95892333984375,Center,K,equal_mean_of_two_preceding_1800s_averages,25200,28800,27000.0;28800.0
28800,56.25,theta_mean,264.03440856933594,Center,K,equal_mean_of_two_preceding_1800s_averages,25200,28800,27000.0;28800.0
28800,68.75,theta_mean,264.09893798828125,Center,K,equal_mean_of_two_preceding_1800s_averages,25200,28800,27000.0;28800.0
28800,81.25,theta_mean,264.15342712402344,Center,K,equal_mean_of_two_preceding_1800s_averages,25200,28800,27000.0;28800.0
28800,93.75,theta_mean,264.20878601074219,Center,K,equal_mean_of_two_preceding_1800s_averages,25200,28800,27000.0;28800.0
28800,106.25,theta_mean,264.26611328125,Center,K,equal_mean_of_two_preceding_1800s_averages,25200,28800,27000.0;28800.0
28800,118.75,theta_mean,264.32699584960938,Center,K,equal_mean_of_two_preceding_1800s_averages,25200,28800,27000.0;28800.0
28800,131.25,theta_mean,264.39517211914062,Center,K,equal_mean_of_two_preceding_1800s_averages,25200,28800,27000.0;28800.0
28800,143.75,theta_mean,264.46511840820312,Center,K,equal_mean_of_two_preceding_1800s_averages,25200,28800,27000.0;28800.0
28800,156.25,theta_mean,264.54925537109375,Center,K,equal_mean_of_two_preceding_1800s_averages,25200,28800,27000.0;28800.0
28800,168.75,theta_mean,264.65933227539062,Center,K,equal_mean_of_two_preceding_1800s_averages,25200,28800,27000.0;28800.0
28800,181.25,theta_mean,264.78488159179688,Center,K,equal_mean_of_two_preceding_1800s_averages,25200,28800,27000.0;28800.0
28800,193.75,theta_mean,264.96939086914062,Center,K,equal_mean_of_two_preceding_1800s_averages,25200,28800,27000.0;28800.0
28800,206.25,theta_mean,265.24258422851562,Center,K,equal_mean_of_two_preceding_1800s_averages,25200,28800,27000.0;28800.0
28800,218.75,theta_mean,265.62503051757812,Center,K,equal_mean_of_two_preceding_1800s_averages,25200,28800,27000.0;28800.0
28800,231.25,theta_mean,266.01576232910156,Center,K,equal_mean_of_two_preceding_1800s_averages,25200,28800,27000.0;28800.0
28800,243.75,theta_mean,266.3018798828125,Center,K,equal_mean_of_two_preceding_1800s_averages,25200,28800,27000.0;28800.0
28800,256.25,theta_mean,266.49502563476562,Center,K,equal_mean_of_two_preceding_1800s_averages,25200,28800,27000.0;28800.0
28800,268.75,theta_mean,266.62083435058594,Center,K,equal_mean_of_two_preceding_1800s_averages,25200,28800,27000.0;28800.0
28800,281.25,theta_mean,266.7200927734375,Center,K,equal_mean_of_two_preceding_1800s_averages,25200,28800,27000.0;28800.0
28800,293.75,theta_mean,266.83197021484375,Center,K,equal_mean_of_two_preceding_1800s_averages,25200,28800,27000.0;28800.0
28800,306.25,theta_mean,266.96501159667969,Center,K,equal_mean_of_two_preceding_1800s_averages,25200,28800,27000.0;28800.0
28800,318.75,theta_mean,267.10052490234375,Center,K,equal_mean_of_two_preceding_1800s_averages,25200,28800,27000.0;28800.0
28800,331.25,theta_mean,267.23197937011719,Center,K,equal_mean_of_two_preceding_1800s_averages,25200,28800,27000.0;28800.0
28800,343.75,theta_mean,267.36553955078125,Center,K,equal_mean_of_two_preceding_1800s_averages,25200,28800,27000.0;28800.0
28800,356.25,theta_mean,267.500732421875,Center,K,equal_mean_of_two_preceding_1800s_averages,25200,28800,27000.0;28800.0
28800,368.75,theta_mean,267.61892700195312,Center,K,equal_mean_of_two_preceding_1800s_averages,25200,28800,27000.0;28800.0
28800,381.25,theta_mean,267.69589233398438,Center,K,equal_mean_of_two_preceding_1800s_averages,25200,28800,27000.0;28800.0
28800,393.75,theta_mean,267.74697875976562,Center,K,equal_mean_of_two_preceding_1800s_averages,25200,28800,27000.0;28800.0
28800,6.25,theta_variance,0.0046138027682900429,Center,K^2,equal_mean_of_two_preceding_1800s_averages,25200,28800,27000.0;28800.0
28800,18.75,theta_variance,0.01061250688508153,Center,K^2,equal_mean_of_two_preceding_1800s_averages,25200,28800,27000.0;28800.0
28800,31.25,theta_variance,0.007563379593193531,Center,K^2,equal_mean_of_two_preceding_1800s_averages,25200,28800,27000.0;28800.0
28800,43.75,theta_variance,0.0075234526302665472,Center,K^2,equal_mean_of_two_preceding_1800s_averages,25200,28800,27000.0;28800.0
28800,56.25,theta_variance,0.007565714418888092,Center,K^2,equal_mean_of_two_preceding_1800s_averages,25200,28800,27000.0;28800.0
28800,68.75,theta_variance,0.0070862127467989922,Center,K^2,equal_mean_of_two_preceding_1800s_averages,25200,28800,27000.0;28800.0
28800,81.25,theta_variance,0.0066699939779937267,Center,K^2,equal_mean_of_two_preceding_1800s_averages,25200,28800,27000.0;28800.0
28800,93.75,theta_variance,0.0067732858005911112,Center,K^2,equal_mean_of_two_preceding_1800s_averages,25200,28800,27000.0;28800.0
28800,106.25,theta_variance,0.0067805026192218065,Center,K^2,equal_mean_of_two_preceding_1800s_averages,25200,28800,27000.0;28800.0
28800,118.75,theta_variance,0.0065880417823791504,Center,K^2,equal_mean_of_two_preceding_1800s_averages,25200,28800,27000.0;28800.0
28800,131.25,theta_variance,0.0070717865601181984,Center,K^2,equal_mean_of_two_preceding_1800s_averages,25200,28800,27000.0;28800.0
28800,143.75,theta_variance,0.0074206031858921051,Center,K^2,equal_mean_of_two_preceding_1800s_averages,25200,28800,27000.0;28800.0
28800,156.25,theta_variance,0.0082945667672902346,Center,K^2,equal_mean_of_two_preceding_1800s_averages,25200,28800,27000.0;28800.0
28800,168.75,theta_variance,0.009331435663625598,Center,K^2,equal_mean_of_two_preceding_1800s_averages,25200,28800,27000.0;28800.0
28800,181.25,theta_variance,0.011305114487186074,Center,K^2,equal_mean_of_two_preceding_1800s_averages,25200,28800,27000.0;28800.0
28800,193.75,theta_variance,0.016613609623163939,Center,K^2,equal_mean_of_two_preceding_1800s_averages,25200,28800,27000.0;28800.0
28800,206.25,theta_variance,0.0211833156645298,Center,K^2,equal_mean_of_two_preceding_1800s_averages,25200,28800,27000.0;28800.0
28800,218.75,theta_variance,0.020662113558501005,Center,K^2,equal_mean_of_two_preceding_1800s_averages,25200,28800,27000.0;28800.0
28800,231.25,theta_variance,0.014382704859599471,Center,K^2,equal_mean_of_two_preceding_1800s_averages,25200,28800,27000.0;28800.0
28800,243.75,theta_variance,0.0073242424987256527,Center,K^2,equal_mean_of_two_preceding_1800s_averages,25200,28800,27000.0;28800.0
28800,256.25,theta_variance,0.0031414208933711052,Center,K^2,equal_mean_of_two_preceding_1800s_averages,25200,28800,27000.0;28800.0
28800,268.75,theta_variance,0.0014065736904740334,Center,K^2,equal_mean_of_two_preceding_1800s_averages,25200,28800,27000.0;28800.0
28800,281.25,theta_variance,0.0010603206465020776,Center,K^2,equal_mean_of_two_preceding_1800s_averages,25200,28800,27000.0;28800.0
28800,293.75,theta_variance,0.0012883354211226106,Center,K^2,equal_mean_of_two_preceding_1800s_averages,25200,28800,27000.0;28800.0
28800,306.25,theta_variance,0.0014849642175249755,Center,K^2,equal_mean_of_two_preceding_1800s_averages,25200,28800,27000.0;28800.0
28800,318.75,theta_variance,0.0014350408455356956,Center,K^2,equal_mean_of_two_preceding_1800s_averages,25200,28800,27000.0;28800.0
28800,331.25,theta_variance,0.0011676856083795428,Center,K^2,equal_mean_of_two_preceding_1800s_averages,25200,28800,27000.0;28800.0
28800,343.75,theta_variance,0.00096392841078341007,Center,K^2,equal_mean_of_two_preceding_1800s_averages,25200,28800,27000.0;28800.0
28800,356.25,theta_variance,0.00093165555153973401,Center,K^2,equal_mean_of_two_preceding_1800s_averages,25200,28800,27000.0;28800.0
28800,368.75,theta_variance,0.00046980674960650504,Center,K^2,equal_mean_of_two_preceding_1800s_averages,25200,28800,27000.0;28800.0
28800,381.25,theta_variance,8.8887285528471693e-05,Center,K^2,equal_mean_of_two_preceding_1800s_averages,25200,28800,27000.0;28800.0
28800,393.75,theta_variance,7.9794276643951889e-06,Center,K^2,equal_mean_of_two_preceding_1800s_averages,25200,28800,27000.0;28800.0
28800,0,total_buoyancy_flux,0,Face,m^2 s^-3,equal_mean_of_two_preceding_1800s_averages,25200,28800,27000.0;28800.0
28800,12.5,total_buoyancy_flux,-0.0004158945957897231,Face,m^2 s^-3,equal_mean_of_two_preceding_1800s_averages,25200,28800,27000.0;28800.0
28800,25,total_buoyancy_flux,-0.00027101210434921086,Face,m^2 s^-3,equal_mean_of_two_preceding_1800s_averages,25200,28800,27000.0;28800.0
28800,37.5,total_buoyancy_flux,-0.00028885967913083732,Face,m^2 s^-3,equal_mean_of_two_preceding_1800s_averages,25200,28800,27000.0;28800.0
28800,50,total_buoyancy_flux,-0.0002787512494251132,Face,m^2 s^-3,equal_mean_of_two_preceding_1800s_averages,25200,28800,27000.0;28800.0
28800,62.5,total_buoyancy_flux,-0.00026422785595059395,Face,m^2 s^-3,equal_mean_of_two_preceding_1800s_averages,25200,28800,27000.0;28800.0
28800,75,total_buoyancy_flux,-0.00024335135822184384,Face,m^2 s^-3,equal_mean_of_two_preceding_1800s_averages,25200,28800,27000.0;28800.0
28800,87.5,total_buoyancy_flux,-0.00021577587904175743,Face,m^2 s^-3,equal_mean_of_two_preceding_1800s_averages,25200,28800,27000.0;28800.0
28800,100,total_buoyancy_flux,-0.00019188822625437751,Face,m^2 s^-3,equal_mean_of_two_preceding_1800s_averages,25200,28800,27000.0;28800.0
28800,112.5,total_buoyancy_flux,-0.00016849035455379635,Face,m^2 s^-3,equal_mean_of_two_preceding_1800s_averages,25200,28800,27000.0;28800.0
28800,125,total_buoyancy_flux,-0.00014647476564277895,Face,m^2 s^-3,equal_mean_of_two_preceding_1800s_averages,25200,28800,27000.0;28800.0
28800,137.5,total_buoyancy_flux,-0.00012637634063139558,Face,m^2 s^-3,equal_mean_of_two_preceding_1800s_averages,25200,28800,27000.0;28800.0
28800,150,total_buoyancy_flux,-0.00010501679571461864,Face,m^2 s^-3,equal_mean_of_two_preceding_1800s_averages,25200,28800,27000.0;28800.0
28800,162.5,total_buoyancy_flux,-8.6059288150863722e-05,Face,m^2 s^-3,equal_mean_of_two_preceding_1800s_averages,25200,28800,27000.0;28800.0
28800,175,total_buoyancy_flux,-7.2379001721856184e-05,Face,m^2 s^-3,equal_mean_of_two_preceding_1800s_averages,25200,28800,27000.0;28800.0
28800,187.5,total_buoyancy_flux,-6.1007205658825114e-05,Face,m^2 s^-3,equal_mean_of_two_preceding_1800s_averages,25200,28800,27000.0;28800.0
28800,200,total_buoyancy_flux,-3.7842284655198455e-05,Face,m^2 s^-3,equal_mean_of_two_preceding_1800s_averages,25200,28800,27000.0;28800.0
28800,212.5,total_buoyancy_flux,-7.6118028573546326e-06,Face,m^2 s^-3,equal_mean_of_two_preceding_1800s_averages,25200,28800,27000.0;28800.0
28800,225,total_buoyancy_flux,2.7205867354496149e-06,Face,m^2 s^-3,equal_mean_of_two_preceding_1800s_averages,25200,28800,27000.0;28800.0
28800,237.5,total_buoyancy_flux,2.7300092710902391e-06,Face,m^2 s^-3,equal_mean_of_two_preceding_1800s_averages,25200,28800,27000.0;28800.0
28800,250,total_buoyancy_flux,3.1110644158616196e-06,Face,m^2 s^-3,equal_mean_of_two_preceding_1800s_averages,25200,28800,27000.0;28800.0
28800,262.5,total_buoyancy_flux,1.7432867593925039e-06,Face,m^2 s^-3,equal_mean_of_two_preceding_1800s_averages,25200,28800,27000.0;28800.0
28800,275,total_buoyancy_flux,4.7431589678126329e-07,Face,m^2 s^-3,equal_mean_of_two_preceding_1800s_averages,25200,28800,27000.0;28800.0
28800,287.5,total_buoyancy_flux,-6.7387336599722403e-08,Face,m^2 s^-3,equal_mean_of_two_preceding_1800s_averages,25200,28800,27000.0;28800.0
28800,300,total_buoyancy_flux,1.9932284089918539e-07,Face,m^2 s^-3,equal_mean_of_two_preceding_1800s_averages,25200,28800,27000.0;28800.0
28800,312.5,total_buoyancy_flux,7.8611763143499047e-07,Face,m^2 s^-3,equal_mean_of_two_preceding_1800s_averages,25200,28800,27000.0;28800.0
28800,325,total_buoyancy_flux,7.6611564736595028e-07,Face,m^2 s^-3,equal_mean_of_two_preceding_1800s_averages,25200,28800,27000.0;28800.0
28800,337.5,total_buoyancy_flux,3.8935353074975865e-07,Face,m^2 s^-3,equal_mean_of_two_preceding_1800s_averages,25200,28800,27000.0;28800.0
28800,350,total_buoyancy_flux,8.5489091361523606e-08,Face,m^2 s^-3,equal_mean_of_two_preceding_1800s_averages,25200,28800,27000.0;28800.0
28800,362.5,total_buoyancy_flux,9.5546880629626685e-08,Face,m^2 s^-3,equal_mean_of_two_preceding_1800s_averages,25200,28800,27000.0;28800.0
28800,375,total_buoyancy_flux,9.6868177479336737e-08,Face,m^2 s^-3,equal_mean_of_two_preceding_1800s_averages,25200,28800,27000.0;28800.0
28800,387.5,total_buoyancy_flux,-4.2837857705535498e-09,Face,m^2 s^-3,equal_mean_of_two_preceding_1800s_averages,25200,28800,27000.0;28800.0
28800,400,total_buoyancy_flux,0,Face,m^2 s^-3,equal_mean_of_two_preceding_1800s_averages,25200,28800,27000.0;28800.0
28800,0,total_stress_magnitude,0.086178377270698547,Face,m^2 s^-2,equal_mean_of_two_preceding_1800s_averages,25200,28800,27000.0;28800.0
28800,12.5,total_stress_magnitude,0.077667899429798126,Face,m^2 s^-2,equal_mean_of_two_preceding_1800s_averages,25200,28800,27000.0;28800.0
28800,25,total_stress_magnitude,0.039649644866585732,Face,m^2 s^-2,equal_mean_of_two_preceding_1800s_averages,25200,28800,27000.0;28800.0
28800,37.5,total_stress_magnitude,0.051915872842073441,Face,m^2 s^-2,equal_mean_of_two_preceding_1800s_averages,25200,28800,27000.0;28800.0
28800,50,total_stress_magnitude,0.050203545019030571,Face,m^2 s^-2,equal_mean_of_two_preceding_1800s_averages,25200,28800,27000.0;28800.0
28800,62.5,total_stress_magnitude,0.046039879322052002,Face,m^2 s^-2,equal_mean_of_two_preceding_1800s_averages,25200,28800,27000.0;28800.0
28800,75,total_stress_magnitude,0.04122820682823658,Face,m^2 s^-2,equal_mean_of_two_preceding_1800s_averages,25200,28800,27000.0;28800.0
28800,87.5,total_stress_magnitude,0.035722024738788605,Face,m^2 s^-2,equal_mean_of_two_preceding_1800s_averages,25200,28800,27000.0;28800.0
28800,100,total_stress_magnitude,0.031412274576723576,Face,m^2 s^-2,equal_mean_of_two_preceding_1800s_averages,25200,28800,27000.0;28800.0
28800,112.5,total_stress_magnitude,0.027015712112188339,Face,m^2 s^-2,equal_mean_of_two_preceding_1800s_averages,25200,28800,27000.0;28800.0
28800,125,total_stress_magnitude,0.022284684702754021,Face,m^2 s^-2,equal_mean_of_two_preceding_1800s_averages,25200,28800,27000.0;28800.0
28800,137.5,total_stress_magnitude,0.017883763182908297,Face,m^2 s^-2,equal_mean_of_two_preceding_1800s_averages,25200,28800,27000.0;28800.0
28800,150,total_stress_magnitude,0.01409558393061161,Face,m^2 s^-2,equal_mean_of_two_preceding_1800s_averages,25200,28800,27000.0;28800.0
28800,162.5,total_stress_magnitude,0.010751582682132721,Face,m^2 s^-2,equal_mean_of_two_preceding_1800s_averages,25200,28800,27000.0;28800.0
28800,175,total_stress_magnitude,0.0084719653241336346,Face,m^2 s^-2,equal_mean_of_two_preceding_1800s_averages,25200,28800,27000.0;28800.0
28800,187.5,total_stress_magnitude,0.0073202876374125481,Face,m^2 s^-2,equal_mean_of_two_preceding_1800s_averages,25200,28800,27000.0;28800.0
28800,200,total_stress_magnitude,0.0061089084483683109,Face,m^2 s^-2,equal_mean_of_two_preceding_1800s_averages,25200,28800,27000.0;28800.0
28800,212.5,total_stress_magnitude,0.0040189069695770741,Face,m^2 s^-2,equal_mean_of_two_preceding_1800s_averages,25200,28800,27000.0;28800.0
28800,225,total_stress_magnitude,0.0026005854597315192,Face,m^2 s^-2,equal_mean_of_two_preceding_1800s_averages,25200,28800,27000.0;28800.0
28800,237.5,total_stress_magnitude,0.0019685729057528079,Face,m^2 s^-2,equal_mean_of_two_preceding_1800s_averages,25200,28800,27000.0;28800.0
28800,250,total_stress_magnitude,0.0014537076931446791,Face,m^2 s^-2,equal_mean_of_two_preceding_1800s_averages,25200,28800,27000.0;28800.0
28800,262.5,total_stress_magnitude,0.0012506277998909354,Face,m^2 s^-2,equal_mean_of_two_preceding_1800s_averages,25200,28800,27000.0;28800.0
28800,275,total_stress_magnitude,0.0012373685603961349,Face,m^2 s^-2,equal_mean_of_two_preceding_1800s_averages,25200,28800,27000.0;28800.0
28800,287.5,total_stress_magnitude,0.0012127947411499918,Face,m^2 s^-2,equal_mean_of_two_preceding_1800s_averages,25200,28800,27000.0;28800.0
28800,300,total_stress_magnitude,0.0011075306683778763,Face,m^2 s^-2,equal_mean_of_two_preceding_1800s_averages,25200,28800,27000.0;28800.0
28800,312.5,total_stress_magnitude,0.0010088244744110852,Face,m^2 s^-2,equal_mean_of_two_preceding_1800s_averages,25200,28800,27000.0;28800.0
28800,325,total_stress_magnitude,0.00092680467059835792,Face,m^2 s^-2,equal_mean_of_two_preceding_1800s_averages,25200,28800,27000.0;28800.0
28800,337.5,total_stress_magnitude,0.00082881608977913857,Face,m^2 s^-2,equal_mean_of_two_preceding_1800s_averages,25200,28800,27000.0;28800.0
28800,350,total_stress_magnitude,0.00065923697547987103,Face,m^2 s^-2,equal_mean_of_two_preceding_1800s_averages,25200,28800,27000.0;28800.0
28800,362.5,total_stress_magnitude,0.00038682615559082478,Face,m^2 s^-2,equal_mean_of_two_preceding_1800s_averages,25200,28800,27000.0;28800.0
28800,375,total_stress_magnitude,0.00014462581020779908,Face,m^2 s^-2,equal_mean_of_two_preceding_1800s_averages,25200,28800,27000.0;28800.0
28800,387.5,total_stress_magnitude,2.8371044209052343e-05,Face,m^2 s^-2,equal_mean_of_two_preceding_1800s_averages,25200,28800,27000.0;28800.0
28800,400,total_stress_magnitude,0,Face,m^2 s^-2,equal_mean_of_two_preceding_1800s_averages,25200,28800,27000.0;28800.0
28800,6.25,total_tke_buoyancy_production,-0.00020794729061890393,Center,m^2 s^-3,equal_mean_of_two_preceding_1800s_averages,25200,28800,27000.0;28800.0
28800,18.75,total_tke_buoyancy_production,-0.00034345335734542459,Center,m^2 s^-3,equal_mean_of_two_preceding_1800s_averages,25200,28800,27000.0;28800.0
28800,31.25,total_tke_buoyancy_production,-0.00027993576077278703,Center,m^2 s^-3,equal_mean_of_two_preceding_1800s_averages,25200,28800,27000.0;28800.0
28800,43.75,total_tke_buoyancy_production,-0.00028380508592817932,Center,m^2 s^-3,equal_mean_of_two_preceding_1800s_averages,25200,28800,27000.0;28800.0
28800,56.25,total_tke_buoyancy_production,-0.00027148936351295561,Center,m^2 s^-3,equal_mean_of_two_preceding_1800s_averages,25200,28800,27000.0;28800.0
28800,68.75,total_tke_buoyancy_production,-0.00025378975260537118,Center,m^2 s^-3,equal_mean_of_two_preceding_1800s_averages,25200,28800,27000.0;28800.0
28800,81.25,total_tke_buoyancy_production,-0.00022956371685722843,Center,m^2 s^-3,equal_mean_of_two_preceding_1800s_averages,25200,28800,27000.0;28800.0
28800,93.75,total_tke_buoyancy_production,-0.00020383212540764362,Center,m^2 s^-3,equal_mean_of_two_preceding_1800s_averages,25200,28800,27000.0;28800.0
28800,106.25,total_tke_buoyancy_production,-0.00018018918490270153,Center,m^2 s^-3,equal_mean_of_two_preceding_1800s_averages,25200,28800,27000.0;28800.0
28800,118.75,total_tke_buoyancy_production,-0.0001574826892465353,Center,m^2 s^-3,equal_mean_of_two_preceding_1800s_averages,25200,28800,27000.0;28800.0
28800,131.25,total_tke_buoyancy_production,-0.00013642559497384354,Center,m^2 s^-3,equal_mean_of_two_preceding_1800s_averages,25200,28800,27000.0;28800.0
28800,143.75,total_tke_buoyancy_production,-0.00011569681373657659,Center,m^2 s^-3,equal_mean_of_two_preceding_1800s_averages,25200,28800,27000.0;28800.0
28800,156.25,total_tke_buoyancy_production,-9.5538249297533184e-05,Center,m^2 s^-3,equal_mean_of_two_preceding_1800s_averages,25200,28800,27000.0;28800.0
28800,168.75,total_tke_buoyancy_production,-7.9219058534363285e-05,Center,m^2 s^-3,equal_mean_of_two_preceding_1800s_averages,25200,28800,27000.0;28800.0
28800,181.25,total_tke_buoyancy_production,-6.6693088228930719e-05,Center,m^2 s^-3,equal_mean_of_two_preceding_1800s_averages,25200,28800,27000.0;28800.0
28800,193.75,total_tke_buoyancy_production,-4.9424757889937609e-05,Center,m^2 s^-3,equal_mean_of_two_preceding_1800s_averages,25200,28800,27000.0;28800.0
28800,206.25,total_tke_buoyancy_production,-2.2727032046532258e-05,Center,m^2 s^-3,equal_mean_of_two_preceding_1800s_averages,25200,28800,27000.0;28800.0
28800,218.75,total_tke_buoyancy_production,-2.4455952143398463e-06,Center,m^2 s^-3,equal_mean_of_two_preceding_1800s_averages,25200,28800,27000.0;28800.0
28800,231.25,total_tke_buoyancy_production,2.7252996233073645e-06,Center,m^2 s^-3,equal_mean_of_two_preceding_1800s_averages,25200,28800,27000.0;28800.0
28800,243.75,total_tke_buoyancy_production,2.9205356213424238e-06,Center,m^2 s^-3,equal_mean_of_two_preceding_1800s_averages,25200,28800,27000.0;28800.0
28800,256.25,total_tke_buoyancy_production,2.4271759002658655e-06,Center,m^2 s^-3,equal_mean_of_two_preceding_1800s_averages,25200,28800,27000.0;28800.0
28800,268.75,total_tke_buoyancy_production,1.1088039144624418e-06,Center,m^2 s^-3,equal_mean_of_two_preceding_1800s_averages,25200,28800,27000.0;28800.0
28800,281.25,total_tke_buoyancy_production,2.034649497772989e-07,Center,m^2 s^-3,equal_mean_of_two_preceding_1800s_averages,25200,28800,27000.0;28800.0
28800,293.75,total_tke_buoyancy_production,6.5965721773864061e-08,Center,m^2 s^-3,equal_mean_of_two_preceding_1800s_averages,25200,28800,27000.0;28800.0
28800,306.25,total_tke_buoyancy_production,4.9272000524069881e-07,Center,m^2 s^-3,equal_mean_of_two_preceding_1800s_averages,25200,28800,27000.0;28800.0
28800,318.75,total_tke_buoyancy_production,7.7611890958451113e-07,Center,m^2 s^-3,equal_mean_of_two_preceding_1800s_averages,25200,28800,27000.0;28800.0
28800,331.25,total_tke_buoyancy_production,5.7773573303165904e-07,Center,m^2 s^-3,equal_mean_of_two_preceding_1800s_averages,25200,28800,27000.0;28800.0
28800,343.75,total_tke_buoyancy_production,2.374209717714848e-07,Center,m^2 s^-3,equal_mean_of_two_preceding_1800s_averages,25200,28800,27000.0;28800.0
28800,356.25,total_tke_buoyancy_production,9.0518170736686443e-08,Center,m^2 s^-3,equal_mean_of_two_preceding_1800s_averages,25200,28800,27000.0;28800.0
28800,368.75,total_tke_buoyancy_production,9.620711693969497e-08,Center,m^2 s^-3,equal_mean_of_two_preceding_1800s_averages,25200,28800,27000.0;28800.0
28800,381.25,total_tke_buoyancy_production,4.6292136346437474e-08,Center,m^2 s^-3,equal_mean_of_two_preceding_1800s_averages,25200,28800,27000.0;28800.0
28800,393.75,total_tke_buoyancy_production,-2.1418946616336143e-09,Center,m^2 s^-3,equal_mean_of_two_preceding_1800s_averages,25200,28800,27000.0;28800.0
28800,6.25,total_tke_shear_production,0.01328342966735363,Center,m^2 s^-3,equal_mean_of_two_preceding_1800s_averages,25200,28800,27000.0;28800.0
28800,18.75,total_tke_shear_production,0.0038788465317338705,Center,m^2 s^-3,equal_mean_of_two_preceding_1800s_averages,25200,28800,27000.0;28800.0
28800,31.25,total_tke_shear_production,0.0028836204437538981,Center,m^2 s^-3,equal_mean_of_two_preceding_1800s_averages,25200,28800,27000.0;28800.0
28800,43.75,total_tke_shear_production,0.0024668379919603467,Center,m^2 s^-3,equal_mean_of_two_preceding_1800s_averages,25200,28800,27000.0;28800.0
28800,56.25,total_tke_shear_production,0.0019670208566822112,Center,m^2 s^-3,equal_mean_of_two_preceding_1800s_averages,25200,28800,27000.0;28800.0
28800,68.75,total_tke_shear_production,0.0015042855520732701,Center,m^2 s^-3,equal_mean_of_two_preceding_1800s_averages,25200,28800,27000.0;28800.0
28800,81.25,total_tke_shear_production,0.0011555664241313934,Center,m^2 s^-3,equal_mean_of_two_preceding_1800s_averages,25200,28800,27000.0;28800.0
28800,93.75,total_tke_shear_production,0.00091431755572557449,Center,m^2 s^-3,equal_mean_of_two_preceding_1800s_averages,25200,28800,27000.0;28800.0
28800,106.25,total_tke_shear_production,0.00073822689591906965,Center,m^2 s^-3,equal_mean_of_two_preceding_1800s_averages,25200,28800,27000.0;28800.0
28800,118.75,total_tke_shear_production,0.00064028208726085722,Center,m^2 s^-3,equal_mean_of_two_preceding_1800s_averages,25200,28800,27000.0;28800.0
28800,131.25,total_tke_shear_production,0.00055658914789091796,Center,m^2 s^-3,equal_mean_of_two_preceding_1800s_averages,25200,28800,27000.0;28800.0
28800,143.75,total_tke_shear_production,0.00044635173981077969,Center,m^2 s^-3,equal_mean_of_two_preceding_1800s_averages,25200,28800,27000.0;28800.0
28800,156.25,total_tke_shear_production,0.00033211451227543876,Center,m^2 s^-3,equal_mean_of_two_preceding_1800s_averages,25200,28800,27000.0;28800.0
28800,168.75,total_tke_shear_production,0.0002453419947414659,Center,m^2 s^-3,equal_mean_of_two_preceding_1800s_averages,25200,28800,27000.0;28800.0
28800,181.25,total_tke_shear_production,0.00017386775652994402,Center,m^2 s^-3,equal_mean_of_two_preceding_1800s_averages,25200,28800,27000.0;28800.0
28800,193.75,total_tke_shear_production,8.1090936873806641e-05,Center,m^2 s^-3,equal_mean_of_two_preceding_1800s_averages,25200,28800,27000.0;28800.0
28800,206.25,total_tke_shear_production,-3.518177663863753e-06,Center,m^2 s^-3,equal_mean_of_two_preceding_1800s_averages,25200,28800,27000.0;28800.0
28800,218.75,total_tke_shear_production,-3.0856453122396488e-05,Center,m^2 s^-3,equal_mean_of_two_preceding_1800s_averages,25200,28800,27000.0;28800.0
28800,231.25,total_tke_shear_production,-2.0483687876549084e-05,Center,m^2 s^-3,equal_mean_of_two_preceding_1800s_averages,25200,28800,27000.0;28800.0
28800,243.75,total_tke_shear_production,-9.1861484179389663e-06,Center,m^2 s^-3,equal_mean_of_two_preceding_1800s_averages,25200,28800,27000.0;28800.0
28800,256.25,total_tke_shear_production,-2.8081177561034565e-06,Center,m^2 s^-3,equal_mean_of_two_preceding_1800s_averages,25200,28800,27000.0;28800.0
28800,268.75,total_tke_shear_production,-3.7246155315528995e-07,Center,m^2 s^-3,equal_mean_of_two_preceding_1800s_averages,25200,28800,27000.0;28800.0
28800,281.25,total_tke_shear_production,2.6612189252261942e-07,Center,m^2 s^-3,equal_mean_of_two_preceding_1800s_averages,25200,28800,27000.0;28800.0
28800,293.75,total_tke_shear_production,5.0150961827810647e-08,Center,m^2 s^-3,equal_mean_of_two_preceding_1800s_averages,25200,28800,27000.0;28800.0
28800,306.25,total_tke_shear_production,-6.0653161426671431e-07,Center,m^2 s^-3,equal_mean_of_two_preceding_1800s_averages,25200,28800,27000.0;28800.0
28800,318.75,total_tke_shear_production,-8.5717809383822896e-07,Center,m^2 s^-3,equal_mean_of_two_preceding_1800s_averages,25200,28800,27000.0;28800.0
28800,331.25,total_tke_shear_production,-4.5860426212129823e-07,Center,m^2 s^-3,equal_mean_of_two_preceding_1800s_averages,25200,28800,27000.0;28800.0
28800,343.75,total_tke_shear_production,-2.7210266484445356e-08,Center,m^2 s^-3,equal_mean_of_two_preceding_1800s_averages,25200,28800,27000.0;28800.0
28800,356.25,total_tke_shear_production,2.1547680972844319e-07,Center,m^2 s^-3,equal_mean_of_two_preceding_1800s_averages,25200,28800,27000.0;28800.0
28800,368.75,total_tke_shear_production,2.431246457490488e-07,Center,m^2 s^-3,equal_mean_of_two_preceding_1800s_averages,25200,28800,27000.0;28800.0
28800,381.25,total_tke_shear_production,1.038620673909918e-07,Center,m^2 s^-3,equal_mean_of_two_preceding_1800s_averages,25200,28800,27000.0;28800.0
28800,393.75,total_tke_shear_production,1.7925987361167017e-08,Center,m^2 s^-3,equal_mean_of_two_preceding_1800s_averages,25200,28800,27000.0;28800.0
28800,0,total_u_w_flux,-0.071209151297807693,Face,m^2 s^-2,equal_mean_of_two_preceding_1800s_averages,25200,28800,27000.0;28800.0
28800,12.5,total_u_w_flux,-0.067428935319185257,Face,m^2 s^-2,equal_mean_of_two_preceding_1800s_averages,25200,28800,27000.0;28800.0
28800,25,total_u_w_flux,-0.0359298475086689,Face,m^2 s^-2,equal_mean_of_two_preceding_1800s_averages,25200,28800,27000.0;28800.0
28800,37.5,total_u_w_flux,-0.048142934218049049,Face,m^2 s^-2,equal_mean_of_two_preceding_1800s_averages,25200,28800,27000.0;28800.0
28800,50,total_u_w_flux,-0.047411976382136345,Face,m^2 s^-2,equal_mean_of_two_preceding_1800s_averages,25200,28800,27000.0;28800.0
28800,62.5,total_u_w_flux,-0.044009190052747726,Face,m^2 s^-2,equal_mean_of_two_preceding_1800s_averages,25200,28800,27000.0;28800.0
28800,75,total_u_w_flux,-0.039644906297326088,Face,m^2 s^-2,equal_mean_of_two_preceding_1800s_averages,25200,28800,27000.0;28800.0
28800,87.5,total_u_w_flux,-0.034305554814636707,Face,m^2 s^-2,equal_mean_of_two_preceding_1800s_averages,25200,28800,27000.0;28800.0
28800,100,total_u_w_flux,-0.030461984686553478,Face,m^2 s^-2,equal_mean_of_two_preceding_1800s_averages,25200,28800,27000.0;28800.0
28800,112.5,total_u_w_flux,-0.026083453558385372,Face,m^2 s^-2,equal_mean_of_two_preceding_1800s_averages,25200,28800,27000.0;28800.0
28800,125,total_u_w_flux,-0.021309805102646351,Face,m^2 s^-2,equal_mean_of_two_preceding_1800s_averages,25200,28800,27000.0;28800.0
28800,137.5,total_u_w_flux,-0.016746364068239927,Face,m^2 s^-2,equal_mean_of_two_preceding_1800s_averages,25200,28800,27000.0;28800.0
28800,150,total_u_w_flux,-0.012534475652500987,Face,m^2 s^-2,equal_mean_of_two_preceding_1800s_averages,25200,28800,27000.0;28800.0
28800,162.5,total_u_w_flux,-0.0087777918670326471,Face,m^2 s^-2,equal_mean_of_two_preceding_1800s_averages,25200,28800,27000.0;28800.0
28800,175,total_u_w_flux,-0.0055319869425147772,Face,m^2 s^-2,equal_mean_of_two_preceding_1800s_averages,25200,28800,27000.0;28800.0
28800,187.5,total_u_w_flux,-0.0031200525118038058,Face,m^2 s^-2,equal_mean_of_two_preceding_1800s_averages,25200,28800,27000.0;28800.0
28800,200,total_u_w_flux,-0.0019102791557088494,Face,m^2 s^-2,equal_mean_of_two_preceding_1800s_averages,25200,28800,27000.0;28800.0
28800,212.5,total_u_w_flux,-0.0013322620070539415,Face,m^2 s^-2,equal_mean_of_two_preceding_1800s_averages,25200,28800,27000.0;28800.0
28800,225,total_u_w_flux,-0.0012383373687043786,Face,m^2 s^-2,equal_mean_of_two_preceding_1800s_averages,25200,28800,27000.0;28800.0
28800,237.5,total_u_w_flux,-0.0011194469407200813,Face,m^2 s^-2,equal_mean_of_two_preceding_1800s_averages,25200,28800,27000.0;28800.0
28800,250,total_u_w_flux,-0.0010416184668429196,Face,m^2 s^-2,equal_mean_of_two_preceding_1800s_averages,25200,28800,27000.0;28800.0
28800,262.5,total_u_w_flux,-0.0010239785187877715,Face,m^2 s^-2,equal_mean_of_two_preceding_1800s_averages,25200,28800,27000.0;28800.0
28800,275,total_u_w_flux,-0.00099954954930581152,Face,m^2 s^-2,equal_mean_of_two_preceding_1800s_averages,25200,28800,27000.0;28800.0
28800,287.5,total_u_w_flux,-0.00097367563284933567,Face,m^2 s^-2,equal_mean_of_two_preceding_1800s_averages,25200,28800,27000.0;28800.0
28800,300,total_u_w_flux,-0.00096056293114088476,Face,m^2 s^-2,equal_mean_of_two_preceding_1800s_averages,25200,28800,27000.0;28800.0
28800,312.5,total_u_w_flux,-0.00093944024411030114,Face,m^2 s^-2,equal_mean_of_two_preceding_1800s_averages,25200,28800,27000.0;28800.0
28800,325,total_u_w_flux,-0.00086690217722207308,Face,m^2 s^-2,equal_mean_of_two_preceding_1800s_averages,25200,28800,27000.0;28800.0
28800,337.5,total_u_w_flux,-0.00073089145007543266,Face,m^2 s^-2,equal_mean_of_two_preceding_1800s_averages,25200,28800,27000.0;28800.0
28800,350,total_u_w_flux,-0.00054105304297991097,Face,m^2 s^-2,equal_mean_of_two_preceding_1800s_averages,25200,28800,27000.0;28800.0
28800,362.5,total_u_w_flux,-0.00031292204221244901,Face,m^2 s^-2,equal_mean_of_two_preceding_1800s_averages,25200,28800,27000.0;28800.0
28800,375,total_u_w_flux,-0.00011716379231074825,Face,m^2 s^-2,equal_mean_of_two_preceding_1800s_averages,25200,28800,27000.0;28800.0
28800,387.5,total_u_w_flux,-2.1416301024146378e-05,Face,m^2 s^-2,equal_mean_of_two_preceding_1800s_averages,25200,28800,27000.0;28800.0
28800,400,total_u_w_flux,0,Face,m^2 s^-2,equal_mean_of_two_preceding_1800s_averages,25200,28800,27000.0;28800.0
28800,0,total_v_w_flux,-0.048523647710680962,Face,m^2 s^-2,equal_mean_of_two_preceding_1800s_averages,25200,28800,27000.0;28800.0
28800,12.5,total_v_w_flux,-0.038472728803753853,Face,m^2 s^-2,equal_mean_of_two_preceding_1800s_averages,25200,28800,27000.0;28800.0
28800,25,total_v_w_flux,-0.016201181337237358,Face,m^2 s^-2,equal_mean_of_two_preceding_1800s_averages,25200,28800,27000.0;28800.0
28800,37.5,total_v_w_flux,-0.01829568762332201,Face,m^2 s^-2,equal_mean_of_two_preceding_1800s_averages,25200,28800,27000.0;28800.0
28800,50,total_v_w_flux,-0.013962695840746164,Face,m^2 s^-2,equal_mean_of_two_preceding_1800s_averages,25200,28800,27000.0;28800.0
28800,62.5,total_v_w_flux,-0.010499870870262384,Face,m^2 s^-2,equal_mean_of_two_preceding_1800s_averages,25200,28800,27000.0;28800.0
28800,75,total_v_w_flux,-0.0072724816855043173,Face,m^2 s^-2,equal_mean_of_two_preceding_1800s_averages,25200,28800,27000.0;28800.0
28800,87.5,total_v_w_flux,-0.0044429823756217957,Face,m^2 s^-2,equal_mean_of_two_preceding_1800s_averages,25200,28800,27000.0;28800.0
28800,100,total_v_w_flux,-0.0018728888244368136,Face,m^2 s^-2,equal_mean_of_two_preceding_1800s_averages,25200,28800,27000.0;28800.0
28800,112.5,total_v_w_flux,0.0001682128022366669,Face,m^2 s^-2,equal_mean_of_two_preceding_1800s_averages,25200,28800,27000.0;28800.0
28800,125,total_v_w_flux,0.0017675049602985382,Face,m^2 s^-2,equal_mean_of_two_preceding_1800s_averages,25200,28800,27000.0;28800.0
28800,137.5,total_v_w_flux,0.0034238464431837201,Face,m^2 s^-2,equal_mean_of_two_preceding_1800s_averages,25200,28800,27000.0;28800.0
28800,150,total_v_w_flux,0.0036109729553572834,Face,m^2 s^-2,equal_mean_of_two_preceding_1800s_averages,25200,28800,27000.0;28800.0
28800,162.5,total_v_w_flux,0.0039149017538875341,Face,m^2 s^-2,equal_mean_of_two_preceding_1800s_averages,25200,28800,27000.0;28800.0
28800,175,total_v_w_flux,0.0036054503871127963,Face,m^2 s^-2,equal_mean_of_two_preceding_1800s_averages,25200,28800,27000.0;28800.0
28800,187.5,total_v_w_flux,0.0025212920154444873,Face,m^2 s^-2,equal_mean_of_two_preceding_1800s_averages,25200,28800,27000.0;28800.0
28800,200,total_v_w_flux,0.00089923894847743213,Face,m^2 s^-2,equal_mean_of_two_preceding_1800s_averages,25200,28800,27000.0;28800.0
28800,212.5,total_v_w_flux,-0.00020346001838333905,Face,m^2 s^-2,equal_mean_of_two_preceding_1800s_averages,25200,28800,27000.0;28800.0
28800,225,total_v_w_flux,-0.00015347620137617923,Face,m^2 s^-2,equal_mean_of_two_preceding_1800s_averages,25200,28800,27000.0;28800.0
28800,237.5,total_v_w_flux,-4.3020827433792874e-06,Face,m^2 s^-2,equal_mean_of_two_preceding_1800s_averages,25200,28800,27000.0;28800.0
28800,250,total_v_w_flux,5.6967510317917913e-05,Face,m^2 s^-2,equal_mean_of_two_preceding_1800s_averages,25200,28800,27000.0;28800.0
28800,262.5,total_v_w_flux,7.8114284406183288e-05,Face,m^2 s^-2,equal_mean_of_two_preceding_1800s_averages,25200,28800,27000.0;28800.0
28800,275,total_v_w_flux,8.2524838944664225e-05,Face,m^2 s^-2,equal_mean_of_two_preceding_1800s_averages,25200,28800,27000.0;28800.0
28800,287.5,total_v_w_flux,7.303395432245452e-05,Face,m^2 s^-2,equal_mean_of_two_preceding_1800s_averages,25200,28800,27000.0;28800.0
28800,300,total_v_w_flux,6.4999161622836255e-05,Face,m^2 s^-2,equal_mean_of_two_preceding_1800s_averages,25200,28800,27000.0;28800.0
28800,312.5,total_v_w_flux,6.4374675275757909e-05,Face,m^2 s^-2,equal_mean_of_two_preceding_1800s_averages,25200,28800,27000.0;28800.0
28800,325,total_v_w_flux,6.5905769588425756e-05,Face,m^2 s^-2,equal_mean_of_two_preceding_1800s_averages,25200,28800,27000.0;28800.0
28800,337.5,total_v_w_flux,5.7749641200643964e-05,Face,m^2 s^-2,equal_mean_of_two_preceding_1800s_averages,25200,28800,27000.0;28800.0
28800,350,total_v_w_flux,3.5228069464210421e-05,Face,m^2 s^-2,equal_mean_of_two_preceding_1800s_averages,25200,28800,27000.0;28800.0
28800,362.5,total_v_w_flux,2.1717609342886135e-05,Face,m^2 s^-2,equal_mean_of_two_preceding_1800s_averages,25200,28800,27000.0;28800.0
28800,375,total_v_w_flux,1.6988866264000535e-05,Face,m^2 s^-2,equal_mean_of_two_preceding_1800s_averages,25200,28800,27000.0;28800.0
28800,387.5,total_v_w_flux,8.6562049546046183e-06,Face,m^2 s^-2,equal_mean_of_two_preceding_1800s_averages,25200,28800,27000.0;28800.0
28800,400,total_v_w_flux,0,Face,m^2 s^-2,equal_mean_of_two_preceding_1800s_averages,25200,28800,27000.0;28800.0
28800,0,total_w_theta_flux,-0.011722479481250048,Face,K m s^-1,equal_mean_of_two_preceding_1800s_averages,25200,28800,27000.0;28800.0
28800,12.5,total_w_theta_flux,-0.011182382702827454,Face,K m s^-1,equal_mean_of_two_preceding_1800s_averages,25200,28800,27000.0;28800.0
28800,25,total_w_theta_flux,-0.0072981859557330608,Face,K m s^-1,equal_mean_of_two_preceding_1800s_averages,25200,28800,27000.0;28800.0
28800,37.5,total_w_theta_flux,-0.0077833603136241436,Face,K m s^-1,equal_mean_of_two_preceding_1800s_averages,25200,28800,27000.0;28800.0
28800,50,total_w_theta_flux,-0.0075154479127377272,Face,K m s^-1,equal_mean_of_two_preceding_1800s_averages,25200,28800,27000.0;28800.0
28800,62.5,total_w_theta_flux,-0.0071277623064815998,Face,K m s^-1,equal_mean_of_two_preceding_1800s_averages,25200,28800,27000.0;28800.0
28800,75,total_w_theta_flux,-0.0065677538514137268,Face,K m s^-1,equal_mean_of_two_preceding_1800s_averages,25200,28800,27000.0;28800.0
28800,87.5,total_w_theta_flux,-0.0058260413352400064,Face,K m s^-1,equal_mean_of_two_preceding_1800s_averages,25200,28800,27000.0;28800.0
28800,100,total_w_theta_flux,-0.0051832932513207197,Face,K m s^-1,equal_mean_of_two_preceding_1800s_averages,25200,28800,27000.0;28800.0
28800,112.5,total_w_theta_flux,-0.0045531736686825752,Face,K m s^-1,equal_mean_of_two_preceding_1800s_averages,25200,28800,27000.0;28800.0
28800,125,total_w_theta_flux,-0.0039599284064024687,Face,K m s^-1,equal_mean_of_two_preceding_1800s_averages,25200,28800,27000.0;28800.0
28800,137.5,total_w_theta_flux,-0.0034182423260062933,Face,K m s^-1,equal_mean_of_two_preceding_1800s_averages,25200,28800,27000.0;28800.0
28800,150,total_w_theta_flux,-0.0028422090108506382,Face,K m s^-1,equal_mean_of_two_preceding_1800s_averages,25200,28800,27000.0;28800.0
28800,162.5,total_w_theta_flux,-0.002331000694539398,Face,K m s^-1,equal_mean_of_two_preceding_1800s_averages,25200,28800,27000.0;28800.0
28800,175,total_w_theta_flux,-0.0019621909596025944,Face,K m s^-1,equal_mean_of_two_preceding_1800s_averages,25200,28800,27000.0;28800.0
28800,187.5,total_w_theta_flux,-0.0016557126655243337,Face,K m s^-1,equal_mean_of_two_preceding_1800s_averages,25200,28800,27000.0;28800.0
28800,200,total_w_theta_flux,-0.001028544909786433,Face,K m s^-1,equal_mean_of_two_preceding_1800s_averages,25200,28800,27000.0;28800.0
28800,212.5,total_w_theta_flux,-0.00020762603526236489,Face,K m s^-1,equal_mean_of_two_preceding_1800s_averages,25200,28800,27000.0;28800.0
28800,225,total_w_theta_flux,7.3540693847462535e-05,Face,K m s^-1,equal_mean_of_two_preceding_1800s_averages,25200,28800,27000.0;28800.0
28800,237.5,total_w_theta_flux,7.432474012603052e-05,Face,K m s^-1,equal_mean_of_two_preceding_1800s_averages,25200,28800,27000.0;28800.0
28800,250,total_w_theta_flux,8.5181265603750944e-05,Face,K m s^-1,equal_mean_of_two_preceding_1800s_averages,25200,28800,27000.0;28800.0
28800,262.5,total_w_theta_flux,4.7819837163842749e-05,Face,K m s^-1,equal_mean_of_two_preceding_1800s_averages,25200,28800,27000.0;28800.0
28800,275,total_w_theta_flux,1.2987056834390387e-05,Face,K m s^-1,equal_mean_of_two_preceding_1800s_averages,25200,28800,27000.0;28800.0
28800,287.5,total_w_theta_flux,-1.9210515347367618e-06,Face,K m s^-1,equal_mean_of_two_preceding_1800s_averages,25200,28800,27000.0;28800.0
28800,300,total_w_theta_flux,5.4066358643467538e-06,Face,K m s^-1,equal_mean_of_two_preceding_1800s_averages,25200,28800,27000.0;28800.0
28800,312.5,total_w_theta_flux,2.159067003049131e-05,Face,K m s^-1,equal_mean_of_two_preceding_1800s_averages,25200,28800,27000.0;28800.0
28800,325,total_w_theta_flux,2.1069941794849001e-05,Face,K m s^-1,equal_mean_of_two_preceding_1800s_averages,25200,28800,27000.0;28800.0
28800,337.5,total_w_theta_flux,1.0688053862395464e-05,Face,K m s^-1,equal_mean_of_two_preceding_1800s_averages,25200,28800,27000.0;28800.0
28800,350,total_w_theta_flux,2.3058400984155014e-06,Face,K m s^-1,equal_mean_of_two_preceding_1800s_averages,25200,28800,27000.0;28800.0
28800,362.5,total_w_theta_flux,2.6233965400024317e-06,Face,K m s^-1,equal_mean_of_two_preceding_1800s_averages,25200,28800,27000.0;28800.0
28800,375,total_w_theta_flux,2.6812272153620142e-06,Face,K m s^-1,equal_mean_of_two_preceding_1800s_averages,25200,28800,27000.0;28800.0
28800,387.5,total_w_theta_flux,-1.1856025139422854e-07,Face,K m s^-1,equal_mean_of_two_preceding_1800s_averages,25200,28800,27000.0;28800.0
28800,400,total_w_theta_flux,0,Face,K m s^-1,equal_mean_of_two_preceding_1800s_averages,25200,28800,27000.0;28800.0
28800,0,turbulent_tke_flux,0,Face,m^3 s^-3,equal_mean_of_two_preceding_1800s_averages,25200,28800,27000.0;28800.0
28800,12.5,turbulent_tke_flux,-0.0026867124252021313,Face,m^3 s^-3,equal_mean_of_two_preceding_1800s_averages,25200,28800,27000.0;28800.0
28800,25,turbulent_tke_flux,-0.0036851251497864723,Face,m^3 s^-3,equal_mean_of_two_preceding_1800s_averages,25200,28800,27000.0;28800.0
28800,37.5,turbulent_tke_flux,0.0010801374010043219,Face,m^3 s^-3,equal_mean_of_two_preceding_1800s_averages,25200,28800,27000.0;28800.0
28800,50,turbulent_tke_flux,0.0046382229775190353,Face,m^3 s^-3,equal_mean_of_two_preceding_1800s_averages,25200,28800,27000.0;28800.0
28800,62.5,turbulent_tke_flux,0.0062266919994726777,Face,m^3 s^-3,equal_mean_of_two_preceding_1800s_averages,25200,28800,27000.0;28800.0
28800,75,turbulent_tke_flux,0.0060550641501322389,Face,m^3 s^-3,equal_mean_of_two_preceding_1800s_averages,25200,28800,27000.0;28800.0
28800,87.5,turbulent_tke_flux,0.004735942929983139,Face,m^3 s^-3,equal_mean_of_two_preceding_1800s_averages,25200,28800,27000.0;28800.0
28800,100,turbulent_tke_flux,0.0034755122032947838,Face,m^3 s^-3,equal_mean_of_two_preceding_1800s_averages,25200,28800,27000.0;28800.0
28800,112.5,turbulent_tke_flux,0.0029916343046352267,Face,m^3 s^-3,equal_mean_of_two_preceding_1800s_averages,25200,28800,27000.0;28800.0
28800,125,turbulent_tke_flux,0.0033136747078970075,Face,m^3 s^-3,equal_mean_of_two_preceding_1800s_averages,25200,28800,27000.0;28800.0
28800,137.5,turbulent_tke_flux,0.0029622036963701248,Face,m^3 s^-3,equal_mean_of_two_preceding_1800s_averages,25200,28800,27000.0;28800.0
28800,150,turbulent_tke_flux,0.002085508283926174,Face,m^3 s^-3,equal_mean_of_two_preceding_1800s_averages,25200,28800,27000.0;28800.0
28800,162.5,turbulent_tke_flux,0.0014259837116696872,Face,m^3 s^-3,equal_mean_of_two_preceding_1800s_averages,25200,28800,27000.0;28800.0
28800,175,turbulent_tke_flux,0.0010977867682200326,Face,m^3 s^-3,equal_mean_of_two_preceding_1800s_averages,25200,28800,27000.0;28800.0
28800,187.5,turbulent_tke_flux,0.00079895216913428158,Face,m^3 s^-3,equal_mean_of_two_preceding_1800s_averages,25200,28800,27000.0;28800.0
28800,200,turbulent_tke_flux,0.00037806102409376763,Face,m^3 s^-3,equal_mean_of_two_preceding_1800s_averages,25200,28800,27000.0;28800.0
28800,212.5,turbulent_tke_flux,2.6651442567526828e-05,Face,m^3 s^-3,equal_mean_of_two_preceding_1800s_averages,25200,28800,27000.0;28800.0
28800,225,turbulent_tke_flux,-4.3654411967963824e-05,Face,m^3 s^-3,equal_mean_of_two_preceding_1800s_averages,25200,28800,27000.0;28800.0
28800,237.5,turbulent_tke_flux,-3.4062873055518139e-05,Face,m^3 s^-3,equal_mean_of_two_preceding_1800s_averages,25200,28800,27000.0;28800.0
28800,250,turbulent_tke_flux,-1.0204490081378026e-05,Face,m^3 s^-3,equal_mean_of_two_preceding_1800s_averages,25200,28800,27000.0;28800.0
28800,262.5,turbulent_tke_flux,3.7226702715997817e-06,Face,m^3 s^-3,equal_mean_of_two_preceding_1800s_averages,25200,28800,27000.0;28800.0
28800,275,turbulent_tke_flux,6.6103792732974398e-06,Face,m^3 s^-3,equal_mean_of_two_preceding_1800s_averages,25200,28800,27000.0;28800.0
28800,287.5,turbulent_tke_flux,1.7119475614890689e-08,Face,m^3 s^-3,equal_mean_of_two_preceding_1800s_averages,25200,28800,27000.0;28800.0
28800,300,turbulent_tke_flux,-7.4511536922727828e-06,Face,m^3 s^-3,equal_mean_of_two_preceding_1800s_averages,25200,28800,27000.0;28800.0
28800,312.5,turbulent_tke_flux,-9.0254860651839408e-06,Face,m^3 s^-3,equal_mean_of_two_preceding_1800s_averages,25200,28800,27000.0;28800.0
28800,325,turbulent_tke_flux,-4.7423640125998645e-06,Face,m^3 s^-3,equal_mean_of_two_preceding_1800s_averages,25200,28800,27000.0;28800.0
28800,337.5,turbulent_tke_flux,4.3394265958340839e-08,Face,m^3 s^-3,equal_mean_of_two_preceding_1800s_averages,25200,28800,27000.0;28800.0
28800,350,turbulent_tke_flux,1.7254848216907703e-06,Face,m^3 s^-3,equal_mean_of_two_preceding_1800s_averages,25200,28800,27000.0;28800.0
28800,362.5,turbulent_tke_flux,1.490963668970835e-06,Face,m^3 s^-3,equal_mean_of_two_preceding_1800s_averages,25200,28800,27000.0;28800.0
28800,375,turbulent_tke_flux,6.9559365556415287e-07,Face,m^3 s^-3,equal_mean_of_two_preceding_1800s_averages,25200,28800,27000.0;28800.0
28800,387.5,turbulent_tke_flux,1.8439131821423871e-07,Face,m^3 s^-3,equal_mean_of_two_preceding_1800s_averages,25200,28800,27000.0;28800.0
28800,400,turbulent_tke_flux,0,Face,m^3 s^-3,equal_mean_of_two_preceding_1800s_averages,25200,28800,27000.0;28800.0
28800,6.25,u_mean,2.6157560348510742,Center,m s^-1,equal_mean_of_two_preceding_1800s_averages,25200,28800,27000.0;28800.0
28800,18.75,u_mean,3.2696353197097778,Center,m s^-1,equal_mean_of_two_preceding_1800s_averages,25200,28800,27000.0;28800.0
28800,31.25,u_mean,4.1687023639678955,Center,m s^-1,equal_mean_of_two_preceding_1800s_averages,25200,28800,27000.0;28800.0
28800,43.75,u_mean,4.7915685176849365,Center,m s^-1,equal_mean_of_two_preceding_1800s_averages,25200,28800,27000.0;28800.0
28800,56.25,u_mean,5.3224670886993408,Center,m s^-1,equal_mean_of_two_preceding_1800s_averages,25200,28800,27000.0;28800.0
28800,68.75,u_mean,5.7867660522460938,Center,m s^-1,equal_mean_of_two_preceding_1800s_averages,25200,28800,27000.0;28800.0
28800,81.25,u_mean,6.1882259845733643,Center,m s^-1,equal_mean_of_two_preceding_1800s_averages,25200,28800,27000.0;28800.0
28800,93.75,u_mean,6.5657467842102051,Center,m s^-1,equal_mean_of_two_preceding_1800s_averages,25200,28800,27000.0;28800.0
28800,106.25,u_mean,6.8992350101470947,Center,m s^-1,equal_mean_of_two_preceding_1800s_averages,25200,28800,27000.0;28800.0
28800,118.75,u_mean,7.2282636165618896,Center,m s^-1,equal_mean_of_two_preceding_1800s_averages,25200,28800,27000.0;28800.0
28800,131.25,u_mean,7.581535816192627,Center,m s^-1,equal_mean_of_two_preceding_1800s_averages,25200,28800,27000.0;28800.0
28800,143.75,u_mean,7.9375874996185303,Center,m s^-1,equal_mean_of_two_preceding_1800s_averages,25200,28800,27000.0;28800.0
28800,156.25,u_mean,8.2661933898925781,Center,m s^-1,equal_mean_of_two_preceding_1800s_averages,25200,28800,27000.0;28800.0
28800,168.75,u_mean,8.541839599609375,Center,m s^-1,equal_mean_of_two_preceding_1800s_averages,25200,28800,27000.0;28800.0
28800,181.25,u_mean,8.7449250221252441,Center,m s^-1,equal_mean_of_two_preceding_1800s_averages,25200,28800,27000.0;28800.0
28800,193.75,u_mean,8.8208236694335938,Center,m s^-1,equal_mean_of_two_preceding_1800s_averages,25200,28800,27000.0;28800.0
28800,206.25,u_mean,8.7169580459594727,Center,m s^-1,equal_mean_of_two_preceding_1800s_averages,25200,28800,27000.0;28800.0
28800,218.75,u_mean,8.4902973175048828,Center,m s^-1,equal_mean_of_two_preceding_1800s_averages,25200,28800,27000.0;28800.0
28800,231.25,u_mean,8.2405796051025391,Center,m s^-1,equal_mean_of_two_preceding_1800s_averages,25200,28800,27000.0;28800.0
28800,243.75,u_mean,8.072272777557373,Center,m s^-1,equal_mean_of_two_preceding_1800s_averages,25200,28800,27000.0;28800.0
28800,256.25,u_mean,8.0009195804595947,Center,m s^-1,equal_mean_of_two_preceding_1800s_averages,25200,28800,27000.0;28800.0
28800,268.75,u_mean,7.9851143360137939,Center,m s^-1,equal_mean_of_two_preceding_1800s_averages,25200,28800,27000.0;28800.0
28800,281.25,u_mean,7.9884865283966064,Center,m s^-1,equal_mean_of_two_preceding_1800s_averages,25200,28800,27000.0;28800.0
28800,293.75,u_mean,7.9940106868743896,Center,m s^-1,equal_mean_of_two_preceding_1800s_averages,25200,28800,27000.0;28800.0
28800,306.25,u_mean,7.9916191101074219,Center,m s^-1,equal_mean_of_two_preceding_1800s_averages,25200,28800,27000.0;28800.0
28800,318.75,u_mean,7.9793052673339844,Center,m s^-1,equal_mean_of_two_preceding_1800s_averages,25200,28800,27000.0;28800.0
28800,331.25,u_mean,7.9674673080444336,Center,m s^-1,equal_mean_of_two_preceding_1800s_averages,25200,28800,27000.0;28800.0
28800,343.75,u_mean,7.9616105556488037,Center,m s^-1,equal_mean_of_two_preceding_1800s_averages,25200,28800,27000.0;28800.0
28800,356.25,u_mean,7.9612882137298584,Center,m s^-1,equal_mean_of_two_preceding_1800s_averages,25200,28800,27000.0;28800.0
28800,368.75,u_mean,7.970651388168335,Center,m s^-1,equal_mean_of_two_preceding_1800s_averages,25200,28800,27000.0;28800.0
28800,381.25,u_mean,7.9847738742828369,Center,m s^-1,equal_mean_of_two_preceding_1800s_averages,25200,28800,27000.0;28800.0
28800,393.75,u_mean,7.9972686767578125,Center,m s^-1,equal_mean_of_two_preceding_1800s_averages,25200,28800,27000.0;28800.0
28800,6.25,u_variance,0.073970053344964981,Center,m^2 s^-2,equal_mean_of_two_preceding_1800s_averages,25200,28800,27000.0;28800.0
28800,18.75,u_variance,0.20751717686653137,Center,m^2 s^-2,equal_mean_of_two_preceding_1800s_averages,25200,28800,27000.0;28800.0
28800,31.25,u_variance,0.29370909929275513,Center,m^2 s^-2,equal_mean_of_two_preceding_1800s_averages,25200,28800,27000.0;28800.0
28800,43.75,u_variance,0.28905238211154938,Center,m^2 s^-2,equal_mean_of_two_preceding_1800s_averages,25200,28800,27000.0;28800.0
28800,56.25,u_variance,0.27155149728059769,Center,m^2 s^-2,equal_mean_of_two_preceding_1800s_averages,25200,28800,27000.0;28800.0
28800,68.75,u_variance,0.2473619282245636,Center,m^2 s^-2,equal_mean_of_two_preceding_1800s_averages,25200,28800,27000.0;28800.0
28800,81.25,u_variance,0.21044785529375076,Center,m^2 s^-2,equal_mean_of_two_preceding_1800s_averages,25200,28800,27000.0;28800.0
28800,93.75,u_variance,0.18610890209674835,Center,m^2 s^-2,equal_mean_of_two_preceding_1800s_averages,25200,28800,27000.0;28800.0
28800,106.25,u_variance,0.15859436988830566,Center,m^2 s^-2,equal_mean_of_two_preceding_1800s_averages,25200,28800,27000.0;28800.0
28800,118.75,u_variance,0.1382746584713459,Center,m^2 s^-2,equal_mean_of_two_preceding_1800s_averages,25200,28800,27000.0;28800.0
28800,131.25,u_variance,0.12356279790401459,Center,m^2 s^-2,equal_mean_of_two_preceding_1800s_averages,25200,28800,27000.0;28800.0
28800,143.75,u_variance,0.10325218737125397,Center,m^2 s^-2,equal_mean_of_two_preceding_1800s_averages,25200,28800,27000.0;28800.0
28800,156.25,u_variance,0.078660871833562851,Center,m^2 s^-2,equal_mean_of_two_preceding_1800s_averages,25200,28800,27000.0;28800.0
28800,168.75,u_variance,0.054154526442289352,Center,m^2 s^-2,equal_mean_of_two_preceding_1800s_averages,25200,28800,27000.0;28800.0
28800,181.25,u_variance,0.032868316397070885,Center,m^2 s^-2,equal_mean_of_two_preceding_1800s_averages,25200,28800,27000.0;28800.0
28800,193.75,u_variance,0.018899256829172373,Center,m^2 s^-2,equal_mean_of_two_preceding_1800s_averages,25200,28800,27000.0;28800.0
28800,206.25,u_variance,0.013912159018218517,Center,m^2 s^-2,equal_mean_of_two_preceding_1800s_averages,25200,28800,27000.0;28800.0
28800,218.75,u_variance,0.014104569563642144,Center,m^2 s^-2,equal_mean_of_two_preceding_1800s_averages,25200,28800,27000.0;28800.0
28800,231.25,u_variance,0.011148523539304733,Center,m^2 s^-2,equal_mean_of_two_preceding_1800s_averages,25200,28800,27000.0;28800.0
28800,243.75,u_variance,0.0064469251083210111,Center,m^2 s^-2,equal_mean_of_two_preceding_1800s_averages,25200,28800,27000.0;28800.0
28800,256.25,u_variance,0.0038512953324243426,Center,m^2 s^-2,equal_mean_of_two_preceding_1800s_averages,25200,28800,27000.0;28800.0
28800,268.75,u_variance,0.0032227226765826344,Center,m^2 s^-2,equal_mean_of_two_preceding_1800s_averages,25200,28800,27000.0;28800.0
28800,281.25,u_variance,0.0031582185765728354,Center,m^2 s^-2,equal_mean_of_two_preceding_1800s_averages,25200,28800,27000.0;28800.0
28800,293.75,u_variance,0.0029429757269099355,Center,m^2 s^-2,equal_mean_of_two_preceding_1800s_averages,25200,28800,27000.0;28800.0
28800,306.25,u_variance,0.0027804442215710878,Center,m^2 s^-2,equal_mean_of_two_preceding_1800s_averages,25200,28800,27000.0;28800.0
28800,318.75,u_variance,0.0024951130617409945,Center,m^2 s^-2,equal_mean_of_two_preceding_1800s_averages,25200,28800,27000.0;28800.0
28800,331.25,u_variance,0.0027788924053311348,Center,m^2 s^-2,equal_mean_of_two_preceding_1800s_averages,25200,28800,27000.0;28800.0
28800,343.75,u_variance,0.0028409856604412198,Center,m^2 s^-2,equal_mean_of_two_preceding_1800s_averages,25200,28800,27000.0;28800.0
28800,356.25,u_variance,0.0018542975885793567,Center,m^2 s^-2,equal_mean_of_two_preceding_1800s_averages,25200,28800,27000.0;28800.0
28800,368.75,u_variance,0.0013220198452472687,Center,m^2 s^-2,equal_mean_of_two_preceding_1800s_averages,25200,28800,27000.0;28800.0
28800,381.25,u_variance,0.0016113597666844726,Center,m^2 s^-2,equal_mean_of_two_preceding_1800s_averages,25200,28800,27000.0;28800.0
28800,393.75,u_variance,0.001922760100569576,Center,m^2 s^-2,equal_mean_of_two_preceding_1800s_averages,25200,28800,27000.0;28800.0
28800,6.25,v_mean,1.7854156494140625,Center,m s^-1,equal_mean_of_two_preceding_1800s_averages,25200,28800,27000.0;28800.0
28800,18.75,v_mean,2.1652927398681641,Center,m s^-1,equal_mean_of_two_preceding_1800s_averages,25200,28800,27000.0;28800.0
28800,31.25,v_mean,2.5395150184631348,Center,m s^-1,equal_mean_of_two_preceding_1800s_averages,25200,28800,27000.0;28800.0
28800,43.75,v_mean,2.770520806312561,Center,m s^-1,equal_mean_of_two_preceding_1800s_averages,25200,28800,27000.0;28800.0
28800,56.25,v_mean,2.9651118516921997,Center,m s^-1,equal_mean_of_two_preceding_1800s_averages,25200,28800,27000.0;28800.0
28800,68.75,v_mean,3.0984861850738525,Center,m s^-1,equal_mean_of_two_preceding_1800s_averages,25200,28800,27000.0;28800.0
28800,81.25,v_mean,3.1574181318283081,Center,m s^-1,equal_mean_of_two_preceding_1800s_averages,25200,28800,27000.0;28800.0
28800,93.75,v_mean,3.1671265363693237,Center,m s^-1,equal_mean_of_two_preceding_1800s_averages,25200,28800,27000.0;28800.0
28800,106.25,v_mean,3.1520226001739502,Center,m s^-1,equal_mean_of_two_preceding_1800s_averages,25200,28800,27000.0;28800.0
28800,118.75,v_mean,3.1132749319076538,Center,m s^-1,equal_mean_of_two_preceding_1800s_averages,25200,28800,27000.0;28800.0
28800,131.25,v_mean,3.0372699499130249,Center,m s^-1,equal_mean_of_two_preceding_1800s_averages,25200,28800,27000.0;28800.0
28800,143.75,v_mean,2.9308453798294067,Center,m s^-1,equal_mean_of_two_preceding_1800s_averages,25200,28800,27000.0;28800.0
28800,156.25,v_mean,2.7234731912612915,Center,m s^-1,equal_mean_of_two_preceding_1800s_averages,25200,28800,27000.0;28800.0
28800,168.75,v_mean,2.4257658720016479,Center,m s^-1,equal_mean_of_two_preceding_1800s_averages,25200,28800,27000.0;28800.0
28800,181.25,v_mean,2.0146631598472595,Center,m s^-1,equal_mean_of_two_preceding_1800s_averages,25200,28800,27000.0;28800.0
28800,193.75,v_mean,1.4556834101676941,Center,m s^-1,equal_mean_of_two_preceding_1800s_averages,25200,28800,27000.0;28800.0
28800,206.25,v_mean,0.82421571016311646,Center,m s^-1,equal_mean_of_two_preceding_1800s_averages,25200,28800,27000.0;28800.0
28800,218.75,v_mean,0.31413151323795319,Center,m s^-1,equal_mean_of_two_preceding_1800s_averages,25200,28800,27000.0;28800.0
28800,231.25,v_mean,0.084408290684223175,Center,m s^-1,equal_mean_of_two_preceding_1800s_averages,25200,28800,27000.0;28800.0
28800,243.75,v_mean,0.023908552713692188,Center,m s^-1,equal_mean_of_two_preceding_1800s_averages,25200,28800,27000.0;28800.0
28800,256.25,v_mean,0.013679331634193659,Center,m s^-1,equal_mean_of_two_preceding_1800s_averages,25200,28800,27000.0;28800.0
28800,268.75,v_mean,0.011839073151350021,Center,m s^-1,equal_mean_of_two_preceding_1800s_averages,25200,28800,27000.0;28800.0
28800,281.25,v_mean,0.011399386450648308,Center,m s^-1,equal_mean_of_two_preceding_1800s_averages,25200,28800,27000.0;28800.0
28800,293.75,v_mean,0.015335149131715298,Center,m s^-1,equal_mean_of_two_preceding_1800s_averages,25200,28800,27000.0;28800.0
28800,306.25,v_mean,0.028720486909151077,Center,m s^-1,equal_mean_of_two_preceding_1800s_averages,25200,28800,27000.0;28800.0
28800,318.75,v_mean,0.048998534679412842,Center,m s^-1,equal_mean_of_two_preceding_1800s_averages,25200,28800,27000.0;28800.0
28800,331.25,v_mean,0.065578414127230644,Center,m s^-1,equal_mean_of_two_preceding_1800s_averages,25200,28800,27000.0;28800.0
28800,343.75,v_mean,0.070198334753513336,Center,m s^-1,equal_mean_of_two_preceding_1800s_averages,25200,28800,27000.0;28800.0
28800,356.25,v_mean,0.062160218134522438,Center,m s^-1,equal_mean_of_two_preceding_1800s_averages,25200,28800,27000.0;28800.0
28800,368.75,v_mean,0.047015750780701637,Center,m s^-1,equal_mean_of_two_preceding_1800s_averages,25200,28800,27000.0;28800.0
28800,381.25,v_mean,0.030280129052698612,Center,m s^-1,equal_mean_of_two_preceding_1800s_averages,25200,28800,27000.0;28800.0
28800,393.75,v_mean,0.01119322469457984,Center,m s^-1,equal_mean_of_two_preceding_1800s_averages,25200,28800,27000.0;28800.0
28800,6.25,v_variance,0.047546515241265297,Center,m^2 s^-2,equal_mean_of_two_preceding_1800s_averages,25200,28800,27000.0;28800.0
28800,18.75,v_variance,0.10395587235689163,Center,m^2 s^-2,equal_mean_of_two_preceding_1800s_averages,25200,28800,27000.0;28800.0
28800,31.25,v_variance,0.15407011657953262,Center,m^2 s^-2,equal_mean_of_two_preceding_1800s_averages,25200,28800,27000.0;28800.0
28800,43.75,v_variance,0.15260893851518631,Center,m^2 s^-2,equal_mean_of_two_preceding_1800s_averages,25200,28800,27000.0;28800.0
28800,56.25,v_variance,0.15098081529140472,Center,m^2 s^-2,equal_mean_of_two_preceding_1800s_averages,25200,28800,27000.0;28800.0
28800,68.75,v_variance,0.13563120365142822,Center,m^2 s^-2,equal_mean_of_two_preceding_1800s_averages,25200,28800,27000.0;28800.0
28800,81.25,v_variance,0.11944324523210526,Center,m^2 s^-2,equal_mean_of_two_preceding_1800s_averages,25200,28800,27000.0;28800.0
28800,93.75,v_variance,0.10622171312570572,Center,m^2 s^-2,equal_mean_of_two_preceding_1800s_averages,25200,28800,27000.0;28800.0
28800,106.25,v_variance,0.088419806212186813,Center,m^2 s^-2,equal_mean_of_two_preceding_1800s_averages,25200,28800,27000.0;28800.0
28800,118.75,v_variance,0.076633566990494728,Center,m^2 s^-2,equal_mean_of_two_preceding_1800s_averages,25200,28800,27000.0;28800.0
28800,131.25,v_variance,0.068970045074820518,Center,m^2 s^-2,equal_mean_of_two_preceding_1800s_averages,25200,28800,27000.0;28800.0
28800,143.75,v_variance,0.065695738419890404,Center,m^2 s^-2,equal_mean_of_two_preceding_1800s_averages,25200,28800,27000.0;28800.0
28800,156.25,v_variance,0.063926270231604576,Center,m^2 s^-2,equal_mean_of_two_preceding_1800s_averages,25200,28800,27000.0;28800.0
28800,168.75,v_variance,0.065053544938564301,Center,m^2 s^-2,equal_mean_of_two_preceding_1800s_averages,25200,28800,27000.0;28800.0
28800,181.25,v_variance,0.081081774085760117,Center,m^2 s^-2,equal_mean_of_two_preceding_1800s_averages,25200,28800,27000.0;28800.0
28800,193.75,v_variance,0.086825156584382057,Center,m^2 s^-2,equal_mean_of_two_preceding_1800s_averages,25200,28800,27000.0;28800.0
28800,206.25,v_variance,0.053875122219324112,Center,m^2 s^-2,equal_mean_of_two_preceding_1800s_averages,25200,28800,27000.0;28800.0
28800,218.75,v_variance,0.015409611165523529,Center,m^2 s^-2,equal_mean_of_two_preceding_1800s_averages,25200,28800,27000.0;28800.0
28800,231.25,v_variance,0.0029694049735553563,Center,m^2 s^-2,equal_mean_of_two_preceding_1800s_averages,25200,28800,27000.0;28800.0
28800,243.75,v_variance,0.0013805456692352891,Center,m^2 s^-2,equal_mean_of_two_preceding_1800s_averages,25200,28800,27000.0;28800.0
28800,256.25,v_variance,0.00099216515081934631,Center,m^2 s^-2,equal_mean_of_two_preceding_1800s_averages,25200,28800,27000.0;28800.0
28800,268.75,v_variance,0.00069431438168976456,Center,m^2 s^-2,equal_mean_of_two_preceding_1800s_averages,25200,28800,27000.0;28800.0
28800,281.25,v_variance,0.0004800615570275113,Center,m^2 s^-2,equal_mean_of_two_preceding_1800s_averages,25200,28800,27000.0;28800.0
28800,293.75,v_variance,0.0003527001099428162,Center,m^2 s^-2,equal_mean_of_two_preceding_1800s_averages,25200,28800,27000.0;28800.0
28800,306.25,v_variance,0.00029445836116792634,Center,m^2 s^-2,equal_mean_of_two_preceding_1800s_averages,25200,28800,27000.0;28800.0
28800,318.75,v_variance,0.00025066855596378446,Center,m^2 s^-2,equal_mean_of_two_preceding_1800s_averages,25200,28800,27000.0;28800.0
28800,331.25,v_variance,0.00021045010362286121,Center,m^2 s^-2,equal_mean_of_two_preceding_1800s_averages,25200,28800,27000.0;28800.0
28800,343.75,v_variance,0.0002067831956082955,Center,m^2 s^-2,equal_mean_of_two_preceding_1800s_averages,25200,28800,27000.0;28800.0
28800,356.25,v_variance,0.00016301045980071649,Center,m^2 s^-2,equal_mean_of_two_preceding_1800s_averages,25200,28800,27000.0;28800.0
28800,368.75,v_variance,0.00012116885773139074,Center,m^2 s^-2,equal_mean_of_two_preceding_1800s_averages,25200,28800,27000.0;28800.0
28800,381.25,v_variance,0.00011374479799997061,Center,m^2 s^-2,equal_mean_of_two_preceding_1800s_averages,25200,28800,27000.0;28800.0
28800,393.75,v_variance,0.00010399085294920951,Center,m^2 s^-2,equal_mean_of_two_preceding_1800s_averages,25200,28800,27000.0;28800.0
28800,6.25,w_center_mean,1.2673532709395197e-10,Center,m s^-1,equal_mean_of_two_preceding_1800s_averages,25200,28800,27000.0;28800.0
28800,18.75,w_center_mean,-7.2954779994915953e-08,Center,m s^-1,equal_mean_of_two_preceding_1800s_averages,25200,28800,27000.0;28800.0
28800,31.25,w_center_mean,-1.4732036390796566e-07,Center,m s^-1,equal_mean_of_two_preceding_1800s_averages,25200,28800,27000.0;28800.0
28800,43.75,w_center_mean,-1.4866721187445364e-07,Center,m s^-1,equal_mean_of_two_preceding_1800s_averages,25200,28800,27000.0;28800.0
28800,56.25,w_center_mean,-1.4952079396834961e-07,Center,m s^-1,equal_mean_of_two_preceding_1800s_averages,25200,28800,27000.0;28800.0
28800,68.75,w_center_mean,-1.5060998492799627e-07,Center,m s^-1,equal_mean_of_two_preceding_1800s_averages,25200,28800,27000.0;28800.0
28800,81.25,w_center_mean,-1.5193325708651173e-07,Center,m s^-1,equal_mean_of_two_preceding_1800s_averages,25200,28800,27000.0;28800.0
28800,93.75,w_center_mean,-1.5348231841016968e-07,Center,m s^-1,equal_mean_of_two_preceding_1800s_averages,25200,28800,27000.0;28800.0
28800,106.25,w_center_mean,-1.5481850823562127e-07,Center,m s^-1,equal_mean_of_two_preceding_1800s_averages,25200,28800,27000.0;28800.0
28800,118.75,w_center_mean,-1.5574573808407877e-07,Center,m s^-1,equal_mean_of_two_preceding_1800s_averages,25200,28800,27000.0;28800.0
28800,131.25,w_center_mean,-1.5755593807398327e-07,Center,m s^-1,equal_mean_of_two_preceding_1800s_averages,25200,28800,27000.0;28800.0
28800,143.75,w_center_mean,-1.6062362107049921e-07,Center,m s^-1,equal_mean_of_two_preceding_1800s_averages,25200,28800,27000.0;28800.0
28800,156.25,w_center_mean,-1.6280726811146451e-07,Center,m s^-1,equal_mean_of_two_preceding_1800s_averages,25200,28800,27000.0;28800.0
28800,168.75,w_center_mean,-2.0270255163268303e-07,Center,m s^-1,equal_mean_of_two_preceding_1800s_averages,25200,28800,27000.0;28800.0
28800,181.25,w_center_mean,-2.4512483776106819e-07,Center,m s^-1,equal_mean_of_two_preceding_1800s_averages,25200,28800,27000.0;28800.0
28800,193.75,w_center_mean,-2.5221491739557678e-07,Center,m s^-1,equal_mean_of_two_preceding_1800s_averages,25200,28800,27000.0;28800.0
28800,206.25,w_center_mean,-2.6056940782837046e-07,Center,m s^-1,equal_mean_of_two_preceding_1800s_averages,25200,28800,27000.0;28800.0
28800,218.75,w_center_mean,-2.7107608957521734e-07,Center,m s^-1,equal_mean_of_two_preceding_1800s_averages,25200,28800,27000.0;28800.0
28800,231.25,w_center_mean,-2.4560416989061196e-07,Center,m s^-1,equal_mean_of_two_preceding_1800s_averages,25200,28800,27000.0;28800.0
28800,243.75,w_center_mean,-2.2125893650581929e-07,Center,m s^-1,equal_mean_of_two_preceding_1800s_averages,25200,28800,27000.0;28800.0
28800,256.25,w_center_mean,-2.3607694288330094e-07,Center,m s^-1,equal_mean_of_two_preceding_1800s_averages,25200,28800,27000.0;28800.0
28800,268.75,w_center_mean,-2.5203777909155178e-07,Center,m s^-1,equal_mean_of_two_preceding_1800s_averages,25200,28800,27000.0;28800.0
28800,281.25,w_center_mean,-2.6986953116647783e-07,Center,m s^-1,equal_mean_of_two_preceding_1800s_averages,25200,28800,27000.0;28800.0
28800,293.75,w_center_mean,-2.4663079045694758e-07,Center,m s^-1,equal_mean_of_two_preceding_1800s_averages,25200,28800,27000.0;28800.0
28800,306.25,w_center_mean,-1.9811992757468033e-07,Center,m s^-1,equal_mean_of_two_preceding_1800s_averages,25200,28800,27000.0;28800.0
28800,318.75,w_center_mean,-1.8659736866766252e-07,Center,m s^-1,equal_mean_of_two_preceding_1800s_averages,25200,28800,27000.0;28800.0
28800,331.25,w_center_mean,-1.9620329538838632e-07,Center,m s^-1,equal_mean_of_two_preceding_1800s_averages,25200,28800,27000.0;28800.0
28800,343.75,w_center_mean,-2.1796140003971232e-07,Center,m s^-1,equal_mean_of_two_preceding_1800s_averages,25200,28800,27000.0;28800.0
28800,356.25,w_center_mean,-2.3292911777161862e-07,Center,m s^-1,equal_mean_of_two_preceding_1800s_averages,25200,28800,27000.0;28800.0
28800,368.75,w_center_mean,-2.3200282583957232e-07,Center,m s^-1,equal_mean_of_two_preceding_1800s_averages,25200,28800,27000.0;28800.0
28800,381.25,w_center_mean,-2.3044314190201476e-07,Center,m s^-1,equal_mean_of_two_preceding_1800s_averages,25200,28800,27000.0;28800.0
28800,393.75,w_center_mean,-1.1413601797016781e-07,Center,m s^-1,equal_mean_of_two_preceding_1800s_averages,25200,28800,27000.0;28800.0
28800,6.25,w_center_third_central_moment,-2.1724071302742232e-05,Center,m^3 s^-3,equal_mean_of_two_preceding_1800s_averages,25200,28800,27000.0;28800.0
28800,18.75,w_center_third_central_moment,-0.00031955441227182746,Center,m^3 s^-3,equal_mean_of_two_preceding_1800s_averages,25200,28800,27000.0;28800.0
28800,31.25,w_center_third_central_moment,-0.00028833899705205113,Center,m^3 s^-3,equal_mean_of_two_preceding_1800s_averages,25200,28800,27000.0;28800.0
28800,43.75,w_center_third_central_moment,0.00020691875033662654,Center,m^3 s^-3,equal_mean_of_two_preceding_1800s_averages,25200,28800,27000.0;28800.0
28800,56.25,w_center_third_central_moment,0.0010998999350704253,Center,m^3 s^-3,equal_mean_of_two_preceding_1800s_averages,25200,28800,27000.0;28800.0
28800,68.75,w_center_third_central_moment,0.0017646775231696665,Center,m^3 s^-3,equal_mean_of_two_preceding_1800s_averages,25200,28800,27000.0;28800.0
28800,81.25,w_center_third_central_moment,0.0016697180108167231,Center,m^3 s^-3,equal_mean_of_two_preceding_1800s_averages,25200,28800,27000.0;28800.0
28800,93.75,w_center_third_central_moment,0.0012717598874587566,Center,m^3 s^-3,equal_mean_of_two_preceding_1800s_averages,25200,28800,27000.0;28800.0
28800,106.25,w_center_third_central_moment,0.0010554798500379547,Center,m^3 s^-3,equal_mean_of_two_preceding_1800s_averages,25200,28800,27000.0;28800.0
28800,118.75,w_center_third_central_moment,0.0012186731037218124,Center,m^3 s^-3,equal_mean_of_two_preceding_1800s_averages,25200,28800,27000.0;28800.0
28800,131.25,w_center_third_central_moment,0.0012659064086619765,Center,m^3 s^-3,equal_mean_of_two_preceding_1800s_averages,25200,28800,27000.0;28800.0
28800,143.75,w_center_third_central_moment,0.00074325199193481239,Center,m^3 s^-3,equal_mean_of_two_preceding_1800s_averages,25200,28800,27000.0;28800.0
28800,156.25,w_center_third_central_moment,0.00029690538212889805,Center,m^3 s^-3,equal_mean_of_two_preceding_1800s_averages,25200,28800,27000.0;28800.0
28800,168.75,w_center_third_central_moment,0.00015280607476597652,Center,m^3 s^-3,equal_mean_of_two_preceding_1800s_averages,25200,28800,27000.0;28800.0
28800,181.25,w_center_third_central_moment,7.5083463798364392e-05,Center,m^3 s^-3,equal_mean_of_two_preceding_1800s_averages,25200,28800,27000.0;28800.0
28800,193.75,w_center_third_central_moment,9.8321020232106093e-06,Center,m^3 s^-3,equal_mean_of_two_preceding_1800s_averages,25200,28800,27000.0;28800.0
28800,206.25,w_center_third_central_moment,-1.2110412740184984e-05,Center,m^3 s^-3,equal_mean_of_two_preceding_1800s_averages,25200,28800,27000.0;28800.0
28800,218.75,w_center_third_central_moment,-3.651338352028688e-05,Center,m^3 s^-3,equal_mean_of_two_preceding_1800s_averages,25200,28800,27000.0;28800.0
28800,231.25,w_center_third_central_moment,-4.93998732054024e-05,Center,m^3 s^-3,equal_mean_of_two_preceding_1800s_averages,25200,28800,27000.0;28800.0
28800,243.75,w_center_third_central_moment,-3.0104582947387826e-05,Center,m^3 s^-3,equal_mean_of_two_preceding_1800s_averages,25200,28800,27000.0;28800.0
28800,256.25,w_center_third_central_moment,-9.1586398411891423e-06,Center,m^3 s^-3,equal_mean_of_two_preceding_1800s_averages,25200,28800,27000.0;28800.0
28800,268.75,w_center_third_central_moment,-2.2344220269587822e-06,Center,m^3 s^-3,equal_mean_of_two_preceding_1800s_averages,25200,28800,27000.0;28800.0
28800,281.25,w_center_third_central_moment,-7.3382511800446082e-06,Center,m^3 s^-3,equal_mean_of_two_preceding_1800s_averages,25200,28800,27000.0;28800.0
28800,293.75,w_center_third_central_moment,-1.3012699128012173e-05,Center,m^3 s^-3,equal_mean_of_two_preceding_1800s_averages,25200,28800,27000.0;28800.0
28800,306.25,w_center_third_central_moment,-1.3269206192489946e-05,Center,m^3 s^-3,equal_mean_of_two_preceding_1800s_averages,25200,28800,27000.0;28800.0
28800,318.75,w_center_third_central_moment,-1.0068200481327949e-05,Center,m^3 s^-3,equal_mean_of_two_preceding_1800s_averages,25200,28800,27000.0;28800.0
28800,331.25,w_center_third_central_moment,-6.0503571148728952e-06,Center,m^3 s^-3,equal_mean_of_two_preceding_1800s_averages,25200,28800,27000.0;28800.0
28800,343.75,w_center_third_central_moment,-2.86255269799085e-06,Center,m^3 s^-3,equal_mean_of_two_preceding_1800s_averages,25200,28800,27000.0;28800.0
28800,356.25,w_center_third_central_moment,-2.8989825295866467e-07,Center,m^3 s^-3,equal_mean_of_two_preceding_1800s_averages,25200,28800,27000.0;28800.0
28800,368.75,w_center_third_central_moment,9.1359294174253591e-07,Center,m^3 s^-3,equal_mean_of_two_preceding_1800s_averages,25200,28800,27000.0;28800.0
28800,381.25,w_center_third_central_moment,4.4494093387470457e-07,Center,m^3 s^-3,equal_mean_of_two_preceding_1800s_averages,25200,28800,27000.0;28800.0
28800,393.75,w_center_third_central_moment,2.2388782827675868e-08,Center,m^3 s^-3,equal_mean_of_two_preceding_1800s_averages,25200,28800,27000.0;28800.0
28800,6.25,w_center_variance,0.0023772501153871417,Center,m^2 s^-2,equal_mean_of_two_preceding_1800s_averages,25200,28800,27000.0;28800.0
28800,18.75,w_center_variance,0.018463782966136932,Center,m^2 s^-2,equal_mean_of_two_preceding_1800s_averages,25200,28800,27000.0;28800.0
28800,31.25,w_center_variance,0.036030882969498634,Center,m^2 s^-2,equal_mean_of_two_preceding_1800s_averages,25200,28800,27000.0;28800.0
28800,43.75,w_center_variance,0.046275537461042404,Center,m^2 s^-2,equal_mean_of_two_preceding_1800s_averages,25200,28800,27000.0;28800.0
28800,56.25,w_center_variance,0.050221072509884834,Center,m^2 s^-2,equal_mean_of_two_preceding_1800s_averages,25200,28800,27000.0;28800.0
28800,68.75,w_center_variance,0.050217945128679276,Center,m^2 s^-2,equal_mean_of_two_preceding_1800s_averages,25200,28800,27000.0;28800.0
28800,81.25,w_center_variance,0.048308730125427246,Center,m^2 s^-2,equal_mean_of_two_preceding_1800s_averages,25200,28800,27000.0;28800.0
28800,93.75,w_center_variance,0.044304352253675461,Center,m^2 s^-2,equal_mean_of_two_preceding_1800s_averages,25200,28800,27000.0;28800.0
28800,106.25,w_center_variance,0.040518044494092464,Center,m^2 s^-2,equal_mean_of_two_preceding_1800s_averages,25200,28800,27000.0;28800.0
28800,118.75,w_center_variance,0.03682904876768589,Center,m^2 s^-2,equal_mean_of_two_preceding_1800s_averages,25200,28800,27000.0;28800.0
28800,131.25,w_center_variance,0.032213396392762661,Center,m^2 s^-2,equal_mean_of_two_preceding_1800s_averages,25200,28800,27000.0;28800.0
28800,143.75,w_center_variance,0.028539786115288734,Center,m^2 s^-2,equal_mean_of_two_preceding_1800s_averages,25200,28800,27000.0;28800.0
28800,156.25,w_center_variance,0.025592547375708818,Center,m^2 s^-2,equal_mean_of_two_preceding_1800s_averages,25200,28800,27000.0;28800.0
28800,168.75,w_center_variance,0.022557815536856651,Center,m^2 s^-2,equal_mean_of_two_preceding_1800s_averages,25200,28800,27000.0;28800.0
28800,181.25,w_center_variance,0.02053737360984087,Center,m^2 s^-2,equal_mean_of_two_preceding_1800s_averages,25200,28800,27000.0;28800.0
28800,193.75,w_center_variance,0.019625242101028562,Center,m^2 s^-2,equal_mean_of_two_preceding_1800s_averages,25200,28800,27000.0;28800.0
28800,206.25,w_center_variance,0.018552636727690697,Center,m^2 s^-2,equal_mean_of_two_preceding_1800s_averages,25200,28800,27000.0;28800.0
28800,218.75,w_center_variance,0.015882851323112845,Center,m^2 s^-2,equal_mean_of_two_preceding_1800s_averages,25200,28800,27000.0;28800.0
28800,231.25,w_center_variance,0.011835524579510093,Center,m^2 s^-2,equal_mean_of_two_preceding_1800s_averages,25200,28800,27000.0;28800.0
28800,243.75,w_center_variance,0.0083687376463785768,Center,m^2 s^-2,equal_mean_of_two_preceding_1800s_averages,25200,28800,27000.0;28800.0
28800,256.25,w_center_variance,0.0061310868477448821,Center,m^2 s^-2,equal_mean_of_two_preceding_1800s_averages,25200,28800,27000.0;28800.0
28800,268.75,w_center_variance,0.0046774729853495955,Center,m^2 s^-2,equal_mean_of_two_preceding_1800s_averages,25200,28800,27000.0;28800.0
28800,281.25,w_center_variance,0.0036998839350417256,Center,m^2 s^-2,equal_mean_of_two_preceding_1800s_averages,25200,28800,27000.0;28800.0
28800,293.75,w_center_variance,0.0030342397512868047,Center,m^2 s^-2,equal_mean_of_two_preceding_1800s_averages,25200,28800,27000.0;28800.0
28800,306.25,w_center_variance,0.0025175259215757251,Center,m^2 s^-2,equal_mean_of_two_preceding_1800s_averages,25200,28800,27000.0;28800.0
28800,318.75,w_center_variance,0.0020468633156269789,Center,m^2 s^-2,equal_mean_of_two_preceding_1800s_averages,25200,28800,27000.0;28800.0
28800,331.25,w_center_variance,0.0015991584514267743,Center,m^2 s^-2,equal_mean_of_two_preceding_1800s_averages,25200,28800,27000.0;28800.0
28800,343.75,w_center_variance,0.001218743302160874,Center,m^2 s^-2,equal_mean_of_two_preceding_1800s_averages,25200,28800,27000.0;28800.0
28800,356.25,w_center_variance,0.00090617977548390627,Center,m^2 s^-2,equal_mean_of_two_preceding_1800s_averages,25200,28800,27000.0;28800.0
28800,368.75,w_center_variance,0.00057422976533416659,Center,m^2 s^-2,equal_mean_of_two_preceding_1800s_averages,25200,28800,27000.0;28800.0
28800,381.25,w_center_variance,0.00023854879691498354,Center,m^2 s^-2,equal_mean_of_two_preceding_1800s_averages,25200,28800,27000.0;28800.0
28800,393.75,w_center_variance,2.8280457627261057e-05,Center,m^2 s^-2,equal_mean_of_two_preceding_1800s_averages,25200,28800,27000.0;28800.0
28800,0,w_mean,0,Face,m s^-1,equal_mean_of_two_preceding_1800s_averages,25200,28800,27000.0;28800.0
28800,12.5,w_mean,2.5347065418790393e-10,Face,m s^-1,equal_mean_of_two_preceding_1800s_averages,25200,28800,27000.0;28800.0
28800,25,w_mean,-1.4619558186268478e-07,Face,m s^-1,equal_mean_of_two_preceding_1800s_averages,25200,28800,27000.0;28800.0
28800,37.5,w_mean,-1.4845252138684373e-07,Face,m s^-1,equal_mean_of_two_preceding_1800s_averages,25200,28800,27000.0;28800.0
28800,50,w_mean,-1.4888598798279418e-07,Face,m s^-1,equal_mean_of_two_preceding_1800s_averages,25200,28800,27000.0;28800.0
28800,62.5,w_mean,-1.5007837816938263e-07,Face,m s^-1,equal_mean_of_two_preceding_1800s_averages,25200,28800,27000.0;28800.0
28800,75,w_mean,-1.5112175333342748e-07,Face,m s^-1,equal_mean_of_two_preceding_1800s_averages,25200,28800,27000.0;28800.0
28800,87.5,w_mean,-1.5273938203108628e-07,Face,m s^-1,equal_mean_of_two_preceding_1800s_averages,25200,28800,27000.0;28800.0
28800,100,w_mean,-1.5419966103991101e-07,Face,m s^-1,equal_mean_of_two_preceding_1800s_averages,25200,28800,27000.0;28800.0
28800,112.5,w_mean,-1.5544080866902732e-07,Face,m s^-1,equal_mean_of_two_preceding_1800s_averages,25200,28800,27000.0;28800.0
28800,125,w_mean,-1.5607975001330487e-07,Face,m s^-1,equal_mean_of_two_preceding_1800s_averages,25200,28800,27000.0;28800.0
28800,137.5,w_mean,-1.5901285621566785e-07,Face,m s^-1,equal_mean_of_two_preceding_1800s_averages,25200,28800,27000.0;28800.0
28800,150,w_mean,-1.6222778498331536e-07,Face,m s^-1,equal_mean_of_two_preceding_1800s_averages,25200,28800,27000.0;28800.0
28800,162.5,w_mean,-1.6342215047870923e-07,Face,m s^-1,equal_mean_of_two_preceding_1800s_averages,25200,28800,27000.0;28800.0
28800,175,w_mean,-2.4197990455832041e-07,Face,m s^-1,equal_mean_of_two_preceding_1800s_averages,25200,28800,27000.0;28800.0
28800,187.5,w_mean,-2.4828629818784975e-07,Face,m s^-1,equal_mean_of_two_preceding_1800s_averages,25200,28800,27000.0;28800.0
28800,200,w_mean,-2.5616861876187613e-07,Face,m s^-1,equal_mean_of_two_preceding_1800s_averages,25200,28800,27000.0;28800.0
28800,212.5,w_mean,-2.6496492466776544e-07,Face,m s^-1,equal_mean_of_two_preceding_1800s_averages,25200,28800,27000.0;28800.0
28800,225,w_mean,-2.7720273010345409e-07,Face,m s^-1,equal_mean_of_two_preceding_1800s_averages,25200,28800,27000.0;28800.0
28800,237.5,w_mean,-2.1396011362639911e-07,Face,m s^-1,equal_mean_of_two_preceding_1800s_averages,25200,28800,27000.0;28800.0
28800,250,w_mean,-2.2853649284115818e-07,Face,m s^-1,equal_mean_of_two_preceding_1800s_averages,25200,28800,27000.0;28800.0
28800,262.5,w_mean,-2.4359617611935391e-07,Face,m s^-1,equal_mean_of_two_preceding_1800s_averages,25200,28800,27000.0;28800.0
28800,275,w_mean,-2.6048853385418624e-07,Face,m s^-1,equal_mean_of_two_preceding_1800s_averages,25200,28800,27000.0;28800.0
28800,287.5,w_mean,-2.7925004530970909e-07,Face,m s^-1,equal_mean_of_two_preceding_1800s_averages,25200,28800,27000.0;28800.0
28800,300,w_mean,-2.1400690997097627e-07,Face,m s^-1,equal_mean_of_two_preceding_1800s_averages,25200,28800,27000.0;28800.0
28800,312.5,w_mean,-1.8223836661945825e-07,Face,m s^-1,equal_mean_of_two_preceding_1800s_averages,25200,28800,27000.0;28800.0
28800,325,w_mean,-1.9096354009207062e-07,Face,m s^-1,equal_mean_of_two_preceding_1800s_averages,25200,28800,27000.0;28800.0
28800,337.5,w_mean,-2.0144944556932387e-07,Face,m s^-1,equal_mean_of_two_preceding_1800s_averages,25200,28800,27000.0;28800.0
28800,350,w_mean,-2.3447734065484838e-07,Face,m s^-1,equal_mean_of_two_preceding_1800s_averages,25200,28800,27000.0;28800.0
28800,362.5,w_mean,-2.3138702687219848e-07,Face,m s^-1,equal_mean_of_two_preceding_1800s_averages,25200,28800,27000.0;28800.0
28800,375,w_mean,-2.3261706871835486e-07,Face,m s^-1,equal_mean_of_two_preceding_1800s_averages,25200,28800,27000.0;28800.0
28800,387.5,w_mean,-2.2827203594033563e-07,Face,m s^-1,equal_mean_of_two_preceding_1800s_averages,25200,28800,27000.0;28800.0
28800,400,w_mean,0,Face,m s^-1,equal_mean_of_two_preceding_1800s_averages,25200,28800,27000.0;28800.0
28800,0,w_skewness_instantaneous_ratio,0,Face,1,equal_mean_of_two_preceding_1800s_averages,25200,28800,27000.0;28800.0
28800,12.5,w_skewness_instantaneous_ratio,-0.18391269445419312,Face,1,equal_mean_of_two_preceding_1800s_averages,25200,28800,27000.0;28800.0
28800,25,w_skewness_instantaneous_ratio,0.0059789363294839859,Face,1,equal_mean_of_two_preceding_1800s_averages,25200,28800,27000.0;28800.0
28800,37.5,w_skewness_instantaneous_ratio,0.0022336666006594896,Face,1,equal_mean_of_two_preceding_1800s_averages,25200,28800,27000.0;28800.0
28800,50,w_skewness_instantaneous_ratio,0.068569652736186981,Face,1,equal_mean_of_two_preceding_1800s_averages,25200,28800,27000.0;28800.0
28800,62.5,w_skewness_instantaneous_ratio,0.13560179620981216,Face,1,equal_mean_of_two_preceding_1800s_averages,25200,28800,27000.0;28800.0
28800,75,w_skewness_instantaneous_ratio,0.17273489385843277,Face,1,equal_mean_of_two_preceding_1800s_averages,25200,28800,27000.0;28800.0
28800,87.5,w_skewness_instantaneous_ratio,0.13032296299934387,Face,1,equal_mean_of_two_preceding_1800s_averages,25200,28800,27000.0;28800.0
28800,100,w_skewness_instantaneous_ratio,0.098523087799549103,Face,1,equal_mean_of_two_preceding_1800s_averages,25200,28800,27000.0;28800.0
28800,112.5,w_skewness_instantaneous_ratio,0.11321542784571648,Face,1,equal_mean_of_two_preceding_1800s_averages,25200,28800,27000.0;28800.0
28800,125,w_skewness_instantaneous_ratio,0.16577001661062241,Face,1,equal_mean_of_two_preceding_1800s_averages,25200,28800,27000.0;28800.0
28800,137.5,w_skewness_instantaneous_ratio,0.18293347954750061,Face,1,equal_mean_of_two_preceding_1800s_averages,25200,28800,27000.0;28800.0
28800,150,w_skewness_instantaneous_ratio,0.058293865993618965,Face,1,equal_mean_of_two_preceding_1800s_averages,25200,28800,27000.0;28800.0
28800,162.5,w_skewness_instantaneous_ratio,-0.00018503889441490173,Face,1,equal_mean_of_two_preceding_1800s_averages,25200,28800,27000.0;28800.0
28800,175,w_skewness_instantaneous_ratio,0.029123867861926556,Face,1,equal_mean_of_two_preceding_1800s_averages,25200,28800,27000.0;28800.0
28800,187.5,w_skewness_instantaneous_ratio,0.032756487838923931,Face,1,equal_mean_of_two_preceding_1800s_averages,25200,28800,27000.0;28800.0
28800,200,w_skewness_instantaneous_ratio,0.015707811224274337,Face,1,equal_mean_of_two_preceding_1800s_averages,25200,28800,27000.0;28800.0
28800,212.5,w_skewness_instantaneous_ratio,-0.017599745420739055,Face,1,equal_mean_of_two_preceding_1800s_averages,25200,28800,27000.0;28800.0
28800,225,w_skewness_instantaneous_ratio,-0.011671068146824837,Face,1,equal_mean_of_two_preceding_1800s_averages,25200,28800,27000.0;28800.0
28800,237.5,w_skewness_instantaneous_ratio,0.012153711169958115,Face,1,equal_mean_of_two_preceding_1800s_averages,25200,28800,27000.0;28800.0
28800,250,w_skewness_instantaneous_ratio,0.01229708269238472,Face,1,equal_mean_of_two_preceding_1800s_averages,25200,28800,27000.0;28800.0
28800,262.5,w_skewness_instantaneous_ratio,0.015504641458392143,Face,1,equal_mean_of_two_preceding_1800s_averages,25200,28800,27000.0;28800.0
28800,275,w_skewness_instantaneous_ratio,-0.002035810612142086,Face,1,equal_mean_of_two_preceding_1800s_averages,25200,28800,27000.0;28800.0
28800,287.5,w_skewness_instantaneous_ratio,-0.030224205926060677,Face,1,equal_mean_of_two_preceding_1800s_averages,25200,28800,27000.0;28800.0
28800,300,w_skewness_instantaneous_ratio,-0.032778466120362282,Face,1,equal_mean_of_two_preceding_1800s_averages,25200,28800,27000.0;28800.0
28800,312.5,w_skewness_instantaneous_ratio,-0.057346014305949211,Face,1,equal_mean_of_two_preceding_1800s_averages,25200,28800,27000.0;28800.0
28800,325,w_skewness_instantaneous_ratio,-0.068988680839538574,Face,1,equal_mean_of_two_preceding_1800s_averages,25200,28800,27000.0;28800.0
28800,337.5,w_skewness_instantaneous_ratio,-0.037916973698884249,Face,1,equal_mean_of_two_preceding_1800s_averages,25200,28800,27000.0;28800.0
28800,350,w_skewness_instantaneous_ratio,-0.0068257034290581942,Face,1,equal_mean_of_two_preceding_1800s_averages,25200,28800,27000.0;28800.0
28800,362.5,w_skewness_instantaneous_ratio,0.051893303170800209,Face,1,equal_mean_of_two_preceding_1800s_averages,25200,28800,27000.0;28800.0
28800,375,w_skewness_instantaneous_ratio,0.10851441323757172,Face,1,equal_mean_of_two_preceding_1800s_averages,25200,28800,27000.0;28800.0
28800,387.5,w_skewness_instantaneous_ratio,0.12992052733898163,Face,1,equal_mean_of_two_preceding_1800s_averages,25200,28800,27000.0;28800.0
28800,400,w_skewness_instantaneous_ratio,0,Face,1,equal_mean_of_two_preceding_1800s_averages,25200,28800,27000.0;28800.0
28800,0,w_third_central_moment,0,Face,m^3 s^-3,equal_mean_of_two_preceding_1800s_averages,25200,28800,27000.0;28800.0
28800,12.5,w_third_central_moment,-0.00017379257042193785,Face,m^3 s^-3,equal_mean_of_two_preceding_1800s_averages,25200,28800,27000.0;28800.0
28800,25,w_third_central_moment,-0.00010138211200683145,Face,m^3 s^-3,equal_mean_of_two_preceding_1800s_averages,25200,28800,27000.0;28800.0
28800,37.5,w_third_central_moment,-0.00011956879097851925,Face,m^3 s^-3,equal_mean_of_two_preceding_1800s_averages,25200,28800,27000.0;28800.0
28800,50,w_third_central_moment,0.00081298426084686071,Face,m^3 s^-3,equal_mean_of_two_preceding_1800s_averages,25200,28800,27000.0;28800.0
28800,62.5,w_third_central_moment,0.0016802653553895652,Face,m^3 s^-3,equal_mean_of_two_preceding_1800s_averages,25200,28800,27000.0;28800.0
28800,75,w_third_central_moment,0.0021549084922298789,Face,m^3 s^-3,equal_mean_of_two_preceding_1800s_averages,25200,28800,27000.0;28800.0
28800,87.5,w_third_central_moment,0.0015265715774148703,Face,m^3 s^-3,equal_mean_of_two_preceding_1800s_averages,25200,28800,27000.0;28800.0
28800,100,w_third_central_moment,0.0011832573363790289,Face,m^3 s^-3,equal_mean_of_two_preceding_1800s_averages,25200,28800,27000.0;28800.0
28800,112.5,w_third_central_moment,0.0011660434975055978,Face,m^3 s^-3,equal_mean_of_two_preceding_1800s_averages,25200,28800,27000.0;28800.0
28800,125,w_third_central_moment,0.0014518267998937517,Face,m^3 s^-3,equal_mean_of_two_preceding_1800s_averages,25200,28800,27000.0;28800.0
28800,137.5,w_third_central_moment,0.0012111524265492335,Face,m^3 s^-3,equal_mean_of_two_preceding_1800s_averages,25200,28800,27000.0;28800.0
28800,150,w_third_central_moment,0.00052834878442808986,Face,m^3 s^-3,equal_mean_of_two_preceding_1800s_averages,25200,28800,27000.0;28800.0
28800,162.5,w_third_central_moment,0.00024545268388465047,Face,m^3 s^-3,equal_mean_of_two_preceding_1800s_averages,25200,28800,27000.0;28800.0
28800,175,w_third_central_moment,0.00013236982522357721,Face,m^3 s^-3,equal_mean_of_two_preceding_1800s_averages,25200,28800,27000.0;28800.0
28800,187.5,w_third_central_moment,6.2310104112839326e-05,Face,m^3 s^-3,equal_mean_of_two_preceding_1800s_averages,25200,28800,27000.0;28800.0
28800,200,w_third_central_moment,-1.0204419368164963e-05,Face,m^3 s^-3,equal_mean_of_two_preceding_1800s_averages,25200,28800,27000.0;28800.0
28800,212.5,w_third_central_moment,-3.2892121453187428e-05,Face,m^3 s^-3,equal_mean_of_two_preceding_1800s_averages,25200,28800,27000.0;28800.0
28800,225,w_third_central_moment,-6.6433029587642523e-05,Face,m^3 s^-3,equal_mean_of_two_preceding_1800s_averages,25200,28800,27000.0;28800.0
28800,237.5,w_third_central_moment,-5.1159370741515886e-05,Face,m^3 s^-3,equal_mean_of_two_preceding_1800s_averages,25200,28800,27000.0;28800.0
28800,250,w_third_central_moment,-2.1293220015650149e-05,Face,m^3 s^-3,equal_mean_of_two_preceding_1800s_averages,25200,28800,27000.0;28800.0
28800,262.5,w_third_central_moment,-2.9382754291873425e-06,Face,m^3 s^-3,equal_mean_of_two_preceding_1800s_averages,25200,28800,27000.0;28800.0
28800,275,w_third_central_moment,-3.8330354072968476e-06,Face,m^3 s^-3,equal_mean_of_two_preceding_1800s_averages,25200,28800,27000.0;28800.0
28800,287.5,w_third_central_moment,-1.1799857020378113e-05,Face,m^3 s^-3,equal_mean_of_two_preceding_1800s_averages,25200,28800,27000.0;28800.0
28800,300,w_third_central_moment,-1.5292011539713712e-05,Face,m^3 s^-3,equal_mean_of_two_preceding_1800s_averages,25200,28800,27000.0;28800.0
28800,312.5,w_third_central_moment,-1.3222505003795959e-05,Face,m^3 s^-3,equal_mean_of_two_preceding_1800s_averages,25200,28800,27000.0;28800.0
28800,325,w_third_central_moment,-8.9041736828221474e-06,Face,m^3 s^-3,equal_mean_of_two_preceding_1800s_averages,25200,28800,27000.0;28800.0
28800,337.5,w_third_central_moment,-4.7699003289380926e-06,Face,m^3 s^-3,equal_mean_of_two_preceding_1800s_averages,25200,28800,27000.0;28800.0
28800,350,w_third_central_moment,-1.7544249999446038e-06,Face,m^3 s^-3,equal_mean_of_two_preceding_1800s_averages,25200,28800,27000.0;28800.0
28800,362.5,w_third_central_moment,7.2133144612962496e-07,Face,m^3 s^-3,equal_mean_of_two_preceding_1800s_averages,25200,28800,27000.0;28800.0
28800,375,w_third_central_moment,8.894701188921772e-07,Face,m^3 s^-3,equal_mean_of_two_preceding_1800s_averages,25200,28800,27000.0;28800.0
28800,387.5,w_third_central_moment,1.7911026262140695e-07,Face,m^3 s^-3,equal_mean_of_two_preceding_1800s_averages,25200,28800,27000.0;28800.0
28800,400,w_third_central_moment,0,Face,m^3 s^-3,equal_mean_of_two_preceding_1800s_averages,25200,28800,27000.0;28800.0
28800,0,w_variance,0,Face,m^2 s^-2,equal_mean_of_two_preceding_1800s_averages,25200,28800,27000.0;28800.0
28800,12.5,w_variance,0.0095090004615485668,Face,m^2 s^-2,equal_mean_of_two_preceding_1800s_averages,25200,28800,27000.0;28800.0
28800,25,w_variance,0.034989114850759506,Face,m^2 s^-2,equal_mean_of_two_preceding_1800s_averages,25200,28800,27000.0;28800.0
28800,37.5,w_variance,0.049936139956116676,Face,m^2 s^-2,equal_mean_of_two_preceding_1800s_averages,25200,28800,27000.0;28800.0
28800,50,w_variance,0.05695560947060585,Face,m^2 s^-2,equal_mean_of_two_preceding_1800s_averages,25200,28800,27000.0;28800.0
28800,62.5,w_variance,0.057999460026621819,Face,m^2 s^-2,equal_mean_of_two_preceding_1800s_averages,25200,28800,27000.0;28800.0
28800,75,w_variance,0.05561528354883194,Face,m^2 s^-2,equal_mean_of_two_preceding_1800s_averages,25200,28800,27000.0;28800.0
28800,87.5,w_variance,0.051827600225806236,Face,m^2 s^-2,equal_mean_of_two_preceding_1800s_averages,25200,28800,27000.0;28800.0
28800,100,w_variance,0.046446315944194794,Face,m^2 s^-2,equal_mean_of_two_preceding_1800s_averages,25200,28800,27000.0;28800.0
28800,112.5,w_variance,0.042848913930356503,Face,m^2 s^-2,equal_mean_of_two_preceding_1800s_averages,25200,28800,27000.0;28800.0
28800,125,w_variance,0.037999222986400127,Face,m^2 s^-2,equal_mean_of_two_preceding_1800s_averages,25200,28800,27000.0;28800.0
28800,137.5,w_variance,0.033087377436459064,Face,m^2 s^-2,equal_mean_of_two_preceding_1800s_averages,25200,28800,27000.0;28800.0
28800,150,w_variance,0.029563430696725845,Face,m^2 s^-2,equal_mean_of_two_preceding_1800s_averages,25200,28800,27000.0;28800.0
28800,162.5,w_variance,0.026123709511011839,Face,m^2 s^-2,equal_mean_of_two_preceding_1800s_averages,25200,28800,27000.0;28800.0
28800,175,w_variance,0.022627847734838724,Face,m^2 s^-2,equal_mean_of_two_preceding_1800s_averages,25200,28800,27000.0;28800.0
28800,187.5,w_variance,0.021126470062881708,Face,m^2 s^-2,equal_mean_of_two_preceding_1800s_averages,25200,28800,27000.0;28800.0
28800,200,w_variance,0.020063637522980571,Face,m^2 s^-2,equal_mean_of_two_preceding_1800s_averages,25200,28800,27000.0;28800.0
28800,212.5,w_variance,0.018164763692766428,Face,m^2 s^-2,equal_mean_of_two_preceding_1800s_averages,25200,28800,27000.0;28800.0
28800,225,w_variance,0.014200446428731084,Face,m^2 s^-2,equal_mean_of_two_preceding_1800s_averages,25200,28800,27000.0;28800.0
28800,237.5,w_variance,0.0099474948365241289,Face,m^2 s^-2,equal_mean_of_two_preceding_1800s_averages,25200,28800,27000.0;28800.0
28800,250,w_variance,0.007114329026080668,Face,m^2 s^-2,equal_mean_of_two_preceding_1800s_averages,25200,28800,27000.0;28800.0
28800,262.5,w_variance,0.0053430850384756923,Face,m^2 s^-2,equal_mean_of_two_preceding_1800s_averages,25200,28800,27000.0;28800.0
28800,275,w_variance,0.004157659481279552,Face,m^2 s^-2,equal_mean_of_two_preceding_1800s_averages,25200,28800,27000.0;28800.0
28800,287.5,w_variance,0.0033719548373483121,Face,m^2 s^-2,equal_mean_of_two_preceding_1800s_averages,25200,28800,27000.0;28800.0
28800,300,w_variance,0.00281645602080971,Face,m^2 s^-2,equal_mean_of_two_preceding_1800s_averages,25200,28800,27000.0;28800.0
28800,312.5,w_variance,0.0023331987904384732,Face,m^2 s^-2,equal_mean_of_two_preceding_1800s_averages,25200,28800,27000.0;28800.0
28800,325,w_variance,0.0018642566283233464,Face,m^2 s^-2,equal_mean_of_two_preceding_1800s_averages,25200,28800,27000.0;28800.0
28800,337.5,w_variance,0.001433903758879751,Face,m^2 s^-2,equal_mean_of_two_preceding_1800s_averages,25200,28800,27000.0;28800.0
28800,350,w_variance,0.0010942221560981125,Face,m^2 s^-2,equal_mean_of_two_preceding_1800s_averages,25200,28800,27000.0;28800.0
28800,362.5,w_variance,0.00077731732744723558,Face,m^2 s^-2,equal_mean_of_two_preceding_1800s_averages,25200,28800,27000.0;28800.0
28800,375,w_variance,0.00041244480235036463,Face,m^2 s^-2,equal_mean_of_two_preceding_1800s_averages,25200,28800,27000.0;28800.0
28800,387.5,w_variance,0.00011312183050904423,Face,m^2 s^-2,equal_mean_of_two_preceding_1800s_averages,25200,28800,27000.0;28800.0
28800,400,w_variance,0,Face,m^2 s^-2,equal_mean_of_two_preceding_1800s_averages,25200,28800,27000.0;28800.0
